n,s,p,w,original_addends,addends,accumulation_layers,tree_layers,windowing_model,objective,point_addition,available,missing_layers,predicted_toffoli_depth,predicted_width,predicted_tdw,toffoli,cnot,width,toffoli_depth,nct_depth_barrier,dw,tdw,forward_retained_qubits,qrom_model,depth_model,width_model
163,2,1,1,328,164,163,0,lane_first,tdw,balanced,False,tail:1,8484,145603,1235295852,,,,,,,,,,,
163,2,2,2,328,164,81,1,lane_first,tdw,balanced,False,tail:2,4908,150967,740946036,,,,,,,,,,,
163,2,3,3,328,165,54,2,lane_first,tdw,balanced,False,tail:3,3760,156983,590256080,,,,,,,,,,,
163,2,4,4,328,164,40,2,lane_first,tdw,balanced,False,tail:4,2816,161532,454874112,,,,,,,,,,,
163,2,5,5,328,165,32,3,lane_first,tdw,balanced,False,tail:5,2568,167548,430263264,,,,,,,,,,,
163,2,6,6,328,166,27,3,lane_first,tdw,balanced,False,tail:4;tail:6,2176,170467,370936192,,,,,,,,,,,
163,2,7,7,328,167,23,3,lane_first,tdw,balanced,False,tail:6;tail:7,1888,174853,330122464,,,,,,,,,,,
163,2,8,8,328,168,20,3,lane_first,tdw,balanced,False,reduction:4;tail:8,1660,185922,308630520,,,,,,,,,,,
163,2,9,9,328,166,18,4,lane_first,tdw,balanced,False,reduction:4;tail:4;tail:9,1676,186233,312126508,,,,,,,,,,,
163,2,10,10,328,168,16,4,lane_first,tdw,balanced,False,reduction:5;tail:8;tail:10,1524,189967,289509708,,,,,,,,,,,
163,2,11,11,328,165,14,4,lane_first,tdw,balanced,False,reduction:5;tail:11,1384,199243,275752312,,,,,,,,,,,
163,2,12,12,328,168,13,4,lane_first,tdw,balanced,False,reduction:6;tail:12,1300,207052,269167600,,,,,,,,,,,
163,2,13,13,328,169,12,4,lane_first,tdw,balanced,False,reduction:6;tail:13,1224,213068,260795232,,,,,,,,,,,
163,2,14,14,328,168,11,4,lane_first,tdw,balanced,False,tail:14,1140,217617,248083380,,,,,,,,,,,
163,2,15,15,328,165,10,4,lane_first,tdw,balanced,False,reduction:4;tail:15,1056,220373,232713888,,,,,,,,,,,
163,2,16,16,328,168,10,4,lane_first,tdw,balanced,False,reduction:4;reduction:8;tail:8;tail:16,1036,221662,229641832,,,,,,,,,,,
163,2,17,17,328,170,9,5,lane_first,tdw,balanced,False,reduction:4;reduction:8;tail:17,1084,235013,254754092,,,,,,,,,,,
163,2,18,18,328,166,9,5,lane_first,tdw,balanced,False,reduction:4;reduction:9;tail:4;tail:18,1056,233857,246952992,,,,,,,,,,,
163,2,19,19,328,171,8,5,lane_first,tdw,balanced,False,reduction:5;reduction:9;tail:19,1008,246393,248364144,,,,,,,,,,,
163,2,20,20,328,168,8,5,lane_first,tdw,balanced,False,reduction:5;reduction:10;tail:8;tail:20,980,242792,237936160,,,,,,,,,,,
163,2,21,21,328,168,7,5,lane_first,tdw,balanced,False,reduction:5;reduction:10;tail:21,924,254513,235170012,,,,,,,,,,,
163,2,22,22,328,174,7,5,lane_first,tdw,balanced,False,reduction:5;reduction:11;tail:20;tail:22,912,253224,230940288,,,,,,,,,,,
163,2,23,23,328,167,7,5,lane_first,tdw,balanced,False,reduction:6;reduction:11;tail:6;tail:23,896,259373,232398208,,,,,,,,,,,
163,2,24,24,328,168,6,5,lane_first,tdw,balanced,False,reduction:6;reduction:12;tail:24,832,270442,225007744,,,,,,,,,,,
163,2,25,25,328,175,6,5,lane_first,tdw,balanced,False,reduction:6;reduction:12;tail:25,840,281348,236332320,,,,,,,,,,,
163,2,26,26,328,172,6,5,lane_first,tdw,balanced,False,reduction:6;reduction:13;tail:16;tail:26,820,271227,222406140,,,,,,,,,,,
163,2,27,27,328,166,6,5,lane_first,tdw,balanced,False,reduction:13;tail:4;tail:27,804,281318,226179672,,,,,,,,,,,
163,2,28,28,328,168,5,5,lane_first,tdw,balanced,False,tail:28,748,291572,218095856,,,,,,,,,,,
163,2,29,29,328,174,5,5,lane_first,tdw,balanced,False,reduction:4;tail:29,748,301663,225643924,,,,,,,,,,,
163,2,30,30,328,178,5,5,lane_first,tdw,balanced,False,reduction:4;reduction:15;tail:28;tail:30,736,298744,219875584,,,,,,,,,,,
163,2,31,31,328,173,5,5,lane_first,tdw,balanced,False,reduction:4;reduction:8;reduction:15;tail:18;tail:31,736,296743,218402848,,,,,,,,,,,
163,2,32,32,328,168,5,5,lane_first,tdw,balanced,False,reduction:4;reduction:8;reduction:16;tail:8;tail:32,720,306182,220451040,,,,,,,,,,,
163,2,33,33,328,165,4,6,lane_first,tdw,balanced,False,reduction:4;reduction:8;reduction:16;tail:33,728,315458,229653424,,,,,,,,,,,
163,2,34,34,328,170,4,6,lane_first,tdw,balanced,False,reduction:4;reduction:8;reduction:17;tail:34,736,324897,239124192,,,,,,,,,,,
163,2,35,35,328,175,4,6,lane_first,tdw,balanced,False,reduction:4;reduction:9;reduction:17;tail:35,744,334173,248624712,,,,,,,,,,,
163,2,36,36,328,180,4,6,lane_first,tdw,balanced,False,reduction:4;reduction:9;reduction:18;tail:36,744,343612,255647328,,,,,,,,,,,
163,2,37,37,328,180,4,6,lane_first,tdw,balanced,False,reduction:5;reduction:9;reduction:18;tail:32;tail:37,732,322733,236240556,,,,,,,,,,,
163,2,38,38,328,176,4,6,lane_first,tdw,balanced,False,reduction:5;reduction:9;reduction:19;tail:24;tail:38,732,331357,242553324,,,,,,,,,,,
163,2,39,39,328,172,4,6,lane_first,tdw,balanced,False,reduction:5;reduction:10;reduction:19;tail:16;tail:39,724,339818,246028232,,,,,,,,,,,
163,2,40,40,328,168,4,6,lane_first,tdw,balanced,False,reduction:5;reduction:10;reduction:20;tail:8;tail:40,716,348442,249484472,,,,,,,,,,,
163,2,41,41,328,164,3,6,lane_first,tdw,balanced,False,reduction:5;reduction:10;reduction:20;tail:41,660,356903,235555980,,,,,,,,,,,
163,2,42,42,328,168,3,6,lane_first,tdw,balanced,False,reduction:5;reduction:10;reduction:21;tail:42,660,365527,241247820,,,,,,,,,,,
163,2,43,43,328,172,3,6,lane_first,tdw,balanced,False,reduction:5;reduction:11;reduction:21;tail:43,660,373988,246832080,,,,,,,,,,,
163,2,44,44,328,176,3,6,lane_first,tdw,balanced,False,reduction:5;reduction:11;reduction:22;tail:44,660,382612,252523920,,,,,,,,,,,
163,2,45,45,328,180,3,6,lane_first,tdw,balanced,False,reduction:6;reduction:11;reduction:22;tail:45,660,391073,258108180,,,,,,,,,,,
163,2,46,46,328,184,3,6,lane_first,tdw,balanced,False,reduction:6;reduction:11;reduction:23;tail:46,660,399697,263800020,,,,,,,,,,,
163,2,47,47,328,187,3,6,lane_first,tdw,balanced,False,reduction:6;reduction:12;reduction:23;tail:46;tail:47,648,401653,260271144,,,,,,,,,,,
163,2,48,48,328,184,3,6,lane_first,tdw,balanced,False,reduction:6;reduction:12;reduction:24;tail:40;tail:48,648,377662,244724976,,,,,,,,,,,
163,2,49,49,328,181,3,6,lane_first,tdw,balanced,False,reduction:6;reduction:12;reduction:24;tail:34;tail:49,656,385308,252762048,,,,,,,,,,,
163,2,50,50,328,178,3,6,lane_first,tdw,balanced,False,reduction:6;reduction:12;reduction:25;tail:28;tail:50,648,393117,254739816,,,,,,,,,,,
163,2,51,51,328,175,3,6,lane_first,tdw,balanced,False,reduction:6;reduction:13;reduction:25;tail:22;tail:51,648,400763,259694424,,,,,,,,,,,
163,2,52,52,328,172,3,6,lane_first,tdw,balanced,False,reduction:6;reduction:13;reduction:26;tail:16;tail:52,640,408572,261486080,,,,,,,,,,,
163,2,53,53,328,169,3,6,lane_first,tdw,balanced,False,reduction:13;reduction:26;tail:10;tail:53,640,416218,266379520,,,,,,,,,,,
163,2,54,54,328,166,3,6,lane_first,tdw,balanced,False,reduction:13;tail:4;tail:54,624,424027,264592848,,,,,,,,,,,
163,2,55,55,328,165,2,6,lane_first,tdw,balanced,False,tail:55,568,431673,245190264,,,,,,,,,,,
163,2,56,56,328,168,2,6,lane_first,tdw,balanced,False,reduction:28;tail:56,568,439482,249625776,,,,,,,,,,,
163,2,57,57,328,171,2,6,lane_first,tdw,balanced,False,reduction:4;reduction:28;tail:57,568,447128,253968704,,,,,,,,,,,
163,2,58,58,328,174,2,6,lane_first,tdw,balanced,False,reduction:4;reduction:29;tail:58,568,454937,258404216,,,,,,,,,,,
163,2,59,59,328,177,2,6,lane_first,tdw,balanced,False,reduction:4;reduction:15;reduction:29;tail:59,568,462583,262747144,,,,,,,,,,,
163,2,60,60,328,180,2,6,lane_first,tdw,balanced,False,reduction:4;reduction:15;reduction:30;tail:60,568,470392,267182656,,,,,,,,,,,
163,2,61,61,328,183,2,6,lane_first,tdw,balanced,False,reduction:4;reduction:8;reduction:15;reduction:30;tail:61,568,478038,271525584,,,,,,,,,,,
163,2,62,62,328,186,2,6,lane_first,tdw,balanced,False,reduction:4;reduction:8;reduction:15;reduction:31;tail:62,568,485847,275961096,,,,,,,,,,,
163,2,63,63,328,189,2,6,lane_first,tdw,balanced,False,reduction:4;reduction:8;reduction:16;reduction:31;tail:63,568,493493,280304024,,,,,,,,,,,
163,2,64,64,328,192,2,6,lane_first,tdw,balanced,False,reduction:4;reduction:8;reduction:16;reduction:32;tail:64,568,501302,284739536,,,,,,,,,,,
163,2,65,65,328,195,2,7,lane_first,tdw,balanced,False,reduction:4;reduction:8;reduction:16;reduction:32;tail:65,624,508948,317583552,,,,,,,,,,,
163,2,66,66,328,196,2,7,lane_first,tdw,balanced,False,reduction:4;reduction:8;reduction:16;reduction:33;tail:64;tail:66,612,503584,308193408,,,,,,,,,,,
163,2,67,67,328,194,2,7,lane_first,tdw,balanced,False,reduction:4;reduction:8;reduction:17;reduction:33;tail:60;tail:67,620,478379,296594980,,,,,,,,,,,
163,2,68,68,328,192,2,7,lane_first,tdw,balanced,False,reduction:4;reduction:8;reduction:17;reduction:34;tail:56;tail:68,620,476792,295611040,,,,,,,,,,,
163,2,69,69,328,190,2,7,lane_first,tdw,balanced,False,reduction:4;reduction:9;reduction:17;reduction:34;tail:52;tail:69,628,483623,303715244,,,,,,,,,,,
163,2,70,70,328,188,2,7,lane_first,tdw,balanced,False,reduction:4;reduction:9;reduction:17;reduction:35;tail:48;tail:70,628,490617,308107476,,,,,,,,,,,
163,2,71,71,328,186,2,7,lane_first,tdw,balanced,False,reduction:4;reduction:9;reduction:18;reduction:35;tail:44;tail:71,628,497448,312397344,,,,,,,,,,,
163,2,72,72,328,184,2,7,lane_first,tdw,balanced,False,reduction:4;reduction:9;reduction:18;reduction:36;tail:40;tail:72,628,504442,316789576,,,,,,,,,,,
163,2,73,73,328,182,2,7,lane_first,tdw,balanced,False,reduction:5;reduction:9;reduction:18;reduction:36;tail:36;tail:73,636,511273,325169628,,,,,,,,,,,
163,2,74,74,328,180,2,7,lane_first,tdw,balanced,False,reduction:5;reduction:9;reduction:18;reduction:37;tail:32;tail:74,628,518267,325471676,,,,,,,,,,,
163,2,75,75,328,178,2,7,lane_first,tdw,balanced,False,reduction:5;reduction:9;reduction:19;reduction:37;tail:28;tail:75,628,525098,329761544,,,,,,,,,,,
163,2,76,76,328,176,2,7,lane_first,tdw,balanced,False,reduction:5;reduction:9;reduction:19;reduction:38;tail:24;tail:76,628,532092,334153776,,,,,,,,,,,
163,2,77,77,328,174,2,7,lane_first,tdw,balanced,False,reduction:5;reduction:10;reduction:19;reduction:38;tail:20;tail:77,628,538923,338443644,,,,,,,,,,,
163,2,78,78,328,172,2,7,lane_first,tdw,balanced,False,reduction:5;reduction:10;reduction:19;reduction:39;tail:16;tail:78,620,545917,338468540,,,,,,,,,,,
163,2,79,79,328,170,2,7,lane_first,tdw,balanced,False,reduction:5;reduction:10;reduction:20;reduction:39;tail:12;tail:79,620,552748,342703760,,,,,,,,,,,
163,2,80,80,328,168,2,7,lane_first,tdw,balanced,False,reduction:5;reduction:10;reduction:20;reduction:40;tail:8;tail:80,612,559742,342562104,,,,,,,,,,,
163,2,81,81,328,166,2,7,lane_first,tdw,balanced,False,reduction:5;reduction:10;reduction:20;reduction:40;tail:4;tail:81,612,566573,346742676,,,,,,,,,,,
163,2,82,82,328,164,1,7,lane_first,tdw,balanced,False,reduction:5;reduction:10;reduction:20;reduction:41;tail:82,556,573567,318903252,,,,,,,,,,,
163,2,83,83,328,166,1,7,lane_first,tdw,balanced,False,reduction:5;reduction:10;reduction:21;reduction:41;tail:83,556,580398,322701288,,,,,,,,,,,
163,2,84,84,328,168,1,7,lane_first,tdw,balanced,False,reduction:5;reduction:10;reduction:21;reduction:42;tail:84,556,587392,326589952,,,,,,,,,,,
163,2,85,85,328,170,1,7,lane_first,tdw,balanced,False,reduction:5;reduction:11;reduction:21;reduction:42;tail:85,556,594223,330387988,,,,,,,,,,,
163,2,86,86,328,172,1,7,lane_first,tdw,balanced,False,reduction:5;reduction:11;reduction:21;reduction:43;tail:86,556,601217,334276652,,,,,,,,,,,
163,2,87,87,328,174,1,7,lane_first,tdw,balanced,False,reduction:5;reduction:11;reduction:22;reduction:43;tail:87,556,608048,338074688,,,,,,,,,,,
163,2,88,88,328,176,1,7,lane_first,tdw,balanced,False,reduction:5;reduction:11;reduction:22;reduction:44;tail:88,556,615042,341963352,,,,,,,,,,,
163,2,89,89,328,178,1,7,lane_first,tdw,balanced,False,reduction:6;reduction:11;reduction:22;reduction:44;tail:89,556,621873,345761388,,,,,,,,,,,
163,2,90,90,328,180,1,7,lane_first,tdw,balanced,False,reduction:6;reduction:11;reduction:22;reduction:45;tail:90,556,628867,349650052,,,,,,,,,,,
163,2,91,91,328,182,1,7,lane_first,tdw,balanced,False,reduction:6;reduction:11;reduction:23;reduction:45;tail:91,556,635698,353448088,,,,,,,,,,,
163,2,92,92,328,184,1,7,lane_first,tdw,balanced,False,reduction:6;reduction:11;reduction:23;reduction:46;tail:92,556,642692,357336752,,,,,,,,,,,
163,2,93,93,328,186,1,7,lane_first,tdw,balanced,False,reduction:6;reduction:12;reduction:23;reduction:46;tail:93,556,649523,361134788,,,,,,,,,,,
163,2,94,94,328,188,1,7,lane_first,tdw,balanced,False,reduction:6;reduction:12;reduction:23;reduction:47;tail:94,556,656517,365023452,,,,,,,,,,,
163,2,95,95,328,190,1,7,lane_first,tdw,balanced,False,reduction:6;reduction:12;reduction:24;reduction:47;tail:95,556,663348,368821488,,,,,,,,,,,
163,2,96,96,328,192,1,7,lane_first,tdw,balanced,False,reduction:6;reduction:12;reduction:24;reduction:48;tail:96,556,670342,372710152,,,,,,,,,,,
163,2,97,97,328,194,1,7,lane_first,tdw,balanced,False,reduction:6;reduction:12;reduction:24;reduction:48;tail:97,564,677173,381925572,,,,,,,,,,,
163,2,98,98,328,196,1,7,lane_first,tdw,balanced,False,reduction:6;reduction:12;reduction:24;reduction:49;tail:98,564,684167,385870188,,,,,,,,,,,
163,2,99,99,328,198,1,7,lane_first,tdw,balanced,False,reduction:6;reduction:12;reduction:25;reduction:49;tail:99,564,690998,389722872,,,,,,,,,,,
163,2,100,100,328,200,1,7,lane_first,tdw,balanced,False,reduction:6;reduction:12;reduction:25;reduction:50;tail:100,564,697992,393667488,,,,,,,,,,,
163,2,101,101,328,202,1,7,lane_first,tdw,balanced,False,reduction:6;reduction:13;reduction:25;reduction:50;tail:101,564,704823,397520172,,,,,,,,,,,
163,2,102,102,328,204,1,7,lane_first,tdw,balanced,False,reduction:6;reduction:13;reduction:25;reduction:51;tail:102,564,711817,401464788,,,,,,,,,,,
163,2,103,103,328,206,1,7,lane_first,tdw,balanced,False,reduction:6;reduction:13;reduction:26;reduction:51;tail:103,564,718648,405317472,,,,,,,,,,,
163,2,104,104,328,208,1,7,lane_first,tdw,balanced,False,reduction:6;reduction:13;reduction:26;reduction:52;tail:104,564,725642,409262088,,,,,,,,,,,
163,2,105,105,328,210,1,7,lane_first,tdw,balanced,False,reduction:13;reduction:26;reduction:52;tail:105,564,732473,413114772,,,,,,,,,,,
163,2,106,106,328,212,1,7,lane_first,tdw,balanced,False,reduction:13;reduction:26;reduction:53;tail:106,564,739467,417059388,,,,,,,,,,,
163,2,107,107,328,214,1,7,lane_first,tdw,balanced,False,reduction:13;reduction:53;tail:107,564,746298,420912072,,,,,,,,,,,
163,2,108,108,328,216,1,7,lane_first,tdw,balanced,False,reduction:13;reduction:54;tail:108,564,753292,424856688,,,,,,,,,,,
163,2,109,109,328,218,1,7,lane_first,tdw,balanced,False,reduction:54;tail:109,564,760123,428709372,,,,,,,,,,,
163,2,110,110,328,218,1,7,lane_first,tdw,balanced,False,reduction:55;tail:108,552,753944,416177088,,,,,,,,,,,
163,2,111,111,328,217,1,7,lane_first,tdw,balanced,False,reduction:28;reduction:55;tail:106,552,741097,409085544,,,,,,,,,,,
163,2,112,112,328,216,1,7,lane_first,tdw,balanced,False,reduction:28;reduction:56;tail:104,552,728250,401994000,,,,,,,,,,,
163,2,113,113,328,215,1,7,lane_first,tdw,balanced,False,reduction:4;reduction:28;reduction:56;tail:102,552,715403,394902456,,,,,,,,,,,
163,2,114,114,328,214,1,7,lane_first,tdw,balanced,False,reduction:4;reduction:28;reduction:57;tail:100,552,702556,387810912,,,,,,,,,,,
163,2,115,115,328,213,1,7,lane_first,tdw,balanced,False,reduction:4;reduction:29;reduction:57;tail:98,552,689709,380719368,,,,,,,,,,,
163,2,116,116,328,212,1,7,lane_first,tdw,balanced,False,reduction:4;reduction:29;reduction:58;tail:96,552,676862,373627824,,,,,,,,,,,
163,2,117,117,328,211,1,7,lane_first,tdw,balanced,False,reduction:4;reduction:15;reduction:29;reduction:58;tail:94,552,664015,366536280,,,,,,,,,,,
163,2,118,118,328,210,1,7,lane_first,tdw,balanced,False,reduction:4;reduction:15;reduction:29;reduction:59;tail:92,552,651168,359444736,,,,,,,,,,,
163,2,119,119,328,209,1,7,lane_first,tdw,balanced,False,reduction:4;reduction:15;reduction:30;reduction:59;tail:90,552,638321,352353192,,,,,,,,,,,
163,2,120,120,328,208,1,7,lane_first,tdw,balanced,False,reduction:4;reduction:15;reduction:30;reduction:60;tail:88,552,625474,345261648,,,,,,,,,,,
163,2,121,121,328,207,1,7,lane_first,tdw,balanced,False,reduction:4;reduction:8;reduction:15;reduction:30;reduction:60;tail:86,552,612627,338170104,,,,,,,,,,,
163,2,122,122,328,206,1,7,lane_first,tdw,balanced,False,reduction:4;reduction:8;reduction:15;reduction:30;reduction:61;tail:84,552,599780,331078560,,,,,,,,,,,
163,2,123,123,328,205,1,7,lane_first,tdw,balanced,False,reduction:4;reduction:8;reduction:15;reduction:31;reduction:61;tail:82,552,586933,323987016,,,,,,,,,,,
163,2,124,124,328,204,1,7,lane_first,tdw,balanced,False,reduction:4;reduction:8;reduction:15;reduction:31;reduction:62;tail:80,552,574086,316895472,,,,,,,,,,,
163,2,125,125,328,203,1,7,lane_first,tdw,balanced,False,reduction:4;reduction:8;reduction:16;reduction:31;reduction:62;tail:78,552,561239,309803928,,,,,,,,,,,
163,2,126,126,328,202,1,7,lane_first,tdw,balanced,False,reduction:4;reduction:8;reduction:16;reduction:31;reduction:63;tail:76,552,548392,302712384,,,,,,,,,,,
163,2,127,127,328,201,1,7,lane_first,tdw,balanced,False,reduction:4;reduction:8;reduction:16;reduction:32;reduction:63;tail:74,552,535545,295620840,,,,,,,,,,,
163,2,128,128,328,200,1,7,lane_first,tdw,balanced,False,reduction:4;reduction:8;reduction:16;reduction:32;reduction:64;tail:72,552,522698,288529296,,,,,,,,,,,
163,2,129,129,328,199,1,8,lane_first,tdw,balanced,False,reduction:4;reduction:8;reduction:16;reduction:32;reduction:64;tail:70,592,516950,306034400,,,,,,,,,,,
163,2,130,130,328,198,1,8,lane_first,tdw,balanced,False,reduction:4;reduction:8;reduction:16;reduction:32;reduction:65;tail:68,600,521988,313192800,,,,,,,,,,,
163,2,131,131,328,197,1,8,lane_first,tdw,balanced,False,reduction:4;reduction:8;reduction:16;reduction:33;reduction:65;tail:66,608,520684,316575872,,,,,,,,,,,
163,2,132,132,328,196,1,8,lane_first,tdw,balanced,False,reduction:4;reduction:8;reduction:16;reduction:33;reduction:66;tail:64,600,525885,315531000,,,,,,,,,,,
163,2,133,133,328,195,1,8,lane_first,tdw,balanced,False,reduction:4;reduction:8;reduction:17;reduction:33;reduction:66;tail:62,608,524581,318945248,,,,,,,,,,,
163,2,134,134,328,194,1,8,lane_first,tdw,balanced,False,reduction:4;reduction:8;reduction:17;reduction:33;reduction:67;tail:60,608,529619,322008352,,,,,,,,,,,
163,2,135,135,328,193,1,8,lane_first,tdw,balanced,False,reduction:4;reduction:8;reduction:17;reduction:34;reduction:67;tail:58,608,528315,321215520,,,,,,,,,,,
163,2,136,136,328,192,1,8,lane_first,tdw,balanced,False,reduction:4;reduction:8;reduction:17;reduction:34;reduction:68;tail:56,608,533516,324377728,,,,,,,,,,,
163,2,137,137,328,191,1,8,lane_first,tdw,balanced,False,reduction:4;reduction:9;reduction:17;reduction:34;reduction:68;tail:54,616,532212,327842592,,,,,,,,,,,
163,2,138,138,328,190,1,8,lane_first,tdw,balanced,False,reduction:4;reduction:9;reduction:17;reduction:34;reduction:69;tail:52,616,537250,330946000,,,,,,,,,,,
163,2,139,139,328,189,1,8,lane_first,tdw,balanced,False,reduction:4;reduction:9;reduction:17;reduction:35;reduction:69;tail:50,616,535946,330142736,,,,,,,,,,,
163,2,140,140,328,188,1,8,lane_first,tdw,balanced,False,reduction:4;reduction:9;reduction:17;reduction:35;reduction:70;tail:48,616,541147,333346552,,,,,,,,,,,
163,2,141,141,328,187,1,8,lane_first,tdw,balanced,False,reduction:4;reduction:9;reduction:18;reduction:35;reduction:70;tail:46,616,539843,332543288,,,,,,,,,,,
163,2,142,142,328,186,1,8,lane_first,tdw,balanced,False,reduction:4;reduction:9;reduction:18;reduction:35;reduction:71;tail:44,616,544881,335646696,,,,,,,,,,,
163,2,143,143,328,185,1,8,lane_first,tdw,balanced,False,reduction:4;reduction:9;reduction:18;reduction:36;reduction:71;tail:42,616,543577,334843432,,,,,,,,,,,
163,2,144,144,328,184,1,8,lane_first,tdw,balanced,False,reduction:4;reduction:9;reduction:18;reduction:36;reduction:72;tail:40,616,548778,338047248,,,,,,,,,,,
163,2,145,145,328,183,1,8,lane_first,tdw,balanced,False,reduction:5;reduction:9;reduction:18;reduction:36;reduction:72;tail:38,624,547474,341623776,,,,,,,,,,,
163,2,146,146,328,182,1,8,lane_first,tdw,balanced,False,reduction:5;reduction:9;reduction:18;reduction:36;reduction:73;tail:36,624,552512,344767488,,,,,,,,,,,
163,2,147,147,328,181,1,8,lane_first,tdw,balanced,False,reduction:5;reduction:9;reduction:18;reduction:37;reduction:73;tail:34,624,551208,343953792,,,,,,,,,,,
163,2,148,148,328,180,1,8,lane_first,tdw,balanced,False,reduction:5;reduction:9;reduction:18;reduction:37;reduction:74;tail:32,616,556409,342747944,,,,,,,,,,,
163,2,149,149,328,179,1,8,lane_first,tdw,balanced,False,reduction:5;reduction:9;reduction:19;reduction:37;reduction:74;tail:30,616,555105,341944680,,,,,,,,,,,
163,2,150,150,328,178,1,8,lane_first,tdw,balanced,False,reduction:5;reduction:9;reduction:19;reduction:37;reduction:75;tail:28,616,560143,345048088,,,,,,,,,,,
163,2,151,151,328,177,1,8,lane_first,tdw,balanced,False,reduction:5;reduction:9;reduction:19;reduction:38;reduction:75;tail:26,616,558839,344244824,,,,,,,,,,,
163,2,152,152,328,176,1,8,lane_first,tdw,balanced,False,reduction:5;reduction:9;reduction:19;reduction:38;reduction:76;tail:24,616,564040,347448640,,,,,,,,,,,
163,2,153,153,328,175,1,8,lane_first,tdw,balanced,False,reduction:5;reduction:10;reduction:19;reduction:38;reduction:76;tail:22,616,562736,346645376,,,,,,,,,,,
163,2,154,154,328,174,1,8,lane_first,tdw,balanced,False,reduction:5;reduction:10;reduction:19;reduction:38;reduction:77;tail:20,616,567774,349748784,,,,,,,,,,,
163,2,155,155,328,173,1,8,lane_first,tdw,balanced,False,reduction:5;reduction:10;reduction:19;reduction:39;reduction:77;tail:18,616,566470,348945520,,,,,,,,,,,
163,2,156,156,328,172,1,8,lane_first,tdw,balanced,False,reduction:5;reduction:10;reduction:19;reduction:39;reduction:78;tail:16,608,571671,347575968,,,,,,,,,,,
163,2,157,157,328,171,1,8,lane_first,tdw,balanced,False,reduction:5;reduction:10;reduction:20;reduction:39;reduction:78;tail:14,608,570367,346783136,,,,,,,,,,,
163,2,158,158,328,170,1,8,lane_first,tdw,balanced,False,reduction:5;reduction:10;reduction:20;reduction:39;reduction:79;tail:12,608,575405,349846240,,,,,,,,,,,
163,2,159,159,328,169,1,8,lane_first,tdw,balanced,False,reduction:5;reduction:10;reduction:20;reduction:40;reduction:79;tail:10,608,574101,349053408,,,,,,,,,,,
163,2,160,160,328,168,1,8,lane_first,tdw,balanced,False,reduction:5;reduction:10;reduction:20;reduction:40;reduction:80;tail:8,600,579302,347581200,,,,,,,,,,,
163,2,161,161,328,167,1,8,lane_first,tdw,balanced,False,reduction:5;reduction:10;reduction:20;reduction:40;reduction:80;tail:6,608,577998,351422784,,,,,,,,,,,
163,2,162,162,328,166,1,8,lane_first,tdw,balanced,False,reduction:5;reduction:10;reduction:20;reduction:40;reduction:81;tail:4,600,583036,349821600,,,,,,,,,,,
163,2,163,163,328,165,1,8,lane_first,tdw,balanced,False,reduction:5;reduction:10;reduction:20;reduction:41;reduction:81;tail:2,592,581732,344385344,,,,,,,,,,,
163,2,164,164,328,164,0,8,lane_first,tdw,balanced,False,reduction:5;reduction:10;reduction:20;reduction:41;reduction:82,544,586933,319291552,,,,,,,,,,,
163,2,165,165,328,165,0,8,lane_first,tdw,balanced,False,reduction:5;reduction:10;reduction:21;reduction:41;reduction:82,544,587259,319468896,,,,,,,,,,,
163,2,166,166,328,166,0,8,lane_first,tdw,balanced,False,reduction:5;reduction:10;reduction:21;reduction:41;reduction:83,544,593927,323096288,,,,,,,,,,,
163,2,167,167,328,167,0,8,lane_first,tdw,balanced,False,reduction:5;reduction:10;reduction:21;reduction:42;reduction:83,544,594253,323273632,,,,,,,,,,,
163,2,168,168,328,168,0,8,lane_first,tdw,balanced,False,reduction:5;reduction:10;reduction:21;reduction:42;reduction:84,544,601084,326989696,,,,,,,,,,,
163,2,169,169,328,169,0,8,lane_first,tdw,balanced,False,reduction:5;reduction:11;reduction:21;reduction:42;reduction:84,544,601410,327167040,,,,,,,,,,,
163,2,170,170,328,170,0,8,lane_first,tdw,balanced,False,reduction:5;reduction:11;reduction:21;reduction:42;reduction:85,544,608078,330794432,,,,,,,,,,,
163,2,171,171,328,171,0,8,lane_first,tdw,balanced,False,reduction:5;reduction:11;reduction:21;reduction:43;reduction:85,544,608404,330971776,,,,,,,,,,,
163,2,172,172,328,172,0,8,lane_first,tdw,balanced,False,reduction:5;reduction:11;reduction:21;reduction:43;reduction:86,544,615235,334687840,,,,,,,,,,,
163,2,173,173,328,173,0,8,lane_first,tdw,balanced,False,reduction:5;reduction:11;reduction:22;reduction:43;reduction:86,544,615561,334865184,,,,,,,,,,,
163,2,174,174,328,174,0,8,lane_first,tdw,balanced,False,reduction:5;reduction:11;reduction:22;reduction:43;reduction:87,544,622229,338492576,,,,,,,,,,,
163,2,175,175,328,175,0,8,lane_first,tdw,balanced,False,reduction:5;reduction:11;reduction:22;reduction:44;reduction:87,544,622555,338669920,,,,,,,,,,,
163,2,176,176,328,176,0,8,lane_first,tdw,balanced,False,reduction:5;reduction:11;reduction:22;reduction:44;reduction:88,544,629386,342385984,,,,,,,,,,,
163,2,177,177,328,177,0,8,lane_first,tdw,balanced,False,reduction:6;reduction:11;reduction:22;reduction:44;reduction:88,544,629712,342563328,,,,,,,,,,,
163,2,178,178,328,178,0,8,lane_first,tdw,balanced,False,reduction:6;reduction:11;reduction:22;reduction:44;reduction:89,544,636380,346190720,,,,,,,,,,,
163,2,179,179,328,179,0,8,lane_first,tdw,balanced,False,reduction:6;reduction:11;reduction:22;reduction:45;reduction:89,544,636706,346368064,,,,,,,,,,,
163,2,180,180,328,180,0,8,lane_first,tdw,balanced,False,reduction:6;reduction:11;reduction:22;reduction:45;reduction:90,544,643537,350084128,,,,,,,,,,,
163,2,181,181,328,181,0,8,lane_first,tdw,balanced,False,reduction:6;reduction:11;reduction:23;reduction:45;reduction:90,544,643863,350261472,,,,,,,,,,,
163,2,182,182,328,182,0,8,lane_first,tdw,balanced,False,reduction:6;reduction:11;reduction:23;reduction:45;reduction:91,544,650531,353888864,,,,,,,,,,,
163,2,183,183,328,183,0,8,lane_first,tdw,balanced,False,reduction:6;reduction:11;reduction:23;reduction:46;reduction:91,544,650857,354066208,,,,,,,,,,,
163,2,184,184,328,184,0,8,lane_first,tdw,balanced,False,reduction:6;reduction:11;reduction:23;reduction:46;reduction:92,544,657688,357782272,,,,,,,,,,,
163,2,185,185,328,185,0,8,lane_first,tdw,balanced,False,reduction:6;reduction:12;reduction:23;reduction:46;reduction:92,544,658014,357959616,,,,,,,,,,,
163,2,186,186,328,186,0,8,lane_first,tdw,balanced,False,reduction:6;reduction:12;reduction:23;reduction:46;reduction:93,544,664682,361587008,,,,,,,,,,,
163,2,187,187,328,187,0,8,lane_first,tdw,balanced,False,reduction:6;reduction:12;reduction:23;reduction:47;reduction:93,544,665008,361764352,,,,,,,,,,,
163,2,188,188,328,188,0,8,lane_first,tdw,balanced,False,reduction:6;reduction:12;reduction:23;reduction:47;reduction:94,544,671839,365480416,,,,,,,,,,,
163,2,189,189,328,189,0,8,lane_first,tdw,balanced,False,reduction:6;reduction:12;reduction:24;reduction:47;reduction:94,544,672165,365657760,,,,,,,,,,,
163,2,190,190,328,190,0,8,lane_first,tdw,balanced,False,reduction:6;reduction:12;reduction:24;reduction:47;reduction:95,544,678833,369285152,,,,,,,,,,,
163,2,191,191,328,191,0,8,lane_first,tdw,balanced,False,reduction:6;reduction:12;reduction:24;reduction:48;reduction:95,544,679159,369462496,,,,,,,,,,,
163,2,192,192,328,192,0,8,lane_first,tdw,balanced,False,reduction:6;reduction:12;reduction:24;reduction:48;reduction:96,544,685990,373178560,,,,,,,,,,,
163,2,193,193,328,193,0,8,lane_first,tdw,balanced,False,reduction:6;reduction:12;reduction:24;reduction:48;reduction:96,552,686316,378846432,,,,,,,,,,,
163,2,194,194,328,194,0,8,lane_first,tdw,balanced,False,reduction:6;reduction:12;reduction:24;reduction:48;reduction:97,552,692984,382527168,,,,,,,,,,,
163,2,195,195,328,195,0,8,lane_first,tdw,balanced,False,reduction:6;reduction:12;reduction:24;reduction:49;reduction:97,552,693310,382707120,,,,,,,,,,,
163,2,196,196,328,196,0,8,lane_first,tdw,balanced,False,reduction:6;reduction:12;reduction:24;reduction:49;reduction:98,552,700141,386477832,,,,,,,,,,,
163,2,197,197,328,197,0,8,lane_first,tdw,balanced,False,reduction:6;reduction:12;reduction:25;reduction:49;reduction:98,552,700467,386657784,,,,,,,,,,,
163,2,198,198,328,198,0,8,lane_first,tdw,balanced,False,reduction:6;reduction:12;reduction:25;reduction:49;reduction:99,552,707135,390338520,,,,,,,,,,,
163,2,199,199,328,199,0,8,lane_first,tdw,balanced,False,reduction:6;reduction:12;reduction:25;reduction:50;reduction:99,552,707461,390518472,,,,,,,,,,,
163,2,200,200,328,200,0,8,lane_first,tdw,balanced,False,reduction:6;reduction:12;reduction:25;reduction:50;reduction:100,552,714292,394289184,,,,,,,,,,,
163,2,201,201,328,201,0,8,lane_first,tdw,balanced,False,reduction:6;reduction:13;reduction:25;reduction:50;reduction:100,552,714618,394469136,,,,,,,,,,,
163,2,202,202,328,202,0,8,lane_first,tdw,balanced,False,reduction:6;reduction:13;reduction:25;reduction:50;reduction:101,552,721286,398149872,,,,,,,,,,,
163,2,203,203,328,203,0,8,lane_first,tdw,balanced,False,reduction:6;reduction:13;reduction:25;reduction:51;reduction:101,552,721612,398329824,,,,,,,,,,,
163,2,204,204,328,204,0,8,lane_first,tdw,balanced,False,reduction:6;reduction:13;reduction:25;reduction:51;reduction:102,552,728443,402100536,,,,,,,,,,,
163,2,205,205,328,205,0,8,lane_first,tdw,balanced,False,reduction:6;reduction:13;reduction:26;reduction:51;reduction:102,552,728769,402280488,,,,,,,,,,,
163,2,206,206,328,206,0,8,lane_first,tdw,balanced,False,reduction:6;reduction:13;reduction:26;reduction:51;reduction:103,552,735437,405961224,,,,,,,,,,,
163,2,207,207,328,207,0,8,lane_first,tdw,balanced,False,reduction:6;reduction:13;reduction:26;reduction:52;reduction:103,552,735763,406141176,,,,,,,,,,,
163,2,208,208,328,208,0,8,lane_first,tdw,balanced,False,reduction:6;reduction:13;reduction:26;reduction:52;reduction:104,552,742594,409911888,,,,,,,,,,,
163,2,209,209,328,209,0,8,lane_first,tdw,balanced,False,reduction:13;reduction:26;reduction:52;reduction:104,552,742920,410091840,,,,,,,,,,,
163,2,210,210,328,210,0,8,lane_first,tdw,balanced,False,reduction:13;reduction:26;reduction:52;reduction:105,552,749588,413772576,,,,,,,,,,,
163,2,211,211,328,211,0,8,lane_first,tdw,balanced,False,reduction:13;reduction:26;reduction:53;reduction:105,552,749914,413952528,,,,,,,,,,,
163,2,212,212,328,212,0,8,lane_first,tdw,balanced,False,reduction:13;reduction:26;reduction:53;reduction:106,552,756745,417723240,,,,,,,,,,,
163,2,213,213,328,213,0,8,lane_first,tdw,balanced,False,reduction:13;reduction:53;reduction:106,552,757071,417903192,,,,,,,,,,,
163,2,214,214,328,214,0,8,lane_first,tdw,balanced,False,reduction:13;reduction:53;reduction:107,552,763739,421583928,,,,,,,,,,,
163,2,215,215,328,215,0,8,lane_first,tdw,balanced,False,reduction:13;reduction:54;reduction:107,552,764065,421763880,,,,,,,,,,,
163,2,216,216,328,216,0,8,lane_first,tdw,balanced,False,reduction:13;reduction:54;reduction:108,552,770896,425534592,,,,,,,,,,,
163,2,217,217,328,217,0,8,lane_first,tdw,balanced,False,reduction:54;reduction:108,552,771222,425714544,,,,,,,,,,,
163,2,218,218,328,218,0,8,lane_first,tdw,balanced,False,reduction:54;reduction:109,552,777890,429395280,,,,,,,,,,,
163,2,219,219,328,219,0,8,lane_first,tdw,balanced,False,reduction:55;reduction:109,552,778216,429575232,,,,,,,,,,,
163,2,220,220,328,220,0,8,lane_first,tdw,balanced,False,reduction:55;reduction:110,552,785047,433345944,,,,,,,,,,,
163,2,221,221,328,221,0,8,lane_first,tdw,balanced,False,reduction:28;reduction:55;reduction:110,552,785373,433525896,,,,,,,,,,,
163,2,222,222,328,222,0,8,lane_first,tdw,balanced,False,reduction:28;reduction:55;reduction:111,552,792041,437206632,,,,,,,,,,,
163,2,223,223,328,223,0,8,lane_first,tdw,balanced,False,reduction:28;reduction:56;reduction:111,552,792367,437386584,,,,,,,,,,,
163,2,224,224,328,224,0,8,lane_first,tdw,balanced,False,reduction:28;reduction:56;reduction:112,552,799198,441157296,,,,,,,,,,,
163,2,225,225,328,225,0,8,lane_first,tdw,balanced,False,reduction:4;reduction:28;reduction:56;reduction:112,552,799524,441337248,,,,,,,,,,,
163,2,226,226,328,226,0,8,lane_first,tdw,balanced,False,reduction:4;reduction:28;reduction:56;reduction:113,552,806192,445017984,,,,,,,,,,,
163,2,227,227,328,227,0,8,lane_first,tdw,balanced,False,reduction:4;reduction:28;reduction:57;reduction:113,552,806518,445197936,,,,,,,,,,,
163,2,228,228,328,228,0,8,lane_first,tdw,balanced,False,reduction:4;reduction:28;reduction:57;reduction:114,552,813349,448968648,,,,,,,,,,,
163,2,229,229,328,229,0,8,lane_first,tdw,balanced,False,reduction:4;reduction:29;reduction:57;reduction:114,552,813675,449148600,,,,,,,,,,,
163,2,230,230,328,230,0,8,lane_first,tdw,balanced,False,reduction:4;reduction:29;reduction:57;reduction:115,552,820343,452829336,,,,,,,,,,,
163,2,231,231,328,231,0,8,lane_first,tdw,balanced,False,reduction:4;reduction:29;reduction:58;reduction:115,552,820669,453009288,,,,,,,,,,,
163,2,232,232,328,232,0,8,lane_first,tdw,balanced,False,reduction:4;reduction:29;reduction:58;reduction:116,552,827500,456780000,,,,,,,,,,,
163,2,233,233,328,233,0,8,lane_first,tdw,balanced,False,reduction:4;reduction:15;reduction:29;reduction:58;reduction:116,552,827826,456959952,,,,,,,,,,,
163,2,234,234,328,234,0,8,lane_first,tdw,balanced,False,reduction:4;reduction:15;reduction:29;reduction:58;reduction:117,552,834494,460640688,,,,,,,,,,,
163,2,235,235,328,235,0,8,lane_first,tdw,balanced,False,reduction:4;reduction:15;reduction:29;reduction:59;reduction:117,552,834820,460820640,,,,,,,,,,,
163,2,236,236,328,236,0,8,lane_first,tdw,balanced,False,reduction:4;reduction:15;reduction:29;reduction:59;reduction:118,552,841651,464591352,,,,,,,,,,,
163,2,237,237,328,237,0,8,lane_first,tdw,balanced,False,reduction:4;reduction:15;reduction:30;reduction:59;reduction:118,552,841977,464771304,,,,,,,,,,,
163,2,238,238,328,238,0,8,lane_first,tdw,balanced,False,reduction:4;reduction:15;reduction:30;reduction:59;reduction:119,552,848645,468452040,,,,,,,,,,,
163,2,239,239,328,239,0,8,lane_first,tdw,balanced,False,reduction:4;reduction:15;reduction:30;reduction:60;reduction:119,552,848971,468631992,,,,,,,,,,,
163,2,240,240,328,240,0,8,lane_first,tdw,balanced,False,reduction:4;reduction:15;reduction:30;reduction:60;reduction:120,552,855802,472402704,,,,,,,,,,,
163,2,241,241,328,241,0,8,lane_first,tdw,balanced,False,reduction:4;reduction:8;reduction:15;reduction:30;reduction:60;reduction:120,552,856128,472582656,,,,,,,,,,,
163,2,242,242,328,242,0,8,lane_first,tdw,balanced,False,reduction:4;reduction:8;reduction:15;reduction:30;reduction:60;reduction:121,552,862796,476263392,,,,,,,,,,,
163,2,243,243,328,243,0,8,lane_first,tdw,balanced,False,reduction:4;reduction:8;reduction:15;reduction:30;reduction:61;reduction:121,552,863122,476443344,,,,,,,,,,,
163,2,244,244,328,244,0,8,lane_first,tdw,balanced,False,reduction:4;reduction:8;reduction:15;reduction:30;reduction:61;reduction:122,552,869953,480214056,,,,,,,,,,,
163,2,245,245,328,245,0,8,lane_first,tdw,balanced,False,reduction:4;reduction:8;reduction:15;reduction:31;reduction:61;reduction:122,552,870279,480394008,,,,,,,,,,,
163,2,246,246,328,246,0,8,lane_first,tdw,balanced,False,reduction:4;reduction:8;reduction:15;reduction:31;reduction:61;reduction:123,552,876947,484074744,,,,,,,,,,,
163,2,247,247,328,247,0,8,lane_first,tdw,balanced,False,reduction:4;reduction:8;reduction:15;reduction:31;reduction:62;reduction:123,552,877273,484254696,,,,,,,,,,,
163,2,248,248,328,248,0,8,lane_first,tdw,balanced,False,reduction:4;reduction:8;reduction:15;reduction:31;reduction:62;reduction:124,552,884104,488025408,,,,,,,,,,,
163,2,249,249,328,249,0,8,lane_first,tdw,balanced,False,reduction:4;reduction:8;reduction:16;reduction:31;reduction:62;reduction:124,552,884430,488205360,,,,,,,,,,,
163,2,250,250,328,250,0,8,lane_first,tdw,balanced,False,reduction:4;reduction:8;reduction:16;reduction:31;reduction:62;reduction:125,552,891098,491886096,,,,,,,,,,,
163,2,251,251,328,251,0,8,lane_first,tdw,balanced,False,reduction:4;reduction:8;reduction:16;reduction:31;reduction:63;reduction:125,552,891424,492066048,,,,,,,,,,,
163,2,252,252,328,252,0,8,lane_first,tdw,balanced,False,reduction:4;reduction:8;reduction:16;reduction:31;reduction:63;reduction:126,552,898255,495836760,,,,,,,,,,,
163,2,253,253,328,253,0,8,lane_first,tdw,balanced,False,reduction:4;reduction:8;reduction:16;reduction:32;reduction:63;reduction:126,552,898581,496016712,,,,,,,,,,,
163,2,254,254,328,254,0,8,lane_first,tdw,balanced,False,reduction:4;reduction:8;reduction:16;reduction:32;reduction:63;reduction:127,552,905249,499697448,,,,,,,,,,,
163,2,255,255,328,255,0,8,lane_first,tdw,balanced,False,reduction:4;reduction:8;reduction:16;reduction:32;reduction:64;reduction:127,552,905575,499877400,,,,,,,,,,,
163,2,256,256,328,256,0,8,lane_first,tdw,balanced,False,reduction:4;reduction:8;reduction:16;reduction:32;reduction:64;reduction:128,552,912406,503648112,,,,,,,,,,,
163,2,257,257,328,257,0,9,lane_first,tdw,balanced,False,reduction:4;reduction:8;reduction:16;reduction:32;reduction:64;reduction:128,592,912732,540337344,,,,,,,,,,,
163,2,258,258,328,258,0,9,lane_first,tdw,balanced,False,reduction:4;reduction:8;reduction:16;reduction:32;reduction:64;reduction:129,600,919400,551640000,,,,,,,,,,,
163,2,259,259,328,259,0,9,lane_first,tdw,balanced,False,reduction:4;reduction:8;reduction:16;reduction:32;reduction:65;reduction:129,608,919726,559193408,,,,,,,,,,,
163,2,260,260,328,260,0,9,lane_first,tdw,balanced,False,reduction:4;reduction:8;reduction:16;reduction:32;reduction:65;reduction:130,608,926557,563346656,,,,,,,,,,,
163,2,261,261,328,261,0,9,lane_first,tdw,balanced,False,reduction:4;reduction:8;reduction:16;reduction:33;reduction:65;reduction:130,616,926883,570959928,,,,,,,,,,,
163,2,262,262,328,262,0,9,lane_first,tdw,balanced,False,reduction:4;reduction:8;reduction:16;reduction:33;reduction:65;reduction:131,616,933551,575067416,,,,,,,,,,,
163,2,263,263,328,263,0,9,lane_first,tdw,balanced,False,reduction:4;reduction:8;reduction:16;reduction:33;reduction:66;reduction:131,616,933877,575268232,,,,,,,,,,,
163,2,264,264,328,264,0,9,lane_first,tdw,balanced,False,reduction:4;reduction:8;reduction:16;reduction:33;reduction:66;reduction:132,616,940708,579476128,,,,,,,,,,,
163,2,265,265,328,265,0,9,lane_first,tdw,balanced,False,reduction:4;reduction:8;reduction:17;reduction:33;reduction:66;reduction:132,624,941034,587205216,,,,,,,,,,,
163,2,266,266,328,266,0,9,lane_first,tdw,balanced,False,reduction:4;reduction:8;reduction:17;reduction:33;reduction:66;reduction:133,624,947702,591366048,,,,,,,,,,,
163,2,267,267,328,267,0,9,lane_first,tdw,balanced,False,reduction:4;reduction:8;reduction:17;reduction:33;reduction:67;reduction:133,624,948028,591569472,,,,,,,,,,,
163,2,268,268,328,268,0,9,lane_first,tdw,balanced,False,reduction:4;reduction:8;reduction:17;reduction:33;reduction:67;reduction:134,624,954859,595832016,,,,,,,,,,,
163,2,269,269,328,269,0,9,lane_first,tdw,balanced,False,reduction:4;reduction:8;reduction:17;reduction:34;reduction:67;reduction:134,624,955185,596035440,,,,,,,,,,,
163,2,270,270,328,270,0,9,lane_first,tdw,balanced,False,reduction:4;reduction:8;reduction:17;reduction:34;reduction:67;reduction:135,624,961853,600196272,,,,,,,,,,,
163,2,271,271,328,271,0,9,lane_first,tdw,balanced,False,reduction:4;reduction:8;reduction:17;reduction:34;reduction:68;reduction:135,624,962179,600399696,,,,,,,,,,,
163,2,272,272,328,272,0,9,lane_first,tdw,balanced,False,reduction:4;reduction:8;reduction:17;reduction:34;reduction:68;reduction:136,624,969010,604662240,,,,,,,,,,,
163,2,273,273,328,273,0,9,lane_first,tdw,balanced,False,reduction:4;reduction:9;reduction:17;reduction:34;reduction:68;reduction:136,632,969336,612620352,,,,,,,,,,,
163,2,274,274,328,274,0,9,lane_first,tdw,balanced,False,reduction:4;reduction:9;reduction:17;reduction:34;reduction:68;reduction:137,632,976004,616834528,,,,,,,,,,,
163,2,275,275,328,275,0,9,lane_first,tdw,balanced,False,reduction:4;reduction:9;reduction:17;reduction:34;reduction:69;reduction:137,632,976330,617040560,,,,,,,,,,,
163,2,276,276,328,276,0,9,lane_first,tdw,balanced,False,reduction:4;reduction:9;reduction:17;reduction:34;reduction:69;reduction:138,632,983161,621357752,,,,,,,,,,,
163,2,277,277,328,277,0,9,lane_first,tdw,balanced,False,reduction:4;reduction:9;reduction:17;reduction:35;reduction:69;reduction:138,632,983487,621563784,,,,,,,,,,,
163,2,278,278,328,278,0,9,lane_first,tdw,balanced,False,reduction:4;reduction:9;reduction:17;reduction:35;reduction:69;reduction:139,632,990155,625777960,,,,,,,,,,,
163,2,279,279,328,279,0,9,lane_first,tdw,balanced,False,reduction:4;reduction:9;reduction:17;reduction:35;reduction:70;reduction:139,632,990481,625983992,,,,,,,,,,,
163,2,280,280,328,280,0,9,lane_first,tdw,balanced,False,reduction:4;reduction:9;reduction:17;reduction:35;reduction:70;reduction:140,632,997312,630301184,,,,,,,,,,,
163,2,281,281,328,281,0,9,lane_first,tdw,balanced,False,reduction:4;reduction:9;reduction:18;reduction:35;reduction:70;reduction:140,632,997638,630507216,,,,,,,,,,,
163,2,282,282,328,282,0,9,lane_first,tdw,balanced,False,reduction:4;reduction:9;reduction:18;reduction:35;reduction:70;reduction:141,632,1004306,634721392,,,,,,,,,,,
163,2,283,283,328,283,0,9,lane_first,tdw,balanced,False,reduction:4;reduction:9;reduction:18;reduction:35;reduction:71;reduction:141,632,1004632,634927424,,,,,,,,,,,
163,2,284,284,328,284,0,9,lane_first,tdw,balanced,False,reduction:4;reduction:9;reduction:18;reduction:35;reduction:71;reduction:142,632,1011463,639244616,,,,,,,,,,,
163,2,285,285,328,285,0,9,lane_first,tdw,balanced,False,reduction:4;reduction:9;reduction:18;reduction:36;reduction:71;reduction:142,632,1011789,639450648,,,,,,,,,,,
163,2,286,286,328,286,0,9,lane_first,tdw,balanced,False,reduction:4;reduction:9;reduction:18;reduction:36;reduction:71;reduction:143,632,1018457,643664824,,,,,,,,,,,
163,2,287,287,328,287,0,9,lane_first,tdw,balanced,False,reduction:4;reduction:9;reduction:18;reduction:36;reduction:72;reduction:143,632,1018783,643870856,,,,,,,,,,,
163,2,288,288,328,288,0,9,lane_first,tdw,balanced,False,reduction:4;reduction:9;reduction:18;reduction:36;reduction:72;reduction:144,632,1025614,648188048,,,,,,,,,,,
163,2,289,289,328,289,0,9,lane_first,tdw,balanced,False,reduction:5;reduction:9;reduction:18;reduction:36;reduction:72;reduction:144,640,1025940,656601600,,,,,,,,,,,
163,2,290,290,328,290,0,9,lane_first,tdw,balanced,False,reduction:5;reduction:9;reduction:18;reduction:36;reduction:72;reduction:145,640,1032608,660869120,,,,,,,,,,,
163,2,291,291,328,291,0,9,lane_first,tdw,balanced,False,reduction:5;reduction:9;reduction:18;reduction:36;reduction:73;reduction:145,640,1032934,661077760,,,,,,,,,,,
163,2,292,292,328,292,0,9,lane_first,tdw,balanced,False,reduction:5;reduction:9;reduction:18;reduction:36;reduction:73;reduction:146,640,1039765,665449600,,,,,,,,,,,
163,2,293,293,328,293,0,9,lane_first,tdw,balanced,False,reduction:5;reduction:9;reduction:18;reduction:37;reduction:73;reduction:146,640,1040091,665658240,,,,,,,,,,,
163,2,294,294,328,294,0,9,lane_first,tdw,balanced,False,reduction:5;reduction:9;reduction:18;reduction:37;reduction:73;reduction:147,640,1046759,669925760,,,,,,,,,,,
163,2,295,295,328,295,0,9,lane_first,tdw,balanced,False,reduction:5;reduction:9;reduction:18;reduction:37;reduction:74;reduction:147,640,1047085,670134400,,,,,,,,,,,
163,2,296,296,328,296,0,9,lane_first,tdw,balanced,False,reduction:5;reduction:9;reduction:18;reduction:37;reduction:74;reduction:148,640,1053916,674506240,,,,,,,,,,,
163,2,297,297,328,297,0,9,lane_first,tdw,balanced,False,reduction:5;reduction:9;reduction:19;reduction:37;reduction:74;reduction:148,640,1054242,674714880,,,,,,,,,,,
163,2,298,298,328,298,0,9,lane_first,tdw,balanced,False,reduction:5;reduction:9;reduction:19;reduction:37;reduction:74;reduction:149,640,1060910,678982400,,,,,,,,,,,
163,2,299,299,328,299,0,9,lane_first,tdw,balanced,False,reduction:5;reduction:9;reduction:19;reduction:37;reduction:75;reduction:149,640,1061236,679191040,,,,,,,,,,,
163,2,300,300,328,300,0,9,lane_first,tdw,balanced,False,reduction:5;reduction:9;reduction:19;reduction:37;reduction:75;reduction:150,640,1068067,683562880,,,,,,,,,,,
163,2,301,301,328,301,0,9,lane_first,tdw,balanced,False,reduction:5;reduction:9;reduction:19;reduction:38;reduction:75;reduction:150,640,1068393,683771520,,,,,,,,,,,
163,2,302,302,328,302,0,9,lane_first,tdw,balanced,False,reduction:5;reduction:9;reduction:19;reduction:38;reduction:75;reduction:151,640,1075061,688039040,,,,,,,,,,,
163,2,303,303,328,303,0,9,lane_first,tdw,balanced,False,reduction:5;reduction:9;reduction:19;reduction:38;reduction:76;reduction:151,640,1075387,688247680,,,,,,,,,,,
163,2,304,304,328,304,0,9,lane_first,tdw,balanced,False,reduction:5;reduction:9;reduction:19;reduction:38;reduction:76;reduction:152,640,1082218,692619520,,,,,,,,,,,
163,2,305,305,328,305,0,9,lane_first,tdw,balanced,False,reduction:5;reduction:10;reduction:19;reduction:38;reduction:76;reduction:152,640,1082544,692828160,,,,,,,,,,,
163,2,306,306,328,306,0,9,lane_first,tdw,balanced,False,reduction:5;reduction:10;reduction:19;reduction:38;reduction:76;reduction:153,640,1089212,697095680,,,,,,,,,,,
163,2,307,307,328,307,0,9,lane_first,tdw,balanced,False,reduction:5;reduction:10;reduction:19;reduction:38;reduction:77;reduction:153,640,1089538,697304320,,,,,,,,,,,
163,2,308,308,328,308,0,9,lane_first,tdw,balanced,False,reduction:5;reduction:10;reduction:19;reduction:38;reduction:77;reduction:154,640,1096369,701676160,,,,,,,,,,,
163,2,309,309,328,309,0,9,lane_first,tdw,balanced,False,reduction:5;reduction:10;reduction:19;reduction:39;reduction:77;reduction:154,640,1096695,701884800,,,,,,,,,,,
163,2,310,310,328,310,0,9,lane_first,tdw,balanced,False,reduction:5;reduction:10;reduction:19;reduction:39;reduction:77;reduction:155,640,1103363,706152320,,,,,,,,,,,
163,2,311,311,328,311,0,9,lane_first,tdw,balanced,False,reduction:5;reduction:10;reduction:19;reduction:39;reduction:78;reduction:155,640,1103689,706360960,,,,,,,,,,,
163,2,312,312,328,312,0,9,lane_first,tdw,balanced,False,reduction:5;reduction:10;reduction:19;reduction:39;reduction:78;reduction:156,640,1110520,710732800,,,,,,,,,,,
163,2,313,313,328,313,0,9,lane_first,tdw,balanced,False,reduction:5;reduction:10;reduction:20;reduction:39;reduction:78;reduction:156,640,1110846,710941440,,,,,,,,,,,
163,2,314,314,328,314,0,9,lane_first,tdw,balanced,False,reduction:5;reduction:10;reduction:20;reduction:39;reduction:78;reduction:157,640,1117514,715208960,,,,,,,,,,,
163,2,315,315,328,315,0,9,lane_first,tdw,balanced,False,reduction:5;reduction:10;reduction:20;reduction:39;reduction:79;reduction:157,640,1117840,715417600,,,,,,,,,,,
163,2,316,316,328,316,0,9,lane_first,tdw,balanced,False,reduction:5;reduction:10;reduction:20;reduction:39;reduction:79;reduction:158,640,1124671,719789440,,,,,,,,,,,
163,2,317,317,328,317,0,9,lane_first,tdw,balanced,False,reduction:5;reduction:10;reduction:20;reduction:40;reduction:79;reduction:158,640,1124997,719998080,,,,,,,,,,,
163,2,318,318,328,318,0,9,lane_first,tdw,balanced,False,reduction:5;reduction:10;reduction:20;reduction:40;reduction:79;reduction:159,640,1131665,724265600,,,,,,,,,,,
163,2,319,319,328,319,0,9,lane_first,tdw,balanced,False,reduction:5;reduction:10;reduction:20;reduction:40;reduction:80;reduction:159,640,1131991,724474240,,,,,,,,,,,
163,2,320,320,328,320,0,9,lane_first,tdw,balanced,False,reduction:5;reduction:10;reduction:20;reduction:40;reduction:80;reduction:160,640,1138822,728846080,,,,,,,,,,,
163,2,321,321,328,321,0,9,lane_first,tdw,balanced,False,reduction:5;reduction:10;reduction:20;reduction:40;reduction:80;reduction:160,648,1139148,738167904,,,,,,,,,,,
163,2,322,322,328,322,0,9,lane_first,tdw,balanced,False,reduction:5;reduction:10;reduction:20;reduction:40;reduction:80;reduction:161,648,1145816,742488768,,,,,,,,,,,
163,2,323,323,328,323,0,9,lane_first,tdw,balanced,False,reduction:5;reduction:10;reduction:20;reduction:40;reduction:81;reduction:161,648,1146142,742700016,,,,,,,,,,,
163,2,324,324,328,324,0,9,lane_first,tdw,balanced,False,reduction:5;reduction:10;reduction:20;reduction:40;reduction:81;reduction:162,648,1152973,747126504,,,,,,,,,,,
163,2,325,325,328,325,0,9,lane_first,tdw,balanced,False,reduction:5;reduction:10;reduction:20;reduction:41;reduction:81;reduction:162,648,1153299,747337752,,,,,,,,,,,
163,2,326,326,328,326,0,9,lane_first,tdw,balanced,False,reduction:5;reduction:10;reduction:20;reduction:41;reduction:81;reduction:163,648,1159967,751658616,,,,,,,,,,,
163,2,327,327,328,327,0,9,lane_first,tdw,balanced,False,reduction:5;reduction:10;reduction:20;reduction:41;reduction:82;reduction:163,648,1160293,751869864,,,,,,,,,,,
163,2,328,328,328,328,0,9,lane_first,tdw,balanced,False,reduction:5;reduction:10;reduction:20;reduction:41;reduction:82;reduction:164,640,1167124,746959360,,,,,,,,,,,
163,3,1,1,328,110,109,0,lane_first,tdw,balanced,False,tail:1,8704,101593,884265472,,,,,,,,,,,
163,3,2,2,328,110,54,1,lane_first,tdw,balanced,False,tail:2,4788,106957,512110116,,,,,,,,,,,
163,3,3,3,328,111,36,2,lane_first,tdw,balanced,False,tail:3,3532,112973,399020636,,,,,,,,,,,
163,3,4,4,328,112,27,2,lane_first,tdw,balanced,False,tail:4,2664,119152,317420928,,,,,,,,,,,
163,3,5,5,328,110,21,3,lane_first,tdw,balanced,False,tail:5,2336,122723,286680928,,,,,,,,,,,
163,3,6,6,328,112,18,3,lane_first,tdw,balanced,False,tail:4;tail:6,1984,126457,250890688,,,,,,,,,,,
163,3,7,7,328,112,15,3,lane_first,tdw,balanced,False,tail:7,1700,134918,229360600,,,,,,,,,,,
163,3,8,8,328,112,13,3,lane_first,tdw,balanced,False,reduction:4;tail:8,1492,140282,209300744,,,,,,,,,,,
163,3,9,9,328,112,12,4,lane_first,tdw,balanced,False,reduction:4;tail:4;tail:9,1496,142223,212765608,,,,,,,,,,,
163,3,10,10,328,110,10,4,lane_first,tdw,balanced,False,reduction:5;tail:10,1336,149217,199353912,,,,,,,,,,,
163,3,11,11,328,110,9,4,lane_first,tdw,balanced,False,reduction:5;tail:11,1232,154418,190242976,,,,,,,,,,,
163,3,12,12,328,112,9,4,lane_first,tdw,balanced,False,reduction:6;tail:4;tail:12,1176,158152,185986752,,,,,,,,,,,
163,3,13,13,328,117,8,4,lane_first,tdw,balanced,False,reduction:6;tail:13,1100,170688,187756800,,,,,,,,,,,
163,3,14,14,328,112,7,4,lane_first,tdw,balanced,False,tail:14,1016,171977,174728632,,,,,,,,,,,
163,3,15,15,328,118,7,4,lane_first,tdw,balanced,False,reduction:4;tail:13;tail:15,976,171473,167357648,,,,,,,,,,,
163,3,16,16,328,112,6,4,lane_first,tdw,balanced,False,reduction:4;reduction:8;tail:16,904,182542,165017968,,,,,,,,,,,
163,3,17,17,328,119,6,5,lane_first,tdw,balanced,False,reduction:4;reduction:8;tail:17,964,193448,186483872,,,,,,,,,,,
163,3,18,18,328,112,6,5,lane_first,tdw,balanced,False,reduction:4;reduction:9;tail:4;tail:18,936,189847,177696792,,,,,,,,,,,
163,3,19,19,328,114,5,5,lane_first,tdw,balanced,False,reduction:5;reduction:9;tail:19,888,199938,177544944,,,,,,,,,,,
163,3,20,20,328,120,5,5,lane_first,tdw,balanced,False,reduction:5;reduction:10;tail:20,860,210192,180765120,,,,,,,,,,,
163,3,21,21,328,118,5,5,lane_first,tdw,balanced,False,reduction:5;reduction:10;tail:13;tail:21,848,203168,172286464,,,,,,,,,,,
163,3,22,22,328,110,4,5,lane_first,tdw,balanced,False,reduction:5;reduction:11;tail:22,776,212607,164983032,,,,,,,,,,,
163,3,23,23,328,115,4,5,lane_first,tdw,balanced,False,reduction:6;reduction:11;tail:23,776,221883,172181208,,,,,,,,,,,
163,3,24,24,328,120,4,5,lane_first,tdw,balanced,False,reduction:6;reduction:12;tail:24,748,231322,173028856,,,,,,,,,,,
163,3,25,25,328,125,4,5,lane_first,tdw,balanced,False,reduction:6;reduction:12;tail:25,756,240598,181892088,,,,,,,,,,,
163,3,26,26,328,120,4,5,lane_first,tdw,balanced,False,reduction:6;reduction:13;tail:16;tail:26,736,228847,168431392,,,,,,,,,,,
163,3,27,27,328,112,4,5,lane_first,tdw,balanced,False,reduction:13;tail:4;tail:27,720,237308,170861760,,,,,,,,,,,
163,3,28,28,328,112,3,5,lane_first,tdw,balanced,False,tail:28,664,245932,163298848,,,,,,,,,,,
163,3,29,29,328,116,3,5,lane_first,tdw,balanced,False,reduction:4;tail:29,664,254393,168916952,,,,,,,,,,,
163,3,30,30,328,120,3,5,lane_first,tdw,balanced,False,reduction:4;reduction:15;tail:30,636,263017,167278812,,,,,,,,,,,
163,3,31,31,328,124,3,5,lane_first,tdw,balanced,False,reduction:4;reduction:8;reduction:15;tail:31,636,271478,172660008,,,,,,,,,,,
163,3,32,32,328,128,3,5,lane_first,tdw,balanced,False,reduction:4;reduction:8;reduction:16;tail:32,636,280102,178144872,,,,,,,,,,,
163,3,33,33,328,130,3,6,lane_first,tdw,balanced,False,reduction:4;reduction:8;reduction:16;tail:31;tail:33,680,275390,187265200,,,,,,,,,,,
163,3,34,34,328,124,3,6,lane_first,tdw,balanced,False,reduction:4;reduction:8;reduction:17;tail:22;tail:34,688,269477,185400176,,,,,,,,,,,
163,3,35,35,328,118,3,6,lane_first,tdw,balanced,False,reduction:4;reduction:9;reduction:17;tail:13;tail:35,688,277123,190660624,,,,,,,,,,,
163,3,36,36,328,112,3,6,lane_first,tdw,balanced,False,reduction:4;reduction:9;reduction:18;tail:4;tail:36,672,284932,191474304,,,,,,,,,,,
163,3,37,37,328,111,2,6,lane_first,tdw,balanced,False,reduction:5;reduction:9;reduction:18;tail:37,624,292578,182568672,,,,,,,,,,,
163,3,38,38,328,114,2,6,lane_first,tdw,balanced,False,reduction:5;reduction:9;reduction:19;tail:38,624,300387,187441488,,,,,,,,,,,
163,3,39,39,328,117,2,6,lane_first,tdw,balanced,False,reduction:5;reduction:10;reduction:19;tail:39,624,308033,192212592,,,,,,,,,,,
163,3,40,40,328,120,2,6,lane_first,tdw,balanced,False,reduction:5;reduction:10;reduction:20;tail:40,624,315842,197085408,,,,,,,,,,,
163,3,41,41,328,123,2,6,lane_first,tdw,balanced,False,reduction:5;reduction:10;reduction:20;tail:41,604,323488,195386752,,,,,,,,,,,
163,3,42,42,328,126,2,6,lane_first,tdw,balanced,False,reduction:5;reduction:10;reduction:21;tail:42,604,331297,200103388,,,,,,,,,,,
163,3,43,43,328,129,2,6,lane_first,tdw,balanced,False,reduction:5;reduction:11;reduction:21;tail:43,604,338943,204721572,,,,,,,,,,,
163,3,44,44,328,132,2,6,lane_first,tdw,balanced,False,reduction:5;reduction:11;reduction:22;tail:44,604,346752,209438208,,,,,,,,,,,
163,3,45,45,328,135,2,6,lane_first,tdw,balanced,False,reduction:6;reduction:11;reduction:22;tail:45,604,354398,214056392,,,,,,,,,,,
163,3,46,46,328,138,2,6,lane_first,tdw,balanced,False,reduction:6;reduction:11;reduction:23;tail:46,604,362207,218773028,,,,,,,,,,,
163,3,47,47,328,140,2,6,lane_first,tdw,balanced,False,reduction:6;reduction:12;reduction:23;tail:46;tail:47,592,363348,215102016,,,,,,,,,,,
163,3,48,48,328,136,2,6,lane_first,tdw,balanced,False,reduction:6;reduction:12;reduction:24;tail:40;tail:48,592,338542,200416864,,,,,,,,,,,
163,3,49,49,328,132,2,6,lane_first,tdw,balanced,False,reduction:6;reduction:12;reduction:24;tail:34;tail:49,600,345373,207223800,,,,,,,,,,,
163,3,50,50,328,128,2,6,lane_first,tdw,balanced,False,reduction:6;reduction:12;reduction:25;tail:28;tail:50,592,352367,208601264,,,,,,,,,,,
163,3,51,51,328,124,2,6,lane_first,tdw,balanced,False,reduction:6;reduction:13;reduction:25;tail:22;tail:51,592,359198,212645216,,,,,,,,,,,
163,3,52,52,328,120,2,6,lane_first,tdw,balanced,False,reduction:6;reduction:13;reduction:26;tail:16;tail:52,584,366192,213856128,,,,,,,,,,,
163,3,53,53,328,116,2,6,lane_first,tdw,balanced,False,reduction:13;reduction:26;tail:10;tail:53,584,373023,217845432,,,,,,,,,,,
163,3,54,54,328,112,2,6,lane_first,tdw,balanced,False,reduction:13;tail:4;tail:54,568,380017,215849656,,,,,,,,,,,
163,3,55,55,328,110,1,6,lane_first,tdw,balanced,False,tail:55,512,386848,198066176,,,,,,,,,,,
163,3,56,56,328,112,1,6,lane_first,tdw,balanced,False,reduction:28;tail:56,512,393842,201647104,,,,,,,,,,,
163,3,57,57,328,114,1,6,lane_first,tdw,balanced,False,reduction:4;reduction:28;tail:57,512,400673,205144576,,,,,,,,,,,
163,3,58,58,328,116,1,6,lane_first,tdw,balanced,False,reduction:4;reduction:29;tail:58,512,407667,208725504,,,,,,,,,,,
163,3,59,59,328,118,1,6,lane_first,tdw,balanced,False,reduction:4;reduction:15;reduction:29;tail:59,512,414498,212222976,,,,,,,,,,,
163,3,60,60,328,120,1,6,lane_first,tdw,balanced,False,reduction:4;reduction:15;reduction:30;tail:60,512,421492,215803904,,,,,,,,,,,
163,3,61,61,328,122,1,6,lane_first,tdw,balanced,False,reduction:4;reduction:8;reduction:15;reduction:30;tail:61,512,428323,219301376,,,,,,,,,,,
163,3,62,62,328,124,1,6,lane_first,tdw,balanced,False,reduction:4;reduction:8;reduction:15;reduction:31;tail:62,512,435317,222882304,,,,,,,,,,,
163,3,63,63,328,126,1,6,lane_first,tdw,balanced,False,reduction:4;reduction:8;reduction:16;reduction:31;tail:63,512,442148,226379776,,,,,,,,,,,
163,3,64,64,328,128,1,6,lane_first,tdw,balanced,False,reduction:4;reduction:8;reduction:16;reduction:32;tail:64,512,449142,229960704,,,,,,,,,,,
163,3,65,65,328,130,1,7,lane_first,tdw,balanced,False,reduction:4;reduction:8;reduction:16;reduction:32;tail:65,560,455973,255344880,,,,,,,,,,,
163,3,66,66,328,132,1,7,lane_first,tdw,balanced,False,reduction:4;reduction:8;reduction:16;reduction:33;tail:66,540,462967,250002180,,,,,,,,,,,
163,3,67,67,328,134,1,7,lane_first,tdw,balanced,False,reduction:4;reduction:8;reduction:17;reduction:33;tail:67,548,469798,257449304,,,,,,,,,,,
163,3,68,68,328,136,1,7,lane_first,tdw,balanced,False,reduction:4;reduction:8;reduction:17;reduction:34;tail:68,548,476792,261282016,,,,,,,,,,,
163,3,69,69,328,138,1,7,lane_first,tdw,balanced,False,reduction:4;reduction:9;reduction:17;reduction:34;tail:69,556,483623,268894388,,,,,,,,,,,
163,3,70,70,328,140,1,7,lane_first,tdw,balanced,False,reduction:4;reduction:9;reduction:17;reduction:35;tail:70,556,490617,272783052,,,,,,,,,,,
163,3,71,71,328,142,1,7,lane_first,tdw,balanced,False,reduction:4;reduction:9;reduction:18;reduction:35;tail:71,556,497448,276581088,,,,,,,,,,,
163,3,72,72,328,144,1,7,lane_first,tdw,balanced,False,reduction:4;reduction:9;reduction:18;reduction:36;tail:72,556,504442,280469752,,,,,,,,,,,
163,3,73,73,328,146,1,7,lane_first,tdw,balanced,False,reduction:5;reduction:9;reduction:18;reduction:36;tail:73,564,511273,288357972,,,,,,,,,,,
163,3,74,74,328,148,1,7,lane_first,tdw,balanced,False,reduction:5;reduction:9;reduction:18;reduction:37;tail:74,564,518267,292302588,,,,,,,,,,,
163,3,75,75,328,150,1,7,lane_first,tdw,balanced,False,reduction:5;reduction:9;reduction:19;reduction:37;tail:75,564,525098,296155272,,,,,,,,,,,
163,3,76,76,328,152,1,7,lane_first,tdw,balanced,False,reduction:5;reduction:9;reduction:19;reduction:38;tail:76,564,532092,300099888,,,,,,,,,,,
163,3,77,77,328,154,1,7,lane_first,tdw,balanced,False,reduction:5;reduction:10;reduction:19;reduction:38;tail:77,564,538923,303952572,,,,,,,,,,,
163,3,78,78,328,156,1,7,lane_first,tdw,balanced,False,reduction:5;reduction:10;reduction:19;reduction:39;tail:78,564,545917,307897188,,,,,,,,,,,
163,3,79,79,328,158,1,7,lane_first,tdw,balanced,False,reduction:5;reduction:10;reduction:20;reduction:39;tail:79,564,552748,311749872,,,,,,,,,,,
163,3,80,80,328,160,1,7,lane_first,tdw,balanced,False,reduction:5;reduction:10;reduction:20;reduction:40;tail:80,564,559742,315694488,,,,,,,,,,,
163,3,81,81,328,162,1,7,lane_first,tdw,balanced,False,reduction:5;reduction:10;reduction:20;reduction:40;tail:81,572,566573,324079756,,,,,,,,,,,
163,3,82,82,328,164,1,7,lane_first,tdw,balanced,False,reduction:5;reduction:10;reduction:20;reduction:41;tail:82,560,573567,321197520,,,,,,,,,,,
163,3,83,83,328,162,1,7,lane_first,tdw,balanced,False,reduction:5;reduction:10;reduction:21;reduction:41;tail:79,560,554052,310269120,,,,,,,,,,,
163,3,84,84,328,160,1,7,lane_first,tdw,balanced,False,reduction:5;reduction:10;reduction:21;reduction:42;tail:76,560,534700,299432000,,,,,,,,,,,
163,3,85,85,328,158,1,7,lane_first,tdw,balanced,False,reduction:5;reduction:11;reduction:21;reduction:42;tail:73,560,515185,288503600,,,,,,,,,,,
163,3,86,86,328,156,1,7,lane_first,tdw,balanced,False,reduction:5;reduction:11;reduction:21;reduction:43;tail:70,560,495833,277666480,,,,,,,,,,,
163,3,87,87,328,154,1,7,lane_first,tdw,balanced,False,reduction:5;reduction:11;reduction:22;reduction:43;tail:67,560,476318,266738080,,,,,,,,,,,
163,3,88,88,328,152,1,7,lane_first,tdw,balanced,False,reduction:5;reduction:11;reduction:22;reduction:44;tail:64,552,456966,252245232,,,,,,,,,,,
163,3,89,89,328,150,1,7,lane_first,tdw,balanced,False,reduction:6;reduction:11;reduction:22;reduction:44;tail:61,552,437451,241472952,,,,,,,,,,,
163,3,90,90,328,148,1,7,lane_first,tdw,balanced,False,reduction:6;reduction:11;reduction:22;reduction:45;tail:58,552,418099,230790648,,,,,,,,,,,
163,3,91,91,328,146,1,7,lane_first,tdw,balanced,False,reduction:6;reduction:11;reduction:23;reduction:45;tail:55,552,398584,220018368,,,,,,,,,,,
163,3,92,92,328,144,1,7,lane_first,tdw,balanced,False,reduction:6;reduction:11;reduction:23;reduction:46;tail:52,552,379232,209336064,,,,,,,,,,,
163,3,93,93,328,142,1,7,lane_first,tdw,balanced,False,reduction:6;reduction:12;reduction:23;reduction:46;tail:49,552,372476,205606752,,,,,,,,,,,
163,3,94,94,328,140,1,7,lane_first,tdw,balanced,False,reduction:6;reduction:12;reduction:23;reduction:47;tail:46,552,376699,207937848,,,,,,,,,,,
163,3,95,95,328,138,1,7,lane_first,tdw,balanced,False,reduction:6;reduction:12;reduction:24;reduction:47;tail:43,552,374580,206768160,,,,,,,,,,,
163,3,96,96,328,136,1,7,lane_first,tdw,balanced,False,reduction:6;reduction:12;reduction:24;reduction:48;tail:40,552,378966,209189232,,,,,,,,,,,
163,3,97,97,328,134,1,7,lane_first,tdw,balanced,False,reduction:6;reduction:12;reduction:24;reduction:48;tail:37,560,376847,211034320,,,,,,,,,,,
163,3,98,98,328,132,1,7,lane_first,tdw,balanced,False,reduction:6;reduction:12;reduction:24;reduction:49;tail:34,560,381070,213399200,,,,,,,,,,,
163,3,99,99,328,130,1,7,lane_first,tdw,balanced,False,reduction:6;reduction:12;reduction:25;reduction:49;tail:31,552,378951,209180952,,,,,,,,,,,
163,3,100,100,328,128,1,7,lane_first,tdw,balanced,False,reduction:6;reduction:12;reduction:25;reduction:50;tail:28,552,383337,211602024,,,,,,,,,,,
163,3,101,101,328,126,1,7,lane_first,tdw,balanced,False,reduction:6;reduction:13;reduction:25;reduction:50;tail:25,552,381218,210432336,,,,,,,,,,,
163,3,102,102,328,124,1,7,lane_first,tdw,balanced,False,reduction:6;reduction:13;reduction:25;reduction:51;tail:22,552,385441,212763432,,,,,,,,,,,
163,3,103,103,328,122,1,7,lane_first,tdw,balanced,False,reduction:6;reduction:13;reduction:26;reduction:51;tail:19,552,383322,211593744,,,,,,,,,,,
163,3,104,104,328,120,1,7,lane_first,tdw,balanced,False,reduction:6;reduction:13;reduction:26;reduction:52;tail:16,544,387708,210913152,,,,,,,,,,,
163,3,105,105,328,118,1,7,lane_first,tdw,balanced,False,reduction:13;reduction:26;reduction:52;tail:13,544,385589,209760416,,,,,,,,,,,
163,3,106,106,328,116,1,7,lane_first,tdw,balanced,False,reduction:13;reduction:26;reduction:53;tail:10,544,389812,212057728,,,,,,,,,,,
163,3,107,107,328,114,1,7,lane_first,tdw,balanced,False,reduction:13;reduction:53;tail:7,536,387693,207803448,,,,,,,,,,,
163,3,108,108,328,112,1,7,lane_first,tdw,balanced,False,reduction:13;reduction:54;tail:4,528,392079,207017712,,,,,,,,,,,
163,3,109,109,328,110,1,7,lane_first,tdw,balanced,False,reduction:54;tail:1,512,389960,199659520,,,,,,,,,,,
163,3,110,110,328,110,0,7,lane_first,tdw,balanced,False,reduction:55,472,395813,186823736,,,,,,,,,,,
163,3,111,111,328,111,0,7,lane_first,tdw,balanced,False,reduction:28;reduction:55,472,396139,186977608,,,,,,,,,,,
163,3,112,112,328,112,0,7,lane_first,tdw,balanced,False,reduction:28;reduction:56,472,402970,190201840,,,,,,,,,,,
163,3,113,113,328,113,0,7,lane_first,tdw,balanced,False,reduction:4;reduction:28;reduction:56,472,403296,190355712,,,,,,,,,,,
163,3,114,114,328,114,0,7,lane_first,tdw,balanced,False,reduction:4;reduction:28;reduction:57,472,409964,193503008,,,,,,,,,,,
163,3,115,115,328,115,0,7,lane_first,tdw,balanced,False,reduction:4;reduction:29;reduction:57,472,410290,193656880,,,,,,,,,,,
163,3,116,116,328,116,0,7,lane_first,tdw,balanced,False,reduction:4;reduction:29;reduction:58,472,417121,196881112,,,,,,,,,,,
163,3,117,117,328,117,0,7,lane_first,tdw,balanced,False,reduction:4;reduction:15;reduction:29;reduction:58,472,417447,197034984,,,,,,,,,,,
163,3,118,118,328,118,0,7,lane_first,tdw,balanced,False,reduction:4;reduction:15;reduction:29;reduction:59,472,424115,200182280,,,,,,,,,,,
163,3,119,119,328,119,0,7,lane_first,tdw,balanced,False,reduction:4;reduction:15;reduction:30;reduction:59,472,424441,200336152,,,,,,,,,,,
163,3,120,120,328,120,0,7,lane_first,tdw,balanced,False,reduction:4;reduction:15;reduction:30;reduction:60,472,431272,203560384,,,,,,,,,,,
163,3,121,121,328,121,0,7,lane_first,tdw,balanced,False,reduction:4;reduction:8;reduction:15;reduction:30;reduction:60,472,431598,203714256,,,,,,,,,,,
163,3,122,122,328,122,0,7,lane_first,tdw,balanced,False,reduction:4;reduction:8;reduction:15;reduction:30;reduction:61,472,438266,206861552,,,,,,,,,,,
163,3,123,123,328,123,0,7,lane_first,tdw,balanced,False,reduction:4;reduction:8;reduction:15;reduction:31;reduction:61,472,438592,207015424,,,,,,,,,,,
163,3,124,124,328,124,0,7,lane_first,tdw,balanced,False,reduction:4;reduction:8;reduction:15;reduction:31;reduction:62,472,445423,210239656,,,,,,,,,,,
163,3,125,125,328,125,0,7,lane_first,tdw,balanced,False,reduction:4;reduction:8;reduction:16;reduction:31;reduction:62,472,445749,210393528,,,,,,,,,,,
163,3,126,126,328,126,0,7,lane_first,tdw,balanced,False,reduction:4;reduction:8;reduction:16;reduction:31;reduction:63,472,452417,213540824,,,,,,,,,,,
163,3,127,127,328,127,0,7,lane_first,tdw,balanced,False,reduction:4;reduction:8;reduction:16;reduction:32;reduction:63,472,452743,213694696,,,,,,,,,,,
163,3,128,128,328,128,0,7,lane_first,tdw,balanced,False,reduction:4;reduction:8;reduction:16;reduction:32;reduction:64,472,459574,216918928,,,,,,,,,,,
163,3,129,129,328,129,0,8,lane_first,tdw,balanced,False,reduction:4;reduction:8;reduction:16;reduction:32;reduction:64,512,459900,235468800,,,,,,,,,,,
163,3,130,130,328,130,0,8,lane_first,tdw,balanced,False,reduction:4;reduction:8;reduction:16;reduction:32;reduction:65,520,466568,242615360,,,,,,,,,,,
163,3,131,131,328,131,0,8,lane_first,tdw,balanced,False,reduction:4;reduction:8;reduction:16;reduction:33;reduction:65,528,466894,246520032,,,,,,,,,,,
163,3,132,132,328,132,0,8,lane_first,tdw,balanced,False,reduction:4;reduction:8;reduction:16;reduction:33;reduction:66,528,473725,250126800,,,,,,,,,,,
163,3,133,133,328,133,0,8,lane_first,tdw,balanced,False,reduction:4;reduction:8;reduction:17;reduction:33;reduction:66,536,474051,254091336,,,,,,,,,,,
163,3,134,134,328,134,0,8,lane_first,tdw,balanced,False,reduction:4;reduction:8;reduction:17;reduction:33;reduction:67,536,480719,257665384,,,,,,,,,,,
163,3,135,135,328,135,0,8,lane_first,tdw,balanced,False,reduction:4;reduction:8;reduction:17;reduction:34;reduction:67,536,481045,257840120,,,,,,,,,,,
163,3,136,136,328,136,0,8,lane_first,tdw,balanced,False,reduction:4;reduction:8;reduction:17;reduction:34;reduction:68,536,487876,261501536,,,,,,,,,,,
163,3,137,137,328,137,0,8,lane_first,tdw,balanced,False,reduction:4;reduction:9;reduction:17;reduction:34;reduction:68,544,488202,265581888,,,,,,,,,,,
163,3,138,138,328,138,0,8,lane_first,tdw,balanced,False,reduction:4;reduction:9;reduction:17;reduction:34;reduction:69,544,494870,269209280,,,,,,,,,,,
163,3,139,139,328,139,0,8,lane_first,tdw,balanced,False,reduction:4;reduction:9;reduction:17;reduction:35;reduction:69,544,495196,269386624,,,,,,,,,,,
163,3,140,140,328,140,0,8,lane_first,tdw,balanced,False,reduction:4;reduction:9;reduction:17;reduction:35;reduction:70,544,502027,273102688,,,,,,,,,,,
163,3,141,141,328,141,0,8,lane_first,tdw,balanced,False,reduction:4;reduction:9;reduction:18;reduction:35;reduction:70,544,502353,273280032,,,,,,,,,,,
163,3,142,142,328,142,0,8,lane_first,tdw,balanced,False,reduction:4;reduction:9;reduction:18;reduction:35;reduction:71,544,509021,276907424,,,,,,,,,,,
163,3,143,143,328,143,0,8,lane_first,tdw,balanced,False,reduction:4;reduction:9;reduction:18;reduction:36;reduction:71,544,509347,277084768,,,,,,,,,,,
163,3,144,144,328,144,0,8,lane_first,tdw,balanced,False,reduction:4;reduction:9;reduction:18;reduction:36;reduction:72,544,516178,280800832,,,,,,,,,,,
163,3,145,145,328,145,0,8,lane_first,tdw,balanced,False,reduction:5;reduction:9;reduction:18;reduction:36;reduction:72,552,516504,285110208,,,,,,,,,,,
163,3,146,146,328,146,0,8,lane_first,tdw,balanced,False,reduction:5;reduction:9;reduction:18;reduction:36;reduction:73,552,523172,288790944,,,,,,,,,,,
163,3,147,147,328,147,0,8,lane_first,tdw,balanced,False,reduction:5;reduction:9;reduction:18;reduction:37;reduction:73,552,523498,288970896,,,,,,,,,,,
163,3,148,148,328,148,0,8,lane_first,tdw,balanced,False,reduction:5;reduction:9;reduction:18;reduction:37;reduction:74,552,530329,292741608,,,,,,,,,,,
163,3,149,149,328,149,0,8,lane_first,tdw,balanced,False,reduction:5;reduction:9;reduction:19;reduction:37;reduction:74,552,530655,292921560,,,,,,,,,,,
163,3,150,150,328,150,0,8,lane_first,tdw,balanced,False,reduction:5;reduction:9;reduction:19;reduction:37;reduction:75,552,537323,296602296,,,,,,,,,,,
163,3,151,151,328,151,0,8,lane_first,tdw,balanced,False,reduction:5;reduction:9;reduction:19;reduction:38;reduction:75,552,537649,296782248,,,,,,,,,,,
163,3,152,152,328,152,0,8,lane_first,tdw,balanced,False,reduction:5;reduction:9;reduction:19;reduction:38;reduction:76,552,544480,300552960,,,,,,,,,,,
163,3,153,153,328,153,0,8,lane_first,tdw,balanced,False,reduction:5;reduction:10;reduction:19;reduction:38;reduction:76,552,544806,300732912,,,,,,,,,,,
163,3,154,154,328,154,0,8,lane_first,tdw,balanced,False,reduction:5;reduction:10;reduction:19;reduction:38;reduction:77,552,551474,304413648,,,,,,,,,,,
163,3,155,155,328,155,0,8,lane_first,tdw,balanced,False,reduction:5;reduction:10;reduction:19;reduction:39;reduction:77,552,551800,304593600,,,,,,,,,,,
163,3,156,156,328,156,0,8,lane_first,tdw,balanced,False,reduction:5;reduction:10;reduction:19;reduction:39;reduction:78,552,558631,308364312,,,,,,,,,,,
163,3,157,157,328,157,0,8,lane_first,tdw,balanced,False,reduction:5;reduction:10;reduction:20;reduction:39;reduction:78,552,558957,308544264,,,,,,,,,,,
163,3,158,158,328,158,0,8,lane_first,tdw,balanced,False,reduction:5;reduction:10;reduction:20;reduction:39;reduction:79,552,565625,312225000,,,,,,,,,,,
163,3,159,159,328,159,0,8,lane_first,tdw,balanced,False,reduction:5;reduction:10;reduction:20;reduction:40;reduction:79,552,565951,312404952,,,,,,,,,,,
163,3,160,160,328,160,0,8,lane_first,tdw,balanced,False,reduction:5;reduction:10;reduction:20;reduction:40;reduction:80,552,572782,316175664,,,,,,,,,,,
163,3,161,161,328,161,0,8,lane_first,tdw,balanced,False,reduction:5;reduction:10;reduction:20;reduction:40;reduction:80,560,573108,320940480,,,,,,,,,,,
163,3,162,162,328,162,0,8,lane_first,tdw,balanced,False,reduction:5;reduction:10;reduction:20;reduction:40;reduction:81,560,579776,324674560,,,,,,,,,,,
163,3,163,163,328,163,0,8,lane_first,tdw,balanced,False,reduction:5;reduction:10;reduction:20;reduction:41;reduction:81,560,580102,324857120,,,,,,,,,,,
163,3,164,164,328,164,0,8,lane_first,tdw,balanced,False,reduction:5;reduction:10;reduction:20;reduction:41;reduction:82,544,586933,319291552,,,,,,,,,,,
163,3,165,165,328,165,0,8,lane_first,tdw,balanced,False,reduction:5;reduction:10;reduction:21;reduction:41;reduction:82,544,587259,319468896,,,,,,,,,,,
163,3,166,166,328,166,0,8,lane_first,tdw,balanced,False,reduction:5;reduction:10;reduction:21;reduction:41;reduction:83,544,593927,323096288,,,,,,,,,,,
163,3,167,167,328,167,0,8,lane_first,tdw,balanced,False,reduction:5;reduction:10;reduction:21;reduction:42;reduction:83,544,594253,323273632,,,,,,,,,,,
163,3,168,168,328,168,0,8,lane_first,tdw,balanced,False,reduction:5;reduction:10;reduction:21;reduction:42;reduction:84,544,601084,326989696,,,,,,,,,,,
163,3,169,169,328,169,0,8,lane_first,tdw,balanced,False,reduction:5;reduction:11;reduction:21;reduction:42;reduction:84,544,601410,327167040,,,,,,,,,,,
163,3,170,170,328,170,0,8,lane_first,tdw,balanced,False,reduction:5;reduction:11;reduction:21;reduction:42;reduction:85,544,608078,330794432,,,,,,,,,,,
163,3,171,171,328,171,0,8,lane_first,tdw,balanced,False,reduction:5;reduction:11;reduction:21;reduction:43;reduction:85,544,608404,330971776,,,,,,,,,,,
163,3,172,172,328,172,0,8,lane_first,tdw,balanced,False,reduction:5;reduction:11;reduction:21;reduction:43;reduction:86,544,615235,334687840,,,,,,,,,,,
163,3,173,173,328,173,0,8,lane_first,tdw,balanced,False,reduction:5;reduction:11;reduction:22;reduction:43;reduction:86,544,615561,334865184,,,,,,,,,,,
163,3,174,174,328,174,0,8,lane_first,tdw,balanced,False,reduction:5;reduction:11;reduction:22;reduction:43;reduction:87,544,622229,338492576,,,,,,,,,,,
163,3,175,175,328,175,0,8,lane_first,tdw,balanced,False,reduction:5;reduction:11;reduction:22;reduction:44;reduction:87,544,622555,338669920,,,,,,,,,,,
163,3,176,176,328,176,0,8,lane_first,tdw,balanced,False,reduction:5;reduction:11;reduction:22;reduction:44;reduction:88,544,629386,342385984,,,,,,,,,,,
163,3,177,177,328,177,0,8,lane_first,tdw,balanced,False,reduction:6;reduction:11;reduction:22;reduction:44;reduction:88,544,629712,342563328,,,,,,,,,,,
163,3,178,178,328,178,0,8,lane_first,tdw,balanced,False,reduction:6;reduction:11;reduction:22;reduction:44;reduction:89,544,636380,346190720,,,,,,,,,,,
163,3,179,179,328,179,0,8,lane_first,tdw,balanced,False,reduction:6;reduction:11;reduction:22;reduction:45;reduction:89,544,636706,346368064,,,,,,,,,,,
163,3,180,180,328,180,0,8,lane_first,tdw,balanced,False,reduction:6;reduction:11;reduction:22;reduction:45;reduction:90,544,643537,350084128,,,,,,,,,,,
163,3,181,181,328,181,0,8,lane_first,tdw,balanced,False,reduction:6;reduction:11;reduction:23;reduction:45;reduction:90,544,643863,350261472,,,,,,,,,,,
163,3,182,182,328,182,0,8,lane_first,tdw,balanced,False,reduction:6;reduction:11;reduction:23;reduction:45;reduction:91,544,650531,353888864,,,,,,,,,,,
163,3,183,183,328,183,0,8,lane_first,tdw,balanced,False,reduction:6;reduction:11;reduction:23;reduction:46;reduction:91,544,650857,354066208,,,,,,,,,,,
163,3,184,184,328,184,0,8,lane_first,tdw,balanced,False,reduction:6;reduction:11;reduction:23;reduction:46;reduction:92,544,657688,357782272,,,,,,,,,,,
163,3,185,185,328,185,0,8,lane_first,tdw,balanced,False,reduction:6;reduction:12;reduction:23;reduction:46;reduction:92,544,658014,357959616,,,,,,,,,,,
163,3,186,186,328,186,0,8,lane_first,tdw,balanced,False,reduction:6;reduction:12;reduction:23;reduction:46;reduction:93,544,664682,361587008,,,,,,,,,,,
163,3,187,187,328,187,0,8,lane_first,tdw,balanced,False,reduction:6;reduction:12;reduction:23;reduction:47;reduction:93,544,665008,361764352,,,,,,,,,,,
163,3,188,188,328,188,0,8,lane_first,tdw,balanced,False,reduction:6;reduction:12;reduction:23;reduction:47;reduction:94,544,671839,365480416,,,,,,,,,,,
163,3,189,189,328,189,0,8,lane_first,tdw,balanced,False,reduction:6;reduction:12;reduction:24;reduction:47;reduction:94,544,672165,365657760,,,,,,,,,,,
163,3,190,190,328,190,0,8,lane_first,tdw,balanced,False,reduction:6;reduction:12;reduction:24;reduction:47;reduction:95,544,678833,369285152,,,,,,,,,,,
163,3,191,191,328,191,0,8,lane_first,tdw,balanced,False,reduction:6;reduction:12;reduction:24;reduction:48;reduction:95,544,679159,369462496,,,,,,,,,,,
163,3,192,192,328,192,0,8,lane_first,tdw,balanced,False,reduction:6;reduction:12;reduction:24;reduction:48;reduction:96,544,685990,373178560,,,,,,,,,,,
163,3,193,193,328,193,0,8,lane_first,tdw,balanced,False,reduction:6;reduction:12;reduction:24;reduction:48;reduction:96,552,686316,378846432,,,,,,,,,,,
163,3,194,194,328,194,0,8,lane_first,tdw,balanced,False,reduction:6;reduction:12;reduction:24;reduction:48;reduction:97,552,692984,382527168,,,,,,,,,,,
163,3,195,195,328,195,0,8,lane_first,tdw,balanced,False,reduction:6;reduction:12;reduction:24;reduction:49;reduction:97,552,693310,382707120,,,,,,,,,,,
163,3,196,196,328,196,0,8,lane_first,tdw,balanced,False,reduction:6;reduction:12;reduction:24;reduction:49;reduction:98,552,700141,386477832,,,,,,,,,,,
163,3,197,197,328,197,0,8,lane_first,tdw,balanced,False,reduction:6;reduction:12;reduction:25;reduction:49;reduction:98,552,700467,386657784,,,,,,,,,,,
163,3,198,198,328,198,0,8,lane_first,tdw,balanced,False,reduction:6;reduction:12;reduction:25;reduction:49;reduction:99,552,707135,390338520,,,,,,,,,,,
163,3,199,199,328,199,0,8,lane_first,tdw,balanced,False,reduction:6;reduction:12;reduction:25;reduction:50;reduction:99,552,707461,390518472,,,,,,,,,,,
163,3,200,200,328,200,0,8,lane_first,tdw,balanced,False,reduction:6;reduction:12;reduction:25;reduction:50;reduction:100,552,714292,394289184,,,,,,,,,,,
163,3,201,201,328,201,0,8,lane_first,tdw,balanced,False,reduction:6;reduction:13;reduction:25;reduction:50;reduction:100,552,714618,394469136,,,,,,,,,,,
163,3,202,202,328,202,0,8,lane_first,tdw,balanced,False,reduction:6;reduction:13;reduction:25;reduction:50;reduction:101,552,721286,398149872,,,,,,,,,,,
163,3,203,203,328,203,0,8,lane_first,tdw,balanced,False,reduction:6;reduction:13;reduction:25;reduction:51;reduction:101,552,721612,398329824,,,,,,,,,,,
163,3,204,204,328,204,0,8,lane_first,tdw,balanced,False,reduction:6;reduction:13;reduction:25;reduction:51;reduction:102,552,728443,402100536,,,,,,,,,,,
163,3,205,205,328,205,0,8,lane_first,tdw,balanced,False,reduction:6;reduction:13;reduction:26;reduction:51;reduction:102,552,728769,402280488,,,,,,,,,,,
163,3,206,206,328,206,0,8,lane_first,tdw,balanced,False,reduction:6;reduction:13;reduction:26;reduction:51;reduction:103,552,735437,405961224,,,,,,,,,,,
163,3,207,207,328,207,0,8,lane_first,tdw,balanced,False,reduction:6;reduction:13;reduction:26;reduction:52;reduction:103,552,735763,406141176,,,,,,,,,,,
163,3,208,208,328,208,0,8,lane_first,tdw,balanced,False,reduction:6;reduction:13;reduction:26;reduction:52;reduction:104,552,742594,409911888,,,,,,,,,,,
163,3,209,209,328,209,0,8,lane_first,tdw,balanced,False,reduction:13;reduction:26;reduction:52;reduction:104,552,742920,410091840,,,,,,,,,,,
163,3,210,210,328,210,0,8,lane_first,tdw,balanced,False,reduction:13;reduction:26;reduction:52;reduction:105,552,749588,413772576,,,,,,,,,,,
163,3,211,211,328,211,0,8,lane_first,tdw,balanced,False,reduction:13;reduction:26;reduction:53;reduction:105,552,749914,413952528,,,,,,,,,,,
163,3,212,212,328,212,0,8,lane_first,tdw,balanced,False,reduction:13;reduction:26;reduction:53;reduction:106,552,756745,417723240,,,,,,,,,,,
163,3,213,213,328,213,0,8,lane_first,tdw,balanced,False,reduction:13;reduction:53;reduction:106,552,757071,417903192,,,,,,,,,,,
163,3,214,214,328,214,0,8,lane_first,tdw,balanced,False,reduction:13;reduction:53;reduction:107,552,763739,421583928,,,,,,,,,,,
163,3,215,215,328,215,0,8,lane_first,tdw,balanced,False,reduction:13;reduction:54;reduction:107,552,764065,421763880,,,,,,,,,,,
163,3,216,216,328,216,0,8,lane_first,tdw,balanced,False,reduction:13;reduction:54;reduction:108,552,770896,425534592,,,,,,,,,,,
163,3,217,217,328,217,0,8,lane_first,tdw,balanced,False,reduction:54;reduction:108,552,771222,425714544,,,,,,,,,,,
163,3,218,218,328,218,0,8,lane_first,tdw,balanced,False,reduction:54;reduction:109,552,777890,429395280,,,,,,,,,,,
163,3,219,219,328,219,0,8,lane_first,tdw,balanced,False,reduction:55;reduction:109,552,778216,429575232,,,,,,,,,,,
163,3,220,220,328,220,0,8,lane_first,tdw,balanced,False,reduction:55;reduction:110,552,785047,433345944,,,,,,,,,,,
163,3,221,221,328,221,0,8,lane_first,tdw,balanced,False,reduction:28;reduction:55;reduction:110,552,785373,433525896,,,,,,,,,,,
163,3,222,222,328,222,0,8,lane_first,tdw,balanced,False,reduction:28;reduction:55;reduction:111,552,792041,437206632,,,,,,,,,,,
163,3,223,223,328,223,0,8,lane_first,tdw,balanced,False,reduction:28;reduction:56;reduction:111,552,792367,437386584,,,,,,,,,,,
163,3,224,224,328,224,0,8,lane_first,tdw,balanced,False,reduction:28;reduction:56;reduction:112,552,799198,441157296,,,,,,,,,,,
163,3,225,225,328,225,0,8,lane_first,tdw,balanced,False,reduction:4;reduction:28;reduction:56;reduction:112,552,799524,441337248,,,,,,,,,,,
163,3,226,226,328,226,0,8,lane_first,tdw,balanced,False,reduction:4;reduction:28;reduction:56;reduction:113,552,806192,445017984,,,,,,,,,,,
163,3,227,227,328,227,0,8,lane_first,tdw,balanced,False,reduction:4;reduction:28;reduction:57;reduction:113,552,806518,445197936,,,,,,,,,,,
163,3,228,228,328,228,0,8,lane_first,tdw,balanced,False,reduction:4;reduction:28;reduction:57;reduction:114,552,813349,448968648,,,,,,,,,,,
163,3,229,229,328,229,0,8,lane_first,tdw,balanced,False,reduction:4;reduction:29;reduction:57;reduction:114,552,813675,449148600,,,,,,,,,,,
163,3,230,230,328,230,0,8,lane_first,tdw,balanced,False,reduction:4;reduction:29;reduction:57;reduction:115,552,820343,452829336,,,,,,,,,,,
163,3,231,231,328,231,0,8,lane_first,tdw,balanced,False,reduction:4;reduction:29;reduction:58;reduction:115,552,820669,453009288,,,,,,,,,,,
163,3,232,232,328,232,0,8,lane_first,tdw,balanced,False,reduction:4;reduction:29;reduction:58;reduction:116,552,827500,456780000,,,,,,,,,,,
163,3,233,233,328,233,0,8,lane_first,tdw,balanced,False,reduction:4;reduction:15;reduction:29;reduction:58;reduction:116,552,827826,456959952,,,,,,,,,,,
163,3,234,234,328,234,0,8,lane_first,tdw,balanced,False,reduction:4;reduction:15;reduction:29;reduction:58;reduction:117,552,834494,460640688,,,,,,,,,,,
163,3,235,235,328,235,0,8,lane_first,tdw,balanced,False,reduction:4;reduction:15;reduction:29;reduction:59;reduction:117,552,834820,460820640,,,,,,,,,,,
163,3,236,236,328,236,0,8,lane_first,tdw,balanced,False,reduction:4;reduction:15;reduction:29;reduction:59;reduction:118,552,841651,464591352,,,,,,,,,,,
163,3,237,237,328,237,0,8,lane_first,tdw,balanced,False,reduction:4;reduction:15;reduction:30;reduction:59;reduction:118,552,841977,464771304,,,,,,,,,,,
163,3,238,238,328,238,0,8,lane_first,tdw,balanced,False,reduction:4;reduction:15;reduction:30;reduction:59;reduction:119,552,848645,468452040,,,,,,,,,,,
163,3,239,239,328,239,0,8,lane_first,tdw,balanced,False,reduction:4;reduction:15;reduction:30;reduction:60;reduction:119,552,848971,468631992,,,,,,,,,,,
163,3,240,240,328,240,0,8,lane_first,tdw,balanced,False,reduction:4;reduction:15;reduction:30;reduction:60;reduction:120,552,855802,472402704,,,,,,,,,,,
163,3,241,241,328,241,0,8,lane_first,tdw,balanced,False,reduction:4;reduction:8;reduction:15;reduction:30;reduction:60;reduction:120,552,856128,472582656,,,,,,,,,,,
163,3,242,242,328,242,0,8,lane_first,tdw,balanced,False,reduction:4;reduction:8;reduction:15;reduction:30;reduction:60;reduction:121,552,862796,476263392,,,,,,,,,,,
163,3,243,243,328,243,0,8,lane_first,tdw,balanced,False,reduction:4;reduction:8;reduction:15;reduction:30;reduction:61;reduction:121,552,863122,476443344,,,,,,,,,,,
163,3,244,244,328,244,0,8,lane_first,tdw,balanced,False,reduction:4;reduction:8;reduction:15;reduction:30;reduction:61;reduction:122,552,869953,480214056,,,,,,,,,,,
163,3,245,245,328,245,0,8,lane_first,tdw,balanced,False,reduction:4;reduction:8;reduction:15;reduction:31;reduction:61;reduction:122,552,870279,480394008,,,,,,,,,,,
163,3,246,246,328,246,0,8,lane_first,tdw,balanced,False,reduction:4;reduction:8;reduction:15;reduction:31;reduction:61;reduction:123,552,876947,484074744,,,,,,,,,,,
163,3,247,247,328,247,0,8,lane_first,tdw,balanced,False,reduction:4;reduction:8;reduction:15;reduction:31;reduction:62;reduction:123,552,877273,484254696,,,,,,,,,,,
163,3,248,248,328,248,0,8,lane_first,tdw,balanced,False,reduction:4;reduction:8;reduction:15;reduction:31;reduction:62;reduction:124,552,884104,488025408,,,,,,,,,,,
163,3,249,249,328,249,0,8,lane_first,tdw,balanced,False,reduction:4;reduction:8;reduction:16;reduction:31;reduction:62;reduction:124,552,884430,488205360,,,,,,,,,,,
163,3,250,250,328,250,0,8,lane_first,tdw,balanced,False,reduction:4;reduction:8;reduction:16;reduction:31;reduction:62;reduction:125,552,891098,491886096,,,,,,,,,,,
163,3,251,251,328,251,0,8,lane_first,tdw,balanced,False,reduction:4;reduction:8;reduction:16;reduction:31;reduction:63;reduction:125,552,891424,492066048,,,,,,,,,,,
163,3,252,252,328,252,0,8,lane_first,tdw,balanced,False,reduction:4;reduction:8;reduction:16;reduction:31;reduction:63;reduction:126,552,898255,495836760,,,,,,,,,,,
163,3,253,253,328,253,0,8,lane_first,tdw,balanced,False,reduction:4;reduction:8;reduction:16;reduction:32;reduction:63;reduction:126,552,898581,496016712,,,,,,,,,,,
163,3,254,254,328,254,0,8,lane_first,tdw,balanced,False,reduction:4;reduction:8;reduction:16;reduction:32;reduction:63;reduction:127,552,905249,499697448,,,,,,,,,,,
163,3,255,255,328,255,0,8,lane_first,tdw,balanced,False,reduction:4;reduction:8;reduction:16;reduction:32;reduction:64;reduction:127,552,905575,499877400,,,,,,,,,,,
163,3,256,256,328,256,0,8,lane_first,tdw,balanced,False,reduction:4;reduction:8;reduction:16;reduction:32;reduction:64;reduction:128,552,912406,503648112,,,,,,,,,,,
163,3,257,257,328,257,0,9,lane_first,tdw,balanced,False,reduction:4;reduction:8;reduction:16;reduction:32;reduction:64;reduction:128,592,912732,540337344,,,,,,,,,,,
163,3,258,258,328,258,0,9,lane_first,tdw,balanced,False,reduction:4;reduction:8;reduction:16;reduction:32;reduction:64;reduction:129,600,919400,551640000,,,,,,,,,,,
163,3,259,259,328,259,0,9,lane_first,tdw,balanced,False,reduction:4;reduction:8;reduction:16;reduction:32;reduction:65;reduction:129,608,919726,559193408,,,,,,,,,,,
163,3,260,260,328,260,0,9,lane_first,tdw,balanced,False,reduction:4;reduction:8;reduction:16;reduction:32;reduction:65;reduction:130,608,926557,563346656,,,,,,,,,,,
163,3,261,261,328,261,0,9,lane_first,tdw,balanced,False,reduction:4;reduction:8;reduction:16;reduction:33;reduction:65;reduction:130,616,926883,570959928,,,,,,,,,,,
163,3,262,262,328,262,0,9,lane_first,tdw,balanced,False,reduction:4;reduction:8;reduction:16;reduction:33;reduction:65;reduction:131,616,933551,575067416,,,,,,,,,,,
163,3,263,263,328,263,0,9,lane_first,tdw,balanced,False,reduction:4;reduction:8;reduction:16;reduction:33;reduction:66;reduction:131,616,933877,575268232,,,,,,,,,,,
163,3,264,264,328,264,0,9,lane_first,tdw,balanced,False,reduction:4;reduction:8;reduction:16;reduction:33;reduction:66;reduction:132,616,940708,579476128,,,,,,,,,,,
163,3,265,265,328,265,0,9,lane_first,tdw,balanced,False,reduction:4;reduction:8;reduction:17;reduction:33;reduction:66;reduction:132,624,941034,587205216,,,,,,,,,,,
163,3,266,266,328,266,0,9,lane_first,tdw,balanced,False,reduction:4;reduction:8;reduction:17;reduction:33;reduction:66;reduction:133,624,947702,591366048,,,,,,,,,,,
163,3,267,267,328,267,0,9,lane_first,tdw,balanced,False,reduction:4;reduction:8;reduction:17;reduction:33;reduction:67;reduction:133,624,948028,591569472,,,,,,,,,,,
163,3,268,268,328,268,0,9,lane_first,tdw,balanced,False,reduction:4;reduction:8;reduction:17;reduction:33;reduction:67;reduction:134,624,954859,595832016,,,,,,,,,,,
163,3,269,269,328,269,0,9,lane_first,tdw,balanced,False,reduction:4;reduction:8;reduction:17;reduction:34;reduction:67;reduction:134,624,955185,596035440,,,,,,,,,,,
163,3,270,270,328,270,0,9,lane_first,tdw,balanced,False,reduction:4;reduction:8;reduction:17;reduction:34;reduction:67;reduction:135,624,961853,600196272,,,,,,,,,,,
163,3,271,271,328,271,0,9,lane_first,tdw,balanced,False,reduction:4;reduction:8;reduction:17;reduction:34;reduction:68;reduction:135,624,962179,600399696,,,,,,,,,,,
163,3,272,272,328,272,0,9,lane_first,tdw,balanced,False,reduction:4;reduction:8;reduction:17;reduction:34;reduction:68;reduction:136,624,969010,604662240,,,,,,,,,,,
163,3,273,273,328,273,0,9,lane_first,tdw,balanced,False,reduction:4;reduction:9;reduction:17;reduction:34;reduction:68;reduction:136,632,969336,612620352,,,,,,,,,,,
163,3,274,274,328,274,0,9,lane_first,tdw,balanced,False,reduction:4;reduction:9;reduction:17;reduction:34;reduction:68;reduction:137,632,976004,616834528,,,,,,,,,,,
163,3,275,275,328,275,0,9,lane_first,tdw,balanced,False,reduction:4;reduction:9;reduction:17;reduction:34;reduction:69;reduction:137,632,976330,617040560,,,,,,,,,,,
163,3,276,276,328,276,0,9,lane_first,tdw,balanced,False,reduction:4;reduction:9;reduction:17;reduction:34;reduction:69;reduction:138,632,983161,621357752,,,,,,,,,,,
163,3,277,277,328,277,0,9,lane_first,tdw,balanced,False,reduction:4;reduction:9;reduction:17;reduction:35;reduction:69;reduction:138,632,983487,621563784,,,,,,,,,,,
163,3,278,278,328,278,0,9,lane_first,tdw,balanced,False,reduction:4;reduction:9;reduction:17;reduction:35;reduction:69;reduction:139,632,990155,625777960,,,,,,,,,,,
163,3,279,279,328,279,0,9,lane_first,tdw,balanced,False,reduction:4;reduction:9;reduction:17;reduction:35;reduction:70;reduction:139,632,990481,625983992,,,,,,,,,,,
163,3,280,280,328,280,0,9,lane_first,tdw,balanced,False,reduction:4;reduction:9;reduction:17;reduction:35;reduction:70;reduction:140,632,997312,630301184,,,,,,,,,,,
163,3,281,281,328,281,0,9,lane_first,tdw,balanced,False,reduction:4;reduction:9;reduction:18;reduction:35;reduction:70;reduction:140,632,997638,630507216,,,,,,,,,,,
163,3,282,282,328,282,0,9,lane_first,tdw,balanced,False,reduction:4;reduction:9;reduction:18;reduction:35;reduction:70;reduction:141,632,1004306,634721392,,,,,,,,,,,
163,3,283,283,328,283,0,9,lane_first,tdw,balanced,False,reduction:4;reduction:9;reduction:18;reduction:35;reduction:71;reduction:141,632,1004632,634927424,,,,,,,,,,,
163,3,284,284,328,284,0,9,lane_first,tdw,balanced,False,reduction:4;reduction:9;reduction:18;reduction:35;reduction:71;reduction:142,632,1011463,639244616,,,,,,,,,,,
163,3,285,285,328,285,0,9,lane_first,tdw,balanced,False,reduction:4;reduction:9;reduction:18;reduction:36;reduction:71;reduction:142,632,1011789,639450648,,,,,,,,,,,
163,3,286,286,328,286,0,9,lane_first,tdw,balanced,False,reduction:4;reduction:9;reduction:18;reduction:36;reduction:71;reduction:143,632,1018457,643664824,,,,,,,,,,,
163,3,287,287,328,287,0,9,lane_first,tdw,balanced,False,reduction:4;reduction:9;reduction:18;reduction:36;reduction:72;reduction:143,632,1018783,643870856,,,,,,,,,,,
163,3,288,288,328,288,0,9,lane_first,tdw,balanced,False,reduction:4;reduction:9;reduction:18;reduction:36;reduction:72;reduction:144,632,1025614,648188048,,,,,,,,,,,
163,3,289,289,328,289,0,9,lane_first,tdw,balanced,False,reduction:5;reduction:9;reduction:18;reduction:36;reduction:72;reduction:144,640,1025940,656601600,,,,,,,,,,,
163,3,290,290,328,290,0,9,lane_first,tdw,balanced,False,reduction:5;reduction:9;reduction:18;reduction:36;reduction:72;reduction:145,640,1032608,660869120,,,,,,,,,,,
163,3,291,291,328,291,0,9,lane_first,tdw,balanced,False,reduction:5;reduction:9;reduction:18;reduction:36;reduction:73;reduction:145,640,1032934,661077760,,,,,,,,,,,
163,3,292,292,328,292,0,9,lane_first,tdw,balanced,False,reduction:5;reduction:9;reduction:18;reduction:36;reduction:73;reduction:146,640,1039765,665449600,,,,,,,,,,,
163,3,293,293,328,293,0,9,lane_first,tdw,balanced,False,reduction:5;reduction:9;reduction:18;reduction:37;reduction:73;reduction:146,640,1040091,665658240,,,,,,,,,,,
163,3,294,294,328,294,0,9,lane_first,tdw,balanced,False,reduction:5;reduction:9;reduction:18;reduction:37;reduction:73;reduction:147,640,1046759,669925760,,,,,,,,,,,
163,3,295,295,328,295,0,9,lane_first,tdw,balanced,False,reduction:5;reduction:9;reduction:18;reduction:37;reduction:74;reduction:147,640,1047085,670134400,,,,,,,,,,,
163,3,296,296,328,296,0,9,lane_first,tdw,balanced,False,reduction:5;reduction:9;reduction:18;reduction:37;reduction:74;reduction:148,640,1053916,674506240,,,,,,,,,,,
163,3,297,297,328,297,0,9,lane_first,tdw,balanced,False,reduction:5;reduction:9;reduction:19;reduction:37;reduction:74;reduction:148,640,1054242,674714880,,,,,,,,,,,
163,3,298,298,328,298,0,9,lane_first,tdw,balanced,False,reduction:5;reduction:9;reduction:19;reduction:37;reduction:74;reduction:149,640,1060910,678982400,,,,,,,,,,,
163,3,299,299,328,299,0,9,lane_first,tdw,balanced,False,reduction:5;reduction:9;reduction:19;reduction:37;reduction:75;reduction:149,640,1061236,679191040,,,,,,,,,,,
163,3,300,300,328,300,0,9,lane_first,tdw,balanced,False,reduction:5;reduction:9;reduction:19;reduction:37;reduction:75;reduction:150,640,1068067,683562880,,,,,,,,,,,
163,3,301,301,328,301,0,9,lane_first,tdw,balanced,False,reduction:5;reduction:9;reduction:19;reduction:38;reduction:75;reduction:150,640,1068393,683771520,,,,,,,,,,,
163,3,302,302,328,302,0,9,lane_first,tdw,balanced,False,reduction:5;reduction:9;reduction:19;reduction:38;reduction:75;reduction:151,640,1075061,688039040,,,,,,,,,,,
163,3,303,303,328,303,0,9,lane_first,tdw,balanced,False,reduction:5;reduction:9;reduction:19;reduction:38;reduction:76;reduction:151,640,1075387,688247680,,,,,,,,,,,
163,3,304,304,328,304,0,9,lane_first,tdw,balanced,False,reduction:5;reduction:9;reduction:19;reduction:38;reduction:76;reduction:152,640,1082218,692619520,,,,,,,,,,,
163,3,305,305,328,305,0,9,lane_first,tdw,balanced,False,reduction:5;reduction:10;reduction:19;reduction:38;reduction:76;reduction:152,640,1082544,692828160,,,,,,,,,,,
163,3,306,306,328,306,0,9,lane_first,tdw,balanced,False,reduction:5;reduction:10;reduction:19;reduction:38;reduction:76;reduction:153,640,1089212,697095680,,,,,,,,,,,
163,3,307,307,328,307,0,9,lane_first,tdw,balanced,False,reduction:5;reduction:10;reduction:19;reduction:38;reduction:77;reduction:153,640,1089538,697304320,,,,,,,,,,,
163,3,308,308,328,308,0,9,lane_first,tdw,balanced,False,reduction:5;reduction:10;reduction:19;reduction:38;reduction:77;reduction:154,640,1096369,701676160,,,,,,,,,,,
163,3,309,309,328,309,0,9,lane_first,tdw,balanced,False,reduction:5;reduction:10;reduction:19;reduction:39;reduction:77;reduction:154,640,1096695,701884800,,,,,,,,,,,
163,3,310,310,328,310,0,9,lane_first,tdw,balanced,False,reduction:5;reduction:10;reduction:19;reduction:39;reduction:77;reduction:155,640,1103363,706152320,,,,,,,,,,,
163,3,311,311,328,311,0,9,lane_first,tdw,balanced,False,reduction:5;reduction:10;reduction:19;reduction:39;reduction:78;reduction:155,640,1103689,706360960,,,,,,,,,,,
163,3,312,312,328,312,0,9,lane_first,tdw,balanced,False,reduction:5;reduction:10;reduction:19;reduction:39;reduction:78;reduction:156,640,1110520,710732800,,,,,,,,,,,
163,3,313,313,328,313,0,9,lane_first,tdw,balanced,False,reduction:5;reduction:10;reduction:20;reduction:39;reduction:78;reduction:156,640,1110846,710941440,,,,,,,,,,,
163,3,314,314,328,314,0,9,lane_first,tdw,balanced,False,reduction:5;reduction:10;reduction:20;reduction:39;reduction:78;reduction:157,640,1117514,715208960,,,,,,,,,,,
163,3,315,315,328,315,0,9,lane_first,tdw,balanced,False,reduction:5;reduction:10;reduction:20;reduction:39;reduction:79;reduction:157,640,1117840,715417600,,,,,,,,,,,
163,3,316,316,328,316,0,9,lane_first,tdw,balanced,False,reduction:5;reduction:10;reduction:20;reduction:39;reduction:79;reduction:158,640,1124671,719789440,,,,,,,,,,,
163,3,317,317,328,317,0,9,lane_first,tdw,balanced,False,reduction:5;reduction:10;reduction:20;reduction:40;reduction:79;reduction:158,640,1124997,719998080,,,,,,,,,,,
163,3,318,318,328,318,0,9,lane_first,tdw,balanced,False,reduction:5;reduction:10;reduction:20;reduction:40;reduction:79;reduction:159,640,1131665,724265600,,,,,,,,,,,
163,3,319,319,328,319,0,9,lane_first,tdw,balanced,False,reduction:5;reduction:10;reduction:20;reduction:40;reduction:80;reduction:159,640,1131991,724474240,,,,,,,,,,,
163,3,320,320,328,320,0,9,lane_first,tdw,balanced,False,reduction:5;reduction:10;reduction:20;reduction:40;reduction:80;reduction:160,640,1138822,728846080,,,,,,,,,,,
163,3,321,321,328,321,0,9,lane_first,tdw,balanced,False,reduction:5;reduction:10;reduction:20;reduction:40;reduction:80;reduction:160,648,1139148,738167904,,,,,,,,,,,
163,3,322,322,328,322,0,9,lane_first,tdw,balanced,False,reduction:5;reduction:10;reduction:20;reduction:40;reduction:80;reduction:161,648,1145816,742488768,,,,,,,,,,,
163,3,323,323,328,323,0,9,lane_first,tdw,balanced,False,reduction:5;reduction:10;reduction:20;reduction:40;reduction:81;reduction:161,648,1146142,742700016,,,,,,,,,,,
163,3,324,324,328,324,0,9,lane_first,tdw,balanced,False,reduction:5;reduction:10;reduction:20;reduction:40;reduction:81;reduction:162,648,1152973,747126504,,,,,,,,,,,
163,3,325,325,328,325,0,9,lane_first,tdw,balanced,False,reduction:5;reduction:10;reduction:20;reduction:41;reduction:81;reduction:162,648,1153299,747337752,,,,,,,,,,,
163,3,326,326,328,326,0,9,lane_first,tdw,balanced,False,reduction:5;reduction:10;reduction:20;reduction:41;reduction:81;reduction:163,648,1159967,751658616,,,,,,,,,,,
163,3,327,327,328,327,0,9,lane_first,tdw,balanced,False,reduction:5;reduction:10;reduction:20;reduction:41;reduction:82;reduction:163,648,1160293,751869864,,,,,,,,,,,
163,3,328,328,328,328,0,9,lane_first,tdw,balanced,False,reduction:5;reduction:10;reduction:20;reduction:41;reduction:82;reduction:164,640,1167124,746959360,,,,,,,,,,,
163,4,1,1,328,82,81,0,lane_first,tdw,balanced,False,tail:1,11396,78773,897697108,,,,,,,,,,,
163,4,2,2,328,82,40,1,lane_first,tdw,balanced,False,tail:2,6016,84137,506168192,,,,,,,,,,,
163,4,3,3,328,84,27,2,lane_first,tdw,balanced,False,tail:3,4260,90968,387523680,,,,,,,,,,,
163,4,4,4,328,84,20,2,lane_first,tdw,balanced,False,tail:4,3176,96332,305950432,,,,,,,,,,,
163,4,5,5,328,85,16,3,lane_first,tdw,balanced,False,tail:5,2720,102348,278386560,,,,,,,,,,,
163,4,6,6,328,84,13,3,lane_first,tdw,balanced,False,tail:6,2264,106897,242014808,,,,,,,,,,,
163,4,7,7,328,84,11,3,lane_first,tdw,balanced,False,tail:7,1944,112098,217918512,,,,,,,,,,,
163,4,8,8,328,88,10,3,lane_first,tdw,balanced,False,reduction:4;tail:8,1740,120722,210056280,,,,,,,,,,,
163,4,9,9,328,85,9,4,lane_first,tdw,balanced,False,reduction:4;tail:4;tail:9,1672,120218,201004496,,,,,,,,,,,
163,4,10,10,328,88,8,4,lane_first,tdw,balanced,False,reduction:5;tail:8;tail:10,1516,124767,189146772,,,,,,,,,,,
163,4,11,11,328,88,7,4,lane_first,tdw,balanced,False,reduction:5;tail:11,1372,136488,187261536,,,,,,,,,,,
163,4,12,12,328,84,6,4,lane_first,tdw,balanced,False,reduction:6;tail:12,1288,138592,178506496,,,,,,,,,,,
163,4,13,13,328,91,6,4,lane_first,tdw,balanced,False,reduction:6;tail:13,1208,149498,180593584,,,,,,,,,,,
163,4,14,14,328,84,5,4,lane_first,tdw,balanced,False,tail:14,1124,149157,167652468,,,,,,,,,,,
163,4,15,15,328,90,5,4,lane_first,tdw,balanced,False,reduction:4;tail:15,1036,159248,164980928,,,,,,,,,,,
163,4,16,16,328,88,5,4,lane_first,tdw,balanced,False,reduction:4;reduction:8;tail:8;tail:16,1016,156462,158965392,,,,,,,,,,,
163,4,17,17,328,85,4,5,lane_first,tdw,balanced,False,reduction:4;reduction:8;tail:17,1024,165738,169715712,,,,,,,,,,,
163,4,18,18,328,90,4,5,lane_first,tdw,balanced,False,reduction:4;reduction:9;tail:18,972,175177,170272044,,,,,,,,,,,
163,4,19,19,328,95,4,5,lane_first,tdw,balanced,False,reduction:5;reduction:9;tail:19,952,184453,175599256,,,,,,,,,,,
163,4,20,20,328,88,4,5,lane_first,tdw,balanced,False,reduction:5;reduction:10;tail:8;tail:20,924,177592,164095008,,,,,,,,,,,
163,4,21,21,328,84,3,5,lane_first,tdw,balanced,False,reduction:5;reduction:10;tail:21,868,186053,161494004,,,,,,,,,,,
163,4,22,22,328,88,3,5,lane_first,tdw,balanced,False,reduction:5;reduction:11;tail:22,808,194677,157299016,,,,,,,,,,,
163,4,23,23,328,92,3,5,lane_first,tdw,balanced,False,reduction:6;reduction:11;tail:23,808,203138,164135504,,,,,,,,,,,
163,4,24,24,328,96,3,5,lane_first,tdw,balanced,False,reduction:6;reduction:12;tail:24,780,211762,165174360,,,,,,,,,,,
163,4,25,25,328,100,3,5,lane_first,tdw,balanced,False,reduction:6;reduction:12;tail:25,788,220223,173535724,,,,,,,,,,,
163,4,26,26,328,94,3,5,lane_first,tdw,balanced,False,reduction:6;reduction:13;tail:16;tail:26,768,207657,159480576,,,,,,,,,,,
163,4,27,27,328,85,3,5,lane_first,tdw,balanced,False,reduction:13;tail:4;tail:27,752,215303,161907856,,,,,,,,,,,
163,4,28,28,328,84,2,5,lane_first,tdw,balanced,False,tail:28,696,223112,155285952,,,,,,,,,,,
163,4,29,29,328,87,2,5,lane_first,tdw,balanced,False,reduction:4;tail:29,696,230758,160607568,,,,,,,,,,,
163,4,30,30,328,90,2,5,lane_first,tdw,balanced,False,reduction:4;reduction:15;tail:30,636,238567,151728612,,,,,,,,,,,
163,4,31,31,328,93,2,5,lane_first,tdw,balanced,False,reduction:4;reduction:8;reduction:15;tail:31,636,246213,156591468,,,,,,,,,,,
163,4,32,32,328,96,2,5,lane_first,tdw,balanced,False,reduction:4;reduction:8;reduction:16;tail:32,636,254022,161557992,,,,,,,,,,,
163,4,33,33,328,99,2,6,lane_first,tdw,balanced,False,reduction:4;reduction:8;reduction:16;tail:33,664,261668,173747552,,,,,,,,,,,
163,4,34,34,328,102,2,6,lane_first,tdw,balanced,False,reduction:4;reduction:8;reduction:17;tail:34,672,269477,181088544,,,,,,,,,,,
163,4,35,35,328,105,2,6,lane_first,tdw,balanced,False,reduction:4;reduction:9;reduction:17;tail:35,680,277123,188443640,,,,,,,,,,,
163,4,36,36,328,108,2,6,lane_first,tdw,balanced,False,reduction:4;reduction:9;reduction:18;tail:36,680,284932,193753760,,,,,,,,,,,
163,4,37,37,328,106,2,6,lane_first,tdw,balanced,False,reduction:5;reduction:9;reduction:18;tail:32;tail:37,668,262423,175298564,,,,,,,,,,,
163,4,38,38,328,100,2,6,lane_first,tdw,balanced,False,reduction:5;reduction:9;reduction:19;tail:24;tail:38,668,269417,179970556,,,,,,,,,,,
163,4,39,39,328,94,2,6,lane_first,tdw,balanced,False,reduction:5;reduction:10;reduction:19;tail:16;tail:39,660,276248,182323680,,,,,,,,,,,
163,4,40,40,328,88,2,6,lane_first,tdw,balanced,False,reduction:5;reduction:10;reduction:20;tail:8;tail:40,652,283242,184673784,,,,,,,,,,,
163,4,41,41,328,82,1,6,lane_first,tdw,balanced,False,reduction:5;reduction:10;reduction:20;tail:41,596,290073,172883508,,,,,,,,,,,
163,4,42,42,328,84,1,6,lane_first,tdw,balanced,False,reduction:5;reduction:10;reduction:21;tail:42,596,297067,177051932,,,,,,,,,,,
163,4,43,43,328,86,1,6,lane_first,tdw,balanced,False,reduction:5;reduction:11;reduction:21;tail:43,596,303898,181123208,,,,,,,,,,,
163,4,44,44,328,88,1,6,lane_first,tdw,balanced,False,reduction:5;reduction:11;reduction:22;tail:44,596,310892,185291632,,,,,,,,,,,
163,4,45,45,328,90,1,6,lane_first,tdw,balanced,False,reduction:6;reduction:11;reduction:22;tail:45,596,317723,189362908,,,,,,,,,,,
163,4,46,46,328,92,1,6,lane_first,tdw,balanced,False,reduction:6;reduction:11;reduction:23;tail:46,596,324717,193531332,,,,,,,,,,,
163,4,47,47,328,94,1,6,lane_first,tdw,balanced,False,reduction:6;reduction:12;reduction:23;tail:47,536,331548,177709728,,,,,,,,,,,
163,4,48,48,328,96,1,6,lane_first,tdw,balanced,False,reduction:6;reduction:12;reduction:24;tail:48,536,338542,181458512,,,,,,,,,,,
163,4,49,49,328,98,1,6,lane_first,tdw,balanced,False,reduction:6;reduction:12;reduction:24;tail:49,544,345373,187882912,,,,,,,,,,,
163,4,50,50,328,100,1,6,lane_first,tdw,balanced,False,reduction:6;reduction:12;reduction:25;tail:50,544,352367,191687648,,,,,,,,,,,
163,4,51,51,328,102,1,6,lane_first,tdw,balanced,False,reduction:6;reduction:13;reduction:25;tail:51,544,359198,195403712,,,,,,,,,,,
163,4,52,52,328,104,1,6,lane_first,tdw,balanced,False,reduction:6;reduction:13;reduction:26;tail:52,544,366192,199208448,,,,,,,,,,,
163,4,53,53,328,106,1,6,lane_first,tdw,balanced,False,reduction:13;reduction:26;tail:53,544,373023,202924512,,,,,,,,,,,
163,4,54,54,328,108,1,6,lane_first,tdw,balanced,False,reduction:13;tail:54,544,380017,206729248,,,,,,,,,,,
163,4,55,55,328,110,1,6,lane_first,tdw,balanced,False,tail:55,516,386848,199613568,,,,,,,,,,,
163,4,56,56,328,112,1,6,lane_first,tdw,balanced,False,reduction:28;tail:56,516,393842,203222472,,,,,,,,,,,
163,4,57,57,328,114,1,6,lane_first,tdw,balanced,False,reduction:4;reduction:28;tail:57,516,400673,206747268,,,,,,,,,,,
163,4,58,58,328,116,1,6,lane_first,tdw,balanced,False,reduction:4;reduction:29;tail:58,516,407667,210356172,,,,,,,,,,,
163,4,59,59,328,118,1,6,lane_first,tdw,balanced,False,reduction:4;reduction:15;reduction:29;tail:59,516,414498,213880968,,,,,,,,,,,
163,4,60,60,328,120,1,6,lane_first,tdw,balanced,False,reduction:4;reduction:15;reduction:30;tail:60,516,421492,217489872,,,,,,,,,,,
163,4,61,61,328,122,1,6,lane_first,tdw,balanced,False,reduction:4;reduction:8;reduction:15;reduction:30;tail:61,516,428323,221014668,,,,,,,,,,,
163,4,62,62,328,124,1,6,lane_first,tdw,balanced,False,reduction:4;reduction:8;reduction:15;reduction:31;tail:62,516,435317,224623572,,,,,,,,,,,
163,4,63,63,328,126,1,6,lane_first,tdw,balanced,False,reduction:4;reduction:8;reduction:16;reduction:31;tail:63,516,442148,228148368,,,,,,,,,,,
163,4,64,64,328,128,1,6,lane_first,tdw,balanced,False,reduction:4;reduction:8;reduction:16;reduction:32;tail:64,516,449142,231757272,,,,,,,,,,,
163,4,65,65,328,130,1,7,lane_first,tdw,balanced,False,reduction:4;reduction:8;reduction:16;reduction:32;tail:65,564,455973,257168772,,,,,,,,,,,
163,4,66,66,328,130,1,7,lane_first,tdw,balanced,False,reduction:4;reduction:8;reduction:16;reduction:33;tail:64,552,449794,248286288,,,,,,,,,,,
163,4,67,67,328,127,1,7,lane_first,tdw,balanced,False,reduction:4;reduction:8;reduction:17;reduction:33;tail:60,560,423774,237313440,,,,,,,,,,,
163,4,68,68,328,124,1,7,lane_first,tdw,balanced,False,reduction:4;reduction:8;reduction:17;reduction:34;tail:56,560,397754,222742240,,,,,,,,,,,
163,4,69,69,328,121,1,7,lane_first,tdw,balanced,False,reduction:4;reduction:9;reduction:17;reduction:34;tail:52,568,371734,211144912,,,,,,,,,,,
163,4,70,70,328,118,1,7,lane_first,tdw,balanced,False,reduction:4;reduction:9;reduction:17;reduction:35;tail:48,568,345714,196365552,,,,,,,,,,,
163,4,71,71,328,115,1,7,lane_first,tdw,balanced,False,reduction:4;reduction:9;reduction:18;reduction:35;tail:44,568,319694,181586192,,,,,,,,,,,
163,4,72,72,328,112,1,7,lane_first,tdw,balanced,False,reduction:4;reduction:9;reduction:18;reduction:36;tail:40,568,294060,167026080,,,,,,,,,,,
163,4,73,73,328,109,1,7,lane_first,tdw,balanced,False,reduction:5;reduction:9;reduction:18;reduction:36;tail:36,576,291126,167688576,,,,,,,,,,,
163,4,74,74,328,106,1,7,lane_first,tdw,balanced,False,reduction:5;reduction:9;reduction:18;reduction:37;tail:32,568,294534,167295312,,,,,,,,,,,
163,4,75,75,328,103,1,7,lane_first,tdw,balanced,False,reduction:5;reduction:9;reduction:19;reduction:37;tail:28,568,291600,165628800,,,,,,,,,,,
163,4,76,76,328,100,1,7,lane_first,tdw,balanced,False,reduction:5;reduction:9;reduction:19;reduction:38;tail:24,568,295171,167657128,,,,,,,,,,,
163,4,77,77,328,97,1,7,lane_first,tdw,balanced,False,reduction:5;reduction:10;reduction:19;reduction:38;tail:20,568,292237,165990616,,,,,,,,,,,
163,4,78,78,328,94,1,7,lane_first,tdw,balanced,False,reduction:5;reduction:10;reduction:19;reduction:39;tail:16,560,295645,165561200,,,,,,,,,,,
163,4,79,79,328,91,1,7,lane_first,tdw,balanced,False,reduction:5;reduction:10;reduction:20;reduction:39;tail:12,560,292711,163918160,,,,,,,,,,,
163,4,80,80,328,88,1,7,lane_first,tdw,balanced,False,reduction:5;reduction:10;reduction:20;reduction:40;tail:8,552,296282,163547664,,,,,,,,,,,
163,4,81,81,328,85,1,7,lane_first,tdw,balanced,False,reduction:5;reduction:10;reduction:20;reduction:40;tail:4,552,293348,161928096,,,,,,,,,,,
163,4,82,82,328,82,0,7,lane_first,tdw,balanced,False,reduction:5;reduction:10;reduction:20;reduction:41,496,296756,147190976,,,,,,,,,,,
163,4,83,83,328,83,0,7,lane_first,tdw,balanced,False,reduction:5;reduction:10;reduction:21;reduction:41,496,297082,147352672,,,,,,,,,,,
163,4,84,84,328,84,0,7,lane_first,tdw,balanced,False,reduction:5;reduction:10;reduction:21;reduction:42,496,303913,150740848,,,,,,,,,,,
163,4,85,85,328,85,0,7,lane_first,tdw,balanced,False,reduction:5;reduction:11;reduction:21;reduction:42,496,304239,150902544,,,,,,,,,,,
163,4,86,86,328,86,0,7,lane_first,tdw,balanced,False,reduction:5;reduction:11;reduction:21;reduction:43,496,310907,154209872,,,,,,,,,,,
163,4,87,87,328,87,0,7,lane_first,tdw,balanced,False,reduction:5;reduction:11;reduction:22;reduction:43,496,311233,154371568,,,,,,,,,,,
163,4,88,88,328,88,0,7,lane_first,tdw,balanced,False,reduction:5;reduction:11;reduction:22;reduction:44,496,318064,157759744,,,,,,,,,,,
163,4,89,89,328,89,0,7,lane_first,tdw,balanced,False,reduction:6;reduction:11;reduction:22;reduction:44,496,318390,157921440,,,,,,,,,,,
163,4,90,90,328,90,0,7,lane_first,tdw,balanced,False,reduction:6;reduction:11;reduction:22;reduction:45,496,325058,161228768,,,,,,,,,,,
163,4,91,91,328,91,0,7,lane_first,tdw,balanced,False,reduction:6;reduction:11;reduction:23;reduction:45,496,325384,161390464,,,,,,,,,,,
163,4,92,92,328,92,0,7,lane_first,tdw,balanced,False,reduction:6;reduction:11;reduction:23;reduction:46,496,332215,164778640,,,,,,,,,,,
163,4,93,93,328,93,0,7,lane_first,tdw,balanced,False,reduction:6;reduction:12;reduction:23;reduction:46,496,332541,164940336,,,,,,,,,,,
163,4,94,94,328,94,0,7,lane_first,tdw,balanced,False,reduction:6;reduction:12;reduction:23;reduction:47,496,339209,168247664,,,,,,,,,,,
163,4,95,95,328,95,0,7,lane_first,tdw,balanced,False,reduction:6;reduction:12;reduction:24;reduction:47,496,339535,168409360,,,,,,,,,,,
163,4,96,96,328,96,0,7,lane_first,tdw,balanced,False,reduction:6;reduction:12;reduction:24;reduction:48,496,346366,171797536,,,,,,,,,,,
163,4,97,97,328,97,0,7,lane_first,tdw,balanced,False,reduction:6;reduction:12;reduction:24;reduction:48,504,346692,174732768,,,,,,,,,,,
163,4,98,98,328,98,0,7,lane_first,tdw,balanced,False,reduction:6;reduction:12;reduction:24;reduction:49,504,353360,178093440,,,,,,,,,,,
163,4,99,99,328,99,0,7,lane_first,tdw,balanced,False,reduction:6;reduction:12;reduction:25;reduction:49,504,353686,178257744,,,,,,,,,,,
163,4,100,100,328,100,0,7,lane_first,tdw,balanced,False,reduction:6;reduction:12;reduction:25;reduction:50,504,360517,181700568,,,,,,,,,,,
163,4,101,101,328,101,0,7,lane_first,tdw,balanced,False,reduction:6;reduction:13;reduction:25;reduction:50,504,360843,181864872,,,,,,,,,,,
163,4,102,102,328,102,0,7,lane_first,tdw,balanced,False,reduction:6;reduction:13;reduction:25;reduction:51,504,367511,185225544,,,,,,,,,,,
163,4,103,103,328,103,0,7,lane_first,tdw,balanced,False,reduction:6;reduction:13;reduction:26;reduction:51,504,367837,185389848,,,,,,,,,,,
163,4,104,104,328,104,0,7,lane_first,tdw,balanced,False,reduction:6;reduction:13;reduction:26;reduction:52,504,374668,188832672,,,,,,,,,,,
163,4,105,105,328,105,0,7,lane_first,tdw,balanced,False,reduction:13;reduction:26;reduction:52,504,374994,188996976,,,,,,,,,,,
163,4,106,106,328,106,0,7,lane_first,tdw,balanced,False,reduction:13;reduction:26;reduction:53,504,381662,192357648,,,,,,,,,,,
163,4,107,107,328,107,0,7,lane_first,tdw,balanced,False,reduction:13;reduction:53,504,381988,192521952,,,,,,,,,,,
163,4,108,108,328,108,0,7,lane_first,tdw,balanced,False,reduction:13;reduction:54,504,388819,195964776,,,,,,,,,,,
163,4,109,109,328,109,0,7,lane_first,tdw,balanced,False,reduction:54,504,389145,196129080,,,,,,,,,,,
163,4,110,110,328,110,0,7,lane_first,tdw,balanced,False,reduction:55,472,395813,186823736,,,,,,,,,,,
163,4,111,111,328,111,0,7,lane_first,tdw,balanced,False,reduction:28;reduction:55,472,396139,186977608,,,,,,,,,,,
163,4,112,112,328,112,0,7,lane_first,tdw,balanced,False,reduction:28;reduction:56,472,402970,190201840,,,,,,,,,,,
163,4,113,113,328,113,0,7,lane_first,tdw,balanced,False,reduction:4;reduction:28;reduction:56,472,403296,190355712,,,,,,,,,,,
163,4,114,114,328,114,0,7,lane_first,tdw,balanced,False,reduction:4;reduction:28;reduction:57,472,409964,193503008,,,,,,,,,,,
163,4,115,115,328,115,0,7,lane_first,tdw,balanced,False,reduction:4;reduction:29;reduction:57,472,410290,193656880,,,,,,,,,,,
163,4,116,116,328,116,0,7,lane_first,tdw,balanced,False,reduction:4;reduction:29;reduction:58,472,417121,196881112,,,,,,,,,,,
163,4,117,117,328,117,0,7,lane_first,tdw,balanced,False,reduction:4;reduction:15;reduction:29;reduction:58,472,417447,197034984,,,,,,,,,,,
163,4,118,118,328,118,0,7,lane_first,tdw,balanced,False,reduction:4;reduction:15;reduction:29;reduction:59,472,424115,200182280,,,,,,,,,,,
163,4,119,119,328,119,0,7,lane_first,tdw,balanced,False,reduction:4;reduction:15;reduction:30;reduction:59,472,424441,200336152,,,,,,,,,,,
163,4,120,120,328,120,0,7,lane_first,tdw,balanced,False,reduction:4;reduction:15;reduction:30;reduction:60,472,431272,203560384,,,,,,,,,,,
163,4,121,121,328,121,0,7,lane_first,tdw,balanced,False,reduction:4;reduction:8;reduction:15;reduction:30;reduction:60,472,431598,203714256,,,,,,,,,,,
163,4,122,122,328,122,0,7,lane_first,tdw,balanced,False,reduction:4;reduction:8;reduction:15;reduction:30;reduction:61,472,438266,206861552,,,,,,,,,,,
163,4,123,123,328,123,0,7,lane_first,tdw,balanced,False,reduction:4;reduction:8;reduction:15;reduction:31;reduction:61,472,438592,207015424,,,,,,,,,,,
163,4,124,124,328,124,0,7,lane_first,tdw,balanced,False,reduction:4;reduction:8;reduction:15;reduction:31;reduction:62,472,445423,210239656,,,,,,,,,,,
163,4,125,125,328,125,0,7,lane_first,tdw,balanced,False,reduction:4;reduction:8;reduction:16;reduction:31;reduction:62,472,445749,210393528,,,,,,,,,,,
163,4,126,126,328,126,0,7,lane_first,tdw,balanced,False,reduction:4;reduction:8;reduction:16;reduction:31;reduction:63,472,452417,213540824,,,,,,,,,,,
163,4,127,127,328,127,0,7,lane_first,tdw,balanced,False,reduction:4;reduction:8;reduction:16;reduction:32;reduction:63,472,452743,213694696,,,,,,,,,,,
163,4,128,128,328,128,0,7,lane_first,tdw,balanced,False,reduction:4;reduction:8;reduction:16;reduction:32;reduction:64,472,459574,216918928,,,,,,,,,,,
163,4,129,129,328,129,0,8,lane_first,tdw,balanced,False,reduction:4;reduction:8;reduction:16;reduction:32;reduction:64,512,459900,235468800,,,,,,,,,,,
163,4,130,130,328,130,0,8,lane_first,tdw,balanced,False,reduction:4;reduction:8;reduction:16;reduction:32;reduction:65,520,466568,242615360,,,,,,,,,,,
163,4,131,131,328,131,0,8,lane_first,tdw,balanced,False,reduction:4;reduction:8;reduction:16;reduction:33;reduction:65,528,466894,246520032,,,,,,,,,,,
163,4,132,132,328,132,0,8,lane_first,tdw,balanced,False,reduction:4;reduction:8;reduction:16;reduction:33;reduction:66,528,473725,250126800,,,,,,,,,,,
163,4,133,133,328,133,0,8,lane_first,tdw,balanced,False,reduction:4;reduction:8;reduction:17;reduction:33;reduction:66,536,474051,254091336,,,,,,,,,,,
163,4,134,134,328,134,0,8,lane_first,tdw,balanced,False,reduction:4;reduction:8;reduction:17;reduction:33;reduction:67,536,480719,257665384,,,,,,,,,,,
163,4,135,135,328,135,0,8,lane_first,tdw,balanced,False,reduction:4;reduction:8;reduction:17;reduction:34;reduction:67,536,481045,257840120,,,,,,,,,,,
163,4,136,136,328,136,0,8,lane_first,tdw,balanced,False,reduction:4;reduction:8;reduction:17;reduction:34;reduction:68,536,487876,261501536,,,,,,,,,,,
163,4,137,137,328,137,0,8,lane_first,tdw,balanced,False,reduction:4;reduction:9;reduction:17;reduction:34;reduction:68,544,488202,265581888,,,,,,,,,,,
163,4,138,138,328,138,0,8,lane_first,tdw,balanced,False,reduction:4;reduction:9;reduction:17;reduction:34;reduction:69,544,494870,269209280,,,,,,,,,,,
163,4,139,139,328,139,0,8,lane_first,tdw,balanced,False,reduction:4;reduction:9;reduction:17;reduction:35;reduction:69,544,495196,269386624,,,,,,,,,,,
163,4,140,140,328,140,0,8,lane_first,tdw,balanced,False,reduction:4;reduction:9;reduction:17;reduction:35;reduction:70,544,502027,273102688,,,,,,,,,,,
163,4,141,141,328,141,0,8,lane_first,tdw,balanced,False,reduction:4;reduction:9;reduction:18;reduction:35;reduction:70,544,502353,273280032,,,,,,,,,,,
163,4,142,142,328,142,0,8,lane_first,tdw,balanced,False,reduction:4;reduction:9;reduction:18;reduction:35;reduction:71,544,509021,276907424,,,,,,,,,,,
163,4,143,143,328,143,0,8,lane_first,tdw,balanced,False,reduction:4;reduction:9;reduction:18;reduction:36;reduction:71,544,509347,277084768,,,,,,,,,,,
163,4,144,144,328,144,0,8,lane_first,tdw,balanced,False,reduction:4;reduction:9;reduction:18;reduction:36;reduction:72,544,516178,280800832,,,,,,,,,,,
163,4,145,145,328,145,0,8,lane_first,tdw,balanced,False,reduction:5;reduction:9;reduction:18;reduction:36;reduction:72,552,516504,285110208,,,,,,,,,,,
163,4,146,146,328,146,0,8,lane_first,tdw,balanced,False,reduction:5;reduction:9;reduction:18;reduction:36;reduction:73,552,523172,288790944,,,,,,,,,,,
163,4,147,147,328,147,0,8,lane_first,tdw,balanced,False,reduction:5;reduction:9;reduction:18;reduction:37;reduction:73,552,523498,288970896,,,,,,,,,,,
163,4,148,148,328,148,0,8,lane_first,tdw,balanced,False,reduction:5;reduction:9;reduction:18;reduction:37;reduction:74,552,530329,292741608,,,,,,,,,,,
163,4,149,149,328,149,0,8,lane_first,tdw,balanced,False,reduction:5;reduction:9;reduction:19;reduction:37;reduction:74,552,530655,292921560,,,,,,,,,,,
163,4,150,150,328,150,0,8,lane_first,tdw,balanced,False,reduction:5;reduction:9;reduction:19;reduction:37;reduction:75,552,537323,296602296,,,,,,,,,,,
163,4,151,151,328,151,0,8,lane_first,tdw,balanced,False,reduction:5;reduction:9;reduction:19;reduction:38;reduction:75,552,537649,296782248,,,,,,,,,,,
163,4,152,152,328,152,0,8,lane_first,tdw,balanced,False,reduction:5;reduction:9;reduction:19;reduction:38;reduction:76,552,544480,300552960,,,,,,,,,,,
163,4,153,153,328,153,0,8,lane_first,tdw,balanced,False,reduction:5;reduction:10;reduction:19;reduction:38;reduction:76,552,544806,300732912,,,,,,,,,,,
163,4,154,154,328,154,0,8,lane_first,tdw,balanced,False,reduction:5;reduction:10;reduction:19;reduction:38;reduction:77,552,551474,304413648,,,,,,,,,,,
163,4,155,155,328,155,0,8,lane_first,tdw,balanced,False,reduction:5;reduction:10;reduction:19;reduction:39;reduction:77,552,551800,304593600,,,,,,,,,,,
163,4,156,156,328,156,0,8,lane_first,tdw,balanced,False,reduction:5;reduction:10;reduction:19;reduction:39;reduction:78,552,558631,308364312,,,,,,,,,,,
163,4,157,157,328,157,0,8,lane_first,tdw,balanced,False,reduction:5;reduction:10;reduction:20;reduction:39;reduction:78,552,558957,308544264,,,,,,,,,,,
163,4,158,158,328,158,0,8,lane_first,tdw,balanced,False,reduction:5;reduction:10;reduction:20;reduction:39;reduction:79,552,565625,312225000,,,,,,,,,,,
163,4,159,159,328,159,0,8,lane_first,tdw,balanced,False,reduction:5;reduction:10;reduction:20;reduction:40;reduction:79,552,565951,312404952,,,,,,,,,,,
163,4,160,160,328,160,0,8,lane_first,tdw,balanced,False,reduction:5;reduction:10;reduction:20;reduction:40;reduction:80,552,572782,316175664,,,,,,,,,,,
163,4,161,161,328,161,0,8,lane_first,tdw,balanced,False,reduction:5;reduction:10;reduction:20;reduction:40;reduction:80,560,573108,320940480,,,,,,,,,,,
163,4,162,162,328,162,0,8,lane_first,tdw,balanced,False,reduction:5;reduction:10;reduction:20;reduction:40;reduction:81,560,579776,324674560,,,,,,,,,,,
163,4,163,163,328,163,0,8,lane_first,tdw,balanced,False,reduction:5;reduction:10;reduction:20;reduction:41;reduction:81,560,580102,324857120,,,,,,,,,,,
163,4,164,164,328,164,0,8,lane_first,tdw,balanced,False,reduction:5;reduction:10;reduction:20;reduction:41;reduction:82,544,586933,319291552,,,,,,,,,,,
163,4,165,165,328,165,0,8,lane_first,tdw,balanced,False,reduction:5;reduction:10;reduction:21;reduction:41;reduction:82,544,587259,319468896,,,,,,,,,,,
163,4,166,166,328,166,0,8,lane_first,tdw,balanced,False,reduction:5;reduction:10;reduction:21;reduction:41;reduction:83,544,593927,323096288,,,,,,,,,,,
163,4,167,167,328,167,0,8,lane_first,tdw,balanced,False,reduction:5;reduction:10;reduction:21;reduction:42;reduction:83,544,594253,323273632,,,,,,,,,,,
163,4,168,168,328,168,0,8,lane_first,tdw,balanced,False,reduction:5;reduction:10;reduction:21;reduction:42;reduction:84,544,601084,326989696,,,,,,,,,,,
163,4,169,169,328,169,0,8,lane_first,tdw,balanced,False,reduction:5;reduction:11;reduction:21;reduction:42;reduction:84,544,601410,327167040,,,,,,,,,,,
163,4,170,170,328,170,0,8,lane_first,tdw,balanced,False,reduction:5;reduction:11;reduction:21;reduction:42;reduction:85,544,608078,330794432,,,,,,,,,,,
163,4,171,171,328,171,0,8,lane_first,tdw,balanced,False,reduction:5;reduction:11;reduction:21;reduction:43;reduction:85,544,608404,330971776,,,,,,,,,,,
163,4,172,172,328,172,0,8,lane_first,tdw,balanced,False,reduction:5;reduction:11;reduction:21;reduction:43;reduction:86,544,615235,334687840,,,,,,,,,,,
163,4,173,173,328,173,0,8,lane_first,tdw,balanced,False,reduction:5;reduction:11;reduction:22;reduction:43;reduction:86,544,615561,334865184,,,,,,,,,,,
163,4,174,174,328,174,0,8,lane_first,tdw,balanced,False,reduction:5;reduction:11;reduction:22;reduction:43;reduction:87,544,622229,338492576,,,,,,,,,,,
163,4,175,175,328,175,0,8,lane_first,tdw,balanced,False,reduction:5;reduction:11;reduction:22;reduction:44;reduction:87,544,622555,338669920,,,,,,,,,,,
163,4,176,176,328,176,0,8,lane_first,tdw,balanced,False,reduction:5;reduction:11;reduction:22;reduction:44;reduction:88,544,629386,342385984,,,,,,,,,,,
163,4,177,177,328,177,0,8,lane_first,tdw,balanced,False,reduction:6;reduction:11;reduction:22;reduction:44;reduction:88,544,629712,342563328,,,,,,,,,,,
163,4,178,178,328,178,0,8,lane_first,tdw,balanced,False,reduction:6;reduction:11;reduction:22;reduction:44;reduction:89,544,636380,346190720,,,,,,,,,,,
163,4,179,179,328,179,0,8,lane_first,tdw,balanced,False,reduction:6;reduction:11;reduction:22;reduction:45;reduction:89,544,636706,346368064,,,,,,,,,,,
163,4,180,180,328,180,0,8,lane_first,tdw,balanced,False,reduction:6;reduction:11;reduction:22;reduction:45;reduction:90,544,643537,350084128,,,,,,,,,,,
163,4,181,181,328,181,0,8,lane_first,tdw,balanced,False,reduction:6;reduction:11;reduction:23;reduction:45;reduction:90,544,643863,350261472,,,,,,,,,,,
163,4,182,182,328,182,0,8,lane_first,tdw,balanced,False,reduction:6;reduction:11;reduction:23;reduction:45;reduction:91,544,650531,353888864,,,,,,,,,,,
163,4,183,183,328,183,0,8,lane_first,tdw,balanced,False,reduction:6;reduction:11;reduction:23;reduction:46;reduction:91,544,650857,354066208,,,,,,,,,,,
163,4,184,184,328,184,0,8,lane_first,tdw,balanced,False,reduction:6;reduction:11;reduction:23;reduction:46;reduction:92,544,657688,357782272,,,,,,,,,,,
163,4,185,185,328,185,0,8,lane_first,tdw,balanced,False,reduction:6;reduction:12;reduction:23;reduction:46;reduction:92,544,658014,357959616,,,,,,,,,,,
163,4,186,186,328,186,0,8,lane_first,tdw,balanced,False,reduction:6;reduction:12;reduction:23;reduction:46;reduction:93,544,664682,361587008,,,,,,,,,,,
163,4,187,187,328,187,0,8,lane_first,tdw,balanced,False,reduction:6;reduction:12;reduction:23;reduction:47;reduction:93,544,665008,361764352,,,,,,,,,,,
163,4,188,188,328,188,0,8,lane_first,tdw,balanced,False,reduction:6;reduction:12;reduction:23;reduction:47;reduction:94,544,671839,365480416,,,,,,,,,,,
163,4,189,189,328,189,0,8,lane_first,tdw,balanced,False,reduction:6;reduction:12;reduction:24;reduction:47;reduction:94,544,672165,365657760,,,,,,,,,,,
163,4,190,190,328,190,0,8,lane_first,tdw,balanced,False,reduction:6;reduction:12;reduction:24;reduction:47;reduction:95,544,678833,369285152,,,,,,,,,,,
163,4,191,191,328,191,0,8,lane_first,tdw,balanced,False,reduction:6;reduction:12;reduction:24;reduction:48;reduction:95,544,679159,369462496,,,,,,,,,,,
163,4,192,192,328,192,0,8,lane_first,tdw,balanced,False,reduction:6;reduction:12;reduction:24;reduction:48;reduction:96,544,685990,373178560,,,,,,,,,,,
163,4,193,193,328,193,0,8,lane_first,tdw,balanced,False,reduction:6;reduction:12;reduction:24;reduction:48;reduction:96,552,686316,378846432,,,,,,,,,,,
163,4,194,194,328,194,0,8,lane_first,tdw,balanced,False,reduction:6;reduction:12;reduction:24;reduction:48;reduction:97,552,692984,382527168,,,,,,,,,,,
163,4,195,195,328,195,0,8,lane_first,tdw,balanced,False,reduction:6;reduction:12;reduction:24;reduction:49;reduction:97,552,693310,382707120,,,,,,,,,,,
163,4,196,196,328,196,0,8,lane_first,tdw,balanced,False,reduction:6;reduction:12;reduction:24;reduction:49;reduction:98,552,700141,386477832,,,,,,,,,,,
163,4,197,197,328,197,0,8,lane_first,tdw,balanced,False,reduction:6;reduction:12;reduction:25;reduction:49;reduction:98,552,700467,386657784,,,,,,,,,,,
163,4,198,198,328,198,0,8,lane_first,tdw,balanced,False,reduction:6;reduction:12;reduction:25;reduction:49;reduction:99,552,707135,390338520,,,,,,,,,,,
163,4,199,199,328,199,0,8,lane_first,tdw,balanced,False,reduction:6;reduction:12;reduction:25;reduction:50;reduction:99,552,707461,390518472,,,,,,,,,,,
163,4,200,200,328,200,0,8,lane_first,tdw,balanced,False,reduction:6;reduction:12;reduction:25;reduction:50;reduction:100,552,714292,394289184,,,,,,,,,,,
163,4,201,201,328,201,0,8,lane_first,tdw,balanced,False,reduction:6;reduction:13;reduction:25;reduction:50;reduction:100,552,714618,394469136,,,,,,,,,,,
163,4,202,202,328,202,0,8,lane_first,tdw,balanced,False,reduction:6;reduction:13;reduction:25;reduction:50;reduction:101,552,721286,398149872,,,,,,,,,,,
163,4,203,203,328,203,0,8,lane_first,tdw,balanced,False,reduction:6;reduction:13;reduction:25;reduction:51;reduction:101,552,721612,398329824,,,,,,,,,,,
163,4,204,204,328,204,0,8,lane_first,tdw,balanced,False,reduction:6;reduction:13;reduction:25;reduction:51;reduction:102,552,728443,402100536,,,,,,,,,,,
163,4,205,205,328,205,0,8,lane_first,tdw,balanced,False,reduction:6;reduction:13;reduction:26;reduction:51;reduction:102,552,728769,402280488,,,,,,,,,,,
163,4,206,206,328,206,0,8,lane_first,tdw,balanced,False,reduction:6;reduction:13;reduction:26;reduction:51;reduction:103,552,735437,405961224,,,,,,,,,,,
163,4,207,207,328,207,0,8,lane_first,tdw,balanced,False,reduction:6;reduction:13;reduction:26;reduction:52;reduction:103,552,735763,406141176,,,,,,,,,,,
163,4,208,208,328,208,0,8,lane_first,tdw,balanced,False,reduction:6;reduction:13;reduction:26;reduction:52;reduction:104,552,742594,409911888,,,,,,,,,,,
163,4,209,209,328,209,0,8,lane_first,tdw,balanced,False,reduction:13;reduction:26;reduction:52;reduction:104,552,742920,410091840,,,,,,,,,,,
163,4,210,210,328,210,0,8,lane_first,tdw,balanced,False,reduction:13;reduction:26;reduction:52;reduction:105,552,749588,413772576,,,,,,,,,,,
163,4,211,211,328,211,0,8,lane_first,tdw,balanced,False,reduction:13;reduction:26;reduction:53;reduction:105,552,749914,413952528,,,,,,,,,,,
163,4,212,212,328,212,0,8,lane_first,tdw,balanced,False,reduction:13;reduction:26;reduction:53;reduction:106,552,756745,417723240,,,,,,,,,,,
163,4,213,213,328,213,0,8,lane_first,tdw,balanced,False,reduction:13;reduction:53;reduction:106,552,757071,417903192,,,,,,,,,,,
163,4,214,214,328,214,0,8,lane_first,tdw,balanced,False,reduction:13;reduction:53;reduction:107,552,763739,421583928,,,,,,,,,,,
163,4,215,215,328,215,0,8,lane_first,tdw,balanced,False,reduction:13;reduction:54;reduction:107,552,764065,421763880,,,,,,,,,,,
163,4,216,216,328,216,0,8,lane_first,tdw,balanced,False,reduction:13;reduction:54;reduction:108,552,770896,425534592,,,,,,,,,,,
163,4,217,217,328,217,0,8,lane_first,tdw,balanced,False,reduction:54;reduction:108,552,771222,425714544,,,,,,,,,,,
163,4,218,218,328,218,0,8,lane_first,tdw,balanced,False,reduction:54;reduction:109,552,777890,429395280,,,,,,,,,,,
163,4,219,219,328,219,0,8,lane_first,tdw,balanced,False,reduction:55;reduction:109,552,778216,429575232,,,,,,,,,,,
163,4,220,220,328,220,0,8,lane_first,tdw,balanced,False,reduction:55;reduction:110,552,785047,433345944,,,,,,,,,,,
163,4,221,221,328,221,0,8,lane_first,tdw,balanced,False,reduction:28;reduction:55;reduction:110,552,785373,433525896,,,,,,,,,,,
163,4,222,222,328,222,0,8,lane_first,tdw,balanced,False,reduction:28;reduction:55;reduction:111,552,792041,437206632,,,,,,,,,,,
163,4,223,223,328,223,0,8,lane_first,tdw,balanced,False,reduction:28;reduction:56;reduction:111,552,792367,437386584,,,,,,,,,,,
163,4,224,224,328,224,0,8,lane_first,tdw,balanced,False,reduction:28;reduction:56;reduction:112,552,799198,441157296,,,,,,,,,,,
163,4,225,225,328,225,0,8,lane_first,tdw,balanced,False,reduction:4;reduction:28;reduction:56;reduction:112,552,799524,441337248,,,,,,,,,,,
163,4,226,226,328,226,0,8,lane_first,tdw,balanced,False,reduction:4;reduction:28;reduction:56;reduction:113,552,806192,445017984,,,,,,,,,,,
163,4,227,227,328,227,0,8,lane_first,tdw,balanced,False,reduction:4;reduction:28;reduction:57;reduction:113,552,806518,445197936,,,,,,,,,,,
163,4,228,228,328,228,0,8,lane_first,tdw,balanced,False,reduction:4;reduction:28;reduction:57;reduction:114,552,813349,448968648,,,,,,,,,,,
163,4,229,229,328,229,0,8,lane_first,tdw,balanced,False,reduction:4;reduction:29;reduction:57;reduction:114,552,813675,449148600,,,,,,,,,,,
163,4,230,230,328,230,0,8,lane_first,tdw,balanced,False,reduction:4;reduction:29;reduction:57;reduction:115,552,820343,452829336,,,,,,,,,,,
163,4,231,231,328,231,0,8,lane_first,tdw,balanced,False,reduction:4;reduction:29;reduction:58;reduction:115,552,820669,453009288,,,,,,,,,,,
163,4,232,232,328,232,0,8,lane_first,tdw,balanced,False,reduction:4;reduction:29;reduction:58;reduction:116,552,827500,456780000,,,,,,,,,,,
163,4,233,233,328,233,0,8,lane_first,tdw,balanced,False,reduction:4;reduction:15;reduction:29;reduction:58;reduction:116,552,827826,456959952,,,,,,,,,,,
163,4,234,234,328,234,0,8,lane_first,tdw,balanced,False,reduction:4;reduction:15;reduction:29;reduction:58;reduction:117,552,834494,460640688,,,,,,,,,,,
163,4,235,235,328,235,0,8,lane_first,tdw,balanced,False,reduction:4;reduction:15;reduction:29;reduction:59;reduction:117,552,834820,460820640,,,,,,,,,,,
163,4,236,236,328,236,0,8,lane_first,tdw,balanced,False,reduction:4;reduction:15;reduction:29;reduction:59;reduction:118,552,841651,464591352,,,,,,,,,,,
163,4,237,237,328,237,0,8,lane_first,tdw,balanced,False,reduction:4;reduction:15;reduction:30;reduction:59;reduction:118,552,841977,464771304,,,,,,,,,,,
163,4,238,238,328,238,0,8,lane_first,tdw,balanced,False,reduction:4;reduction:15;reduction:30;reduction:59;reduction:119,552,848645,468452040,,,,,,,,,,,
163,4,239,239,328,239,0,8,lane_first,tdw,balanced,False,reduction:4;reduction:15;reduction:30;reduction:60;reduction:119,552,848971,468631992,,,,,,,,,,,
163,4,240,240,328,240,0,8,lane_first,tdw,balanced,False,reduction:4;reduction:15;reduction:30;reduction:60;reduction:120,552,855802,472402704,,,,,,,,,,,
163,4,241,241,328,241,0,8,lane_first,tdw,balanced,False,reduction:4;reduction:8;reduction:15;reduction:30;reduction:60;reduction:120,552,856128,472582656,,,,,,,,,,,
163,4,242,242,328,242,0,8,lane_first,tdw,balanced,False,reduction:4;reduction:8;reduction:15;reduction:30;reduction:60;reduction:121,552,862796,476263392,,,,,,,,,,,
163,4,243,243,328,243,0,8,lane_first,tdw,balanced,False,reduction:4;reduction:8;reduction:15;reduction:30;reduction:61;reduction:121,552,863122,476443344,,,,,,,,,,,
163,4,244,244,328,244,0,8,lane_first,tdw,balanced,False,reduction:4;reduction:8;reduction:15;reduction:30;reduction:61;reduction:122,552,869953,480214056,,,,,,,,,,,
163,4,245,245,328,245,0,8,lane_first,tdw,balanced,False,reduction:4;reduction:8;reduction:15;reduction:31;reduction:61;reduction:122,552,870279,480394008,,,,,,,,,,,
163,4,246,246,328,246,0,8,lane_first,tdw,balanced,False,reduction:4;reduction:8;reduction:15;reduction:31;reduction:61;reduction:123,552,876947,484074744,,,,,,,,,,,
163,4,247,247,328,247,0,8,lane_first,tdw,balanced,False,reduction:4;reduction:8;reduction:15;reduction:31;reduction:62;reduction:123,552,877273,484254696,,,,,,,,,,,
163,4,248,248,328,248,0,8,lane_first,tdw,balanced,False,reduction:4;reduction:8;reduction:15;reduction:31;reduction:62;reduction:124,552,884104,488025408,,,,,,,,,,,
163,4,249,249,328,249,0,8,lane_first,tdw,balanced,False,reduction:4;reduction:8;reduction:16;reduction:31;reduction:62;reduction:124,552,884430,488205360,,,,,,,,,,,
163,4,250,250,328,250,0,8,lane_first,tdw,balanced,False,reduction:4;reduction:8;reduction:16;reduction:31;reduction:62;reduction:125,552,891098,491886096,,,,,,,,,,,
163,4,251,251,328,251,0,8,lane_first,tdw,balanced,False,reduction:4;reduction:8;reduction:16;reduction:31;reduction:63;reduction:125,552,891424,492066048,,,,,,,,,,,
163,4,252,252,328,252,0,8,lane_first,tdw,balanced,False,reduction:4;reduction:8;reduction:16;reduction:31;reduction:63;reduction:126,552,898255,495836760,,,,,,,,,,,
163,4,253,253,328,253,0,8,lane_first,tdw,balanced,False,reduction:4;reduction:8;reduction:16;reduction:32;reduction:63;reduction:126,552,898581,496016712,,,,,,,,,,,
163,4,254,254,328,254,0,8,lane_first,tdw,balanced,False,reduction:4;reduction:8;reduction:16;reduction:32;reduction:63;reduction:127,552,905249,499697448,,,,,,,,,,,
163,4,255,255,328,255,0,8,lane_first,tdw,balanced,False,reduction:4;reduction:8;reduction:16;reduction:32;reduction:64;reduction:127,552,905575,499877400,,,,,,,,,,,
163,4,256,256,328,256,0,8,lane_first,tdw,balanced,False,reduction:4;reduction:8;reduction:16;reduction:32;reduction:64;reduction:128,552,912406,503648112,,,,,,,,,,,
163,4,257,257,328,257,0,9,lane_first,tdw,balanced,False,reduction:4;reduction:8;reduction:16;reduction:32;reduction:64;reduction:128,592,912732,540337344,,,,,,,,,,,
163,4,258,258,328,258,0,9,lane_first,tdw,balanced,False,reduction:4;reduction:8;reduction:16;reduction:32;reduction:64;reduction:129,600,919400,551640000,,,,,,,,,,,
163,4,259,259,328,259,0,9,lane_first,tdw,balanced,False,reduction:4;reduction:8;reduction:16;reduction:32;reduction:65;reduction:129,608,919726,559193408,,,,,,,,,,,
163,4,260,260,328,260,0,9,lane_first,tdw,balanced,False,reduction:4;reduction:8;reduction:16;reduction:32;reduction:65;reduction:130,608,926557,563346656,,,,,,,,,,,
163,4,261,261,328,261,0,9,lane_first,tdw,balanced,False,reduction:4;reduction:8;reduction:16;reduction:33;reduction:65;reduction:130,616,926883,570959928,,,,,,,,,,,
163,4,262,262,328,262,0,9,lane_first,tdw,balanced,False,reduction:4;reduction:8;reduction:16;reduction:33;reduction:65;reduction:131,616,933551,575067416,,,,,,,,,,,
163,4,263,263,328,263,0,9,lane_first,tdw,balanced,False,reduction:4;reduction:8;reduction:16;reduction:33;reduction:66;reduction:131,616,933877,575268232,,,,,,,,,,,
163,4,264,264,328,264,0,9,lane_first,tdw,balanced,False,reduction:4;reduction:8;reduction:16;reduction:33;reduction:66;reduction:132,616,940708,579476128,,,,,,,,,,,
163,4,265,265,328,265,0,9,lane_first,tdw,balanced,False,reduction:4;reduction:8;reduction:17;reduction:33;reduction:66;reduction:132,624,941034,587205216,,,,,,,,,,,
163,4,266,266,328,266,0,9,lane_first,tdw,balanced,False,reduction:4;reduction:8;reduction:17;reduction:33;reduction:66;reduction:133,624,947702,591366048,,,,,,,,,,,
163,4,267,267,328,267,0,9,lane_first,tdw,balanced,False,reduction:4;reduction:8;reduction:17;reduction:33;reduction:67;reduction:133,624,948028,591569472,,,,,,,,,,,
163,4,268,268,328,268,0,9,lane_first,tdw,balanced,False,reduction:4;reduction:8;reduction:17;reduction:33;reduction:67;reduction:134,624,954859,595832016,,,,,,,,,,,
163,4,269,269,328,269,0,9,lane_first,tdw,balanced,False,reduction:4;reduction:8;reduction:17;reduction:34;reduction:67;reduction:134,624,955185,596035440,,,,,,,,,,,
163,4,270,270,328,270,0,9,lane_first,tdw,balanced,False,reduction:4;reduction:8;reduction:17;reduction:34;reduction:67;reduction:135,624,961853,600196272,,,,,,,,,,,
163,4,271,271,328,271,0,9,lane_first,tdw,balanced,False,reduction:4;reduction:8;reduction:17;reduction:34;reduction:68;reduction:135,624,962179,600399696,,,,,,,,,,,
163,4,272,272,328,272,0,9,lane_first,tdw,balanced,False,reduction:4;reduction:8;reduction:17;reduction:34;reduction:68;reduction:136,624,969010,604662240,,,,,,,,,,,
163,4,273,273,328,273,0,9,lane_first,tdw,balanced,False,reduction:4;reduction:9;reduction:17;reduction:34;reduction:68;reduction:136,632,969336,612620352,,,,,,,,,,,
163,4,274,274,328,274,0,9,lane_first,tdw,balanced,False,reduction:4;reduction:9;reduction:17;reduction:34;reduction:68;reduction:137,632,976004,616834528,,,,,,,,,,,
163,4,275,275,328,275,0,9,lane_first,tdw,balanced,False,reduction:4;reduction:9;reduction:17;reduction:34;reduction:69;reduction:137,632,976330,617040560,,,,,,,,,,,
163,4,276,276,328,276,0,9,lane_first,tdw,balanced,False,reduction:4;reduction:9;reduction:17;reduction:34;reduction:69;reduction:138,632,983161,621357752,,,,,,,,,,,
163,4,277,277,328,277,0,9,lane_first,tdw,balanced,False,reduction:4;reduction:9;reduction:17;reduction:35;reduction:69;reduction:138,632,983487,621563784,,,,,,,,,,,
163,4,278,278,328,278,0,9,lane_first,tdw,balanced,False,reduction:4;reduction:9;reduction:17;reduction:35;reduction:69;reduction:139,632,990155,625777960,,,,,,,,,,,
163,4,279,279,328,279,0,9,lane_first,tdw,balanced,False,reduction:4;reduction:9;reduction:17;reduction:35;reduction:70;reduction:139,632,990481,625983992,,,,,,,,,,,
163,4,280,280,328,280,0,9,lane_first,tdw,balanced,False,reduction:4;reduction:9;reduction:17;reduction:35;reduction:70;reduction:140,632,997312,630301184,,,,,,,,,,,
163,4,281,281,328,281,0,9,lane_first,tdw,balanced,False,reduction:4;reduction:9;reduction:18;reduction:35;reduction:70;reduction:140,632,997638,630507216,,,,,,,,,,,
163,4,282,282,328,282,0,9,lane_first,tdw,balanced,False,reduction:4;reduction:9;reduction:18;reduction:35;reduction:70;reduction:141,632,1004306,634721392,,,,,,,,,,,
163,4,283,283,328,283,0,9,lane_first,tdw,balanced,False,reduction:4;reduction:9;reduction:18;reduction:35;reduction:71;reduction:141,632,1004632,634927424,,,,,,,,,,,
163,4,284,284,328,284,0,9,lane_first,tdw,balanced,False,reduction:4;reduction:9;reduction:18;reduction:35;reduction:71;reduction:142,632,1011463,639244616,,,,,,,,,,,
163,4,285,285,328,285,0,9,lane_first,tdw,balanced,False,reduction:4;reduction:9;reduction:18;reduction:36;reduction:71;reduction:142,632,1011789,639450648,,,,,,,,,,,
163,4,286,286,328,286,0,9,lane_first,tdw,balanced,False,reduction:4;reduction:9;reduction:18;reduction:36;reduction:71;reduction:143,632,1018457,643664824,,,,,,,,,,,
163,4,287,287,328,287,0,9,lane_first,tdw,balanced,False,reduction:4;reduction:9;reduction:18;reduction:36;reduction:72;reduction:143,632,1018783,643870856,,,,,,,,,,,
163,4,288,288,328,288,0,9,lane_first,tdw,balanced,False,reduction:4;reduction:9;reduction:18;reduction:36;reduction:72;reduction:144,632,1025614,648188048,,,,,,,,,,,
163,4,289,289,328,289,0,9,lane_first,tdw,balanced,False,reduction:5;reduction:9;reduction:18;reduction:36;reduction:72;reduction:144,640,1025940,656601600,,,,,,,,,,,
163,4,290,290,328,290,0,9,lane_first,tdw,balanced,False,reduction:5;reduction:9;reduction:18;reduction:36;reduction:72;reduction:145,640,1032608,660869120,,,,,,,,,,,
163,4,291,291,328,291,0,9,lane_first,tdw,balanced,False,reduction:5;reduction:9;reduction:18;reduction:36;reduction:73;reduction:145,640,1032934,661077760,,,,,,,,,,,
163,4,292,292,328,292,0,9,lane_first,tdw,balanced,False,reduction:5;reduction:9;reduction:18;reduction:36;reduction:73;reduction:146,640,1039765,665449600,,,,,,,,,,,
163,4,293,293,328,293,0,9,lane_first,tdw,balanced,False,reduction:5;reduction:9;reduction:18;reduction:37;reduction:73;reduction:146,640,1040091,665658240,,,,,,,,,,,
163,4,294,294,328,294,0,9,lane_first,tdw,balanced,False,reduction:5;reduction:9;reduction:18;reduction:37;reduction:73;reduction:147,640,1046759,669925760,,,,,,,,,,,
163,4,295,295,328,295,0,9,lane_first,tdw,balanced,False,reduction:5;reduction:9;reduction:18;reduction:37;reduction:74;reduction:147,640,1047085,670134400,,,,,,,,,,,
163,4,296,296,328,296,0,9,lane_first,tdw,balanced,False,reduction:5;reduction:9;reduction:18;reduction:37;reduction:74;reduction:148,640,1053916,674506240,,,,,,,,,,,
163,4,297,297,328,297,0,9,lane_first,tdw,balanced,False,reduction:5;reduction:9;reduction:19;reduction:37;reduction:74;reduction:148,640,1054242,674714880,,,,,,,,,,,
163,4,298,298,328,298,0,9,lane_first,tdw,balanced,False,reduction:5;reduction:9;reduction:19;reduction:37;reduction:74;reduction:149,640,1060910,678982400,,,,,,,,,,,
163,4,299,299,328,299,0,9,lane_first,tdw,balanced,False,reduction:5;reduction:9;reduction:19;reduction:37;reduction:75;reduction:149,640,1061236,679191040,,,,,,,,,,,
163,4,300,300,328,300,0,9,lane_first,tdw,balanced,False,reduction:5;reduction:9;reduction:19;reduction:37;reduction:75;reduction:150,640,1068067,683562880,,,,,,,,,,,
163,4,301,301,328,301,0,9,lane_first,tdw,balanced,False,reduction:5;reduction:9;reduction:19;reduction:38;reduction:75;reduction:150,640,1068393,683771520,,,,,,,,,,,
163,4,302,302,328,302,0,9,lane_first,tdw,balanced,False,reduction:5;reduction:9;reduction:19;reduction:38;reduction:75;reduction:151,640,1075061,688039040,,,,,,,,,,,
163,4,303,303,328,303,0,9,lane_first,tdw,balanced,False,reduction:5;reduction:9;reduction:19;reduction:38;reduction:76;reduction:151,640,1075387,688247680,,,,,,,,,,,
163,4,304,304,328,304,0,9,lane_first,tdw,balanced,False,reduction:5;reduction:9;reduction:19;reduction:38;reduction:76;reduction:152,640,1082218,692619520,,,,,,,,,,,
163,4,305,305,328,305,0,9,lane_first,tdw,balanced,False,reduction:5;reduction:10;reduction:19;reduction:38;reduction:76;reduction:152,640,1082544,692828160,,,,,,,,,,,
163,4,306,306,328,306,0,9,lane_first,tdw,balanced,False,reduction:5;reduction:10;reduction:19;reduction:38;reduction:76;reduction:153,640,1089212,697095680,,,,,,,,,,,
163,4,307,307,328,307,0,9,lane_first,tdw,balanced,False,reduction:5;reduction:10;reduction:19;reduction:38;reduction:77;reduction:153,640,1089538,697304320,,,,,,,,,,,
163,4,308,308,328,308,0,9,lane_first,tdw,balanced,False,reduction:5;reduction:10;reduction:19;reduction:38;reduction:77;reduction:154,640,1096369,701676160,,,,,,,,,,,
163,4,309,309,328,309,0,9,lane_first,tdw,balanced,False,reduction:5;reduction:10;reduction:19;reduction:39;reduction:77;reduction:154,640,1096695,701884800,,,,,,,,,,,
163,4,310,310,328,310,0,9,lane_first,tdw,balanced,False,reduction:5;reduction:10;reduction:19;reduction:39;reduction:77;reduction:155,640,1103363,706152320,,,,,,,,,,,
163,4,311,311,328,311,0,9,lane_first,tdw,balanced,False,reduction:5;reduction:10;reduction:19;reduction:39;reduction:78;reduction:155,640,1103689,706360960,,,,,,,,,,,
163,4,312,312,328,312,0,9,lane_first,tdw,balanced,False,reduction:5;reduction:10;reduction:19;reduction:39;reduction:78;reduction:156,640,1110520,710732800,,,,,,,,,,,
163,4,313,313,328,313,0,9,lane_first,tdw,balanced,False,reduction:5;reduction:10;reduction:20;reduction:39;reduction:78;reduction:156,640,1110846,710941440,,,,,,,,,,,
163,4,314,314,328,314,0,9,lane_first,tdw,balanced,False,reduction:5;reduction:10;reduction:20;reduction:39;reduction:78;reduction:157,640,1117514,715208960,,,,,,,,,,,
163,4,315,315,328,315,0,9,lane_first,tdw,balanced,False,reduction:5;reduction:10;reduction:20;reduction:39;reduction:79;reduction:157,640,1117840,715417600,,,,,,,,,,,
163,4,316,316,328,316,0,9,lane_first,tdw,balanced,False,reduction:5;reduction:10;reduction:20;reduction:39;reduction:79;reduction:158,640,1124671,719789440,,,,,,,,,,,
163,4,317,317,328,317,0,9,lane_first,tdw,balanced,False,reduction:5;reduction:10;reduction:20;reduction:40;reduction:79;reduction:158,640,1124997,719998080,,,,,,,,,,,
163,4,318,318,328,318,0,9,lane_first,tdw,balanced,False,reduction:5;reduction:10;reduction:20;reduction:40;reduction:79;reduction:159,640,1131665,724265600,,,,,,,,,,,
163,4,319,319,328,319,0,9,lane_first,tdw,balanced,False,reduction:5;reduction:10;reduction:20;reduction:40;reduction:80;reduction:159,640,1131991,724474240,,,,,,,,,,,
163,4,320,320,328,320,0,9,lane_first,tdw,balanced,False,reduction:5;reduction:10;reduction:20;reduction:40;reduction:80;reduction:160,640,1138822,728846080,,,,,,,,,,,
163,4,321,321,328,321,0,9,lane_first,tdw,balanced,False,reduction:5;reduction:10;reduction:20;reduction:40;reduction:80;reduction:160,648,1139148,738167904,,,,,,,,,,,
163,4,322,322,328,322,0,9,lane_first,tdw,balanced,False,reduction:5;reduction:10;reduction:20;reduction:40;reduction:80;reduction:161,648,1145816,742488768,,,,,,,,,,,
163,4,323,323,328,323,0,9,lane_first,tdw,balanced,False,reduction:5;reduction:10;reduction:20;reduction:40;reduction:81;reduction:161,648,1146142,742700016,,,,,,,,,,,
163,4,324,324,328,324,0,9,lane_first,tdw,balanced,False,reduction:5;reduction:10;reduction:20;reduction:40;reduction:81;reduction:162,648,1152973,747126504,,,,,,,,,,,
163,4,325,325,328,325,0,9,lane_first,tdw,balanced,False,reduction:5;reduction:10;reduction:20;reduction:41;reduction:81;reduction:162,648,1153299,747337752,,,,,,,,,,,
163,4,326,326,328,326,0,9,lane_first,tdw,balanced,False,reduction:5;reduction:10;reduction:20;reduction:41;reduction:81;reduction:163,648,1159967,751658616,,,,,,,,,,,
163,4,327,327,328,327,0,9,lane_first,tdw,balanced,False,reduction:5;reduction:10;reduction:20;reduction:41;reduction:82;reduction:163,648,1160293,751869864,,,,,,,,,,,
163,4,328,328,328,328,0,9,lane_first,tdw,balanced,False,reduction:5;reduction:10;reduction:20;reduction:41;reduction:82;reduction:164,640,1167124,746959360,,,,,,,,,,,
163,5,1,1,328,66,65,0,lane_first,tdw,balanced,False,tail:1,17096,65733,1123771368,,,,,,,,,,,
163,5,2,2,328,66,32,1,lane_first,tdw,balanced,False,tail:2,8740,71097,621387780,,,,,,,,,,,
163,5,3,3,328,66,21,2,lane_first,tdw,balanced,False,tail:3,6080,76298,463891840,,,,,,,,,,,
163,5,4,4,328,68,16,2,lane_first,tdw,balanced,False,tail:4,4476,83292,372814992,,,,,,,,,,,
163,5,5,5,328,68,13,3,lane_first,tdw,balanced,False,tail:3;tail:5,3760,86048,323540480,,,,,,,,,,,
163,5,6,6,328,66,10,3,lane_first,tdw,balanced,False,tail:6,3136,92227,289223872,,,,,,,,,,,
163,5,7,7,328,70,9,3,lane_first,tdw,balanced,False,tail:7,2644,100688,266219072,,,,,,,,,,,
163,5,8,8,328,72,8,3,lane_first,tdw,balanced,False,reduction:4;tail:8,2344,107682,252406608,,,,,,,,,,,
163,5,9,9,328,72,7,4,lane_first,tdw,balanced,False,reduction:4;tail:9,2164,112883,244278812,,,,,,,,,,,
163,5,10,10,328,70,6,4,lane_first,tdw,balanced,False,reduction:5;tail:10,1904,116617,222038768,,,,,,,,,,,
163,5,11,11,328,66,5,4,lane_first,tdw,balanced,False,reduction:5;tail:11,1800,118558,213404400,,,,,,,,,,,
163,5,12,12,328,72,5,4,lane_first,tdw,balanced,False,reduction:6;tail:12,1616,128812,208160192,,,,,,,,,,,
163,5,13,13,328,68,5,4,lane_first,tdw,balanced,False,reduction:6;tail:3;tail:13,1568,128308,201186944,,,,,,,,,,,
163,5,14,14,328,70,4,4,lane_first,tdw,balanced,False,tail:14,1388,137747,191192836,,,,,,,,,,,
163,5,15,15,328,75,4,4,lane_first,tdw,balanced,False,reduction:4;tail:15,1300,147023,191129900,,,,,,,,,,,
163,5,16,16,328,72,4,4,lane_first,tdw,balanced,False,reduction:4;reduction:8;tail:8;tail:16,1280,143422,183580160,,,,,,,,,,,
163,5,17,17,328,68,3,5,lane_first,tdw,balanced,False,reduction:4;reduction:8;tail:17,1280,151883,194410240,,,,,,,,,,,
163,5,18,18,328,72,3,5,lane_first,tdw,balanced,False,reduction:4;reduction:9;tail:18,1164,160507,186830148,,,,,,,,,,,
163,5,19,19,328,76,3,5,lane_first,tdw,balanced,False,reduction:5;reduction:9;tail:19,1112,168968,187892416,,,,,,,,,,,
163,5,20,20,328,80,3,5,lane_first,tdw,balanced,False,reduction:5;reduction:10;tail:20,1084,177592,192509728,,,,,,,,,,,
163,5,21,21,328,76,3,5,lane_first,tdw,balanced,False,reduction:5;reduction:10;tail:13;tail:21,1072,168938,181101536,,,,,,,,,,,
163,5,22,22,328,66,2,5,lane_first,tdw,balanced,False,reduction:5;reduction:11;tail:22,1000,176747,176747000,,,,,,,,,,,
163,5,23,23,328,69,2,5,lane_first,tdw,balanced,False,reduction:6;reduction:11;tail:23,1000,184393,184393000,,,,,,,,,,,
163,5,24,24,328,72,2,5,lane_first,tdw,balanced,False,reduction:6;reduction:12;tail:24,876,192202,168368952,,,,,,,,,,,
163,5,25,25,328,75,2,5,lane_first,tdw,balanced,False,reduction:6;reduction:12;tail:25,884,199848,176665632,,,,,,,,,,,
163,5,26,26,328,78,2,5,lane_first,tdw,balanced,False,reduction:6;reduction:13;tail:26,824,207657,171109368,,,,,,,,,,,
163,5,27,27,328,81,2,5,lane_first,tdw,balanced,False,reduction:13;tail:27,824,215303,177409672,,,,,,,,,,,
163,5,28,28,328,84,2,5,lane_first,tdw,balanced,False,tail:28,796,223112,177597152,,,,,,,,,,,
163,5,29,29,328,87,2,5,lane_first,tdw,balanced,False,reduction:4;tail:29,796,230758,183683368,,,,,,,,,,,
163,5,30,30,328,88,2,5,lane_first,tdw,balanced,False,reduction:4;reduction:15;tail:28;tail:30,784,225394,176708896,,,,,,,,,,,
163,5,31,31,328,80,2,5,lane_first,tdw,balanced,False,reduction:4;reduction:8;reduction:15;tail:18;tail:31,784,220948,173223232,,,,,,,,,,,
163,5,32,32,328,72,2,5,lane_first,tdw,balanced,False,reduction:4;reduction:8;reduction:16;tail:8;tail:32,768,227942,175059456,,,,,,,,,,,
163,5,33,33,328,66,1,6,lane_first,tdw,balanced,False,reduction:4;reduction:8;reduction:16;tail:33,752,234773,176549296,,,,,,,,,,,
163,5,34,34,328,68,1,6,lane_first,tdw,balanced,False,reduction:4;reduction:8;reduction:17;tail:34,760,241767,183742920,,,,,,,,,,,
163,5,35,35,328,70,1,6,lane_first,tdw,balanced,False,reduction:4;reduction:9;reduction:17;tail:35,768,248598,190923264,,,,,,,,,,,
163,5,36,36,328,72,1,6,lane_first,tdw,balanced,False,reduction:4;reduction:9;reduction:18;tail:36,768,255592,196294656,,,,,,,,,,,
163,5,37,37,328,74,1,6,lane_first,tdw,balanced,False,reduction:5;reduction:9;reduction:18;tail:37,652,262423,171099796,,,,,,,,,,,
163,5,38,38,328,76,1,6,lane_first,tdw,balanced,False,reduction:5;reduction:9;reduction:19;tail:38,652,269417,175659884,,,,,,,,,,,
163,5,39,39,328,78,1,6,lane_first,tdw,balanced,False,reduction:5;reduction:10;reduction:19;tail:39,652,276248,180113696,,,,,,,,,,,
163,5,40,40,328,80,1,6,lane_first,tdw,balanced,False,reduction:5;reduction:10;reduction:20;tail:40,652,283242,184673784,,,,,,,,,,,
163,5,41,41,328,82,1,6,lane_first,tdw,balanced,False,reduction:5;reduction:10;reduction:20;tail:41,600,290073,174043800,,,,,,,,,,,
163,5,42,42,328,84,1,6,lane_first,tdw,balanced,False,reduction:5;reduction:10;reduction:21;tail:42,600,297067,178240200,,,,,,,,,,,
163,5,43,43,328,86,1,6,lane_first,tdw,balanced,False,reduction:5;reduction:11;reduction:21;tail:43,600,303898,182338800,,,,,,,,,,,
163,5,44,44,328,88,1,6,lane_first,tdw,balanced,False,reduction:5;reduction:11;reduction:22;tail:44,600,310892,186535200,,,,,,,,,,,
163,5,45,45,328,90,1,6,lane_first,tdw,balanced,False,reduction:6;reduction:11;reduction:22;tail:45,600,317723,190633800,,,,,,,,,,,
163,5,46,46,328,92,1,6,lane_first,tdw,balanced,False,reduction:6;reduction:11;reduction:23;tail:46,600,324717,194830200,,,,,,,,,,,
163,5,47,47,328,94,1,6,lane_first,tdw,balanced,False,reduction:6;reduction:12;reduction:23;tail:47,572,331548,189645456,,,,,,,,,,,
163,5,48,48,328,96,1,6,lane_first,tdw,balanced,False,reduction:6;reduction:12;reduction:24;tail:48,572,338542,193646024,,,,,,,,,,,
163,5,49,49,328,98,1,6,lane_first,tdw,balanced,False,reduction:6;reduction:12;reduction:24;tail:49,580,345373,200316340,,,,,,,,,,,
163,5,50,50,328,100,1,6,lane_first,tdw,balanced,False,reduction:6;reduction:12;reduction:25;tail:50,580,352367,204372860,,,,,,,,,,,
163,5,51,51,328,102,1,6,lane_first,tdw,balanced,False,reduction:6;reduction:13;reduction:25;tail:51,580,359198,208334840,,,,,,,,,,,
163,5,52,52,328,104,1,6,lane_first,tdw,balanced,False,reduction:6;reduction:13;reduction:26;tail:52,580,366192,212391360,,,,,,,,,,,
163,5,53,53,328,106,1,6,lane_first,tdw,balanced,False,reduction:13;reduction:26;tail:53,580,373023,216353340,,,,,,,,,,,
163,5,54,54,328,108,1,6,lane_first,tdw,balanced,False,reduction:13;tail:54,580,380017,220409860,,,,,,,,,,,
163,5,55,55,328,108,1,6,lane_first,tdw,balanced,False,tail:53,568,373675,212247400,,,,,,,,,,,
163,5,56,56,328,104,1,6,lane_first,tdw,balanced,False,reduction:28;tail:48,568,341150,193773200,,,,,,,,,,,
163,5,57,57,328,100,1,6,lane_first,tdw,balanced,False,reduction:4;reduction:28;tail:43,568,308462,175206416,,,,,,,,,,,
163,5,58,58,328,96,1,6,lane_first,tdw,balanced,False,reduction:4;reduction:29;tail:38,568,275937,156732216,,,,,,,,,,,
163,5,59,59,328,92,1,6,lane_first,tdw,balanced,False,reduction:4;reduction:15;reduction:29;tail:33,568,243249,138165432,,,,,,,,,,,
163,5,60,60,328,88,1,6,lane_first,tdw,balanced,False,reduction:4;reduction:15;reduction:30;tail:28,560,241827,135423120,,,,,,,,,,,
163,5,61,61,328,84,1,6,lane_first,tdw,balanced,False,reduction:4;reduction:8;reduction:15;reduction:30;tail:23,560,238078,133323680,,,,,,,,,,,
163,5,62,62,328,80,1,6,lane_first,tdw,balanced,False,reduction:4;reduction:8;reduction:15;reduction:31;tail:18,560,240671,134775760,,,,,,,,,,,
163,5,63,63,328,76,1,6,lane_first,tdw,balanced,False,reduction:4;reduction:8;reduction:16;reduction:31;tail:13,552,236922,130780944,,,,,,,,,,,
163,5,64,64,328,72,1,6,lane_first,tdw,balanced,False,reduction:4;reduction:8;reduction:16;reduction:32;tail:8,544,239678,130384832,,,,,,,,,,,
163,5,65,65,328,68,1,7,lane_first,tdw,balanced,False,reduction:4;reduction:8;reduction:16;reduction:32;tail:3,576,235929,135895104,,,,,,,,,,,
163,5,66,66,328,66,0,7,lane_first,tdw,balanced,False,reduction:4;reduction:8;reduction:16;reduction:33,528,240152,126800256,,,,,,,,,,,
163,5,67,67,328,67,0,7,lane_first,tdw,balanced,False,reduction:4;reduction:8;reduction:17;reduction:33,536,240478,128896208,,,,,,,,,,,
163,5,68,68,328,68,0,7,lane_first,tdw,balanced,False,reduction:4;reduction:8;reduction:17;reduction:34,536,247309,132557624,,,,,,,,,,,
163,5,69,69,328,69,0,7,lane_first,tdw,balanced,False,reduction:4;reduction:9;reduction:17;reduction:34,544,247635,134713440,,,,,,,,,,,
163,5,70,70,328,70,0,7,lane_first,tdw,balanced,False,reduction:4;reduction:9;reduction:17;reduction:35,544,254303,138340832,,,,,,,,,,,
163,5,71,71,328,71,0,7,lane_first,tdw,balanced,False,reduction:4;reduction:9;reduction:18;reduction:35,544,254629,138518176,,,,,,,,,,,
163,5,72,72,328,72,0,7,lane_first,tdw,balanced,False,reduction:4;reduction:9;reduction:18;reduction:36,544,261460,142234240,,,,,,,,,,,
163,5,73,73,328,73,0,7,lane_first,tdw,balanced,False,reduction:5;reduction:9;reduction:18;reduction:36,552,261786,144505872,,,,,,,,,,,
163,5,74,74,328,74,0,7,lane_first,tdw,balanced,False,reduction:5;reduction:9;reduction:18;reduction:37,552,268454,148186608,,,,,,,,,,,
163,5,75,75,328,75,0,7,lane_first,tdw,balanced,False,reduction:5;reduction:9;reduction:19;reduction:37,552,268780,148366560,,,,,,,,,,,
163,5,76,76,328,76,0,7,lane_first,tdw,balanced,False,reduction:5;reduction:9;reduction:19;reduction:38,552,275611,152137272,,,,,,,,,,,
163,5,77,77,328,77,0,7,lane_first,tdw,balanced,False,reduction:5;reduction:10;reduction:19;reduction:38,552,275937,152317224,,,,,,,,,,,
163,5,78,78,328,78,0,7,lane_first,tdw,balanced,False,reduction:5;reduction:10;reduction:19;reduction:39,552,282605,155997960,,,,,,,,,,,
163,5,79,79,328,79,0,7,lane_first,tdw,balanced,False,reduction:5;reduction:10;reduction:20;reduction:39,552,282931,156177912,,,,,,,,,,,
163,5,80,80,328,80,0,7,lane_first,tdw,balanced,False,reduction:5;reduction:10;reduction:20;reduction:40,552,289762,159948624,,,,,,,,,,,
163,5,81,81,328,81,0,7,lane_first,tdw,balanced,False,reduction:5;reduction:10;reduction:20;reduction:40,560,290088,162449280,,,,,,,,,,,
163,5,82,82,328,82,0,7,lane_first,tdw,balanced,False,reduction:5;reduction:10;reduction:20;reduction:41,496,296756,147190976,,,,,,,,,,,
163,5,83,83,328,83,0,7,lane_first,tdw,balanced,False,reduction:5;reduction:10;reduction:21;reduction:41,496,297082,147352672,,,,,,,,,,,
163,5,84,84,328,84,0,7,lane_first,tdw,balanced,False,reduction:5;reduction:10;reduction:21;reduction:42,496,303913,150740848,,,,,,,,,,,
163,5,85,85,328,85,0,7,lane_first,tdw,balanced,False,reduction:5;reduction:11;reduction:21;reduction:42,496,304239,150902544,,,,,,,,,,,
163,5,86,86,328,86,0,7,lane_first,tdw,balanced,False,reduction:5;reduction:11;reduction:21;reduction:43,496,310907,154209872,,,,,,,,,,,
163,5,87,87,328,87,0,7,lane_first,tdw,balanced,False,reduction:5;reduction:11;reduction:22;reduction:43,496,311233,154371568,,,,,,,,,,,
163,5,88,88,328,88,0,7,lane_first,tdw,balanced,False,reduction:5;reduction:11;reduction:22;reduction:44,496,318064,157759744,,,,,,,,,,,
163,5,89,89,328,89,0,7,lane_first,tdw,balanced,False,reduction:6;reduction:11;reduction:22;reduction:44,496,318390,157921440,,,,,,,,,,,
163,5,90,90,328,90,0,7,lane_first,tdw,balanced,False,reduction:6;reduction:11;reduction:22;reduction:45,496,325058,161228768,,,,,,,,,,,
163,5,91,91,328,91,0,7,lane_first,tdw,balanced,False,reduction:6;reduction:11;reduction:23;reduction:45,496,325384,161390464,,,,,,,,,,,
163,5,92,92,328,92,0,7,lane_first,tdw,balanced,False,reduction:6;reduction:11;reduction:23;reduction:46,496,332215,164778640,,,,,,,,,,,
163,5,93,93,328,93,0,7,lane_first,tdw,balanced,False,reduction:6;reduction:12;reduction:23;reduction:46,496,332541,164940336,,,,,,,,,,,
163,5,94,94,328,94,0,7,lane_first,tdw,balanced,False,reduction:6;reduction:12;reduction:23;reduction:47,496,339209,168247664,,,,,,,,,,,
163,5,95,95,328,95,0,7,lane_first,tdw,balanced,False,reduction:6;reduction:12;reduction:24;reduction:47,496,339535,168409360,,,,,,,,,,,
163,5,96,96,328,96,0,7,lane_first,tdw,balanced,False,reduction:6;reduction:12;reduction:24;reduction:48,496,346366,171797536,,,,,,,,,,,
163,5,97,97,328,97,0,7,lane_first,tdw,balanced,False,reduction:6;reduction:12;reduction:24;reduction:48,504,346692,174732768,,,,,,,,,,,
163,5,98,98,328,98,0,7,lane_first,tdw,balanced,False,reduction:6;reduction:12;reduction:24;reduction:49,504,353360,178093440,,,,,,,,,,,
163,5,99,99,328,99,0,7,lane_first,tdw,balanced,False,reduction:6;reduction:12;reduction:25;reduction:49,504,353686,178257744,,,,,,,,,,,
163,5,100,100,328,100,0,7,lane_first,tdw,balanced,False,reduction:6;reduction:12;reduction:25;reduction:50,504,360517,181700568,,,,,,,,,,,
163,5,101,101,328,101,0,7,lane_first,tdw,balanced,False,reduction:6;reduction:13;reduction:25;reduction:50,504,360843,181864872,,,,,,,,,,,
163,5,102,102,328,102,0,7,lane_first,tdw,balanced,False,reduction:6;reduction:13;reduction:25;reduction:51,504,367511,185225544,,,,,,,,,,,
163,5,103,103,328,103,0,7,lane_first,tdw,balanced,False,reduction:6;reduction:13;reduction:26;reduction:51,504,367837,185389848,,,,,,,,,,,
163,5,104,104,328,104,0,7,lane_first,tdw,balanced,False,reduction:6;reduction:13;reduction:26;reduction:52,504,374668,188832672,,,,,,,,,,,
163,5,105,105,328,105,0,7,lane_first,tdw,balanced,False,reduction:13;reduction:26;reduction:52,504,374994,188996976,,,,,,,,,,,
163,5,106,106,328,106,0,7,lane_first,tdw,balanced,False,reduction:13;reduction:26;reduction:53,504,381662,192357648,,,,,,,,,,,
163,5,107,107,328,107,0,7,lane_first,tdw,balanced,False,reduction:13;reduction:53,504,381988,192521952,,,,,,,,,,,
163,5,108,108,328,108,0,7,lane_first,tdw,balanced,False,reduction:13;reduction:54,504,388819,195964776,,,,,,,,,,,
163,5,109,109,328,109,0,7,lane_first,tdw,balanced,False,reduction:54,504,389145,196129080,,,,,,,,,,,
163,5,110,110,328,110,0,7,lane_first,tdw,balanced,False,reduction:55,472,395813,186823736,,,,,,,,,,,
163,5,111,111,328,111,0,7,lane_first,tdw,balanced,False,reduction:28;reduction:55,472,396139,186977608,,,,,,,,,,,
163,5,112,112,328,112,0,7,lane_first,tdw,balanced,False,reduction:28;reduction:56,472,402970,190201840,,,,,,,,,,,
163,5,113,113,328,113,0,7,lane_first,tdw,balanced,False,reduction:4;reduction:28;reduction:56,472,403296,190355712,,,,,,,,,,,
163,5,114,114,328,114,0,7,lane_first,tdw,balanced,False,reduction:4;reduction:28;reduction:57,472,409964,193503008,,,,,,,,,,,
163,5,115,115,328,115,0,7,lane_first,tdw,balanced,False,reduction:4;reduction:29;reduction:57,472,410290,193656880,,,,,,,,,,,
163,5,116,116,328,116,0,7,lane_first,tdw,balanced,False,reduction:4;reduction:29;reduction:58,472,417121,196881112,,,,,,,,,,,
163,5,117,117,328,117,0,7,lane_first,tdw,balanced,False,reduction:4;reduction:15;reduction:29;reduction:58,472,417447,197034984,,,,,,,,,,,
163,5,118,118,328,118,0,7,lane_first,tdw,balanced,False,reduction:4;reduction:15;reduction:29;reduction:59,472,424115,200182280,,,,,,,,,,,
163,5,119,119,328,119,0,7,lane_first,tdw,balanced,False,reduction:4;reduction:15;reduction:30;reduction:59,472,424441,200336152,,,,,,,,,,,
163,5,120,120,328,120,0,7,lane_first,tdw,balanced,False,reduction:4;reduction:15;reduction:30;reduction:60,472,431272,203560384,,,,,,,,,,,
163,5,121,121,328,121,0,7,lane_first,tdw,balanced,False,reduction:4;reduction:8;reduction:15;reduction:30;reduction:60,472,431598,203714256,,,,,,,,,,,
163,5,122,122,328,122,0,7,lane_first,tdw,balanced,False,reduction:4;reduction:8;reduction:15;reduction:30;reduction:61,472,438266,206861552,,,,,,,,,,,
163,5,123,123,328,123,0,7,lane_first,tdw,balanced,False,reduction:4;reduction:8;reduction:15;reduction:31;reduction:61,472,438592,207015424,,,,,,,,,,,
163,5,124,124,328,124,0,7,lane_first,tdw,balanced,False,reduction:4;reduction:8;reduction:15;reduction:31;reduction:62,472,445423,210239656,,,,,,,,,,,
163,5,125,125,328,125,0,7,lane_first,tdw,balanced,False,reduction:4;reduction:8;reduction:16;reduction:31;reduction:62,472,445749,210393528,,,,,,,,,,,
163,5,126,126,328,126,0,7,lane_first,tdw,balanced,False,reduction:4;reduction:8;reduction:16;reduction:31;reduction:63,472,452417,213540824,,,,,,,,,,,
163,5,127,127,328,127,0,7,lane_first,tdw,balanced,False,reduction:4;reduction:8;reduction:16;reduction:32;reduction:63,472,452743,213694696,,,,,,,,,,,
163,5,128,128,328,128,0,7,lane_first,tdw,balanced,False,reduction:4;reduction:8;reduction:16;reduction:32;reduction:64,472,459574,216918928,,,,,,,,,,,
163,5,129,129,328,129,0,8,lane_first,tdw,balanced,False,reduction:4;reduction:8;reduction:16;reduction:32;reduction:64,512,459900,235468800,,,,,,,,,,,
163,5,130,130,328,130,0,8,lane_first,tdw,balanced,False,reduction:4;reduction:8;reduction:16;reduction:32;reduction:65,520,466568,242615360,,,,,,,,,,,
163,5,131,131,328,131,0,8,lane_first,tdw,balanced,False,reduction:4;reduction:8;reduction:16;reduction:33;reduction:65,528,466894,246520032,,,,,,,,,,,
163,5,132,132,328,132,0,8,lane_first,tdw,balanced,False,reduction:4;reduction:8;reduction:16;reduction:33;reduction:66,528,473725,250126800,,,,,,,,,,,
163,5,133,133,328,133,0,8,lane_first,tdw,balanced,False,reduction:4;reduction:8;reduction:17;reduction:33;reduction:66,536,474051,254091336,,,,,,,,,,,
163,5,134,134,328,134,0,8,lane_first,tdw,balanced,False,reduction:4;reduction:8;reduction:17;reduction:33;reduction:67,536,480719,257665384,,,,,,,,,,,
163,5,135,135,328,135,0,8,lane_first,tdw,balanced,False,reduction:4;reduction:8;reduction:17;reduction:34;reduction:67,536,481045,257840120,,,,,,,,,,,
163,5,136,136,328,136,0,8,lane_first,tdw,balanced,False,reduction:4;reduction:8;reduction:17;reduction:34;reduction:68,536,487876,261501536,,,,,,,,,,,
163,5,137,137,328,137,0,8,lane_first,tdw,balanced,False,reduction:4;reduction:9;reduction:17;reduction:34;reduction:68,544,488202,265581888,,,,,,,,,,,
163,5,138,138,328,138,0,8,lane_first,tdw,balanced,False,reduction:4;reduction:9;reduction:17;reduction:34;reduction:69,544,494870,269209280,,,,,,,,,,,
163,5,139,139,328,139,0,8,lane_first,tdw,balanced,False,reduction:4;reduction:9;reduction:17;reduction:35;reduction:69,544,495196,269386624,,,,,,,,,,,
163,5,140,140,328,140,0,8,lane_first,tdw,balanced,False,reduction:4;reduction:9;reduction:17;reduction:35;reduction:70,544,502027,273102688,,,,,,,,,,,
163,5,141,141,328,141,0,8,lane_first,tdw,balanced,False,reduction:4;reduction:9;reduction:18;reduction:35;reduction:70,544,502353,273280032,,,,,,,,,,,
163,5,142,142,328,142,0,8,lane_first,tdw,balanced,False,reduction:4;reduction:9;reduction:18;reduction:35;reduction:71,544,509021,276907424,,,,,,,,,,,
163,5,143,143,328,143,0,8,lane_first,tdw,balanced,False,reduction:4;reduction:9;reduction:18;reduction:36;reduction:71,544,509347,277084768,,,,,,,,,,,
163,5,144,144,328,144,0,8,lane_first,tdw,balanced,False,reduction:4;reduction:9;reduction:18;reduction:36;reduction:72,544,516178,280800832,,,,,,,,,,,
163,5,145,145,328,145,0,8,lane_first,tdw,balanced,False,reduction:5;reduction:9;reduction:18;reduction:36;reduction:72,552,516504,285110208,,,,,,,,,,,
163,5,146,146,328,146,0,8,lane_first,tdw,balanced,False,reduction:5;reduction:9;reduction:18;reduction:36;reduction:73,552,523172,288790944,,,,,,,,,,,
163,5,147,147,328,147,0,8,lane_first,tdw,balanced,False,reduction:5;reduction:9;reduction:18;reduction:37;reduction:73,552,523498,288970896,,,,,,,,,,,
163,5,148,148,328,148,0,8,lane_first,tdw,balanced,False,reduction:5;reduction:9;reduction:18;reduction:37;reduction:74,552,530329,292741608,,,,,,,,,,,
163,5,149,149,328,149,0,8,lane_first,tdw,balanced,False,reduction:5;reduction:9;reduction:19;reduction:37;reduction:74,552,530655,292921560,,,,,,,,,,,
163,5,150,150,328,150,0,8,lane_first,tdw,balanced,False,reduction:5;reduction:9;reduction:19;reduction:37;reduction:75,552,537323,296602296,,,,,,,,,,,
163,5,151,151,328,151,0,8,lane_first,tdw,balanced,False,reduction:5;reduction:9;reduction:19;reduction:38;reduction:75,552,537649,296782248,,,,,,,,,,,
163,5,152,152,328,152,0,8,lane_first,tdw,balanced,False,reduction:5;reduction:9;reduction:19;reduction:38;reduction:76,552,544480,300552960,,,,,,,,,,,
163,5,153,153,328,153,0,8,lane_first,tdw,balanced,False,reduction:5;reduction:10;reduction:19;reduction:38;reduction:76,552,544806,300732912,,,,,,,,,,,
163,5,154,154,328,154,0,8,lane_first,tdw,balanced,False,reduction:5;reduction:10;reduction:19;reduction:38;reduction:77,552,551474,304413648,,,,,,,,,,,
163,5,155,155,328,155,0,8,lane_first,tdw,balanced,False,reduction:5;reduction:10;reduction:19;reduction:39;reduction:77,552,551800,304593600,,,,,,,,,,,
163,5,156,156,328,156,0,8,lane_first,tdw,balanced,False,reduction:5;reduction:10;reduction:19;reduction:39;reduction:78,552,558631,308364312,,,,,,,,,,,
163,5,157,157,328,157,0,8,lane_first,tdw,balanced,False,reduction:5;reduction:10;reduction:20;reduction:39;reduction:78,552,558957,308544264,,,,,,,,,,,
163,5,158,158,328,158,0,8,lane_first,tdw,balanced,False,reduction:5;reduction:10;reduction:20;reduction:39;reduction:79,552,565625,312225000,,,,,,,,,,,
163,5,159,159,328,159,0,8,lane_first,tdw,balanced,False,reduction:5;reduction:10;reduction:20;reduction:40;reduction:79,552,565951,312404952,,,,,,,,,,,
163,5,160,160,328,160,0,8,lane_first,tdw,balanced,False,reduction:5;reduction:10;reduction:20;reduction:40;reduction:80,552,572782,316175664,,,,,,,,,,,
163,5,161,161,328,161,0,8,lane_first,tdw,balanced,False,reduction:5;reduction:10;reduction:20;reduction:40;reduction:80,560,573108,320940480,,,,,,,,,,,
163,5,162,162,328,162,0,8,lane_first,tdw,balanced,False,reduction:5;reduction:10;reduction:20;reduction:40;reduction:81,560,579776,324674560,,,,,,,,,,,
163,5,163,163,328,163,0,8,lane_first,tdw,balanced,False,reduction:5;reduction:10;reduction:20;reduction:41;reduction:81,560,580102,324857120,,,,,,,,,,,
163,5,164,164,328,164,0,8,lane_first,tdw,balanced,False,reduction:5;reduction:10;reduction:20;reduction:41;reduction:82,544,586933,319291552,,,,,,,,,,,
163,5,165,165,328,165,0,8,lane_first,tdw,balanced,False,reduction:5;reduction:10;reduction:21;reduction:41;reduction:82,544,587259,319468896,,,,,,,,,,,
163,5,166,166,328,166,0,8,lane_first,tdw,balanced,False,reduction:5;reduction:10;reduction:21;reduction:41;reduction:83,544,593927,323096288,,,,,,,,,,,
163,5,167,167,328,167,0,8,lane_first,tdw,balanced,False,reduction:5;reduction:10;reduction:21;reduction:42;reduction:83,544,594253,323273632,,,,,,,,,,,
163,5,168,168,328,168,0,8,lane_first,tdw,balanced,False,reduction:5;reduction:10;reduction:21;reduction:42;reduction:84,544,601084,326989696,,,,,,,,,,,
163,5,169,169,328,169,0,8,lane_first,tdw,balanced,False,reduction:5;reduction:11;reduction:21;reduction:42;reduction:84,544,601410,327167040,,,,,,,,,,,
163,5,170,170,328,170,0,8,lane_first,tdw,balanced,False,reduction:5;reduction:11;reduction:21;reduction:42;reduction:85,544,608078,330794432,,,,,,,,,,,
163,5,171,171,328,171,0,8,lane_first,tdw,balanced,False,reduction:5;reduction:11;reduction:21;reduction:43;reduction:85,544,608404,330971776,,,,,,,,,,,
163,5,172,172,328,172,0,8,lane_first,tdw,balanced,False,reduction:5;reduction:11;reduction:21;reduction:43;reduction:86,544,615235,334687840,,,,,,,,,,,
163,5,173,173,328,173,0,8,lane_first,tdw,balanced,False,reduction:5;reduction:11;reduction:22;reduction:43;reduction:86,544,615561,334865184,,,,,,,,,,,
163,5,174,174,328,174,0,8,lane_first,tdw,balanced,False,reduction:5;reduction:11;reduction:22;reduction:43;reduction:87,544,622229,338492576,,,,,,,,,,,
163,5,175,175,328,175,0,8,lane_first,tdw,balanced,False,reduction:5;reduction:11;reduction:22;reduction:44;reduction:87,544,622555,338669920,,,,,,,,,,,
163,5,176,176,328,176,0,8,lane_first,tdw,balanced,False,reduction:5;reduction:11;reduction:22;reduction:44;reduction:88,544,629386,342385984,,,,,,,,,,,
163,5,177,177,328,177,0,8,lane_first,tdw,balanced,False,reduction:6;reduction:11;reduction:22;reduction:44;reduction:88,544,629712,342563328,,,,,,,,,,,
163,5,178,178,328,178,0,8,lane_first,tdw,balanced,False,reduction:6;reduction:11;reduction:22;reduction:44;reduction:89,544,636380,346190720,,,,,,,,,,,
163,5,179,179,328,179,0,8,lane_first,tdw,balanced,False,reduction:6;reduction:11;reduction:22;reduction:45;reduction:89,544,636706,346368064,,,,,,,,,,,
163,5,180,180,328,180,0,8,lane_first,tdw,balanced,False,reduction:6;reduction:11;reduction:22;reduction:45;reduction:90,544,643537,350084128,,,,,,,,,,,
163,5,181,181,328,181,0,8,lane_first,tdw,balanced,False,reduction:6;reduction:11;reduction:23;reduction:45;reduction:90,544,643863,350261472,,,,,,,,,,,
163,5,182,182,328,182,0,8,lane_first,tdw,balanced,False,reduction:6;reduction:11;reduction:23;reduction:45;reduction:91,544,650531,353888864,,,,,,,,,,,
163,5,183,183,328,183,0,8,lane_first,tdw,balanced,False,reduction:6;reduction:11;reduction:23;reduction:46;reduction:91,544,650857,354066208,,,,,,,,,,,
163,5,184,184,328,184,0,8,lane_first,tdw,balanced,False,reduction:6;reduction:11;reduction:23;reduction:46;reduction:92,544,657688,357782272,,,,,,,,,,,
163,5,185,185,328,185,0,8,lane_first,tdw,balanced,False,reduction:6;reduction:12;reduction:23;reduction:46;reduction:92,544,658014,357959616,,,,,,,,,,,
163,5,186,186,328,186,0,8,lane_first,tdw,balanced,False,reduction:6;reduction:12;reduction:23;reduction:46;reduction:93,544,664682,361587008,,,,,,,,,,,
163,5,187,187,328,187,0,8,lane_first,tdw,balanced,False,reduction:6;reduction:12;reduction:23;reduction:47;reduction:93,544,665008,361764352,,,,,,,,,,,
163,5,188,188,328,188,0,8,lane_first,tdw,balanced,False,reduction:6;reduction:12;reduction:23;reduction:47;reduction:94,544,671839,365480416,,,,,,,,,,,
163,5,189,189,328,189,0,8,lane_first,tdw,balanced,False,reduction:6;reduction:12;reduction:24;reduction:47;reduction:94,544,672165,365657760,,,,,,,,,,,
163,5,190,190,328,190,0,8,lane_first,tdw,balanced,False,reduction:6;reduction:12;reduction:24;reduction:47;reduction:95,544,678833,369285152,,,,,,,,,,,
163,5,191,191,328,191,0,8,lane_first,tdw,balanced,False,reduction:6;reduction:12;reduction:24;reduction:48;reduction:95,544,679159,369462496,,,,,,,,,,,
163,5,192,192,328,192,0,8,lane_first,tdw,balanced,False,reduction:6;reduction:12;reduction:24;reduction:48;reduction:96,544,685990,373178560,,,,,,,,,,,
163,5,193,193,328,193,0,8,lane_first,tdw,balanced,False,reduction:6;reduction:12;reduction:24;reduction:48;reduction:96,552,686316,378846432,,,,,,,,,,,
163,5,194,194,328,194,0,8,lane_first,tdw,balanced,False,reduction:6;reduction:12;reduction:24;reduction:48;reduction:97,552,692984,382527168,,,,,,,,,,,
163,5,195,195,328,195,0,8,lane_first,tdw,balanced,False,reduction:6;reduction:12;reduction:24;reduction:49;reduction:97,552,693310,382707120,,,,,,,,,,,
163,5,196,196,328,196,0,8,lane_first,tdw,balanced,False,reduction:6;reduction:12;reduction:24;reduction:49;reduction:98,552,700141,386477832,,,,,,,,,,,
163,5,197,197,328,197,0,8,lane_first,tdw,balanced,False,reduction:6;reduction:12;reduction:25;reduction:49;reduction:98,552,700467,386657784,,,,,,,,,,,
163,5,198,198,328,198,0,8,lane_first,tdw,balanced,False,reduction:6;reduction:12;reduction:25;reduction:49;reduction:99,552,707135,390338520,,,,,,,,,,,
163,5,199,199,328,199,0,8,lane_first,tdw,balanced,False,reduction:6;reduction:12;reduction:25;reduction:50;reduction:99,552,707461,390518472,,,,,,,,,,,
163,5,200,200,328,200,0,8,lane_first,tdw,balanced,False,reduction:6;reduction:12;reduction:25;reduction:50;reduction:100,552,714292,394289184,,,,,,,,,,,
163,5,201,201,328,201,0,8,lane_first,tdw,balanced,False,reduction:6;reduction:13;reduction:25;reduction:50;reduction:100,552,714618,394469136,,,,,,,,,,,
163,5,202,202,328,202,0,8,lane_first,tdw,balanced,False,reduction:6;reduction:13;reduction:25;reduction:50;reduction:101,552,721286,398149872,,,,,,,,,,,
163,5,203,203,328,203,0,8,lane_first,tdw,balanced,False,reduction:6;reduction:13;reduction:25;reduction:51;reduction:101,552,721612,398329824,,,,,,,,,,,
163,5,204,204,328,204,0,8,lane_first,tdw,balanced,False,reduction:6;reduction:13;reduction:25;reduction:51;reduction:102,552,728443,402100536,,,,,,,,,,,
163,5,205,205,328,205,0,8,lane_first,tdw,balanced,False,reduction:6;reduction:13;reduction:26;reduction:51;reduction:102,552,728769,402280488,,,,,,,,,,,
163,5,206,206,328,206,0,8,lane_first,tdw,balanced,False,reduction:6;reduction:13;reduction:26;reduction:51;reduction:103,552,735437,405961224,,,,,,,,,,,
163,5,207,207,328,207,0,8,lane_first,tdw,balanced,False,reduction:6;reduction:13;reduction:26;reduction:52;reduction:103,552,735763,406141176,,,,,,,,,,,
163,5,208,208,328,208,0,8,lane_first,tdw,balanced,False,reduction:6;reduction:13;reduction:26;reduction:52;reduction:104,552,742594,409911888,,,,,,,,,,,
163,5,209,209,328,209,0,8,lane_first,tdw,balanced,False,reduction:13;reduction:26;reduction:52;reduction:104,552,742920,410091840,,,,,,,,,,,
163,5,210,210,328,210,0,8,lane_first,tdw,balanced,False,reduction:13;reduction:26;reduction:52;reduction:105,552,749588,413772576,,,,,,,,,,,
163,5,211,211,328,211,0,8,lane_first,tdw,balanced,False,reduction:13;reduction:26;reduction:53;reduction:105,552,749914,413952528,,,,,,,,,,,
163,5,212,212,328,212,0,8,lane_first,tdw,balanced,False,reduction:13;reduction:26;reduction:53;reduction:106,552,756745,417723240,,,,,,,,,,,
163,5,213,213,328,213,0,8,lane_first,tdw,balanced,False,reduction:13;reduction:53;reduction:106,552,757071,417903192,,,,,,,,,,,
163,5,214,214,328,214,0,8,lane_first,tdw,balanced,False,reduction:13;reduction:53;reduction:107,552,763739,421583928,,,,,,,,,,,
163,5,215,215,328,215,0,8,lane_first,tdw,balanced,False,reduction:13;reduction:54;reduction:107,552,764065,421763880,,,,,,,,,,,
163,5,216,216,328,216,0,8,lane_first,tdw,balanced,False,reduction:13;reduction:54;reduction:108,552,770896,425534592,,,,,,,,,,,
163,5,217,217,328,217,0,8,lane_first,tdw,balanced,False,reduction:54;reduction:108,552,771222,425714544,,,,,,,,,,,
163,5,218,218,328,218,0,8,lane_first,tdw,balanced,False,reduction:54;reduction:109,552,777890,429395280,,,,,,,,,,,
163,5,219,219,328,219,0,8,lane_first,tdw,balanced,False,reduction:55;reduction:109,552,778216,429575232,,,,,,,,,,,
163,5,220,220,328,220,0,8,lane_first,tdw,balanced,False,reduction:55;reduction:110,552,785047,433345944,,,,,,,,,,,
163,5,221,221,328,221,0,8,lane_first,tdw,balanced,False,reduction:28;reduction:55;reduction:110,552,785373,433525896,,,,,,,,,,,
163,5,222,222,328,222,0,8,lane_first,tdw,balanced,False,reduction:28;reduction:55;reduction:111,552,792041,437206632,,,,,,,,,,,
163,5,223,223,328,223,0,8,lane_first,tdw,balanced,False,reduction:28;reduction:56;reduction:111,552,792367,437386584,,,,,,,,,,,
163,5,224,224,328,224,0,8,lane_first,tdw,balanced,False,reduction:28;reduction:56;reduction:112,552,799198,441157296,,,,,,,,,,,
163,5,225,225,328,225,0,8,lane_first,tdw,balanced,False,reduction:4;reduction:28;reduction:56;reduction:112,552,799524,441337248,,,,,,,,,,,
163,5,226,226,328,226,0,8,lane_first,tdw,balanced,False,reduction:4;reduction:28;reduction:56;reduction:113,552,806192,445017984,,,,,,,,,,,
163,5,227,227,328,227,0,8,lane_first,tdw,balanced,False,reduction:4;reduction:28;reduction:57;reduction:113,552,806518,445197936,,,,,,,,,,,
163,5,228,228,328,228,0,8,lane_first,tdw,balanced,False,reduction:4;reduction:28;reduction:57;reduction:114,552,813349,448968648,,,,,,,,,,,
163,5,229,229,328,229,0,8,lane_first,tdw,balanced,False,reduction:4;reduction:29;reduction:57;reduction:114,552,813675,449148600,,,,,,,,,,,
163,5,230,230,328,230,0,8,lane_first,tdw,balanced,False,reduction:4;reduction:29;reduction:57;reduction:115,552,820343,452829336,,,,,,,,,,,
163,5,231,231,328,231,0,8,lane_first,tdw,balanced,False,reduction:4;reduction:29;reduction:58;reduction:115,552,820669,453009288,,,,,,,,,,,
163,5,232,232,328,232,0,8,lane_first,tdw,balanced,False,reduction:4;reduction:29;reduction:58;reduction:116,552,827500,456780000,,,,,,,,,,,
163,5,233,233,328,233,0,8,lane_first,tdw,balanced,False,reduction:4;reduction:15;reduction:29;reduction:58;reduction:116,552,827826,456959952,,,,,,,,,,,
163,5,234,234,328,234,0,8,lane_first,tdw,balanced,False,reduction:4;reduction:15;reduction:29;reduction:58;reduction:117,552,834494,460640688,,,,,,,,,,,
163,5,235,235,328,235,0,8,lane_first,tdw,balanced,False,reduction:4;reduction:15;reduction:29;reduction:59;reduction:117,552,834820,460820640,,,,,,,,,,,
163,5,236,236,328,236,0,8,lane_first,tdw,balanced,False,reduction:4;reduction:15;reduction:29;reduction:59;reduction:118,552,841651,464591352,,,,,,,,,,,
163,5,237,237,328,237,0,8,lane_first,tdw,balanced,False,reduction:4;reduction:15;reduction:30;reduction:59;reduction:118,552,841977,464771304,,,,,,,,,,,
163,5,238,238,328,238,0,8,lane_first,tdw,balanced,False,reduction:4;reduction:15;reduction:30;reduction:59;reduction:119,552,848645,468452040,,,,,,,,,,,
163,5,239,239,328,239,0,8,lane_first,tdw,balanced,False,reduction:4;reduction:15;reduction:30;reduction:60;reduction:119,552,848971,468631992,,,,,,,,,,,
163,5,240,240,328,240,0,8,lane_first,tdw,balanced,False,reduction:4;reduction:15;reduction:30;reduction:60;reduction:120,552,855802,472402704,,,,,,,,,,,
163,5,241,241,328,241,0,8,lane_first,tdw,balanced,False,reduction:4;reduction:8;reduction:15;reduction:30;reduction:60;reduction:120,552,856128,472582656,,,,,,,,,,,
163,5,242,242,328,242,0,8,lane_first,tdw,balanced,False,reduction:4;reduction:8;reduction:15;reduction:30;reduction:60;reduction:121,552,862796,476263392,,,,,,,,,,,
163,5,243,243,328,243,0,8,lane_first,tdw,balanced,False,reduction:4;reduction:8;reduction:15;reduction:30;reduction:61;reduction:121,552,863122,476443344,,,,,,,,,,,
163,5,244,244,328,244,0,8,lane_first,tdw,balanced,False,reduction:4;reduction:8;reduction:15;reduction:30;reduction:61;reduction:122,552,869953,480214056,,,,,,,,,,,
163,5,245,245,328,245,0,8,lane_first,tdw,balanced,False,reduction:4;reduction:8;reduction:15;reduction:31;reduction:61;reduction:122,552,870279,480394008,,,,,,,,,,,
163,5,246,246,328,246,0,8,lane_first,tdw,balanced,False,reduction:4;reduction:8;reduction:15;reduction:31;reduction:61;reduction:123,552,876947,484074744,,,,,,,,,,,
163,5,247,247,328,247,0,8,lane_first,tdw,balanced,False,reduction:4;reduction:8;reduction:15;reduction:31;reduction:62;reduction:123,552,877273,484254696,,,,,,,,,,,
163,5,248,248,328,248,0,8,lane_first,tdw,balanced,False,reduction:4;reduction:8;reduction:15;reduction:31;reduction:62;reduction:124,552,884104,488025408,,,,,,,,,,,
163,5,249,249,328,249,0,8,lane_first,tdw,balanced,False,reduction:4;reduction:8;reduction:16;reduction:31;reduction:62;reduction:124,552,884430,488205360,,,,,,,,,,,
163,5,250,250,328,250,0,8,lane_first,tdw,balanced,False,reduction:4;reduction:8;reduction:16;reduction:31;reduction:62;reduction:125,552,891098,491886096,,,,,,,,,,,
163,5,251,251,328,251,0,8,lane_first,tdw,balanced,False,reduction:4;reduction:8;reduction:16;reduction:31;reduction:63;reduction:125,552,891424,492066048,,,,,,,,,,,
163,5,252,252,328,252,0,8,lane_first,tdw,balanced,False,reduction:4;reduction:8;reduction:16;reduction:31;reduction:63;reduction:126,552,898255,495836760,,,,,,,,,,,
163,5,253,253,328,253,0,8,lane_first,tdw,balanced,False,reduction:4;reduction:8;reduction:16;reduction:32;reduction:63;reduction:126,552,898581,496016712,,,,,,,,,,,
163,5,254,254,328,254,0,8,lane_first,tdw,balanced,False,reduction:4;reduction:8;reduction:16;reduction:32;reduction:63;reduction:127,552,905249,499697448,,,,,,,,,,,
163,5,255,255,328,255,0,8,lane_first,tdw,balanced,False,reduction:4;reduction:8;reduction:16;reduction:32;reduction:64;reduction:127,552,905575,499877400,,,,,,,,,,,
163,5,256,256,328,256,0,8,lane_first,tdw,balanced,False,reduction:4;reduction:8;reduction:16;reduction:32;reduction:64;reduction:128,552,912406,503648112,,,,,,,,,,,
163,5,257,257,328,257,0,9,lane_first,tdw,balanced,False,reduction:4;reduction:8;reduction:16;reduction:32;reduction:64;reduction:128,592,912732,540337344,,,,,,,,,,,
163,5,258,258,328,258,0,9,lane_first,tdw,balanced,False,reduction:4;reduction:8;reduction:16;reduction:32;reduction:64;reduction:129,600,919400,551640000,,,,,,,,,,,
163,5,259,259,328,259,0,9,lane_first,tdw,balanced,False,reduction:4;reduction:8;reduction:16;reduction:32;reduction:65;reduction:129,608,919726,559193408,,,,,,,,,,,
163,5,260,260,328,260,0,9,lane_first,tdw,balanced,False,reduction:4;reduction:8;reduction:16;reduction:32;reduction:65;reduction:130,608,926557,563346656,,,,,,,,,,,
163,5,261,261,328,261,0,9,lane_first,tdw,balanced,False,reduction:4;reduction:8;reduction:16;reduction:33;reduction:65;reduction:130,616,926883,570959928,,,,,,,,,,,
163,5,262,262,328,262,0,9,lane_first,tdw,balanced,False,reduction:4;reduction:8;reduction:16;reduction:33;reduction:65;reduction:131,616,933551,575067416,,,,,,,,,,,
163,5,263,263,328,263,0,9,lane_first,tdw,balanced,False,reduction:4;reduction:8;reduction:16;reduction:33;reduction:66;reduction:131,616,933877,575268232,,,,,,,,,,,
163,5,264,264,328,264,0,9,lane_first,tdw,balanced,False,reduction:4;reduction:8;reduction:16;reduction:33;reduction:66;reduction:132,616,940708,579476128,,,,,,,,,,,
163,5,265,265,328,265,0,9,lane_first,tdw,balanced,False,reduction:4;reduction:8;reduction:17;reduction:33;reduction:66;reduction:132,624,941034,587205216,,,,,,,,,,,
163,5,266,266,328,266,0,9,lane_first,tdw,balanced,False,reduction:4;reduction:8;reduction:17;reduction:33;reduction:66;reduction:133,624,947702,591366048,,,,,,,,,,,
163,5,267,267,328,267,0,9,lane_first,tdw,balanced,False,reduction:4;reduction:8;reduction:17;reduction:33;reduction:67;reduction:133,624,948028,591569472,,,,,,,,,,,
163,5,268,268,328,268,0,9,lane_first,tdw,balanced,False,reduction:4;reduction:8;reduction:17;reduction:33;reduction:67;reduction:134,624,954859,595832016,,,,,,,,,,,
163,5,269,269,328,269,0,9,lane_first,tdw,balanced,False,reduction:4;reduction:8;reduction:17;reduction:34;reduction:67;reduction:134,624,955185,596035440,,,,,,,,,,,
163,5,270,270,328,270,0,9,lane_first,tdw,balanced,False,reduction:4;reduction:8;reduction:17;reduction:34;reduction:67;reduction:135,624,961853,600196272,,,,,,,,,,,
163,5,271,271,328,271,0,9,lane_first,tdw,balanced,False,reduction:4;reduction:8;reduction:17;reduction:34;reduction:68;reduction:135,624,962179,600399696,,,,,,,,,,,
163,5,272,272,328,272,0,9,lane_first,tdw,balanced,False,reduction:4;reduction:8;reduction:17;reduction:34;reduction:68;reduction:136,624,969010,604662240,,,,,,,,,,,
163,5,273,273,328,273,0,9,lane_first,tdw,balanced,False,reduction:4;reduction:9;reduction:17;reduction:34;reduction:68;reduction:136,632,969336,612620352,,,,,,,,,,,
163,5,274,274,328,274,0,9,lane_first,tdw,balanced,False,reduction:4;reduction:9;reduction:17;reduction:34;reduction:68;reduction:137,632,976004,616834528,,,,,,,,,,,
163,5,275,275,328,275,0,9,lane_first,tdw,balanced,False,reduction:4;reduction:9;reduction:17;reduction:34;reduction:69;reduction:137,632,976330,617040560,,,,,,,,,,,
163,5,276,276,328,276,0,9,lane_first,tdw,balanced,False,reduction:4;reduction:9;reduction:17;reduction:34;reduction:69;reduction:138,632,983161,621357752,,,,,,,,,,,
163,5,277,277,328,277,0,9,lane_first,tdw,balanced,False,reduction:4;reduction:9;reduction:17;reduction:35;reduction:69;reduction:138,632,983487,621563784,,,,,,,,,,,
163,5,278,278,328,278,0,9,lane_first,tdw,balanced,False,reduction:4;reduction:9;reduction:17;reduction:35;reduction:69;reduction:139,632,990155,625777960,,,,,,,,,,,
163,5,279,279,328,279,0,9,lane_first,tdw,balanced,False,reduction:4;reduction:9;reduction:17;reduction:35;reduction:70;reduction:139,632,990481,625983992,,,,,,,,,,,
163,5,280,280,328,280,0,9,lane_first,tdw,balanced,False,reduction:4;reduction:9;reduction:17;reduction:35;reduction:70;reduction:140,632,997312,630301184,,,,,,,,,,,
163,5,281,281,328,281,0,9,lane_first,tdw,balanced,False,reduction:4;reduction:9;reduction:18;reduction:35;reduction:70;reduction:140,632,997638,630507216,,,,,,,,,,,
163,5,282,282,328,282,0,9,lane_first,tdw,balanced,False,reduction:4;reduction:9;reduction:18;reduction:35;reduction:70;reduction:141,632,1004306,634721392,,,,,,,,,,,
163,5,283,283,328,283,0,9,lane_first,tdw,balanced,False,reduction:4;reduction:9;reduction:18;reduction:35;reduction:71;reduction:141,632,1004632,634927424,,,,,,,,,,,
163,5,284,284,328,284,0,9,lane_first,tdw,balanced,False,reduction:4;reduction:9;reduction:18;reduction:35;reduction:71;reduction:142,632,1011463,639244616,,,,,,,,,,,
163,5,285,285,328,285,0,9,lane_first,tdw,balanced,False,reduction:4;reduction:9;reduction:18;reduction:36;reduction:71;reduction:142,632,1011789,639450648,,,,,,,,,,,
163,5,286,286,328,286,0,9,lane_first,tdw,balanced,False,reduction:4;reduction:9;reduction:18;reduction:36;reduction:71;reduction:143,632,1018457,643664824,,,,,,,,,,,
163,5,287,287,328,287,0,9,lane_first,tdw,balanced,False,reduction:4;reduction:9;reduction:18;reduction:36;reduction:72;reduction:143,632,1018783,643870856,,,,,,,,,,,
163,5,288,288,328,288,0,9,lane_first,tdw,balanced,False,reduction:4;reduction:9;reduction:18;reduction:36;reduction:72;reduction:144,632,1025614,648188048,,,,,,,,,,,
163,5,289,289,328,289,0,9,lane_first,tdw,balanced,False,reduction:5;reduction:9;reduction:18;reduction:36;reduction:72;reduction:144,640,1025940,656601600,,,,,,,,,,,
163,5,290,290,328,290,0,9,lane_first,tdw,balanced,False,reduction:5;reduction:9;reduction:18;reduction:36;reduction:72;reduction:145,640,1032608,660869120,,,,,,,,,,,
163,5,291,291,328,291,0,9,lane_first,tdw,balanced,False,reduction:5;reduction:9;reduction:18;reduction:36;reduction:73;reduction:145,640,1032934,661077760,,,,,,,,,,,
163,5,292,292,328,292,0,9,lane_first,tdw,balanced,False,reduction:5;reduction:9;reduction:18;reduction:36;reduction:73;reduction:146,640,1039765,665449600,,,,,,,,,,,
163,5,293,293,328,293,0,9,lane_first,tdw,balanced,False,reduction:5;reduction:9;reduction:18;reduction:37;reduction:73;reduction:146,640,1040091,665658240,,,,,,,,,,,
163,5,294,294,328,294,0,9,lane_first,tdw,balanced,False,reduction:5;reduction:9;reduction:18;reduction:37;reduction:73;reduction:147,640,1046759,669925760,,,,,,,,,,,
163,5,295,295,328,295,0,9,lane_first,tdw,balanced,False,reduction:5;reduction:9;reduction:18;reduction:37;reduction:74;reduction:147,640,1047085,670134400,,,,,,,,,,,
163,5,296,296,328,296,0,9,lane_first,tdw,balanced,False,reduction:5;reduction:9;reduction:18;reduction:37;reduction:74;reduction:148,640,1053916,674506240,,,,,,,,,,,
163,5,297,297,328,297,0,9,lane_first,tdw,balanced,False,reduction:5;reduction:9;reduction:19;reduction:37;reduction:74;reduction:148,640,1054242,674714880,,,,,,,,,,,
163,5,298,298,328,298,0,9,lane_first,tdw,balanced,False,reduction:5;reduction:9;reduction:19;reduction:37;reduction:74;reduction:149,640,1060910,678982400,,,,,,,,,,,
163,5,299,299,328,299,0,9,lane_first,tdw,balanced,False,reduction:5;reduction:9;reduction:19;reduction:37;reduction:75;reduction:149,640,1061236,679191040,,,,,,,,,,,
163,5,300,300,328,300,0,9,lane_first,tdw,balanced,False,reduction:5;reduction:9;reduction:19;reduction:37;reduction:75;reduction:150,640,1068067,683562880,,,,,,,,,,,
163,5,301,301,328,301,0,9,lane_first,tdw,balanced,False,reduction:5;reduction:9;reduction:19;reduction:38;reduction:75;reduction:150,640,1068393,683771520,,,,,,,,,,,
163,5,302,302,328,302,0,9,lane_first,tdw,balanced,False,reduction:5;reduction:9;reduction:19;reduction:38;reduction:75;reduction:151,640,1075061,688039040,,,,,,,,,,,
163,5,303,303,328,303,0,9,lane_first,tdw,balanced,False,reduction:5;reduction:9;reduction:19;reduction:38;reduction:76;reduction:151,640,1075387,688247680,,,,,,,,,,,
163,5,304,304,328,304,0,9,lane_first,tdw,balanced,False,reduction:5;reduction:9;reduction:19;reduction:38;reduction:76;reduction:152,640,1082218,692619520,,,,,,,,,,,
163,5,305,305,328,305,0,9,lane_first,tdw,balanced,False,reduction:5;reduction:10;reduction:19;reduction:38;reduction:76;reduction:152,640,1082544,692828160,,,,,,,,,,,
163,5,306,306,328,306,0,9,lane_first,tdw,balanced,False,reduction:5;reduction:10;reduction:19;reduction:38;reduction:76;reduction:153,640,1089212,697095680,,,,,,,,,,,
163,5,307,307,328,307,0,9,lane_first,tdw,balanced,False,reduction:5;reduction:10;reduction:19;reduction:38;reduction:77;reduction:153,640,1089538,697304320,,,,,,,,,,,
163,5,308,308,328,308,0,9,lane_first,tdw,balanced,False,reduction:5;reduction:10;reduction:19;reduction:38;reduction:77;reduction:154,640,1096369,701676160,,,,,,,,,,,
163,5,309,309,328,309,0,9,lane_first,tdw,balanced,False,reduction:5;reduction:10;reduction:19;reduction:39;reduction:77;reduction:154,640,1096695,701884800,,,,,,,,,,,
163,5,310,310,328,310,0,9,lane_first,tdw,balanced,False,reduction:5;reduction:10;reduction:19;reduction:39;reduction:77;reduction:155,640,1103363,706152320,,,,,,,,,,,
163,5,311,311,328,311,0,9,lane_first,tdw,balanced,False,reduction:5;reduction:10;reduction:19;reduction:39;reduction:78;reduction:155,640,1103689,706360960,,,,,,,,,,,
163,5,312,312,328,312,0,9,lane_first,tdw,balanced,False,reduction:5;reduction:10;reduction:19;reduction:39;reduction:78;reduction:156,640,1110520,710732800,,,,,,,,,,,
163,5,313,313,328,313,0,9,lane_first,tdw,balanced,False,reduction:5;reduction:10;reduction:20;reduction:39;reduction:78;reduction:156,640,1110846,710941440,,,,,,,,,,,
163,5,314,314,328,314,0,9,lane_first,tdw,balanced,False,reduction:5;reduction:10;reduction:20;reduction:39;reduction:78;reduction:157,640,1117514,715208960,,,,,,,,,,,
163,5,315,315,328,315,0,9,lane_first,tdw,balanced,False,reduction:5;reduction:10;reduction:20;reduction:39;reduction:79;reduction:157,640,1117840,715417600,,,,,,,,,,,
163,5,316,316,328,316,0,9,lane_first,tdw,balanced,False,reduction:5;reduction:10;reduction:20;reduction:39;reduction:79;reduction:158,640,1124671,719789440,,,,,,,,,,,
163,5,317,317,328,317,0,9,lane_first,tdw,balanced,False,reduction:5;reduction:10;reduction:20;reduction:40;reduction:79;reduction:158,640,1124997,719998080,,,,,,,,,,,
163,5,318,318,328,318,0,9,lane_first,tdw,balanced,False,reduction:5;reduction:10;reduction:20;reduction:40;reduction:79;reduction:159,640,1131665,724265600,,,,,,,,,,,
163,5,319,319,328,319,0,9,lane_first,tdw,balanced,False,reduction:5;reduction:10;reduction:20;reduction:40;reduction:80;reduction:159,640,1131991,724474240,,,,,,,,,,,
163,5,320,320,328,320,0,9,lane_first,tdw,balanced,False,reduction:5;reduction:10;reduction:20;reduction:40;reduction:80;reduction:160,640,1138822,728846080,,,,,,,,,,,
163,5,321,321,328,321,0,9,lane_first,tdw,balanced,False,reduction:5;reduction:10;reduction:20;reduction:40;reduction:80;reduction:160,648,1139148,738167904,,,,,,,,,,,
163,5,322,322,328,322,0,9,lane_first,tdw,balanced,False,reduction:5;reduction:10;reduction:20;reduction:40;reduction:80;reduction:161,648,1145816,742488768,,,,,,,,,,,
163,5,323,323,328,323,0,9,lane_first,tdw,balanced,False,reduction:5;reduction:10;reduction:20;reduction:40;reduction:81;reduction:161,648,1146142,742700016,,,,,,,,,,,
163,5,324,324,328,324,0,9,lane_first,tdw,balanced,False,reduction:5;reduction:10;reduction:20;reduction:40;reduction:81;reduction:162,648,1152973,747126504,,,,,,,,,,,
163,5,325,325,328,325,0,9,lane_first,tdw,balanced,False,reduction:5;reduction:10;reduction:20;reduction:41;reduction:81;reduction:162,648,1153299,747337752,,,,,,,,,,,
163,5,326,326,328,326,0,9,lane_first,tdw,balanced,False,reduction:5;reduction:10;reduction:20;reduction:41;reduction:81;reduction:163,648,1159967,751658616,,,,,,,,,,,
163,5,327,327,328,327,0,9,lane_first,tdw,balanced,False,reduction:5;reduction:10;reduction:20;reduction:41;reduction:82;reduction:163,648,1160293,751869864,,,,,,,,,,,
163,5,328,328,328,328,0,9,lane_first,tdw,balanced,False,reduction:5;reduction:10;reduction:20;reduction:41;reduction:82;reduction:164,640,1167124,746959360,,,,,,,,,,,
163,6,1,1,328,55,54,0,lane_first,tdw,balanced,False,tail:1,27736,56768,1574517248,,,,,,,,,,,
163,6,2,2,328,56,27,1,lane_first,tdw,balanced,False,tail:2,13972,62947,879495484,,,,,,,,,,,
163,6,3,3,328,57,18,2,lane_first,tdw,balanced,False,tail:3,9440,68963,651010720,,,,,,,,,,,
163,6,4,4,328,56,13,2,lane_first,tdw,balanced,False,tail:4,6876,73512,505468512,,,,,,,,,,,
163,6,5,5,328,55,10,3,lane_first,tdw,balanced,False,tail:5,5776,77898,449938848,,,,,,,,,,,
163,6,6,6,328,58,9,3,lane_first,tdw,balanced,False,tail:4;tail:6,4760,82447,392447720,,,,,,,,,,,
163,6,7,7,328,56,7,3,lane_first,tdw,balanced,False,tail:7,3920,89278,349969760,,,,,,,,,,,
163,6,8,8,328,56,6,3,lane_first,tdw,balanced,False,reduction:4;tail:8,3380,94642,319889960,,,,,,,,,,,
163,6,9,9,328,58,6,4,lane_first,tdw,balanced,False,reduction:4;tail:4;tail:9,3228,98213,317031564,,,,,,,,,,,
163,6,10,10,328,60,5,4,lane_first,tdw,balanced,False,reduction:5;tail:10,2744,108467,297633448,,,,,,,,,,,
163,6,11,11,328,55,4,4,lane_first,tdw,balanced,False,reduction:5;tail:11,2640,109593,289325520,,,,,,,,,,,
163,6,12,12,328,60,4,4,lane_first,tdw,balanced,False,reduction:6;tail:12,2264,119032,269488448,,,,,,,,,,,
163,6,13,13,328,65,4,4,lane_first,tdw,balanced,False,reduction:6;tail:13,2184,128308,280224672,,,,,,,,,,,
163,6,14,14,328,56,3,4,lane_first,tdw,balanced,False,tail:14,2100,126337,265307700,,,,,,,,,,,
163,6,15,15,328,60,3,4,lane_first,tdw,balanced,False,reduction:4;tail:15,1724,134798,232391752,,,,,,,,,,,
163,6,16,16,328,64,3,4,lane_first,tdw,balanced,False,reduction:4;reduction:8;tail:16,1664,143422,238654208,,,,,,,,,,,
163,6,17,17,328,68,3,5,lane_first,tdw,balanced,False,reduction:4;reduction:8;tail:17,1700,151883,258201100,,,,,,,,,,,
163,6,18,18,328,58,3,5,lane_first,tdw,balanced,False,reduction:4;reduction:9;tail:4;tail:18,1672,145837,243839464,,,,,,,,,,,
163,6,19,19,328,57,2,5,lane_first,tdw,balanced,False,reduction:5;reduction:9;tail:19,1624,153483,249256392,,,,,,,,,,,
163,6,20,20,328,60,2,5,lane_first,tdw,balanced,False,reduction:5;reduction:10;tail:20,1372,161292,221292624,,,,,,,,,,,
163,6,21,21,328,63,2,5,lane_first,tdw,balanced,False,reduction:5;reduction:10;tail:21,1256,168938,212186128,,,,,,,,,,,
163,6,22,22,328,66,2,5,lane_first,tdw,balanced,False,reduction:5;reduction:11;tail:22,1196,176747,211389412,,,,,,,,,,,
163,6,23,23,328,69,2,5,lane_first,tdw,balanced,False,reduction:6;reduction:11;tail:23,1196,184393,220534028,,,,,,,,,,,
163,6,24,24,328,72,2,5,lane_first,tdw,balanced,False,reduction:6;reduction:12;tail:24,1168,192202,224491936,,,,,,,,,,,
163,6,25,25,328,75,2,5,lane_first,tdw,balanced,False,reduction:6;reduction:12;tail:25,1176,199848,235021248,,,,,,,,,,,
163,6,26,26,328,68,2,5,lane_first,tdw,balanced,False,reduction:6;reduction:13;tail:16;tail:26,1156,186467,215555852,,,,,,,,,,,
163,6,27,27,328,58,2,5,lane_first,tdw,balanced,False,reduction:13;tail:4;tail:27,1140,193298,220359720,,,,,,,,,,,
163,6,28,28,328,56,1,5,lane_first,tdw,balanced,False,tail:28,1084,200292,217116528,,,,,,,,,,,
163,6,29,29,328,58,1,5,lane_first,tdw,balanced,False,reduction:4;tail:29,1084,207123,224521332,,,,,,,,,,,
163,6,30,30,328,60,1,5,lane_first,tdw,balanced,False,reduction:4;reduction:15;tail:30,832,214117,178145344,,,,,,,,,,,
163,6,31,31,328,62,1,5,lane_first,tdw,balanced,False,reduction:4;reduction:8;reduction:15;tail:31,832,220948,183828736,,,,,,,,,,,
163,6,32,32,328,64,1,5,lane_first,tdw,balanced,False,reduction:4;reduction:8;reduction:16;tail:32,832,227942,189647744,,,,,,,,,,,
163,6,33,33,328,66,1,6,lane_first,tdw,balanced,False,reduction:4;reduction:8;reduction:16;tail:33,756,234773,177488388,,,,,,,,,,,
163,6,34,34,328,68,1,6,lane_first,tdw,balanced,False,reduction:4;reduction:8;reduction:17;tail:34,764,241767,184709988,,,,,,,,,,,
163,6,35,35,328,70,1,6,lane_first,tdw,balanced,False,reduction:4;reduction:9;reduction:17;tail:35,772,248598,191917656,,,,,,,,,,,
163,6,36,36,328,72,1,6,lane_first,tdw,balanced,False,reduction:4;reduction:9;reduction:18;tail:36,772,255592,197317024,,,,,,,,,,,
163,6,37,37,328,74,1,6,lane_first,tdw,balanced,False,reduction:5;reduction:9;reduction:18;tail:37,720,262423,188944560,,,,,,,,,,,
163,6,38,38,328,76,1,6,lane_first,tdw,balanced,False,reduction:5;reduction:9;reduction:19;tail:38,720,269417,193980240,,,,,,,,,,,
163,6,39,39,328,78,1,6,lane_first,tdw,balanced,False,reduction:5;reduction:10;reduction:19;tail:39,720,276248,198898560,,,,,,,,,,,
163,6,40,40,328,80,1,6,lane_first,tdw,balanced,False,reduction:5;reduction:10;reduction:20;tail:40,720,283242,203934240,,,,,,,,,,,
163,6,41,41,328,82,1,6,lane_first,tdw,balanced,False,reduction:5;reduction:10;reduction:20;tail:41,700,290073,203051100,,,,,,,,,,,
163,6,42,42,328,84,1,6,lane_first,tdw,balanced,False,reduction:5;reduction:10;reduction:21;tail:42,700,297067,207946900,,,,,,,,,,,
163,6,43,43,328,86,1,6,lane_first,tdw,balanced,False,reduction:5;reduction:11;reduction:21;tail:43,700,303898,212728600,,,,,,,,,,,
163,6,44,44,328,88,1,6,lane_first,tdw,balanced,False,reduction:5;reduction:11;reduction:22;tail:44,700,310892,217624400,,,,,,,,,,,
163,6,45,45,328,90,1,6,lane_first,tdw,balanced,False,reduction:6;reduction:11;reduction:22;tail:45,700,317723,222406100,,,,,,,,,,,
163,6,46,46,328,92,1,6,lane_first,tdw,balanced,False,reduction:6;reduction:11;reduction:23;tail:46,700,324717,227301900,,,,,,,,,,,
163,6,47,47,328,93,1,6,lane_first,tdw,balanced,False,reduction:6;reduction:12;reduction:23;tail:46,688,325043,223629584,,,,,,,,,,,
163,6,48,48,328,88,1,6,lane_first,tdw,balanced,False,reduction:6;reduction:12;reduction:24;tail:40,688,285850,196664800,,,,,,,,,,,
163,6,49,49,328,83,1,6,lane_first,tdw,balanced,False,reduction:6;reduction:12;reduction:24;tail:34,696,246657,171673272,,,,,,,,,,,
163,6,50,50,328,78,1,6,lane_first,tdw,balanced,False,reduction:6;reduction:12;reduction:25;tail:28,688,207464,142735232,,,,,,,,,,,
163,6,51,51,328,73,1,6,lane_first,tdw,balanced,False,reduction:6;reduction:13;reduction:25;tail:22,688,201804,138841152,,,,,,,,,,,
163,6,52,52,328,68,1,6,lane_first,tdw,balanced,False,reduction:6;reduction:13;reduction:26;tail:16,680,203745,138546600,,,,,,,,,,,
163,6,53,53,328,63,1,6,lane_first,tdw,balanced,False,reduction:13;reduction:26;tail:10,680,199181,135443080,,,,,,,,,,,
163,6,54,54,328,58,1,6,lane_first,tdw,balanced,False,reduction:13;tail:4,664,200959,133436776,,,,,,,,,,,
163,6,55,55,328,55,0,6,lane_first,tdw,balanced,True,,608,198025,120399200,1122328,167316138,198025,608,264098,52298006450,120399200,53792,h_u=2n,module_barriers,balanced_clean_arithmetic_retain_copied_outputs
163,6,56,56,328,56,0,6,lane_first,tdw,balanced,False,reduction:28,608,204856,124552448,,,,,,,,,,,
163,6,57,57,328,57,0,6,lane_first,tdw,balanced,False,reduction:4;reduction:28,608,205182,124750656,,,,,,,,,,,
163,6,58,58,328,58,0,6,lane_first,tdw,balanced,False,reduction:4;reduction:29,608,211850,128804800,,,,,,,,,,,
163,6,59,59,328,59,0,6,lane_first,tdw,balanced,False,reduction:4;reduction:15;reduction:29,608,212176,129003008,,,,,,,,,,,
163,6,60,60,328,60,0,6,lane_first,tdw,balanced,False,reduction:4;reduction:15;reduction:30,608,219007,133156256,,,,,,,,,,,
163,6,61,61,328,61,0,6,lane_first,tdw,balanced,False,reduction:4;reduction:8;reduction:15;reduction:30,608,219333,133354464,,,,,,,,,,,
163,6,62,62,328,62,0,6,lane_first,tdw,balanced,False,reduction:4;reduction:8;reduction:15;reduction:31,608,226001,137408608,,,,,,,,,,,
163,6,63,63,328,63,0,6,lane_first,tdw,balanced,False,reduction:4;reduction:8;reduction:16;reduction:31,608,226327,137606816,,,,,,,,,,,
163,6,64,64,328,64,0,6,lane_first,tdw,balanced,False,reduction:4;reduction:8;reduction:16;reduction:32,608,233158,141760064,,,,,,,,,,,
163,6,65,65,328,65,0,7,lane_first,tdw,balanced,False,reduction:4;reduction:8;reduction:16;reduction:32,648,233484,151297632,,,,,,,,,,,
163,6,66,66,328,66,0,7,lane_first,tdw,balanced,False,reduction:4;reduction:8;reduction:16;reduction:33,528,240152,126800256,,,,,,,,,,,
163,6,67,67,328,67,0,7,lane_first,tdw,balanced,False,reduction:4;reduction:8;reduction:17;reduction:33,536,240478,128896208,,,,,,,,,,,
163,6,68,68,328,68,0,7,lane_first,tdw,balanced,False,reduction:4;reduction:8;reduction:17;reduction:34,536,247309,132557624,,,,,,,,,,,
163,6,69,69,328,69,0,7,lane_first,tdw,balanced,False,reduction:4;reduction:9;reduction:17;reduction:34,544,247635,134713440,,,,,,,,,,,
163,6,70,70,328,70,0,7,lane_first,tdw,balanced,False,reduction:4;reduction:9;reduction:17;reduction:35,544,254303,138340832,,,,,,,,,,,
163,6,71,71,328,71,0,7,lane_first,tdw,balanced,False,reduction:4;reduction:9;reduction:18;reduction:35,544,254629,138518176,,,,,,,,,,,
163,6,72,72,328,72,0,7,lane_first,tdw,balanced,False,reduction:4;reduction:9;reduction:18;reduction:36,544,261460,142234240,,,,,,,,,,,
163,6,73,73,328,73,0,7,lane_first,tdw,balanced,False,reduction:5;reduction:9;reduction:18;reduction:36,552,261786,144505872,,,,,,,,,,,
163,6,74,74,328,74,0,7,lane_first,tdw,balanced,False,reduction:5;reduction:9;reduction:18;reduction:37,552,268454,148186608,,,,,,,,,,,
163,6,75,75,328,75,0,7,lane_first,tdw,balanced,False,reduction:5;reduction:9;reduction:19;reduction:37,552,268780,148366560,,,,,,,,,,,
163,6,76,76,328,76,0,7,lane_first,tdw,balanced,False,reduction:5;reduction:9;reduction:19;reduction:38,552,275611,152137272,,,,,,,,,,,
163,6,77,77,328,77,0,7,lane_first,tdw,balanced,False,reduction:5;reduction:10;reduction:19;reduction:38,552,275937,152317224,,,,,,,,,,,
163,6,78,78,328,78,0,7,lane_first,tdw,balanced,False,reduction:5;reduction:10;reduction:19;reduction:39,552,282605,155997960,,,,,,,,,,,
163,6,79,79,328,79,0,7,lane_first,tdw,balanced,False,reduction:5;reduction:10;reduction:20;reduction:39,552,282931,156177912,,,,,,,,,,,
163,6,80,80,328,80,0,7,lane_first,tdw,balanced,False,reduction:5;reduction:10;reduction:20;reduction:40,552,289762,159948624,,,,,,,,,,,
163,6,81,81,328,81,0,7,lane_first,tdw,balanced,False,reduction:5;reduction:10;reduction:20;reduction:40,560,290088,162449280,,,,,,,,,,,
163,6,82,82,328,82,0,7,lane_first,tdw,balanced,False,reduction:5;reduction:10;reduction:20;reduction:41,496,296756,147190976,,,,,,,,,,,
163,6,83,83,328,83,0,7,lane_first,tdw,balanced,False,reduction:5;reduction:10;reduction:21;reduction:41,496,297082,147352672,,,,,,,,,,,
163,6,84,84,328,84,0,7,lane_first,tdw,balanced,False,reduction:5;reduction:10;reduction:21;reduction:42,496,303913,150740848,,,,,,,,,,,
163,6,85,85,328,85,0,7,lane_first,tdw,balanced,False,reduction:5;reduction:11;reduction:21;reduction:42,496,304239,150902544,,,,,,,,,,,
163,6,86,86,328,86,0,7,lane_first,tdw,balanced,False,reduction:5;reduction:11;reduction:21;reduction:43,496,310907,154209872,,,,,,,,,,,
163,6,87,87,328,87,0,7,lane_first,tdw,balanced,False,reduction:5;reduction:11;reduction:22;reduction:43,496,311233,154371568,,,,,,,,,,,
163,6,88,88,328,88,0,7,lane_first,tdw,balanced,False,reduction:5;reduction:11;reduction:22;reduction:44,496,318064,157759744,,,,,,,,,,,
163,6,89,89,328,89,0,7,lane_first,tdw,balanced,False,reduction:6;reduction:11;reduction:22;reduction:44,496,318390,157921440,,,,,,,,,,,
163,6,90,90,328,90,0,7,lane_first,tdw,balanced,False,reduction:6;reduction:11;reduction:22;reduction:45,496,325058,161228768,,,,,,,,,,,
163,6,91,91,328,91,0,7,lane_first,tdw,balanced,False,reduction:6;reduction:11;reduction:23;reduction:45,496,325384,161390464,,,,,,,,,,,
163,6,92,92,328,92,0,7,lane_first,tdw,balanced,False,reduction:6;reduction:11;reduction:23;reduction:46,496,332215,164778640,,,,,,,,,,,
163,6,93,93,328,93,0,7,lane_first,tdw,balanced,False,reduction:6;reduction:12;reduction:23;reduction:46,496,332541,164940336,,,,,,,,,,,
163,6,94,94,328,94,0,7,lane_first,tdw,balanced,False,reduction:6;reduction:12;reduction:23;reduction:47,496,339209,168247664,,,,,,,,,,,
163,6,95,95,328,95,0,7,lane_first,tdw,balanced,False,reduction:6;reduction:12;reduction:24;reduction:47,496,339535,168409360,,,,,,,,,,,
163,6,96,96,328,96,0,7,lane_first,tdw,balanced,False,reduction:6;reduction:12;reduction:24;reduction:48,496,346366,171797536,,,,,,,,,,,
163,6,97,97,328,97,0,7,lane_first,tdw,balanced,False,reduction:6;reduction:12;reduction:24;reduction:48,504,346692,174732768,,,,,,,,,,,
163,6,98,98,328,98,0,7,lane_first,tdw,balanced,False,reduction:6;reduction:12;reduction:24;reduction:49,504,353360,178093440,,,,,,,,,,,
163,6,99,99,328,99,0,7,lane_first,tdw,balanced,False,reduction:6;reduction:12;reduction:25;reduction:49,504,353686,178257744,,,,,,,,,,,
163,6,100,100,328,100,0,7,lane_first,tdw,balanced,False,reduction:6;reduction:12;reduction:25;reduction:50,504,360517,181700568,,,,,,,,,,,
163,6,101,101,328,101,0,7,lane_first,tdw,balanced,False,reduction:6;reduction:13;reduction:25;reduction:50,504,360843,181864872,,,,,,,,,,,
163,6,102,102,328,102,0,7,lane_first,tdw,balanced,False,reduction:6;reduction:13;reduction:25;reduction:51,504,367511,185225544,,,,,,,,,,,
163,6,103,103,328,103,0,7,lane_first,tdw,balanced,False,reduction:6;reduction:13;reduction:26;reduction:51,504,367837,185389848,,,,,,,,,,,
163,6,104,104,328,104,0,7,lane_first,tdw,balanced,False,reduction:6;reduction:13;reduction:26;reduction:52,504,374668,188832672,,,,,,,,,,,
163,6,105,105,328,105,0,7,lane_first,tdw,balanced,False,reduction:13;reduction:26;reduction:52,504,374994,188996976,,,,,,,,,,,
163,6,106,106,328,106,0,7,lane_first,tdw,balanced,False,reduction:13;reduction:26;reduction:53,504,381662,192357648,,,,,,,,,,,
163,6,107,107,328,107,0,7,lane_first,tdw,balanced,False,reduction:13;reduction:53,504,381988,192521952,,,,,,,,,,,
163,6,108,108,328,108,0,7,lane_first,tdw,balanced,False,reduction:13;reduction:54,504,388819,195964776,,,,,,,,,,,
163,6,109,109,328,109,0,7,lane_first,tdw,balanced,False,reduction:54,504,389145,196129080,,,,,,,,,,,
163,6,110,110,328,110,0,7,lane_first,tdw,balanced,False,reduction:55,472,395813,186823736,,,,,,,,,,,
163,6,111,111,328,111,0,7,lane_first,tdw,balanced,False,reduction:28;reduction:55,472,396139,186977608,,,,,,,,,,,
163,6,112,112,328,112,0,7,lane_first,tdw,balanced,False,reduction:28;reduction:56,472,402970,190201840,,,,,,,,,,,
163,6,113,113,328,113,0,7,lane_first,tdw,balanced,False,reduction:4;reduction:28;reduction:56,472,403296,190355712,,,,,,,,,,,
163,6,114,114,328,114,0,7,lane_first,tdw,balanced,False,reduction:4;reduction:28;reduction:57,472,409964,193503008,,,,,,,,,,,
163,6,115,115,328,115,0,7,lane_first,tdw,balanced,False,reduction:4;reduction:29;reduction:57,472,410290,193656880,,,,,,,,,,,
163,6,116,116,328,116,0,7,lane_first,tdw,balanced,False,reduction:4;reduction:29;reduction:58,472,417121,196881112,,,,,,,,,,,
163,6,117,117,328,117,0,7,lane_first,tdw,balanced,False,reduction:4;reduction:15;reduction:29;reduction:58,472,417447,197034984,,,,,,,,,,,
163,6,118,118,328,118,0,7,lane_first,tdw,balanced,False,reduction:4;reduction:15;reduction:29;reduction:59,472,424115,200182280,,,,,,,,,,,
163,6,119,119,328,119,0,7,lane_first,tdw,balanced,False,reduction:4;reduction:15;reduction:30;reduction:59,472,424441,200336152,,,,,,,,,,,
163,6,120,120,328,120,0,7,lane_first,tdw,balanced,False,reduction:4;reduction:15;reduction:30;reduction:60,472,431272,203560384,,,,,,,,,,,
163,6,121,121,328,121,0,7,lane_first,tdw,balanced,False,reduction:4;reduction:8;reduction:15;reduction:30;reduction:60,472,431598,203714256,,,,,,,,,,,
163,6,122,122,328,122,0,7,lane_first,tdw,balanced,False,reduction:4;reduction:8;reduction:15;reduction:30;reduction:61,472,438266,206861552,,,,,,,,,,,
163,6,123,123,328,123,0,7,lane_first,tdw,balanced,False,reduction:4;reduction:8;reduction:15;reduction:31;reduction:61,472,438592,207015424,,,,,,,,,,,
163,6,124,124,328,124,0,7,lane_first,tdw,balanced,False,reduction:4;reduction:8;reduction:15;reduction:31;reduction:62,472,445423,210239656,,,,,,,,,,,
163,6,125,125,328,125,0,7,lane_first,tdw,balanced,False,reduction:4;reduction:8;reduction:16;reduction:31;reduction:62,472,445749,210393528,,,,,,,,,,,
163,6,126,126,328,126,0,7,lane_first,tdw,balanced,False,reduction:4;reduction:8;reduction:16;reduction:31;reduction:63,472,452417,213540824,,,,,,,,,,,
163,6,127,127,328,127,0,7,lane_first,tdw,balanced,False,reduction:4;reduction:8;reduction:16;reduction:32;reduction:63,472,452743,213694696,,,,,,,,,,,
163,6,128,128,328,128,0,7,lane_first,tdw,balanced,False,reduction:4;reduction:8;reduction:16;reduction:32;reduction:64,472,459574,216918928,,,,,,,,,,,
163,6,129,129,328,129,0,8,lane_first,tdw,balanced,False,reduction:4;reduction:8;reduction:16;reduction:32;reduction:64,512,459900,235468800,,,,,,,,,,,
163,6,130,130,328,130,0,8,lane_first,tdw,balanced,False,reduction:4;reduction:8;reduction:16;reduction:32;reduction:65,520,466568,242615360,,,,,,,,,,,
163,6,131,131,328,131,0,8,lane_first,tdw,balanced,False,reduction:4;reduction:8;reduction:16;reduction:33;reduction:65,528,466894,246520032,,,,,,,,,,,
163,6,132,132,328,132,0,8,lane_first,tdw,balanced,False,reduction:4;reduction:8;reduction:16;reduction:33;reduction:66,528,473725,250126800,,,,,,,,,,,
163,6,133,133,328,133,0,8,lane_first,tdw,balanced,False,reduction:4;reduction:8;reduction:17;reduction:33;reduction:66,536,474051,254091336,,,,,,,,,,,
163,6,134,134,328,134,0,8,lane_first,tdw,balanced,False,reduction:4;reduction:8;reduction:17;reduction:33;reduction:67,536,480719,257665384,,,,,,,,,,,
163,6,135,135,328,135,0,8,lane_first,tdw,balanced,False,reduction:4;reduction:8;reduction:17;reduction:34;reduction:67,536,481045,257840120,,,,,,,,,,,
163,6,136,136,328,136,0,8,lane_first,tdw,balanced,False,reduction:4;reduction:8;reduction:17;reduction:34;reduction:68,536,487876,261501536,,,,,,,,,,,
163,6,137,137,328,137,0,8,lane_first,tdw,balanced,False,reduction:4;reduction:9;reduction:17;reduction:34;reduction:68,544,488202,265581888,,,,,,,,,,,
163,6,138,138,328,138,0,8,lane_first,tdw,balanced,False,reduction:4;reduction:9;reduction:17;reduction:34;reduction:69,544,494870,269209280,,,,,,,,,,,
163,6,139,139,328,139,0,8,lane_first,tdw,balanced,False,reduction:4;reduction:9;reduction:17;reduction:35;reduction:69,544,495196,269386624,,,,,,,,,,,
163,6,140,140,328,140,0,8,lane_first,tdw,balanced,False,reduction:4;reduction:9;reduction:17;reduction:35;reduction:70,544,502027,273102688,,,,,,,,,,,
163,6,141,141,328,141,0,8,lane_first,tdw,balanced,False,reduction:4;reduction:9;reduction:18;reduction:35;reduction:70,544,502353,273280032,,,,,,,,,,,
163,6,142,142,328,142,0,8,lane_first,tdw,balanced,False,reduction:4;reduction:9;reduction:18;reduction:35;reduction:71,544,509021,276907424,,,,,,,,,,,
163,6,143,143,328,143,0,8,lane_first,tdw,balanced,False,reduction:4;reduction:9;reduction:18;reduction:36;reduction:71,544,509347,277084768,,,,,,,,,,,
163,6,144,144,328,144,0,8,lane_first,tdw,balanced,False,reduction:4;reduction:9;reduction:18;reduction:36;reduction:72,544,516178,280800832,,,,,,,,,,,
163,6,145,145,328,145,0,8,lane_first,tdw,balanced,False,reduction:5;reduction:9;reduction:18;reduction:36;reduction:72,552,516504,285110208,,,,,,,,,,,
163,6,146,146,328,146,0,8,lane_first,tdw,balanced,False,reduction:5;reduction:9;reduction:18;reduction:36;reduction:73,552,523172,288790944,,,,,,,,,,,
163,6,147,147,328,147,0,8,lane_first,tdw,balanced,False,reduction:5;reduction:9;reduction:18;reduction:37;reduction:73,552,523498,288970896,,,,,,,,,,,
163,6,148,148,328,148,0,8,lane_first,tdw,balanced,False,reduction:5;reduction:9;reduction:18;reduction:37;reduction:74,552,530329,292741608,,,,,,,,,,,
163,6,149,149,328,149,0,8,lane_first,tdw,balanced,False,reduction:5;reduction:9;reduction:19;reduction:37;reduction:74,552,530655,292921560,,,,,,,,,,,
163,6,150,150,328,150,0,8,lane_first,tdw,balanced,False,reduction:5;reduction:9;reduction:19;reduction:37;reduction:75,552,537323,296602296,,,,,,,,,,,
163,6,151,151,328,151,0,8,lane_first,tdw,balanced,False,reduction:5;reduction:9;reduction:19;reduction:38;reduction:75,552,537649,296782248,,,,,,,,,,,
163,6,152,152,328,152,0,8,lane_first,tdw,balanced,False,reduction:5;reduction:9;reduction:19;reduction:38;reduction:76,552,544480,300552960,,,,,,,,,,,
163,6,153,153,328,153,0,8,lane_first,tdw,balanced,False,reduction:5;reduction:10;reduction:19;reduction:38;reduction:76,552,544806,300732912,,,,,,,,,,,
163,6,154,154,328,154,0,8,lane_first,tdw,balanced,False,reduction:5;reduction:10;reduction:19;reduction:38;reduction:77,552,551474,304413648,,,,,,,,,,,
163,6,155,155,328,155,0,8,lane_first,tdw,balanced,False,reduction:5;reduction:10;reduction:19;reduction:39;reduction:77,552,551800,304593600,,,,,,,,,,,
163,6,156,156,328,156,0,8,lane_first,tdw,balanced,False,reduction:5;reduction:10;reduction:19;reduction:39;reduction:78,552,558631,308364312,,,,,,,,,,,
163,6,157,157,328,157,0,8,lane_first,tdw,balanced,False,reduction:5;reduction:10;reduction:20;reduction:39;reduction:78,552,558957,308544264,,,,,,,,,,,
163,6,158,158,328,158,0,8,lane_first,tdw,balanced,False,reduction:5;reduction:10;reduction:20;reduction:39;reduction:79,552,565625,312225000,,,,,,,,,,,
163,6,159,159,328,159,0,8,lane_first,tdw,balanced,False,reduction:5;reduction:10;reduction:20;reduction:40;reduction:79,552,565951,312404952,,,,,,,,,,,
163,6,160,160,328,160,0,8,lane_first,tdw,balanced,False,reduction:5;reduction:10;reduction:20;reduction:40;reduction:80,552,572782,316175664,,,,,,,,,,,
163,6,161,161,328,161,0,8,lane_first,tdw,balanced,False,reduction:5;reduction:10;reduction:20;reduction:40;reduction:80,560,573108,320940480,,,,,,,,,,,
163,6,162,162,328,162,0,8,lane_first,tdw,balanced,False,reduction:5;reduction:10;reduction:20;reduction:40;reduction:81,560,579776,324674560,,,,,,,,,,,
163,6,163,163,328,163,0,8,lane_first,tdw,balanced,False,reduction:5;reduction:10;reduction:20;reduction:41;reduction:81,560,580102,324857120,,,,,,,,,,,
163,6,164,164,328,164,0,8,lane_first,tdw,balanced,False,reduction:5;reduction:10;reduction:20;reduction:41;reduction:82,544,586933,319291552,,,,,,,,,,,
163,6,165,165,328,165,0,8,lane_first,tdw,balanced,False,reduction:5;reduction:10;reduction:21;reduction:41;reduction:82,544,587259,319468896,,,,,,,,,,,
163,6,166,166,328,166,0,8,lane_first,tdw,balanced,False,reduction:5;reduction:10;reduction:21;reduction:41;reduction:83,544,593927,323096288,,,,,,,,,,,
163,6,167,167,328,167,0,8,lane_first,tdw,balanced,False,reduction:5;reduction:10;reduction:21;reduction:42;reduction:83,544,594253,323273632,,,,,,,,,,,
163,6,168,168,328,168,0,8,lane_first,tdw,balanced,False,reduction:5;reduction:10;reduction:21;reduction:42;reduction:84,544,601084,326989696,,,,,,,,,,,
163,6,169,169,328,169,0,8,lane_first,tdw,balanced,False,reduction:5;reduction:11;reduction:21;reduction:42;reduction:84,544,601410,327167040,,,,,,,,,,,
163,6,170,170,328,170,0,8,lane_first,tdw,balanced,False,reduction:5;reduction:11;reduction:21;reduction:42;reduction:85,544,608078,330794432,,,,,,,,,,,
163,6,171,171,328,171,0,8,lane_first,tdw,balanced,False,reduction:5;reduction:11;reduction:21;reduction:43;reduction:85,544,608404,330971776,,,,,,,,,,,
163,6,172,172,328,172,0,8,lane_first,tdw,balanced,False,reduction:5;reduction:11;reduction:21;reduction:43;reduction:86,544,615235,334687840,,,,,,,,,,,
163,6,173,173,328,173,0,8,lane_first,tdw,balanced,False,reduction:5;reduction:11;reduction:22;reduction:43;reduction:86,544,615561,334865184,,,,,,,,,,,
163,6,174,174,328,174,0,8,lane_first,tdw,balanced,False,reduction:5;reduction:11;reduction:22;reduction:43;reduction:87,544,622229,338492576,,,,,,,,,,,
163,6,175,175,328,175,0,8,lane_first,tdw,balanced,False,reduction:5;reduction:11;reduction:22;reduction:44;reduction:87,544,622555,338669920,,,,,,,,,,,
163,6,176,176,328,176,0,8,lane_first,tdw,balanced,False,reduction:5;reduction:11;reduction:22;reduction:44;reduction:88,544,629386,342385984,,,,,,,,,,,
163,6,177,177,328,177,0,8,lane_first,tdw,balanced,False,reduction:6;reduction:11;reduction:22;reduction:44;reduction:88,544,629712,342563328,,,,,,,,,,,
163,6,178,178,328,178,0,8,lane_first,tdw,balanced,False,reduction:6;reduction:11;reduction:22;reduction:44;reduction:89,544,636380,346190720,,,,,,,,,,,
163,6,179,179,328,179,0,8,lane_first,tdw,balanced,False,reduction:6;reduction:11;reduction:22;reduction:45;reduction:89,544,636706,346368064,,,,,,,,,,,
163,6,180,180,328,180,0,8,lane_first,tdw,balanced,False,reduction:6;reduction:11;reduction:22;reduction:45;reduction:90,544,643537,350084128,,,,,,,,,,,
163,6,181,181,328,181,0,8,lane_first,tdw,balanced,False,reduction:6;reduction:11;reduction:23;reduction:45;reduction:90,544,643863,350261472,,,,,,,,,,,
163,6,182,182,328,182,0,8,lane_first,tdw,balanced,False,reduction:6;reduction:11;reduction:23;reduction:45;reduction:91,544,650531,353888864,,,,,,,,,,,
163,6,183,183,328,183,0,8,lane_first,tdw,balanced,False,reduction:6;reduction:11;reduction:23;reduction:46;reduction:91,544,650857,354066208,,,,,,,,,,,
163,6,184,184,328,184,0,8,lane_first,tdw,balanced,False,reduction:6;reduction:11;reduction:23;reduction:46;reduction:92,544,657688,357782272,,,,,,,,,,,
163,6,185,185,328,185,0,8,lane_first,tdw,balanced,False,reduction:6;reduction:12;reduction:23;reduction:46;reduction:92,544,658014,357959616,,,,,,,,,,,
163,6,186,186,328,186,0,8,lane_first,tdw,balanced,False,reduction:6;reduction:12;reduction:23;reduction:46;reduction:93,544,664682,361587008,,,,,,,,,,,
163,6,187,187,328,187,0,8,lane_first,tdw,balanced,False,reduction:6;reduction:12;reduction:23;reduction:47;reduction:93,544,665008,361764352,,,,,,,,,,,
163,6,188,188,328,188,0,8,lane_first,tdw,balanced,False,reduction:6;reduction:12;reduction:23;reduction:47;reduction:94,544,671839,365480416,,,,,,,,,,,
163,6,189,189,328,189,0,8,lane_first,tdw,balanced,False,reduction:6;reduction:12;reduction:24;reduction:47;reduction:94,544,672165,365657760,,,,,,,,,,,
163,6,190,190,328,190,0,8,lane_first,tdw,balanced,False,reduction:6;reduction:12;reduction:24;reduction:47;reduction:95,544,678833,369285152,,,,,,,,,,,
163,6,191,191,328,191,0,8,lane_first,tdw,balanced,False,reduction:6;reduction:12;reduction:24;reduction:48;reduction:95,544,679159,369462496,,,,,,,,,,,
163,6,192,192,328,192,0,8,lane_first,tdw,balanced,False,reduction:6;reduction:12;reduction:24;reduction:48;reduction:96,544,685990,373178560,,,,,,,,,,,
163,6,193,193,328,193,0,8,lane_first,tdw,balanced,False,reduction:6;reduction:12;reduction:24;reduction:48;reduction:96,552,686316,378846432,,,,,,,,,,,
163,6,194,194,328,194,0,8,lane_first,tdw,balanced,False,reduction:6;reduction:12;reduction:24;reduction:48;reduction:97,552,692984,382527168,,,,,,,,,,,
163,6,195,195,328,195,0,8,lane_first,tdw,balanced,False,reduction:6;reduction:12;reduction:24;reduction:49;reduction:97,552,693310,382707120,,,,,,,,,,,
163,6,196,196,328,196,0,8,lane_first,tdw,balanced,False,reduction:6;reduction:12;reduction:24;reduction:49;reduction:98,552,700141,386477832,,,,,,,,,,,
163,6,197,197,328,197,0,8,lane_first,tdw,balanced,False,reduction:6;reduction:12;reduction:25;reduction:49;reduction:98,552,700467,386657784,,,,,,,,,,,
163,6,198,198,328,198,0,8,lane_first,tdw,balanced,False,reduction:6;reduction:12;reduction:25;reduction:49;reduction:99,552,707135,390338520,,,,,,,,,,,
163,6,199,199,328,199,0,8,lane_first,tdw,balanced,False,reduction:6;reduction:12;reduction:25;reduction:50;reduction:99,552,707461,390518472,,,,,,,,,,,
163,6,200,200,328,200,0,8,lane_first,tdw,balanced,False,reduction:6;reduction:12;reduction:25;reduction:50;reduction:100,552,714292,394289184,,,,,,,,,,,
163,6,201,201,328,201,0,8,lane_first,tdw,balanced,False,reduction:6;reduction:13;reduction:25;reduction:50;reduction:100,552,714618,394469136,,,,,,,,,,,
163,6,202,202,328,202,0,8,lane_first,tdw,balanced,False,reduction:6;reduction:13;reduction:25;reduction:50;reduction:101,552,721286,398149872,,,,,,,,,,,
163,6,203,203,328,203,0,8,lane_first,tdw,balanced,False,reduction:6;reduction:13;reduction:25;reduction:51;reduction:101,552,721612,398329824,,,,,,,,,,,
163,6,204,204,328,204,0,8,lane_first,tdw,balanced,False,reduction:6;reduction:13;reduction:25;reduction:51;reduction:102,552,728443,402100536,,,,,,,,,,,
163,6,205,205,328,205,0,8,lane_first,tdw,balanced,False,reduction:6;reduction:13;reduction:26;reduction:51;reduction:102,552,728769,402280488,,,,,,,,,,,
163,6,206,206,328,206,0,8,lane_first,tdw,balanced,False,reduction:6;reduction:13;reduction:26;reduction:51;reduction:103,552,735437,405961224,,,,,,,,,,,
163,6,207,207,328,207,0,8,lane_first,tdw,balanced,False,reduction:6;reduction:13;reduction:26;reduction:52;reduction:103,552,735763,406141176,,,,,,,,,,,
163,6,208,208,328,208,0,8,lane_first,tdw,balanced,False,reduction:6;reduction:13;reduction:26;reduction:52;reduction:104,552,742594,409911888,,,,,,,,,,,
163,6,209,209,328,209,0,8,lane_first,tdw,balanced,False,reduction:13;reduction:26;reduction:52;reduction:104,552,742920,410091840,,,,,,,,,,,
163,6,210,210,328,210,0,8,lane_first,tdw,balanced,False,reduction:13;reduction:26;reduction:52;reduction:105,552,749588,413772576,,,,,,,,,,,
163,6,211,211,328,211,0,8,lane_first,tdw,balanced,False,reduction:13;reduction:26;reduction:53;reduction:105,552,749914,413952528,,,,,,,,,,,
163,6,212,212,328,212,0,8,lane_first,tdw,balanced,False,reduction:13;reduction:26;reduction:53;reduction:106,552,756745,417723240,,,,,,,,,,,
163,6,213,213,328,213,0,8,lane_first,tdw,balanced,False,reduction:13;reduction:53;reduction:106,552,757071,417903192,,,,,,,,,,,
163,6,214,214,328,214,0,8,lane_first,tdw,balanced,False,reduction:13;reduction:53;reduction:107,552,763739,421583928,,,,,,,,,,,
163,6,215,215,328,215,0,8,lane_first,tdw,balanced,False,reduction:13;reduction:54;reduction:107,552,764065,421763880,,,,,,,,,,,
163,6,216,216,328,216,0,8,lane_first,tdw,balanced,False,reduction:13;reduction:54;reduction:108,552,770896,425534592,,,,,,,,,,,
163,6,217,217,328,217,0,8,lane_first,tdw,balanced,False,reduction:54;reduction:108,552,771222,425714544,,,,,,,,,,,
163,6,218,218,328,218,0,8,lane_first,tdw,balanced,False,reduction:54;reduction:109,552,777890,429395280,,,,,,,,,,,
163,6,219,219,328,219,0,8,lane_first,tdw,balanced,False,reduction:55;reduction:109,552,778216,429575232,,,,,,,,,,,
163,6,220,220,328,220,0,8,lane_first,tdw,balanced,False,reduction:55;reduction:110,552,785047,433345944,,,,,,,,,,,
163,6,221,221,328,221,0,8,lane_first,tdw,balanced,False,reduction:28;reduction:55;reduction:110,552,785373,433525896,,,,,,,,,,,
163,6,222,222,328,222,0,8,lane_first,tdw,balanced,False,reduction:28;reduction:55;reduction:111,552,792041,437206632,,,,,,,,,,,
163,6,223,223,328,223,0,8,lane_first,tdw,balanced,False,reduction:28;reduction:56;reduction:111,552,792367,437386584,,,,,,,,,,,
163,6,224,224,328,224,0,8,lane_first,tdw,balanced,False,reduction:28;reduction:56;reduction:112,552,799198,441157296,,,,,,,,,,,
163,6,225,225,328,225,0,8,lane_first,tdw,balanced,False,reduction:4;reduction:28;reduction:56;reduction:112,552,799524,441337248,,,,,,,,,,,
163,6,226,226,328,226,0,8,lane_first,tdw,balanced,False,reduction:4;reduction:28;reduction:56;reduction:113,552,806192,445017984,,,,,,,,,,,
163,6,227,227,328,227,0,8,lane_first,tdw,balanced,False,reduction:4;reduction:28;reduction:57;reduction:113,552,806518,445197936,,,,,,,,,,,
163,6,228,228,328,228,0,8,lane_first,tdw,balanced,False,reduction:4;reduction:28;reduction:57;reduction:114,552,813349,448968648,,,,,,,,,,,
163,6,229,229,328,229,0,8,lane_first,tdw,balanced,False,reduction:4;reduction:29;reduction:57;reduction:114,552,813675,449148600,,,,,,,,,,,
163,6,230,230,328,230,0,8,lane_first,tdw,balanced,False,reduction:4;reduction:29;reduction:57;reduction:115,552,820343,452829336,,,,,,,,,,,
163,6,231,231,328,231,0,8,lane_first,tdw,balanced,False,reduction:4;reduction:29;reduction:58;reduction:115,552,820669,453009288,,,,,,,,,,,
163,6,232,232,328,232,0,8,lane_first,tdw,balanced,False,reduction:4;reduction:29;reduction:58;reduction:116,552,827500,456780000,,,,,,,,,,,
163,6,233,233,328,233,0,8,lane_first,tdw,balanced,False,reduction:4;reduction:15;reduction:29;reduction:58;reduction:116,552,827826,456959952,,,,,,,,,,,
163,6,234,234,328,234,0,8,lane_first,tdw,balanced,False,reduction:4;reduction:15;reduction:29;reduction:58;reduction:117,552,834494,460640688,,,,,,,,,,,
163,6,235,235,328,235,0,8,lane_first,tdw,balanced,False,reduction:4;reduction:15;reduction:29;reduction:59;reduction:117,552,834820,460820640,,,,,,,,,,,
163,6,236,236,328,236,0,8,lane_first,tdw,balanced,False,reduction:4;reduction:15;reduction:29;reduction:59;reduction:118,552,841651,464591352,,,,,,,,,,,
163,6,237,237,328,237,0,8,lane_first,tdw,balanced,False,reduction:4;reduction:15;reduction:30;reduction:59;reduction:118,552,841977,464771304,,,,,,,,,,,
163,6,238,238,328,238,0,8,lane_first,tdw,balanced,False,reduction:4;reduction:15;reduction:30;reduction:59;reduction:119,552,848645,468452040,,,,,,,,,,,
163,6,239,239,328,239,0,8,lane_first,tdw,balanced,False,reduction:4;reduction:15;reduction:30;reduction:60;reduction:119,552,848971,468631992,,,,,,,,,,,
163,6,240,240,328,240,0,8,lane_first,tdw,balanced,False,reduction:4;reduction:15;reduction:30;reduction:60;reduction:120,552,855802,472402704,,,,,,,,,,,
163,6,241,241,328,241,0,8,lane_first,tdw,balanced,False,reduction:4;reduction:8;reduction:15;reduction:30;reduction:60;reduction:120,552,856128,472582656,,,,,,,,,,,
163,6,242,242,328,242,0,8,lane_first,tdw,balanced,False,reduction:4;reduction:8;reduction:15;reduction:30;reduction:60;reduction:121,552,862796,476263392,,,,,,,,,,,
163,6,243,243,328,243,0,8,lane_first,tdw,balanced,False,reduction:4;reduction:8;reduction:15;reduction:30;reduction:61;reduction:121,552,863122,476443344,,,,,,,,,,,
163,6,244,244,328,244,0,8,lane_first,tdw,balanced,False,reduction:4;reduction:8;reduction:15;reduction:30;reduction:61;reduction:122,552,869953,480214056,,,,,,,,,,,
163,6,245,245,328,245,0,8,lane_first,tdw,balanced,False,reduction:4;reduction:8;reduction:15;reduction:31;reduction:61;reduction:122,552,870279,480394008,,,,,,,,,,,
163,6,246,246,328,246,0,8,lane_first,tdw,balanced,False,reduction:4;reduction:8;reduction:15;reduction:31;reduction:61;reduction:123,552,876947,484074744,,,,,,,,,,,
163,6,247,247,328,247,0,8,lane_first,tdw,balanced,False,reduction:4;reduction:8;reduction:15;reduction:31;reduction:62;reduction:123,552,877273,484254696,,,,,,,,,,,
163,6,248,248,328,248,0,8,lane_first,tdw,balanced,False,reduction:4;reduction:8;reduction:15;reduction:31;reduction:62;reduction:124,552,884104,488025408,,,,,,,,,,,
163,6,249,249,328,249,0,8,lane_first,tdw,balanced,False,reduction:4;reduction:8;reduction:16;reduction:31;reduction:62;reduction:124,552,884430,488205360,,,,,,,,,,,
163,6,250,250,328,250,0,8,lane_first,tdw,balanced,False,reduction:4;reduction:8;reduction:16;reduction:31;reduction:62;reduction:125,552,891098,491886096,,,,,,,,,,,
163,6,251,251,328,251,0,8,lane_first,tdw,balanced,False,reduction:4;reduction:8;reduction:16;reduction:31;reduction:63;reduction:125,552,891424,492066048,,,,,,,,,,,
163,6,252,252,328,252,0,8,lane_first,tdw,balanced,False,reduction:4;reduction:8;reduction:16;reduction:31;reduction:63;reduction:126,552,898255,495836760,,,,,,,,,,,
163,6,253,253,328,253,0,8,lane_first,tdw,balanced,False,reduction:4;reduction:8;reduction:16;reduction:32;reduction:63;reduction:126,552,898581,496016712,,,,,,,,,,,
163,6,254,254,328,254,0,8,lane_first,tdw,balanced,False,reduction:4;reduction:8;reduction:16;reduction:32;reduction:63;reduction:127,552,905249,499697448,,,,,,,,,,,
163,6,255,255,328,255,0,8,lane_first,tdw,balanced,False,reduction:4;reduction:8;reduction:16;reduction:32;reduction:64;reduction:127,552,905575,499877400,,,,,,,,,,,
163,6,256,256,328,256,0,8,lane_first,tdw,balanced,False,reduction:4;reduction:8;reduction:16;reduction:32;reduction:64;reduction:128,552,912406,503648112,,,,,,,,,,,
163,6,257,257,328,257,0,9,lane_first,tdw,balanced,False,reduction:4;reduction:8;reduction:16;reduction:32;reduction:64;reduction:128,592,912732,540337344,,,,,,,,,,,
163,6,258,258,328,258,0,9,lane_first,tdw,balanced,False,reduction:4;reduction:8;reduction:16;reduction:32;reduction:64;reduction:129,600,919400,551640000,,,,,,,,,,,
163,6,259,259,328,259,0,9,lane_first,tdw,balanced,False,reduction:4;reduction:8;reduction:16;reduction:32;reduction:65;reduction:129,608,919726,559193408,,,,,,,,,,,
163,6,260,260,328,260,0,9,lane_first,tdw,balanced,False,reduction:4;reduction:8;reduction:16;reduction:32;reduction:65;reduction:130,608,926557,563346656,,,,,,,,,,,
163,6,261,261,328,261,0,9,lane_first,tdw,balanced,False,reduction:4;reduction:8;reduction:16;reduction:33;reduction:65;reduction:130,616,926883,570959928,,,,,,,,,,,
163,6,262,262,328,262,0,9,lane_first,tdw,balanced,False,reduction:4;reduction:8;reduction:16;reduction:33;reduction:65;reduction:131,616,933551,575067416,,,,,,,,,,,
163,6,263,263,328,263,0,9,lane_first,tdw,balanced,False,reduction:4;reduction:8;reduction:16;reduction:33;reduction:66;reduction:131,616,933877,575268232,,,,,,,,,,,
163,6,264,264,328,264,0,9,lane_first,tdw,balanced,False,reduction:4;reduction:8;reduction:16;reduction:33;reduction:66;reduction:132,616,940708,579476128,,,,,,,,,,,
163,6,265,265,328,265,0,9,lane_first,tdw,balanced,False,reduction:4;reduction:8;reduction:17;reduction:33;reduction:66;reduction:132,624,941034,587205216,,,,,,,,,,,
163,6,266,266,328,266,0,9,lane_first,tdw,balanced,False,reduction:4;reduction:8;reduction:17;reduction:33;reduction:66;reduction:133,624,947702,591366048,,,,,,,,,,,
163,6,267,267,328,267,0,9,lane_first,tdw,balanced,False,reduction:4;reduction:8;reduction:17;reduction:33;reduction:67;reduction:133,624,948028,591569472,,,,,,,,,,,
163,6,268,268,328,268,0,9,lane_first,tdw,balanced,False,reduction:4;reduction:8;reduction:17;reduction:33;reduction:67;reduction:134,624,954859,595832016,,,,,,,,,,,
163,6,269,269,328,269,0,9,lane_first,tdw,balanced,False,reduction:4;reduction:8;reduction:17;reduction:34;reduction:67;reduction:134,624,955185,596035440,,,,,,,,,,,
163,6,270,270,328,270,0,9,lane_first,tdw,balanced,False,reduction:4;reduction:8;reduction:17;reduction:34;reduction:67;reduction:135,624,961853,600196272,,,,,,,,,,,
163,6,271,271,328,271,0,9,lane_first,tdw,balanced,False,reduction:4;reduction:8;reduction:17;reduction:34;reduction:68;reduction:135,624,962179,600399696,,,,,,,,,,,
163,6,272,272,328,272,0,9,lane_first,tdw,balanced,False,reduction:4;reduction:8;reduction:17;reduction:34;reduction:68;reduction:136,624,969010,604662240,,,,,,,,,,,
163,6,273,273,328,273,0,9,lane_first,tdw,balanced,False,reduction:4;reduction:9;reduction:17;reduction:34;reduction:68;reduction:136,632,969336,612620352,,,,,,,,,,,
163,6,274,274,328,274,0,9,lane_first,tdw,balanced,False,reduction:4;reduction:9;reduction:17;reduction:34;reduction:68;reduction:137,632,976004,616834528,,,,,,,,,,,
163,6,275,275,328,275,0,9,lane_first,tdw,balanced,False,reduction:4;reduction:9;reduction:17;reduction:34;reduction:69;reduction:137,632,976330,617040560,,,,,,,,,,,
163,6,276,276,328,276,0,9,lane_first,tdw,balanced,False,reduction:4;reduction:9;reduction:17;reduction:34;reduction:69;reduction:138,632,983161,621357752,,,,,,,,,,,
163,6,277,277,328,277,0,9,lane_first,tdw,balanced,False,reduction:4;reduction:9;reduction:17;reduction:35;reduction:69;reduction:138,632,983487,621563784,,,,,,,,,,,
163,6,278,278,328,278,0,9,lane_first,tdw,balanced,False,reduction:4;reduction:9;reduction:17;reduction:35;reduction:69;reduction:139,632,990155,625777960,,,,,,,,,,,
163,6,279,279,328,279,0,9,lane_first,tdw,balanced,False,reduction:4;reduction:9;reduction:17;reduction:35;reduction:70;reduction:139,632,990481,625983992,,,,,,,,,,,
163,6,280,280,328,280,0,9,lane_first,tdw,balanced,False,reduction:4;reduction:9;reduction:17;reduction:35;reduction:70;reduction:140,632,997312,630301184,,,,,,,,,,,
163,6,281,281,328,281,0,9,lane_first,tdw,balanced,False,reduction:4;reduction:9;reduction:18;reduction:35;reduction:70;reduction:140,632,997638,630507216,,,,,,,,,,,
163,6,282,282,328,282,0,9,lane_first,tdw,balanced,False,reduction:4;reduction:9;reduction:18;reduction:35;reduction:70;reduction:141,632,1004306,634721392,,,,,,,,,,,
163,6,283,283,328,283,0,9,lane_first,tdw,balanced,False,reduction:4;reduction:9;reduction:18;reduction:35;reduction:71;reduction:141,632,1004632,634927424,,,,,,,,,,,
163,6,284,284,328,284,0,9,lane_first,tdw,balanced,False,reduction:4;reduction:9;reduction:18;reduction:35;reduction:71;reduction:142,632,1011463,639244616,,,,,,,,,,,
163,6,285,285,328,285,0,9,lane_first,tdw,balanced,False,reduction:4;reduction:9;reduction:18;reduction:36;reduction:71;reduction:142,632,1011789,639450648,,,,,,,,,,,
163,6,286,286,328,286,0,9,lane_first,tdw,balanced,False,reduction:4;reduction:9;reduction:18;reduction:36;reduction:71;reduction:143,632,1018457,643664824,,,,,,,,,,,
163,6,287,287,328,287,0,9,lane_first,tdw,balanced,False,reduction:4;reduction:9;reduction:18;reduction:36;reduction:72;reduction:143,632,1018783,643870856,,,,,,,,,,,
163,6,288,288,328,288,0,9,lane_first,tdw,balanced,False,reduction:4;reduction:9;reduction:18;reduction:36;reduction:72;reduction:144,632,1025614,648188048,,,,,,,,,,,
163,6,289,289,328,289,0,9,lane_first,tdw,balanced,False,reduction:5;reduction:9;reduction:18;reduction:36;reduction:72;reduction:144,640,1025940,656601600,,,,,,,,,,,
163,6,290,290,328,290,0,9,lane_first,tdw,balanced,False,reduction:5;reduction:9;reduction:18;reduction:36;reduction:72;reduction:145,640,1032608,660869120,,,,,,,,,,,
163,6,291,291,328,291,0,9,lane_first,tdw,balanced,False,reduction:5;reduction:9;reduction:18;reduction:36;reduction:73;reduction:145,640,1032934,661077760,,,,,,,,,,,
163,6,292,292,328,292,0,9,lane_first,tdw,balanced,False,reduction:5;reduction:9;reduction:18;reduction:36;reduction:73;reduction:146,640,1039765,665449600,,,,,,,,,,,
163,6,293,293,328,293,0,9,lane_first,tdw,balanced,False,reduction:5;reduction:9;reduction:18;reduction:37;reduction:73;reduction:146,640,1040091,665658240,,,,,,,,,,,
163,6,294,294,328,294,0,9,lane_first,tdw,balanced,False,reduction:5;reduction:9;reduction:18;reduction:37;reduction:73;reduction:147,640,1046759,669925760,,,,,,,,,,,
163,6,295,295,328,295,0,9,lane_first,tdw,balanced,False,reduction:5;reduction:9;reduction:18;reduction:37;reduction:74;reduction:147,640,1047085,670134400,,,,,,,,,,,
163,6,296,296,328,296,0,9,lane_first,tdw,balanced,False,reduction:5;reduction:9;reduction:18;reduction:37;reduction:74;reduction:148,640,1053916,674506240,,,,,,,,,,,
163,6,297,297,328,297,0,9,lane_first,tdw,balanced,False,reduction:5;reduction:9;reduction:19;reduction:37;reduction:74;reduction:148,640,1054242,674714880,,,,,,,,,,,
163,6,298,298,328,298,0,9,lane_first,tdw,balanced,False,reduction:5;reduction:9;reduction:19;reduction:37;reduction:74;reduction:149,640,1060910,678982400,,,,,,,,,,,
163,6,299,299,328,299,0,9,lane_first,tdw,balanced,False,reduction:5;reduction:9;reduction:19;reduction:37;reduction:75;reduction:149,640,1061236,679191040,,,,,,,,,,,
163,6,300,300,328,300,0,9,lane_first,tdw,balanced,False,reduction:5;reduction:9;reduction:19;reduction:37;reduction:75;reduction:150,640,1068067,683562880,,,,,,,,,,,
163,6,301,301,328,301,0,9,lane_first,tdw,balanced,False,reduction:5;reduction:9;reduction:19;reduction:38;reduction:75;reduction:150,640,1068393,683771520,,,,,,,,,,,
163,6,302,302,328,302,0,9,lane_first,tdw,balanced,False,reduction:5;reduction:9;reduction:19;reduction:38;reduction:75;reduction:151,640,1075061,688039040,,,,,,,,,,,
163,6,303,303,328,303,0,9,lane_first,tdw,balanced,False,reduction:5;reduction:9;reduction:19;reduction:38;reduction:76;reduction:151,640,1075387,688247680,,,,,,,,,,,
163,6,304,304,328,304,0,9,lane_first,tdw,balanced,False,reduction:5;reduction:9;reduction:19;reduction:38;reduction:76;reduction:152,640,1082218,692619520,,,,,,,,,,,
163,6,305,305,328,305,0,9,lane_first,tdw,balanced,False,reduction:5;reduction:10;reduction:19;reduction:38;reduction:76;reduction:152,640,1082544,692828160,,,,,,,,,,,
163,6,306,306,328,306,0,9,lane_first,tdw,balanced,False,reduction:5;reduction:10;reduction:19;reduction:38;reduction:76;reduction:153,640,1089212,697095680,,,,,,,,,,,
163,6,307,307,328,307,0,9,lane_first,tdw,balanced,False,reduction:5;reduction:10;reduction:19;reduction:38;reduction:77;reduction:153,640,1089538,697304320,,,,,,,,,,,
163,6,308,308,328,308,0,9,lane_first,tdw,balanced,False,reduction:5;reduction:10;reduction:19;reduction:38;reduction:77;reduction:154,640,1096369,701676160,,,,,,,,,,,
163,6,309,309,328,309,0,9,lane_first,tdw,balanced,False,reduction:5;reduction:10;reduction:19;reduction:39;reduction:77;reduction:154,640,1096695,701884800,,,,,,,,,,,
163,6,310,310,328,310,0,9,lane_first,tdw,balanced,False,reduction:5;reduction:10;reduction:19;reduction:39;reduction:77;reduction:155,640,1103363,706152320,,,,,,,,,,,
163,6,311,311,328,311,0,9,lane_first,tdw,balanced,False,reduction:5;reduction:10;reduction:19;reduction:39;reduction:78;reduction:155,640,1103689,706360960,,,,,,,,,,,
163,6,312,312,328,312,0,9,lane_first,tdw,balanced,False,reduction:5;reduction:10;reduction:19;reduction:39;reduction:78;reduction:156,640,1110520,710732800,,,,,,,,,,,
163,6,313,313,328,313,0,9,lane_first,tdw,balanced,False,reduction:5;reduction:10;reduction:20;reduction:39;reduction:78;reduction:156,640,1110846,710941440,,,,,,,,,,,
163,6,314,314,328,314,0,9,lane_first,tdw,balanced,False,reduction:5;reduction:10;reduction:20;reduction:39;reduction:78;reduction:157,640,1117514,715208960,,,,,,,,,,,
163,6,315,315,328,315,0,9,lane_first,tdw,balanced,False,reduction:5;reduction:10;reduction:20;reduction:39;reduction:79;reduction:157,640,1117840,715417600,,,,,,,,,,,
163,6,316,316,328,316,0,9,lane_first,tdw,balanced,False,reduction:5;reduction:10;reduction:20;reduction:39;reduction:79;reduction:158,640,1124671,719789440,,,,,,,,,,,
163,6,317,317,328,317,0,9,lane_first,tdw,balanced,False,reduction:5;reduction:10;reduction:20;reduction:40;reduction:79;reduction:158,640,1124997,719998080,,,,,,,,,,,
163,6,318,318,328,318,0,9,lane_first,tdw,balanced,False,reduction:5;reduction:10;reduction:20;reduction:40;reduction:79;reduction:159,640,1131665,724265600,,,,,,,,,,,
163,6,319,319,328,319,0,9,lane_first,tdw,balanced,False,reduction:5;reduction:10;reduction:20;reduction:40;reduction:80;reduction:159,640,1131991,724474240,,,,,,,,,,,
163,6,320,320,328,320,0,9,lane_first,tdw,balanced,False,reduction:5;reduction:10;reduction:20;reduction:40;reduction:80;reduction:160,640,1138822,728846080,,,,,,,,,,,
163,6,321,321,328,321,0,9,lane_first,tdw,balanced,False,reduction:5;reduction:10;reduction:20;reduction:40;reduction:80;reduction:160,648,1139148,738167904,,,,,,,,,,,
163,6,322,322,328,322,0,9,lane_first,tdw,balanced,False,reduction:5;reduction:10;reduction:20;reduction:40;reduction:80;reduction:161,648,1145816,742488768,,,,,,,,,,,
163,6,323,323,328,323,0,9,lane_first,tdw,balanced,False,reduction:5;reduction:10;reduction:20;reduction:40;reduction:81;reduction:161,648,1146142,742700016,,,,,,,,,,,
163,6,324,324,328,324,0,9,lane_first,tdw,balanced,False,reduction:5;reduction:10;reduction:20;reduction:40;reduction:81;reduction:162,648,1152973,747126504,,,,,,,,,,,
163,6,325,325,328,325,0,9,lane_first,tdw,balanced,False,reduction:5;reduction:10;reduction:20;reduction:41;reduction:81;reduction:162,648,1153299,747337752,,,,,,,,,,,
163,6,326,326,328,326,0,9,lane_first,tdw,balanced,False,reduction:5;reduction:10;reduction:20;reduction:41;reduction:81;reduction:163,648,1159967,751658616,,,,,,,,,,,
163,6,327,327,328,327,0,9,lane_first,tdw,balanced,False,reduction:5;reduction:10;reduction:20;reduction:41;reduction:82;reduction:163,648,1160293,751869864,,,,,,,,,,,
163,6,328,328,328,328,0,9,lane_first,tdw,balanced,False,reduction:5;reduction:10;reduction:20;reduction:41;reduction:82;reduction:164,640,1167124,746959360,,,,,,,,,,,
163,7,1,1,328,47,46,0,lane_first,tdw,balanced,False,tail:1,47100,50248,2366680800,,,,,,,,,,,
163,7,2,2,328,48,23,1,lane_first,tdw,balanced,False,tail:2,23336,56427,1316780472,,,,,,,,,,,
163,7,3,3,328,48,15,2,lane_first,tdw,balanced,False,tail:3,15424,61628,950550272,,,,,,,,,,,
163,7,4,4,328,48,11,2,lane_first,tdw,balanced,False,tail:4,11272,66992,755133824,,,,,,,,,,,
163,7,5,5,328,50,9,3,lane_first,tdw,balanced,False,tail:5,9120,73823,673265760,,,,,,,,,,,
163,7,6,6,328,48,7,3,lane_first,tdw,balanced,False,tail:6,7468,77557,579195676,,,,,,,,,,,
163,7,7,7,328,49,6,3,lane_first,tdw,balanced,False,tail:7,6176,83573,516146848,,,,,,,,,,,
163,7,8,8,328,48,5,3,lane_first,tdw,balanced,False,reduction:4;tail:8,5380,88122,474096360,,,,,,,,,,,
163,7,9,9,328,54,5,4,lane_first,tdw,balanced,False,reduction:4;tail:9,4996,98213,490672148,,,,,,,,,,,
163,7,10,10,328,50,4,4,lane_first,tdw,balanced,False,reduction:5;tail:10,4160,100317,417318720,,,,,,,,,,,
163,7,11,11,328,55,4,4,lane_first,tdw,balanced,False,reduction:5;tail:11,3956,109593,433549908,,,,,,,,,,,
163,7,12,12,328,48,3,4,lane_first,tdw,balanced,False,reduction:6;tail:12,3872,109252,423023744,,,,,,,,,,,
163,7,13,13,328,52,3,4,lane_first,tdw,balanced,False,reduction:6;tail:13,3120,117713,367264560,,,,,,,,,,,
163,7,14,14,328,56,3,4,lane_first,tdw,balanced,False,tail:14,2936,126337,370925432,,,,,,,,,,,
163,7,15,15,328,58,3,4,lane_first,tdw,balanced,False,reduction:4;tail:13;tail:15,2896,122573,354971408,,,,,,,,,,,
163,7,16,16,328,48,2,4,lane_first,tdw,balanced,False,reduction:4;reduction:8;tail:16,2824,130382,368198768,,,,,,,,,,,
163,7,17,17,328,51,2,5,lane_first,tdw,balanced,False,reduction:4;reduction:8;tail:17,2372,138028,327402416,,,,,,,,,,,
163,7,18,18,328,54,2,5,lane_first,tdw,balanced,False,reduction:4;reduction:9;tail:18,2128,145837,310341136,,,,,,,,,,,
163,7,19,19,328,57,2,5,lane_first,tdw,balanced,False,reduction:5;reduction:9;tail:19,2012,153483,308807796,,,,,,,,,,,
163,7,20,20,328,60,2,5,lane_first,tdw,balanced,False,reduction:5;reduction:10;tail:20,1952,161292,314841984,,,,,,,,,,,
163,7,21,21,328,63,2,5,lane_first,tdw,balanced,False,reduction:5;reduction:10;tail:21,1932,168938,326388216,,,,,,,,,,,
163,7,22,22,328,64,2,5,lane_first,tdw,balanced,False,reduction:5;reduction:11;tail:20;tail:22,1920,163574,314062080,,,,,,,,,,,
163,7,23,23,328,52,2,5,lane_first,tdw,balanced,False,reduction:6;reduction:11;tail:6;tail:23,1904,165648,315393792,,,,,,,,,,,
163,7,24,24,328,48,1,5,lane_first,tdw,balanced,False,reduction:6;reduction:12;tail:24,1840,172642,317661280,,,,,,,,,,,
163,7,25,25,328,50,1,5,lane_first,tdw,balanced,False,reduction:6;reduction:12;tail:25,1848,179473,331666104,,,,,,,,,,,
163,7,26,26,328,52,1,5,lane_first,tdw,balanced,False,reduction:6;reduction:13;tail:26,1340,186467,249865780,,,,,,,,,,,
163,7,27,27,328,54,1,5,lane_first,tdw,balanced,False,reduction:13;tail:27,1340,193298,259019320,,,,,,,,,,,
163,7,28,28,328,56,1,5,lane_first,tdw,balanced,False,tail:28,1088,200292,217917696,,,,,,,,,,,
163,7,29,29,328,58,1,5,lane_first,tdw,balanced,False,reduction:4;tail:29,1088,207123,225349824,,,,,,,,,,,
163,7,30,30,328,60,1,5,lane_first,tdw,balanced,False,reduction:4;reduction:15;tail:30,964,214117,206408788,,,,,,,,,,,
163,7,31,31,328,62,1,5,lane_first,tdw,balanced,False,reduction:4;reduction:8;reduction:15;tail:31,964,220948,212993872,,,,,,,,,,,
163,7,32,32,328,64,1,5,lane_first,tdw,balanced,False,reduction:4;reduction:8;reduction:16;tail:32,964,227942,219736088,,,,,,,,,,,
163,7,33,33,328,66,1,6,lane_first,tdw,balanced,False,reduction:4;reduction:8;reduction:16;tail:33,952,234773,223503896,,,,,,,,,,,
163,7,34,34,328,68,1,6,lane_first,tdw,balanced,False,reduction:4;reduction:8;reduction:17;tail:34,960,241767,232096320,,,,,,,,,,,
163,7,35,35,328,70,1,6,lane_first,tdw,balanced,False,reduction:4;reduction:9;reduction:17;tail:35,968,248598,240642864,,,,,,,,,,,
163,7,36,36,328,72,1,6,lane_first,tdw,balanced,False,reduction:4;reduction:9;reduction:18;tail:36,968,255592,247413056,,,,,,,,,,,
163,7,37,37,328,74,1,6,lane_first,tdw,balanced,False,reduction:5;reduction:9;reduction:18;tail:37,948,262423,248777004,,,,,,,,,,,
163,7,38,38,328,76,1,6,lane_first,tdw,balanced,False,reduction:5;reduction:9;reduction:19;tail:38,948,269417,255407316,,,,,,,,,,,
163,7,39,39,328,78,1,6,lane_first,tdw,balanced,False,reduction:5;reduction:10;reduction:19;tail:39,948,276248,261883104,,,,,,,,,,,
163,7,40,40,328,80,1,6,lane_first,tdw,balanced,False,reduction:5;reduction:10;reduction:20;tail:40,948,283242,268513416,,,,,,,,,,,
163,7,41,41,328,82,1,6,lane_first,tdw,balanced,False,reduction:5;reduction:10;reduction:20;tail:41,944,290073,273828912,,,,,,,,,,,
163,7,42,42,328,76,1,6,lane_first,tdw,balanced,False,reduction:5;reduction:10;reduction:21;tail:34,944,244375,230690000,,,,,,,,,,,
163,7,43,43,328,70,1,6,lane_first,tdw,balanced,False,reduction:5;reduction:11;reduction:21;tail:27,936,198514,185809104,,,,,,,,,,,
163,7,44,44,328,64,1,6,lane_first,tdw,balanced,False,reduction:5;reduction:11;reduction:22;tail:20,936,178703,167266008,,,,,,,,,,,
163,7,45,45,328,58,1,6,lane_first,tdw,balanced,False,reduction:6;reduction:11;reduction:22;tail:13,928,173324,160844672,,,,,,,,,,,
163,7,46,46,328,52,1,6,lane_first,tdw,balanced,False,reduction:6;reduction:11;reduction:23;tail:6,920,174287,160344040,,,,,,,,,,,
163,7,47,47,328,47,0,6,lane_first,tdw,balanced,False,reduction:6;reduction:12;reduction:23,856,169723,145282888,,,,,,,,,,,
163,7,48,48,328,48,0,6,lane_first,tdw,balanced,False,reduction:6;reduction:12;reduction:24,856,176554,151130224,,,,,,,,,,,
163,7,49,49,328,49,0,6,lane_first,tdw,balanced,False,reduction:6;reduction:12;reduction:24,864,176880,152824320,,,,,,,,,,,
163,7,50,50,328,50,0,6,lane_first,tdw,balanced,False,reduction:6;reduction:12;reduction:25,864,183548,158585472,,,,,,,,,,,
163,7,51,51,328,51,0,6,lane_first,tdw,balanced,False,reduction:6;reduction:13;reduction:25,864,183874,158867136,,,,,,,,,,,
163,7,52,52,328,52,0,6,lane_first,tdw,balanced,False,reduction:6;reduction:13;reduction:26,864,190705,164769120,,,,,,,,,,,
163,7,53,53,328,53,0,6,lane_first,tdw,balanced,False,reduction:13;reduction:26,864,191031,165050784,,,,,,,,,,,
163,7,54,54,328,54,0,6,lane_first,tdw,balanced,False,reduction:13,864,197699,170811936,,,,,,,,,,,
163,7,55,55,328,55,0,6,lane_first,tdw,balanced,True,,608,198025,120399200,1122328,167316138,198025,608,264098,52298006450,120399200,53792,h_u=2n,module_barriers,balanced_clean_arithmetic_retain_copied_outputs
163,7,56,56,328,56,0,6,lane_first,tdw,balanced,False,reduction:28,608,204856,124552448,,,,,,,,,,,
163,7,57,57,328,57,0,6,lane_first,tdw,balanced,False,reduction:4;reduction:28,608,205182,124750656,,,,,,,,,,,
163,7,58,58,328,58,0,6,lane_first,tdw,balanced,False,reduction:4;reduction:29,608,211850,128804800,,,,,,,,,,,
163,7,59,59,328,59,0,6,lane_first,tdw,balanced,False,reduction:4;reduction:15;reduction:29,608,212176,129003008,,,,,,,,,,,
163,7,60,60,328,60,0,6,lane_first,tdw,balanced,False,reduction:4;reduction:15;reduction:30,608,219007,133156256,,,,,,,,,,,
163,7,61,61,328,61,0,6,lane_first,tdw,balanced,False,reduction:4;reduction:8;reduction:15;reduction:30,608,219333,133354464,,,,,,,,,,,
163,7,62,62,328,62,0,6,lane_first,tdw,balanced,False,reduction:4;reduction:8;reduction:15;reduction:31,608,226001,137408608,,,,,,,,,,,
163,7,63,63,328,63,0,6,lane_first,tdw,balanced,False,reduction:4;reduction:8;reduction:16;reduction:31,608,226327,137606816,,,,,,,,,,,
163,7,64,64,328,64,0,6,lane_first,tdw,balanced,False,reduction:4;reduction:8;reduction:16;reduction:32,608,233158,141760064,,,,,,,,,,,
163,7,65,65,328,65,0,7,lane_first,tdw,balanced,False,reduction:4;reduction:8;reduction:16;reduction:32,648,233484,151297632,,,,,,,,,,,
163,7,66,66,328,66,0,7,lane_first,tdw,balanced,False,reduction:4;reduction:8;reduction:16;reduction:33,528,240152,126800256,,,,,,,,,,,
163,7,67,67,328,67,0,7,lane_first,tdw,balanced,False,reduction:4;reduction:8;reduction:17;reduction:33,536,240478,128896208,,,,,,,,,,,
163,7,68,68,328,68,0,7,lane_first,tdw,balanced,False,reduction:4;reduction:8;reduction:17;reduction:34,536,247309,132557624,,,,,,,,,,,
163,7,69,69,328,69,0,7,lane_first,tdw,balanced,False,reduction:4;reduction:9;reduction:17;reduction:34,544,247635,134713440,,,,,,,,,,,
163,7,70,70,328,70,0,7,lane_first,tdw,balanced,False,reduction:4;reduction:9;reduction:17;reduction:35,544,254303,138340832,,,,,,,,,,,
163,7,71,71,328,71,0,7,lane_first,tdw,balanced,False,reduction:4;reduction:9;reduction:18;reduction:35,544,254629,138518176,,,,,,,,,,,
163,7,72,72,328,72,0,7,lane_first,tdw,balanced,False,reduction:4;reduction:9;reduction:18;reduction:36,544,261460,142234240,,,,,,,,,,,
163,7,73,73,328,73,0,7,lane_first,tdw,balanced,False,reduction:5;reduction:9;reduction:18;reduction:36,552,261786,144505872,,,,,,,,,,,
163,7,74,74,328,74,0,7,lane_first,tdw,balanced,False,reduction:5;reduction:9;reduction:18;reduction:37,552,268454,148186608,,,,,,,,,,,
163,7,75,75,328,75,0,7,lane_first,tdw,balanced,False,reduction:5;reduction:9;reduction:19;reduction:37,552,268780,148366560,,,,,,,,,,,
163,7,76,76,328,76,0,7,lane_first,tdw,balanced,False,reduction:5;reduction:9;reduction:19;reduction:38,552,275611,152137272,,,,,,,,,,,
163,7,77,77,328,77,0,7,lane_first,tdw,balanced,False,reduction:5;reduction:10;reduction:19;reduction:38,552,275937,152317224,,,,,,,,,,,
163,7,78,78,328,78,0,7,lane_first,tdw,balanced,False,reduction:5;reduction:10;reduction:19;reduction:39,552,282605,155997960,,,,,,,,,,,
163,7,79,79,328,79,0,7,lane_first,tdw,balanced,False,reduction:5;reduction:10;reduction:20;reduction:39,552,282931,156177912,,,,,,,,,,,
163,7,80,80,328,80,0,7,lane_first,tdw,balanced,False,reduction:5;reduction:10;reduction:20;reduction:40,552,289762,159948624,,,,,,,,,,,
163,7,81,81,328,81,0,7,lane_first,tdw,balanced,False,reduction:5;reduction:10;reduction:20;reduction:40,560,290088,162449280,,,,,,,,,,,
163,7,82,82,328,82,0,7,lane_first,tdw,balanced,False,reduction:5;reduction:10;reduction:20;reduction:41,496,296756,147190976,,,,,,,,,,,
163,7,83,83,328,83,0,7,lane_first,tdw,balanced,False,reduction:5;reduction:10;reduction:21;reduction:41,496,297082,147352672,,,,,,,,,,,
163,7,84,84,328,84,0,7,lane_first,tdw,balanced,False,reduction:5;reduction:10;reduction:21;reduction:42,496,303913,150740848,,,,,,,,,,,
163,7,85,85,328,85,0,7,lane_first,tdw,balanced,False,reduction:5;reduction:11;reduction:21;reduction:42,496,304239,150902544,,,,,,,,,,,
163,7,86,86,328,86,0,7,lane_first,tdw,balanced,False,reduction:5;reduction:11;reduction:21;reduction:43,496,310907,154209872,,,,,,,,,,,
163,7,87,87,328,87,0,7,lane_first,tdw,balanced,False,reduction:5;reduction:11;reduction:22;reduction:43,496,311233,154371568,,,,,,,,,,,
163,7,88,88,328,88,0,7,lane_first,tdw,balanced,False,reduction:5;reduction:11;reduction:22;reduction:44,496,318064,157759744,,,,,,,,,,,
163,7,89,89,328,89,0,7,lane_first,tdw,balanced,False,reduction:6;reduction:11;reduction:22;reduction:44,496,318390,157921440,,,,,,,,,,,
163,7,90,90,328,90,0,7,lane_first,tdw,balanced,False,reduction:6;reduction:11;reduction:22;reduction:45,496,325058,161228768,,,,,,,,,,,
163,7,91,91,328,91,0,7,lane_first,tdw,balanced,False,reduction:6;reduction:11;reduction:23;reduction:45,496,325384,161390464,,,,,,,,,,,
163,7,92,92,328,92,0,7,lane_first,tdw,balanced,False,reduction:6;reduction:11;reduction:23;reduction:46,496,332215,164778640,,,,,,,,,,,
163,7,93,93,328,93,0,7,lane_first,tdw,balanced,False,reduction:6;reduction:12;reduction:23;reduction:46,496,332541,164940336,,,,,,,,,,,
163,7,94,94,328,94,0,7,lane_first,tdw,balanced,False,reduction:6;reduction:12;reduction:23;reduction:47,496,339209,168247664,,,,,,,,,,,
163,7,95,95,328,95,0,7,lane_first,tdw,balanced,False,reduction:6;reduction:12;reduction:24;reduction:47,496,339535,168409360,,,,,,,,,,,
163,7,96,96,328,96,0,7,lane_first,tdw,balanced,False,reduction:6;reduction:12;reduction:24;reduction:48,496,346366,171797536,,,,,,,,,,,
163,7,97,97,328,97,0,7,lane_first,tdw,balanced,False,reduction:6;reduction:12;reduction:24;reduction:48,504,346692,174732768,,,,,,,,,,,
163,7,98,98,328,98,0,7,lane_first,tdw,balanced,False,reduction:6;reduction:12;reduction:24;reduction:49,504,353360,178093440,,,,,,,,,,,
163,7,99,99,328,99,0,7,lane_first,tdw,balanced,False,reduction:6;reduction:12;reduction:25;reduction:49,504,353686,178257744,,,,,,,,,,,
163,7,100,100,328,100,0,7,lane_first,tdw,balanced,False,reduction:6;reduction:12;reduction:25;reduction:50,504,360517,181700568,,,,,,,,,,,
163,7,101,101,328,101,0,7,lane_first,tdw,balanced,False,reduction:6;reduction:13;reduction:25;reduction:50,504,360843,181864872,,,,,,,,,,,
163,7,102,102,328,102,0,7,lane_first,tdw,balanced,False,reduction:6;reduction:13;reduction:25;reduction:51,504,367511,185225544,,,,,,,,,,,
163,7,103,103,328,103,0,7,lane_first,tdw,balanced,False,reduction:6;reduction:13;reduction:26;reduction:51,504,367837,185389848,,,,,,,,,,,
163,7,104,104,328,104,0,7,lane_first,tdw,balanced,False,reduction:6;reduction:13;reduction:26;reduction:52,504,374668,188832672,,,,,,,,,,,
163,7,105,105,328,105,0,7,lane_first,tdw,balanced,False,reduction:13;reduction:26;reduction:52,504,374994,188996976,,,,,,,,,,,
163,7,106,106,328,106,0,7,lane_first,tdw,balanced,False,reduction:13;reduction:26;reduction:53,504,381662,192357648,,,,,,,,,,,
163,7,107,107,328,107,0,7,lane_first,tdw,balanced,False,reduction:13;reduction:53,504,381988,192521952,,,,,,,,,,,
163,7,108,108,328,108,0,7,lane_first,tdw,balanced,False,reduction:13;reduction:54,504,388819,195964776,,,,,,,,,,,
163,7,109,109,328,109,0,7,lane_first,tdw,balanced,False,reduction:54,504,389145,196129080,,,,,,,,,,,
163,7,110,110,328,110,0,7,lane_first,tdw,balanced,False,reduction:55,472,395813,186823736,,,,,,,,,,,
163,7,111,111,328,111,0,7,lane_first,tdw,balanced,False,reduction:28;reduction:55,472,396139,186977608,,,,,,,,,,,
163,7,112,112,328,112,0,7,lane_first,tdw,balanced,False,reduction:28;reduction:56,472,402970,190201840,,,,,,,,,,,
163,7,113,113,328,113,0,7,lane_first,tdw,balanced,False,reduction:4;reduction:28;reduction:56,472,403296,190355712,,,,,,,,,,,
163,7,114,114,328,114,0,7,lane_first,tdw,balanced,False,reduction:4;reduction:28;reduction:57,472,409964,193503008,,,,,,,,,,,
163,7,115,115,328,115,0,7,lane_first,tdw,balanced,False,reduction:4;reduction:29;reduction:57,472,410290,193656880,,,,,,,,,,,
163,7,116,116,328,116,0,7,lane_first,tdw,balanced,False,reduction:4;reduction:29;reduction:58,472,417121,196881112,,,,,,,,,,,
163,7,117,117,328,117,0,7,lane_first,tdw,balanced,False,reduction:4;reduction:15;reduction:29;reduction:58,472,417447,197034984,,,,,,,,,,,
163,7,118,118,328,118,0,7,lane_first,tdw,balanced,False,reduction:4;reduction:15;reduction:29;reduction:59,472,424115,200182280,,,,,,,,,,,
163,7,119,119,328,119,0,7,lane_first,tdw,balanced,False,reduction:4;reduction:15;reduction:30;reduction:59,472,424441,200336152,,,,,,,,,,,
163,7,120,120,328,120,0,7,lane_first,tdw,balanced,False,reduction:4;reduction:15;reduction:30;reduction:60,472,431272,203560384,,,,,,,,,,,
163,7,121,121,328,121,0,7,lane_first,tdw,balanced,False,reduction:4;reduction:8;reduction:15;reduction:30;reduction:60,472,431598,203714256,,,,,,,,,,,
163,7,122,122,328,122,0,7,lane_first,tdw,balanced,False,reduction:4;reduction:8;reduction:15;reduction:30;reduction:61,472,438266,206861552,,,,,,,,,,,
163,7,123,123,328,123,0,7,lane_first,tdw,balanced,False,reduction:4;reduction:8;reduction:15;reduction:31;reduction:61,472,438592,207015424,,,,,,,,,,,
163,7,124,124,328,124,0,7,lane_first,tdw,balanced,False,reduction:4;reduction:8;reduction:15;reduction:31;reduction:62,472,445423,210239656,,,,,,,,,,,
163,7,125,125,328,125,0,7,lane_first,tdw,balanced,False,reduction:4;reduction:8;reduction:16;reduction:31;reduction:62,472,445749,210393528,,,,,,,,,,,
163,7,126,126,328,126,0,7,lane_first,tdw,balanced,False,reduction:4;reduction:8;reduction:16;reduction:31;reduction:63,472,452417,213540824,,,,,,,,,,,
163,7,127,127,328,127,0,7,lane_first,tdw,balanced,False,reduction:4;reduction:8;reduction:16;reduction:32;reduction:63,472,452743,213694696,,,,,,,,,,,
163,7,128,128,328,128,0,7,lane_first,tdw,balanced,False,reduction:4;reduction:8;reduction:16;reduction:32;reduction:64,472,459574,216918928,,,,,,,,,,,
163,7,129,129,328,129,0,8,lane_first,tdw,balanced,False,reduction:4;reduction:8;reduction:16;reduction:32;reduction:64,512,459900,235468800,,,,,,,,,,,
163,7,130,130,328,130,0,8,lane_first,tdw,balanced,False,reduction:4;reduction:8;reduction:16;reduction:32;reduction:65,520,466568,242615360,,,,,,,,,,,
163,7,131,131,328,131,0,8,lane_first,tdw,balanced,False,reduction:4;reduction:8;reduction:16;reduction:33;reduction:65,528,466894,246520032,,,,,,,,,,,
163,7,132,132,328,132,0,8,lane_first,tdw,balanced,False,reduction:4;reduction:8;reduction:16;reduction:33;reduction:66,528,473725,250126800,,,,,,,,,,,
163,7,133,133,328,133,0,8,lane_first,tdw,balanced,False,reduction:4;reduction:8;reduction:17;reduction:33;reduction:66,536,474051,254091336,,,,,,,,,,,
163,7,134,134,328,134,0,8,lane_first,tdw,balanced,False,reduction:4;reduction:8;reduction:17;reduction:33;reduction:67,536,480719,257665384,,,,,,,,,,,
163,7,135,135,328,135,0,8,lane_first,tdw,balanced,False,reduction:4;reduction:8;reduction:17;reduction:34;reduction:67,536,481045,257840120,,,,,,,,,,,
163,7,136,136,328,136,0,8,lane_first,tdw,balanced,False,reduction:4;reduction:8;reduction:17;reduction:34;reduction:68,536,487876,261501536,,,,,,,,,,,
163,7,137,137,328,137,0,8,lane_first,tdw,balanced,False,reduction:4;reduction:9;reduction:17;reduction:34;reduction:68,544,488202,265581888,,,,,,,,,,,
163,7,138,138,328,138,0,8,lane_first,tdw,balanced,False,reduction:4;reduction:9;reduction:17;reduction:34;reduction:69,544,494870,269209280,,,,,,,,,,,
163,7,139,139,328,139,0,8,lane_first,tdw,balanced,False,reduction:4;reduction:9;reduction:17;reduction:35;reduction:69,544,495196,269386624,,,,,,,,,,,
163,7,140,140,328,140,0,8,lane_first,tdw,balanced,False,reduction:4;reduction:9;reduction:17;reduction:35;reduction:70,544,502027,273102688,,,,,,,,,,,
163,7,141,141,328,141,0,8,lane_first,tdw,balanced,False,reduction:4;reduction:9;reduction:18;reduction:35;reduction:70,544,502353,273280032,,,,,,,,,,,
163,7,142,142,328,142,0,8,lane_first,tdw,balanced,False,reduction:4;reduction:9;reduction:18;reduction:35;reduction:71,544,509021,276907424,,,,,,,,,,,
163,7,143,143,328,143,0,8,lane_first,tdw,balanced,False,reduction:4;reduction:9;reduction:18;reduction:36;reduction:71,544,509347,277084768,,,,,,,,,,,
163,7,144,144,328,144,0,8,lane_first,tdw,balanced,False,reduction:4;reduction:9;reduction:18;reduction:36;reduction:72,544,516178,280800832,,,,,,,,,,,
163,7,145,145,328,145,0,8,lane_first,tdw,balanced,False,reduction:5;reduction:9;reduction:18;reduction:36;reduction:72,552,516504,285110208,,,,,,,,,,,
163,7,146,146,328,146,0,8,lane_first,tdw,balanced,False,reduction:5;reduction:9;reduction:18;reduction:36;reduction:73,552,523172,288790944,,,,,,,,,,,
163,7,147,147,328,147,0,8,lane_first,tdw,balanced,False,reduction:5;reduction:9;reduction:18;reduction:37;reduction:73,552,523498,288970896,,,,,,,,,,,
163,7,148,148,328,148,0,8,lane_first,tdw,balanced,False,reduction:5;reduction:9;reduction:18;reduction:37;reduction:74,552,530329,292741608,,,,,,,,,,,
163,7,149,149,328,149,0,8,lane_first,tdw,balanced,False,reduction:5;reduction:9;reduction:19;reduction:37;reduction:74,552,530655,292921560,,,,,,,,,,,
163,7,150,150,328,150,0,8,lane_first,tdw,balanced,False,reduction:5;reduction:9;reduction:19;reduction:37;reduction:75,552,537323,296602296,,,,,,,,,,,
163,7,151,151,328,151,0,8,lane_first,tdw,balanced,False,reduction:5;reduction:9;reduction:19;reduction:38;reduction:75,552,537649,296782248,,,,,,,,,,,
163,7,152,152,328,152,0,8,lane_first,tdw,balanced,False,reduction:5;reduction:9;reduction:19;reduction:38;reduction:76,552,544480,300552960,,,,,,,,,,,
163,7,153,153,328,153,0,8,lane_first,tdw,balanced,False,reduction:5;reduction:10;reduction:19;reduction:38;reduction:76,552,544806,300732912,,,,,,,,,,,
163,7,154,154,328,154,0,8,lane_first,tdw,balanced,False,reduction:5;reduction:10;reduction:19;reduction:38;reduction:77,552,551474,304413648,,,,,,,,,,,
163,7,155,155,328,155,0,8,lane_first,tdw,balanced,False,reduction:5;reduction:10;reduction:19;reduction:39;reduction:77,552,551800,304593600,,,,,,,,,,,
163,7,156,156,328,156,0,8,lane_first,tdw,balanced,False,reduction:5;reduction:10;reduction:19;reduction:39;reduction:78,552,558631,308364312,,,,,,,,,,,
163,7,157,157,328,157,0,8,lane_first,tdw,balanced,False,reduction:5;reduction:10;reduction:20;reduction:39;reduction:78,552,558957,308544264,,,,,,,,,,,
163,7,158,158,328,158,0,8,lane_first,tdw,balanced,False,reduction:5;reduction:10;reduction:20;reduction:39;reduction:79,552,565625,312225000,,,,,,,,,,,
163,7,159,159,328,159,0,8,lane_first,tdw,balanced,False,reduction:5;reduction:10;reduction:20;reduction:40;reduction:79,552,565951,312404952,,,,,,,,,,,
163,7,160,160,328,160,0,8,lane_first,tdw,balanced,False,reduction:5;reduction:10;reduction:20;reduction:40;reduction:80,552,572782,316175664,,,,,,,,,,,
163,7,161,161,328,161,0,8,lane_first,tdw,balanced,False,reduction:5;reduction:10;reduction:20;reduction:40;reduction:80,560,573108,320940480,,,,,,,,,,,
163,7,162,162,328,162,0,8,lane_first,tdw,balanced,False,reduction:5;reduction:10;reduction:20;reduction:40;reduction:81,560,579776,324674560,,,,,,,,,,,
163,7,163,163,328,163,0,8,lane_first,tdw,balanced,False,reduction:5;reduction:10;reduction:20;reduction:41;reduction:81,560,580102,324857120,,,,,,,,,,,
163,7,164,164,328,164,0,8,lane_first,tdw,balanced,False,reduction:5;reduction:10;reduction:20;reduction:41;reduction:82,544,586933,319291552,,,,,,,,,,,
163,7,165,165,328,165,0,8,lane_first,tdw,balanced,False,reduction:5;reduction:10;reduction:21;reduction:41;reduction:82,544,587259,319468896,,,,,,,,,,,
163,7,166,166,328,166,0,8,lane_first,tdw,balanced,False,reduction:5;reduction:10;reduction:21;reduction:41;reduction:83,544,593927,323096288,,,,,,,,,,,
163,7,167,167,328,167,0,8,lane_first,tdw,balanced,False,reduction:5;reduction:10;reduction:21;reduction:42;reduction:83,544,594253,323273632,,,,,,,,,,,
163,7,168,168,328,168,0,8,lane_first,tdw,balanced,False,reduction:5;reduction:10;reduction:21;reduction:42;reduction:84,544,601084,326989696,,,,,,,,,,,
163,7,169,169,328,169,0,8,lane_first,tdw,balanced,False,reduction:5;reduction:11;reduction:21;reduction:42;reduction:84,544,601410,327167040,,,,,,,,,,,
163,7,170,170,328,170,0,8,lane_first,tdw,balanced,False,reduction:5;reduction:11;reduction:21;reduction:42;reduction:85,544,608078,330794432,,,,,,,,,,,
163,7,171,171,328,171,0,8,lane_first,tdw,balanced,False,reduction:5;reduction:11;reduction:21;reduction:43;reduction:85,544,608404,330971776,,,,,,,,,,,
163,7,172,172,328,172,0,8,lane_first,tdw,balanced,False,reduction:5;reduction:11;reduction:21;reduction:43;reduction:86,544,615235,334687840,,,,,,,,,,,
163,7,173,173,328,173,0,8,lane_first,tdw,balanced,False,reduction:5;reduction:11;reduction:22;reduction:43;reduction:86,544,615561,334865184,,,,,,,,,,,
163,7,174,174,328,174,0,8,lane_first,tdw,balanced,False,reduction:5;reduction:11;reduction:22;reduction:43;reduction:87,544,622229,338492576,,,,,,,,,,,
163,7,175,175,328,175,0,8,lane_first,tdw,balanced,False,reduction:5;reduction:11;reduction:22;reduction:44;reduction:87,544,622555,338669920,,,,,,,,,,,
163,7,176,176,328,176,0,8,lane_first,tdw,balanced,False,reduction:5;reduction:11;reduction:22;reduction:44;reduction:88,544,629386,342385984,,,,,,,,,,,
163,7,177,177,328,177,0,8,lane_first,tdw,balanced,False,reduction:6;reduction:11;reduction:22;reduction:44;reduction:88,544,629712,342563328,,,,,,,,,,,
163,7,178,178,328,178,0,8,lane_first,tdw,balanced,False,reduction:6;reduction:11;reduction:22;reduction:44;reduction:89,544,636380,346190720,,,,,,,,,,,
163,7,179,179,328,179,0,8,lane_first,tdw,balanced,False,reduction:6;reduction:11;reduction:22;reduction:45;reduction:89,544,636706,346368064,,,,,,,,,,,
163,7,180,180,328,180,0,8,lane_first,tdw,balanced,False,reduction:6;reduction:11;reduction:22;reduction:45;reduction:90,544,643537,350084128,,,,,,,,,,,
163,7,181,181,328,181,0,8,lane_first,tdw,balanced,False,reduction:6;reduction:11;reduction:23;reduction:45;reduction:90,544,643863,350261472,,,,,,,,,,,
163,7,182,182,328,182,0,8,lane_first,tdw,balanced,False,reduction:6;reduction:11;reduction:23;reduction:45;reduction:91,544,650531,353888864,,,,,,,,,,,
163,7,183,183,328,183,0,8,lane_first,tdw,balanced,False,reduction:6;reduction:11;reduction:23;reduction:46;reduction:91,544,650857,354066208,,,,,,,,,,,
163,7,184,184,328,184,0,8,lane_first,tdw,balanced,False,reduction:6;reduction:11;reduction:23;reduction:46;reduction:92,544,657688,357782272,,,,,,,,,,,
163,7,185,185,328,185,0,8,lane_first,tdw,balanced,False,reduction:6;reduction:12;reduction:23;reduction:46;reduction:92,544,658014,357959616,,,,,,,,,,,
163,7,186,186,328,186,0,8,lane_first,tdw,balanced,False,reduction:6;reduction:12;reduction:23;reduction:46;reduction:93,544,664682,361587008,,,,,,,,,,,
163,7,187,187,328,187,0,8,lane_first,tdw,balanced,False,reduction:6;reduction:12;reduction:23;reduction:47;reduction:93,544,665008,361764352,,,,,,,,,,,
163,7,188,188,328,188,0,8,lane_first,tdw,balanced,False,reduction:6;reduction:12;reduction:23;reduction:47;reduction:94,544,671839,365480416,,,,,,,,,,,
163,7,189,189,328,189,0,8,lane_first,tdw,balanced,False,reduction:6;reduction:12;reduction:24;reduction:47;reduction:94,544,672165,365657760,,,,,,,,,,,
163,7,190,190,328,190,0,8,lane_first,tdw,balanced,False,reduction:6;reduction:12;reduction:24;reduction:47;reduction:95,544,678833,369285152,,,,,,,,,,,
163,7,191,191,328,191,0,8,lane_first,tdw,balanced,False,reduction:6;reduction:12;reduction:24;reduction:48;reduction:95,544,679159,369462496,,,,,,,,,,,
163,7,192,192,328,192,0,8,lane_first,tdw,balanced,False,reduction:6;reduction:12;reduction:24;reduction:48;reduction:96,544,685990,373178560,,,,,,,,,,,
163,7,193,193,328,193,0,8,lane_first,tdw,balanced,False,reduction:6;reduction:12;reduction:24;reduction:48;reduction:96,552,686316,378846432,,,,,,,,,,,
163,7,194,194,328,194,0,8,lane_first,tdw,balanced,False,reduction:6;reduction:12;reduction:24;reduction:48;reduction:97,552,692984,382527168,,,,,,,,,,,
163,7,195,195,328,195,0,8,lane_first,tdw,balanced,False,reduction:6;reduction:12;reduction:24;reduction:49;reduction:97,552,693310,382707120,,,,,,,,,,,
163,7,196,196,328,196,0,8,lane_first,tdw,balanced,False,reduction:6;reduction:12;reduction:24;reduction:49;reduction:98,552,700141,386477832,,,,,,,,,,,
163,7,197,197,328,197,0,8,lane_first,tdw,balanced,False,reduction:6;reduction:12;reduction:25;reduction:49;reduction:98,552,700467,386657784,,,,,,,,,,,
163,7,198,198,328,198,0,8,lane_first,tdw,balanced,False,reduction:6;reduction:12;reduction:25;reduction:49;reduction:99,552,707135,390338520,,,,,,,,,,,
163,7,199,199,328,199,0,8,lane_first,tdw,balanced,False,reduction:6;reduction:12;reduction:25;reduction:50;reduction:99,552,707461,390518472,,,,,,,,,,,
163,7,200,200,328,200,0,8,lane_first,tdw,balanced,False,reduction:6;reduction:12;reduction:25;reduction:50;reduction:100,552,714292,394289184,,,,,,,,,,,
163,7,201,201,328,201,0,8,lane_first,tdw,balanced,False,reduction:6;reduction:13;reduction:25;reduction:50;reduction:100,552,714618,394469136,,,,,,,,,,,
163,7,202,202,328,202,0,8,lane_first,tdw,balanced,False,reduction:6;reduction:13;reduction:25;reduction:50;reduction:101,552,721286,398149872,,,,,,,,,,,
163,7,203,203,328,203,0,8,lane_first,tdw,balanced,False,reduction:6;reduction:13;reduction:25;reduction:51;reduction:101,552,721612,398329824,,,,,,,,,,,
163,7,204,204,328,204,0,8,lane_first,tdw,balanced,False,reduction:6;reduction:13;reduction:25;reduction:51;reduction:102,552,728443,402100536,,,,,,,,,,,
163,7,205,205,328,205,0,8,lane_first,tdw,balanced,False,reduction:6;reduction:13;reduction:26;reduction:51;reduction:102,552,728769,402280488,,,,,,,,,,,
163,7,206,206,328,206,0,8,lane_first,tdw,balanced,False,reduction:6;reduction:13;reduction:26;reduction:51;reduction:103,552,735437,405961224,,,,,,,,,,,
163,7,207,207,328,207,0,8,lane_first,tdw,balanced,False,reduction:6;reduction:13;reduction:26;reduction:52;reduction:103,552,735763,406141176,,,,,,,,,,,
163,7,208,208,328,208,0,8,lane_first,tdw,balanced,False,reduction:6;reduction:13;reduction:26;reduction:52;reduction:104,552,742594,409911888,,,,,,,,,,,
163,7,209,209,328,209,0,8,lane_first,tdw,balanced,False,reduction:13;reduction:26;reduction:52;reduction:104,552,742920,410091840,,,,,,,,,,,
163,7,210,210,328,210,0,8,lane_first,tdw,balanced,False,reduction:13;reduction:26;reduction:52;reduction:105,552,749588,413772576,,,,,,,,,,,
163,7,211,211,328,211,0,8,lane_first,tdw,balanced,False,reduction:13;reduction:26;reduction:53;reduction:105,552,749914,413952528,,,,,,,,,,,
163,7,212,212,328,212,0,8,lane_first,tdw,balanced,False,reduction:13;reduction:26;reduction:53;reduction:106,552,756745,417723240,,,,,,,,,,,
163,7,213,213,328,213,0,8,lane_first,tdw,balanced,False,reduction:13;reduction:53;reduction:106,552,757071,417903192,,,,,,,,,,,
163,7,214,214,328,214,0,8,lane_first,tdw,balanced,False,reduction:13;reduction:53;reduction:107,552,763739,421583928,,,,,,,,,,,
163,7,215,215,328,215,0,8,lane_first,tdw,balanced,False,reduction:13;reduction:54;reduction:107,552,764065,421763880,,,,,,,,,,,
163,7,216,216,328,216,0,8,lane_first,tdw,balanced,False,reduction:13;reduction:54;reduction:108,552,770896,425534592,,,,,,,,,,,
163,7,217,217,328,217,0,8,lane_first,tdw,balanced,False,reduction:54;reduction:108,552,771222,425714544,,,,,,,,,,,
163,7,218,218,328,218,0,8,lane_first,tdw,balanced,False,reduction:54;reduction:109,552,777890,429395280,,,,,,,,,,,
163,7,219,219,328,219,0,8,lane_first,tdw,balanced,False,reduction:55;reduction:109,552,778216,429575232,,,,,,,,,,,
163,7,220,220,328,220,0,8,lane_first,tdw,balanced,False,reduction:55;reduction:110,552,785047,433345944,,,,,,,,,,,
163,7,221,221,328,221,0,8,lane_first,tdw,balanced,False,reduction:28;reduction:55;reduction:110,552,785373,433525896,,,,,,,,,,,
163,7,222,222,328,222,0,8,lane_first,tdw,balanced,False,reduction:28;reduction:55;reduction:111,552,792041,437206632,,,,,,,,,,,
163,7,223,223,328,223,0,8,lane_first,tdw,balanced,False,reduction:28;reduction:56;reduction:111,552,792367,437386584,,,,,,,,,,,
163,7,224,224,328,224,0,8,lane_first,tdw,balanced,False,reduction:28;reduction:56;reduction:112,552,799198,441157296,,,,,,,,,,,
163,7,225,225,328,225,0,8,lane_first,tdw,balanced,False,reduction:4;reduction:28;reduction:56;reduction:112,552,799524,441337248,,,,,,,,,,,
163,7,226,226,328,226,0,8,lane_first,tdw,balanced,False,reduction:4;reduction:28;reduction:56;reduction:113,552,806192,445017984,,,,,,,,,,,
163,7,227,227,328,227,0,8,lane_first,tdw,balanced,False,reduction:4;reduction:28;reduction:57;reduction:113,552,806518,445197936,,,,,,,,,,,
163,7,228,228,328,228,0,8,lane_first,tdw,balanced,False,reduction:4;reduction:28;reduction:57;reduction:114,552,813349,448968648,,,,,,,,,,,
163,7,229,229,328,229,0,8,lane_first,tdw,balanced,False,reduction:4;reduction:29;reduction:57;reduction:114,552,813675,449148600,,,,,,,,,,,
163,7,230,230,328,230,0,8,lane_first,tdw,balanced,False,reduction:4;reduction:29;reduction:57;reduction:115,552,820343,452829336,,,,,,,,,,,
163,7,231,231,328,231,0,8,lane_first,tdw,balanced,False,reduction:4;reduction:29;reduction:58;reduction:115,552,820669,453009288,,,,,,,,,,,
163,7,232,232,328,232,0,8,lane_first,tdw,balanced,False,reduction:4;reduction:29;reduction:58;reduction:116,552,827500,456780000,,,,,,,,,,,
163,7,233,233,328,233,0,8,lane_first,tdw,balanced,False,reduction:4;reduction:15;reduction:29;reduction:58;reduction:116,552,827826,456959952,,,,,,,,,,,
163,7,234,234,328,234,0,8,lane_first,tdw,balanced,False,reduction:4;reduction:15;reduction:29;reduction:58;reduction:117,552,834494,460640688,,,,,,,,,,,
163,7,235,235,328,235,0,8,lane_first,tdw,balanced,False,reduction:4;reduction:15;reduction:29;reduction:59;reduction:117,552,834820,460820640,,,,,,,,,,,
163,7,236,236,328,236,0,8,lane_first,tdw,balanced,False,reduction:4;reduction:15;reduction:29;reduction:59;reduction:118,552,841651,464591352,,,,,,,,,,,
163,7,237,237,328,237,0,8,lane_first,tdw,balanced,False,reduction:4;reduction:15;reduction:30;reduction:59;reduction:118,552,841977,464771304,,,,,,,,,,,
163,7,238,238,328,238,0,8,lane_first,tdw,balanced,False,reduction:4;reduction:15;reduction:30;reduction:59;reduction:119,552,848645,468452040,,,,,,,,,,,
163,7,239,239,328,239,0,8,lane_first,tdw,balanced,False,reduction:4;reduction:15;reduction:30;reduction:60;reduction:119,552,848971,468631992,,,,,,,,,,,
163,7,240,240,328,240,0,8,lane_first,tdw,balanced,False,reduction:4;reduction:15;reduction:30;reduction:60;reduction:120,552,855802,472402704,,,,,,,,,,,
163,7,241,241,328,241,0,8,lane_first,tdw,balanced,False,reduction:4;reduction:8;reduction:15;reduction:30;reduction:60;reduction:120,552,856128,472582656,,,,,,,,,,,
163,7,242,242,328,242,0,8,lane_first,tdw,balanced,False,reduction:4;reduction:8;reduction:15;reduction:30;reduction:60;reduction:121,552,862796,476263392,,,,,,,,,,,
163,7,243,243,328,243,0,8,lane_first,tdw,balanced,False,reduction:4;reduction:8;reduction:15;reduction:30;reduction:61;reduction:121,552,863122,476443344,,,,,,,,,,,
163,7,244,244,328,244,0,8,lane_first,tdw,balanced,False,reduction:4;reduction:8;reduction:15;reduction:30;reduction:61;reduction:122,552,869953,480214056,,,,,,,,,,,
163,7,245,245,328,245,0,8,lane_first,tdw,balanced,False,reduction:4;reduction:8;reduction:15;reduction:31;reduction:61;reduction:122,552,870279,480394008,,,,,,,,,,,
163,7,246,246,328,246,0,8,lane_first,tdw,balanced,False,reduction:4;reduction:8;reduction:15;reduction:31;reduction:61;reduction:123,552,876947,484074744,,,,,,,,,,,
163,7,247,247,328,247,0,8,lane_first,tdw,balanced,False,reduction:4;reduction:8;reduction:15;reduction:31;reduction:62;reduction:123,552,877273,484254696,,,,,,,,,,,
163,7,248,248,328,248,0,8,lane_first,tdw,balanced,False,reduction:4;reduction:8;reduction:15;reduction:31;reduction:62;reduction:124,552,884104,488025408,,,,,,,,,,,
163,7,249,249,328,249,0,8,lane_first,tdw,balanced,False,reduction:4;reduction:8;reduction:16;reduction:31;reduction:62;reduction:124,552,884430,488205360,,,,,,,,,,,
163,7,250,250,328,250,0,8,lane_first,tdw,balanced,False,reduction:4;reduction:8;reduction:16;reduction:31;reduction:62;reduction:125,552,891098,491886096,,,,,,,,,,,
163,7,251,251,328,251,0,8,lane_first,tdw,balanced,False,reduction:4;reduction:8;reduction:16;reduction:31;reduction:63;reduction:125,552,891424,492066048,,,,,,,,,,,
163,7,252,252,328,252,0,8,lane_first,tdw,balanced,False,reduction:4;reduction:8;reduction:16;reduction:31;reduction:63;reduction:126,552,898255,495836760,,,,,,,,,,,
163,7,253,253,328,253,0,8,lane_first,tdw,balanced,False,reduction:4;reduction:8;reduction:16;reduction:32;reduction:63;reduction:126,552,898581,496016712,,,,,,,,,,,
163,7,254,254,328,254,0,8,lane_first,tdw,balanced,False,reduction:4;reduction:8;reduction:16;reduction:32;reduction:63;reduction:127,552,905249,499697448,,,,,,,,,,,
163,7,255,255,328,255,0,8,lane_first,tdw,balanced,False,reduction:4;reduction:8;reduction:16;reduction:32;reduction:64;reduction:127,552,905575,499877400,,,,,,,,,,,
163,7,256,256,328,256,0,8,lane_first,tdw,balanced,False,reduction:4;reduction:8;reduction:16;reduction:32;reduction:64;reduction:128,552,912406,503648112,,,,,,,,,,,
163,7,257,257,328,257,0,9,lane_first,tdw,balanced,False,reduction:4;reduction:8;reduction:16;reduction:32;reduction:64;reduction:128,592,912732,540337344,,,,,,,,,,,
163,7,258,258,328,258,0,9,lane_first,tdw,balanced,False,reduction:4;reduction:8;reduction:16;reduction:32;reduction:64;reduction:129,600,919400,551640000,,,,,,,,,,,
163,7,259,259,328,259,0,9,lane_first,tdw,balanced,False,reduction:4;reduction:8;reduction:16;reduction:32;reduction:65;reduction:129,608,919726,559193408,,,,,,,,,,,
163,7,260,260,328,260,0,9,lane_first,tdw,balanced,False,reduction:4;reduction:8;reduction:16;reduction:32;reduction:65;reduction:130,608,926557,563346656,,,,,,,,,,,
163,7,261,261,328,261,0,9,lane_first,tdw,balanced,False,reduction:4;reduction:8;reduction:16;reduction:33;reduction:65;reduction:130,616,926883,570959928,,,,,,,,,,,
163,7,262,262,328,262,0,9,lane_first,tdw,balanced,False,reduction:4;reduction:8;reduction:16;reduction:33;reduction:65;reduction:131,616,933551,575067416,,,,,,,,,,,
163,7,263,263,328,263,0,9,lane_first,tdw,balanced,False,reduction:4;reduction:8;reduction:16;reduction:33;reduction:66;reduction:131,616,933877,575268232,,,,,,,,,,,
163,7,264,264,328,264,0,9,lane_first,tdw,balanced,False,reduction:4;reduction:8;reduction:16;reduction:33;reduction:66;reduction:132,616,940708,579476128,,,,,,,,,,,
163,7,265,265,328,265,0,9,lane_first,tdw,balanced,False,reduction:4;reduction:8;reduction:17;reduction:33;reduction:66;reduction:132,624,941034,587205216,,,,,,,,,,,
163,7,266,266,328,266,0,9,lane_first,tdw,balanced,False,reduction:4;reduction:8;reduction:17;reduction:33;reduction:66;reduction:133,624,947702,591366048,,,,,,,,,,,
163,7,267,267,328,267,0,9,lane_first,tdw,balanced,False,reduction:4;reduction:8;reduction:17;reduction:33;reduction:67;reduction:133,624,948028,591569472,,,,,,,,,,,
163,7,268,268,328,268,0,9,lane_first,tdw,balanced,False,reduction:4;reduction:8;reduction:17;reduction:33;reduction:67;reduction:134,624,954859,595832016,,,,,,,,,,,
163,7,269,269,328,269,0,9,lane_first,tdw,balanced,False,reduction:4;reduction:8;reduction:17;reduction:34;reduction:67;reduction:134,624,955185,596035440,,,,,,,,,,,
163,7,270,270,328,270,0,9,lane_first,tdw,balanced,False,reduction:4;reduction:8;reduction:17;reduction:34;reduction:67;reduction:135,624,961853,600196272,,,,,,,,,,,
163,7,271,271,328,271,0,9,lane_first,tdw,balanced,False,reduction:4;reduction:8;reduction:17;reduction:34;reduction:68;reduction:135,624,962179,600399696,,,,,,,,,,,
163,7,272,272,328,272,0,9,lane_first,tdw,balanced,False,reduction:4;reduction:8;reduction:17;reduction:34;reduction:68;reduction:136,624,969010,604662240,,,,,,,,,,,
163,7,273,273,328,273,0,9,lane_first,tdw,balanced,False,reduction:4;reduction:9;reduction:17;reduction:34;reduction:68;reduction:136,632,969336,612620352,,,,,,,,,,,
163,7,274,274,328,274,0,9,lane_first,tdw,balanced,False,reduction:4;reduction:9;reduction:17;reduction:34;reduction:68;reduction:137,632,976004,616834528,,,,,,,,,,,
163,7,275,275,328,275,0,9,lane_first,tdw,balanced,False,reduction:4;reduction:9;reduction:17;reduction:34;reduction:69;reduction:137,632,976330,617040560,,,,,,,,,,,
163,7,276,276,328,276,0,9,lane_first,tdw,balanced,False,reduction:4;reduction:9;reduction:17;reduction:34;reduction:69;reduction:138,632,983161,621357752,,,,,,,,,,,
163,7,277,277,328,277,0,9,lane_first,tdw,balanced,False,reduction:4;reduction:9;reduction:17;reduction:35;reduction:69;reduction:138,632,983487,621563784,,,,,,,,,,,
163,7,278,278,328,278,0,9,lane_first,tdw,balanced,False,reduction:4;reduction:9;reduction:17;reduction:35;reduction:69;reduction:139,632,990155,625777960,,,,,,,,,,,
163,7,279,279,328,279,0,9,lane_first,tdw,balanced,False,reduction:4;reduction:9;reduction:17;reduction:35;reduction:70;reduction:139,632,990481,625983992,,,,,,,,,,,
163,7,280,280,328,280,0,9,lane_first,tdw,balanced,False,reduction:4;reduction:9;reduction:17;reduction:35;reduction:70;reduction:140,632,997312,630301184,,,,,,,,,,,
163,7,281,281,328,281,0,9,lane_first,tdw,balanced,False,reduction:4;reduction:9;reduction:18;reduction:35;reduction:70;reduction:140,632,997638,630507216,,,,,,,,,,,
163,7,282,282,328,282,0,9,lane_first,tdw,balanced,False,reduction:4;reduction:9;reduction:18;reduction:35;reduction:70;reduction:141,632,1004306,634721392,,,,,,,,,,,
163,7,283,283,328,283,0,9,lane_first,tdw,balanced,False,reduction:4;reduction:9;reduction:18;reduction:35;reduction:71;reduction:141,632,1004632,634927424,,,,,,,,,,,
163,7,284,284,328,284,0,9,lane_first,tdw,balanced,False,reduction:4;reduction:9;reduction:18;reduction:35;reduction:71;reduction:142,632,1011463,639244616,,,,,,,,,,,
163,7,285,285,328,285,0,9,lane_first,tdw,balanced,False,reduction:4;reduction:9;reduction:18;reduction:36;reduction:71;reduction:142,632,1011789,639450648,,,,,,,,,,,
163,7,286,286,328,286,0,9,lane_first,tdw,balanced,False,reduction:4;reduction:9;reduction:18;reduction:36;reduction:71;reduction:143,632,1018457,643664824,,,,,,,,,,,
163,7,287,287,328,287,0,9,lane_first,tdw,balanced,False,reduction:4;reduction:9;reduction:18;reduction:36;reduction:72;reduction:143,632,1018783,643870856,,,,,,,,,,,
163,7,288,288,328,288,0,9,lane_first,tdw,balanced,False,reduction:4;reduction:9;reduction:18;reduction:36;reduction:72;reduction:144,632,1025614,648188048,,,,,,,,,,,
163,7,289,289,328,289,0,9,lane_first,tdw,balanced,False,reduction:5;reduction:9;reduction:18;reduction:36;reduction:72;reduction:144,640,1025940,656601600,,,,,,,,,,,
163,7,290,290,328,290,0,9,lane_first,tdw,balanced,False,reduction:5;reduction:9;reduction:18;reduction:36;reduction:72;reduction:145,640,1032608,660869120,,,,,,,,,,,
163,7,291,291,328,291,0,9,lane_first,tdw,balanced,False,reduction:5;reduction:9;reduction:18;reduction:36;reduction:73;reduction:145,640,1032934,661077760,,,,,,,,,,,
163,7,292,292,328,292,0,9,lane_first,tdw,balanced,False,reduction:5;reduction:9;reduction:18;reduction:36;reduction:73;reduction:146,640,1039765,665449600,,,,,,,,,,,
163,7,293,293,328,293,0,9,lane_first,tdw,balanced,False,reduction:5;reduction:9;reduction:18;reduction:37;reduction:73;reduction:146,640,1040091,665658240,,,,,,,,,,,
163,7,294,294,328,294,0,9,lane_first,tdw,balanced,False,reduction:5;reduction:9;reduction:18;reduction:37;reduction:73;reduction:147,640,1046759,669925760,,,,,,,,,,,
163,7,295,295,328,295,0,9,lane_first,tdw,balanced,False,reduction:5;reduction:9;reduction:18;reduction:37;reduction:74;reduction:147,640,1047085,670134400,,,,,,,,,,,
163,7,296,296,328,296,0,9,lane_first,tdw,balanced,False,reduction:5;reduction:9;reduction:18;reduction:37;reduction:74;reduction:148,640,1053916,674506240,,,,,,,,,,,
163,7,297,297,328,297,0,9,lane_first,tdw,balanced,False,reduction:5;reduction:9;reduction:19;reduction:37;reduction:74;reduction:148,640,1054242,674714880,,,,,,,,,,,
163,7,298,298,328,298,0,9,lane_first,tdw,balanced,False,reduction:5;reduction:9;reduction:19;reduction:37;reduction:74;reduction:149,640,1060910,678982400,,,,,,,,,,,
163,7,299,299,328,299,0,9,lane_first,tdw,balanced,False,reduction:5;reduction:9;reduction:19;reduction:37;reduction:75;reduction:149,640,1061236,679191040,,,,,,,,,,,
163,7,300,300,328,300,0,9,lane_first,tdw,balanced,False,reduction:5;reduction:9;reduction:19;reduction:37;reduction:75;reduction:150,640,1068067,683562880,,,,,,,,,,,
163,7,301,301,328,301,0,9,lane_first,tdw,balanced,False,reduction:5;reduction:9;reduction:19;reduction:38;reduction:75;reduction:150,640,1068393,683771520,,,,,,,,,,,
163,7,302,302,328,302,0,9,lane_first,tdw,balanced,False,reduction:5;reduction:9;reduction:19;reduction:38;reduction:75;reduction:151,640,1075061,688039040,,,,,,,,,,,
163,7,303,303,328,303,0,9,lane_first,tdw,balanced,False,reduction:5;reduction:9;reduction:19;reduction:38;reduction:76;reduction:151,640,1075387,688247680,,,,,,,,,,,
163,7,304,304,328,304,0,9,lane_first,tdw,balanced,False,reduction:5;reduction:9;reduction:19;reduction:38;reduction:76;reduction:152,640,1082218,692619520,,,,,,,,,,,
163,7,305,305,328,305,0,9,lane_first,tdw,balanced,False,reduction:5;reduction:10;reduction:19;reduction:38;reduction:76;reduction:152,640,1082544,692828160,,,,,,,,,,,
163,7,306,306,328,306,0,9,lane_first,tdw,balanced,False,reduction:5;reduction:10;reduction:19;reduction:38;reduction:76;reduction:153,640,1089212,697095680,,,,,,,,,,,
163,7,307,307,328,307,0,9,lane_first,tdw,balanced,False,reduction:5;reduction:10;reduction:19;reduction:38;reduction:77;reduction:153,640,1089538,697304320,,,,,,,,,,,
163,7,308,308,328,308,0,9,lane_first,tdw,balanced,False,reduction:5;reduction:10;reduction:19;reduction:38;reduction:77;reduction:154,640,1096369,701676160,,,,,,,,,,,
163,7,309,309,328,309,0,9,lane_first,tdw,balanced,False,reduction:5;reduction:10;reduction:19;reduction:39;reduction:77;reduction:154,640,1096695,701884800,,,,,,,,,,,
163,7,310,310,328,310,0,9,lane_first,tdw,balanced,False,reduction:5;reduction:10;reduction:19;reduction:39;reduction:77;reduction:155,640,1103363,706152320,,,,,,,,,,,
163,7,311,311,328,311,0,9,lane_first,tdw,balanced,False,reduction:5;reduction:10;reduction:19;reduction:39;reduction:78;reduction:155,640,1103689,706360960,,,,,,,,,,,
163,7,312,312,328,312,0,9,lane_first,tdw,balanced,False,reduction:5;reduction:10;reduction:19;reduction:39;reduction:78;reduction:156,640,1110520,710732800,,,,,,,,,,,
163,7,313,313,328,313,0,9,lane_first,tdw,balanced,False,reduction:5;reduction:10;reduction:20;reduction:39;reduction:78;reduction:156,640,1110846,710941440,,,,,,,,,,,
163,7,314,314,328,314,0,9,lane_first,tdw,balanced,False,reduction:5;reduction:10;reduction:20;reduction:39;reduction:78;reduction:157,640,1117514,715208960,,,,,,,,,,,
163,7,315,315,328,315,0,9,lane_first,tdw,balanced,False,reduction:5;reduction:10;reduction:20;reduction:39;reduction:79;reduction:157,640,1117840,715417600,,,,,,,,,,,
163,7,316,316,328,316,0,9,lane_first,tdw,balanced,False,reduction:5;reduction:10;reduction:20;reduction:39;reduction:79;reduction:158,640,1124671,719789440,,,,,,,,,,,
163,7,317,317,328,317,0,9,lane_first,tdw,balanced,False,reduction:5;reduction:10;reduction:20;reduction:40;reduction:79;reduction:158,640,1124997,719998080,,,,,,,,,,,
163,7,318,318,328,318,0,9,lane_first,tdw,balanced,False,reduction:5;reduction:10;reduction:20;reduction:40;reduction:79;reduction:159,640,1131665,724265600,,,,,,,,,,,
163,7,319,319,328,319,0,9,lane_first,tdw,balanced,False,reduction:5;reduction:10;reduction:20;reduction:40;reduction:80;reduction:159,640,1131991,724474240,,,,,,,,,,,
163,7,320,320,328,320,0,9,lane_first,tdw,balanced,False,reduction:5;reduction:10;reduction:20;reduction:40;reduction:80;reduction:160,640,1138822,728846080,,,,,,,,,,,
163,7,321,321,328,321,0,9,lane_first,tdw,balanced,False,reduction:5;reduction:10;reduction:20;reduction:40;reduction:80;reduction:160,648,1139148,738167904,,,,,,,,,,,
163,7,322,322,328,322,0,9,lane_first,tdw,balanced,False,reduction:5;reduction:10;reduction:20;reduction:40;reduction:80;reduction:161,648,1145816,742488768,,,,,,,,,,,
163,7,323,323,328,323,0,9,lane_first,tdw,balanced,False,reduction:5;reduction:10;reduction:20;reduction:40;reduction:81;reduction:161,648,1146142,742700016,,,,,,,,,,,
163,7,324,324,328,324,0,9,lane_first,tdw,balanced,False,reduction:5;reduction:10;reduction:20;reduction:40;reduction:81;reduction:162,648,1152973,747126504,,,,,,,,,,,
163,7,325,325,328,325,0,9,lane_first,tdw,balanced,False,reduction:5;reduction:10;reduction:20;reduction:41;reduction:81;reduction:162,648,1153299,747337752,,,,,,,,,,,
163,7,326,326,328,326,0,9,lane_first,tdw,balanced,False,reduction:5;reduction:10;reduction:20;reduction:41;reduction:81;reduction:163,648,1159967,751658616,,,,,,,,,,,
163,7,327,327,328,327,0,9,lane_first,tdw,balanced,False,reduction:5;reduction:10;reduction:20;reduction:41;reduction:82;reduction:163,648,1160293,751869864,,,,,,,,,,,
163,7,328,328,328,328,0,9,lane_first,tdw,balanced,False,reduction:5;reduction:10;reduction:20;reduction:41;reduction:82;reduction:164,640,1167124,746959360,,,,,,,,,,,
163,8,1,1,328,41,40,0,lane_first,tdw,balanced,False,tail:1,82776,45358,3754553808,,,,,,,,,,,
163,8,2,2,328,42,20,1,lane_first,tdw,balanced,False,tail:2,40192,51537,2071375104,,,,,,,,,,,
163,8,3,3,328,42,13,2,lane_first,tdw,balanced,False,tail:3,26348,56738,1494932824,,,,,,,,,,,
163,8,4,4,328,44,10,2,lane_first,tdw,balanced,False,tail:4,19712,63732,1256285184,,,,,,,,,,,
163,8,5,5,328,45,8,3,lane_first,tdw,balanced,False,tail:5,15696,69748,1094764608,,,,,,,,,,,
163,8,6,6,328,42,6,3,lane_first,tdw,balanced,False,tail:6,12540,72667,911244180,,,,,,,,,,,
163,8,7,7,328,42,5,3,lane_first,tdw,balanced,False,tail:7,10480,77868,816056640,,,,,,,,,,,
163,8,8,8,328,48,5,3,lane_first,tdw,balanced,False,reduction:4;tail:8,9496,88122,836806512,,,,,,,,,,,
163,8,9,9,328,45,4,4,lane_first,tdw,balanced,False,reduction:4;tail:9,7724,90878,701941672,,,,,,,,,,,
163,8,10,10,328,48,4,4,lane_first,tdw,balanced,False,reduction:5;tail:8;tail:10,7500,92167,691252500,,,,,,,,,,,
163,8,11,11,328,44,3,4,lane_first,tdw,balanced,False,reduction:5;tail:11,5916,100628,595315248,,,,,,,,,,,
163,8,12,12,328,48,3,4,lane_first,tdw,balanced,False,reduction:6;tail:12,5540,109252,605256080,,,,,,,,,,,
163,8,13,13,328,52,3,4,lane_first,tdw,balanced,False,reduction:6;tail:13,5460,117713,642712980,,,,,,,,,,,
163,8,14,14,328,42,2,4,lane_first,tdw,balanced,False,tail:14,5376,114927,617847552,,,,,,,,,,,
163,8,15,15,328,45,2,4,lane_first,tdw,balanced,False,reduction:4;tail:15,3848,122573,471660904,,,,,,,,,,,
163,8,16,16,328,48,2,4,lane_first,tdw,balanced,False,reduction:4;reduction:8;tail:16,3596,130382,468853672,,,,,,,,,,,
163,8,17,17,328,51,2,5,lane_first,tdw,balanced,False,reduction:4;reduction:8;tail:17,3528,138028,486962784,,,,,,,,,,,
163,8,18,18,328,54,2,5,lane_first,tdw,balanced,False,reduction:4;reduction:9;tail:18,3476,145837,506929412,,,,,,,,,,,
163,8,19,19,328,57,2,5,lane_first,tdw,balanced,False,reduction:5;reduction:9;tail:19,3456,153483,530437248,,,,,,,,,,,
163,8,20,20,328,48,2,5,lane_first,tdw,balanced,False,reduction:5;reduction:10;tail:8;tail:20,3428,144992,497032576,,,,,,,,,,,
163,8,21,21,328,42,1,5,lane_first,tdw,balanced,False,reduction:5;reduction:10;tail:21,3372,151823,511947156,,,,,,,,,,,
163,8,22,22,328,44,1,5,lane_first,tdw,balanced,False,reduction:5;reduction:11;tail:22,2352,158817,373537584,,,,,,,,,,,
163,8,23,23,328,46,1,5,lane_first,tdw,balanced,False,reduction:6;reduction:11;tail:23,2352,165648,389604096,,,,,,,,,,,
163,8,24,24,328,48,1,5,lane_first,tdw,balanced,False,reduction:6;reduction:12;tail:24,1844,172642,318351848,,,,,,,,,,,
163,8,25,25,328,50,1,5,lane_first,tdw,balanced,False,reduction:6;reduction:12;tail:25,1852,179473,332383996,,,,,,,,,,,
163,8,26,26,328,52,1,5,lane_first,tdw,balanced,False,reduction:6;reduction:13;tail:26,1600,186467,298347200,,,,,,,,,,,
163,8,27,27,328,54,1,5,lane_first,tdw,balanced,False,reduction:13;tail:27,1600,193298,309276800,,,,,,,,,,,
163,8,28,28,328,56,1,5,lane_first,tdw,balanced,False,tail:28,1476,200292,295630992,,,,,,,,,,,
163,8,29,29,328,58,1,5,lane_first,tdw,balanced,False,reduction:4;tail:29,1476,207123,305713548,,,,,,,,,,,
163,8,30,30,328,60,1,5,lane_first,tdw,balanced,False,reduction:4;reduction:15;tail:30,1416,214117,303189672,,,,,,,,,,,
163,8,31,31,328,62,1,5,lane_first,tdw,balanced,False,reduction:4;reduction:8;reduction:15;tail:31,1416,220948,312862368,,,,,,,,,,,
163,8,32,32,328,64,1,5,lane_first,tdw,balanced,False,reduction:4;reduction:8;reduction:16;tail:32,1416,227942,322765872,,,,,,,,,,,
163,8,33,33,328,66,1,6,lane_first,tdw,balanced,False,reduction:4;reduction:8;reduction:16;tail:33,1436,234773,337134028,,,,,,,,,,,
163,8,34,34,328,68,1,6,lane_first,tdw,balanced,False,reduction:4;reduction:8;reduction:17;tail:34,1444,241767,349111548,,,,,,,,,,,
163,8,35,35,328,70,1,6,lane_first,tdw,balanced,False,reduction:4;reduction:9;reduction:17;tail:35,1452,248598,360964296,,,,,,,,,,,
163,8,36,36,328,72,1,6,lane_first,tdw,balanced,False,reduction:4;reduction:9;reduction:18;tail:36,1452,255592,371119584,,,,,,,,,,,
163,8,37,37,328,69,1,6,lane_first,tdw,balanced,False,reduction:5;reduction:9;reduction:18;tail:32,1440,229572,330583680,,,,,,,,,,,
163,8,38,38,328,62,1,6,lane_first,tdw,balanced,False,reduction:5;reduction:9;reduction:19;tail:24,1440,177206,255176640,,,,,,,,,,,
163,8,39,39,328,55,1,6,lane_first,tdw,balanced,False,reduction:5;reduction:10;reduction:19;tail:16,1432,154461,221188152,,,,,,,,,,,
163,8,40,40,328,48,1,6,lane_first,tdw,balanced,False,reduction:5;reduction:10;reduction:20;tail:8,1424,154772,220395328,,,,,,,,,,,
163,8,41,41,328,41,0,6,lane_first,tdw,balanced,False,reduction:5;reduction:10;reduction:20,1368,148578,203254704,,,,,,,,,,,
163,8,42,42,328,42,0,6,lane_first,tdw,balanced,False,reduction:5;reduction:10;reduction:21,1368,155246,212376528,,,,,,,,,,,
163,8,43,43,328,43,0,6,lane_first,tdw,balanced,False,reduction:5;reduction:11;reduction:21,1368,155572,212822496,,,,,,,,,,,
163,8,44,44,328,44,0,6,lane_first,tdw,balanced,False,reduction:5;reduction:11;reduction:22,1368,162403,222167304,,,,,,,,,,,
163,8,45,45,328,45,0,6,lane_first,tdw,balanced,False,reduction:6;reduction:11;reduction:22,1368,162729,222613272,,,,,,,,,,,
163,8,46,46,328,46,0,6,lane_first,tdw,balanced,False,reduction:6;reduction:11;reduction:23,1368,169397,231735096,,,,,,,,,,,
163,8,47,47,328,47,0,6,lane_first,tdw,balanced,False,reduction:6;reduction:12;reduction:23,856,169723,145282888,,,,,,,,,,,
163,8,48,48,328,48,0,6,lane_first,tdw,balanced,False,reduction:6;reduction:12;reduction:24,856,176554,151130224,,,,,,,,,,,
163,8,49,49,328,49,0,6,lane_first,tdw,balanced,False,reduction:6;reduction:12;reduction:24,864,176880,152824320,,,,,,,,,,,
163,8,50,50,328,50,0,6,lane_first,tdw,balanced,False,reduction:6;reduction:12;reduction:25,864,183548,158585472,,,,,,,,,,,
163,8,51,51,328,51,0,6,lane_first,tdw,balanced,False,reduction:6;reduction:13;reduction:25,864,183874,158867136,,,,,,,,,,,
163,8,52,52,328,52,0,6,lane_first,tdw,balanced,False,reduction:6;reduction:13;reduction:26,864,190705,164769120,,,,,,,,,,,
163,8,53,53,328,53,0,6,lane_first,tdw,balanced,False,reduction:13;reduction:26,864,191031,165050784,,,,,,,,,,,
163,8,54,54,328,54,0,6,lane_first,tdw,balanced,False,reduction:13,864,197699,170811936,,,,,,,,,,,
163,8,55,55,328,55,0,6,lane_first,tdw,balanced,True,,608,198025,120399200,1122328,167316138,198025,608,264098,52298006450,120399200,53792,h_u=2n,module_barriers,balanced_clean_arithmetic_retain_copied_outputs
163,8,56,56,328,56,0,6,lane_first,tdw,balanced,False,reduction:28,608,204856,124552448,,,,,,,,,,,
163,8,57,57,328,57,0,6,lane_first,tdw,balanced,False,reduction:4;reduction:28,608,205182,124750656,,,,,,,,,,,
163,8,58,58,328,58,0,6,lane_first,tdw,balanced,False,reduction:4;reduction:29,608,211850,128804800,,,,,,,,,,,
163,8,59,59,328,59,0,6,lane_first,tdw,balanced,False,reduction:4;reduction:15;reduction:29,608,212176,129003008,,,,,,,,,,,
163,8,60,60,328,60,0,6,lane_first,tdw,balanced,False,reduction:4;reduction:15;reduction:30,608,219007,133156256,,,,,,,,,,,
163,8,61,61,328,61,0,6,lane_first,tdw,balanced,False,reduction:4;reduction:8;reduction:15;reduction:30,608,219333,133354464,,,,,,,,,,,
163,8,62,62,328,62,0,6,lane_first,tdw,balanced,False,reduction:4;reduction:8;reduction:15;reduction:31,608,226001,137408608,,,,,,,,,,,
163,8,63,63,328,63,0,6,lane_first,tdw,balanced,False,reduction:4;reduction:8;reduction:16;reduction:31,608,226327,137606816,,,,,,,,,,,
163,8,64,64,328,64,0,6,lane_first,tdw,balanced,False,reduction:4;reduction:8;reduction:16;reduction:32,608,233158,141760064,,,,,,,,,,,
163,8,65,65,328,65,0,7,lane_first,tdw,balanced,False,reduction:4;reduction:8;reduction:16;reduction:32,648,233484,151297632,,,,,,,,,,,
163,8,66,66,328,66,0,7,lane_first,tdw,balanced,False,reduction:4;reduction:8;reduction:16;reduction:33,528,240152,126800256,,,,,,,,,,,
163,8,67,67,328,67,0,7,lane_first,tdw,balanced,False,reduction:4;reduction:8;reduction:17;reduction:33,536,240478,128896208,,,,,,,,,,,
163,8,68,68,328,68,0,7,lane_first,tdw,balanced,False,reduction:4;reduction:8;reduction:17;reduction:34,536,247309,132557624,,,,,,,,,,,
163,8,69,69,328,69,0,7,lane_first,tdw,balanced,False,reduction:4;reduction:9;reduction:17;reduction:34,544,247635,134713440,,,,,,,,,,,
163,8,70,70,328,70,0,7,lane_first,tdw,balanced,False,reduction:4;reduction:9;reduction:17;reduction:35,544,254303,138340832,,,,,,,,,,,
163,8,71,71,328,71,0,7,lane_first,tdw,balanced,False,reduction:4;reduction:9;reduction:18;reduction:35,544,254629,138518176,,,,,,,,,,,
163,8,72,72,328,72,0,7,lane_first,tdw,balanced,False,reduction:4;reduction:9;reduction:18;reduction:36,544,261460,142234240,,,,,,,,,,,
163,8,73,73,328,73,0,7,lane_first,tdw,balanced,False,reduction:5;reduction:9;reduction:18;reduction:36,552,261786,144505872,,,,,,,,,,,
163,8,74,74,328,74,0,7,lane_first,tdw,balanced,False,reduction:5;reduction:9;reduction:18;reduction:37,552,268454,148186608,,,,,,,,,,,
163,8,75,75,328,75,0,7,lane_first,tdw,balanced,False,reduction:5;reduction:9;reduction:19;reduction:37,552,268780,148366560,,,,,,,,,,,
163,8,76,76,328,76,0,7,lane_first,tdw,balanced,False,reduction:5;reduction:9;reduction:19;reduction:38,552,275611,152137272,,,,,,,,,,,
163,8,77,77,328,77,0,7,lane_first,tdw,balanced,False,reduction:5;reduction:10;reduction:19;reduction:38,552,275937,152317224,,,,,,,,,,,
163,8,78,78,328,78,0,7,lane_first,tdw,balanced,False,reduction:5;reduction:10;reduction:19;reduction:39,552,282605,155997960,,,,,,,,,,,
163,8,79,79,328,79,0,7,lane_first,tdw,balanced,False,reduction:5;reduction:10;reduction:20;reduction:39,552,282931,156177912,,,,,,,,,,,
163,8,80,80,328,80,0,7,lane_first,tdw,balanced,False,reduction:5;reduction:10;reduction:20;reduction:40,552,289762,159948624,,,,,,,,,,,
163,8,81,81,328,81,0,7,lane_first,tdw,balanced,False,reduction:5;reduction:10;reduction:20;reduction:40,560,290088,162449280,,,,,,,,,,,
163,8,82,82,328,82,0,7,lane_first,tdw,balanced,False,reduction:5;reduction:10;reduction:20;reduction:41,496,296756,147190976,,,,,,,,,,,
163,8,83,83,328,83,0,7,lane_first,tdw,balanced,False,reduction:5;reduction:10;reduction:21;reduction:41,496,297082,147352672,,,,,,,,,,,
163,8,84,84,328,84,0,7,lane_first,tdw,balanced,False,reduction:5;reduction:10;reduction:21;reduction:42,496,303913,150740848,,,,,,,,,,,
163,8,85,85,328,85,0,7,lane_first,tdw,balanced,False,reduction:5;reduction:11;reduction:21;reduction:42,496,304239,150902544,,,,,,,,,,,
163,8,86,86,328,86,0,7,lane_first,tdw,balanced,False,reduction:5;reduction:11;reduction:21;reduction:43,496,310907,154209872,,,,,,,,,,,
163,8,87,87,328,87,0,7,lane_first,tdw,balanced,False,reduction:5;reduction:11;reduction:22;reduction:43,496,311233,154371568,,,,,,,,,,,
163,8,88,88,328,88,0,7,lane_first,tdw,balanced,False,reduction:5;reduction:11;reduction:22;reduction:44,496,318064,157759744,,,,,,,,,,,
163,8,89,89,328,89,0,7,lane_first,tdw,balanced,False,reduction:6;reduction:11;reduction:22;reduction:44,496,318390,157921440,,,,,,,,,,,
163,8,90,90,328,90,0,7,lane_first,tdw,balanced,False,reduction:6;reduction:11;reduction:22;reduction:45,496,325058,161228768,,,,,,,,,,,
163,8,91,91,328,91,0,7,lane_first,tdw,balanced,False,reduction:6;reduction:11;reduction:23;reduction:45,496,325384,161390464,,,,,,,,,,,
163,8,92,92,328,92,0,7,lane_first,tdw,balanced,False,reduction:6;reduction:11;reduction:23;reduction:46,496,332215,164778640,,,,,,,,,,,
163,8,93,93,328,93,0,7,lane_first,tdw,balanced,False,reduction:6;reduction:12;reduction:23;reduction:46,496,332541,164940336,,,,,,,,,,,
163,8,94,94,328,94,0,7,lane_first,tdw,balanced,False,reduction:6;reduction:12;reduction:23;reduction:47,496,339209,168247664,,,,,,,,,,,
163,8,95,95,328,95,0,7,lane_first,tdw,balanced,False,reduction:6;reduction:12;reduction:24;reduction:47,496,339535,168409360,,,,,,,,,,,
163,8,96,96,328,96,0,7,lane_first,tdw,balanced,False,reduction:6;reduction:12;reduction:24;reduction:48,496,346366,171797536,,,,,,,,,,,
163,8,97,97,328,97,0,7,lane_first,tdw,balanced,False,reduction:6;reduction:12;reduction:24;reduction:48,504,346692,174732768,,,,,,,,,,,
163,8,98,98,328,98,0,7,lane_first,tdw,balanced,False,reduction:6;reduction:12;reduction:24;reduction:49,504,353360,178093440,,,,,,,,,,,
163,8,99,99,328,99,0,7,lane_first,tdw,balanced,False,reduction:6;reduction:12;reduction:25;reduction:49,504,353686,178257744,,,,,,,,,,,
163,8,100,100,328,100,0,7,lane_first,tdw,balanced,False,reduction:6;reduction:12;reduction:25;reduction:50,504,360517,181700568,,,,,,,,,,,
163,8,101,101,328,101,0,7,lane_first,tdw,balanced,False,reduction:6;reduction:13;reduction:25;reduction:50,504,360843,181864872,,,,,,,,,,,
163,8,102,102,328,102,0,7,lane_first,tdw,balanced,False,reduction:6;reduction:13;reduction:25;reduction:51,504,367511,185225544,,,,,,,,,,,
163,8,103,103,328,103,0,7,lane_first,tdw,balanced,False,reduction:6;reduction:13;reduction:26;reduction:51,504,367837,185389848,,,,,,,,,,,
163,8,104,104,328,104,0,7,lane_first,tdw,balanced,False,reduction:6;reduction:13;reduction:26;reduction:52,504,374668,188832672,,,,,,,,,,,
163,8,105,105,328,105,0,7,lane_first,tdw,balanced,False,reduction:13;reduction:26;reduction:52,504,374994,188996976,,,,,,,,,,,
163,8,106,106,328,106,0,7,lane_first,tdw,balanced,False,reduction:13;reduction:26;reduction:53,504,381662,192357648,,,,,,,,,,,
163,8,107,107,328,107,0,7,lane_first,tdw,balanced,False,reduction:13;reduction:53,504,381988,192521952,,,,,,,,,,,
163,8,108,108,328,108,0,7,lane_first,tdw,balanced,False,reduction:13;reduction:54,504,388819,195964776,,,,,,,,,,,
163,8,109,109,328,109,0,7,lane_first,tdw,balanced,False,reduction:54,504,389145,196129080,,,,,,,,,,,
163,8,110,110,328,110,0,7,lane_first,tdw,balanced,False,reduction:55,472,395813,186823736,,,,,,,,,,,
163,8,111,111,328,111,0,7,lane_first,tdw,balanced,False,reduction:28;reduction:55,472,396139,186977608,,,,,,,,,,,
163,8,112,112,328,112,0,7,lane_first,tdw,balanced,False,reduction:28;reduction:56,472,402970,190201840,,,,,,,,,,,
163,8,113,113,328,113,0,7,lane_first,tdw,balanced,False,reduction:4;reduction:28;reduction:56,472,403296,190355712,,,,,,,,,,,
163,8,114,114,328,114,0,7,lane_first,tdw,balanced,False,reduction:4;reduction:28;reduction:57,472,409964,193503008,,,,,,,,,,,
163,8,115,115,328,115,0,7,lane_first,tdw,balanced,False,reduction:4;reduction:29;reduction:57,472,410290,193656880,,,,,,,,,,,
163,8,116,116,328,116,0,7,lane_first,tdw,balanced,False,reduction:4;reduction:29;reduction:58,472,417121,196881112,,,,,,,,,,,
163,8,117,117,328,117,0,7,lane_first,tdw,balanced,False,reduction:4;reduction:15;reduction:29;reduction:58,472,417447,197034984,,,,,,,,,,,
163,8,118,118,328,118,0,7,lane_first,tdw,balanced,False,reduction:4;reduction:15;reduction:29;reduction:59,472,424115,200182280,,,,,,,,,,,
163,8,119,119,328,119,0,7,lane_first,tdw,balanced,False,reduction:4;reduction:15;reduction:30;reduction:59,472,424441,200336152,,,,,,,,,,,
163,8,120,120,328,120,0,7,lane_first,tdw,balanced,False,reduction:4;reduction:15;reduction:30;reduction:60,472,431272,203560384,,,,,,,,,,,
163,8,121,121,328,121,0,7,lane_first,tdw,balanced,False,reduction:4;reduction:8;reduction:15;reduction:30;reduction:60,472,431598,203714256,,,,,,,,,,,
163,8,122,122,328,122,0,7,lane_first,tdw,balanced,False,reduction:4;reduction:8;reduction:15;reduction:30;reduction:61,472,438266,206861552,,,,,,,,,,,
163,8,123,123,328,123,0,7,lane_first,tdw,balanced,False,reduction:4;reduction:8;reduction:15;reduction:31;reduction:61,472,438592,207015424,,,,,,,,,,,
163,8,124,124,328,124,0,7,lane_first,tdw,balanced,False,reduction:4;reduction:8;reduction:15;reduction:31;reduction:62,472,445423,210239656,,,,,,,,,,,
163,8,125,125,328,125,0,7,lane_first,tdw,balanced,False,reduction:4;reduction:8;reduction:16;reduction:31;reduction:62,472,445749,210393528,,,,,,,,,,,
163,8,126,126,328,126,0,7,lane_first,tdw,balanced,False,reduction:4;reduction:8;reduction:16;reduction:31;reduction:63,472,452417,213540824,,,,,,,,,,,
163,8,127,127,328,127,0,7,lane_first,tdw,balanced,False,reduction:4;reduction:8;reduction:16;reduction:32;reduction:63,472,452743,213694696,,,,,,,,,,,
163,8,128,128,328,128,0,7,lane_first,tdw,balanced,False,reduction:4;reduction:8;reduction:16;reduction:32;reduction:64,472,459574,216918928,,,,,,,,,,,
163,8,129,129,328,129,0,8,lane_first,tdw,balanced,False,reduction:4;reduction:8;reduction:16;reduction:32;reduction:64,512,459900,235468800,,,,,,,,,,,
163,8,130,130,328,130,0,8,lane_first,tdw,balanced,False,reduction:4;reduction:8;reduction:16;reduction:32;reduction:65,520,466568,242615360,,,,,,,,,,,
163,8,131,131,328,131,0,8,lane_first,tdw,balanced,False,reduction:4;reduction:8;reduction:16;reduction:33;reduction:65,528,466894,246520032,,,,,,,,,,,
163,8,132,132,328,132,0,8,lane_first,tdw,balanced,False,reduction:4;reduction:8;reduction:16;reduction:33;reduction:66,528,473725,250126800,,,,,,,,,,,
163,8,133,133,328,133,0,8,lane_first,tdw,balanced,False,reduction:4;reduction:8;reduction:17;reduction:33;reduction:66,536,474051,254091336,,,,,,,,,,,
163,8,134,134,328,134,0,8,lane_first,tdw,balanced,False,reduction:4;reduction:8;reduction:17;reduction:33;reduction:67,536,480719,257665384,,,,,,,,,,,
163,8,135,135,328,135,0,8,lane_first,tdw,balanced,False,reduction:4;reduction:8;reduction:17;reduction:34;reduction:67,536,481045,257840120,,,,,,,,,,,
163,8,136,136,328,136,0,8,lane_first,tdw,balanced,False,reduction:4;reduction:8;reduction:17;reduction:34;reduction:68,536,487876,261501536,,,,,,,,,,,
163,8,137,137,328,137,0,8,lane_first,tdw,balanced,False,reduction:4;reduction:9;reduction:17;reduction:34;reduction:68,544,488202,265581888,,,,,,,,,,,
163,8,138,138,328,138,0,8,lane_first,tdw,balanced,False,reduction:4;reduction:9;reduction:17;reduction:34;reduction:69,544,494870,269209280,,,,,,,,,,,
163,8,139,139,328,139,0,8,lane_first,tdw,balanced,False,reduction:4;reduction:9;reduction:17;reduction:35;reduction:69,544,495196,269386624,,,,,,,,,,,
163,8,140,140,328,140,0,8,lane_first,tdw,balanced,False,reduction:4;reduction:9;reduction:17;reduction:35;reduction:70,544,502027,273102688,,,,,,,,,,,
163,8,141,141,328,141,0,8,lane_first,tdw,balanced,False,reduction:4;reduction:9;reduction:18;reduction:35;reduction:70,544,502353,273280032,,,,,,,,,,,
163,8,142,142,328,142,0,8,lane_first,tdw,balanced,False,reduction:4;reduction:9;reduction:18;reduction:35;reduction:71,544,509021,276907424,,,,,,,,,,,
163,8,143,143,328,143,0,8,lane_first,tdw,balanced,False,reduction:4;reduction:9;reduction:18;reduction:36;reduction:71,544,509347,277084768,,,,,,,,,,,
163,8,144,144,328,144,0,8,lane_first,tdw,balanced,False,reduction:4;reduction:9;reduction:18;reduction:36;reduction:72,544,516178,280800832,,,,,,,,,,,
163,8,145,145,328,145,0,8,lane_first,tdw,balanced,False,reduction:5;reduction:9;reduction:18;reduction:36;reduction:72,552,516504,285110208,,,,,,,,,,,
163,8,146,146,328,146,0,8,lane_first,tdw,balanced,False,reduction:5;reduction:9;reduction:18;reduction:36;reduction:73,552,523172,288790944,,,,,,,,,,,
163,8,147,147,328,147,0,8,lane_first,tdw,balanced,False,reduction:5;reduction:9;reduction:18;reduction:37;reduction:73,552,523498,288970896,,,,,,,,,,,
163,8,148,148,328,148,0,8,lane_first,tdw,balanced,False,reduction:5;reduction:9;reduction:18;reduction:37;reduction:74,552,530329,292741608,,,,,,,,,,,
163,8,149,149,328,149,0,8,lane_first,tdw,balanced,False,reduction:5;reduction:9;reduction:19;reduction:37;reduction:74,552,530655,292921560,,,,,,,,,,,
163,8,150,150,328,150,0,8,lane_first,tdw,balanced,False,reduction:5;reduction:9;reduction:19;reduction:37;reduction:75,552,537323,296602296,,,,,,,,,,,
163,8,151,151,328,151,0,8,lane_first,tdw,balanced,False,reduction:5;reduction:9;reduction:19;reduction:38;reduction:75,552,537649,296782248,,,,,,,,,,,
163,8,152,152,328,152,0,8,lane_first,tdw,balanced,False,reduction:5;reduction:9;reduction:19;reduction:38;reduction:76,552,544480,300552960,,,,,,,,,,,
163,8,153,153,328,153,0,8,lane_first,tdw,balanced,False,reduction:5;reduction:10;reduction:19;reduction:38;reduction:76,552,544806,300732912,,,,,,,,,,,
163,8,154,154,328,154,0,8,lane_first,tdw,balanced,False,reduction:5;reduction:10;reduction:19;reduction:38;reduction:77,552,551474,304413648,,,,,,,,,,,
163,8,155,155,328,155,0,8,lane_first,tdw,balanced,False,reduction:5;reduction:10;reduction:19;reduction:39;reduction:77,552,551800,304593600,,,,,,,,,,,
163,8,156,156,328,156,0,8,lane_first,tdw,balanced,False,reduction:5;reduction:10;reduction:19;reduction:39;reduction:78,552,558631,308364312,,,,,,,,,,,
163,8,157,157,328,157,0,8,lane_first,tdw,balanced,False,reduction:5;reduction:10;reduction:20;reduction:39;reduction:78,552,558957,308544264,,,,,,,,,,,
163,8,158,158,328,158,0,8,lane_first,tdw,balanced,False,reduction:5;reduction:10;reduction:20;reduction:39;reduction:79,552,565625,312225000,,,,,,,,,,,
163,8,159,159,328,159,0,8,lane_first,tdw,balanced,False,reduction:5;reduction:10;reduction:20;reduction:40;reduction:79,552,565951,312404952,,,,,,,,,,,
163,8,160,160,328,160,0,8,lane_first,tdw,balanced,False,reduction:5;reduction:10;reduction:20;reduction:40;reduction:80,552,572782,316175664,,,,,,,,,,,
163,8,161,161,328,161,0,8,lane_first,tdw,balanced,False,reduction:5;reduction:10;reduction:20;reduction:40;reduction:80,560,573108,320940480,,,,,,,,,,,
163,8,162,162,328,162,0,8,lane_first,tdw,balanced,False,reduction:5;reduction:10;reduction:20;reduction:40;reduction:81,560,579776,324674560,,,,,,,,,,,
163,8,163,163,328,163,0,8,lane_first,tdw,balanced,False,reduction:5;reduction:10;reduction:20;reduction:41;reduction:81,560,580102,324857120,,,,,,,,,,,
163,8,164,164,328,164,0,8,lane_first,tdw,balanced,False,reduction:5;reduction:10;reduction:20;reduction:41;reduction:82,544,586933,319291552,,,,,,,,,,,
163,8,165,165,328,165,0,8,lane_first,tdw,balanced,False,reduction:5;reduction:10;reduction:21;reduction:41;reduction:82,544,587259,319468896,,,,,,,,,,,
163,8,166,166,328,166,0,8,lane_first,tdw,balanced,False,reduction:5;reduction:10;reduction:21;reduction:41;reduction:83,544,593927,323096288,,,,,,,,,,,
163,8,167,167,328,167,0,8,lane_first,tdw,balanced,False,reduction:5;reduction:10;reduction:21;reduction:42;reduction:83,544,594253,323273632,,,,,,,,,,,
163,8,168,168,328,168,0,8,lane_first,tdw,balanced,False,reduction:5;reduction:10;reduction:21;reduction:42;reduction:84,544,601084,326989696,,,,,,,,,,,
163,8,169,169,328,169,0,8,lane_first,tdw,balanced,False,reduction:5;reduction:11;reduction:21;reduction:42;reduction:84,544,601410,327167040,,,,,,,,,,,
163,8,170,170,328,170,0,8,lane_first,tdw,balanced,False,reduction:5;reduction:11;reduction:21;reduction:42;reduction:85,544,608078,330794432,,,,,,,,,,,
163,8,171,171,328,171,0,8,lane_first,tdw,balanced,False,reduction:5;reduction:11;reduction:21;reduction:43;reduction:85,544,608404,330971776,,,,,,,,,,,
163,8,172,172,328,172,0,8,lane_first,tdw,balanced,False,reduction:5;reduction:11;reduction:21;reduction:43;reduction:86,544,615235,334687840,,,,,,,,,,,
163,8,173,173,328,173,0,8,lane_first,tdw,balanced,False,reduction:5;reduction:11;reduction:22;reduction:43;reduction:86,544,615561,334865184,,,,,,,,,,,
163,8,174,174,328,174,0,8,lane_first,tdw,balanced,False,reduction:5;reduction:11;reduction:22;reduction:43;reduction:87,544,622229,338492576,,,,,,,,,,,
163,8,175,175,328,175,0,8,lane_first,tdw,balanced,False,reduction:5;reduction:11;reduction:22;reduction:44;reduction:87,544,622555,338669920,,,,,,,,,,,
163,8,176,176,328,176,0,8,lane_first,tdw,balanced,False,reduction:5;reduction:11;reduction:22;reduction:44;reduction:88,544,629386,342385984,,,,,,,,,,,
163,8,177,177,328,177,0,8,lane_first,tdw,balanced,False,reduction:6;reduction:11;reduction:22;reduction:44;reduction:88,544,629712,342563328,,,,,,,,,,,
163,8,178,178,328,178,0,8,lane_first,tdw,balanced,False,reduction:6;reduction:11;reduction:22;reduction:44;reduction:89,544,636380,346190720,,,,,,,,,,,
163,8,179,179,328,179,0,8,lane_first,tdw,balanced,False,reduction:6;reduction:11;reduction:22;reduction:45;reduction:89,544,636706,346368064,,,,,,,,,,,
163,8,180,180,328,180,0,8,lane_first,tdw,balanced,False,reduction:6;reduction:11;reduction:22;reduction:45;reduction:90,544,643537,350084128,,,,,,,,,,,
163,8,181,181,328,181,0,8,lane_first,tdw,balanced,False,reduction:6;reduction:11;reduction:23;reduction:45;reduction:90,544,643863,350261472,,,,,,,,,,,
163,8,182,182,328,182,0,8,lane_first,tdw,balanced,False,reduction:6;reduction:11;reduction:23;reduction:45;reduction:91,544,650531,353888864,,,,,,,,,,,
163,8,183,183,328,183,0,8,lane_first,tdw,balanced,False,reduction:6;reduction:11;reduction:23;reduction:46;reduction:91,544,650857,354066208,,,,,,,,,,,
163,8,184,184,328,184,0,8,lane_first,tdw,balanced,False,reduction:6;reduction:11;reduction:23;reduction:46;reduction:92,544,657688,357782272,,,,,,,,,,,
163,8,185,185,328,185,0,8,lane_first,tdw,balanced,False,reduction:6;reduction:12;reduction:23;reduction:46;reduction:92,544,658014,357959616,,,,,,,,,,,
163,8,186,186,328,186,0,8,lane_first,tdw,balanced,False,reduction:6;reduction:12;reduction:23;reduction:46;reduction:93,544,664682,361587008,,,,,,,,,,,
163,8,187,187,328,187,0,8,lane_first,tdw,balanced,False,reduction:6;reduction:12;reduction:23;reduction:47;reduction:93,544,665008,361764352,,,,,,,,,,,
163,8,188,188,328,188,0,8,lane_first,tdw,balanced,False,reduction:6;reduction:12;reduction:23;reduction:47;reduction:94,544,671839,365480416,,,,,,,,,,,
163,8,189,189,328,189,0,8,lane_first,tdw,balanced,False,reduction:6;reduction:12;reduction:24;reduction:47;reduction:94,544,672165,365657760,,,,,,,,,,,
163,8,190,190,328,190,0,8,lane_first,tdw,balanced,False,reduction:6;reduction:12;reduction:24;reduction:47;reduction:95,544,678833,369285152,,,,,,,,,,,
163,8,191,191,328,191,0,8,lane_first,tdw,balanced,False,reduction:6;reduction:12;reduction:24;reduction:48;reduction:95,544,679159,369462496,,,,,,,,,,,
163,8,192,192,328,192,0,8,lane_first,tdw,balanced,False,reduction:6;reduction:12;reduction:24;reduction:48;reduction:96,544,685990,373178560,,,,,,,,,,,
163,8,193,193,328,193,0,8,lane_first,tdw,balanced,False,reduction:6;reduction:12;reduction:24;reduction:48;reduction:96,552,686316,378846432,,,,,,,,,,,
163,8,194,194,328,194,0,8,lane_first,tdw,balanced,False,reduction:6;reduction:12;reduction:24;reduction:48;reduction:97,552,692984,382527168,,,,,,,,,,,
163,8,195,195,328,195,0,8,lane_first,tdw,balanced,False,reduction:6;reduction:12;reduction:24;reduction:49;reduction:97,552,693310,382707120,,,,,,,,,,,
163,8,196,196,328,196,0,8,lane_first,tdw,balanced,False,reduction:6;reduction:12;reduction:24;reduction:49;reduction:98,552,700141,386477832,,,,,,,,,,,
163,8,197,197,328,197,0,8,lane_first,tdw,balanced,False,reduction:6;reduction:12;reduction:25;reduction:49;reduction:98,552,700467,386657784,,,,,,,,,,,
163,8,198,198,328,198,0,8,lane_first,tdw,balanced,False,reduction:6;reduction:12;reduction:25;reduction:49;reduction:99,552,707135,390338520,,,,,,,,,,,
163,8,199,199,328,199,0,8,lane_first,tdw,balanced,False,reduction:6;reduction:12;reduction:25;reduction:50;reduction:99,552,707461,390518472,,,,,,,,,,,
163,8,200,200,328,200,0,8,lane_first,tdw,balanced,False,reduction:6;reduction:12;reduction:25;reduction:50;reduction:100,552,714292,394289184,,,,,,,,,,,
163,8,201,201,328,201,0,8,lane_first,tdw,balanced,False,reduction:6;reduction:13;reduction:25;reduction:50;reduction:100,552,714618,394469136,,,,,,,,,,,
163,8,202,202,328,202,0,8,lane_first,tdw,balanced,False,reduction:6;reduction:13;reduction:25;reduction:50;reduction:101,552,721286,398149872,,,,,,,,,,,
163,8,203,203,328,203,0,8,lane_first,tdw,balanced,False,reduction:6;reduction:13;reduction:25;reduction:51;reduction:101,552,721612,398329824,,,,,,,,,,,
163,8,204,204,328,204,0,8,lane_first,tdw,balanced,False,reduction:6;reduction:13;reduction:25;reduction:51;reduction:102,552,728443,402100536,,,,,,,,,,,
163,8,205,205,328,205,0,8,lane_first,tdw,balanced,False,reduction:6;reduction:13;reduction:26;reduction:51;reduction:102,552,728769,402280488,,,,,,,,,,,
163,8,206,206,328,206,0,8,lane_first,tdw,balanced,False,reduction:6;reduction:13;reduction:26;reduction:51;reduction:103,552,735437,405961224,,,,,,,,,,,
163,8,207,207,328,207,0,8,lane_first,tdw,balanced,False,reduction:6;reduction:13;reduction:26;reduction:52;reduction:103,552,735763,406141176,,,,,,,,,,,
163,8,208,208,328,208,0,8,lane_first,tdw,balanced,False,reduction:6;reduction:13;reduction:26;reduction:52;reduction:104,552,742594,409911888,,,,,,,,,,,
163,8,209,209,328,209,0,8,lane_first,tdw,balanced,False,reduction:13;reduction:26;reduction:52;reduction:104,552,742920,410091840,,,,,,,,,,,
163,8,210,210,328,210,0,8,lane_first,tdw,balanced,False,reduction:13;reduction:26;reduction:52;reduction:105,552,749588,413772576,,,,,,,,,,,
163,8,211,211,328,211,0,8,lane_first,tdw,balanced,False,reduction:13;reduction:26;reduction:53;reduction:105,552,749914,413952528,,,,,,,,,,,
163,8,212,212,328,212,0,8,lane_first,tdw,balanced,False,reduction:13;reduction:26;reduction:53;reduction:106,552,756745,417723240,,,,,,,,,,,
163,8,213,213,328,213,0,8,lane_first,tdw,balanced,False,reduction:13;reduction:53;reduction:106,552,757071,417903192,,,,,,,,,,,
163,8,214,214,328,214,0,8,lane_first,tdw,balanced,False,reduction:13;reduction:53;reduction:107,552,763739,421583928,,,,,,,,,,,
163,8,215,215,328,215,0,8,lane_first,tdw,balanced,False,reduction:13;reduction:54;reduction:107,552,764065,421763880,,,,,,,,,,,
163,8,216,216,328,216,0,8,lane_first,tdw,balanced,False,reduction:13;reduction:54;reduction:108,552,770896,425534592,,,,,,,,,,,
163,8,217,217,328,217,0,8,lane_first,tdw,balanced,False,reduction:54;reduction:108,552,771222,425714544,,,,,,,,,,,
163,8,218,218,328,218,0,8,lane_first,tdw,balanced,False,reduction:54;reduction:109,552,777890,429395280,,,,,,,,,,,
163,8,219,219,328,219,0,8,lane_first,tdw,balanced,False,reduction:55;reduction:109,552,778216,429575232,,,,,,,,,,,
163,8,220,220,328,220,0,8,lane_first,tdw,balanced,False,reduction:55;reduction:110,552,785047,433345944,,,,,,,,,,,
163,8,221,221,328,221,0,8,lane_first,tdw,balanced,False,reduction:28;reduction:55;reduction:110,552,785373,433525896,,,,,,,,,,,
163,8,222,222,328,222,0,8,lane_first,tdw,balanced,False,reduction:28;reduction:55;reduction:111,552,792041,437206632,,,,,,,,,,,
163,8,223,223,328,223,0,8,lane_first,tdw,balanced,False,reduction:28;reduction:56;reduction:111,552,792367,437386584,,,,,,,,,,,
163,8,224,224,328,224,0,8,lane_first,tdw,balanced,False,reduction:28;reduction:56;reduction:112,552,799198,441157296,,,,,,,,,,,
163,8,225,225,328,225,0,8,lane_first,tdw,balanced,False,reduction:4;reduction:28;reduction:56;reduction:112,552,799524,441337248,,,,,,,,,,,
163,8,226,226,328,226,0,8,lane_first,tdw,balanced,False,reduction:4;reduction:28;reduction:56;reduction:113,552,806192,445017984,,,,,,,,,,,
163,8,227,227,328,227,0,8,lane_first,tdw,balanced,False,reduction:4;reduction:28;reduction:57;reduction:113,552,806518,445197936,,,,,,,,,,,
163,8,228,228,328,228,0,8,lane_first,tdw,balanced,False,reduction:4;reduction:28;reduction:57;reduction:114,552,813349,448968648,,,,,,,,,,,
163,8,229,229,328,229,0,8,lane_first,tdw,balanced,False,reduction:4;reduction:29;reduction:57;reduction:114,552,813675,449148600,,,,,,,,,,,
163,8,230,230,328,230,0,8,lane_first,tdw,balanced,False,reduction:4;reduction:29;reduction:57;reduction:115,552,820343,452829336,,,,,,,,,,,
163,8,231,231,328,231,0,8,lane_first,tdw,balanced,False,reduction:4;reduction:29;reduction:58;reduction:115,552,820669,453009288,,,,,,,,,,,
163,8,232,232,328,232,0,8,lane_first,tdw,balanced,False,reduction:4;reduction:29;reduction:58;reduction:116,552,827500,456780000,,,,,,,,,,,
163,8,233,233,328,233,0,8,lane_first,tdw,balanced,False,reduction:4;reduction:15;reduction:29;reduction:58;reduction:116,552,827826,456959952,,,,,,,,,,,
163,8,234,234,328,234,0,8,lane_first,tdw,balanced,False,reduction:4;reduction:15;reduction:29;reduction:58;reduction:117,552,834494,460640688,,,,,,,,,,,
163,8,235,235,328,235,0,8,lane_first,tdw,balanced,False,reduction:4;reduction:15;reduction:29;reduction:59;reduction:117,552,834820,460820640,,,,,,,,,,,
163,8,236,236,328,236,0,8,lane_first,tdw,balanced,False,reduction:4;reduction:15;reduction:29;reduction:59;reduction:118,552,841651,464591352,,,,,,,,,,,
163,8,237,237,328,237,0,8,lane_first,tdw,balanced,False,reduction:4;reduction:15;reduction:30;reduction:59;reduction:118,552,841977,464771304,,,,,,,,,,,
163,8,238,238,328,238,0,8,lane_first,tdw,balanced,False,reduction:4;reduction:15;reduction:30;reduction:59;reduction:119,552,848645,468452040,,,,,,,,,,,
163,8,239,239,328,239,0,8,lane_first,tdw,balanced,False,reduction:4;reduction:15;reduction:30;reduction:60;reduction:119,552,848971,468631992,,,,,,,,,,,
163,8,240,240,328,240,0,8,lane_first,tdw,balanced,False,reduction:4;reduction:15;reduction:30;reduction:60;reduction:120,552,855802,472402704,,,,,,,,,,,
163,8,241,241,328,241,0,8,lane_first,tdw,balanced,False,reduction:4;reduction:8;reduction:15;reduction:30;reduction:60;reduction:120,552,856128,472582656,,,,,,,,,,,
163,8,242,242,328,242,0,8,lane_first,tdw,balanced,False,reduction:4;reduction:8;reduction:15;reduction:30;reduction:60;reduction:121,552,862796,476263392,,,,,,,,,,,
163,8,243,243,328,243,0,8,lane_first,tdw,balanced,False,reduction:4;reduction:8;reduction:15;reduction:30;reduction:61;reduction:121,552,863122,476443344,,,,,,,,,,,
163,8,244,244,328,244,0,8,lane_first,tdw,balanced,False,reduction:4;reduction:8;reduction:15;reduction:30;reduction:61;reduction:122,552,869953,480214056,,,,,,,,,,,
163,8,245,245,328,245,0,8,lane_first,tdw,balanced,False,reduction:4;reduction:8;reduction:15;reduction:31;reduction:61;reduction:122,552,870279,480394008,,,,,,,,,,,
163,8,246,246,328,246,0,8,lane_first,tdw,balanced,False,reduction:4;reduction:8;reduction:15;reduction:31;reduction:61;reduction:123,552,876947,484074744,,,,,,,,,,,
163,8,247,247,328,247,0,8,lane_first,tdw,balanced,False,reduction:4;reduction:8;reduction:15;reduction:31;reduction:62;reduction:123,552,877273,484254696,,,,,,,,,,,
163,8,248,248,328,248,0,8,lane_first,tdw,balanced,False,reduction:4;reduction:8;reduction:15;reduction:31;reduction:62;reduction:124,552,884104,488025408,,,,,,,,,,,
163,8,249,249,328,249,0,8,lane_first,tdw,balanced,False,reduction:4;reduction:8;reduction:16;reduction:31;reduction:62;reduction:124,552,884430,488205360,,,,,,,,,,,
163,8,250,250,328,250,0,8,lane_first,tdw,balanced,False,reduction:4;reduction:8;reduction:16;reduction:31;reduction:62;reduction:125,552,891098,491886096,,,,,,,,,,,
163,8,251,251,328,251,0,8,lane_first,tdw,balanced,False,reduction:4;reduction:8;reduction:16;reduction:31;reduction:63;reduction:125,552,891424,492066048,,,,,,,,,,,
163,8,252,252,328,252,0,8,lane_first,tdw,balanced,False,reduction:4;reduction:8;reduction:16;reduction:31;reduction:63;reduction:126,552,898255,495836760,,,,,,,,,,,
163,8,253,253,328,253,0,8,lane_first,tdw,balanced,False,reduction:4;reduction:8;reduction:16;reduction:32;reduction:63;reduction:126,552,898581,496016712,,,,,,,,,,,
163,8,254,254,328,254,0,8,lane_first,tdw,balanced,False,reduction:4;reduction:8;reduction:16;reduction:32;reduction:63;reduction:127,552,905249,499697448,,,,,,,,,,,
163,8,255,255,328,255,0,8,lane_first,tdw,balanced,False,reduction:4;reduction:8;reduction:16;reduction:32;reduction:64;reduction:127,552,905575,499877400,,,,,,,,,,,
163,8,256,256,328,256,0,8,lane_first,tdw,balanced,False,reduction:4;reduction:8;reduction:16;reduction:32;reduction:64;reduction:128,552,912406,503648112,,,,,,,,,,,
163,8,257,257,328,257,0,9,lane_first,tdw,balanced,False,reduction:4;reduction:8;reduction:16;reduction:32;reduction:64;reduction:128,592,912732,540337344,,,,,,,,,,,
163,8,258,258,328,258,0,9,lane_first,tdw,balanced,False,reduction:4;reduction:8;reduction:16;reduction:32;reduction:64;reduction:129,600,919400,551640000,,,,,,,,,,,
163,8,259,259,328,259,0,9,lane_first,tdw,balanced,False,reduction:4;reduction:8;reduction:16;reduction:32;reduction:65;reduction:129,608,919726,559193408,,,,,,,,,,,
163,8,260,260,328,260,0,9,lane_first,tdw,balanced,False,reduction:4;reduction:8;reduction:16;reduction:32;reduction:65;reduction:130,608,926557,563346656,,,,,,,,,,,
163,8,261,261,328,261,0,9,lane_first,tdw,balanced,False,reduction:4;reduction:8;reduction:16;reduction:33;reduction:65;reduction:130,616,926883,570959928,,,,,,,,,,,
163,8,262,262,328,262,0,9,lane_first,tdw,balanced,False,reduction:4;reduction:8;reduction:16;reduction:33;reduction:65;reduction:131,616,933551,575067416,,,,,,,,,,,
163,8,263,263,328,263,0,9,lane_first,tdw,balanced,False,reduction:4;reduction:8;reduction:16;reduction:33;reduction:66;reduction:131,616,933877,575268232,,,,,,,,,,,
163,8,264,264,328,264,0,9,lane_first,tdw,balanced,False,reduction:4;reduction:8;reduction:16;reduction:33;reduction:66;reduction:132,616,940708,579476128,,,,,,,,,,,
163,8,265,265,328,265,0,9,lane_first,tdw,balanced,False,reduction:4;reduction:8;reduction:17;reduction:33;reduction:66;reduction:132,624,941034,587205216,,,,,,,,,,,
163,8,266,266,328,266,0,9,lane_first,tdw,balanced,False,reduction:4;reduction:8;reduction:17;reduction:33;reduction:66;reduction:133,624,947702,591366048,,,,,,,,,,,
163,8,267,267,328,267,0,9,lane_first,tdw,balanced,False,reduction:4;reduction:8;reduction:17;reduction:33;reduction:67;reduction:133,624,948028,591569472,,,,,,,,,,,
163,8,268,268,328,268,0,9,lane_first,tdw,balanced,False,reduction:4;reduction:8;reduction:17;reduction:33;reduction:67;reduction:134,624,954859,595832016,,,,,,,,,,,
163,8,269,269,328,269,0,9,lane_first,tdw,balanced,False,reduction:4;reduction:8;reduction:17;reduction:34;reduction:67;reduction:134,624,955185,596035440,,,,,,,,,,,
163,8,270,270,328,270,0,9,lane_first,tdw,balanced,False,reduction:4;reduction:8;reduction:17;reduction:34;reduction:67;reduction:135,624,961853,600196272,,,,,,,,,,,
163,8,271,271,328,271,0,9,lane_first,tdw,balanced,False,reduction:4;reduction:8;reduction:17;reduction:34;reduction:68;reduction:135,624,962179,600399696,,,,,,,,,,,
163,8,272,272,328,272,0,9,lane_first,tdw,balanced,False,reduction:4;reduction:8;reduction:17;reduction:34;reduction:68;reduction:136,624,969010,604662240,,,,,,,,,,,
163,8,273,273,328,273,0,9,lane_first,tdw,balanced,False,reduction:4;reduction:9;reduction:17;reduction:34;reduction:68;reduction:136,632,969336,612620352,,,,,,,,,,,
163,8,274,274,328,274,0,9,lane_first,tdw,balanced,False,reduction:4;reduction:9;reduction:17;reduction:34;reduction:68;reduction:137,632,976004,616834528,,,,,,,,,,,
163,8,275,275,328,275,0,9,lane_first,tdw,balanced,False,reduction:4;reduction:9;reduction:17;reduction:34;reduction:69;reduction:137,632,976330,617040560,,,,,,,,,,,
163,8,276,276,328,276,0,9,lane_first,tdw,balanced,False,reduction:4;reduction:9;reduction:17;reduction:34;reduction:69;reduction:138,632,983161,621357752,,,,,,,,,,,
163,8,277,277,328,277,0,9,lane_first,tdw,balanced,False,reduction:4;reduction:9;reduction:17;reduction:35;reduction:69;reduction:138,632,983487,621563784,,,,,,,,,,,
163,8,278,278,328,278,0,9,lane_first,tdw,balanced,False,reduction:4;reduction:9;reduction:17;reduction:35;reduction:69;reduction:139,632,990155,625777960,,,,,,,,,,,
163,8,279,279,328,279,0,9,lane_first,tdw,balanced,False,reduction:4;reduction:9;reduction:17;reduction:35;reduction:70;reduction:139,632,990481,625983992,,,,,,,,,,,
163,8,280,280,328,280,0,9,lane_first,tdw,balanced,False,reduction:4;reduction:9;reduction:17;reduction:35;reduction:70;reduction:140,632,997312,630301184,,,,,,,,,,,
163,8,281,281,328,281,0,9,lane_first,tdw,balanced,False,reduction:4;reduction:9;reduction:18;reduction:35;reduction:70;reduction:140,632,997638,630507216,,,,,,,,,,,
163,8,282,282,328,282,0,9,lane_first,tdw,balanced,False,reduction:4;reduction:9;reduction:18;reduction:35;reduction:70;reduction:141,632,1004306,634721392,,,,,,,,,,,
163,8,283,283,328,283,0,9,lane_first,tdw,balanced,False,reduction:4;reduction:9;reduction:18;reduction:35;reduction:71;reduction:141,632,1004632,634927424,,,,,,,,,,,
163,8,284,284,328,284,0,9,lane_first,tdw,balanced,False,reduction:4;reduction:9;reduction:18;reduction:35;reduction:71;reduction:142,632,1011463,639244616,,,,,,,,,,,
163,8,285,285,328,285,0,9,lane_first,tdw,balanced,False,reduction:4;reduction:9;reduction:18;reduction:36;reduction:71;reduction:142,632,1011789,639450648,,,,,,,,,,,
163,8,286,286,328,286,0,9,lane_first,tdw,balanced,False,reduction:4;reduction:9;reduction:18;reduction:36;reduction:71;reduction:143,632,1018457,643664824,,,,,,,,,,,
163,8,287,287,328,287,0,9,lane_first,tdw,balanced,False,reduction:4;reduction:9;reduction:18;reduction:36;reduction:72;reduction:143,632,1018783,643870856,,,,,,,,,,,
163,8,288,288,328,288,0,9,lane_first,tdw,balanced,False,reduction:4;reduction:9;reduction:18;reduction:36;reduction:72;reduction:144,632,1025614,648188048,,,,,,,,,,,
163,8,289,289,328,289,0,9,lane_first,tdw,balanced,False,reduction:5;reduction:9;reduction:18;reduction:36;reduction:72;reduction:144,640,1025940,656601600,,,,,,,,,,,
163,8,290,290,328,290,0,9,lane_first,tdw,balanced,False,reduction:5;reduction:9;reduction:18;reduction:36;reduction:72;reduction:145,640,1032608,660869120,,,,,,,,,,,
163,8,291,291,328,291,0,9,lane_first,tdw,balanced,False,reduction:5;reduction:9;reduction:18;reduction:36;reduction:73;reduction:145,640,1032934,661077760,,,,,,,,,,,
163,8,292,292,328,292,0,9,lane_first,tdw,balanced,False,reduction:5;reduction:9;reduction:18;reduction:36;reduction:73;reduction:146,640,1039765,665449600,,,,,,,,,,,
163,8,293,293,328,293,0,9,lane_first,tdw,balanced,False,reduction:5;reduction:9;reduction:18;reduction:37;reduction:73;reduction:146,640,1040091,665658240,,,,,,,,,,,
163,8,294,294,328,294,0,9,lane_first,tdw,balanced,False,reduction:5;reduction:9;reduction:18;reduction:37;reduction:73;reduction:147,640,1046759,669925760,,,,,,,,,,,
163,8,295,295,328,295,0,9,lane_first,tdw,balanced,False,reduction:5;reduction:9;reduction:18;reduction:37;reduction:74;reduction:147,640,1047085,670134400,,,,,,,,,,,
163,8,296,296,328,296,0,9,lane_first,tdw,balanced,False,reduction:5;reduction:9;reduction:18;reduction:37;reduction:74;reduction:148,640,1053916,674506240,,,,,,,,,,,
163,8,297,297,328,297,0,9,lane_first,tdw,balanced,False,reduction:5;reduction:9;reduction:19;reduction:37;reduction:74;reduction:148,640,1054242,674714880,,,,,,,,,,,
163,8,298,298,328,298,0,9,lane_first,tdw,balanced,False,reduction:5;reduction:9;reduction:19;reduction:37;reduction:74;reduction:149,640,1060910,678982400,,,,,,,,,,,
163,8,299,299,328,299,0,9,lane_first,tdw,balanced,False,reduction:5;reduction:9;reduction:19;reduction:37;reduction:75;reduction:149,640,1061236,679191040,,,,,,,,,,,
163,8,300,300,328,300,0,9,lane_first,tdw,balanced,False,reduction:5;reduction:9;reduction:19;reduction:37;reduction:75;reduction:150,640,1068067,683562880,,,,,,,,,,,
163,8,301,301,328,301,0,9,lane_first,tdw,balanced,False,reduction:5;reduction:9;reduction:19;reduction:38;reduction:75;reduction:150,640,1068393,683771520,,,,,,,,,,,
163,8,302,302,328,302,0,9,lane_first,tdw,balanced,False,reduction:5;reduction:9;reduction:19;reduction:38;reduction:75;reduction:151,640,1075061,688039040,,,,,,,,,,,
163,8,303,303,328,303,0,9,lane_first,tdw,balanced,False,reduction:5;reduction:9;reduction:19;reduction:38;reduction:76;reduction:151,640,1075387,688247680,,,,,,,,,,,
163,8,304,304,328,304,0,9,lane_first,tdw,balanced,False,reduction:5;reduction:9;reduction:19;reduction:38;reduction:76;reduction:152,640,1082218,692619520,,,,,,,,,,,
163,8,305,305,328,305,0,9,lane_first,tdw,balanced,False,reduction:5;reduction:10;reduction:19;reduction:38;reduction:76;reduction:152,640,1082544,692828160,,,,,,,,,,,
163,8,306,306,328,306,0,9,lane_first,tdw,balanced,False,reduction:5;reduction:10;reduction:19;reduction:38;reduction:76;reduction:153,640,1089212,697095680,,,,,,,,,,,
163,8,307,307,328,307,0,9,lane_first,tdw,balanced,False,reduction:5;reduction:10;reduction:19;reduction:38;reduction:77;reduction:153,640,1089538,697304320,,,,,,,,,,,
163,8,308,308,328,308,0,9,lane_first,tdw,balanced,False,reduction:5;reduction:10;reduction:19;reduction:38;reduction:77;reduction:154,640,1096369,701676160,,,,,,,,,,,
163,8,309,309,328,309,0,9,lane_first,tdw,balanced,False,reduction:5;reduction:10;reduction:19;reduction:39;reduction:77;reduction:154,640,1096695,701884800,,,,,,,,,,,
163,8,310,310,328,310,0,9,lane_first,tdw,balanced,False,reduction:5;reduction:10;reduction:19;reduction:39;reduction:77;reduction:155,640,1103363,706152320,,,,,,,,,,,
163,8,311,311,328,311,0,9,lane_first,tdw,balanced,False,reduction:5;reduction:10;reduction:19;reduction:39;reduction:78;reduction:155,640,1103689,706360960,,,,,,,,,,,
163,8,312,312,328,312,0,9,lane_first,tdw,balanced,False,reduction:5;reduction:10;reduction:19;reduction:39;reduction:78;reduction:156,640,1110520,710732800,,,,,,,,,,,
163,8,313,313,328,313,0,9,lane_first,tdw,balanced,False,reduction:5;reduction:10;reduction:20;reduction:39;reduction:78;reduction:156,640,1110846,710941440,,,,,,,,,,,
163,8,314,314,328,314,0,9,lane_first,tdw,balanced,False,reduction:5;reduction:10;reduction:20;reduction:39;reduction:78;reduction:157,640,1117514,715208960,,,,,,,,,,,
163,8,315,315,328,315,0,9,lane_first,tdw,balanced,False,reduction:5;reduction:10;reduction:20;reduction:39;reduction:79;reduction:157,640,1117840,715417600,,,,,,,,,,,
163,8,316,316,328,316,0,9,lane_first,tdw,balanced,False,reduction:5;reduction:10;reduction:20;reduction:39;reduction:79;reduction:158,640,1124671,719789440,,,,,,,,,,,
163,8,317,317,328,317,0,9,lane_first,tdw,balanced,False,reduction:5;reduction:10;reduction:20;reduction:40;reduction:79;reduction:158,640,1124997,719998080,,,,,,,,,,,
163,8,318,318,328,318,0,9,lane_first,tdw,balanced,False,reduction:5;reduction:10;reduction:20;reduction:40;reduction:79;reduction:159,640,1131665,724265600,,,,,,,,,,,
163,8,319,319,328,319,0,9,lane_first,tdw,balanced,False,reduction:5;reduction:10;reduction:20;reduction:40;reduction:80;reduction:159,640,1131991,724474240,,,,,,,,,,,
163,8,320,320,328,320,0,9,lane_first,tdw,balanced,False,reduction:5;reduction:10;reduction:20;reduction:40;reduction:80;reduction:160,640,1138822,728846080,,,,,,,,,,,
163,8,321,321,328,321,0,9,lane_first,tdw,balanced,False,reduction:5;reduction:10;reduction:20;reduction:40;reduction:80;reduction:160,648,1139148,738167904,,,,,,,,,,,
163,8,322,322,328,322,0,9,lane_first,tdw,balanced,False,reduction:5;reduction:10;reduction:20;reduction:40;reduction:80;reduction:161,648,1145816,742488768,,,,,,,,,,,
163,8,323,323,328,323,0,9,lane_first,tdw,balanced,False,reduction:5;reduction:10;reduction:20;reduction:40;reduction:81;reduction:161,648,1146142,742700016,,,,,,,,,,,
163,8,324,324,328,324,0,9,lane_first,tdw,balanced,False,reduction:5;reduction:10;reduction:20;reduction:40;reduction:81;reduction:162,648,1152973,747126504,,,,,,,,,,,
163,8,325,325,328,325,0,9,lane_first,tdw,balanced,False,reduction:5;reduction:10;reduction:20;reduction:41;reduction:81;reduction:162,648,1153299,747337752,,,,,,,,,,,
163,8,326,326,328,326,0,9,lane_first,tdw,balanced,False,reduction:5;reduction:10;reduction:20;reduction:41;reduction:81;reduction:163,648,1159967,751658616,,,,,,,,,,,
163,8,327,327,328,327,0,9,lane_first,tdw,balanced,False,reduction:5;reduction:10;reduction:20;reduction:41;reduction:82;reduction:163,648,1160293,751869864,,,,,,,,,,,
163,8,328,328,328,328,0,9,lane_first,tdw,balanced,False,reduction:5;reduction:10;reduction:20;reduction:41;reduction:82;reduction:164,640,1167124,746959360,,,,,,,,,,,
163,9,1,1,328,37,36,0,lane_first,tdw,balanced,False,tail:1,145260,42098,6115155480,,,,,,,,,,,
163,9,2,2,328,38,18,1,lane_first,tdw,balanced,False,tail:2,71772,48277,3464936844,,,,,,,,,,,
163,9,3,3,328,39,12,2,lane_first,tdw,balanced,False,tail:3,47332,54293,2569796276,,,,,,,,,,,
163,9,4,4,328,40,9,2,lane_first,tdw,balanced,False,tail:4,35016,60472,2117487552,,,,,,,,,,,
163,9,5,5,328,40,7,3,lane_first,tdw,balanced,False,tail:5,26944,65673,1769493312,,,,,,,,,,,
163,9,6,6,328,40,6,3,lane_first,tdw,balanced,False,tail:4;tail:6,22792,67777,1544773384,,,,,,,,,,,
163,9,7,7,328,42,5,3,lane_first,tdw,balanced,False,tail:7,18708,77868,1456754544,,,,,,,,,,,
163,9,8,8,328,40,4,3,lane_first,tdw,balanced,False,reduction:4;tail:8,14808,81602,1208362416,,,,,,,,,,,
163,9,9,9,328,40,4,4,lane_first,tdw,balanced,False,reduction:4;tail:4;tail:9,14640,83543,1223069520,,,,,,,,,,,
163,9,10,10,328,40,3,4,lane_first,tdw,balanced,False,reduction:5;tail:10,11020,92167,1015680340,,,,,,,,,,,
163,9,11,11,328,44,3,4,lane_first,tdw,balanced,False,reduction:5;tail:11,10592,100628,1065851776,,,,,,,,,,,
163,9,12,12,328,40,3,4,lane_first,tdw,balanced,False,reduction:6;tail:4;tail:12,10536,99472,1048036992,,,,,,,,,,,
163,9,13,13,328,39,2,4,lane_first,tdw,balanced,False,reduction:6;tail:13,8444,107118,904504392,,,,,,,,,,,
163,9,14,14,328,42,2,4,lane_first,tdw,balanced,False,tail:14,6916,114927,794835132,,,,,,,,,,,
163,9,15,15,328,45,2,4,lane_first,tdw,balanced,False,reduction:4;tail:15,6540,122573,801627420,,,,,,,,,,,
163,9,16,16,328,48,2,4,lane_first,tdw,balanced,False,reduction:4;reduction:8;tail:16,6480,130382,844875360,,,,,,,,,,,
163,9,17,17,328,51,2,5,lane_first,tdw,balanced,False,reduction:4;reduction:8;tail:17,6508,138028,898286224,,,,,,,,,,,
163,9,18,18,328,40,2,5,lane_first,tdw,balanced,False,reduction:4;reduction:9;tail:4;tail:18,6480,131167,849962160,,,,,,,,,,,
163,9,19,19,328,38,1,5,lane_first,tdw,balanced,False,reduction:5;reduction:9;tail:19,6432,137998,887603136,,,,,,,,,,,
163,9,20,20,328,40,1,5,lane_first,tdw,balanced,False,reduction:5;reduction:10;tail:20,4388,144992,636224896,,,,,,,,,,,
163,9,21,21,328,42,1,5,lane_first,tdw,balanced,False,reduction:5;reduction:10;tail:21,3376,151823,512554448,,,,,,,,,,,
163,9,22,22,328,44,1,5,lane_first,tdw,balanced,False,reduction:5;reduction:11;tail:22,2868,158817,455487156,,,,,,,,,,,
163,9,23,23,328,46,1,5,lane_first,tdw,balanced,False,reduction:6;reduction:11;tail:23,2868,165648,475078464,,,,,,,,,,,
163,9,24,24,328,48,1,5,lane_first,tdw,balanced,False,reduction:6;reduction:12;tail:24,2616,172642,451631472,,,,,,,,,,,
163,9,25,25,328,50,1,5,lane_first,tdw,balanced,False,reduction:6;reduction:12;tail:25,2624,179473,470937152,,,,,,,,,,,
163,9,26,26,328,52,1,5,lane_first,tdw,balanced,False,reduction:6;reduction:13;tail:26,2500,186467,466167500,,,,,,,,,,,
163,9,27,27,328,54,1,5,lane_first,tdw,balanced,False,reduction:13;tail:27,2500,193298,483245000,,,,,,,,,,,
163,9,28,28,328,56,1,5,lane_first,tdw,balanced,False,tail:28,2440,200292,488712480,,,,,,,,,,,
163,9,29,29,328,58,1,5,lane_first,tdw,balanced,False,reduction:4;tail:29,2440,207123,505380120,,,,,,,,,,,
163,9,30,30,328,60,1,5,lane_first,tdw,balanced,False,reduction:4;reduction:15;tail:30,2412,214117,516450204,,,,,,,,,,,
163,9,31,31,328,62,1,5,lane_first,tdw,balanced,False,reduction:4;reduction:8;reduction:15;tail:31,2412,220948,532926576,,,,,,,,,,,
163,9,32,32,328,64,1,5,lane_first,tdw,balanced,False,reduction:4;reduction:8;reduction:16;tail:32,2412,227942,549796104,,,,,,,,,,,
163,9,33,33,328,64,1,6,lane_first,tdw,balanced,False,reduction:4;reduction:8;reduction:16;tail:31,2440,221600,540704000,,,,,,,,,,,
163,9,34,34,328,56,1,6,lane_first,tdw,balanced,False,reduction:4;reduction:8;reduction:17;tail:22,2448,162729,398360592,,,,,,,,,,,
163,9,35,35,328,48,1,6,lane_first,tdw,balanced,False,reduction:4;reduction:9;reduction:17;tail:13,2448,137865,337493520,,,,,,,,,,,
163,9,36,36,328,40,1,6,lane_first,tdw,balanced,False,reduction:4;reduction:9;reduction:18;tail:4,2432,137361,334061952,,,,,,,,,,,
163,9,37,37,328,37,0,6,lane_first,tdw,balanced,False,reduction:5;reduction:9;reduction:18,2384,134427,320473968,,,,,,,,,,,
163,9,38,38,328,38,0,6,lane_first,tdw,balanced,False,reduction:5;reduction:9;reduction:19,2384,141095,336370480,,,,,,,,,,,
163,9,39,39,328,39,0,6,lane_first,tdw,balanced,False,reduction:5;reduction:10;reduction:19,2384,141421,337147664,,,,,,,,,,,
163,9,40,40,328,40,0,6,lane_first,tdw,balanced,False,reduction:5;reduction:10;reduction:20,2384,148252,353432768,,,,,,,,,,,
163,9,41,41,328,41,0,6,lane_first,tdw,balanced,False,reduction:5;reduction:10;reduction:20,1368,148578,203254704,,,,,,,,,,,
163,9,42,42,328,42,0,6,lane_first,tdw,balanced,False,reduction:5;reduction:10;reduction:21,1368,155246,212376528,,,,,,,,,,,
163,9,43,43,328,43,0,6,lane_first,tdw,balanced,False,reduction:5;reduction:11;reduction:21,1368,155572,212822496,,,,,,,,,,,
163,9,44,44,328,44,0,6,lane_first,tdw,balanced,False,reduction:5;reduction:11;reduction:22,1368,162403,222167304,,,,,,,,,,,
163,9,45,45,328,45,0,6,lane_first,tdw,balanced,False,reduction:6;reduction:11;reduction:22,1368,162729,222613272,,,,,,,,,,,
163,9,46,46,328,46,0,6,lane_first,tdw,balanced,False,reduction:6;reduction:11;reduction:23,1368,169397,231735096,,,,,,,,,,,
163,9,47,47,328,47,0,6,lane_first,tdw,balanced,False,reduction:6;reduction:12;reduction:23,856,169723,145282888,,,,,,,,,,,
163,9,48,48,328,48,0,6,lane_first,tdw,balanced,False,reduction:6;reduction:12;reduction:24,856,176554,151130224,,,,,,,,,,,
163,9,49,49,328,49,0,6,lane_first,tdw,balanced,False,reduction:6;reduction:12;reduction:24,864,176880,152824320,,,,,,,,,,,
163,9,50,50,328,50,0,6,lane_first,tdw,balanced,False,reduction:6;reduction:12;reduction:25,864,183548,158585472,,,,,,,,,,,
163,9,51,51,328,51,0,6,lane_first,tdw,balanced,False,reduction:6;reduction:13;reduction:25,864,183874,158867136,,,,,,,,,,,
163,9,52,52,328,52,0,6,lane_first,tdw,balanced,False,reduction:6;reduction:13;reduction:26,864,190705,164769120,,,,,,,,,,,
163,9,53,53,328,53,0,6,lane_first,tdw,balanced,False,reduction:13;reduction:26,864,191031,165050784,,,,,,,,,,,
163,9,54,54,328,54,0,6,lane_first,tdw,balanced,False,reduction:13,864,197699,170811936,,,,,,,,,,,
163,9,55,55,328,55,0,6,lane_first,tdw,balanced,True,,608,198025,120399200,1122328,167316138,198025,608,264098,52298006450,120399200,53792,h_u=2n,module_barriers,balanced_clean_arithmetic_retain_copied_outputs
163,9,56,56,328,56,0,6,lane_first,tdw,balanced,False,reduction:28,608,204856,124552448,,,,,,,,,,,
163,9,57,57,328,57,0,6,lane_first,tdw,balanced,False,reduction:4;reduction:28,608,205182,124750656,,,,,,,,,,,
163,9,58,58,328,58,0,6,lane_first,tdw,balanced,False,reduction:4;reduction:29,608,211850,128804800,,,,,,,,,,,
163,9,59,59,328,59,0,6,lane_first,tdw,balanced,False,reduction:4;reduction:15;reduction:29,608,212176,129003008,,,,,,,,,,,
163,9,60,60,328,60,0,6,lane_first,tdw,balanced,False,reduction:4;reduction:15;reduction:30,608,219007,133156256,,,,,,,,,,,
163,9,61,61,328,61,0,6,lane_first,tdw,balanced,False,reduction:4;reduction:8;reduction:15;reduction:30,608,219333,133354464,,,,,,,,,,,
163,9,62,62,328,62,0,6,lane_first,tdw,balanced,False,reduction:4;reduction:8;reduction:15;reduction:31,608,226001,137408608,,,,,,,,,,,
163,9,63,63,328,63,0,6,lane_first,tdw,balanced,False,reduction:4;reduction:8;reduction:16;reduction:31,608,226327,137606816,,,,,,,,,,,
163,9,64,64,328,64,0,6,lane_first,tdw,balanced,False,reduction:4;reduction:8;reduction:16;reduction:32,608,233158,141760064,,,,,,,,,,,
163,9,65,65,328,65,0,7,lane_first,tdw,balanced,False,reduction:4;reduction:8;reduction:16;reduction:32,648,233484,151297632,,,,,,,,,,,
163,9,66,66,328,66,0,7,lane_first,tdw,balanced,False,reduction:4;reduction:8;reduction:16;reduction:33,528,240152,126800256,,,,,,,,,,,
163,9,67,67,328,67,0,7,lane_first,tdw,balanced,False,reduction:4;reduction:8;reduction:17;reduction:33,536,240478,128896208,,,,,,,,,,,
163,9,68,68,328,68,0,7,lane_first,tdw,balanced,False,reduction:4;reduction:8;reduction:17;reduction:34,536,247309,132557624,,,,,,,,,,,
163,9,69,69,328,69,0,7,lane_first,tdw,balanced,False,reduction:4;reduction:9;reduction:17;reduction:34,544,247635,134713440,,,,,,,,,,,
163,9,70,70,328,70,0,7,lane_first,tdw,balanced,False,reduction:4;reduction:9;reduction:17;reduction:35,544,254303,138340832,,,,,,,,,,,
163,9,71,71,328,71,0,7,lane_first,tdw,balanced,False,reduction:4;reduction:9;reduction:18;reduction:35,544,254629,138518176,,,,,,,,,,,
163,9,72,72,328,72,0,7,lane_first,tdw,balanced,False,reduction:4;reduction:9;reduction:18;reduction:36,544,261460,142234240,,,,,,,,,,,
163,9,73,73,328,73,0,7,lane_first,tdw,balanced,False,reduction:5;reduction:9;reduction:18;reduction:36,552,261786,144505872,,,,,,,,,,,
163,9,74,74,328,74,0,7,lane_first,tdw,balanced,False,reduction:5;reduction:9;reduction:18;reduction:37,552,268454,148186608,,,,,,,,,,,
163,9,75,75,328,75,0,7,lane_first,tdw,balanced,False,reduction:5;reduction:9;reduction:19;reduction:37,552,268780,148366560,,,,,,,,,,,
163,9,76,76,328,76,0,7,lane_first,tdw,balanced,False,reduction:5;reduction:9;reduction:19;reduction:38,552,275611,152137272,,,,,,,,,,,
163,9,77,77,328,77,0,7,lane_first,tdw,balanced,False,reduction:5;reduction:10;reduction:19;reduction:38,552,275937,152317224,,,,,,,,,,,
163,9,78,78,328,78,0,7,lane_first,tdw,balanced,False,reduction:5;reduction:10;reduction:19;reduction:39,552,282605,155997960,,,,,,,,,,,
163,9,79,79,328,79,0,7,lane_first,tdw,balanced,False,reduction:5;reduction:10;reduction:20;reduction:39,552,282931,156177912,,,,,,,,,,,
163,9,80,80,328,80,0,7,lane_first,tdw,balanced,False,reduction:5;reduction:10;reduction:20;reduction:40,552,289762,159948624,,,,,,,,,,,
163,9,81,81,328,81,0,7,lane_first,tdw,balanced,False,reduction:5;reduction:10;reduction:20;reduction:40,560,290088,162449280,,,,,,,,,,,
163,9,82,82,328,82,0,7,lane_first,tdw,balanced,False,reduction:5;reduction:10;reduction:20;reduction:41,496,296756,147190976,,,,,,,,,,,
163,9,83,83,328,83,0,7,lane_first,tdw,balanced,False,reduction:5;reduction:10;reduction:21;reduction:41,496,297082,147352672,,,,,,,,,,,
163,9,84,84,328,84,0,7,lane_first,tdw,balanced,False,reduction:5;reduction:10;reduction:21;reduction:42,496,303913,150740848,,,,,,,,,,,
163,9,85,85,328,85,0,7,lane_first,tdw,balanced,False,reduction:5;reduction:11;reduction:21;reduction:42,496,304239,150902544,,,,,,,,,,,
163,9,86,86,328,86,0,7,lane_first,tdw,balanced,False,reduction:5;reduction:11;reduction:21;reduction:43,496,310907,154209872,,,,,,,,,,,
163,9,87,87,328,87,0,7,lane_first,tdw,balanced,False,reduction:5;reduction:11;reduction:22;reduction:43,496,311233,154371568,,,,,,,,,,,
163,9,88,88,328,88,0,7,lane_first,tdw,balanced,False,reduction:5;reduction:11;reduction:22;reduction:44,496,318064,157759744,,,,,,,,,,,
163,9,89,89,328,89,0,7,lane_first,tdw,balanced,False,reduction:6;reduction:11;reduction:22;reduction:44,496,318390,157921440,,,,,,,,,,,
163,9,90,90,328,90,0,7,lane_first,tdw,balanced,False,reduction:6;reduction:11;reduction:22;reduction:45,496,325058,161228768,,,,,,,,,,,
163,9,91,91,328,91,0,7,lane_first,tdw,balanced,False,reduction:6;reduction:11;reduction:23;reduction:45,496,325384,161390464,,,,,,,,,,,
163,9,92,92,328,92,0,7,lane_first,tdw,balanced,False,reduction:6;reduction:11;reduction:23;reduction:46,496,332215,164778640,,,,,,,,,,,
163,9,93,93,328,93,0,7,lane_first,tdw,balanced,False,reduction:6;reduction:12;reduction:23;reduction:46,496,332541,164940336,,,,,,,,,,,
163,9,94,94,328,94,0,7,lane_first,tdw,balanced,False,reduction:6;reduction:12;reduction:23;reduction:47,496,339209,168247664,,,,,,,,,,,
163,9,95,95,328,95,0,7,lane_first,tdw,balanced,False,reduction:6;reduction:12;reduction:24;reduction:47,496,339535,168409360,,,,,,,,,,,
163,9,96,96,328,96,0,7,lane_first,tdw,balanced,False,reduction:6;reduction:12;reduction:24;reduction:48,496,346366,171797536,,,,,,,,,,,
163,9,97,97,328,97,0,7,lane_first,tdw,balanced,False,reduction:6;reduction:12;reduction:24;reduction:48,504,346692,174732768,,,,,,,,,,,
163,9,98,98,328,98,0,7,lane_first,tdw,balanced,False,reduction:6;reduction:12;reduction:24;reduction:49,504,353360,178093440,,,,,,,,,,,
163,9,99,99,328,99,0,7,lane_first,tdw,balanced,False,reduction:6;reduction:12;reduction:25;reduction:49,504,353686,178257744,,,,,,,,,,,
163,9,100,100,328,100,0,7,lane_first,tdw,balanced,False,reduction:6;reduction:12;reduction:25;reduction:50,504,360517,181700568,,,,,,,,,,,
163,9,101,101,328,101,0,7,lane_first,tdw,balanced,False,reduction:6;reduction:13;reduction:25;reduction:50,504,360843,181864872,,,,,,,,,,,
163,9,102,102,328,102,0,7,lane_first,tdw,balanced,False,reduction:6;reduction:13;reduction:25;reduction:51,504,367511,185225544,,,,,,,,,,,
163,9,103,103,328,103,0,7,lane_first,tdw,balanced,False,reduction:6;reduction:13;reduction:26;reduction:51,504,367837,185389848,,,,,,,,,,,
163,9,104,104,328,104,0,7,lane_first,tdw,balanced,False,reduction:6;reduction:13;reduction:26;reduction:52,504,374668,188832672,,,,,,,,,,,
163,9,105,105,328,105,0,7,lane_first,tdw,balanced,False,reduction:13;reduction:26;reduction:52,504,374994,188996976,,,,,,,,,,,
163,9,106,106,328,106,0,7,lane_first,tdw,balanced,False,reduction:13;reduction:26;reduction:53,504,381662,192357648,,,,,,,,,,,
163,9,107,107,328,107,0,7,lane_first,tdw,balanced,False,reduction:13;reduction:53,504,381988,192521952,,,,,,,,,,,
163,9,108,108,328,108,0,7,lane_first,tdw,balanced,False,reduction:13;reduction:54,504,388819,195964776,,,,,,,,,,,
163,9,109,109,328,109,0,7,lane_first,tdw,balanced,False,reduction:54,504,389145,196129080,,,,,,,,,,,
163,9,110,110,328,110,0,7,lane_first,tdw,balanced,False,reduction:55,472,395813,186823736,,,,,,,,,,,
163,9,111,111,328,111,0,7,lane_first,tdw,balanced,False,reduction:28;reduction:55,472,396139,186977608,,,,,,,,,,,
163,9,112,112,328,112,0,7,lane_first,tdw,balanced,False,reduction:28;reduction:56,472,402970,190201840,,,,,,,,,,,
163,9,113,113,328,113,0,7,lane_first,tdw,balanced,False,reduction:4;reduction:28;reduction:56,472,403296,190355712,,,,,,,,,,,
163,9,114,114,328,114,0,7,lane_first,tdw,balanced,False,reduction:4;reduction:28;reduction:57,472,409964,193503008,,,,,,,,,,,
163,9,115,115,328,115,0,7,lane_first,tdw,balanced,False,reduction:4;reduction:29;reduction:57,472,410290,193656880,,,,,,,,,,,
163,9,116,116,328,116,0,7,lane_first,tdw,balanced,False,reduction:4;reduction:29;reduction:58,472,417121,196881112,,,,,,,,,,,
163,9,117,117,328,117,0,7,lane_first,tdw,balanced,False,reduction:4;reduction:15;reduction:29;reduction:58,472,417447,197034984,,,,,,,,,,,
163,9,118,118,328,118,0,7,lane_first,tdw,balanced,False,reduction:4;reduction:15;reduction:29;reduction:59,472,424115,200182280,,,,,,,,,,,
163,9,119,119,328,119,0,7,lane_first,tdw,balanced,False,reduction:4;reduction:15;reduction:30;reduction:59,472,424441,200336152,,,,,,,,,,,
163,9,120,120,328,120,0,7,lane_first,tdw,balanced,False,reduction:4;reduction:15;reduction:30;reduction:60,472,431272,203560384,,,,,,,,,,,
163,9,121,121,328,121,0,7,lane_first,tdw,balanced,False,reduction:4;reduction:8;reduction:15;reduction:30;reduction:60,472,431598,203714256,,,,,,,,,,,
163,9,122,122,328,122,0,7,lane_first,tdw,balanced,False,reduction:4;reduction:8;reduction:15;reduction:30;reduction:61,472,438266,206861552,,,,,,,,,,,
163,9,123,123,328,123,0,7,lane_first,tdw,balanced,False,reduction:4;reduction:8;reduction:15;reduction:31;reduction:61,472,438592,207015424,,,,,,,,,,,
163,9,124,124,328,124,0,7,lane_first,tdw,balanced,False,reduction:4;reduction:8;reduction:15;reduction:31;reduction:62,472,445423,210239656,,,,,,,,,,,
163,9,125,125,328,125,0,7,lane_first,tdw,balanced,False,reduction:4;reduction:8;reduction:16;reduction:31;reduction:62,472,445749,210393528,,,,,,,,,,,
163,9,126,126,328,126,0,7,lane_first,tdw,balanced,False,reduction:4;reduction:8;reduction:16;reduction:31;reduction:63,472,452417,213540824,,,,,,,,,,,
163,9,127,127,328,127,0,7,lane_first,tdw,balanced,False,reduction:4;reduction:8;reduction:16;reduction:32;reduction:63,472,452743,213694696,,,,,,,,,,,
163,9,128,128,328,128,0,7,lane_first,tdw,balanced,False,reduction:4;reduction:8;reduction:16;reduction:32;reduction:64,472,459574,216918928,,,,,,,,,,,
163,9,129,129,328,129,0,8,lane_first,tdw,balanced,False,reduction:4;reduction:8;reduction:16;reduction:32;reduction:64,512,459900,235468800,,,,,,,,,,,
163,9,130,130,328,130,0,8,lane_first,tdw,balanced,False,reduction:4;reduction:8;reduction:16;reduction:32;reduction:65,520,466568,242615360,,,,,,,,,,,
163,9,131,131,328,131,0,8,lane_first,tdw,balanced,False,reduction:4;reduction:8;reduction:16;reduction:33;reduction:65,528,466894,246520032,,,,,,,,,,,
163,9,132,132,328,132,0,8,lane_first,tdw,balanced,False,reduction:4;reduction:8;reduction:16;reduction:33;reduction:66,528,473725,250126800,,,,,,,,,,,
163,9,133,133,328,133,0,8,lane_first,tdw,balanced,False,reduction:4;reduction:8;reduction:17;reduction:33;reduction:66,536,474051,254091336,,,,,,,,,,,
163,9,134,134,328,134,0,8,lane_first,tdw,balanced,False,reduction:4;reduction:8;reduction:17;reduction:33;reduction:67,536,480719,257665384,,,,,,,,,,,
163,9,135,135,328,135,0,8,lane_first,tdw,balanced,False,reduction:4;reduction:8;reduction:17;reduction:34;reduction:67,536,481045,257840120,,,,,,,,,,,
163,9,136,136,328,136,0,8,lane_first,tdw,balanced,False,reduction:4;reduction:8;reduction:17;reduction:34;reduction:68,536,487876,261501536,,,,,,,,,,,
163,9,137,137,328,137,0,8,lane_first,tdw,balanced,False,reduction:4;reduction:9;reduction:17;reduction:34;reduction:68,544,488202,265581888,,,,,,,,,,,
163,9,138,138,328,138,0,8,lane_first,tdw,balanced,False,reduction:4;reduction:9;reduction:17;reduction:34;reduction:69,544,494870,269209280,,,,,,,,,,,
163,9,139,139,328,139,0,8,lane_first,tdw,balanced,False,reduction:4;reduction:9;reduction:17;reduction:35;reduction:69,544,495196,269386624,,,,,,,,,,,
163,9,140,140,328,140,0,8,lane_first,tdw,balanced,False,reduction:4;reduction:9;reduction:17;reduction:35;reduction:70,544,502027,273102688,,,,,,,,,,,
163,9,141,141,328,141,0,8,lane_first,tdw,balanced,False,reduction:4;reduction:9;reduction:18;reduction:35;reduction:70,544,502353,273280032,,,,,,,,,,,
163,9,142,142,328,142,0,8,lane_first,tdw,balanced,False,reduction:4;reduction:9;reduction:18;reduction:35;reduction:71,544,509021,276907424,,,,,,,,,,,
163,9,143,143,328,143,0,8,lane_first,tdw,balanced,False,reduction:4;reduction:9;reduction:18;reduction:36;reduction:71,544,509347,277084768,,,,,,,,,,,
163,9,144,144,328,144,0,8,lane_first,tdw,balanced,False,reduction:4;reduction:9;reduction:18;reduction:36;reduction:72,544,516178,280800832,,,,,,,,,,,
163,9,145,145,328,145,0,8,lane_first,tdw,balanced,False,reduction:5;reduction:9;reduction:18;reduction:36;reduction:72,552,516504,285110208,,,,,,,,,,,
163,9,146,146,328,146,0,8,lane_first,tdw,balanced,False,reduction:5;reduction:9;reduction:18;reduction:36;reduction:73,552,523172,288790944,,,,,,,,,,,
163,9,147,147,328,147,0,8,lane_first,tdw,balanced,False,reduction:5;reduction:9;reduction:18;reduction:37;reduction:73,552,523498,288970896,,,,,,,,,,,
163,9,148,148,328,148,0,8,lane_first,tdw,balanced,False,reduction:5;reduction:9;reduction:18;reduction:37;reduction:74,552,530329,292741608,,,,,,,,,,,
163,9,149,149,328,149,0,8,lane_first,tdw,balanced,False,reduction:5;reduction:9;reduction:19;reduction:37;reduction:74,552,530655,292921560,,,,,,,,,,,
163,9,150,150,328,150,0,8,lane_first,tdw,balanced,False,reduction:5;reduction:9;reduction:19;reduction:37;reduction:75,552,537323,296602296,,,,,,,,,,,
163,9,151,151,328,151,0,8,lane_first,tdw,balanced,False,reduction:5;reduction:9;reduction:19;reduction:38;reduction:75,552,537649,296782248,,,,,,,,,,,
163,9,152,152,328,152,0,8,lane_first,tdw,balanced,False,reduction:5;reduction:9;reduction:19;reduction:38;reduction:76,552,544480,300552960,,,,,,,,,,,
163,9,153,153,328,153,0,8,lane_first,tdw,balanced,False,reduction:5;reduction:10;reduction:19;reduction:38;reduction:76,552,544806,300732912,,,,,,,,,,,
163,9,154,154,328,154,0,8,lane_first,tdw,balanced,False,reduction:5;reduction:10;reduction:19;reduction:38;reduction:77,552,551474,304413648,,,,,,,,,,,
163,9,155,155,328,155,0,8,lane_first,tdw,balanced,False,reduction:5;reduction:10;reduction:19;reduction:39;reduction:77,552,551800,304593600,,,,,,,,,,,
163,9,156,156,328,156,0,8,lane_first,tdw,balanced,False,reduction:5;reduction:10;reduction:19;reduction:39;reduction:78,552,558631,308364312,,,,,,,,,,,
163,9,157,157,328,157,0,8,lane_first,tdw,balanced,False,reduction:5;reduction:10;reduction:20;reduction:39;reduction:78,552,558957,308544264,,,,,,,,,,,
163,9,158,158,328,158,0,8,lane_first,tdw,balanced,False,reduction:5;reduction:10;reduction:20;reduction:39;reduction:79,552,565625,312225000,,,,,,,,,,,
163,9,159,159,328,159,0,8,lane_first,tdw,balanced,False,reduction:5;reduction:10;reduction:20;reduction:40;reduction:79,552,565951,312404952,,,,,,,,,,,
163,9,160,160,328,160,0,8,lane_first,tdw,balanced,False,reduction:5;reduction:10;reduction:20;reduction:40;reduction:80,552,572782,316175664,,,,,,,,,,,
163,9,161,161,328,161,0,8,lane_first,tdw,balanced,False,reduction:5;reduction:10;reduction:20;reduction:40;reduction:80,560,573108,320940480,,,,,,,,,,,
163,9,162,162,328,162,0,8,lane_first,tdw,balanced,False,reduction:5;reduction:10;reduction:20;reduction:40;reduction:81,560,579776,324674560,,,,,,,,,,,
163,9,163,163,328,163,0,8,lane_first,tdw,balanced,False,reduction:5;reduction:10;reduction:20;reduction:41;reduction:81,560,580102,324857120,,,,,,,,,,,
163,9,164,164,328,164,0,8,lane_first,tdw,balanced,False,reduction:5;reduction:10;reduction:20;reduction:41;reduction:82,544,586933,319291552,,,,,,,,,,,
163,9,165,165,328,165,0,8,lane_first,tdw,balanced,False,reduction:5;reduction:10;reduction:21;reduction:41;reduction:82,544,587259,319468896,,,,,,,,,,,
163,9,166,166,328,166,0,8,lane_first,tdw,balanced,False,reduction:5;reduction:10;reduction:21;reduction:41;reduction:83,544,593927,323096288,,,,,,,,,,,
163,9,167,167,328,167,0,8,lane_first,tdw,balanced,False,reduction:5;reduction:10;reduction:21;reduction:42;reduction:83,544,594253,323273632,,,,,,,,,,,
163,9,168,168,328,168,0,8,lane_first,tdw,balanced,False,reduction:5;reduction:10;reduction:21;reduction:42;reduction:84,544,601084,326989696,,,,,,,,,,,
163,9,169,169,328,169,0,8,lane_first,tdw,balanced,False,reduction:5;reduction:11;reduction:21;reduction:42;reduction:84,544,601410,327167040,,,,,,,,,,,
163,9,170,170,328,170,0,8,lane_first,tdw,balanced,False,reduction:5;reduction:11;reduction:21;reduction:42;reduction:85,544,608078,330794432,,,,,,,,,,,
163,9,171,171,328,171,0,8,lane_first,tdw,balanced,False,reduction:5;reduction:11;reduction:21;reduction:43;reduction:85,544,608404,330971776,,,,,,,,,,,
163,9,172,172,328,172,0,8,lane_first,tdw,balanced,False,reduction:5;reduction:11;reduction:21;reduction:43;reduction:86,544,615235,334687840,,,,,,,,,,,
163,9,173,173,328,173,0,8,lane_first,tdw,balanced,False,reduction:5;reduction:11;reduction:22;reduction:43;reduction:86,544,615561,334865184,,,,,,,,,,,
163,9,174,174,328,174,0,8,lane_first,tdw,balanced,False,reduction:5;reduction:11;reduction:22;reduction:43;reduction:87,544,622229,338492576,,,,,,,,,,,
163,9,175,175,328,175,0,8,lane_first,tdw,balanced,False,reduction:5;reduction:11;reduction:22;reduction:44;reduction:87,544,622555,338669920,,,,,,,,,,,
163,9,176,176,328,176,0,8,lane_first,tdw,balanced,False,reduction:5;reduction:11;reduction:22;reduction:44;reduction:88,544,629386,342385984,,,,,,,,,,,
163,9,177,177,328,177,0,8,lane_first,tdw,balanced,False,reduction:6;reduction:11;reduction:22;reduction:44;reduction:88,544,629712,342563328,,,,,,,,,,,
163,9,178,178,328,178,0,8,lane_first,tdw,balanced,False,reduction:6;reduction:11;reduction:22;reduction:44;reduction:89,544,636380,346190720,,,,,,,,,,,
163,9,179,179,328,179,0,8,lane_first,tdw,balanced,False,reduction:6;reduction:11;reduction:22;reduction:45;reduction:89,544,636706,346368064,,,,,,,,,,,
163,9,180,180,328,180,0,8,lane_first,tdw,balanced,False,reduction:6;reduction:11;reduction:22;reduction:45;reduction:90,544,643537,350084128,,,,,,,,,,,
163,9,181,181,328,181,0,8,lane_first,tdw,balanced,False,reduction:6;reduction:11;reduction:23;reduction:45;reduction:90,544,643863,350261472,,,,,,,,,,,
163,9,182,182,328,182,0,8,lane_first,tdw,balanced,False,reduction:6;reduction:11;reduction:23;reduction:45;reduction:91,544,650531,353888864,,,,,,,,,,,
163,9,183,183,328,183,0,8,lane_first,tdw,balanced,False,reduction:6;reduction:11;reduction:23;reduction:46;reduction:91,544,650857,354066208,,,,,,,,,,,
163,9,184,184,328,184,0,8,lane_first,tdw,balanced,False,reduction:6;reduction:11;reduction:23;reduction:46;reduction:92,544,657688,357782272,,,,,,,,,,,
163,9,185,185,328,185,0,8,lane_first,tdw,balanced,False,reduction:6;reduction:12;reduction:23;reduction:46;reduction:92,544,658014,357959616,,,,,,,,,,,
163,9,186,186,328,186,0,8,lane_first,tdw,balanced,False,reduction:6;reduction:12;reduction:23;reduction:46;reduction:93,544,664682,361587008,,,,,,,,,,,
163,9,187,187,328,187,0,8,lane_first,tdw,balanced,False,reduction:6;reduction:12;reduction:23;reduction:47;reduction:93,544,665008,361764352,,,,,,,,,,,
163,9,188,188,328,188,0,8,lane_first,tdw,balanced,False,reduction:6;reduction:12;reduction:23;reduction:47;reduction:94,544,671839,365480416,,,,,,,,,,,
163,9,189,189,328,189,0,8,lane_first,tdw,balanced,False,reduction:6;reduction:12;reduction:24;reduction:47;reduction:94,544,672165,365657760,,,,,,,,,,,
163,9,190,190,328,190,0,8,lane_first,tdw,balanced,False,reduction:6;reduction:12;reduction:24;reduction:47;reduction:95,544,678833,369285152,,,,,,,,,,,
163,9,191,191,328,191,0,8,lane_first,tdw,balanced,False,reduction:6;reduction:12;reduction:24;reduction:48;reduction:95,544,679159,369462496,,,,,,,,,,,
163,9,192,192,328,192,0,8,lane_first,tdw,balanced,False,reduction:6;reduction:12;reduction:24;reduction:48;reduction:96,544,685990,373178560,,,,,,,,,,,
163,9,193,193,328,193,0,8,lane_first,tdw,balanced,False,reduction:6;reduction:12;reduction:24;reduction:48;reduction:96,552,686316,378846432,,,,,,,,,,,
163,9,194,194,328,194,0,8,lane_first,tdw,balanced,False,reduction:6;reduction:12;reduction:24;reduction:48;reduction:97,552,692984,382527168,,,,,,,,,,,
163,9,195,195,328,195,0,8,lane_first,tdw,balanced,False,reduction:6;reduction:12;reduction:24;reduction:49;reduction:97,552,693310,382707120,,,,,,,,,,,
163,9,196,196,328,196,0,8,lane_first,tdw,balanced,False,reduction:6;reduction:12;reduction:24;reduction:49;reduction:98,552,700141,386477832,,,,,,,,,,,
163,9,197,197,328,197,0,8,lane_first,tdw,balanced,False,reduction:6;reduction:12;reduction:25;reduction:49;reduction:98,552,700467,386657784,,,,,,,,,,,
163,9,198,198,328,198,0,8,lane_first,tdw,balanced,False,reduction:6;reduction:12;reduction:25;reduction:49;reduction:99,552,707135,390338520,,,,,,,,,,,
163,9,199,199,328,199,0,8,lane_first,tdw,balanced,False,reduction:6;reduction:12;reduction:25;reduction:50;reduction:99,552,707461,390518472,,,,,,,,,,,
163,9,200,200,328,200,0,8,lane_first,tdw,balanced,False,reduction:6;reduction:12;reduction:25;reduction:50;reduction:100,552,714292,394289184,,,,,,,,,,,
163,9,201,201,328,201,0,8,lane_first,tdw,balanced,False,reduction:6;reduction:13;reduction:25;reduction:50;reduction:100,552,714618,394469136,,,,,,,,,,,
163,9,202,202,328,202,0,8,lane_first,tdw,balanced,False,reduction:6;reduction:13;reduction:25;reduction:50;reduction:101,552,721286,398149872,,,,,,,,,,,
163,9,203,203,328,203,0,8,lane_first,tdw,balanced,False,reduction:6;reduction:13;reduction:25;reduction:51;reduction:101,552,721612,398329824,,,,,,,,,,,
163,9,204,204,328,204,0,8,lane_first,tdw,balanced,False,reduction:6;reduction:13;reduction:25;reduction:51;reduction:102,552,728443,402100536,,,,,,,,,,,
163,9,205,205,328,205,0,8,lane_first,tdw,balanced,False,reduction:6;reduction:13;reduction:26;reduction:51;reduction:102,552,728769,402280488,,,,,,,,,,,
163,9,206,206,328,206,0,8,lane_first,tdw,balanced,False,reduction:6;reduction:13;reduction:26;reduction:51;reduction:103,552,735437,405961224,,,,,,,,,,,
163,9,207,207,328,207,0,8,lane_first,tdw,balanced,False,reduction:6;reduction:13;reduction:26;reduction:52;reduction:103,552,735763,406141176,,,,,,,,,,,
163,9,208,208,328,208,0,8,lane_first,tdw,balanced,False,reduction:6;reduction:13;reduction:26;reduction:52;reduction:104,552,742594,409911888,,,,,,,,,,,
163,9,209,209,328,209,0,8,lane_first,tdw,balanced,False,reduction:13;reduction:26;reduction:52;reduction:104,552,742920,410091840,,,,,,,,,,,
163,9,210,210,328,210,0,8,lane_first,tdw,balanced,False,reduction:13;reduction:26;reduction:52;reduction:105,552,749588,413772576,,,,,,,,,,,
163,9,211,211,328,211,0,8,lane_first,tdw,balanced,False,reduction:13;reduction:26;reduction:53;reduction:105,552,749914,413952528,,,,,,,,,,,
163,9,212,212,328,212,0,8,lane_first,tdw,balanced,False,reduction:13;reduction:26;reduction:53;reduction:106,552,756745,417723240,,,,,,,,,,,
163,9,213,213,328,213,0,8,lane_first,tdw,balanced,False,reduction:13;reduction:53;reduction:106,552,757071,417903192,,,,,,,,,,,
163,9,214,214,328,214,0,8,lane_first,tdw,balanced,False,reduction:13;reduction:53;reduction:107,552,763739,421583928,,,,,,,,,,,
163,9,215,215,328,215,0,8,lane_first,tdw,balanced,False,reduction:13;reduction:54;reduction:107,552,764065,421763880,,,,,,,,,,,
163,9,216,216,328,216,0,8,lane_first,tdw,balanced,False,reduction:13;reduction:54;reduction:108,552,770896,425534592,,,,,,,,,,,
163,9,217,217,328,217,0,8,lane_first,tdw,balanced,False,reduction:54;reduction:108,552,771222,425714544,,,,,,,,,,,
163,9,218,218,328,218,0,8,lane_first,tdw,balanced,False,reduction:54;reduction:109,552,777890,429395280,,,,,,,,,,,
163,9,219,219,328,219,0,8,lane_first,tdw,balanced,False,reduction:55;reduction:109,552,778216,429575232,,,,,,,,,,,
163,9,220,220,328,220,0,8,lane_first,tdw,balanced,False,reduction:55;reduction:110,552,785047,433345944,,,,,,,,,,,
163,9,221,221,328,221,0,8,lane_first,tdw,balanced,False,reduction:28;reduction:55;reduction:110,552,785373,433525896,,,,,,,,,,,
163,9,222,222,328,222,0,8,lane_first,tdw,balanced,False,reduction:28;reduction:55;reduction:111,552,792041,437206632,,,,,,,,,,,
163,9,223,223,328,223,0,8,lane_first,tdw,balanced,False,reduction:28;reduction:56;reduction:111,552,792367,437386584,,,,,,,,,,,
163,9,224,224,328,224,0,8,lane_first,tdw,balanced,False,reduction:28;reduction:56;reduction:112,552,799198,441157296,,,,,,,,,,,
163,9,225,225,328,225,0,8,lane_first,tdw,balanced,False,reduction:4;reduction:28;reduction:56;reduction:112,552,799524,441337248,,,,,,,,,,,
163,9,226,226,328,226,0,8,lane_first,tdw,balanced,False,reduction:4;reduction:28;reduction:56;reduction:113,552,806192,445017984,,,,,,,,,,,
163,9,227,227,328,227,0,8,lane_first,tdw,balanced,False,reduction:4;reduction:28;reduction:57;reduction:113,552,806518,445197936,,,,,,,,,,,
163,9,228,228,328,228,0,8,lane_first,tdw,balanced,False,reduction:4;reduction:28;reduction:57;reduction:114,552,813349,448968648,,,,,,,,,,,
163,9,229,229,328,229,0,8,lane_first,tdw,balanced,False,reduction:4;reduction:29;reduction:57;reduction:114,552,813675,449148600,,,,,,,,,,,
163,9,230,230,328,230,0,8,lane_first,tdw,balanced,False,reduction:4;reduction:29;reduction:57;reduction:115,552,820343,452829336,,,,,,,,,,,
163,9,231,231,328,231,0,8,lane_first,tdw,balanced,False,reduction:4;reduction:29;reduction:58;reduction:115,552,820669,453009288,,,,,,,,,,,
163,9,232,232,328,232,0,8,lane_first,tdw,balanced,False,reduction:4;reduction:29;reduction:58;reduction:116,552,827500,456780000,,,,,,,,,,,
163,9,233,233,328,233,0,8,lane_first,tdw,balanced,False,reduction:4;reduction:15;reduction:29;reduction:58;reduction:116,552,827826,456959952,,,,,,,,,,,
163,9,234,234,328,234,0,8,lane_first,tdw,balanced,False,reduction:4;reduction:15;reduction:29;reduction:58;reduction:117,552,834494,460640688,,,,,,,,,,,
163,9,235,235,328,235,0,8,lane_first,tdw,balanced,False,reduction:4;reduction:15;reduction:29;reduction:59;reduction:117,552,834820,460820640,,,,,,,,,,,
163,9,236,236,328,236,0,8,lane_first,tdw,balanced,False,reduction:4;reduction:15;reduction:29;reduction:59;reduction:118,552,841651,464591352,,,,,,,,,,,
163,9,237,237,328,237,0,8,lane_first,tdw,balanced,False,reduction:4;reduction:15;reduction:30;reduction:59;reduction:118,552,841977,464771304,,,,,,,,,,,
163,9,238,238,328,238,0,8,lane_first,tdw,balanced,False,reduction:4;reduction:15;reduction:30;reduction:59;reduction:119,552,848645,468452040,,,,,,,,,,,
163,9,239,239,328,239,0,8,lane_first,tdw,balanced,False,reduction:4;reduction:15;reduction:30;reduction:60;reduction:119,552,848971,468631992,,,,,,,,,,,
163,9,240,240,328,240,0,8,lane_first,tdw,balanced,False,reduction:4;reduction:15;reduction:30;reduction:60;reduction:120,552,855802,472402704,,,,,,,,,,,
163,9,241,241,328,241,0,8,lane_first,tdw,balanced,False,reduction:4;reduction:8;reduction:15;reduction:30;reduction:60;reduction:120,552,856128,472582656,,,,,,,,,,,
163,9,242,242,328,242,0,8,lane_first,tdw,balanced,False,reduction:4;reduction:8;reduction:15;reduction:30;reduction:60;reduction:121,552,862796,476263392,,,,,,,,,,,
163,9,243,243,328,243,0,8,lane_first,tdw,balanced,False,reduction:4;reduction:8;reduction:15;reduction:30;reduction:61;reduction:121,552,863122,476443344,,,,,,,,,,,
163,9,244,244,328,244,0,8,lane_first,tdw,balanced,False,reduction:4;reduction:8;reduction:15;reduction:30;reduction:61;reduction:122,552,869953,480214056,,,,,,,,,,,
163,9,245,245,328,245,0,8,lane_first,tdw,balanced,False,reduction:4;reduction:8;reduction:15;reduction:31;reduction:61;reduction:122,552,870279,480394008,,,,,,,,,,,
163,9,246,246,328,246,0,8,lane_first,tdw,balanced,False,reduction:4;reduction:8;reduction:15;reduction:31;reduction:61;reduction:123,552,876947,484074744,,,,,,,,,,,
163,9,247,247,328,247,0,8,lane_first,tdw,balanced,False,reduction:4;reduction:8;reduction:15;reduction:31;reduction:62;reduction:123,552,877273,484254696,,,,,,,,,,,
163,9,248,248,328,248,0,8,lane_first,tdw,balanced,False,reduction:4;reduction:8;reduction:15;reduction:31;reduction:62;reduction:124,552,884104,488025408,,,,,,,,,,,
163,9,249,249,328,249,0,8,lane_first,tdw,balanced,False,reduction:4;reduction:8;reduction:16;reduction:31;reduction:62;reduction:124,552,884430,488205360,,,,,,,,,,,
163,9,250,250,328,250,0,8,lane_first,tdw,balanced,False,reduction:4;reduction:8;reduction:16;reduction:31;reduction:62;reduction:125,552,891098,491886096,,,,,,,,,,,
163,9,251,251,328,251,0,8,lane_first,tdw,balanced,False,reduction:4;reduction:8;reduction:16;reduction:31;reduction:63;reduction:125,552,891424,492066048,,,,,,,,,,,
163,9,252,252,328,252,0,8,lane_first,tdw,balanced,False,reduction:4;reduction:8;reduction:16;reduction:31;reduction:63;reduction:126,552,898255,495836760,,,,,,,,,,,
163,9,253,253,328,253,0,8,lane_first,tdw,balanced,False,reduction:4;reduction:8;reduction:16;reduction:32;reduction:63;reduction:126,552,898581,496016712,,,,,,,,,,,
163,9,254,254,328,254,0,8,lane_first,tdw,balanced,False,reduction:4;reduction:8;reduction:16;reduction:32;reduction:63;reduction:127,552,905249,499697448,,,,,,,,,,,
163,9,255,255,328,255,0,8,lane_first,tdw,balanced,False,reduction:4;reduction:8;reduction:16;reduction:32;reduction:64;reduction:127,552,905575,499877400,,,,,,,,,,,
163,9,256,256,328,256,0,8,lane_first,tdw,balanced,False,reduction:4;reduction:8;reduction:16;reduction:32;reduction:64;reduction:128,552,912406,503648112,,,,,,,,,,,
163,9,257,257,328,257,0,9,lane_first,tdw,balanced,False,reduction:4;reduction:8;reduction:16;reduction:32;reduction:64;reduction:128,592,912732,540337344,,,,,,,,,,,
163,9,258,258,328,258,0,9,lane_first,tdw,balanced,False,reduction:4;reduction:8;reduction:16;reduction:32;reduction:64;reduction:129,600,919400,551640000,,,,,,,,,,,
163,9,259,259,328,259,0,9,lane_first,tdw,balanced,False,reduction:4;reduction:8;reduction:16;reduction:32;reduction:65;reduction:129,608,919726,559193408,,,,,,,,,,,
163,9,260,260,328,260,0,9,lane_first,tdw,balanced,False,reduction:4;reduction:8;reduction:16;reduction:32;reduction:65;reduction:130,608,926557,563346656,,,,,,,,,,,
163,9,261,261,328,261,0,9,lane_first,tdw,balanced,False,reduction:4;reduction:8;reduction:16;reduction:33;reduction:65;reduction:130,616,926883,570959928,,,,,,,,,,,
163,9,262,262,328,262,0,9,lane_first,tdw,balanced,False,reduction:4;reduction:8;reduction:16;reduction:33;reduction:65;reduction:131,616,933551,575067416,,,,,,,,,,,
163,9,263,263,328,263,0,9,lane_first,tdw,balanced,False,reduction:4;reduction:8;reduction:16;reduction:33;reduction:66;reduction:131,616,933877,575268232,,,,,,,,,,,
163,9,264,264,328,264,0,9,lane_first,tdw,balanced,False,reduction:4;reduction:8;reduction:16;reduction:33;reduction:66;reduction:132,616,940708,579476128,,,,,,,,,,,
163,9,265,265,328,265,0,9,lane_first,tdw,balanced,False,reduction:4;reduction:8;reduction:17;reduction:33;reduction:66;reduction:132,624,941034,587205216,,,,,,,,,,,
163,9,266,266,328,266,0,9,lane_first,tdw,balanced,False,reduction:4;reduction:8;reduction:17;reduction:33;reduction:66;reduction:133,624,947702,591366048,,,,,,,,,,,
163,9,267,267,328,267,0,9,lane_first,tdw,balanced,False,reduction:4;reduction:8;reduction:17;reduction:33;reduction:67;reduction:133,624,948028,591569472,,,,,,,,,,,
163,9,268,268,328,268,0,9,lane_first,tdw,balanced,False,reduction:4;reduction:8;reduction:17;reduction:33;reduction:67;reduction:134,624,954859,595832016,,,,,,,,,,,
163,9,269,269,328,269,0,9,lane_first,tdw,balanced,False,reduction:4;reduction:8;reduction:17;reduction:34;reduction:67;reduction:134,624,955185,596035440,,,,,,,,,,,
163,9,270,270,328,270,0,9,lane_first,tdw,balanced,False,reduction:4;reduction:8;reduction:17;reduction:34;reduction:67;reduction:135,624,961853,600196272,,,,,,,,,,,
163,9,271,271,328,271,0,9,lane_first,tdw,balanced,False,reduction:4;reduction:8;reduction:17;reduction:34;reduction:68;reduction:135,624,962179,600399696,,,,,,,,,,,
163,9,272,272,328,272,0,9,lane_first,tdw,balanced,False,reduction:4;reduction:8;reduction:17;reduction:34;reduction:68;reduction:136,624,969010,604662240,,,,,,,,,,,
163,9,273,273,328,273,0,9,lane_first,tdw,balanced,False,reduction:4;reduction:9;reduction:17;reduction:34;reduction:68;reduction:136,632,969336,612620352,,,,,,,,,,,
163,9,274,274,328,274,0,9,lane_first,tdw,balanced,False,reduction:4;reduction:9;reduction:17;reduction:34;reduction:68;reduction:137,632,976004,616834528,,,,,,,,,,,
163,9,275,275,328,275,0,9,lane_first,tdw,balanced,False,reduction:4;reduction:9;reduction:17;reduction:34;reduction:69;reduction:137,632,976330,617040560,,,,,,,,,,,
163,9,276,276,328,276,0,9,lane_first,tdw,balanced,False,reduction:4;reduction:9;reduction:17;reduction:34;reduction:69;reduction:138,632,983161,621357752,,,,,,,,,,,
163,9,277,277,328,277,0,9,lane_first,tdw,balanced,False,reduction:4;reduction:9;reduction:17;reduction:35;reduction:69;reduction:138,632,983487,621563784,,,,,,,,,,,
163,9,278,278,328,278,0,9,lane_first,tdw,balanced,False,reduction:4;reduction:9;reduction:17;reduction:35;reduction:69;reduction:139,632,990155,625777960,,,,,,,,,,,
163,9,279,279,328,279,0,9,lane_first,tdw,balanced,False,reduction:4;reduction:9;reduction:17;reduction:35;reduction:70;reduction:139,632,990481,625983992,,,,,,,,,,,
163,9,280,280,328,280,0,9,lane_first,tdw,balanced,False,reduction:4;reduction:9;reduction:17;reduction:35;reduction:70;reduction:140,632,997312,630301184,,,,,,,,,,,
163,9,281,281,328,281,0,9,lane_first,tdw,balanced,False,reduction:4;reduction:9;reduction:18;reduction:35;reduction:70;reduction:140,632,997638,630507216,,,,,,,,,,,
163,9,282,282,328,282,0,9,lane_first,tdw,balanced,False,reduction:4;reduction:9;reduction:18;reduction:35;reduction:70;reduction:141,632,1004306,634721392,,,,,,,,,,,
163,9,283,283,328,283,0,9,lane_first,tdw,balanced,False,reduction:4;reduction:9;reduction:18;reduction:35;reduction:71;reduction:141,632,1004632,634927424,,,,,,,,,,,
163,9,284,284,328,284,0,9,lane_first,tdw,balanced,False,reduction:4;reduction:9;reduction:18;reduction:35;reduction:71;reduction:142,632,1011463,639244616,,,,,,,,,,,
163,9,285,285,328,285,0,9,lane_first,tdw,balanced,False,reduction:4;reduction:9;reduction:18;reduction:36;reduction:71;reduction:142,632,1011789,639450648,,,,,,,,,,,
163,9,286,286,328,286,0,9,lane_first,tdw,balanced,False,reduction:4;reduction:9;reduction:18;reduction:36;reduction:71;reduction:143,632,1018457,643664824,,,,,,,,,,,
163,9,287,287,328,287,0,9,lane_first,tdw,balanced,False,reduction:4;reduction:9;reduction:18;reduction:36;reduction:72;reduction:143,632,1018783,643870856,,,,,,,,,,,
163,9,288,288,328,288,0,9,lane_first,tdw,balanced,False,reduction:4;reduction:9;reduction:18;reduction:36;reduction:72;reduction:144,632,1025614,648188048,,,,,,,,,,,
163,9,289,289,328,289,0,9,lane_first,tdw,balanced,False,reduction:5;reduction:9;reduction:18;reduction:36;reduction:72;reduction:144,640,1025940,656601600,,,,,,,,,,,
163,9,290,290,328,290,0,9,lane_first,tdw,balanced,False,reduction:5;reduction:9;reduction:18;reduction:36;reduction:72;reduction:145,640,1032608,660869120,,,,,,,,,,,
163,9,291,291,328,291,0,9,lane_first,tdw,balanced,False,reduction:5;reduction:9;reduction:18;reduction:36;reduction:73;reduction:145,640,1032934,661077760,,,,,,,,,,,
163,9,292,292,328,292,0,9,lane_first,tdw,balanced,False,reduction:5;reduction:9;reduction:18;reduction:36;reduction:73;reduction:146,640,1039765,665449600,,,,,,,,,,,
163,9,293,293,328,293,0,9,lane_first,tdw,balanced,False,reduction:5;reduction:9;reduction:18;reduction:37;reduction:73;reduction:146,640,1040091,665658240,,,,,,,,,,,
163,9,294,294,328,294,0,9,lane_first,tdw,balanced,False,reduction:5;reduction:9;reduction:18;reduction:37;reduction:73;reduction:147,640,1046759,669925760,,,,,,,,,,,
163,9,295,295,328,295,0,9,lane_first,tdw,balanced,False,reduction:5;reduction:9;reduction:18;reduction:37;reduction:74;reduction:147,640,1047085,670134400,,,,,,,,,,,
163,9,296,296,328,296,0,9,lane_first,tdw,balanced,False,reduction:5;reduction:9;reduction:18;reduction:37;reduction:74;reduction:148,640,1053916,674506240,,,,,,,,,,,
163,9,297,297,328,297,0,9,lane_first,tdw,balanced,False,reduction:5;reduction:9;reduction:19;reduction:37;reduction:74;reduction:148,640,1054242,674714880,,,,,,,,,,,
163,9,298,298,328,298,0,9,lane_first,tdw,balanced,False,reduction:5;reduction:9;reduction:19;reduction:37;reduction:74;reduction:149,640,1060910,678982400,,,,,,,,,,,
163,9,299,299,328,299,0,9,lane_first,tdw,balanced,False,reduction:5;reduction:9;reduction:19;reduction:37;reduction:75;reduction:149,640,1061236,679191040,,,,,,,,,,,
163,9,300,300,328,300,0,9,lane_first,tdw,balanced,False,reduction:5;reduction:9;reduction:19;reduction:37;reduction:75;reduction:150,640,1068067,683562880,,,,,,,,,,,
163,9,301,301,328,301,0,9,lane_first,tdw,balanced,False,reduction:5;reduction:9;reduction:19;reduction:38;reduction:75;reduction:150,640,1068393,683771520,,,,,,,,,,,
163,9,302,302,328,302,0,9,lane_first,tdw,balanced,False,reduction:5;reduction:9;reduction:19;reduction:38;reduction:75;reduction:151,640,1075061,688039040,,,,,,,,,,,
163,9,303,303,328,303,0,9,lane_first,tdw,balanced,False,reduction:5;reduction:9;reduction:19;reduction:38;reduction:76;reduction:151,640,1075387,688247680,,,,,,,,,,,
163,9,304,304,328,304,0,9,lane_first,tdw,balanced,False,reduction:5;reduction:9;reduction:19;reduction:38;reduction:76;reduction:152,640,1082218,692619520,,,,,,,,,,,
163,9,305,305,328,305,0,9,lane_first,tdw,balanced,False,reduction:5;reduction:10;reduction:19;reduction:38;reduction:76;reduction:152,640,1082544,692828160,,,,,,,,,,,
163,9,306,306,328,306,0,9,lane_first,tdw,balanced,False,reduction:5;reduction:10;reduction:19;reduction:38;reduction:76;reduction:153,640,1089212,697095680,,,,,,,,,,,
163,9,307,307,328,307,0,9,lane_first,tdw,balanced,False,reduction:5;reduction:10;reduction:19;reduction:38;reduction:77;reduction:153,640,1089538,697304320,,,,,,,,,,,
163,9,308,308,328,308,0,9,lane_first,tdw,balanced,False,reduction:5;reduction:10;reduction:19;reduction:38;reduction:77;reduction:154,640,1096369,701676160,,,,,,,,,,,
163,9,309,309,328,309,0,9,lane_first,tdw,balanced,False,reduction:5;reduction:10;reduction:19;reduction:39;reduction:77;reduction:154,640,1096695,701884800,,,,,,,,,,,
163,9,310,310,328,310,0,9,lane_first,tdw,balanced,False,reduction:5;reduction:10;reduction:19;reduction:39;reduction:77;reduction:155,640,1103363,706152320,,,,,,,,,,,
163,9,311,311,328,311,0,9,lane_first,tdw,balanced,False,reduction:5;reduction:10;reduction:19;reduction:39;reduction:78;reduction:155,640,1103689,706360960,,,,,,,,,,,
163,9,312,312,328,312,0,9,lane_first,tdw,balanced,False,reduction:5;reduction:10;reduction:19;reduction:39;reduction:78;reduction:156,640,1110520,710732800,,,,,,,,,,,
163,9,313,313,328,313,0,9,lane_first,tdw,balanced,False,reduction:5;reduction:10;reduction:20;reduction:39;reduction:78;reduction:156,640,1110846,710941440,,,,,,,,,,,
163,9,314,314,328,314,0,9,lane_first,tdw,balanced,False,reduction:5;reduction:10;reduction:20;reduction:39;reduction:78;reduction:157,640,1117514,715208960,,,,,,,,,,,
163,9,315,315,328,315,0,9,lane_first,tdw,balanced,False,reduction:5;reduction:10;reduction:20;reduction:39;reduction:79;reduction:157,640,1117840,715417600,,,,,,,,,,,
163,9,316,316,328,316,0,9,lane_first,tdw,balanced,False,reduction:5;reduction:10;reduction:20;reduction:39;reduction:79;reduction:158,640,1124671,719789440,,,,,,,,,,,
163,9,317,317,328,317,0,9,lane_first,tdw,balanced,False,reduction:5;reduction:10;reduction:20;reduction:40;reduction:79;reduction:158,640,1124997,719998080,,,,,,,,,,,
163,9,318,318,328,318,0,9,lane_first,tdw,balanced,False,reduction:5;reduction:10;reduction:20;reduction:40;reduction:79;reduction:159,640,1131665,724265600,,,,,,,,,,,
163,9,319,319,328,319,0,9,lane_first,tdw,balanced,False,reduction:5;reduction:10;reduction:20;reduction:40;reduction:80;reduction:159,640,1131991,724474240,,,,,,,,,,,
163,9,320,320,328,320,0,9,lane_first,tdw,balanced,False,reduction:5;reduction:10;reduction:20;reduction:40;reduction:80;reduction:160,640,1138822,728846080,,,,,,,,,,,
163,9,321,321,328,321,0,9,lane_first,tdw,balanced,False,reduction:5;reduction:10;reduction:20;reduction:40;reduction:80;reduction:160,648,1139148,738167904,,,,,,,,,,,
163,9,322,322,328,322,0,9,lane_first,tdw,balanced,False,reduction:5;reduction:10;reduction:20;reduction:40;reduction:80;reduction:161,648,1145816,742488768,,,,,,,,,,,
163,9,323,323,328,323,0,9,lane_first,tdw,balanced,False,reduction:5;reduction:10;reduction:20;reduction:40;reduction:81;reduction:161,648,1146142,742700016,,,,,,,,,,,
163,9,324,324,328,324,0,9,lane_first,tdw,balanced,False,reduction:5;reduction:10;reduction:20;reduction:40;reduction:81;reduction:162,648,1152973,747126504,,,,,,,,,,,
163,9,325,325,328,325,0,9,lane_first,tdw,balanced,False,reduction:5;reduction:10;reduction:20;reduction:41;reduction:81;reduction:162,648,1153299,747337752,,,,,,,,,,,
163,9,326,326,328,326,0,9,lane_first,tdw,balanced,False,reduction:5;reduction:10;reduction:20;reduction:41;reduction:81;reduction:163,648,1159967,751658616,,,,,,,,,,,
163,9,327,327,328,327,0,9,lane_first,tdw,balanced,False,reduction:5;reduction:10;reduction:20;reduction:41;reduction:82;reduction:163,648,1160293,751869864,,,,,,,,,,,
163,9,328,328,328,328,0,9,lane_first,tdw,balanced,False,reduction:5;reduction:10;reduction:20;reduction:41;reduction:82;reduction:164,640,1167124,746959360,,,,,,,,,,,
163,10,1,1,328,33,32,0,lane_first,tdw,balanced,False,tail:1,259712,38838,10086694656,,,,,,,,,,,
163,10,2,2,328,34,16,1,lane_first,tdw,balanced,False,tail:2,127096,45017,5721480632,,,,,,,,,,,
163,10,3,3,328,33,10,2,lane_first,tdw,balanced,False,tail:3,86128,49403,4254981584,,,,,,,,,,,
163,10,4,4,328,36,8,2,lane_first,tdw,balanced,False,tail:4,61616,57212,3525174592,,,,,,,,,,,
163,10,5,5,328,35,6,3,lane_first,tdw,balanced,False,tail:5,45776,61598,2819710048,,,,,,,,,,,
163,10,6,6,328,36,5,3,lane_first,tdw,balanced,False,tail:6,37328,67777,2529979856,,,,,,,,,,,
163,10,7,7,328,35,4,3,lane_first,tdw,balanced,False,tail:7,29892,72163,2157096396,,,,,,,,,,,
163,10,8,8,328,40,4,3,lane_first,tdw,balanced,False,reduction:4;tail:8,28908,81602,2358950616,,,,,,,,,,,
163,10,9,9,328,36,3,4,lane_first,tdw,balanced,False,reduction:4;tail:9,21752,83543,1817227336,,,,,,,,,,,
163,10,10,10,328,40,3,4,lane_first,tdw,balanced,False,reduction:5;tail:10,20816,92167,1918548272,,,,,,,,,,,
163,10,11,11,328,33,2,4,lane_first,tdw,balanced,False,reduction:5;tail:11,20712,91663,1898524056,,,,,,,,,,,
163,10,12,12,328,36,2,4,lane_first,tdw,balanced,False,reduction:6;tail:12,14576,99472,1449903872,,,,,,,,,,,
163,10,13,13,328,39,2,4,lane_first,tdw,balanced,False,reduction:6;tail:13,13056,107118,1398532608,,,,,,,,,,,
163,10,14,14,328,42,2,4,lane_first,tdw,balanced,False,tail:14,12680,114927,1457274360,,,,,,,,,,,
163,10,15,15,328,45,2,4,lane_first,tdw,balanced,False,reduction:4;tail:15,12592,122573,1543439216,,,,,,,,,,,
163,10,16,16,328,40,2,4,lane_first,tdw,balanced,False,reduction:4;reduction:8;tail:8;tail:16,12572,117342,1475223624,,,,,,,,,,,
163,10,17,17,328,34,1,5,lane_first,tdw,balanced,False,reduction:4;reduction:8;tail:17,12556,124173,1559116188,,,,,,,,,,,
163,10,18,18,328,36,1,5,lane_first,tdw,balanced,False,reduction:4;reduction:9;tail:18,8472,131167,1111246824,,,,,,,,,,,
163,10,19,19,328,38,1,5,lane_first,tdw,balanced,False,reduction:5;reduction:9;tail:19,6436,137998,888155128,,,,,,,,,,,
163,10,20,20,328,40,1,5,lane_first,tdw,balanced,False,reduction:5;reduction:10;tail:20,5416,144992,785276672,,,,,,,,,,,
163,10,21,21,328,42,1,5,lane_first,tdw,balanced,False,reduction:5;reduction:10;tail:21,4916,151823,746361868,,,,,,,,,,,
163,10,22,22,328,44,1,5,lane_first,tdw,balanced,False,reduction:5;reduction:11;tail:22,4664,158817,740722488,,,,,,,,,,,
163,10,23,23,328,46,1,5,lane_first,tdw,balanced,False,reduction:6;reduction:11;tail:23,4664,165648,772582272,,,,,,,,,,,
163,10,24,24,328,48,1,5,lane_first,tdw,balanced,False,reduction:6;reduction:12;tail:24,4540,172642,783794680,,,,,,,,,,,
163,10,25,25,328,50,1,5,lane_first,tdw,balanced,False,reduction:6;reduction:12;tail:25,4548,179473,816243204,,,,,,,,,,,
163,10,26,26,328,52,1,5,lane_first,tdw,balanced,False,reduction:6;reduction:13;tail:26,4488,186467,836863896,,,,,,,,,,,
163,10,27,27,328,54,1,5,lane_first,tdw,balanced,False,reduction:13;tail:27,4488,193298,867521424,,,,,,,,,,,
163,10,28,28,328,56,1,5,lane_first,tdw,balanced,False,tail:28,4460,200292,893302320,,,,,,,,,,,
163,10,29,29,328,58,1,5,lane_first,tdw,balanced,False,reduction:4;tail:29,4460,207123,923768580,,,,,,,,,,,
163,10,30,30,328,58,1,5,lane_first,tdw,balanced,False,reduction:4;reduction:15;tail:28,4448,200944,893798912,,,,,,,,,,,
163,10,31,31,328,49,1,5,lane_first,tdw,balanced,False,reduction:4;reduction:8;reduction:15;tail:18,4448,135405,602281440,,,,,,,,,,,
163,10,32,32,328,40,1,5,lane_first,tdw,balanced,False,reduction:4;reduction:8;reduction:16;tail:8,4432,126470,560515040,,,,,,,,,,,
163,10,33,33,328,33,0,6,lane_first,tdw,balanced,False,reduction:4;reduction:8;reduction:16,4408,120276,530176608,,,,,,,,,,,
163,10,34,34,328,34,0,6,lane_first,tdw,balanced,False,reduction:4;reduction:8;reduction:17,4416,126944,560584704,,,,,,,,,,,
163,10,35,35,328,35,0,6,lane_first,tdw,balanced,False,reduction:4;reduction:9;reduction:17,4424,127270,563042480,,,,,,,,,,,
163,10,36,36,328,36,0,6,lane_first,tdw,balanced,False,reduction:4;reduction:9;reduction:18,4424,134101,593262824,,,,,,,,,,,
163,10,37,37,328,37,0,6,lane_first,tdw,balanced,False,reduction:5;reduction:9;reduction:18,2384,134427,320473968,,,,,,,,,,,
163,10,38,38,328,38,0,6,lane_first,tdw,balanced,False,reduction:5;reduction:9;reduction:19,2384,141095,336370480,,,,,,,,,,,
163,10,39,39,328,39,0,6,lane_first,tdw,balanced,False,reduction:5;reduction:10;reduction:19,2384,141421,337147664,,,,,,,,,,,
163,10,40,40,328,40,0,6,lane_first,tdw,balanced,False,reduction:5;reduction:10;reduction:20,2384,148252,353432768,,,,,,,,,,,
163,10,41,41,328,41,0,6,lane_first,tdw,balanced,False,reduction:5;reduction:10;reduction:20,1368,148578,203254704,,,,,,,,,,,
163,10,42,42,328,42,0,6,lane_first,tdw,balanced,False,reduction:5;reduction:10;reduction:21,1368,155246,212376528,,,,,,,,,,,
163,10,43,43,328,43,0,6,lane_first,tdw,balanced,False,reduction:5;reduction:11;reduction:21,1368,155572,212822496,,,,,,,,,,,
163,10,44,44,328,44,0,6,lane_first,tdw,balanced,False,reduction:5;reduction:11;reduction:22,1368,162403,222167304,,,,,,,,,,,
163,10,45,45,328,45,0,6,lane_first,tdw,balanced,False,reduction:6;reduction:11;reduction:22,1368,162729,222613272,,,,,,,,,,,
163,10,46,46,328,46,0,6,lane_first,tdw,balanced,False,reduction:6;reduction:11;reduction:23,1368,169397,231735096,,,,,,,,,,,
163,10,47,47,328,47,0,6,lane_first,tdw,balanced,False,reduction:6;reduction:12;reduction:23,856,169723,145282888,,,,,,,,,,,
163,10,48,48,328,48,0,6,lane_first,tdw,balanced,False,reduction:6;reduction:12;reduction:24,856,176554,151130224,,,,,,,,,,,
163,10,49,49,328,49,0,6,lane_first,tdw,balanced,False,reduction:6;reduction:12;reduction:24,864,176880,152824320,,,,,,,,,,,
163,10,50,50,328,50,0,6,lane_first,tdw,balanced,False,reduction:6;reduction:12;reduction:25,864,183548,158585472,,,,,,,,,,,
163,10,51,51,328,51,0,6,lane_first,tdw,balanced,False,reduction:6;reduction:13;reduction:25,864,183874,158867136,,,,,,,,,,,
163,10,52,52,328,52,0,6,lane_first,tdw,balanced,False,reduction:6;reduction:13;reduction:26,864,190705,164769120,,,,,,,,,,,
163,10,53,53,328,53,0,6,lane_first,tdw,balanced,False,reduction:13;reduction:26,864,191031,165050784,,,,,,,,,,,
163,10,54,54,328,54,0,6,lane_first,tdw,balanced,False,reduction:13,864,197699,170811936,,,,,,,,,,,
163,10,55,55,328,55,0,6,lane_first,tdw,balanced,True,,608,198025,120399200,1122328,167316138,198025,608,264098,52298006450,120399200,53792,h_u=2n,module_barriers,balanced_clean_arithmetic_retain_copied_outputs
163,10,56,56,328,56,0,6,lane_first,tdw,balanced,False,reduction:28,608,204856,124552448,,,,,,,,,,,
163,10,57,57,328,57,0,6,lane_first,tdw,balanced,False,reduction:4;reduction:28,608,205182,124750656,,,,,,,,,,,
163,10,58,58,328,58,0,6,lane_first,tdw,balanced,False,reduction:4;reduction:29,608,211850,128804800,,,,,,,,,,,
163,10,59,59,328,59,0,6,lane_first,tdw,balanced,False,reduction:4;reduction:15;reduction:29,608,212176,129003008,,,,,,,,,,,
163,10,60,60,328,60,0,6,lane_first,tdw,balanced,False,reduction:4;reduction:15;reduction:30,608,219007,133156256,,,,,,,,,,,
163,10,61,61,328,61,0,6,lane_first,tdw,balanced,False,reduction:4;reduction:8;reduction:15;reduction:30,608,219333,133354464,,,,,,,,,,,
163,10,62,62,328,62,0,6,lane_first,tdw,balanced,False,reduction:4;reduction:8;reduction:15;reduction:31,608,226001,137408608,,,,,,,,,,,
163,10,63,63,328,63,0,6,lane_first,tdw,balanced,False,reduction:4;reduction:8;reduction:16;reduction:31,608,226327,137606816,,,,,,,,,,,
163,10,64,64,328,64,0,6,lane_first,tdw,balanced,False,reduction:4;reduction:8;reduction:16;reduction:32,608,233158,141760064,,,,,,,,,,,
163,10,65,65,328,65,0,7,lane_first,tdw,balanced,False,reduction:4;reduction:8;reduction:16;reduction:32,648,233484,151297632,,,,,,,,,,,
163,10,66,66,328,66,0,7,lane_first,tdw,balanced,False,reduction:4;reduction:8;reduction:16;reduction:33,528,240152,126800256,,,,,,,,,,,
163,10,67,67,328,67,0,7,lane_first,tdw,balanced,False,reduction:4;reduction:8;reduction:17;reduction:33,536,240478,128896208,,,,,,,,,,,
163,10,68,68,328,68,0,7,lane_first,tdw,balanced,False,reduction:4;reduction:8;reduction:17;reduction:34,536,247309,132557624,,,,,,,,,,,
163,10,69,69,328,69,0,7,lane_first,tdw,balanced,False,reduction:4;reduction:9;reduction:17;reduction:34,544,247635,134713440,,,,,,,,,,,
163,10,70,70,328,70,0,7,lane_first,tdw,balanced,False,reduction:4;reduction:9;reduction:17;reduction:35,544,254303,138340832,,,,,,,,,,,
163,10,71,71,328,71,0,7,lane_first,tdw,balanced,False,reduction:4;reduction:9;reduction:18;reduction:35,544,254629,138518176,,,,,,,,,,,
163,10,72,72,328,72,0,7,lane_first,tdw,balanced,False,reduction:4;reduction:9;reduction:18;reduction:36,544,261460,142234240,,,,,,,,,,,
163,10,73,73,328,73,0,7,lane_first,tdw,balanced,False,reduction:5;reduction:9;reduction:18;reduction:36,552,261786,144505872,,,,,,,,,,,
163,10,74,74,328,74,0,7,lane_first,tdw,balanced,False,reduction:5;reduction:9;reduction:18;reduction:37,552,268454,148186608,,,,,,,,,,,
163,10,75,75,328,75,0,7,lane_first,tdw,balanced,False,reduction:5;reduction:9;reduction:19;reduction:37,552,268780,148366560,,,,,,,,,,,
163,10,76,76,328,76,0,7,lane_first,tdw,balanced,False,reduction:5;reduction:9;reduction:19;reduction:38,552,275611,152137272,,,,,,,,,,,
163,10,77,77,328,77,0,7,lane_first,tdw,balanced,False,reduction:5;reduction:10;reduction:19;reduction:38,552,275937,152317224,,,,,,,,,,,
163,10,78,78,328,78,0,7,lane_first,tdw,balanced,False,reduction:5;reduction:10;reduction:19;reduction:39,552,282605,155997960,,,,,,,,,,,
163,10,79,79,328,79,0,7,lane_first,tdw,balanced,False,reduction:5;reduction:10;reduction:20;reduction:39,552,282931,156177912,,,,,,,,,,,
163,10,80,80,328,80,0,7,lane_first,tdw,balanced,False,reduction:5;reduction:10;reduction:20;reduction:40,552,289762,159948624,,,,,,,,,,,
163,10,81,81,328,81,0,7,lane_first,tdw,balanced,False,reduction:5;reduction:10;reduction:20;reduction:40,560,290088,162449280,,,,,,,,,,,
163,10,82,82,328,82,0,7,lane_first,tdw,balanced,False,reduction:5;reduction:10;reduction:20;reduction:41,496,296756,147190976,,,,,,,,,,,
163,10,83,83,328,83,0,7,lane_first,tdw,balanced,False,reduction:5;reduction:10;reduction:21;reduction:41,496,297082,147352672,,,,,,,,,,,
163,10,84,84,328,84,0,7,lane_first,tdw,balanced,False,reduction:5;reduction:10;reduction:21;reduction:42,496,303913,150740848,,,,,,,,,,,
163,10,85,85,328,85,0,7,lane_first,tdw,balanced,False,reduction:5;reduction:11;reduction:21;reduction:42,496,304239,150902544,,,,,,,,,,,
163,10,86,86,328,86,0,7,lane_first,tdw,balanced,False,reduction:5;reduction:11;reduction:21;reduction:43,496,310907,154209872,,,,,,,,,,,
163,10,87,87,328,87,0,7,lane_first,tdw,balanced,False,reduction:5;reduction:11;reduction:22;reduction:43,496,311233,154371568,,,,,,,,,,,
163,10,88,88,328,88,0,7,lane_first,tdw,balanced,False,reduction:5;reduction:11;reduction:22;reduction:44,496,318064,157759744,,,,,,,,,,,
163,10,89,89,328,89,0,7,lane_first,tdw,balanced,False,reduction:6;reduction:11;reduction:22;reduction:44,496,318390,157921440,,,,,,,,,,,
163,10,90,90,328,90,0,7,lane_first,tdw,balanced,False,reduction:6;reduction:11;reduction:22;reduction:45,496,325058,161228768,,,,,,,,,,,
163,10,91,91,328,91,0,7,lane_first,tdw,balanced,False,reduction:6;reduction:11;reduction:23;reduction:45,496,325384,161390464,,,,,,,,,,,
163,10,92,92,328,92,0,7,lane_first,tdw,balanced,False,reduction:6;reduction:11;reduction:23;reduction:46,496,332215,164778640,,,,,,,,,,,
163,10,93,93,328,93,0,7,lane_first,tdw,balanced,False,reduction:6;reduction:12;reduction:23;reduction:46,496,332541,164940336,,,,,,,,,,,
163,10,94,94,328,94,0,7,lane_first,tdw,balanced,False,reduction:6;reduction:12;reduction:23;reduction:47,496,339209,168247664,,,,,,,,,,,
163,10,95,95,328,95,0,7,lane_first,tdw,balanced,False,reduction:6;reduction:12;reduction:24;reduction:47,496,339535,168409360,,,,,,,,,,,
163,10,96,96,328,96,0,7,lane_first,tdw,balanced,False,reduction:6;reduction:12;reduction:24;reduction:48,496,346366,171797536,,,,,,,,,,,
163,10,97,97,328,97,0,7,lane_first,tdw,balanced,False,reduction:6;reduction:12;reduction:24;reduction:48,504,346692,174732768,,,,,,,,,,,
163,10,98,98,328,98,0,7,lane_first,tdw,balanced,False,reduction:6;reduction:12;reduction:24;reduction:49,504,353360,178093440,,,,,,,,,,,
163,10,99,99,328,99,0,7,lane_first,tdw,balanced,False,reduction:6;reduction:12;reduction:25;reduction:49,504,353686,178257744,,,,,,,,,,,
163,10,100,100,328,100,0,7,lane_first,tdw,balanced,False,reduction:6;reduction:12;reduction:25;reduction:50,504,360517,181700568,,,,,,,,,,,
163,10,101,101,328,101,0,7,lane_first,tdw,balanced,False,reduction:6;reduction:13;reduction:25;reduction:50,504,360843,181864872,,,,,,,,,,,
163,10,102,102,328,102,0,7,lane_first,tdw,balanced,False,reduction:6;reduction:13;reduction:25;reduction:51,504,367511,185225544,,,,,,,,,,,
163,10,103,103,328,103,0,7,lane_first,tdw,balanced,False,reduction:6;reduction:13;reduction:26;reduction:51,504,367837,185389848,,,,,,,,,,,
163,10,104,104,328,104,0,7,lane_first,tdw,balanced,False,reduction:6;reduction:13;reduction:26;reduction:52,504,374668,188832672,,,,,,,,,,,
163,10,105,105,328,105,0,7,lane_first,tdw,balanced,False,reduction:13;reduction:26;reduction:52,504,374994,188996976,,,,,,,,,,,
163,10,106,106,328,106,0,7,lane_first,tdw,balanced,False,reduction:13;reduction:26;reduction:53,504,381662,192357648,,,,,,,,,,,
163,10,107,107,328,107,0,7,lane_first,tdw,balanced,False,reduction:13;reduction:53,504,381988,192521952,,,,,,,,,,,
163,10,108,108,328,108,0,7,lane_first,tdw,balanced,False,reduction:13;reduction:54,504,388819,195964776,,,,,,,,,,,
163,10,109,109,328,109,0,7,lane_first,tdw,balanced,False,reduction:54,504,389145,196129080,,,,,,,,,,,
163,10,110,110,328,110,0,7,lane_first,tdw,balanced,False,reduction:55,472,395813,186823736,,,,,,,,,,,
163,10,111,111,328,111,0,7,lane_first,tdw,balanced,False,reduction:28;reduction:55,472,396139,186977608,,,,,,,,,,,
163,10,112,112,328,112,0,7,lane_first,tdw,balanced,False,reduction:28;reduction:56,472,402970,190201840,,,,,,,,,,,
163,10,113,113,328,113,0,7,lane_first,tdw,balanced,False,reduction:4;reduction:28;reduction:56,472,403296,190355712,,,,,,,,,,,
163,10,114,114,328,114,0,7,lane_first,tdw,balanced,False,reduction:4;reduction:28;reduction:57,472,409964,193503008,,,,,,,,,,,
163,10,115,115,328,115,0,7,lane_first,tdw,balanced,False,reduction:4;reduction:29;reduction:57,472,410290,193656880,,,,,,,,,,,
163,10,116,116,328,116,0,7,lane_first,tdw,balanced,False,reduction:4;reduction:29;reduction:58,472,417121,196881112,,,,,,,,,,,
163,10,117,117,328,117,0,7,lane_first,tdw,balanced,False,reduction:4;reduction:15;reduction:29;reduction:58,472,417447,197034984,,,,,,,,,,,
163,10,118,118,328,118,0,7,lane_first,tdw,balanced,False,reduction:4;reduction:15;reduction:29;reduction:59,472,424115,200182280,,,,,,,,,,,
163,10,119,119,328,119,0,7,lane_first,tdw,balanced,False,reduction:4;reduction:15;reduction:30;reduction:59,472,424441,200336152,,,,,,,,,,,
163,10,120,120,328,120,0,7,lane_first,tdw,balanced,False,reduction:4;reduction:15;reduction:30;reduction:60,472,431272,203560384,,,,,,,,,,,
163,10,121,121,328,121,0,7,lane_first,tdw,balanced,False,reduction:4;reduction:8;reduction:15;reduction:30;reduction:60,472,431598,203714256,,,,,,,,,,,
163,10,122,122,328,122,0,7,lane_first,tdw,balanced,False,reduction:4;reduction:8;reduction:15;reduction:30;reduction:61,472,438266,206861552,,,,,,,,,,,
163,10,123,123,328,123,0,7,lane_first,tdw,balanced,False,reduction:4;reduction:8;reduction:15;reduction:31;reduction:61,472,438592,207015424,,,,,,,,,,,
163,10,124,124,328,124,0,7,lane_first,tdw,balanced,False,reduction:4;reduction:8;reduction:15;reduction:31;reduction:62,472,445423,210239656,,,,,,,,,,,
163,10,125,125,328,125,0,7,lane_first,tdw,balanced,False,reduction:4;reduction:8;reduction:16;reduction:31;reduction:62,472,445749,210393528,,,,,,,,,,,
163,10,126,126,328,126,0,7,lane_first,tdw,balanced,False,reduction:4;reduction:8;reduction:16;reduction:31;reduction:63,472,452417,213540824,,,,,,,,,,,
163,10,127,127,328,127,0,7,lane_first,tdw,balanced,False,reduction:4;reduction:8;reduction:16;reduction:32;reduction:63,472,452743,213694696,,,,,,,,,,,
163,10,128,128,328,128,0,7,lane_first,tdw,balanced,False,reduction:4;reduction:8;reduction:16;reduction:32;reduction:64,472,459574,216918928,,,,,,,,,,,
163,10,129,129,328,129,0,8,lane_first,tdw,balanced,False,reduction:4;reduction:8;reduction:16;reduction:32;reduction:64,512,459900,235468800,,,,,,,,,,,
163,10,130,130,328,130,0,8,lane_first,tdw,balanced,False,reduction:4;reduction:8;reduction:16;reduction:32;reduction:65,520,466568,242615360,,,,,,,,,,,
163,10,131,131,328,131,0,8,lane_first,tdw,balanced,False,reduction:4;reduction:8;reduction:16;reduction:33;reduction:65,528,466894,246520032,,,,,,,,,,,
163,10,132,132,328,132,0,8,lane_first,tdw,balanced,False,reduction:4;reduction:8;reduction:16;reduction:33;reduction:66,528,473725,250126800,,,,,,,,,,,
163,10,133,133,328,133,0,8,lane_first,tdw,balanced,False,reduction:4;reduction:8;reduction:17;reduction:33;reduction:66,536,474051,254091336,,,,,,,,,,,
163,10,134,134,328,134,0,8,lane_first,tdw,balanced,False,reduction:4;reduction:8;reduction:17;reduction:33;reduction:67,536,480719,257665384,,,,,,,,,,,
163,10,135,135,328,135,0,8,lane_first,tdw,balanced,False,reduction:4;reduction:8;reduction:17;reduction:34;reduction:67,536,481045,257840120,,,,,,,,,,,
163,10,136,136,328,136,0,8,lane_first,tdw,balanced,False,reduction:4;reduction:8;reduction:17;reduction:34;reduction:68,536,487876,261501536,,,,,,,,,,,
163,10,137,137,328,137,0,8,lane_first,tdw,balanced,False,reduction:4;reduction:9;reduction:17;reduction:34;reduction:68,544,488202,265581888,,,,,,,,,,,
163,10,138,138,328,138,0,8,lane_first,tdw,balanced,False,reduction:4;reduction:9;reduction:17;reduction:34;reduction:69,544,494870,269209280,,,,,,,,,,,
163,10,139,139,328,139,0,8,lane_first,tdw,balanced,False,reduction:4;reduction:9;reduction:17;reduction:35;reduction:69,544,495196,269386624,,,,,,,,,,,
163,10,140,140,328,140,0,8,lane_first,tdw,balanced,False,reduction:4;reduction:9;reduction:17;reduction:35;reduction:70,544,502027,273102688,,,,,,,,,,,
163,10,141,141,328,141,0,8,lane_first,tdw,balanced,False,reduction:4;reduction:9;reduction:18;reduction:35;reduction:70,544,502353,273280032,,,,,,,,,,,
163,10,142,142,328,142,0,8,lane_first,tdw,balanced,False,reduction:4;reduction:9;reduction:18;reduction:35;reduction:71,544,509021,276907424,,,,,,,,,,,
163,10,143,143,328,143,0,8,lane_first,tdw,balanced,False,reduction:4;reduction:9;reduction:18;reduction:36;reduction:71,544,509347,277084768,,,,,,,,,,,
163,10,144,144,328,144,0,8,lane_first,tdw,balanced,False,reduction:4;reduction:9;reduction:18;reduction:36;reduction:72,544,516178,280800832,,,,,,,,,,,
163,10,145,145,328,145,0,8,lane_first,tdw,balanced,False,reduction:5;reduction:9;reduction:18;reduction:36;reduction:72,552,516504,285110208,,,,,,,,,,,
163,10,146,146,328,146,0,8,lane_first,tdw,balanced,False,reduction:5;reduction:9;reduction:18;reduction:36;reduction:73,552,523172,288790944,,,,,,,,,,,
163,10,147,147,328,147,0,8,lane_first,tdw,balanced,False,reduction:5;reduction:9;reduction:18;reduction:37;reduction:73,552,523498,288970896,,,,,,,,,,,
163,10,148,148,328,148,0,8,lane_first,tdw,balanced,False,reduction:5;reduction:9;reduction:18;reduction:37;reduction:74,552,530329,292741608,,,,,,,,,,,
163,10,149,149,328,149,0,8,lane_first,tdw,balanced,False,reduction:5;reduction:9;reduction:19;reduction:37;reduction:74,552,530655,292921560,,,,,,,,,,,
163,10,150,150,328,150,0,8,lane_first,tdw,balanced,False,reduction:5;reduction:9;reduction:19;reduction:37;reduction:75,552,537323,296602296,,,,,,,,,,,
163,10,151,151,328,151,0,8,lane_first,tdw,balanced,False,reduction:5;reduction:9;reduction:19;reduction:38;reduction:75,552,537649,296782248,,,,,,,,,,,
163,10,152,152,328,152,0,8,lane_first,tdw,balanced,False,reduction:5;reduction:9;reduction:19;reduction:38;reduction:76,552,544480,300552960,,,,,,,,,,,
163,10,153,153,328,153,0,8,lane_first,tdw,balanced,False,reduction:5;reduction:10;reduction:19;reduction:38;reduction:76,552,544806,300732912,,,,,,,,,,,
163,10,154,154,328,154,0,8,lane_first,tdw,balanced,False,reduction:5;reduction:10;reduction:19;reduction:38;reduction:77,552,551474,304413648,,,,,,,,,,,
163,10,155,155,328,155,0,8,lane_first,tdw,balanced,False,reduction:5;reduction:10;reduction:19;reduction:39;reduction:77,552,551800,304593600,,,,,,,,,,,
163,10,156,156,328,156,0,8,lane_first,tdw,balanced,False,reduction:5;reduction:10;reduction:19;reduction:39;reduction:78,552,558631,308364312,,,,,,,,,,,
163,10,157,157,328,157,0,8,lane_first,tdw,balanced,False,reduction:5;reduction:10;reduction:20;reduction:39;reduction:78,552,558957,308544264,,,,,,,,,,,
163,10,158,158,328,158,0,8,lane_first,tdw,balanced,False,reduction:5;reduction:10;reduction:20;reduction:39;reduction:79,552,565625,312225000,,,,,,,,,,,
163,10,159,159,328,159,0,8,lane_first,tdw,balanced,False,reduction:5;reduction:10;reduction:20;reduction:40;reduction:79,552,565951,312404952,,,,,,,,,,,
163,10,160,160,328,160,0,8,lane_first,tdw,balanced,False,reduction:5;reduction:10;reduction:20;reduction:40;reduction:80,552,572782,316175664,,,,,,,,,,,
163,10,161,161,328,161,0,8,lane_first,tdw,balanced,False,reduction:5;reduction:10;reduction:20;reduction:40;reduction:80,560,573108,320940480,,,,,,,,,,,
163,10,162,162,328,162,0,8,lane_first,tdw,balanced,False,reduction:5;reduction:10;reduction:20;reduction:40;reduction:81,560,579776,324674560,,,,,,,,,,,
163,10,163,163,328,163,0,8,lane_first,tdw,balanced,False,reduction:5;reduction:10;reduction:20;reduction:41;reduction:81,560,580102,324857120,,,,,,,,,,,
163,10,164,164,328,164,0,8,lane_first,tdw,balanced,False,reduction:5;reduction:10;reduction:20;reduction:41;reduction:82,544,586933,319291552,,,,,,,,,,,
163,10,165,165,328,165,0,8,lane_first,tdw,balanced,False,reduction:5;reduction:10;reduction:21;reduction:41;reduction:82,544,587259,319468896,,,,,,,,,,,
163,10,166,166,328,166,0,8,lane_first,tdw,balanced,False,reduction:5;reduction:10;reduction:21;reduction:41;reduction:83,544,593927,323096288,,,,,,,,,,,
163,10,167,167,328,167,0,8,lane_first,tdw,balanced,False,reduction:5;reduction:10;reduction:21;reduction:42;reduction:83,544,594253,323273632,,,,,,,,,,,
163,10,168,168,328,168,0,8,lane_first,tdw,balanced,False,reduction:5;reduction:10;reduction:21;reduction:42;reduction:84,544,601084,326989696,,,,,,,,,,,
163,10,169,169,328,169,0,8,lane_first,tdw,balanced,False,reduction:5;reduction:11;reduction:21;reduction:42;reduction:84,544,601410,327167040,,,,,,,,,,,
163,10,170,170,328,170,0,8,lane_first,tdw,balanced,False,reduction:5;reduction:11;reduction:21;reduction:42;reduction:85,544,608078,330794432,,,,,,,,,,,
163,10,171,171,328,171,0,8,lane_first,tdw,balanced,False,reduction:5;reduction:11;reduction:21;reduction:43;reduction:85,544,608404,330971776,,,,,,,,,,,
163,10,172,172,328,172,0,8,lane_first,tdw,balanced,False,reduction:5;reduction:11;reduction:21;reduction:43;reduction:86,544,615235,334687840,,,,,,,,,,,
163,10,173,173,328,173,0,8,lane_first,tdw,balanced,False,reduction:5;reduction:11;reduction:22;reduction:43;reduction:86,544,615561,334865184,,,,,,,,,,,
163,10,174,174,328,174,0,8,lane_first,tdw,balanced,False,reduction:5;reduction:11;reduction:22;reduction:43;reduction:87,544,622229,338492576,,,,,,,,,,,
163,10,175,175,328,175,0,8,lane_first,tdw,balanced,False,reduction:5;reduction:11;reduction:22;reduction:44;reduction:87,544,622555,338669920,,,,,,,,,,,
163,10,176,176,328,176,0,8,lane_first,tdw,balanced,False,reduction:5;reduction:11;reduction:22;reduction:44;reduction:88,544,629386,342385984,,,,,,,,,,,
163,10,177,177,328,177,0,8,lane_first,tdw,balanced,False,reduction:6;reduction:11;reduction:22;reduction:44;reduction:88,544,629712,342563328,,,,,,,,,,,
163,10,178,178,328,178,0,8,lane_first,tdw,balanced,False,reduction:6;reduction:11;reduction:22;reduction:44;reduction:89,544,636380,346190720,,,,,,,,,,,
163,10,179,179,328,179,0,8,lane_first,tdw,balanced,False,reduction:6;reduction:11;reduction:22;reduction:45;reduction:89,544,636706,346368064,,,,,,,,,,,
163,10,180,180,328,180,0,8,lane_first,tdw,balanced,False,reduction:6;reduction:11;reduction:22;reduction:45;reduction:90,544,643537,350084128,,,,,,,,,,,
163,10,181,181,328,181,0,8,lane_first,tdw,balanced,False,reduction:6;reduction:11;reduction:23;reduction:45;reduction:90,544,643863,350261472,,,,,,,,,,,
163,10,182,182,328,182,0,8,lane_first,tdw,balanced,False,reduction:6;reduction:11;reduction:23;reduction:45;reduction:91,544,650531,353888864,,,,,,,,,,,
163,10,183,183,328,183,0,8,lane_first,tdw,balanced,False,reduction:6;reduction:11;reduction:23;reduction:46;reduction:91,544,650857,354066208,,,,,,,,,,,
163,10,184,184,328,184,0,8,lane_first,tdw,balanced,False,reduction:6;reduction:11;reduction:23;reduction:46;reduction:92,544,657688,357782272,,,,,,,,,,,
163,10,185,185,328,185,0,8,lane_first,tdw,balanced,False,reduction:6;reduction:12;reduction:23;reduction:46;reduction:92,544,658014,357959616,,,,,,,,,,,
163,10,186,186,328,186,0,8,lane_first,tdw,balanced,False,reduction:6;reduction:12;reduction:23;reduction:46;reduction:93,544,664682,361587008,,,,,,,,,,,
163,10,187,187,328,187,0,8,lane_first,tdw,balanced,False,reduction:6;reduction:12;reduction:23;reduction:47;reduction:93,544,665008,361764352,,,,,,,,,,,
163,10,188,188,328,188,0,8,lane_first,tdw,balanced,False,reduction:6;reduction:12;reduction:23;reduction:47;reduction:94,544,671839,365480416,,,,,,,,,,,
163,10,189,189,328,189,0,8,lane_first,tdw,balanced,False,reduction:6;reduction:12;reduction:24;reduction:47;reduction:94,544,672165,365657760,,,,,,,,,,,
163,10,190,190,328,190,0,8,lane_first,tdw,balanced,False,reduction:6;reduction:12;reduction:24;reduction:47;reduction:95,544,678833,369285152,,,,,,,,,,,
163,10,191,191,328,191,0,8,lane_first,tdw,balanced,False,reduction:6;reduction:12;reduction:24;reduction:48;reduction:95,544,679159,369462496,,,,,,,,,,,
163,10,192,192,328,192,0,8,lane_first,tdw,balanced,False,reduction:6;reduction:12;reduction:24;reduction:48;reduction:96,544,685990,373178560,,,,,,,,,,,
163,10,193,193,328,193,0,8,lane_first,tdw,balanced,False,reduction:6;reduction:12;reduction:24;reduction:48;reduction:96,552,686316,378846432,,,,,,,,,,,
163,10,194,194,328,194,0,8,lane_first,tdw,balanced,False,reduction:6;reduction:12;reduction:24;reduction:48;reduction:97,552,692984,382527168,,,,,,,,,,,
163,10,195,195,328,195,0,8,lane_first,tdw,balanced,False,reduction:6;reduction:12;reduction:24;reduction:49;reduction:97,552,693310,382707120,,,,,,,,,,,
163,10,196,196,328,196,0,8,lane_first,tdw,balanced,False,reduction:6;reduction:12;reduction:24;reduction:49;reduction:98,552,700141,386477832,,,,,,,,,,,
163,10,197,197,328,197,0,8,lane_first,tdw,balanced,False,reduction:6;reduction:12;reduction:25;reduction:49;reduction:98,552,700467,386657784,,,,,,,,,,,
163,10,198,198,328,198,0,8,lane_first,tdw,balanced,False,reduction:6;reduction:12;reduction:25;reduction:49;reduction:99,552,707135,390338520,,,,,,,,,,,
163,10,199,199,328,199,0,8,lane_first,tdw,balanced,False,reduction:6;reduction:12;reduction:25;reduction:50;reduction:99,552,707461,390518472,,,,,,,,,,,
163,10,200,200,328,200,0,8,lane_first,tdw,balanced,False,reduction:6;reduction:12;reduction:25;reduction:50;reduction:100,552,714292,394289184,,,,,,,,,,,
163,10,201,201,328,201,0,8,lane_first,tdw,balanced,False,reduction:6;reduction:13;reduction:25;reduction:50;reduction:100,552,714618,394469136,,,,,,,,,,,
163,10,202,202,328,202,0,8,lane_first,tdw,balanced,False,reduction:6;reduction:13;reduction:25;reduction:50;reduction:101,552,721286,398149872,,,,,,,,,,,
163,10,203,203,328,203,0,8,lane_first,tdw,balanced,False,reduction:6;reduction:13;reduction:25;reduction:51;reduction:101,552,721612,398329824,,,,,,,,,,,
163,10,204,204,328,204,0,8,lane_first,tdw,balanced,False,reduction:6;reduction:13;reduction:25;reduction:51;reduction:102,552,728443,402100536,,,,,,,,,,,
163,10,205,205,328,205,0,8,lane_first,tdw,balanced,False,reduction:6;reduction:13;reduction:26;reduction:51;reduction:102,552,728769,402280488,,,,,,,,,,,
163,10,206,206,328,206,0,8,lane_first,tdw,balanced,False,reduction:6;reduction:13;reduction:26;reduction:51;reduction:103,552,735437,405961224,,,,,,,,,,,
163,10,207,207,328,207,0,8,lane_first,tdw,balanced,False,reduction:6;reduction:13;reduction:26;reduction:52;reduction:103,552,735763,406141176,,,,,,,,,,,
163,10,208,208,328,208,0,8,lane_first,tdw,balanced,False,reduction:6;reduction:13;reduction:26;reduction:52;reduction:104,552,742594,409911888,,,,,,,,,,,
163,10,209,209,328,209,0,8,lane_first,tdw,balanced,False,reduction:13;reduction:26;reduction:52;reduction:104,552,742920,410091840,,,,,,,,,,,
163,10,210,210,328,210,0,8,lane_first,tdw,balanced,False,reduction:13;reduction:26;reduction:52;reduction:105,552,749588,413772576,,,,,,,,,,,
163,10,211,211,328,211,0,8,lane_first,tdw,balanced,False,reduction:13;reduction:26;reduction:53;reduction:105,552,749914,413952528,,,,,,,,,,,
163,10,212,212,328,212,0,8,lane_first,tdw,balanced,False,reduction:13;reduction:26;reduction:53;reduction:106,552,756745,417723240,,,,,,,,,,,
163,10,213,213,328,213,0,8,lane_first,tdw,balanced,False,reduction:13;reduction:53;reduction:106,552,757071,417903192,,,,,,,,,,,
163,10,214,214,328,214,0,8,lane_first,tdw,balanced,False,reduction:13;reduction:53;reduction:107,552,763739,421583928,,,,,,,,,,,
163,10,215,215,328,215,0,8,lane_first,tdw,balanced,False,reduction:13;reduction:54;reduction:107,552,764065,421763880,,,,,,,,,,,
163,10,216,216,328,216,0,8,lane_first,tdw,balanced,False,reduction:13;reduction:54;reduction:108,552,770896,425534592,,,,,,,,,,,
163,10,217,217,328,217,0,8,lane_first,tdw,balanced,False,reduction:54;reduction:108,552,771222,425714544,,,,,,,,,,,
163,10,218,218,328,218,0,8,lane_first,tdw,balanced,False,reduction:54;reduction:109,552,777890,429395280,,,,,,,,,,,
163,10,219,219,328,219,0,8,lane_first,tdw,balanced,False,reduction:55;reduction:109,552,778216,429575232,,,,,,,,,,,
163,10,220,220,328,220,0,8,lane_first,tdw,balanced,False,reduction:55;reduction:110,552,785047,433345944,,,,,,,,,,,
163,10,221,221,328,221,0,8,lane_first,tdw,balanced,False,reduction:28;reduction:55;reduction:110,552,785373,433525896,,,,,,,,,,,
163,10,222,222,328,222,0,8,lane_first,tdw,balanced,False,reduction:28;reduction:55;reduction:111,552,792041,437206632,,,,,,,,,,,
163,10,223,223,328,223,0,8,lane_first,tdw,balanced,False,reduction:28;reduction:56;reduction:111,552,792367,437386584,,,,,,,,,,,
163,10,224,224,328,224,0,8,lane_first,tdw,balanced,False,reduction:28;reduction:56;reduction:112,552,799198,441157296,,,,,,,,,,,
163,10,225,225,328,225,0,8,lane_first,tdw,balanced,False,reduction:4;reduction:28;reduction:56;reduction:112,552,799524,441337248,,,,,,,,,,,
163,10,226,226,328,226,0,8,lane_first,tdw,balanced,False,reduction:4;reduction:28;reduction:56;reduction:113,552,806192,445017984,,,,,,,,,,,
163,10,227,227,328,227,0,8,lane_first,tdw,balanced,False,reduction:4;reduction:28;reduction:57;reduction:113,552,806518,445197936,,,,,,,,,,,
163,10,228,228,328,228,0,8,lane_first,tdw,balanced,False,reduction:4;reduction:28;reduction:57;reduction:114,552,813349,448968648,,,,,,,,,,,
163,10,229,229,328,229,0,8,lane_first,tdw,balanced,False,reduction:4;reduction:29;reduction:57;reduction:114,552,813675,449148600,,,,,,,,,,,
163,10,230,230,328,230,0,8,lane_first,tdw,balanced,False,reduction:4;reduction:29;reduction:57;reduction:115,552,820343,452829336,,,,,,,,,,,
163,10,231,231,328,231,0,8,lane_first,tdw,balanced,False,reduction:4;reduction:29;reduction:58;reduction:115,552,820669,453009288,,,,,,,,,,,
163,10,232,232,328,232,0,8,lane_first,tdw,balanced,False,reduction:4;reduction:29;reduction:58;reduction:116,552,827500,456780000,,,,,,,,,,,
163,10,233,233,328,233,0,8,lane_first,tdw,balanced,False,reduction:4;reduction:15;reduction:29;reduction:58;reduction:116,552,827826,456959952,,,,,,,,,,,
163,10,234,234,328,234,0,8,lane_first,tdw,balanced,False,reduction:4;reduction:15;reduction:29;reduction:58;reduction:117,552,834494,460640688,,,,,,,,,,,
163,10,235,235,328,235,0,8,lane_first,tdw,balanced,False,reduction:4;reduction:15;reduction:29;reduction:59;reduction:117,552,834820,460820640,,,,,,,,,,,
163,10,236,236,328,236,0,8,lane_first,tdw,balanced,False,reduction:4;reduction:15;reduction:29;reduction:59;reduction:118,552,841651,464591352,,,,,,,,,,,
163,10,237,237,328,237,0,8,lane_first,tdw,balanced,False,reduction:4;reduction:15;reduction:30;reduction:59;reduction:118,552,841977,464771304,,,,,,,,,,,
163,10,238,238,328,238,0,8,lane_first,tdw,balanced,False,reduction:4;reduction:15;reduction:30;reduction:59;reduction:119,552,848645,468452040,,,,,,,,,,,
163,10,239,239,328,239,0,8,lane_first,tdw,balanced,False,reduction:4;reduction:15;reduction:30;reduction:60;reduction:119,552,848971,468631992,,,,,,,,,,,
163,10,240,240,328,240,0,8,lane_first,tdw,balanced,False,reduction:4;reduction:15;reduction:30;reduction:60;reduction:120,552,855802,472402704,,,,,,,,,,,
163,10,241,241,328,241,0,8,lane_first,tdw,balanced,False,reduction:4;reduction:8;reduction:15;reduction:30;reduction:60;reduction:120,552,856128,472582656,,,,,,,,,,,
163,10,242,242,328,242,0,8,lane_first,tdw,balanced,False,reduction:4;reduction:8;reduction:15;reduction:30;reduction:60;reduction:121,552,862796,476263392,,,,,,,,,,,
163,10,243,243,328,243,0,8,lane_first,tdw,balanced,False,reduction:4;reduction:8;reduction:15;reduction:30;reduction:61;reduction:121,552,863122,476443344,,,,,,,,,,,
163,10,244,244,328,244,0,8,lane_first,tdw,balanced,False,reduction:4;reduction:8;reduction:15;reduction:30;reduction:61;reduction:122,552,869953,480214056,,,,,,,,,,,
163,10,245,245,328,245,0,8,lane_first,tdw,balanced,False,reduction:4;reduction:8;reduction:15;reduction:31;reduction:61;reduction:122,552,870279,480394008,,,,,,,,,,,
163,10,246,246,328,246,0,8,lane_first,tdw,balanced,False,reduction:4;reduction:8;reduction:15;reduction:31;reduction:61;reduction:123,552,876947,484074744,,,,,,,,,,,
163,10,247,247,328,247,0,8,lane_first,tdw,balanced,False,reduction:4;reduction:8;reduction:15;reduction:31;reduction:62;reduction:123,552,877273,484254696,,,,,,,,,,,
163,10,248,248,328,248,0,8,lane_first,tdw,balanced,False,reduction:4;reduction:8;reduction:15;reduction:31;reduction:62;reduction:124,552,884104,488025408,,,,,,,,,,,
163,10,249,249,328,249,0,8,lane_first,tdw,balanced,False,reduction:4;reduction:8;reduction:16;reduction:31;reduction:62;reduction:124,552,884430,488205360,,,,,,,,,,,
163,10,250,250,328,250,0,8,lane_first,tdw,balanced,False,reduction:4;reduction:8;reduction:16;reduction:31;reduction:62;reduction:125,552,891098,491886096,,,,,,,,,,,
163,10,251,251,328,251,0,8,lane_first,tdw,balanced,False,reduction:4;reduction:8;reduction:16;reduction:31;reduction:63;reduction:125,552,891424,492066048,,,,,,,,,,,
163,10,252,252,328,252,0,8,lane_first,tdw,balanced,False,reduction:4;reduction:8;reduction:16;reduction:31;reduction:63;reduction:126,552,898255,495836760,,,,,,,,,,,
163,10,253,253,328,253,0,8,lane_first,tdw,balanced,False,reduction:4;reduction:8;reduction:16;reduction:32;reduction:63;reduction:126,552,898581,496016712,,,,,,,,,,,
163,10,254,254,328,254,0,8,lane_first,tdw,balanced,False,reduction:4;reduction:8;reduction:16;reduction:32;reduction:63;reduction:127,552,905249,499697448,,,,,,,,,,,
163,10,255,255,328,255,0,8,lane_first,tdw,balanced,False,reduction:4;reduction:8;reduction:16;reduction:32;reduction:64;reduction:127,552,905575,499877400,,,,,,,,,,,
163,10,256,256,328,256,0,8,lane_first,tdw,balanced,False,reduction:4;reduction:8;reduction:16;reduction:32;reduction:64;reduction:128,552,912406,503648112,,,,,,,,,,,
163,10,257,257,328,257,0,9,lane_first,tdw,balanced,False,reduction:4;reduction:8;reduction:16;reduction:32;reduction:64;reduction:128,592,912732,540337344,,,,,,,,,,,
163,10,258,258,328,258,0,9,lane_first,tdw,balanced,False,reduction:4;reduction:8;reduction:16;reduction:32;reduction:64;reduction:129,600,919400,551640000,,,,,,,,,,,
163,10,259,259,328,259,0,9,lane_first,tdw,balanced,False,reduction:4;reduction:8;reduction:16;reduction:32;reduction:65;reduction:129,608,919726,559193408,,,,,,,,,,,
163,10,260,260,328,260,0,9,lane_first,tdw,balanced,False,reduction:4;reduction:8;reduction:16;reduction:32;reduction:65;reduction:130,608,926557,563346656,,,,,,,,,,,
163,10,261,261,328,261,0,9,lane_first,tdw,balanced,False,reduction:4;reduction:8;reduction:16;reduction:33;reduction:65;reduction:130,616,926883,570959928,,,,,,,,,,,
163,10,262,262,328,262,0,9,lane_first,tdw,balanced,False,reduction:4;reduction:8;reduction:16;reduction:33;reduction:65;reduction:131,616,933551,575067416,,,,,,,,,,,
163,10,263,263,328,263,0,9,lane_first,tdw,balanced,False,reduction:4;reduction:8;reduction:16;reduction:33;reduction:66;reduction:131,616,933877,575268232,,,,,,,,,,,
163,10,264,264,328,264,0,9,lane_first,tdw,balanced,False,reduction:4;reduction:8;reduction:16;reduction:33;reduction:66;reduction:132,616,940708,579476128,,,,,,,,,,,
163,10,265,265,328,265,0,9,lane_first,tdw,balanced,False,reduction:4;reduction:8;reduction:17;reduction:33;reduction:66;reduction:132,624,941034,587205216,,,,,,,,,,,
163,10,266,266,328,266,0,9,lane_first,tdw,balanced,False,reduction:4;reduction:8;reduction:17;reduction:33;reduction:66;reduction:133,624,947702,591366048,,,,,,,,,,,
163,10,267,267,328,267,0,9,lane_first,tdw,balanced,False,reduction:4;reduction:8;reduction:17;reduction:33;reduction:67;reduction:133,624,948028,591569472,,,,,,,,,,,
163,10,268,268,328,268,0,9,lane_first,tdw,balanced,False,reduction:4;reduction:8;reduction:17;reduction:33;reduction:67;reduction:134,624,954859,595832016,,,,,,,,,,,
163,10,269,269,328,269,0,9,lane_first,tdw,balanced,False,reduction:4;reduction:8;reduction:17;reduction:34;reduction:67;reduction:134,624,955185,596035440,,,,,,,,,,,
163,10,270,270,328,270,0,9,lane_first,tdw,balanced,False,reduction:4;reduction:8;reduction:17;reduction:34;reduction:67;reduction:135,624,961853,600196272,,,,,,,,,,,
163,10,271,271,328,271,0,9,lane_first,tdw,balanced,False,reduction:4;reduction:8;reduction:17;reduction:34;reduction:68;reduction:135,624,962179,600399696,,,,,,,,,,,
163,10,272,272,328,272,0,9,lane_first,tdw,balanced,False,reduction:4;reduction:8;reduction:17;reduction:34;reduction:68;reduction:136,624,969010,604662240,,,,,,,,,,,
163,10,273,273,328,273,0,9,lane_first,tdw,balanced,False,reduction:4;reduction:9;reduction:17;reduction:34;reduction:68;reduction:136,632,969336,612620352,,,,,,,,,,,
163,10,274,274,328,274,0,9,lane_first,tdw,balanced,False,reduction:4;reduction:9;reduction:17;reduction:34;reduction:68;reduction:137,632,976004,616834528,,,,,,,,,,,
163,10,275,275,328,275,0,9,lane_first,tdw,balanced,False,reduction:4;reduction:9;reduction:17;reduction:34;reduction:69;reduction:137,632,976330,617040560,,,,,,,,,,,
163,10,276,276,328,276,0,9,lane_first,tdw,balanced,False,reduction:4;reduction:9;reduction:17;reduction:34;reduction:69;reduction:138,632,983161,621357752,,,,,,,,,,,
163,10,277,277,328,277,0,9,lane_first,tdw,balanced,False,reduction:4;reduction:9;reduction:17;reduction:35;reduction:69;reduction:138,632,983487,621563784,,,,,,,,,,,
163,10,278,278,328,278,0,9,lane_first,tdw,balanced,False,reduction:4;reduction:9;reduction:17;reduction:35;reduction:69;reduction:139,632,990155,625777960,,,,,,,,,,,
163,10,279,279,328,279,0,9,lane_first,tdw,balanced,False,reduction:4;reduction:9;reduction:17;reduction:35;reduction:70;reduction:139,632,990481,625983992,,,,,,,,,,,
163,10,280,280,328,280,0,9,lane_first,tdw,balanced,False,reduction:4;reduction:9;reduction:17;reduction:35;reduction:70;reduction:140,632,997312,630301184,,,,,,,,,,,
163,10,281,281,328,281,0,9,lane_first,tdw,balanced,False,reduction:4;reduction:9;reduction:18;reduction:35;reduction:70;reduction:140,632,997638,630507216,,,,,,,,,,,
163,10,282,282,328,282,0,9,lane_first,tdw,balanced,False,reduction:4;reduction:9;reduction:18;reduction:35;reduction:70;reduction:141,632,1004306,634721392,,,,,,,,,,,
163,10,283,283,328,283,0,9,lane_first,tdw,balanced,False,reduction:4;reduction:9;reduction:18;reduction:35;reduction:71;reduction:141,632,1004632,634927424,,,,,,,,,,,
163,10,284,284,328,284,0,9,lane_first,tdw,balanced,False,reduction:4;reduction:9;reduction:18;reduction:35;reduction:71;reduction:142,632,1011463,639244616,,,,,,,,,,,
163,10,285,285,328,285,0,9,lane_first,tdw,balanced,False,reduction:4;reduction:9;reduction:18;reduction:36;reduction:71;reduction:142,632,1011789,639450648,,,,,,,,,,,
163,10,286,286,328,286,0,9,lane_first,tdw,balanced,False,reduction:4;reduction:9;reduction:18;reduction:36;reduction:71;reduction:143,632,1018457,643664824,,,,,,,,,,,
163,10,287,287,328,287,0,9,lane_first,tdw,balanced,False,reduction:4;reduction:9;reduction:18;reduction:36;reduction:72;reduction:143,632,1018783,643870856,,,,,,,,,,,
163,10,288,288,328,288,0,9,lane_first,tdw,balanced,False,reduction:4;reduction:9;reduction:18;reduction:36;reduction:72;reduction:144,632,1025614,648188048,,,,,,,,,,,
163,10,289,289,328,289,0,9,lane_first,tdw,balanced,False,reduction:5;reduction:9;reduction:18;reduction:36;reduction:72;reduction:144,640,1025940,656601600,,,,,,,,,,,
163,10,290,290,328,290,0,9,lane_first,tdw,balanced,False,reduction:5;reduction:9;reduction:18;reduction:36;reduction:72;reduction:145,640,1032608,660869120,,,,,,,,,,,
163,10,291,291,328,291,0,9,lane_first,tdw,balanced,False,reduction:5;reduction:9;reduction:18;reduction:36;reduction:73;reduction:145,640,1032934,661077760,,,,,,,,,,,
163,10,292,292,328,292,0,9,lane_first,tdw,balanced,False,reduction:5;reduction:9;reduction:18;reduction:36;reduction:73;reduction:146,640,1039765,665449600,,,,,,,,,,,
163,10,293,293,328,293,0,9,lane_first,tdw,balanced,False,reduction:5;reduction:9;reduction:18;reduction:37;reduction:73;reduction:146,640,1040091,665658240,,,,,,,,,,,
163,10,294,294,328,294,0,9,lane_first,tdw,balanced,False,reduction:5;reduction:9;reduction:18;reduction:37;reduction:73;reduction:147,640,1046759,669925760,,,,,,,,,,,
163,10,295,295,328,295,0,9,lane_first,tdw,balanced,False,reduction:5;reduction:9;reduction:18;reduction:37;reduction:74;reduction:147,640,1047085,670134400,,,,,,,,,,,
163,10,296,296,328,296,0,9,lane_first,tdw,balanced,False,reduction:5;reduction:9;reduction:18;reduction:37;reduction:74;reduction:148,640,1053916,674506240,,,,,,,,,,,
163,10,297,297,328,297,0,9,lane_first,tdw,balanced,False,reduction:5;reduction:9;reduction:19;reduction:37;reduction:74;reduction:148,640,1054242,674714880,,,,,,,,,,,
163,10,298,298,328,298,0,9,lane_first,tdw,balanced,False,reduction:5;reduction:9;reduction:19;reduction:37;reduction:74;reduction:149,640,1060910,678982400,,,,,,,,,,,
163,10,299,299,328,299,0,9,lane_first,tdw,balanced,False,reduction:5;reduction:9;reduction:19;reduction:37;reduction:75;reduction:149,640,1061236,679191040,,,,,,,,,,,
163,10,300,300,328,300,0,9,lane_first,tdw,balanced,False,reduction:5;reduction:9;reduction:19;reduction:37;reduction:75;reduction:150,640,1068067,683562880,,,,,,,,,,,
163,10,301,301,328,301,0,9,lane_first,tdw,balanced,False,reduction:5;reduction:9;reduction:19;reduction:38;reduction:75;reduction:150,640,1068393,683771520,,,,,,,,,,,
163,10,302,302,328,302,0,9,lane_first,tdw,balanced,False,reduction:5;reduction:9;reduction:19;reduction:38;reduction:75;reduction:151,640,1075061,688039040,,,,,,,,,,,
163,10,303,303,328,303,0,9,lane_first,tdw,balanced,False,reduction:5;reduction:9;reduction:19;reduction:38;reduction:76;reduction:151,640,1075387,688247680,,,,,,,,,,,
163,10,304,304,328,304,0,9,lane_first,tdw,balanced,False,reduction:5;reduction:9;reduction:19;reduction:38;reduction:76;reduction:152,640,1082218,692619520,,,,,,,,,,,
163,10,305,305,328,305,0,9,lane_first,tdw,balanced,False,reduction:5;reduction:10;reduction:19;reduction:38;reduction:76;reduction:152,640,1082544,692828160,,,,,,,,,,,
163,10,306,306,328,306,0,9,lane_first,tdw,balanced,False,reduction:5;reduction:10;reduction:19;reduction:38;reduction:76;reduction:153,640,1089212,697095680,,,,,,,,,,,
163,10,307,307,328,307,0,9,lane_first,tdw,balanced,False,reduction:5;reduction:10;reduction:19;reduction:38;reduction:77;reduction:153,640,1089538,697304320,,,,,,,,,,,
163,10,308,308,328,308,0,9,lane_first,tdw,balanced,False,reduction:5;reduction:10;reduction:19;reduction:38;reduction:77;reduction:154,640,1096369,701676160,,,,,,,,,,,
163,10,309,309,328,309,0,9,lane_first,tdw,balanced,False,reduction:5;reduction:10;reduction:19;reduction:39;reduction:77;reduction:154,640,1096695,701884800,,,,,,,,,,,
163,10,310,310,328,310,0,9,lane_first,tdw,balanced,False,reduction:5;reduction:10;reduction:19;reduction:39;reduction:77;reduction:155,640,1103363,706152320,,,,,,,,,,,
163,10,311,311,328,311,0,9,lane_first,tdw,balanced,False,reduction:5;reduction:10;reduction:19;reduction:39;reduction:78;reduction:155,640,1103689,706360960,,,,,,,,,,,
163,10,312,312,328,312,0,9,lane_first,tdw,balanced,False,reduction:5;reduction:10;reduction:19;reduction:39;reduction:78;reduction:156,640,1110520,710732800,,,,,,,,,,,
163,10,313,313,328,313,0,9,lane_first,tdw,balanced,False,reduction:5;reduction:10;reduction:20;reduction:39;reduction:78;reduction:156,640,1110846,710941440,,,,,,,,,,,
163,10,314,314,328,314,0,9,lane_first,tdw,balanced,False,reduction:5;reduction:10;reduction:20;reduction:39;reduction:78;reduction:157,640,1117514,715208960,,,,,,,,,,,
163,10,315,315,328,315,0,9,lane_first,tdw,balanced,False,reduction:5;reduction:10;reduction:20;reduction:39;reduction:79;reduction:157,640,1117840,715417600,,,,,,,,,,,
163,10,316,316,328,316,0,9,lane_first,tdw,balanced,False,reduction:5;reduction:10;reduction:20;reduction:39;reduction:79;reduction:158,640,1124671,719789440,,,,,,,,,,,
163,10,317,317,328,317,0,9,lane_first,tdw,balanced,False,reduction:5;reduction:10;reduction:20;reduction:40;reduction:79;reduction:158,640,1124997,719998080,,,,,,,,,,,
163,10,318,318,328,318,0,9,lane_first,tdw,balanced,False,reduction:5;reduction:10;reduction:20;reduction:40;reduction:79;reduction:159,640,1131665,724265600,,,,,,,,,,,
163,10,319,319,328,319,0,9,lane_first,tdw,balanced,False,reduction:5;reduction:10;reduction:20;reduction:40;reduction:80;reduction:159,640,1131991,724474240,,,,,,,,,,,
163,10,320,320,328,320,0,9,lane_first,tdw,balanced,False,reduction:5;reduction:10;reduction:20;reduction:40;reduction:80;reduction:160,640,1138822,728846080,,,,,,,,,,,
163,10,321,321,328,321,0,9,lane_first,tdw,balanced,False,reduction:5;reduction:10;reduction:20;reduction:40;reduction:80;reduction:160,648,1139148,738167904,,,,,,,,,,,
163,10,322,322,328,322,0,9,lane_first,tdw,balanced,False,reduction:5;reduction:10;reduction:20;reduction:40;reduction:80;reduction:161,648,1145816,742488768,,,,,,,,,,,
163,10,323,323,328,323,0,9,lane_first,tdw,balanced,False,reduction:5;reduction:10;reduction:20;reduction:40;reduction:81;reduction:161,648,1146142,742700016,,,,,,,,,,,
163,10,324,324,328,324,0,9,lane_first,tdw,balanced,False,reduction:5;reduction:10;reduction:20;reduction:40;reduction:81;reduction:162,648,1152973,747126504,,,,,,,,,,,
163,10,325,325,328,325,0,9,lane_first,tdw,balanced,False,reduction:5;reduction:10;reduction:20;reduction:41;reduction:81;reduction:162,648,1153299,747337752,,,,,,,,,,,
163,10,326,326,328,326,0,9,lane_first,tdw,balanced,False,reduction:5;reduction:10;reduction:20;reduction:41;reduction:81;reduction:163,648,1159967,751658616,,,,,,,,,,,
163,10,327,327,328,327,0,9,lane_first,tdw,balanced,False,reduction:5;reduction:10;reduction:20;reduction:41;reduction:82;reduction:163,648,1160293,751869864,,,,,,,,,,,
163,10,328,328,328,328,0,9,lane_first,tdw,balanced,False,reduction:5;reduction:10;reduction:20;reduction:41;reduction:82;reduction:164,640,1167124,746959360,,,,,,,,,,,
163,11,1,1,328,30,29,0,lane_first,tdw,balanced,False,tail:1,470576,36393,17125672368,,,,,,,,,,,
163,11,2,2,328,30,14,1,lane_first,tdw,balanced,False,tail:2,229300,41757,9574880100,,,,,,,,,,,
163,11,3,3,328,30,9,2,lane_first,tdw,balanced,False,tail:3,155720,46958,7312299760,,,,,,,,,,,
163,11,4,4,328,32,7,2,lane_first,tdw,balanced,False,tail:4,106856,53952,5765094912,,,,,,,,,,,
163,11,5,5,328,30,5,3,lane_first,tdw,balanced,False,tail:5,90272,57523,5192716256,,,,,,,,,,,
163,11,6,6,328,30,4,3,lane_first,tdw,balanced,False,tail:6,73888,62887,4646594656,,,,,,,,,,,
163,11,7,7,328,35,4,3,lane_first,tdw,balanced,False,tail:7,57608,72163,4157166104,,,,,,,,,,,
163,11,8,8,328,32,3,3,lane_first,tdw,balanced,False,reduction:4;tail:8,43180,75082,3242040760,,,,,,,,,,,
163,11,9,9,328,36,3,4,lane_first,tdw,balanced,False,reduction:4;tail:9,41340,83543,3453667620,,,,,,,,,,,
163,11,10,10,328,30,2,4,lane_first,tdw,balanced,False,reduction:5;tail:10,41176,84017,3459483992,,,,,,,,,,,
163,11,11,11,328,33,2,4,lane_first,tdw,balanced,False,reduction:5;tail:11,26860,91663,2462068180,,,,,,,,,,,
163,11,12,12,328,36,2,4,lane_first,tdw,balanced,False,reduction:6;tail:12,25332,99472,2519824704,,,,,,,,,,,
163,11,13,13,328,39,2,4,lane_first,tdw,balanced,False,reduction:6;tail:13,24964,107118,2674093752,,,,,,,,,,,
163,11,14,14,328,42,2,4,lane_first,tdw,balanced,False,tail:14,24876,114927,2858924052,,,,,,,,,,,
163,11,15,15,328,30,1,4,lane_first,tdw,balanced,False,reduction:4;tail:15,24792,110348,2735747616,,,,,,,,,,,
163,11,16,16,328,32,1,4,lane_first,tdw,balanced,False,reduction:4;reduction:8;tail:16,16604,117342,1948346568,,,,,,,,,,,
163,11,17,17,328,34,1,5,lane_first,tdw,balanced,False,reduction:4;reduction:8;tail:17,12560,124173,1559612880,,,,,,,,,,,
163,11,18,18,328,36,1,5,lane_first,tdw,balanced,False,reduction:4;reduction:9;tail:18,10524,131167,1380401508,,,,,,,,,,,
163,11,19,19,328,38,1,5,lane_first,tdw,balanced,False,reduction:5;reduction:9;tail:19,9512,137998,1312636976,,,,,,,,,,,
163,11,20,20,328,40,1,5,lane_first,tdw,balanced,False,reduction:5;reduction:10;tail:20,9004,144992,1305507968,,,,,,,,,,,
163,11,21,21,328,42,1,5,lane_first,tdw,balanced,False,reduction:5;reduction:10;tail:21,8760,151823,1329969480,,,,,,,,,,,
163,11,22,22,328,44,1,5,lane_first,tdw,balanced,False,reduction:5;reduction:11;tail:22,8636,158817,1371543612,,,,,,,,,,,
163,11,23,23,328,46,1,5,lane_first,tdw,balanced,False,reduction:6;reduction:11;tail:23,8636,165648,1430536128,,,,,,,,,,,
163,11,24,24,328,48,1,5,lane_first,tdw,balanced,False,reduction:6;reduction:12;tail:24,8576,172642,1480577792,,,,,,,,,,,
163,11,25,25,328,50,1,5,lane_first,tdw,balanced,False,reduction:6;reduction:12;tail:25,8584,179473,1540596232,,,,,,,,,,,
163,11,26,26,328,52,1,5,lane_first,tdw,balanced,False,reduction:6;reduction:13;tail:26,8556,186467,1595411652,,,,,,,,,,,
163,11,27,27,328,54,1,5,lane_first,tdw,balanced,False,reduction:13;tail:27,8556,193298,1653857688,,,,,,,,,,,
163,11,28,28,328,48,1,5,lane_first,tdw,balanced,False,tail:20,8544,147600,1261094400,,,,,,,,,,,
163,11,29,29,328,38,1,5,lane_first,tdw,balanced,False,reduction:4;tail:9,8536,113460,968494560,,,,,,,,,,,
163,11,30,30,328,30,0,5,lane_first,tdw,balanced,False,reduction:4;reduction:15,8464,112793,954679952,,,,,,,,,,,
163,11,31,31,328,31,0,5,lane_first,tdw,balanced,False,reduction:4;reduction:8;reduction:15,8464,113119,957439216,,,,,,,,,,,
163,11,32,32,328,32,0,5,lane_first,tdw,balanced,False,reduction:4;reduction:8;reduction:16,8464,119950,1015256800,,,,,,,,,,,
163,11,33,33,328,33,0,6,lane_first,tdw,balanced,False,reduction:4;reduction:8;reduction:16,4408,120276,530176608,,,,,,,,,,,
163,11,34,34,328,34,0,6,lane_first,tdw,balanced,False,reduction:4;reduction:8;reduction:17,4416,126944,560584704,,,,,,,,,,,
163,11,35,35,328,35,0,6,lane_first,tdw,balanced,False,reduction:4;reduction:9;reduction:17,4424,127270,563042480,,,,,,,,,,,
163,11,36,36,328,36,0,6,lane_first,tdw,balanced,False,reduction:4;reduction:9;reduction:18,4424,134101,593262824,,,,,,,,,,,
163,11,37,37,328,37,0,6,lane_first,tdw,balanced,False,reduction:5;reduction:9;reduction:18,2384,134427,320473968,,,,,,,,,,,
163,11,38,38,328,38,0,6,lane_first,tdw,balanced,False,reduction:5;reduction:9;reduction:19,2384,141095,336370480,,,,,,,,,,,
163,11,39,39,328,39,0,6,lane_first,tdw,balanced,False,reduction:5;reduction:10;reduction:19,2384,141421,337147664,,,,,,,,,,,
163,11,40,40,328,40,0,6,lane_first,tdw,balanced,False,reduction:5;reduction:10;reduction:20,2384,148252,353432768,,,,,,,,,,,
163,11,41,41,328,41,0,6,lane_first,tdw,balanced,False,reduction:5;reduction:10;reduction:20,1368,148578,203254704,,,,,,,,,,,
163,11,42,42,328,42,0,6,lane_first,tdw,balanced,False,reduction:5;reduction:10;reduction:21,1368,155246,212376528,,,,,,,,,,,
163,11,43,43,328,43,0,6,lane_first,tdw,balanced,False,reduction:5;reduction:11;reduction:21,1368,155572,212822496,,,,,,,,,,,
163,11,44,44,328,44,0,6,lane_first,tdw,balanced,False,reduction:5;reduction:11;reduction:22,1368,162403,222167304,,,,,,,,,,,
163,11,45,45,328,45,0,6,lane_first,tdw,balanced,False,reduction:6;reduction:11;reduction:22,1368,162729,222613272,,,,,,,,,,,
163,11,46,46,328,46,0,6,lane_first,tdw,balanced,False,reduction:6;reduction:11;reduction:23,1368,169397,231735096,,,,,,,,,,,
163,11,47,47,328,47,0,6,lane_first,tdw,balanced,False,reduction:6;reduction:12;reduction:23,856,169723,145282888,,,,,,,,,,,
163,11,48,48,328,48,0,6,lane_first,tdw,balanced,False,reduction:6;reduction:12;reduction:24,856,176554,151130224,,,,,,,,,,,
163,11,49,49,328,49,0,6,lane_first,tdw,balanced,False,reduction:6;reduction:12;reduction:24,864,176880,152824320,,,,,,,,,,,
163,11,50,50,328,50,0,6,lane_first,tdw,balanced,False,reduction:6;reduction:12;reduction:25,864,183548,158585472,,,,,,,,,,,
163,11,51,51,328,51,0,6,lane_first,tdw,balanced,False,reduction:6;reduction:13;reduction:25,864,183874,158867136,,,,,,,,,,,
163,11,52,52,328,52,0,6,lane_first,tdw,balanced,False,reduction:6;reduction:13;reduction:26,864,190705,164769120,,,,,,,,,,,
163,11,53,53,328,53,0,6,lane_first,tdw,balanced,False,reduction:13;reduction:26,864,191031,165050784,,,,,,,,,,,
163,11,54,54,328,54,0,6,lane_first,tdw,balanced,False,reduction:13,864,197699,170811936,,,,,,,,,,,
163,11,55,55,328,55,0,6,lane_first,tdw,balanced,True,,608,198025,120399200,1122328,167316138,198025,608,264098,52298006450,120399200,53792,h_u=2n,module_barriers,balanced_clean_arithmetic_retain_copied_outputs
163,11,56,56,328,56,0,6,lane_first,tdw,balanced,False,reduction:28,608,204856,124552448,,,,,,,,,,,
163,11,57,57,328,57,0,6,lane_first,tdw,balanced,False,reduction:4;reduction:28,608,205182,124750656,,,,,,,,,,,
163,11,58,58,328,58,0,6,lane_first,tdw,balanced,False,reduction:4;reduction:29,608,211850,128804800,,,,,,,,,,,
163,11,59,59,328,59,0,6,lane_first,tdw,balanced,False,reduction:4;reduction:15;reduction:29,608,212176,129003008,,,,,,,,,,,
163,11,60,60,328,60,0,6,lane_first,tdw,balanced,False,reduction:4;reduction:15;reduction:30,608,219007,133156256,,,,,,,,,,,
163,11,61,61,328,61,0,6,lane_first,tdw,balanced,False,reduction:4;reduction:8;reduction:15;reduction:30,608,219333,133354464,,,,,,,,,,,
163,11,62,62,328,62,0,6,lane_first,tdw,balanced,False,reduction:4;reduction:8;reduction:15;reduction:31,608,226001,137408608,,,,,,,,,,,
163,11,63,63,328,63,0,6,lane_first,tdw,balanced,False,reduction:4;reduction:8;reduction:16;reduction:31,608,226327,137606816,,,,,,,,,,,
163,11,64,64,328,64,0,6,lane_first,tdw,balanced,False,reduction:4;reduction:8;reduction:16;reduction:32,608,233158,141760064,,,,,,,,,,,
163,11,65,65,328,65,0,7,lane_first,tdw,balanced,False,reduction:4;reduction:8;reduction:16;reduction:32,648,233484,151297632,,,,,,,,,,,
163,11,66,66,328,66,0,7,lane_first,tdw,balanced,False,reduction:4;reduction:8;reduction:16;reduction:33,528,240152,126800256,,,,,,,,,,,
163,11,67,67,328,67,0,7,lane_first,tdw,balanced,False,reduction:4;reduction:8;reduction:17;reduction:33,536,240478,128896208,,,,,,,,,,,
163,11,68,68,328,68,0,7,lane_first,tdw,balanced,False,reduction:4;reduction:8;reduction:17;reduction:34,536,247309,132557624,,,,,,,,,,,
163,11,69,69,328,69,0,7,lane_first,tdw,balanced,False,reduction:4;reduction:9;reduction:17;reduction:34,544,247635,134713440,,,,,,,,,,,
163,11,70,70,328,70,0,7,lane_first,tdw,balanced,False,reduction:4;reduction:9;reduction:17;reduction:35,544,254303,138340832,,,,,,,,,,,
163,11,71,71,328,71,0,7,lane_first,tdw,balanced,False,reduction:4;reduction:9;reduction:18;reduction:35,544,254629,138518176,,,,,,,,,,,
163,11,72,72,328,72,0,7,lane_first,tdw,balanced,False,reduction:4;reduction:9;reduction:18;reduction:36,544,261460,142234240,,,,,,,,,,,
163,11,73,73,328,73,0,7,lane_first,tdw,balanced,False,reduction:5;reduction:9;reduction:18;reduction:36,552,261786,144505872,,,,,,,,,,,
163,11,74,74,328,74,0,7,lane_first,tdw,balanced,False,reduction:5;reduction:9;reduction:18;reduction:37,552,268454,148186608,,,,,,,,,,,
163,11,75,75,328,75,0,7,lane_first,tdw,balanced,False,reduction:5;reduction:9;reduction:19;reduction:37,552,268780,148366560,,,,,,,,,,,
163,11,76,76,328,76,0,7,lane_first,tdw,balanced,False,reduction:5;reduction:9;reduction:19;reduction:38,552,275611,152137272,,,,,,,,,,,
163,11,77,77,328,77,0,7,lane_first,tdw,balanced,False,reduction:5;reduction:10;reduction:19;reduction:38,552,275937,152317224,,,,,,,,,,,
163,11,78,78,328,78,0,7,lane_first,tdw,balanced,False,reduction:5;reduction:10;reduction:19;reduction:39,552,282605,155997960,,,,,,,,,,,
163,11,79,79,328,79,0,7,lane_first,tdw,balanced,False,reduction:5;reduction:10;reduction:20;reduction:39,552,282931,156177912,,,,,,,,,,,
163,11,80,80,328,80,0,7,lane_first,tdw,balanced,False,reduction:5;reduction:10;reduction:20;reduction:40,552,289762,159948624,,,,,,,,,,,
163,11,81,81,328,81,0,7,lane_first,tdw,balanced,False,reduction:5;reduction:10;reduction:20;reduction:40,560,290088,162449280,,,,,,,,,,,
163,11,82,82,328,82,0,7,lane_first,tdw,balanced,False,reduction:5;reduction:10;reduction:20;reduction:41,496,296756,147190976,,,,,,,,,,,
163,11,83,83,328,83,0,7,lane_first,tdw,balanced,False,reduction:5;reduction:10;reduction:21;reduction:41,496,297082,147352672,,,,,,,,,,,
163,11,84,84,328,84,0,7,lane_first,tdw,balanced,False,reduction:5;reduction:10;reduction:21;reduction:42,496,303913,150740848,,,,,,,,,,,
163,11,85,85,328,85,0,7,lane_first,tdw,balanced,False,reduction:5;reduction:11;reduction:21;reduction:42,496,304239,150902544,,,,,,,,,,,
163,11,86,86,328,86,0,7,lane_first,tdw,balanced,False,reduction:5;reduction:11;reduction:21;reduction:43,496,310907,154209872,,,,,,,,,,,
163,11,87,87,328,87,0,7,lane_first,tdw,balanced,False,reduction:5;reduction:11;reduction:22;reduction:43,496,311233,154371568,,,,,,,,,,,
163,11,88,88,328,88,0,7,lane_first,tdw,balanced,False,reduction:5;reduction:11;reduction:22;reduction:44,496,318064,157759744,,,,,,,,,,,
163,11,89,89,328,89,0,7,lane_first,tdw,balanced,False,reduction:6;reduction:11;reduction:22;reduction:44,496,318390,157921440,,,,,,,,,,,
163,11,90,90,328,90,0,7,lane_first,tdw,balanced,False,reduction:6;reduction:11;reduction:22;reduction:45,496,325058,161228768,,,,,,,,,,,
163,11,91,91,328,91,0,7,lane_first,tdw,balanced,False,reduction:6;reduction:11;reduction:23;reduction:45,496,325384,161390464,,,,,,,,,,,
163,11,92,92,328,92,0,7,lane_first,tdw,balanced,False,reduction:6;reduction:11;reduction:23;reduction:46,496,332215,164778640,,,,,,,,,,,
163,11,93,93,328,93,0,7,lane_first,tdw,balanced,False,reduction:6;reduction:12;reduction:23;reduction:46,496,332541,164940336,,,,,,,,,,,
163,11,94,94,328,94,0,7,lane_first,tdw,balanced,False,reduction:6;reduction:12;reduction:23;reduction:47,496,339209,168247664,,,,,,,,,,,
163,11,95,95,328,95,0,7,lane_first,tdw,balanced,False,reduction:6;reduction:12;reduction:24;reduction:47,496,339535,168409360,,,,,,,,,,,
163,11,96,96,328,96,0,7,lane_first,tdw,balanced,False,reduction:6;reduction:12;reduction:24;reduction:48,496,346366,171797536,,,,,,,,,,,
163,11,97,97,328,97,0,7,lane_first,tdw,balanced,False,reduction:6;reduction:12;reduction:24;reduction:48,504,346692,174732768,,,,,,,,,,,
163,11,98,98,328,98,0,7,lane_first,tdw,balanced,False,reduction:6;reduction:12;reduction:24;reduction:49,504,353360,178093440,,,,,,,,,,,
163,11,99,99,328,99,0,7,lane_first,tdw,balanced,False,reduction:6;reduction:12;reduction:25;reduction:49,504,353686,178257744,,,,,,,,,,,
163,11,100,100,328,100,0,7,lane_first,tdw,balanced,False,reduction:6;reduction:12;reduction:25;reduction:50,504,360517,181700568,,,,,,,,,,,
163,11,101,101,328,101,0,7,lane_first,tdw,balanced,False,reduction:6;reduction:13;reduction:25;reduction:50,504,360843,181864872,,,,,,,,,,,
163,11,102,102,328,102,0,7,lane_first,tdw,balanced,False,reduction:6;reduction:13;reduction:25;reduction:51,504,367511,185225544,,,,,,,,,,,
163,11,103,103,328,103,0,7,lane_first,tdw,balanced,False,reduction:6;reduction:13;reduction:26;reduction:51,504,367837,185389848,,,,,,,,,,,
163,11,104,104,328,104,0,7,lane_first,tdw,balanced,False,reduction:6;reduction:13;reduction:26;reduction:52,504,374668,188832672,,,,,,,,,,,
163,11,105,105,328,105,0,7,lane_first,tdw,balanced,False,reduction:13;reduction:26;reduction:52,504,374994,188996976,,,,,,,,,,,
163,11,106,106,328,106,0,7,lane_first,tdw,balanced,False,reduction:13;reduction:26;reduction:53,504,381662,192357648,,,,,,,,,,,
163,11,107,107,328,107,0,7,lane_first,tdw,balanced,False,reduction:13;reduction:53,504,381988,192521952,,,,,,,,,,,
163,11,108,108,328,108,0,7,lane_first,tdw,balanced,False,reduction:13;reduction:54,504,388819,195964776,,,,,,,,,,,
163,11,109,109,328,109,0,7,lane_first,tdw,balanced,False,reduction:54,504,389145,196129080,,,,,,,,,,,
163,11,110,110,328,110,0,7,lane_first,tdw,balanced,False,reduction:55,472,395813,186823736,,,,,,,,,,,
163,11,111,111,328,111,0,7,lane_first,tdw,balanced,False,reduction:28;reduction:55,472,396139,186977608,,,,,,,,,,,
163,11,112,112,328,112,0,7,lane_first,tdw,balanced,False,reduction:28;reduction:56,472,402970,190201840,,,,,,,,,,,
163,11,113,113,328,113,0,7,lane_first,tdw,balanced,False,reduction:4;reduction:28;reduction:56,472,403296,190355712,,,,,,,,,,,
163,11,114,114,328,114,0,7,lane_first,tdw,balanced,False,reduction:4;reduction:28;reduction:57,472,409964,193503008,,,,,,,,,,,
163,11,115,115,328,115,0,7,lane_first,tdw,balanced,False,reduction:4;reduction:29;reduction:57,472,410290,193656880,,,,,,,,,,,
163,11,116,116,328,116,0,7,lane_first,tdw,balanced,False,reduction:4;reduction:29;reduction:58,472,417121,196881112,,,,,,,,,,,
163,11,117,117,328,117,0,7,lane_first,tdw,balanced,False,reduction:4;reduction:15;reduction:29;reduction:58,472,417447,197034984,,,,,,,,,,,
163,11,118,118,328,118,0,7,lane_first,tdw,balanced,False,reduction:4;reduction:15;reduction:29;reduction:59,472,424115,200182280,,,,,,,,,,,
163,11,119,119,328,119,0,7,lane_first,tdw,balanced,False,reduction:4;reduction:15;reduction:30;reduction:59,472,424441,200336152,,,,,,,,,,,
163,11,120,120,328,120,0,7,lane_first,tdw,balanced,False,reduction:4;reduction:15;reduction:30;reduction:60,472,431272,203560384,,,,,,,,,,,
163,11,121,121,328,121,0,7,lane_first,tdw,balanced,False,reduction:4;reduction:8;reduction:15;reduction:30;reduction:60,472,431598,203714256,,,,,,,,,,,
163,11,122,122,328,122,0,7,lane_first,tdw,balanced,False,reduction:4;reduction:8;reduction:15;reduction:30;reduction:61,472,438266,206861552,,,,,,,,,,,
163,11,123,123,328,123,0,7,lane_first,tdw,balanced,False,reduction:4;reduction:8;reduction:15;reduction:31;reduction:61,472,438592,207015424,,,,,,,,,,,
163,11,124,124,328,124,0,7,lane_first,tdw,balanced,False,reduction:4;reduction:8;reduction:15;reduction:31;reduction:62,472,445423,210239656,,,,,,,,,,,
163,11,125,125,328,125,0,7,lane_first,tdw,balanced,False,reduction:4;reduction:8;reduction:16;reduction:31;reduction:62,472,445749,210393528,,,,,,,,,,,
163,11,126,126,328,126,0,7,lane_first,tdw,balanced,False,reduction:4;reduction:8;reduction:16;reduction:31;reduction:63,472,452417,213540824,,,,,,,,,,,
163,11,127,127,328,127,0,7,lane_first,tdw,balanced,False,reduction:4;reduction:8;reduction:16;reduction:32;reduction:63,472,452743,213694696,,,,,,,,,,,
163,11,128,128,328,128,0,7,lane_first,tdw,balanced,False,reduction:4;reduction:8;reduction:16;reduction:32;reduction:64,472,459574,216918928,,,,,,,,,,,
163,11,129,129,328,129,0,8,lane_first,tdw,balanced,False,reduction:4;reduction:8;reduction:16;reduction:32;reduction:64,512,459900,235468800,,,,,,,,,,,
163,11,130,130,328,130,0,8,lane_first,tdw,balanced,False,reduction:4;reduction:8;reduction:16;reduction:32;reduction:65,520,466568,242615360,,,,,,,,,,,
163,11,131,131,328,131,0,8,lane_first,tdw,balanced,False,reduction:4;reduction:8;reduction:16;reduction:33;reduction:65,528,466894,246520032,,,,,,,,,,,
163,11,132,132,328,132,0,8,lane_first,tdw,balanced,False,reduction:4;reduction:8;reduction:16;reduction:33;reduction:66,528,473725,250126800,,,,,,,,,,,
163,11,133,133,328,133,0,8,lane_first,tdw,balanced,False,reduction:4;reduction:8;reduction:17;reduction:33;reduction:66,536,474051,254091336,,,,,,,,,,,
163,11,134,134,328,134,0,8,lane_first,tdw,balanced,False,reduction:4;reduction:8;reduction:17;reduction:33;reduction:67,536,480719,257665384,,,,,,,,,,,
163,11,135,135,328,135,0,8,lane_first,tdw,balanced,False,reduction:4;reduction:8;reduction:17;reduction:34;reduction:67,536,481045,257840120,,,,,,,,,,,
163,11,136,136,328,136,0,8,lane_first,tdw,balanced,False,reduction:4;reduction:8;reduction:17;reduction:34;reduction:68,536,487876,261501536,,,,,,,,,,,
163,11,137,137,328,137,0,8,lane_first,tdw,balanced,False,reduction:4;reduction:9;reduction:17;reduction:34;reduction:68,544,488202,265581888,,,,,,,,,,,
163,11,138,138,328,138,0,8,lane_first,tdw,balanced,False,reduction:4;reduction:9;reduction:17;reduction:34;reduction:69,544,494870,269209280,,,,,,,,,,,
163,11,139,139,328,139,0,8,lane_first,tdw,balanced,False,reduction:4;reduction:9;reduction:17;reduction:35;reduction:69,544,495196,269386624,,,,,,,,,,,
163,11,140,140,328,140,0,8,lane_first,tdw,balanced,False,reduction:4;reduction:9;reduction:17;reduction:35;reduction:70,544,502027,273102688,,,,,,,,,,,
163,11,141,141,328,141,0,8,lane_first,tdw,balanced,False,reduction:4;reduction:9;reduction:18;reduction:35;reduction:70,544,502353,273280032,,,,,,,,,,,
163,11,142,142,328,142,0,8,lane_first,tdw,balanced,False,reduction:4;reduction:9;reduction:18;reduction:35;reduction:71,544,509021,276907424,,,,,,,,,,,
163,11,143,143,328,143,0,8,lane_first,tdw,balanced,False,reduction:4;reduction:9;reduction:18;reduction:36;reduction:71,544,509347,277084768,,,,,,,,,,,
163,11,144,144,328,144,0,8,lane_first,tdw,balanced,False,reduction:4;reduction:9;reduction:18;reduction:36;reduction:72,544,516178,280800832,,,,,,,,,,,
163,11,145,145,328,145,0,8,lane_first,tdw,balanced,False,reduction:5;reduction:9;reduction:18;reduction:36;reduction:72,552,516504,285110208,,,,,,,,,,,
163,11,146,146,328,146,0,8,lane_first,tdw,balanced,False,reduction:5;reduction:9;reduction:18;reduction:36;reduction:73,552,523172,288790944,,,,,,,,,,,
163,11,147,147,328,147,0,8,lane_first,tdw,balanced,False,reduction:5;reduction:9;reduction:18;reduction:37;reduction:73,552,523498,288970896,,,,,,,,,,,
163,11,148,148,328,148,0,8,lane_first,tdw,balanced,False,reduction:5;reduction:9;reduction:18;reduction:37;reduction:74,552,530329,292741608,,,,,,,,,,,
163,11,149,149,328,149,0,8,lane_first,tdw,balanced,False,reduction:5;reduction:9;reduction:19;reduction:37;reduction:74,552,530655,292921560,,,,,,,,,,,
163,11,150,150,328,150,0,8,lane_first,tdw,balanced,False,reduction:5;reduction:9;reduction:19;reduction:37;reduction:75,552,537323,296602296,,,,,,,,,,,
163,11,151,151,328,151,0,8,lane_first,tdw,balanced,False,reduction:5;reduction:9;reduction:19;reduction:38;reduction:75,552,537649,296782248,,,,,,,,,,,
163,11,152,152,328,152,0,8,lane_first,tdw,balanced,False,reduction:5;reduction:9;reduction:19;reduction:38;reduction:76,552,544480,300552960,,,,,,,,,,,
163,11,153,153,328,153,0,8,lane_first,tdw,balanced,False,reduction:5;reduction:10;reduction:19;reduction:38;reduction:76,552,544806,300732912,,,,,,,,,,,
163,11,154,154,328,154,0,8,lane_first,tdw,balanced,False,reduction:5;reduction:10;reduction:19;reduction:38;reduction:77,552,551474,304413648,,,,,,,,,,,
163,11,155,155,328,155,0,8,lane_first,tdw,balanced,False,reduction:5;reduction:10;reduction:19;reduction:39;reduction:77,552,551800,304593600,,,,,,,,,,,
163,11,156,156,328,156,0,8,lane_first,tdw,balanced,False,reduction:5;reduction:10;reduction:19;reduction:39;reduction:78,552,558631,308364312,,,,,,,,,,,
163,11,157,157,328,157,0,8,lane_first,tdw,balanced,False,reduction:5;reduction:10;reduction:20;reduction:39;reduction:78,552,558957,308544264,,,,,,,,,,,
163,11,158,158,328,158,0,8,lane_first,tdw,balanced,False,reduction:5;reduction:10;reduction:20;reduction:39;reduction:79,552,565625,312225000,,,,,,,,,,,
163,11,159,159,328,159,0,8,lane_first,tdw,balanced,False,reduction:5;reduction:10;reduction:20;reduction:40;reduction:79,552,565951,312404952,,,,,,,,,,,
163,11,160,160,328,160,0,8,lane_first,tdw,balanced,False,reduction:5;reduction:10;reduction:20;reduction:40;reduction:80,552,572782,316175664,,,,,,,,,,,
163,11,161,161,328,161,0,8,lane_first,tdw,balanced,False,reduction:5;reduction:10;reduction:20;reduction:40;reduction:80,560,573108,320940480,,,,,,,,,,,
163,11,162,162,328,162,0,8,lane_first,tdw,balanced,False,reduction:5;reduction:10;reduction:20;reduction:40;reduction:81,560,579776,324674560,,,,,,,,,,,
163,11,163,163,328,163,0,8,lane_first,tdw,balanced,False,reduction:5;reduction:10;reduction:20;reduction:41;reduction:81,560,580102,324857120,,,,,,,,,,,
163,11,164,164,328,164,0,8,lane_first,tdw,balanced,False,reduction:5;reduction:10;reduction:20;reduction:41;reduction:82,544,586933,319291552,,,,,,,,,,,
163,11,165,165,328,165,0,8,lane_first,tdw,balanced,False,reduction:5;reduction:10;reduction:21;reduction:41;reduction:82,544,587259,319468896,,,,,,,,,,,
163,11,166,166,328,166,0,8,lane_first,tdw,balanced,False,reduction:5;reduction:10;reduction:21;reduction:41;reduction:83,544,593927,323096288,,,,,,,,,,,
163,11,167,167,328,167,0,8,lane_first,tdw,balanced,False,reduction:5;reduction:10;reduction:21;reduction:42;reduction:83,544,594253,323273632,,,,,,,,,,,
163,11,168,168,328,168,0,8,lane_first,tdw,balanced,False,reduction:5;reduction:10;reduction:21;reduction:42;reduction:84,544,601084,326989696,,,,,,,,,,,
163,11,169,169,328,169,0,8,lane_first,tdw,balanced,False,reduction:5;reduction:11;reduction:21;reduction:42;reduction:84,544,601410,327167040,,,,,,,,,,,
163,11,170,170,328,170,0,8,lane_first,tdw,balanced,False,reduction:5;reduction:11;reduction:21;reduction:42;reduction:85,544,608078,330794432,,,,,,,,,,,
163,11,171,171,328,171,0,8,lane_first,tdw,balanced,False,reduction:5;reduction:11;reduction:21;reduction:43;reduction:85,544,608404,330971776,,,,,,,,,,,
163,11,172,172,328,172,0,8,lane_first,tdw,balanced,False,reduction:5;reduction:11;reduction:21;reduction:43;reduction:86,544,615235,334687840,,,,,,,,,,,
163,11,173,173,328,173,0,8,lane_first,tdw,balanced,False,reduction:5;reduction:11;reduction:22;reduction:43;reduction:86,544,615561,334865184,,,,,,,,,,,
163,11,174,174,328,174,0,8,lane_first,tdw,balanced,False,reduction:5;reduction:11;reduction:22;reduction:43;reduction:87,544,622229,338492576,,,,,,,,,,,
163,11,175,175,328,175,0,8,lane_first,tdw,balanced,False,reduction:5;reduction:11;reduction:22;reduction:44;reduction:87,544,622555,338669920,,,,,,,,,,,
163,11,176,176,328,176,0,8,lane_first,tdw,balanced,False,reduction:5;reduction:11;reduction:22;reduction:44;reduction:88,544,629386,342385984,,,,,,,,,,,
163,11,177,177,328,177,0,8,lane_first,tdw,balanced,False,reduction:6;reduction:11;reduction:22;reduction:44;reduction:88,544,629712,342563328,,,,,,,,,,,
163,11,178,178,328,178,0,8,lane_first,tdw,balanced,False,reduction:6;reduction:11;reduction:22;reduction:44;reduction:89,544,636380,346190720,,,,,,,,,,,
163,11,179,179,328,179,0,8,lane_first,tdw,balanced,False,reduction:6;reduction:11;reduction:22;reduction:45;reduction:89,544,636706,346368064,,,,,,,,,,,
163,11,180,180,328,180,0,8,lane_first,tdw,balanced,False,reduction:6;reduction:11;reduction:22;reduction:45;reduction:90,544,643537,350084128,,,,,,,,,,,
163,11,181,181,328,181,0,8,lane_first,tdw,balanced,False,reduction:6;reduction:11;reduction:23;reduction:45;reduction:90,544,643863,350261472,,,,,,,,,,,
163,11,182,182,328,182,0,8,lane_first,tdw,balanced,False,reduction:6;reduction:11;reduction:23;reduction:45;reduction:91,544,650531,353888864,,,,,,,,,,,
163,11,183,183,328,183,0,8,lane_first,tdw,balanced,False,reduction:6;reduction:11;reduction:23;reduction:46;reduction:91,544,650857,354066208,,,,,,,,,,,
163,11,184,184,328,184,0,8,lane_first,tdw,balanced,False,reduction:6;reduction:11;reduction:23;reduction:46;reduction:92,544,657688,357782272,,,,,,,,,,,
163,11,185,185,328,185,0,8,lane_first,tdw,balanced,False,reduction:6;reduction:12;reduction:23;reduction:46;reduction:92,544,658014,357959616,,,,,,,,,,,
163,11,186,186,328,186,0,8,lane_first,tdw,balanced,False,reduction:6;reduction:12;reduction:23;reduction:46;reduction:93,544,664682,361587008,,,,,,,,,,,
163,11,187,187,328,187,0,8,lane_first,tdw,balanced,False,reduction:6;reduction:12;reduction:23;reduction:47;reduction:93,544,665008,361764352,,,,,,,,,,,
163,11,188,188,328,188,0,8,lane_first,tdw,balanced,False,reduction:6;reduction:12;reduction:23;reduction:47;reduction:94,544,671839,365480416,,,,,,,,,,,
163,11,189,189,328,189,0,8,lane_first,tdw,balanced,False,reduction:6;reduction:12;reduction:24;reduction:47;reduction:94,544,672165,365657760,,,,,,,,,,,
163,11,190,190,328,190,0,8,lane_first,tdw,balanced,False,reduction:6;reduction:12;reduction:24;reduction:47;reduction:95,544,678833,369285152,,,,,,,,,,,
163,11,191,191,328,191,0,8,lane_first,tdw,balanced,False,reduction:6;reduction:12;reduction:24;reduction:48;reduction:95,544,679159,369462496,,,,,,,,,,,
163,11,192,192,328,192,0,8,lane_first,tdw,balanced,False,reduction:6;reduction:12;reduction:24;reduction:48;reduction:96,544,685990,373178560,,,,,,,,,,,
163,11,193,193,328,193,0,8,lane_first,tdw,balanced,False,reduction:6;reduction:12;reduction:24;reduction:48;reduction:96,552,686316,378846432,,,,,,,,,,,
163,11,194,194,328,194,0,8,lane_first,tdw,balanced,False,reduction:6;reduction:12;reduction:24;reduction:48;reduction:97,552,692984,382527168,,,,,,,,,,,
163,11,195,195,328,195,0,8,lane_first,tdw,balanced,False,reduction:6;reduction:12;reduction:24;reduction:49;reduction:97,552,693310,382707120,,,,,,,,,,,
163,11,196,196,328,196,0,8,lane_first,tdw,balanced,False,reduction:6;reduction:12;reduction:24;reduction:49;reduction:98,552,700141,386477832,,,,,,,,,,,
163,11,197,197,328,197,0,8,lane_first,tdw,balanced,False,reduction:6;reduction:12;reduction:25;reduction:49;reduction:98,552,700467,386657784,,,,,,,,,,,
163,11,198,198,328,198,0,8,lane_first,tdw,balanced,False,reduction:6;reduction:12;reduction:25;reduction:49;reduction:99,552,707135,390338520,,,,,,,,,,,
163,11,199,199,328,199,0,8,lane_first,tdw,balanced,False,reduction:6;reduction:12;reduction:25;reduction:50;reduction:99,552,707461,390518472,,,,,,,,,,,
163,11,200,200,328,200,0,8,lane_first,tdw,balanced,False,reduction:6;reduction:12;reduction:25;reduction:50;reduction:100,552,714292,394289184,,,,,,,,,,,
163,11,201,201,328,201,0,8,lane_first,tdw,balanced,False,reduction:6;reduction:13;reduction:25;reduction:50;reduction:100,552,714618,394469136,,,,,,,,,,,
163,11,202,202,328,202,0,8,lane_first,tdw,balanced,False,reduction:6;reduction:13;reduction:25;reduction:50;reduction:101,552,721286,398149872,,,,,,,,,,,
163,11,203,203,328,203,0,8,lane_first,tdw,balanced,False,reduction:6;reduction:13;reduction:25;reduction:51;reduction:101,552,721612,398329824,,,,,,,,,,,
163,11,204,204,328,204,0,8,lane_first,tdw,balanced,False,reduction:6;reduction:13;reduction:25;reduction:51;reduction:102,552,728443,402100536,,,,,,,,,,,
163,11,205,205,328,205,0,8,lane_first,tdw,balanced,False,reduction:6;reduction:13;reduction:26;reduction:51;reduction:102,552,728769,402280488,,,,,,,,,,,
163,11,206,206,328,206,0,8,lane_first,tdw,balanced,False,reduction:6;reduction:13;reduction:26;reduction:51;reduction:103,552,735437,405961224,,,,,,,,,,,
163,11,207,207,328,207,0,8,lane_first,tdw,balanced,False,reduction:6;reduction:13;reduction:26;reduction:52;reduction:103,552,735763,406141176,,,,,,,,,,,
163,11,208,208,328,208,0,8,lane_first,tdw,balanced,False,reduction:6;reduction:13;reduction:26;reduction:52;reduction:104,552,742594,409911888,,,,,,,,,,,
163,11,209,209,328,209,0,8,lane_first,tdw,balanced,False,reduction:13;reduction:26;reduction:52;reduction:104,552,742920,410091840,,,,,,,,,,,
163,11,210,210,328,210,0,8,lane_first,tdw,balanced,False,reduction:13;reduction:26;reduction:52;reduction:105,552,749588,413772576,,,,,,,,,,,
163,11,211,211,328,211,0,8,lane_first,tdw,balanced,False,reduction:13;reduction:26;reduction:53;reduction:105,552,749914,413952528,,,,,,,,,,,
163,11,212,212,328,212,0,8,lane_first,tdw,balanced,False,reduction:13;reduction:26;reduction:53;reduction:106,552,756745,417723240,,,,,,,,,,,
163,11,213,213,328,213,0,8,lane_first,tdw,balanced,False,reduction:13;reduction:53;reduction:106,552,757071,417903192,,,,,,,,,,,
163,11,214,214,328,214,0,8,lane_first,tdw,balanced,False,reduction:13;reduction:53;reduction:107,552,763739,421583928,,,,,,,,,,,
163,11,215,215,328,215,0,8,lane_first,tdw,balanced,False,reduction:13;reduction:54;reduction:107,552,764065,421763880,,,,,,,,,,,
163,11,216,216,328,216,0,8,lane_first,tdw,balanced,False,reduction:13;reduction:54;reduction:108,552,770896,425534592,,,,,,,,,,,
163,11,217,217,328,217,0,8,lane_first,tdw,balanced,False,reduction:54;reduction:108,552,771222,425714544,,,,,,,,,,,
163,11,218,218,328,218,0,8,lane_first,tdw,balanced,False,reduction:54;reduction:109,552,777890,429395280,,,,,,,,,,,
163,11,219,219,328,219,0,8,lane_first,tdw,balanced,False,reduction:55;reduction:109,552,778216,429575232,,,,,,,,,,,
163,11,220,220,328,220,0,8,lane_first,tdw,balanced,False,reduction:55;reduction:110,552,785047,433345944,,,,,,,,,,,
163,11,221,221,328,221,0,8,lane_first,tdw,balanced,False,reduction:28;reduction:55;reduction:110,552,785373,433525896,,,,,,,,,,,
163,11,222,222,328,222,0,8,lane_first,tdw,balanced,False,reduction:28;reduction:55;reduction:111,552,792041,437206632,,,,,,,,,,,
163,11,223,223,328,223,0,8,lane_first,tdw,balanced,False,reduction:28;reduction:56;reduction:111,552,792367,437386584,,,,,,,,,,,
163,11,224,224,328,224,0,8,lane_first,tdw,balanced,False,reduction:28;reduction:56;reduction:112,552,799198,441157296,,,,,,,,,,,
163,11,225,225,328,225,0,8,lane_first,tdw,balanced,False,reduction:4;reduction:28;reduction:56;reduction:112,552,799524,441337248,,,,,,,,,,,
163,11,226,226,328,226,0,8,lane_first,tdw,balanced,False,reduction:4;reduction:28;reduction:56;reduction:113,552,806192,445017984,,,,,,,,,,,
163,11,227,227,328,227,0,8,lane_first,tdw,balanced,False,reduction:4;reduction:28;reduction:57;reduction:113,552,806518,445197936,,,,,,,,,,,
163,11,228,228,328,228,0,8,lane_first,tdw,balanced,False,reduction:4;reduction:28;reduction:57;reduction:114,552,813349,448968648,,,,,,,,,,,
163,11,229,229,328,229,0,8,lane_first,tdw,balanced,False,reduction:4;reduction:29;reduction:57;reduction:114,552,813675,449148600,,,,,,,,,,,
163,11,230,230,328,230,0,8,lane_first,tdw,balanced,False,reduction:4;reduction:29;reduction:57;reduction:115,552,820343,452829336,,,,,,,,,,,
163,11,231,231,328,231,0,8,lane_first,tdw,balanced,False,reduction:4;reduction:29;reduction:58;reduction:115,552,820669,453009288,,,,,,,,,,,
163,11,232,232,328,232,0,8,lane_first,tdw,balanced,False,reduction:4;reduction:29;reduction:58;reduction:116,552,827500,456780000,,,,,,,,,,,
163,11,233,233,328,233,0,8,lane_first,tdw,balanced,False,reduction:4;reduction:15;reduction:29;reduction:58;reduction:116,552,827826,456959952,,,,,,,,,,,
163,11,234,234,328,234,0,8,lane_first,tdw,balanced,False,reduction:4;reduction:15;reduction:29;reduction:58;reduction:117,552,834494,460640688,,,,,,,,,,,
163,11,235,235,328,235,0,8,lane_first,tdw,balanced,False,reduction:4;reduction:15;reduction:29;reduction:59;reduction:117,552,834820,460820640,,,,,,,,,,,
163,11,236,236,328,236,0,8,lane_first,tdw,balanced,False,reduction:4;reduction:15;reduction:29;reduction:59;reduction:118,552,841651,464591352,,,,,,,,,,,
163,11,237,237,328,237,0,8,lane_first,tdw,balanced,False,reduction:4;reduction:15;reduction:30;reduction:59;reduction:118,552,841977,464771304,,,,,,,,,,,
163,11,238,238,328,238,0,8,lane_first,tdw,balanced,False,reduction:4;reduction:15;reduction:30;reduction:59;reduction:119,552,848645,468452040,,,,,,,,,,,
163,11,239,239,328,239,0,8,lane_first,tdw,balanced,False,reduction:4;reduction:15;reduction:30;reduction:60;reduction:119,552,848971,468631992,,,,,,,,,,,
163,11,240,240,328,240,0,8,lane_first,tdw,balanced,False,reduction:4;reduction:15;reduction:30;reduction:60;reduction:120,552,855802,472402704,,,,,,,,,,,
163,11,241,241,328,241,0,8,lane_first,tdw,balanced,False,reduction:4;reduction:8;reduction:15;reduction:30;reduction:60;reduction:120,552,856128,472582656,,,,,,,,,,,
163,11,242,242,328,242,0,8,lane_first,tdw,balanced,False,reduction:4;reduction:8;reduction:15;reduction:30;reduction:60;reduction:121,552,862796,476263392,,,,,,,,,,,
163,11,243,243,328,243,0,8,lane_first,tdw,balanced,False,reduction:4;reduction:8;reduction:15;reduction:30;reduction:61;reduction:121,552,863122,476443344,,,,,,,,,,,
163,11,244,244,328,244,0,8,lane_first,tdw,balanced,False,reduction:4;reduction:8;reduction:15;reduction:30;reduction:61;reduction:122,552,869953,480214056,,,,,,,,,,,
163,11,245,245,328,245,0,8,lane_first,tdw,balanced,False,reduction:4;reduction:8;reduction:15;reduction:31;reduction:61;reduction:122,552,870279,480394008,,,,,,,,,,,
163,11,246,246,328,246,0,8,lane_first,tdw,balanced,False,reduction:4;reduction:8;reduction:15;reduction:31;reduction:61;reduction:123,552,876947,484074744,,,,,,,,,,,
163,11,247,247,328,247,0,8,lane_first,tdw,balanced,False,reduction:4;reduction:8;reduction:15;reduction:31;reduction:62;reduction:123,552,877273,484254696,,,,,,,,,,,
163,11,248,248,328,248,0,8,lane_first,tdw,balanced,False,reduction:4;reduction:8;reduction:15;reduction:31;reduction:62;reduction:124,552,884104,488025408,,,,,,,,,,,
163,11,249,249,328,249,0,8,lane_first,tdw,balanced,False,reduction:4;reduction:8;reduction:16;reduction:31;reduction:62;reduction:124,552,884430,488205360,,,,,,,,,,,
163,11,250,250,328,250,0,8,lane_first,tdw,balanced,False,reduction:4;reduction:8;reduction:16;reduction:31;reduction:62;reduction:125,552,891098,491886096,,,,,,,,,,,
163,11,251,251,328,251,0,8,lane_first,tdw,balanced,False,reduction:4;reduction:8;reduction:16;reduction:31;reduction:63;reduction:125,552,891424,492066048,,,,,,,,,,,
163,11,252,252,328,252,0,8,lane_first,tdw,balanced,False,reduction:4;reduction:8;reduction:16;reduction:31;reduction:63;reduction:126,552,898255,495836760,,,,,,,,,,,
163,11,253,253,328,253,0,8,lane_first,tdw,balanced,False,reduction:4;reduction:8;reduction:16;reduction:32;reduction:63;reduction:126,552,898581,496016712,,,,,,,,,,,
163,11,254,254,328,254,0,8,lane_first,tdw,balanced,False,reduction:4;reduction:8;reduction:16;reduction:32;reduction:63;reduction:127,552,905249,499697448,,,,,,,,,,,
163,11,255,255,328,255,0,8,lane_first,tdw,balanced,False,reduction:4;reduction:8;reduction:16;reduction:32;reduction:64;reduction:127,552,905575,499877400,,,,,,,,,,,
163,11,256,256,328,256,0,8,lane_first,tdw,balanced,False,reduction:4;reduction:8;reduction:16;reduction:32;reduction:64;reduction:128,552,912406,503648112,,,,,,,,,,,
163,11,257,257,328,257,0,9,lane_first,tdw,balanced,False,reduction:4;reduction:8;reduction:16;reduction:32;reduction:64;reduction:128,592,912732,540337344,,,,,,,,,,,
163,11,258,258,328,258,0,9,lane_first,tdw,balanced,False,reduction:4;reduction:8;reduction:16;reduction:32;reduction:64;reduction:129,600,919400,551640000,,,,,,,,,,,
163,11,259,259,328,259,0,9,lane_first,tdw,balanced,False,reduction:4;reduction:8;reduction:16;reduction:32;reduction:65;reduction:129,608,919726,559193408,,,,,,,,,,,
163,11,260,260,328,260,0,9,lane_first,tdw,balanced,False,reduction:4;reduction:8;reduction:16;reduction:32;reduction:65;reduction:130,608,926557,563346656,,,,,,,,,,,
163,11,261,261,328,261,0,9,lane_first,tdw,balanced,False,reduction:4;reduction:8;reduction:16;reduction:33;reduction:65;reduction:130,616,926883,570959928,,,,,,,,,,,
163,11,262,262,328,262,0,9,lane_first,tdw,balanced,False,reduction:4;reduction:8;reduction:16;reduction:33;reduction:65;reduction:131,616,933551,575067416,,,,,,,,,,,
163,11,263,263,328,263,0,9,lane_first,tdw,balanced,False,reduction:4;reduction:8;reduction:16;reduction:33;reduction:66;reduction:131,616,933877,575268232,,,,,,,,,,,
163,11,264,264,328,264,0,9,lane_first,tdw,balanced,False,reduction:4;reduction:8;reduction:16;reduction:33;reduction:66;reduction:132,616,940708,579476128,,,,,,,,,,,
163,11,265,265,328,265,0,9,lane_first,tdw,balanced,False,reduction:4;reduction:8;reduction:17;reduction:33;reduction:66;reduction:132,624,941034,587205216,,,,,,,,,,,
163,11,266,266,328,266,0,9,lane_first,tdw,balanced,False,reduction:4;reduction:8;reduction:17;reduction:33;reduction:66;reduction:133,624,947702,591366048,,,,,,,,,,,
163,11,267,267,328,267,0,9,lane_first,tdw,balanced,False,reduction:4;reduction:8;reduction:17;reduction:33;reduction:67;reduction:133,624,948028,591569472,,,,,,,,,,,
163,11,268,268,328,268,0,9,lane_first,tdw,balanced,False,reduction:4;reduction:8;reduction:17;reduction:33;reduction:67;reduction:134,624,954859,595832016,,,,,,,,,,,
163,11,269,269,328,269,0,9,lane_first,tdw,balanced,False,reduction:4;reduction:8;reduction:17;reduction:34;reduction:67;reduction:134,624,955185,596035440,,,,,,,,,,,
163,11,270,270,328,270,0,9,lane_first,tdw,balanced,False,reduction:4;reduction:8;reduction:17;reduction:34;reduction:67;reduction:135,624,961853,600196272,,,,,,,,,,,
163,11,271,271,328,271,0,9,lane_first,tdw,balanced,False,reduction:4;reduction:8;reduction:17;reduction:34;reduction:68;reduction:135,624,962179,600399696,,,,,,,,,,,
163,11,272,272,328,272,0,9,lane_first,tdw,balanced,False,reduction:4;reduction:8;reduction:17;reduction:34;reduction:68;reduction:136,624,969010,604662240,,,,,,,,,,,
163,11,273,273,328,273,0,9,lane_first,tdw,balanced,False,reduction:4;reduction:9;reduction:17;reduction:34;reduction:68;reduction:136,632,969336,612620352,,,,,,,,,,,
163,11,274,274,328,274,0,9,lane_first,tdw,balanced,False,reduction:4;reduction:9;reduction:17;reduction:34;reduction:68;reduction:137,632,976004,616834528,,,,,,,,,,,
163,11,275,275,328,275,0,9,lane_first,tdw,balanced,False,reduction:4;reduction:9;reduction:17;reduction:34;reduction:69;reduction:137,632,976330,617040560,,,,,,,,,,,
163,11,276,276,328,276,0,9,lane_first,tdw,balanced,False,reduction:4;reduction:9;reduction:17;reduction:34;reduction:69;reduction:138,632,983161,621357752,,,,,,,,,,,
163,11,277,277,328,277,0,9,lane_first,tdw,balanced,False,reduction:4;reduction:9;reduction:17;reduction:35;reduction:69;reduction:138,632,983487,621563784,,,,,,,,,,,
163,11,278,278,328,278,0,9,lane_first,tdw,balanced,False,reduction:4;reduction:9;reduction:17;reduction:35;reduction:69;reduction:139,632,990155,625777960,,,,,,,,,,,
163,11,279,279,328,279,0,9,lane_first,tdw,balanced,False,reduction:4;reduction:9;reduction:17;reduction:35;reduction:70;reduction:139,632,990481,625983992,,,,,,,,,,,
163,11,280,280,328,280,0,9,lane_first,tdw,balanced,False,reduction:4;reduction:9;reduction:17;reduction:35;reduction:70;reduction:140,632,997312,630301184,,,,,,,,,,,
163,11,281,281,328,281,0,9,lane_first,tdw,balanced,False,reduction:4;reduction:9;reduction:18;reduction:35;reduction:70;reduction:140,632,997638,630507216,,,,,,,,,,,
163,11,282,282,328,282,0,9,lane_first,tdw,balanced,False,reduction:4;reduction:9;reduction:18;reduction:35;reduction:70;reduction:141,632,1004306,634721392,,,,,,,,,,,
163,11,283,283,328,283,0,9,lane_first,tdw,balanced,False,reduction:4;reduction:9;reduction:18;reduction:35;reduction:71;reduction:141,632,1004632,634927424,,,,,,,,,,,
163,11,284,284,328,284,0,9,lane_first,tdw,balanced,False,reduction:4;reduction:9;reduction:18;reduction:35;reduction:71;reduction:142,632,1011463,639244616,,,,,,,,,,,
163,11,285,285,328,285,0,9,lane_first,tdw,balanced,False,reduction:4;reduction:9;reduction:18;reduction:36;reduction:71;reduction:142,632,1011789,639450648,,,,,,,,,,,
163,11,286,286,328,286,0,9,lane_first,tdw,balanced,False,reduction:4;reduction:9;reduction:18;reduction:36;reduction:71;reduction:143,632,1018457,643664824,,,,,,,,,,,
163,11,287,287,328,287,0,9,lane_first,tdw,balanced,False,reduction:4;reduction:9;reduction:18;reduction:36;reduction:72;reduction:143,632,1018783,643870856,,,,,,,,,,,
163,11,288,288,328,288,0,9,lane_first,tdw,balanced,False,reduction:4;reduction:9;reduction:18;reduction:36;reduction:72;reduction:144,632,1025614,648188048,,,,,,,,,,,
163,11,289,289,328,289,0,9,lane_first,tdw,balanced,False,reduction:5;reduction:9;reduction:18;reduction:36;reduction:72;reduction:144,640,1025940,656601600,,,,,,,,,,,
163,11,290,290,328,290,0,9,lane_first,tdw,balanced,False,reduction:5;reduction:9;reduction:18;reduction:36;reduction:72;reduction:145,640,1032608,660869120,,,,,,,,,,,
163,11,291,291,328,291,0,9,lane_first,tdw,balanced,False,reduction:5;reduction:9;reduction:18;reduction:36;reduction:73;reduction:145,640,1032934,661077760,,,,,,,,,,,
163,11,292,292,328,292,0,9,lane_first,tdw,balanced,False,reduction:5;reduction:9;reduction:18;reduction:36;reduction:73;reduction:146,640,1039765,665449600,,,,,,,,,,,
163,11,293,293,328,293,0,9,lane_first,tdw,balanced,False,reduction:5;reduction:9;reduction:18;reduction:37;reduction:73;reduction:146,640,1040091,665658240,,,,,,,,,,,
163,11,294,294,328,294,0,9,lane_first,tdw,balanced,False,reduction:5;reduction:9;reduction:18;reduction:37;reduction:73;reduction:147,640,1046759,669925760,,,,,,,,,,,
163,11,295,295,328,295,0,9,lane_first,tdw,balanced,False,reduction:5;reduction:9;reduction:18;reduction:37;reduction:74;reduction:147,640,1047085,670134400,,,,,,,,,,,
163,11,296,296,328,296,0,9,lane_first,tdw,balanced,False,reduction:5;reduction:9;reduction:18;reduction:37;reduction:74;reduction:148,640,1053916,674506240,,,,,,,,,,,
163,11,297,297,328,297,0,9,lane_first,tdw,balanced,False,reduction:5;reduction:9;reduction:19;reduction:37;reduction:74;reduction:148,640,1054242,674714880,,,,,,,,,,,
163,11,298,298,328,298,0,9,lane_first,tdw,balanced,False,reduction:5;reduction:9;reduction:19;reduction:37;reduction:74;reduction:149,640,1060910,678982400,,,,,,,,,,,
163,11,299,299,328,299,0,9,lane_first,tdw,balanced,False,reduction:5;reduction:9;reduction:19;reduction:37;reduction:75;reduction:149,640,1061236,679191040,,,,,,,,,,,
163,11,300,300,328,300,0,9,lane_first,tdw,balanced,False,reduction:5;reduction:9;reduction:19;reduction:37;reduction:75;reduction:150,640,1068067,683562880,,,,,,,,,,,
163,11,301,301,328,301,0,9,lane_first,tdw,balanced,False,reduction:5;reduction:9;reduction:19;reduction:38;reduction:75;reduction:150,640,1068393,683771520,,,,,,,,,,,
163,11,302,302,328,302,0,9,lane_first,tdw,balanced,False,reduction:5;reduction:9;reduction:19;reduction:38;reduction:75;reduction:151,640,1075061,688039040,,,,,,,,,,,
163,11,303,303,328,303,0,9,lane_first,tdw,balanced,False,reduction:5;reduction:9;reduction:19;reduction:38;reduction:76;reduction:151,640,1075387,688247680,,,,,,,,,,,
163,11,304,304,328,304,0,9,lane_first,tdw,balanced,False,reduction:5;reduction:9;reduction:19;reduction:38;reduction:76;reduction:152,640,1082218,692619520,,,,,,,,,,,
163,11,305,305,328,305,0,9,lane_first,tdw,balanced,False,reduction:5;reduction:10;reduction:19;reduction:38;reduction:76;reduction:152,640,1082544,692828160,,,,,,,,,,,
163,11,306,306,328,306,0,9,lane_first,tdw,balanced,False,reduction:5;reduction:10;reduction:19;reduction:38;reduction:76;reduction:153,640,1089212,697095680,,,,,,,,,,,
163,11,307,307,328,307,0,9,lane_first,tdw,balanced,False,reduction:5;reduction:10;reduction:19;reduction:38;reduction:77;reduction:153,640,1089538,697304320,,,,,,,,,,,
163,11,308,308,328,308,0,9,lane_first,tdw,balanced,False,reduction:5;reduction:10;reduction:19;reduction:38;reduction:77;reduction:154,640,1096369,701676160,,,,,,,,,,,
163,11,309,309,328,309,0,9,lane_first,tdw,balanced,False,reduction:5;reduction:10;reduction:19;reduction:39;reduction:77;reduction:154,640,1096695,701884800,,,,,,,,,,,
163,11,310,310,328,310,0,9,lane_first,tdw,balanced,False,reduction:5;reduction:10;reduction:19;reduction:39;reduction:77;reduction:155,640,1103363,706152320,,,,,,,,,,,
163,11,311,311,328,311,0,9,lane_first,tdw,balanced,False,reduction:5;reduction:10;reduction:19;reduction:39;reduction:78;reduction:155,640,1103689,706360960,,,,,,,,,,,
163,11,312,312,328,312,0,9,lane_first,tdw,balanced,False,reduction:5;reduction:10;reduction:19;reduction:39;reduction:78;reduction:156,640,1110520,710732800,,,,,,,,,,,
163,11,313,313,328,313,0,9,lane_first,tdw,balanced,False,reduction:5;reduction:10;reduction:20;reduction:39;reduction:78;reduction:156,640,1110846,710941440,,,,,,,,,,,
163,11,314,314,328,314,0,9,lane_first,tdw,balanced,False,reduction:5;reduction:10;reduction:20;reduction:39;reduction:78;reduction:157,640,1117514,715208960,,,,,,,,,,,
163,11,315,315,328,315,0,9,lane_first,tdw,balanced,False,reduction:5;reduction:10;reduction:20;reduction:39;reduction:79;reduction:157,640,1117840,715417600,,,,,,,,,,,
163,11,316,316,328,316,0,9,lane_first,tdw,balanced,False,reduction:5;reduction:10;reduction:20;reduction:39;reduction:79;reduction:158,640,1124671,719789440,,,,,,,,,,,
163,11,317,317,328,317,0,9,lane_first,tdw,balanced,False,reduction:5;reduction:10;reduction:20;reduction:40;reduction:79;reduction:158,640,1124997,719998080,,,,,,,,,,,
163,11,318,318,328,318,0,9,lane_first,tdw,balanced,False,reduction:5;reduction:10;reduction:20;reduction:40;reduction:79;reduction:159,640,1131665,724265600,,,,,,,,,,,
163,11,319,319,328,319,0,9,lane_first,tdw,balanced,False,reduction:5;reduction:10;reduction:20;reduction:40;reduction:80;reduction:159,640,1131991,724474240,,,,,,,,,,,
163,11,320,320,328,320,0,9,lane_first,tdw,balanced,False,reduction:5;reduction:10;reduction:20;reduction:40;reduction:80;reduction:160,640,1138822,728846080,,,,,,,,,,,
163,11,321,321,328,321,0,9,lane_first,tdw,balanced,False,reduction:5;reduction:10;reduction:20;reduction:40;reduction:80;reduction:160,648,1139148,738167904,,,,,,,,,,,
163,11,322,322,328,322,0,9,lane_first,tdw,balanced,False,reduction:5;reduction:10;reduction:20;reduction:40;reduction:80;reduction:161,648,1145816,742488768,,,,,,,,,,,
163,11,323,323,328,323,0,9,lane_first,tdw,balanced,False,reduction:5;reduction:10;reduction:20;reduction:40;reduction:81;reduction:161,648,1146142,742700016,,,,,,,,,,,
163,11,324,324,328,324,0,9,lane_first,tdw,balanced,False,reduction:5;reduction:10;reduction:20;reduction:40;reduction:81;reduction:162,648,1152973,747126504,,,,,,,,,,,
163,11,325,325,328,325,0,9,lane_first,tdw,balanced,False,reduction:5;reduction:10;reduction:20;reduction:41;reduction:81;reduction:162,648,1153299,747337752,,,,,,,,,,,
163,11,326,326,328,326,0,9,lane_first,tdw,balanced,False,reduction:5;reduction:10;reduction:20;reduction:41;reduction:81;reduction:163,648,1159967,751658616,,,,,,,,,,,
163,11,327,327,328,327,0,9,lane_first,tdw,balanced,False,reduction:5;reduction:10;reduction:20;reduction:41;reduction:82;reduction:163,648,1160293,751869864,,,,,,,,,,,
163,11,328,328,328,328,0,9,lane_first,tdw,balanced,False,reduction:5;reduction:10;reduction:20;reduction:41;reduction:82;reduction:164,640,1167124,746959360,,,,,,,,,,,
163,12,1,1,328,28,27,0,lane_first,tdw,balanced,False,tail:1,867964,34763,30173032532,,,,,,,,,,,
163,12,2,2,328,28,13,1,lane_first,tdw,balanced,False,tail:2,411540,40127,16513865580,,,,,,,,,,,
163,12,3,3,328,30,9,2,lane_first,tdw,balanced,False,tail:3,278636,46958,13084189288,,,,,,,,,,,
163,12,4,4,328,28,6,2,lane_first,tdw,balanced,False,tail:4,188480,50692,9554428160,,,,,,,,,,,
163,12,5,5,328,30,5,3,lane_first,tdw,balanced,False,tail:5,148132,57523,8520997036,,,,,,,,,,,
163,12,6,6,328,30,4,3,lane_first,tdw,balanced,False,tail:6,115876,62887,7287094012,,,,,,,,,,,
163,12,7,7,328,28,3,3,lane_first,tdw,balanced,False,tail:7,98456,66458,6543188848,,,,,,,,,,,
163,12,8,8,328,32,3,3,lane_first,tdw,balanced,False,reduction:4;tail:8,82352,75082,6183152864,,,,,,,,,,,
163,12,9,9,328,31,3,4,lane_first,tdw,balanced,False,reduction:4;tail:4;tail:9,82176,76208,6262468608,,,,,,,,,,,
163,12,10,10,328,30,2,4,lane_first,tdw,balanced,False,reduction:5;tail:10,53468,84017,4492220956,,,,,,,,,,,
163,12,11,11,328,33,2,4,lane_first,tdw,balanced,False,reduction:5;tail:11,49904,91663,4574350352,,,,,,,,,,,
163,12,12,12,328,36,2,4,lane_first,tdw,balanced,False,reduction:6;tail:12,49528,99472,4926649216,,,,,,,,,,,
163,12,13,13,328,39,2,4,lane_first,tdw,balanced,False,reduction:6;tail:13,49448,107118,5296770864,,,,,,,,,,,
163,12,14,14,328,28,1,4,lane_first,tdw,balanced,False,tail:14,49364,103517,5110013188,,,,,,,,,,,
163,12,15,15,328,30,1,4,lane_first,tdw,balanced,False,reduction:4;tail:15,24796,110348,2736189008,,,,,,,,,,,
163,12,16,16,328,32,1,4,lane_first,tdw,balanced,False,reduction:4;reduction:8;tail:16,20704,117342,2429448768,,,,,,,,,,,
163,12,17,17,328,34,1,5,lane_first,tdw,balanced,False,reduction:4;reduction:8;tail:17,18708,124173,2323028484,,,,,,,,,,,
163,12,18,18,328,36,1,5,lane_first,tdw,balanced,False,reduction:4;reduction:9;tail:18,17696,131167,2321131232,,,,,,,,,,,
163,12,19,19,328,38,1,5,lane_first,tdw,balanced,False,reduction:5;reduction:9;tail:19,17196,137998,2373013608,,,,,,,,,,,
163,12,20,20,328,40,1,5,lane_first,tdw,balanced,False,reduction:5;reduction:10;tail:20,16944,144992,2456744448,,,,,,,,,,,
163,12,21,21,328,42,1,5,lane_first,tdw,balanced,False,reduction:5;reduction:10;tail:21,16828,151823,2554877444,,,,,,,,,,,
163,12,22,22,328,44,1,5,lane_first,tdw,balanced,False,reduction:5;reduction:11;tail:22,16768,158817,2663043456,,,,,,,,,,,
163,12,23,23,328,46,1,5,lane_first,tdw,balanced,False,reduction:6;reduction:11;tail:23,16768,165648,2777585664,,,,,,,,,,,
163,12,24,24,328,48,1,5,lane_first,tdw,balanced,False,reduction:6;reduction:12;tail:24,16740,172642,2890027080,,,,,,,,,,,
163,12,25,25,328,50,1,5,lane_first,tdw,balanced,False,reduction:6;reduction:12;tail:25,16748,179473,3005813804,,,,,,,,,,,
163,12,26,26,328,42,1,5,lane_first,tdw,balanced,False,reduction:6;reduction:13;tail:16,16728,120602,2017430256,,,,,,,,,,,
163,12,27,27,328,31,1,5,lane_first,tdw,balanced,False,reduction:13;tail:4,16712,102228,1708434336,,,,,,,,,,,
163,12,28,28,328,28,0,5,lane_first,tdw,balanced,True,,16656,105799,1762188144,990952,281253180,105799,16656,383894,40615601306,1762188144,27386,h_u=2n,module_barriers,balanced_clean_arithmetic_retain_copied_outputs
163,12,29,29,328,29,0,5,lane_first,tdw,balanced,False,reduction:4,16656,106125,1767618000,,,,,,,,,,,
163,12,30,30,328,30,0,5,lane_first,tdw,balanced,False,reduction:4;reduction:15,8464,112793,954679952,,,,,,,,,,,
163,12,31,31,328,31,0,5,lane_first,tdw,balanced,False,reduction:4;reduction:8;reduction:15,8464,113119,957439216,,,,,,,,,,,
163,12,32,32,328,32,0,5,lane_first,tdw,balanced,False,reduction:4;reduction:8;reduction:16,8464,119950,1015256800,,,,,,,,,,,
163,12,33,33,328,33,0,6,lane_first,tdw,balanced,False,reduction:4;reduction:8;reduction:16,4408,120276,530176608,,,,,,,,,,,
163,12,34,34,328,34,0,6,lane_first,tdw,balanced,False,reduction:4;reduction:8;reduction:17,4416,126944,560584704,,,,,,,,,,,
163,12,35,35,328,35,0,6,lane_first,tdw,balanced,False,reduction:4;reduction:9;reduction:17,4424,127270,563042480,,,,,,,,,,,
163,12,36,36,328,36,0,6,lane_first,tdw,balanced,False,reduction:4;reduction:9;reduction:18,4424,134101,593262824,,,,,,,,,,,
163,12,37,37,328,37,0,6,lane_first,tdw,balanced,False,reduction:5;reduction:9;reduction:18,2384,134427,320473968,,,,,,,,,,,
163,12,38,38,328,38,0,6,lane_first,tdw,balanced,False,reduction:5;reduction:9;reduction:19,2384,141095,336370480,,,,,,,,,,,
163,12,39,39,328,39,0,6,lane_first,tdw,balanced,False,reduction:5;reduction:10;reduction:19,2384,141421,337147664,,,,,,,,,,,
163,12,40,40,328,40,0,6,lane_first,tdw,balanced,False,reduction:5;reduction:10;reduction:20,2384,148252,353432768,,,,,,,,,,,
163,12,41,41,328,41,0,6,lane_first,tdw,balanced,False,reduction:5;reduction:10;reduction:20,1368,148578,203254704,,,,,,,,,,,
163,12,42,42,328,42,0,6,lane_first,tdw,balanced,False,reduction:5;reduction:10;reduction:21,1368,155246,212376528,,,,,,,,,,,
163,12,43,43,328,43,0,6,lane_first,tdw,balanced,False,reduction:5;reduction:11;reduction:21,1368,155572,212822496,,,,,,,,,,,
163,12,44,44,328,44,0,6,lane_first,tdw,balanced,False,reduction:5;reduction:11;reduction:22,1368,162403,222167304,,,,,,,,,,,
163,12,45,45,328,45,0,6,lane_first,tdw,balanced,False,reduction:6;reduction:11;reduction:22,1368,162729,222613272,,,,,,,,,,,
163,12,46,46,328,46,0,6,lane_first,tdw,balanced,False,reduction:6;reduction:11;reduction:23,1368,169397,231735096,,,,,,,,,,,
163,12,47,47,328,47,0,6,lane_first,tdw,balanced,False,reduction:6;reduction:12;reduction:23,856,169723,145282888,,,,,,,,,,,
163,12,48,48,328,48,0,6,lane_first,tdw,balanced,False,reduction:6;reduction:12;reduction:24,856,176554,151130224,,,,,,,,,,,
163,12,49,49,328,49,0,6,lane_first,tdw,balanced,False,reduction:6;reduction:12;reduction:24,864,176880,152824320,,,,,,,,,,,
163,12,50,50,328,50,0,6,lane_first,tdw,balanced,False,reduction:6;reduction:12;reduction:25,864,183548,158585472,,,,,,,,,,,
163,12,51,51,328,51,0,6,lane_first,tdw,balanced,False,reduction:6;reduction:13;reduction:25,864,183874,158867136,,,,,,,,,,,
163,12,52,52,328,52,0,6,lane_first,tdw,balanced,False,reduction:6;reduction:13;reduction:26,864,190705,164769120,,,,,,,,,,,
163,12,53,53,328,53,0,6,lane_first,tdw,balanced,False,reduction:13;reduction:26,864,191031,165050784,,,,,,,,,,,
163,12,54,54,328,54,0,6,lane_first,tdw,balanced,False,reduction:13,864,197699,170811936,,,,,,,,,,,
163,12,55,55,328,55,0,6,lane_first,tdw,balanced,True,,608,198025,120399200,1122328,167316138,198025,608,264098,52298006450,120399200,53792,h_u=2n,module_barriers,balanced_clean_arithmetic_retain_copied_outputs
163,12,56,56,328,56,0,6,lane_first,tdw,balanced,False,reduction:28,608,204856,124552448,,,,,,,,,,,
163,12,57,57,328,57,0,6,lane_first,tdw,balanced,False,reduction:4;reduction:28,608,205182,124750656,,,,,,,,,,,
163,12,58,58,328,58,0,6,lane_first,tdw,balanced,False,reduction:4;reduction:29,608,211850,128804800,,,,,,,,,,,
163,12,59,59,328,59,0,6,lane_first,tdw,balanced,False,reduction:4;reduction:15;reduction:29,608,212176,129003008,,,,,,,,,,,
163,12,60,60,328,60,0,6,lane_first,tdw,balanced,False,reduction:4;reduction:15;reduction:30,608,219007,133156256,,,,,,,,,,,
163,12,61,61,328,61,0,6,lane_first,tdw,balanced,False,reduction:4;reduction:8;reduction:15;reduction:30,608,219333,133354464,,,,,,,,,,,
163,12,62,62,328,62,0,6,lane_first,tdw,balanced,False,reduction:4;reduction:8;reduction:15;reduction:31,608,226001,137408608,,,,,,,,,,,
163,12,63,63,328,63,0,6,lane_first,tdw,balanced,False,reduction:4;reduction:8;reduction:16;reduction:31,608,226327,137606816,,,,,,,,,,,
163,12,64,64,328,64,0,6,lane_first,tdw,balanced,False,reduction:4;reduction:8;reduction:16;reduction:32,608,233158,141760064,,,,,,,,,,,
163,12,65,65,328,65,0,7,lane_first,tdw,balanced,False,reduction:4;reduction:8;reduction:16;reduction:32,648,233484,151297632,,,,,,,,,,,
163,12,66,66,328,66,0,7,lane_first,tdw,balanced,False,reduction:4;reduction:8;reduction:16;reduction:33,528,240152,126800256,,,,,,,,,,,
163,12,67,67,328,67,0,7,lane_first,tdw,balanced,False,reduction:4;reduction:8;reduction:17;reduction:33,536,240478,128896208,,,,,,,,,,,
163,12,68,68,328,68,0,7,lane_first,tdw,balanced,False,reduction:4;reduction:8;reduction:17;reduction:34,536,247309,132557624,,,,,,,,,,,
163,12,69,69,328,69,0,7,lane_first,tdw,balanced,False,reduction:4;reduction:9;reduction:17;reduction:34,544,247635,134713440,,,,,,,,,,,
163,12,70,70,328,70,0,7,lane_first,tdw,balanced,False,reduction:4;reduction:9;reduction:17;reduction:35,544,254303,138340832,,,,,,,,,,,
163,12,71,71,328,71,0,7,lane_first,tdw,balanced,False,reduction:4;reduction:9;reduction:18;reduction:35,544,254629,138518176,,,,,,,,,,,
163,12,72,72,328,72,0,7,lane_first,tdw,balanced,False,reduction:4;reduction:9;reduction:18;reduction:36,544,261460,142234240,,,,,,,,,,,
163,12,73,73,328,73,0,7,lane_first,tdw,balanced,False,reduction:5;reduction:9;reduction:18;reduction:36,552,261786,144505872,,,,,,,,,,,
163,12,74,74,328,74,0,7,lane_first,tdw,balanced,False,reduction:5;reduction:9;reduction:18;reduction:37,552,268454,148186608,,,,,,,,,,,
163,12,75,75,328,75,0,7,lane_first,tdw,balanced,False,reduction:5;reduction:9;reduction:19;reduction:37,552,268780,148366560,,,,,,,,,,,
163,12,76,76,328,76,0,7,lane_first,tdw,balanced,False,reduction:5;reduction:9;reduction:19;reduction:38,552,275611,152137272,,,,,,,,,,,
163,12,77,77,328,77,0,7,lane_first,tdw,balanced,False,reduction:5;reduction:10;reduction:19;reduction:38,552,275937,152317224,,,,,,,,,,,
163,12,78,78,328,78,0,7,lane_first,tdw,balanced,False,reduction:5;reduction:10;reduction:19;reduction:39,552,282605,155997960,,,,,,,,,,,
163,12,79,79,328,79,0,7,lane_first,tdw,balanced,False,reduction:5;reduction:10;reduction:20;reduction:39,552,282931,156177912,,,,,,,,,,,
163,12,80,80,328,80,0,7,lane_first,tdw,balanced,False,reduction:5;reduction:10;reduction:20;reduction:40,552,289762,159948624,,,,,,,,,,,
163,12,81,81,328,81,0,7,lane_first,tdw,balanced,False,reduction:5;reduction:10;reduction:20;reduction:40,560,290088,162449280,,,,,,,,,,,
163,12,82,82,328,82,0,7,lane_first,tdw,balanced,False,reduction:5;reduction:10;reduction:20;reduction:41,496,296756,147190976,,,,,,,,,,,
163,12,83,83,328,83,0,7,lane_first,tdw,balanced,False,reduction:5;reduction:10;reduction:21;reduction:41,496,297082,147352672,,,,,,,,,,,
163,12,84,84,328,84,0,7,lane_first,tdw,balanced,False,reduction:5;reduction:10;reduction:21;reduction:42,496,303913,150740848,,,,,,,,,,,
163,12,85,85,328,85,0,7,lane_first,tdw,balanced,False,reduction:5;reduction:11;reduction:21;reduction:42,496,304239,150902544,,,,,,,,,,,
163,12,86,86,328,86,0,7,lane_first,tdw,balanced,False,reduction:5;reduction:11;reduction:21;reduction:43,496,310907,154209872,,,,,,,,,,,
163,12,87,87,328,87,0,7,lane_first,tdw,balanced,False,reduction:5;reduction:11;reduction:22;reduction:43,496,311233,154371568,,,,,,,,,,,
163,12,88,88,328,88,0,7,lane_first,tdw,balanced,False,reduction:5;reduction:11;reduction:22;reduction:44,496,318064,157759744,,,,,,,,,,,
163,12,89,89,328,89,0,7,lane_first,tdw,balanced,False,reduction:6;reduction:11;reduction:22;reduction:44,496,318390,157921440,,,,,,,,,,,
163,12,90,90,328,90,0,7,lane_first,tdw,balanced,False,reduction:6;reduction:11;reduction:22;reduction:45,496,325058,161228768,,,,,,,,,,,
163,12,91,91,328,91,0,7,lane_first,tdw,balanced,False,reduction:6;reduction:11;reduction:23;reduction:45,496,325384,161390464,,,,,,,,,,,
163,12,92,92,328,92,0,7,lane_first,tdw,balanced,False,reduction:6;reduction:11;reduction:23;reduction:46,496,332215,164778640,,,,,,,,,,,
163,12,93,93,328,93,0,7,lane_first,tdw,balanced,False,reduction:6;reduction:12;reduction:23;reduction:46,496,332541,164940336,,,,,,,,,,,
163,12,94,94,328,94,0,7,lane_first,tdw,balanced,False,reduction:6;reduction:12;reduction:23;reduction:47,496,339209,168247664,,,,,,,,,,,
163,12,95,95,328,95,0,7,lane_first,tdw,balanced,False,reduction:6;reduction:12;reduction:24;reduction:47,496,339535,168409360,,,,,,,,,,,
163,12,96,96,328,96,0,7,lane_first,tdw,balanced,False,reduction:6;reduction:12;reduction:24;reduction:48,496,346366,171797536,,,,,,,,,,,
163,12,97,97,328,97,0,7,lane_first,tdw,balanced,False,reduction:6;reduction:12;reduction:24;reduction:48,504,346692,174732768,,,,,,,,,,,
163,12,98,98,328,98,0,7,lane_first,tdw,balanced,False,reduction:6;reduction:12;reduction:24;reduction:49,504,353360,178093440,,,,,,,,,,,
163,12,99,99,328,99,0,7,lane_first,tdw,balanced,False,reduction:6;reduction:12;reduction:25;reduction:49,504,353686,178257744,,,,,,,,,,,
163,12,100,100,328,100,0,7,lane_first,tdw,balanced,False,reduction:6;reduction:12;reduction:25;reduction:50,504,360517,181700568,,,,,,,,,,,
163,12,101,101,328,101,0,7,lane_first,tdw,balanced,False,reduction:6;reduction:13;reduction:25;reduction:50,504,360843,181864872,,,,,,,,,,,
163,12,102,102,328,102,0,7,lane_first,tdw,balanced,False,reduction:6;reduction:13;reduction:25;reduction:51,504,367511,185225544,,,,,,,,,,,
163,12,103,103,328,103,0,7,lane_first,tdw,balanced,False,reduction:6;reduction:13;reduction:26;reduction:51,504,367837,185389848,,,,,,,,,,,
163,12,104,104,328,104,0,7,lane_first,tdw,balanced,False,reduction:6;reduction:13;reduction:26;reduction:52,504,374668,188832672,,,,,,,,,,,
163,12,105,105,328,105,0,7,lane_first,tdw,balanced,False,reduction:13;reduction:26;reduction:52,504,374994,188996976,,,,,,,,,,,
163,12,106,106,328,106,0,7,lane_first,tdw,balanced,False,reduction:13;reduction:26;reduction:53,504,381662,192357648,,,,,,,,,,,
163,12,107,107,328,107,0,7,lane_first,tdw,balanced,False,reduction:13;reduction:53,504,381988,192521952,,,,,,,,,,,
163,12,108,108,328,108,0,7,lane_first,tdw,balanced,False,reduction:13;reduction:54,504,388819,195964776,,,,,,,,,,,
163,12,109,109,328,109,0,7,lane_first,tdw,balanced,False,reduction:54,504,389145,196129080,,,,,,,,,,,
163,12,110,110,328,110,0,7,lane_first,tdw,balanced,False,reduction:55,472,395813,186823736,,,,,,,,,,,
163,12,111,111,328,111,0,7,lane_first,tdw,balanced,False,reduction:28;reduction:55,472,396139,186977608,,,,,,,,,,,
163,12,112,112,328,112,0,7,lane_first,tdw,balanced,False,reduction:28;reduction:56,472,402970,190201840,,,,,,,,,,,
163,12,113,113,328,113,0,7,lane_first,tdw,balanced,False,reduction:4;reduction:28;reduction:56,472,403296,190355712,,,,,,,,,,,
163,12,114,114,328,114,0,7,lane_first,tdw,balanced,False,reduction:4;reduction:28;reduction:57,472,409964,193503008,,,,,,,,,,,
163,12,115,115,328,115,0,7,lane_first,tdw,balanced,False,reduction:4;reduction:29;reduction:57,472,410290,193656880,,,,,,,,,,,
163,12,116,116,328,116,0,7,lane_first,tdw,balanced,False,reduction:4;reduction:29;reduction:58,472,417121,196881112,,,,,,,,,,,
163,12,117,117,328,117,0,7,lane_first,tdw,balanced,False,reduction:4;reduction:15;reduction:29;reduction:58,472,417447,197034984,,,,,,,,,,,
163,12,118,118,328,118,0,7,lane_first,tdw,balanced,False,reduction:4;reduction:15;reduction:29;reduction:59,472,424115,200182280,,,,,,,,,,,
163,12,119,119,328,119,0,7,lane_first,tdw,balanced,False,reduction:4;reduction:15;reduction:30;reduction:59,472,424441,200336152,,,,,,,,,,,
163,12,120,120,328,120,0,7,lane_first,tdw,balanced,False,reduction:4;reduction:15;reduction:30;reduction:60,472,431272,203560384,,,,,,,,,,,
163,12,121,121,328,121,0,7,lane_first,tdw,balanced,False,reduction:4;reduction:8;reduction:15;reduction:30;reduction:60,472,431598,203714256,,,,,,,,,,,
163,12,122,122,328,122,0,7,lane_first,tdw,balanced,False,reduction:4;reduction:8;reduction:15;reduction:30;reduction:61,472,438266,206861552,,,,,,,,,,,
163,12,123,123,328,123,0,7,lane_first,tdw,balanced,False,reduction:4;reduction:8;reduction:15;reduction:31;reduction:61,472,438592,207015424,,,,,,,,,,,
163,12,124,124,328,124,0,7,lane_first,tdw,balanced,False,reduction:4;reduction:8;reduction:15;reduction:31;reduction:62,472,445423,210239656,,,,,,,,,,,
163,12,125,125,328,125,0,7,lane_first,tdw,balanced,False,reduction:4;reduction:8;reduction:16;reduction:31;reduction:62,472,445749,210393528,,,,,,,,,,,
163,12,126,126,328,126,0,7,lane_first,tdw,balanced,False,reduction:4;reduction:8;reduction:16;reduction:31;reduction:63,472,452417,213540824,,,,,,,,,,,
163,12,127,127,328,127,0,7,lane_first,tdw,balanced,False,reduction:4;reduction:8;reduction:16;reduction:32;reduction:63,472,452743,213694696,,,,,,,,,,,
163,12,128,128,328,128,0,7,lane_first,tdw,balanced,False,reduction:4;reduction:8;reduction:16;reduction:32;reduction:64,472,459574,216918928,,,,,,,,,,,
163,12,129,129,328,129,0,8,lane_first,tdw,balanced,False,reduction:4;reduction:8;reduction:16;reduction:32;reduction:64,512,459900,235468800,,,,,,,,,,,
163,12,130,130,328,130,0,8,lane_first,tdw,balanced,False,reduction:4;reduction:8;reduction:16;reduction:32;reduction:65,520,466568,242615360,,,,,,,,,,,
163,12,131,131,328,131,0,8,lane_first,tdw,balanced,False,reduction:4;reduction:8;reduction:16;reduction:33;reduction:65,528,466894,246520032,,,,,,,,,,,
163,12,132,132,328,132,0,8,lane_first,tdw,balanced,False,reduction:4;reduction:8;reduction:16;reduction:33;reduction:66,528,473725,250126800,,,,,,,,,,,
163,12,133,133,328,133,0,8,lane_first,tdw,balanced,False,reduction:4;reduction:8;reduction:17;reduction:33;reduction:66,536,474051,254091336,,,,,,,,,,,
163,12,134,134,328,134,0,8,lane_first,tdw,balanced,False,reduction:4;reduction:8;reduction:17;reduction:33;reduction:67,536,480719,257665384,,,,,,,,,,,
163,12,135,135,328,135,0,8,lane_first,tdw,balanced,False,reduction:4;reduction:8;reduction:17;reduction:34;reduction:67,536,481045,257840120,,,,,,,,,,,
163,12,136,136,328,136,0,8,lane_first,tdw,balanced,False,reduction:4;reduction:8;reduction:17;reduction:34;reduction:68,536,487876,261501536,,,,,,,,,,,
163,12,137,137,328,137,0,8,lane_first,tdw,balanced,False,reduction:4;reduction:9;reduction:17;reduction:34;reduction:68,544,488202,265581888,,,,,,,,,,,
163,12,138,138,328,138,0,8,lane_first,tdw,balanced,False,reduction:4;reduction:9;reduction:17;reduction:34;reduction:69,544,494870,269209280,,,,,,,,,,,
163,12,139,139,328,139,0,8,lane_first,tdw,balanced,False,reduction:4;reduction:9;reduction:17;reduction:35;reduction:69,544,495196,269386624,,,,,,,,,,,
163,12,140,140,328,140,0,8,lane_first,tdw,balanced,False,reduction:4;reduction:9;reduction:17;reduction:35;reduction:70,544,502027,273102688,,,,,,,,,,,
163,12,141,141,328,141,0,8,lane_first,tdw,balanced,False,reduction:4;reduction:9;reduction:18;reduction:35;reduction:70,544,502353,273280032,,,,,,,,,,,
163,12,142,142,328,142,0,8,lane_first,tdw,balanced,False,reduction:4;reduction:9;reduction:18;reduction:35;reduction:71,544,509021,276907424,,,,,,,,,,,
163,12,143,143,328,143,0,8,lane_first,tdw,balanced,False,reduction:4;reduction:9;reduction:18;reduction:36;reduction:71,544,509347,277084768,,,,,,,,,,,
163,12,144,144,328,144,0,8,lane_first,tdw,balanced,False,reduction:4;reduction:9;reduction:18;reduction:36;reduction:72,544,516178,280800832,,,,,,,,,,,
163,12,145,145,328,145,0,8,lane_first,tdw,balanced,False,reduction:5;reduction:9;reduction:18;reduction:36;reduction:72,552,516504,285110208,,,,,,,,,,,
163,12,146,146,328,146,0,8,lane_first,tdw,balanced,False,reduction:5;reduction:9;reduction:18;reduction:36;reduction:73,552,523172,288790944,,,,,,,,,,,
163,12,147,147,328,147,0,8,lane_first,tdw,balanced,False,reduction:5;reduction:9;reduction:18;reduction:37;reduction:73,552,523498,288970896,,,,,,,,,,,
163,12,148,148,328,148,0,8,lane_first,tdw,balanced,False,reduction:5;reduction:9;reduction:18;reduction:37;reduction:74,552,530329,292741608,,,,,,,,,,,
163,12,149,149,328,149,0,8,lane_first,tdw,balanced,False,reduction:5;reduction:9;reduction:19;reduction:37;reduction:74,552,530655,292921560,,,,,,,,,,,
163,12,150,150,328,150,0,8,lane_first,tdw,balanced,False,reduction:5;reduction:9;reduction:19;reduction:37;reduction:75,552,537323,296602296,,,,,,,,,,,
163,12,151,151,328,151,0,8,lane_first,tdw,balanced,False,reduction:5;reduction:9;reduction:19;reduction:38;reduction:75,552,537649,296782248,,,,,,,,,,,
163,12,152,152,328,152,0,8,lane_first,tdw,balanced,False,reduction:5;reduction:9;reduction:19;reduction:38;reduction:76,552,544480,300552960,,,,,,,,,,,
163,12,153,153,328,153,0,8,lane_first,tdw,balanced,False,reduction:5;reduction:10;reduction:19;reduction:38;reduction:76,552,544806,300732912,,,,,,,,,,,
163,12,154,154,328,154,0,8,lane_first,tdw,balanced,False,reduction:5;reduction:10;reduction:19;reduction:38;reduction:77,552,551474,304413648,,,,,,,,,,,
163,12,155,155,328,155,0,8,lane_first,tdw,balanced,False,reduction:5;reduction:10;reduction:19;reduction:39;reduction:77,552,551800,304593600,,,,,,,,,,,
163,12,156,156,328,156,0,8,lane_first,tdw,balanced,False,reduction:5;reduction:10;reduction:19;reduction:39;reduction:78,552,558631,308364312,,,,,,,,,,,
163,12,157,157,328,157,0,8,lane_first,tdw,balanced,False,reduction:5;reduction:10;reduction:20;reduction:39;reduction:78,552,558957,308544264,,,,,,,,,,,
163,12,158,158,328,158,0,8,lane_first,tdw,balanced,False,reduction:5;reduction:10;reduction:20;reduction:39;reduction:79,552,565625,312225000,,,,,,,,,,,
163,12,159,159,328,159,0,8,lane_first,tdw,balanced,False,reduction:5;reduction:10;reduction:20;reduction:40;reduction:79,552,565951,312404952,,,,,,,,,,,
163,12,160,160,328,160,0,8,lane_first,tdw,balanced,False,reduction:5;reduction:10;reduction:20;reduction:40;reduction:80,552,572782,316175664,,,,,,,,,,,
163,12,161,161,328,161,0,8,lane_first,tdw,balanced,False,reduction:5;reduction:10;reduction:20;reduction:40;reduction:80,560,573108,320940480,,,,,,,,,,,
163,12,162,162,328,162,0,8,lane_first,tdw,balanced,False,reduction:5;reduction:10;reduction:20;reduction:40;reduction:81,560,579776,324674560,,,,,,,,,,,
163,12,163,163,328,163,0,8,lane_first,tdw,balanced,False,reduction:5;reduction:10;reduction:20;reduction:41;reduction:81,560,580102,324857120,,,,,,,,,,,
163,12,164,164,328,164,0,8,lane_first,tdw,balanced,False,reduction:5;reduction:10;reduction:20;reduction:41;reduction:82,544,586933,319291552,,,,,,,,,,,
163,12,165,165,328,165,0,8,lane_first,tdw,balanced,False,reduction:5;reduction:10;reduction:21;reduction:41;reduction:82,544,587259,319468896,,,,,,,,,,,
163,12,166,166,328,166,0,8,lane_first,tdw,balanced,False,reduction:5;reduction:10;reduction:21;reduction:41;reduction:83,544,593927,323096288,,,,,,,,,,,
163,12,167,167,328,167,0,8,lane_first,tdw,balanced,False,reduction:5;reduction:10;reduction:21;reduction:42;reduction:83,544,594253,323273632,,,,,,,,,,,
163,12,168,168,328,168,0,8,lane_first,tdw,balanced,False,reduction:5;reduction:10;reduction:21;reduction:42;reduction:84,544,601084,326989696,,,,,,,,,,,
163,12,169,169,328,169,0,8,lane_first,tdw,balanced,False,reduction:5;reduction:11;reduction:21;reduction:42;reduction:84,544,601410,327167040,,,,,,,,,,,
163,12,170,170,328,170,0,8,lane_first,tdw,balanced,False,reduction:5;reduction:11;reduction:21;reduction:42;reduction:85,544,608078,330794432,,,,,,,,,,,
163,12,171,171,328,171,0,8,lane_first,tdw,balanced,False,reduction:5;reduction:11;reduction:21;reduction:43;reduction:85,544,608404,330971776,,,,,,,,,,,
163,12,172,172,328,172,0,8,lane_first,tdw,balanced,False,reduction:5;reduction:11;reduction:21;reduction:43;reduction:86,544,615235,334687840,,,,,,,,,,,
163,12,173,173,328,173,0,8,lane_first,tdw,balanced,False,reduction:5;reduction:11;reduction:22;reduction:43;reduction:86,544,615561,334865184,,,,,,,,,,,
163,12,174,174,328,174,0,8,lane_first,tdw,balanced,False,reduction:5;reduction:11;reduction:22;reduction:43;reduction:87,544,622229,338492576,,,,,,,,,,,
163,12,175,175,328,175,0,8,lane_first,tdw,balanced,False,reduction:5;reduction:11;reduction:22;reduction:44;reduction:87,544,622555,338669920,,,,,,,,,,,
163,12,176,176,328,176,0,8,lane_first,tdw,balanced,False,reduction:5;reduction:11;reduction:22;reduction:44;reduction:88,544,629386,342385984,,,,,,,,,,,
163,12,177,177,328,177,0,8,lane_first,tdw,balanced,False,reduction:6;reduction:11;reduction:22;reduction:44;reduction:88,544,629712,342563328,,,,,,,,,,,
163,12,178,178,328,178,0,8,lane_first,tdw,balanced,False,reduction:6;reduction:11;reduction:22;reduction:44;reduction:89,544,636380,346190720,,,,,,,,,,,
163,12,179,179,328,179,0,8,lane_first,tdw,balanced,False,reduction:6;reduction:11;reduction:22;reduction:45;reduction:89,544,636706,346368064,,,,,,,,,,,
163,12,180,180,328,180,0,8,lane_first,tdw,balanced,False,reduction:6;reduction:11;reduction:22;reduction:45;reduction:90,544,643537,350084128,,,,,,,,,,,
163,12,181,181,328,181,0,8,lane_first,tdw,balanced,False,reduction:6;reduction:11;reduction:23;reduction:45;reduction:90,544,643863,350261472,,,,,,,,,,,
163,12,182,182,328,182,0,8,lane_first,tdw,balanced,False,reduction:6;reduction:11;reduction:23;reduction:45;reduction:91,544,650531,353888864,,,,,,,,,,,
163,12,183,183,328,183,0,8,lane_first,tdw,balanced,False,reduction:6;reduction:11;reduction:23;reduction:46;reduction:91,544,650857,354066208,,,,,,,,,,,
163,12,184,184,328,184,0,8,lane_first,tdw,balanced,False,reduction:6;reduction:11;reduction:23;reduction:46;reduction:92,544,657688,357782272,,,,,,,,,,,
163,12,185,185,328,185,0,8,lane_first,tdw,balanced,False,reduction:6;reduction:12;reduction:23;reduction:46;reduction:92,544,658014,357959616,,,,,,,,,,,
163,12,186,186,328,186,0,8,lane_first,tdw,balanced,False,reduction:6;reduction:12;reduction:23;reduction:46;reduction:93,544,664682,361587008,,,,,,,,,,,
163,12,187,187,328,187,0,8,lane_first,tdw,balanced,False,reduction:6;reduction:12;reduction:23;reduction:47;reduction:93,544,665008,361764352,,,,,,,,,,,
163,12,188,188,328,188,0,8,lane_first,tdw,balanced,False,reduction:6;reduction:12;reduction:23;reduction:47;reduction:94,544,671839,365480416,,,,,,,,,,,
163,12,189,189,328,189,0,8,lane_first,tdw,balanced,False,reduction:6;reduction:12;reduction:24;reduction:47;reduction:94,544,672165,365657760,,,,,,,,,,,
163,12,190,190,328,190,0,8,lane_first,tdw,balanced,False,reduction:6;reduction:12;reduction:24;reduction:47;reduction:95,544,678833,369285152,,,,,,,,,,,
163,12,191,191,328,191,0,8,lane_first,tdw,balanced,False,reduction:6;reduction:12;reduction:24;reduction:48;reduction:95,544,679159,369462496,,,,,,,,,,,
163,12,192,192,328,192,0,8,lane_first,tdw,balanced,False,reduction:6;reduction:12;reduction:24;reduction:48;reduction:96,544,685990,373178560,,,,,,,,,,,
163,12,193,193,328,193,0,8,lane_first,tdw,balanced,False,reduction:6;reduction:12;reduction:24;reduction:48;reduction:96,552,686316,378846432,,,,,,,,,,,
163,12,194,194,328,194,0,8,lane_first,tdw,balanced,False,reduction:6;reduction:12;reduction:24;reduction:48;reduction:97,552,692984,382527168,,,,,,,,,,,
163,12,195,195,328,195,0,8,lane_first,tdw,balanced,False,reduction:6;reduction:12;reduction:24;reduction:49;reduction:97,552,693310,382707120,,,,,,,,,,,
163,12,196,196,328,196,0,8,lane_first,tdw,balanced,False,reduction:6;reduction:12;reduction:24;reduction:49;reduction:98,552,700141,386477832,,,,,,,,,,,
163,12,197,197,328,197,0,8,lane_first,tdw,balanced,False,reduction:6;reduction:12;reduction:25;reduction:49;reduction:98,552,700467,386657784,,,,,,,,,,,
163,12,198,198,328,198,0,8,lane_first,tdw,balanced,False,reduction:6;reduction:12;reduction:25;reduction:49;reduction:99,552,707135,390338520,,,,,,,,,,,
163,12,199,199,328,199,0,8,lane_first,tdw,balanced,False,reduction:6;reduction:12;reduction:25;reduction:50;reduction:99,552,707461,390518472,,,,,,,,,,,
163,12,200,200,328,200,0,8,lane_first,tdw,balanced,False,reduction:6;reduction:12;reduction:25;reduction:50;reduction:100,552,714292,394289184,,,,,,,,,,,
163,12,201,201,328,201,0,8,lane_first,tdw,balanced,False,reduction:6;reduction:13;reduction:25;reduction:50;reduction:100,552,714618,394469136,,,,,,,,,,,
163,12,202,202,328,202,0,8,lane_first,tdw,balanced,False,reduction:6;reduction:13;reduction:25;reduction:50;reduction:101,552,721286,398149872,,,,,,,,,,,
163,12,203,203,328,203,0,8,lane_first,tdw,balanced,False,reduction:6;reduction:13;reduction:25;reduction:51;reduction:101,552,721612,398329824,,,,,,,,,,,
163,12,204,204,328,204,0,8,lane_first,tdw,balanced,False,reduction:6;reduction:13;reduction:25;reduction:51;reduction:102,552,728443,402100536,,,,,,,,,,,
163,12,205,205,328,205,0,8,lane_first,tdw,balanced,False,reduction:6;reduction:13;reduction:26;reduction:51;reduction:102,552,728769,402280488,,,,,,,,,,,
163,12,206,206,328,206,0,8,lane_first,tdw,balanced,False,reduction:6;reduction:13;reduction:26;reduction:51;reduction:103,552,735437,405961224,,,,,,,,,,,
163,12,207,207,328,207,0,8,lane_first,tdw,balanced,False,reduction:6;reduction:13;reduction:26;reduction:52;reduction:103,552,735763,406141176,,,,,,,,,,,
163,12,208,208,328,208,0,8,lane_first,tdw,balanced,False,reduction:6;reduction:13;reduction:26;reduction:52;reduction:104,552,742594,409911888,,,,,,,,,,,
163,12,209,209,328,209,0,8,lane_first,tdw,balanced,False,reduction:13;reduction:26;reduction:52;reduction:104,552,742920,410091840,,,,,,,,,,,
163,12,210,210,328,210,0,8,lane_first,tdw,balanced,False,reduction:13;reduction:26;reduction:52;reduction:105,552,749588,413772576,,,,,,,,,,,
163,12,211,211,328,211,0,8,lane_first,tdw,balanced,False,reduction:13;reduction:26;reduction:53;reduction:105,552,749914,413952528,,,,,,,,,,,
163,12,212,212,328,212,0,8,lane_first,tdw,balanced,False,reduction:13;reduction:26;reduction:53;reduction:106,552,756745,417723240,,,,,,,,,,,
163,12,213,213,328,213,0,8,lane_first,tdw,balanced,False,reduction:13;reduction:53;reduction:106,552,757071,417903192,,,,,,,,,,,
163,12,214,214,328,214,0,8,lane_first,tdw,balanced,False,reduction:13;reduction:53;reduction:107,552,763739,421583928,,,,,,,,,,,
163,12,215,215,328,215,0,8,lane_first,tdw,balanced,False,reduction:13;reduction:54;reduction:107,552,764065,421763880,,,,,,,,,,,
163,12,216,216,328,216,0,8,lane_first,tdw,balanced,False,reduction:13;reduction:54;reduction:108,552,770896,425534592,,,,,,,,,,,
163,12,217,217,328,217,0,8,lane_first,tdw,balanced,False,reduction:54;reduction:108,552,771222,425714544,,,,,,,,,,,
163,12,218,218,328,218,0,8,lane_first,tdw,balanced,False,reduction:54;reduction:109,552,777890,429395280,,,,,,,,,,,
163,12,219,219,328,219,0,8,lane_first,tdw,balanced,False,reduction:55;reduction:109,552,778216,429575232,,,,,,,,,,,
163,12,220,220,328,220,0,8,lane_first,tdw,balanced,False,reduction:55;reduction:110,552,785047,433345944,,,,,,,,,,,
163,12,221,221,328,221,0,8,lane_first,tdw,balanced,False,reduction:28;reduction:55;reduction:110,552,785373,433525896,,,,,,,,,,,
163,12,222,222,328,222,0,8,lane_first,tdw,balanced,False,reduction:28;reduction:55;reduction:111,552,792041,437206632,,,,,,,,,,,
163,12,223,223,328,223,0,8,lane_first,tdw,balanced,False,reduction:28;reduction:56;reduction:111,552,792367,437386584,,,,,,,,,,,
163,12,224,224,328,224,0,8,lane_first,tdw,balanced,False,reduction:28;reduction:56;reduction:112,552,799198,441157296,,,,,,,,,,,
163,12,225,225,328,225,0,8,lane_first,tdw,balanced,False,reduction:4;reduction:28;reduction:56;reduction:112,552,799524,441337248,,,,,,,,,,,
163,12,226,226,328,226,0,8,lane_first,tdw,balanced,False,reduction:4;reduction:28;reduction:56;reduction:113,552,806192,445017984,,,,,,,,,,,
163,12,227,227,328,227,0,8,lane_first,tdw,balanced,False,reduction:4;reduction:28;reduction:57;reduction:113,552,806518,445197936,,,,,,,,,,,
163,12,228,228,328,228,0,8,lane_first,tdw,balanced,False,reduction:4;reduction:28;reduction:57;reduction:114,552,813349,448968648,,,,,,,,,,,
163,12,229,229,328,229,0,8,lane_first,tdw,balanced,False,reduction:4;reduction:29;reduction:57;reduction:114,552,813675,449148600,,,,,,,,,,,
163,12,230,230,328,230,0,8,lane_first,tdw,balanced,False,reduction:4;reduction:29;reduction:57;reduction:115,552,820343,452829336,,,,,,,,,,,
163,12,231,231,328,231,0,8,lane_first,tdw,balanced,False,reduction:4;reduction:29;reduction:58;reduction:115,552,820669,453009288,,,,,,,,,,,
163,12,232,232,328,232,0,8,lane_first,tdw,balanced,False,reduction:4;reduction:29;reduction:58;reduction:116,552,827500,456780000,,,,,,,,,,,
163,12,233,233,328,233,0,8,lane_first,tdw,balanced,False,reduction:4;reduction:15;reduction:29;reduction:58;reduction:116,552,827826,456959952,,,,,,,,,,,
163,12,234,234,328,234,0,8,lane_first,tdw,balanced,False,reduction:4;reduction:15;reduction:29;reduction:58;reduction:117,552,834494,460640688,,,,,,,,,,,
163,12,235,235,328,235,0,8,lane_first,tdw,balanced,False,reduction:4;reduction:15;reduction:29;reduction:59;reduction:117,552,834820,460820640,,,,,,,,,,,
163,12,236,236,328,236,0,8,lane_first,tdw,balanced,False,reduction:4;reduction:15;reduction:29;reduction:59;reduction:118,552,841651,464591352,,,,,,,,,,,
163,12,237,237,328,237,0,8,lane_first,tdw,balanced,False,reduction:4;reduction:15;reduction:30;reduction:59;reduction:118,552,841977,464771304,,,,,,,,,,,
163,12,238,238,328,238,0,8,lane_first,tdw,balanced,False,reduction:4;reduction:15;reduction:30;reduction:59;reduction:119,552,848645,468452040,,,,,,,,,,,
163,12,239,239,328,239,0,8,lane_first,tdw,balanced,False,reduction:4;reduction:15;reduction:30;reduction:60;reduction:119,552,848971,468631992,,,,,,,,,,,
163,12,240,240,328,240,0,8,lane_first,tdw,balanced,False,reduction:4;reduction:15;reduction:30;reduction:60;reduction:120,552,855802,472402704,,,,,,,,,,,
163,12,241,241,328,241,0,8,lane_first,tdw,balanced,False,reduction:4;reduction:8;reduction:15;reduction:30;reduction:60;reduction:120,552,856128,472582656,,,,,,,,,,,
163,12,242,242,328,242,0,8,lane_first,tdw,balanced,False,reduction:4;reduction:8;reduction:15;reduction:30;reduction:60;reduction:121,552,862796,476263392,,,,,,,,,,,
163,12,243,243,328,243,0,8,lane_first,tdw,balanced,False,reduction:4;reduction:8;reduction:15;reduction:30;reduction:61;reduction:121,552,863122,476443344,,,,,,,,,,,
163,12,244,244,328,244,0,8,lane_first,tdw,balanced,False,reduction:4;reduction:8;reduction:15;reduction:30;reduction:61;reduction:122,552,869953,480214056,,,,,,,,,,,
163,12,245,245,328,245,0,8,lane_first,tdw,balanced,False,reduction:4;reduction:8;reduction:15;reduction:31;reduction:61;reduction:122,552,870279,480394008,,,,,,,,,,,
163,12,246,246,328,246,0,8,lane_first,tdw,balanced,False,reduction:4;reduction:8;reduction:15;reduction:31;reduction:61;reduction:123,552,876947,484074744,,,,,,,,,,,
163,12,247,247,328,247,0,8,lane_first,tdw,balanced,False,reduction:4;reduction:8;reduction:15;reduction:31;reduction:62;reduction:123,552,877273,484254696,,,,,,,,,,,
163,12,248,248,328,248,0,8,lane_first,tdw,balanced,False,reduction:4;reduction:8;reduction:15;reduction:31;reduction:62;reduction:124,552,884104,488025408,,,,,,,,,,,
163,12,249,249,328,249,0,8,lane_first,tdw,balanced,False,reduction:4;reduction:8;reduction:16;reduction:31;reduction:62;reduction:124,552,884430,488205360,,,,,,,,,,,
163,12,250,250,328,250,0,8,lane_first,tdw,balanced,False,reduction:4;reduction:8;reduction:16;reduction:31;reduction:62;reduction:125,552,891098,491886096,,,,,,,,,,,
163,12,251,251,328,251,0,8,lane_first,tdw,balanced,False,reduction:4;reduction:8;reduction:16;reduction:31;reduction:63;reduction:125,552,891424,492066048,,,,,,,,,,,
163,12,252,252,328,252,0,8,lane_first,tdw,balanced,False,reduction:4;reduction:8;reduction:16;reduction:31;reduction:63;reduction:126,552,898255,495836760,,,,,,,,,,,
163,12,253,253,328,253,0,8,lane_first,tdw,balanced,False,reduction:4;reduction:8;reduction:16;reduction:32;reduction:63;reduction:126,552,898581,496016712,,,,,,,,,,,
163,12,254,254,328,254,0,8,lane_first,tdw,balanced,False,reduction:4;reduction:8;reduction:16;reduction:32;reduction:63;reduction:127,552,905249,499697448,,,,,,,,,,,
163,12,255,255,328,255,0,8,lane_first,tdw,balanced,False,reduction:4;reduction:8;reduction:16;reduction:32;reduction:64;reduction:127,552,905575,499877400,,,,,,,,,,,
163,12,256,256,328,256,0,8,lane_first,tdw,balanced,False,reduction:4;reduction:8;reduction:16;reduction:32;reduction:64;reduction:128,552,912406,503648112,,,,,,,,,,,
163,12,257,257,328,257,0,9,lane_first,tdw,balanced,False,reduction:4;reduction:8;reduction:16;reduction:32;reduction:64;reduction:128,592,912732,540337344,,,,,,,,,,,
163,12,258,258,328,258,0,9,lane_first,tdw,balanced,False,reduction:4;reduction:8;reduction:16;reduction:32;reduction:64;reduction:129,600,919400,551640000,,,,,,,,,,,
163,12,259,259,328,259,0,9,lane_first,tdw,balanced,False,reduction:4;reduction:8;reduction:16;reduction:32;reduction:65;reduction:129,608,919726,559193408,,,,,,,,,,,
163,12,260,260,328,260,0,9,lane_first,tdw,balanced,False,reduction:4;reduction:8;reduction:16;reduction:32;reduction:65;reduction:130,608,926557,563346656,,,,,,,,,,,
163,12,261,261,328,261,0,9,lane_first,tdw,balanced,False,reduction:4;reduction:8;reduction:16;reduction:33;reduction:65;reduction:130,616,926883,570959928,,,,,,,,,,,
163,12,262,262,328,262,0,9,lane_first,tdw,balanced,False,reduction:4;reduction:8;reduction:16;reduction:33;reduction:65;reduction:131,616,933551,575067416,,,,,,,,,,,
163,12,263,263,328,263,0,9,lane_first,tdw,balanced,False,reduction:4;reduction:8;reduction:16;reduction:33;reduction:66;reduction:131,616,933877,575268232,,,,,,,,,,,
163,12,264,264,328,264,0,9,lane_first,tdw,balanced,False,reduction:4;reduction:8;reduction:16;reduction:33;reduction:66;reduction:132,616,940708,579476128,,,,,,,,,,,
163,12,265,265,328,265,0,9,lane_first,tdw,balanced,False,reduction:4;reduction:8;reduction:17;reduction:33;reduction:66;reduction:132,624,941034,587205216,,,,,,,,,,,
163,12,266,266,328,266,0,9,lane_first,tdw,balanced,False,reduction:4;reduction:8;reduction:17;reduction:33;reduction:66;reduction:133,624,947702,591366048,,,,,,,,,,,
163,12,267,267,328,267,0,9,lane_first,tdw,balanced,False,reduction:4;reduction:8;reduction:17;reduction:33;reduction:67;reduction:133,624,948028,591569472,,,,,,,,,,,
163,12,268,268,328,268,0,9,lane_first,tdw,balanced,False,reduction:4;reduction:8;reduction:17;reduction:33;reduction:67;reduction:134,624,954859,595832016,,,,,,,,,,,
163,12,269,269,328,269,0,9,lane_first,tdw,balanced,False,reduction:4;reduction:8;reduction:17;reduction:34;reduction:67;reduction:134,624,955185,596035440,,,,,,,,,,,
163,12,270,270,328,270,0,9,lane_first,tdw,balanced,False,reduction:4;reduction:8;reduction:17;reduction:34;reduction:67;reduction:135,624,961853,600196272,,,,,,,,,,,
163,12,271,271,328,271,0,9,lane_first,tdw,balanced,False,reduction:4;reduction:8;reduction:17;reduction:34;reduction:68;reduction:135,624,962179,600399696,,,,,,,,,,,
163,12,272,272,328,272,0,9,lane_first,tdw,balanced,False,reduction:4;reduction:8;reduction:17;reduction:34;reduction:68;reduction:136,624,969010,604662240,,,,,,,,,,,
163,12,273,273,328,273,0,9,lane_first,tdw,balanced,False,reduction:4;reduction:9;reduction:17;reduction:34;reduction:68;reduction:136,632,969336,612620352,,,,,,,,,,,
163,12,274,274,328,274,0,9,lane_first,tdw,balanced,False,reduction:4;reduction:9;reduction:17;reduction:34;reduction:68;reduction:137,632,976004,616834528,,,,,,,,,,,
163,12,275,275,328,275,0,9,lane_first,tdw,balanced,False,reduction:4;reduction:9;reduction:17;reduction:34;reduction:69;reduction:137,632,976330,617040560,,,,,,,,,,,
163,12,276,276,328,276,0,9,lane_first,tdw,balanced,False,reduction:4;reduction:9;reduction:17;reduction:34;reduction:69;reduction:138,632,983161,621357752,,,,,,,,,,,
163,12,277,277,328,277,0,9,lane_first,tdw,balanced,False,reduction:4;reduction:9;reduction:17;reduction:35;reduction:69;reduction:138,632,983487,621563784,,,,,,,,,,,
163,12,278,278,328,278,0,9,lane_first,tdw,balanced,False,reduction:4;reduction:9;reduction:17;reduction:35;reduction:69;reduction:139,632,990155,625777960,,,,,,,,,,,
163,12,279,279,328,279,0,9,lane_first,tdw,balanced,False,reduction:4;reduction:9;reduction:17;reduction:35;reduction:70;reduction:139,632,990481,625983992,,,,,,,,,,,
163,12,280,280,328,280,0,9,lane_first,tdw,balanced,False,reduction:4;reduction:9;reduction:17;reduction:35;reduction:70;reduction:140,632,997312,630301184,,,,,,,,,,,
163,12,281,281,328,281,0,9,lane_first,tdw,balanced,False,reduction:4;reduction:9;reduction:18;reduction:35;reduction:70;reduction:140,632,997638,630507216,,,,,,,,,,,
163,12,282,282,328,282,0,9,lane_first,tdw,balanced,False,reduction:4;reduction:9;reduction:18;reduction:35;reduction:70;reduction:141,632,1004306,634721392,,,,,,,,,,,
163,12,283,283,328,283,0,9,lane_first,tdw,balanced,False,reduction:4;reduction:9;reduction:18;reduction:35;reduction:71;reduction:141,632,1004632,634927424,,,,,,,,,,,
163,12,284,284,328,284,0,9,lane_first,tdw,balanced,False,reduction:4;reduction:9;reduction:18;reduction:35;reduction:71;reduction:142,632,1011463,639244616,,,,,,,,,,,
163,12,285,285,328,285,0,9,lane_first,tdw,balanced,False,reduction:4;reduction:9;reduction:18;reduction:36;reduction:71;reduction:142,632,1011789,639450648,,,,,,,,,,,
163,12,286,286,328,286,0,9,lane_first,tdw,balanced,False,reduction:4;reduction:9;reduction:18;reduction:36;reduction:71;reduction:143,632,1018457,643664824,,,,,,,,,,,
163,12,287,287,328,287,0,9,lane_first,tdw,balanced,False,reduction:4;reduction:9;reduction:18;reduction:36;reduction:72;reduction:143,632,1018783,643870856,,,,,,,,,,,
163,12,288,288,328,288,0,9,lane_first,tdw,balanced,False,reduction:4;reduction:9;reduction:18;reduction:36;reduction:72;reduction:144,632,1025614,648188048,,,,,,,,,,,
163,12,289,289,328,289,0,9,lane_first,tdw,balanced,False,reduction:5;reduction:9;reduction:18;reduction:36;reduction:72;reduction:144,640,1025940,656601600,,,,,,,,,,,
163,12,290,290,328,290,0,9,lane_first,tdw,balanced,False,reduction:5;reduction:9;reduction:18;reduction:36;reduction:72;reduction:145,640,1032608,660869120,,,,,,,,,,,
163,12,291,291,328,291,0,9,lane_first,tdw,balanced,False,reduction:5;reduction:9;reduction:18;reduction:36;reduction:73;reduction:145,640,1032934,661077760,,,,,,,,,,,
163,12,292,292,328,292,0,9,lane_first,tdw,balanced,False,reduction:5;reduction:9;reduction:18;reduction:36;reduction:73;reduction:146,640,1039765,665449600,,,,,,,,,,,
163,12,293,293,328,293,0,9,lane_first,tdw,balanced,False,reduction:5;reduction:9;reduction:18;reduction:37;reduction:73;reduction:146,640,1040091,665658240,,,,,,,,,,,
163,12,294,294,328,294,0,9,lane_first,tdw,balanced,False,reduction:5;reduction:9;reduction:18;reduction:37;reduction:73;reduction:147,640,1046759,669925760,,,,,,,,,,,
163,12,295,295,328,295,0,9,lane_first,tdw,balanced,False,reduction:5;reduction:9;reduction:18;reduction:37;reduction:74;reduction:147,640,1047085,670134400,,,,,,,,,,,
163,12,296,296,328,296,0,9,lane_first,tdw,balanced,False,reduction:5;reduction:9;reduction:18;reduction:37;reduction:74;reduction:148,640,1053916,674506240,,,,,,,,,,,
163,12,297,297,328,297,0,9,lane_first,tdw,balanced,False,reduction:5;reduction:9;reduction:19;reduction:37;reduction:74;reduction:148,640,1054242,674714880,,,,,,,,,,,
163,12,298,298,328,298,0,9,lane_first,tdw,balanced,False,reduction:5;reduction:9;reduction:19;reduction:37;reduction:74;reduction:149,640,1060910,678982400,,,,,,,,,,,
163,12,299,299,328,299,0,9,lane_first,tdw,balanced,False,reduction:5;reduction:9;reduction:19;reduction:37;reduction:75;reduction:149,640,1061236,679191040,,,,,,,,,,,
163,12,300,300,328,300,0,9,lane_first,tdw,balanced,False,reduction:5;reduction:9;reduction:19;reduction:37;reduction:75;reduction:150,640,1068067,683562880,,,,,,,,,,,
163,12,301,301,328,301,0,9,lane_first,tdw,balanced,False,reduction:5;reduction:9;reduction:19;reduction:38;reduction:75;reduction:150,640,1068393,683771520,,,,,,,,,,,
163,12,302,302,328,302,0,9,lane_first,tdw,balanced,False,reduction:5;reduction:9;reduction:19;reduction:38;reduction:75;reduction:151,640,1075061,688039040,,,,,,,,,,,
163,12,303,303,328,303,0,9,lane_first,tdw,balanced,False,reduction:5;reduction:9;reduction:19;reduction:38;reduction:76;reduction:151,640,1075387,688247680,,,,,,,,,,,
163,12,304,304,328,304,0,9,lane_first,tdw,balanced,False,reduction:5;reduction:9;reduction:19;reduction:38;reduction:76;reduction:152,640,1082218,692619520,,,,,,,,,,,
163,12,305,305,328,305,0,9,lane_first,tdw,balanced,False,reduction:5;reduction:10;reduction:19;reduction:38;reduction:76;reduction:152,640,1082544,692828160,,,,,,,,,,,
163,12,306,306,328,306,0,9,lane_first,tdw,balanced,False,reduction:5;reduction:10;reduction:19;reduction:38;reduction:76;reduction:153,640,1089212,697095680,,,,,,,,,,,
163,12,307,307,328,307,0,9,lane_first,tdw,balanced,False,reduction:5;reduction:10;reduction:19;reduction:38;reduction:77;reduction:153,640,1089538,697304320,,,,,,,,,,,
163,12,308,308,328,308,0,9,lane_first,tdw,balanced,False,reduction:5;reduction:10;reduction:19;reduction:38;reduction:77;reduction:154,640,1096369,701676160,,,,,,,,,,,
163,12,309,309,328,309,0,9,lane_first,tdw,balanced,False,reduction:5;reduction:10;reduction:19;reduction:39;reduction:77;reduction:154,640,1096695,701884800,,,,,,,,,,,
163,12,310,310,328,310,0,9,lane_first,tdw,balanced,False,reduction:5;reduction:10;reduction:19;reduction:39;reduction:77;reduction:155,640,1103363,706152320,,,,,,,,,,,
163,12,311,311,328,311,0,9,lane_first,tdw,balanced,False,reduction:5;reduction:10;reduction:19;reduction:39;reduction:78;reduction:155,640,1103689,706360960,,,,,,,,,,,
163,12,312,312,328,312,0,9,lane_first,tdw,balanced,False,reduction:5;reduction:10;reduction:19;reduction:39;reduction:78;reduction:156,640,1110520,710732800,,,,,,,,,,,
163,12,313,313,328,313,0,9,lane_first,tdw,balanced,False,reduction:5;reduction:10;reduction:20;reduction:39;reduction:78;reduction:156,640,1110846,710941440,,,,,,,,,,,
163,12,314,314,328,314,0,9,lane_first,tdw,balanced,False,reduction:5;reduction:10;reduction:20;reduction:39;reduction:78;reduction:157,640,1117514,715208960,,,,,,,,,,,
163,12,315,315,328,315,0,9,lane_first,tdw,balanced,False,reduction:5;reduction:10;reduction:20;reduction:39;reduction:79;reduction:157,640,1117840,715417600,,,,,,,,,,,
163,12,316,316,328,316,0,9,lane_first,tdw,balanced,False,reduction:5;reduction:10;reduction:20;reduction:39;reduction:79;reduction:158,640,1124671,719789440,,,,,,,,,,,
163,12,317,317,328,317,0,9,lane_first,tdw,balanced,False,reduction:5;reduction:10;reduction:20;reduction:40;reduction:79;reduction:158,640,1124997,719998080,,,,,,,,,,,
163,12,318,318,328,318,0,9,lane_first,tdw,balanced,False,reduction:5;reduction:10;reduction:20;reduction:40;reduction:79;reduction:159,640,1131665,724265600,,,,,,,,,,,
163,12,319,319,328,319,0,9,lane_first,tdw,balanced,False,reduction:5;reduction:10;reduction:20;reduction:40;reduction:80;reduction:159,640,1131991,724474240,,,,,,,,,,,
163,12,320,320,328,320,0,9,lane_first,tdw,balanced,False,reduction:5;reduction:10;reduction:20;reduction:40;reduction:80;reduction:160,640,1138822,728846080,,,,,,,,,,,
163,12,321,321,328,321,0,9,lane_first,tdw,balanced,False,reduction:5;reduction:10;reduction:20;reduction:40;reduction:80;reduction:160,648,1139148,738167904,,,,,,,,,,,
163,12,322,322,328,322,0,9,lane_first,tdw,balanced,False,reduction:5;reduction:10;reduction:20;reduction:40;reduction:80;reduction:161,648,1145816,742488768,,,,,,,,,,,
163,12,323,323,328,323,0,9,lane_first,tdw,balanced,False,reduction:5;reduction:10;reduction:20;reduction:40;reduction:81;reduction:161,648,1146142,742700016,,,,,,,,,,,
163,12,324,324,328,324,0,9,lane_first,tdw,balanced,False,reduction:5;reduction:10;reduction:20;reduction:40;reduction:81;reduction:162,648,1152973,747126504,,,,,,,,,,,
163,12,325,325,328,325,0,9,lane_first,tdw,balanced,False,reduction:5;reduction:10;reduction:20;reduction:41;reduction:81;reduction:162,648,1153299,747337752,,,,,,,,,,,
163,12,326,326,328,326,0,9,lane_first,tdw,balanced,False,reduction:5;reduction:10;reduction:20;reduction:41;reduction:81;reduction:163,648,1159967,751658616,,,,,,,,,,,
163,12,327,327,328,327,0,9,lane_first,tdw,balanced,False,reduction:5;reduction:10;reduction:20;reduction:41;reduction:82;reduction:163,648,1160293,751869864,,,,,,,,,,,
163,12,328,328,328,328,0,9,lane_first,tdw,balanced,False,reduction:5;reduction:10;reduction:20;reduction:41;reduction:82;reduction:164,640,1167124,746959360,,,,,,,,,,,
163,13,1,1,328,26,25,0,lane_first,tdw,balanced,False,tail:1,1605128,33133,53182706024,,,,,,,,,,,
163,13,2,2,328,26,12,1,lane_first,tdw,balanced,False,tail:2,755572,38497,29087255284,,,,,,,,,,,
163,13,3,3,328,27,8,2,lane_first,tdw,balanced,False,tail:3,492068,44513,21903422884,,,,,,,,,,,
163,13,4,4,328,28,6,2,lane_first,tdw,balanced,False,tail:4,360644,50692,18281765648,,,,,,,,,,,
163,13,5,5,328,28,5,3,lane_first,tdw,balanced,False,tail:3;tail:5,295088,53448,15771863424,,,,,,,,,,,
163,13,6,6,328,30,4,3,lane_first,tdw,balanced,False,tail:6,229608,62887,14439358296,,,,,,,,,,,
163,13,7,7,328,28,3,3,lane_first,tdw,balanced,False,tail:7,166044,66458,11034952152,,,,,,,,,,,
163,13,8,8,328,32,3,3,lane_first,tdw,balanced,False,reduction:4;tail:8,164052,75082,12317352264,,,,,,,,,,,
163,13,9,9,328,27,2,4,lane_first,tdw,balanced,False,reduction:4;tail:9,114888,76208,8755384704,,,,,,,,,,,
163,13,10,10,328,30,2,4,lane_first,tdw,balanced,False,reduction:5;tail:10,99552,84017,8364060384,,,,,,,,,,,
163,13,11,11,328,33,2,4,lane_first,tdw,balanced,False,reduction:5;tail:11,98676,91663,9044938188,,,,,,,,,,,
163,13,12,12,328,36,2,4,lane_first,tdw,balanced,False,reduction:6;tail:12,98588,99472,9806745536,,,,,,,,,,,
163,13,13,13,328,26,1,4,lane_first,tdw,balanced,False,reduction:6;tail:13,98512,96523,9508673776,,,,,,,,,,,
163,13,14,14,328,28,1,4,lane_first,tdw,balanced,False,tail:14,49368,103517,5110427256,,,,,,,,,,,
163,13,15,15,328,30,1,4,lane_first,tdw,balanced,False,reduction:4;tail:15,37088,110348,4092586624,,,,,,,,,,,
163,13,16,16,328,32,1,4,lane_first,tdw,balanced,False,reduction:4;reduction:8;tail:16,35044,117342,4112133048,,,,,,,,,,,
163,13,17,17,328,34,1,5,lane_first,tdw,balanced,False,reduction:4;reduction:8;tail:17,34072,124173,4230822456,,,,,,,,,,,
163,13,18,18,328,36,1,5,lane_first,tdw,balanced,False,reduction:4;reduction:9;tail:18,33572,131167,4403538524,,,,,,,,,,,
163,13,19,19,328,38,1,5,lane_first,tdw,balanced,False,reduction:5;reduction:9;tail:19,33328,137998,4599197344,,,,,,,,,,,
163,13,20,20,328,40,1,5,lane_first,tdw,balanced,False,reduction:5;reduction:10;tail:20,33204,144992,4814314368,,,,,,,,,,,
163,13,21,21,328,42,1,5,lane_first,tdw,balanced,False,reduction:5;reduction:10;tail:21,33152,151823,5033236096,,,,,,,,,,,
163,13,22,22,328,44,1,5,lane_first,tdw,balanced,False,reduction:5;reduction:11;tail:22,33124,158817,5260654308,,,,,,,,,,,
163,13,23,23,328,46,1,5,lane_first,tdw,balanced,False,reduction:6;reduction:11;tail:23,33124,165648,5486924352,,,,,,,,,,,
163,13,24,24,328,40,1,5,lane_first,tdw,balanced,False,reduction:6;reduction:12;tail:16,33104,119950,3970824800,,,,,,,,,,,
163,13,25,25,328,28,1,5,lane_first,tdw,balanced,False,reduction:6;reduction:12;tail:3,33096,94419,3124891224,,,,,,,,,,,
163,13,26,26,328,26,0,5,lane_first,tdw,balanced,False,reduction:6;reduction:13,33040,98642,3259131680,,,,,,,,,,,
163,13,27,27,328,27,0,5,lane_first,tdw,balanced,False,reduction:13,33040,98968,3269902720,,,,,,,,,,,
163,13,28,28,328,28,0,5,lane_first,tdw,balanced,True,,16656,105799,1762188144,990952,281253180,105799,16656,383894,40615601306,1762188144,27386,h_u=2n,module_barriers,balanced_clean_arithmetic_retain_copied_outputs
163,13,29,29,328,29,0,5,lane_first,tdw,balanced,False,reduction:4,16656,106125,1767618000,,,,,,,,,,,
163,13,30,30,328,30,0,5,lane_first,tdw,balanced,False,reduction:4;reduction:15,8464,112793,954679952,,,,,,,,,,,
163,13,31,31,328,31,0,5,lane_first,tdw,balanced,False,reduction:4;reduction:8;reduction:15,8464,113119,957439216,,,,,,,,,,,
163,13,32,32,328,32,0,5,lane_first,tdw,balanced,False,reduction:4;reduction:8;reduction:16,8464,119950,1015256800,,,,,,,,,,,
163,13,33,33,328,33,0,6,lane_first,tdw,balanced,False,reduction:4;reduction:8;reduction:16,4408,120276,530176608,,,,,,,,,,,
163,13,34,34,328,34,0,6,lane_first,tdw,balanced,False,reduction:4;reduction:8;reduction:17,4416,126944,560584704,,,,,,,,,,,
163,13,35,35,328,35,0,6,lane_first,tdw,balanced,False,reduction:4;reduction:9;reduction:17,4424,127270,563042480,,,,,,,,,,,
163,13,36,36,328,36,0,6,lane_first,tdw,balanced,False,reduction:4;reduction:9;reduction:18,4424,134101,593262824,,,,,,,,,,,
163,13,37,37,328,37,0,6,lane_first,tdw,balanced,False,reduction:5;reduction:9;reduction:18,2384,134427,320473968,,,,,,,,,,,
163,13,38,38,328,38,0,6,lane_first,tdw,balanced,False,reduction:5;reduction:9;reduction:19,2384,141095,336370480,,,,,,,,,,,
163,13,39,39,328,39,0,6,lane_first,tdw,balanced,False,reduction:5;reduction:10;reduction:19,2384,141421,337147664,,,,,,,,,,,
163,13,40,40,328,40,0,6,lane_first,tdw,balanced,False,reduction:5;reduction:10;reduction:20,2384,148252,353432768,,,,,,,,,,,
163,13,41,41,328,41,0,6,lane_first,tdw,balanced,False,reduction:5;reduction:10;reduction:20,1368,148578,203254704,,,,,,,,,,,
163,13,42,42,328,42,0,6,lane_first,tdw,balanced,False,reduction:5;reduction:10;reduction:21,1368,155246,212376528,,,,,,,,,,,
163,13,43,43,328,43,0,6,lane_first,tdw,balanced,False,reduction:5;reduction:11;reduction:21,1368,155572,212822496,,,,,,,,,,,
163,13,44,44,328,44,0,6,lane_first,tdw,balanced,False,reduction:5;reduction:11;reduction:22,1368,162403,222167304,,,,,,,,,,,
163,13,45,45,328,45,0,6,lane_first,tdw,balanced,False,reduction:6;reduction:11;reduction:22,1368,162729,222613272,,,,,,,,,,,
163,13,46,46,328,46,0,6,lane_first,tdw,balanced,False,reduction:6;reduction:11;reduction:23,1368,169397,231735096,,,,,,,,,,,
163,13,47,47,328,47,0,6,lane_first,tdw,balanced,False,reduction:6;reduction:12;reduction:23,856,169723,145282888,,,,,,,,,,,
163,13,48,48,328,48,0,6,lane_first,tdw,balanced,False,reduction:6;reduction:12;reduction:24,856,176554,151130224,,,,,,,,,,,
163,13,49,49,328,49,0,6,lane_first,tdw,balanced,False,reduction:6;reduction:12;reduction:24,864,176880,152824320,,,,,,,,,,,
163,13,50,50,328,50,0,6,lane_first,tdw,balanced,False,reduction:6;reduction:12;reduction:25,864,183548,158585472,,,,,,,,,,,
163,13,51,51,328,51,0,6,lane_first,tdw,balanced,False,reduction:6;reduction:13;reduction:25,864,183874,158867136,,,,,,,,,,,
163,13,52,52,328,52,0,6,lane_first,tdw,balanced,False,reduction:6;reduction:13;reduction:26,864,190705,164769120,,,,,,,,,,,
163,13,53,53,328,53,0,6,lane_first,tdw,balanced,False,reduction:13;reduction:26,864,191031,165050784,,,,,,,,,,,
163,13,54,54,328,54,0,6,lane_first,tdw,balanced,False,reduction:13,864,197699,170811936,,,,,,,,,,,
163,13,55,55,328,55,0,6,lane_first,tdw,balanced,True,,608,198025,120399200,1122328,167316138,198025,608,264098,52298006450,120399200,53792,h_u=2n,module_barriers,balanced_clean_arithmetic_retain_copied_outputs
163,13,56,56,328,56,0,6,lane_first,tdw,balanced,False,reduction:28,608,204856,124552448,,,,,,,,,,,
163,13,57,57,328,57,0,6,lane_first,tdw,balanced,False,reduction:4;reduction:28,608,205182,124750656,,,,,,,,,,,
163,13,58,58,328,58,0,6,lane_first,tdw,balanced,False,reduction:4;reduction:29,608,211850,128804800,,,,,,,,,,,
163,13,59,59,328,59,0,6,lane_first,tdw,balanced,False,reduction:4;reduction:15;reduction:29,608,212176,129003008,,,,,,,,,,,
163,13,60,60,328,60,0,6,lane_first,tdw,balanced,False,reduction:4;reduction:15;reduction:30,608,219007,133156256,,,,,,,,,,,
163,13,61,61,328,61,0,6,lane_first,tdw,balanced,False,reduction:4;reduction:8;reduction:15;reduction:30,608,219333,133354464,,,,,,,,,,,
163,13,62,62,328,62,0,6,lane_first,tdw,balanced,False,reduction:4;reduction:8;reduction:15;reduction:31,608,226001,137408608,,,,,,,,,,,
163,13,63,63,328,63,0,6,lane_first,tdw,balanced,False,reduction:4;reduction:8;reduction:16;reduction:31,608,226327,137606816,,,,,,,,,,,
163,13,64,64,328,64,0,6,lane_first,tdw,balanced,False,reduction:4;reduction:8;reduction:16;reduction:32,608,233158,141760064,,,,,,,,,,,
163,13,65,65,328,65,0,7,lane_first,tdw,balanced,False,reduction:4;reduction:8;reduction:16;reduction:32,648,233484,151297632,,,,,,,,,,,
163,13,66,66,328,66,0,7,lane_first,tdw,balanced,False,reduction:4;reduction:8;reduction:16;reduction:33,528,240152,126800256,,,,,,,,,,,
163,13,67,67,328,67,0,7,lane_first,tdw,balanced,False,reduction:4;reduction:8;reduction:17;reduction:33,536,240478,128896208,,,,,,,,,,,
163,13,68,68,328,68,0,7,lane_first,tdw,balanced,False,reduction:4;reduction:8;reduction:17;reduction:34,536,247309,132557624,,,,,,,,,,,
163,13,69,69,328,69,0,7,lane_first,tdw,balanced,False,reduction:4;reduction:9;reduction:17;reduction:34,544,247635,134713440,,,,,,,,,,,
163,13,70,70,328,70,0,7,lane_first,tdw,balanced,False,reduction:4;reduction:9;reduction:17;reduction:35,544,254303,138340832,,,,,,,,,,,
163,13,71,71,328,71,0,7,lane_first,tdw,balanced,False,reduction:4;reduction:9;reduction:18;reduction:35,544,254629,138518176,,,,,,,,,,,
163,13,72,72,328,72,0,7,lane_first,tdw,balanced,False,reduction:4;reduction:9;reduction:18;reduction:36,544,261460,142234240,,,,,,,,,,,
163,13,73,73,328,73,0,7,lane_first,tdw,balanced,False,reduction:5;reduction:9;reduction:18;reduction:36,552,261786,144505872,,,,,,,,,,,
163,13,74,74,328,74,0,7,lane_first,tdw,balanced,False,reduction:5;reduction:9;reduction:18;reduction:37,552,268454,148186608,,,,,,,,,,,
163,13,75,75,328,75,0,7,lane_first,tdw,balanced,False,reduction:5;reduction:9;reduction:19;reduction:37,552,268780,148366560,,,,,,,,,,,
163,13,76,76,328,76,0,7,lane_first,tdw,balanced,False,reduction:5;reduction:9;reduction:19;reduction:38,552,275611,152137272,,,,,,,,,,,
163,13,77,77,328,77,0,7,lane_first,tdw,balanced,False,reduction:5;reduction:10;reduction:19;reduction:38,552,275937,152317224,,,,,,,,,,,
163,13,78,78,328,78,0,7,lane_first,tdw,balanced,False,reduction:5;reduction:10;reduction:19;reduction:39,552,282605,155997960,,,,,,,,,,,
163,13,79,79,328,79,0,7,lane_first,tdw,balanced,False,reduction:5;reduction:10;reduction:20;reduction:39,552,282931,156177912,,,,,,,,,,,
163,13,80,80,328,80,0,7,lane_first,tdw,balanced,False,reduction:5;reduction:10;reduction:20;reduction:40,552,289762,159948624,,,,,,,,,,,
163,13,81,81,328,81,0,7,lane_first,tdw,balanced,False,reduction:5;reduction:10;reduction:20;reduction:40,560,290088,162449280,,,,,,,,,,,
163,13,82,82,328,82,0,7,lane_first,tdw,balanced,False,reduction:5;reduction:10;reduction:20;reduction:41,496,296756,147190976,,,,,,,,,,,
163,13,83,83,328,83,0,7,lane_first,tdw,balanced,False,reduction:5;reduction:10;reduction:21;reduction:41,496,297082,147352672,,,,,,,,,,,
163,13,84,84,328,84,0,7,lane_first,tdw,balanced,False,reduction:5;reduction:10;reduction:21;reduction:42,496,303913,150740848,,,,,,,,,,,
163,13,85,85,328,85,0,7,lane_first,tdw,balanced,False,reduction:5;reduction:11;reduction:21;reduction:42,496,304239,150902544,,,,,,,,,,,
163,13,86,86,328,86,0,7,lane_first,tdw,balanced,False,reduction:5;reduction:11;reduction:21;reduction:43,496,310907,154209872,,,,,,,,,,,
163,13,87,87,328,87,0,7,lane_first,tdw,balanced,False,reduction:5;reduction:11;reduction:22;reduction:43,496,311233,154371568,,,,,,,,,,,
163,13,88,88,328,88,0,7,lane_first,tdw,balanced,False,reduction:5;reduction:11;reduction:22;reduction:44,496,318064,157759744,,,,,,,,,,,
163,13,89,89,328,89,0,7,lane_first,tdw,balanced,False,reduction:6;reduction:11;reduction:22;reduction:44,496,318390,157921440,,,,,,,,,,,
163,13,90,90,328,90,0,7,lane_first,tdw,balanced,False,reduction:6;reduction:11;reduction:22;reduction:45,496,325058,161228768,,,,,,,,,,,
163,13,91,91,328,91,0,7,lane_first,tdw,balanced,False,reduction:6;reduction:11;reduction:23;reduction:45,496,325384,161390464,,,,,,,,,,,
163,13,92,92,328,92,0,7,lane_first,tdw,balanced,False,reduction:6;reduction:11;reduction:23;reduction:46,496,332215,164778640,,,,,,,,,,,
163,13,93,93,328,93,0,7,lane_first,tdw,balanced,False,reduction:6;reduction:12;reduction:23;reduction:46,496,332541,164940336,,,,,,,,,,,
163,13,94,94,328,94,0,7,lane_first,tdw,balanced,False,reduction:6;reduction:12;reduction:23;reduction:47,496,339209,168247664,,,,,,,,,,,
163,13,95,95,328,95,0,7,lane_first,tdw,balanced,False,reduction:6;reduction:12;reduction:24;reduction:47,496,339535,168409360,,,,,,,,,,,
163,13,96,96,328,96,0,7,lane_first,tdw,balanced,False,reduction:6;reduction:12;reduction:24;reduction:48,496,346366,171797536,,,,,,,,,,,
163,13,97,97,328,97,0,7,lane_first,tdw,balanced,False,reduction:6;reduction:12;reduction:24;reduction:48,504,346692,174732768,,,,,,,,,,,
163,13,98,98,328,98,0,7,lane_first,tdw,balanced,False,reduction:6;reduction:12;reduction:24;reduction:49,504,353360,178093440,,,,,,,,,,,
163,13,99,99,328,99,0,7,lane_first,tdw,balanced,False,reduction:6;reduction:12;reduction:25;reduction:49,504,353686,178257744,,,,,,,,,,,
163,13,100,100,328,100,0,7,lane_first,tdw,balanced,False,reduction:6;reduction:12;reduction:25;reduction:50,504,360517,181700568,,,,,,,,,,,
163,13,101,101,328,101,0,7,lane_first,tdw,balanced,False,reduction:6;reduction:13;reduction:25;reduction:50,504,360843,181864872,,,,,,,,,,,
163,13,102,102,328,102,0,7,lane_first,tdw,balanced,False,reduction:6;reduction:13;reduction:25;reduction:51,504,367511,185225544,,,,,,,,,,,
163,13,103,103,328,103,0,7,lane_first,tdw,balanced,False,reduction:6;reduction:13;reduction:26;reduction:51,504,367837,185389848,,,,,,,,,,,
163,13,104,104,328,104,0,7,lane_first,tdw,balanced,False,reduction:6;reduction:13;reduction:26;reduction:52,504,374668,188832672,,,,,,,,,,,
163,13,105,105,328,105,0,7,lane_first,tdw,balanced,False,reduction:13;reduction:26;reduction:52,504,374994,188996976,,,,,,,,,,,
163,13,106,106,328,106,0,7,lane_first,tdw,balanced,False,reduction:13;reduction:26;reduction:53,504,381662,192357648,,,,,,,,,,,
163,13,107,107,328,107,0,7,lane_first,tdw,balanced,False,reduction:13;reduction:53,504,381988,192521952,,,,,,,,,,,
163,13,108,108,328,108,0,7,lane_first,tdw,balanced,False,reduction:13;reduction:54,504,388819,195964776,,,,,,,,,,,
163,13,109,109,328,109,0,7,lane_first,tdw,balanced,False,reduction:54,504,389145,196129080,,,,,,,,,,,
163,13,110,110,328,110,0,7,lane_first,tdw,balanced,False,reduction:55,472,395813,186823736,,,,,,,,,,,
163,13,111,111,328,111,0,7,lane_first,tdw,balanced,False,reduction:28;reduction:55,472,396139,186977608,,,,,,,,,,,
163,13,112,112,328,112,0,7,lane_first,tdw,balanced,False,reduction:28;reduction:56,472,402970,190201840,,,,,,,,,,,
163,13,113,113,328,113,0,7,lane_first,tdw,balanced,False,reduction:4;reduction:28;reduction:56,472,403296,190355712,,,,,,,,,,,
163,13,114,114,328,114,0,7,lane_first,tdw,balanced,False,reduction:4;reduction:28;reduction:57,472,409964,193503008,,,,,,,,,,,
163,13,115,115,328,115,0,7,lane_first,tdw,balanced,False,reduction:4;reduction:29;reduction:57,472,410290,193656880,,,,,,,,,,,
163,13,116,116,328,116,0,7,lane_first,tdw,balanced,False,reduction:4;reduction:29;reduction:58,472,417121,196881112,,,,,,,,,,,
163,13,117,117,328,117,0,7,lane_first,tdw,balanced,False,reduction:4;reduction:15;reduction:29;reduction:58,472,417447,197034984,,,,,,,,,,,
163,13,118,118,328,118,0,7,lane_first,tdw,balanced,False,reduction:4;reduction:15;reduction:29;reduction:59,472,424115,200182280,,,,,,,,,,,
163,13,119,119,328,119,0,7,lane_first,tdw,balanced,False,reduction:4;reduction:15;reduction:30;reduction:59,472,424441,200336152,,,,,,,,,,,
163,13,120,120,328,120,0,7,lane_first,tdw,balanced,False,reduction:4;reduction:15;reduction:30;reduction:60,472,431272,203560384,,,,,,,,,,,
163,13,121,121,328,121,0,7,lane_first,tdw,balanced,False,reduction:4;reduction:8;reduction:15;reduction:30;reduction:60,472,431598,203714256,,,,,,,,,,,
163,13,122,122,328,122,0,7,lane_first,tdw,balanced,False,reduction:4;reduction:8;reduction:15;reduction:30;reduction:61,472,438266,206861552,,,,,,,,,,,
163,13,123,123,328,123,0,7,lane_first,tdw,balanced,False,reduction:4;reduction:8;reduction:15;reduction:31;reduction:61,472,438592,207015424,,,,,,,,,,,
163,13,124,124,328,124,0,7,lane_first,tdw,balanced,False,reduction:4;reduction:8;reduction:15;reduction:31;reduction:62,472,445423,210239656,,,,,,,,,,,
163,13,125,125,328,125,0,7,lane_first,tdw,balanced,False,reduction:4;reduction:8;reduction:16;reduction:31;reduction:62,472,445749,210393528,,,,,,,,,,,
163,13,126,126,328,126,0,7,lane_first,tdw,balanced,False,reduction:4;reduction:8;reduction:16;reduction:31;reduction:63,472,452417,213540824,,,,,,,,,,,
163,13,127,127,328,127,0,7,lane_first,tdw,balanced,False,reduction:4;reduction:8;reduction:16;reduction:32;reduction:63,472,452743,213694696,,,,,,,,,,,
163,13,128,128,328,128,0,7,lane_first,tdw,balanced,False,reduction:4;reduction:8;reduction:16;reduction:32;reduction:64,472,459574,216918928,,,,,,,,,,,
163,13,129,129,328,129,0,8,lane_first,tdw,balanced,False,reduction:4;reduction:8;reduction:16;reduction:32;reduction:64,512,459900,235468800,,,,,,,,,,,
163,13,130,130,328,130,0,8,lane_first,tdw,balanced,False,reduction:4;reduction:8;reduction:16;reduction:32;reduction:65,520,466568,242615360,,,,,,,,,,,
163,13,131,131,328,131,0,8,lane_first,tdw,balanced,False,reduction:4;reduction:8;reduction:16;reduction:33;reduction:65,528,466894,246520032,,,,,,,,,,,
163,13,132,132,328,132,0,8,lane_first,tdw,balanced,False,reduction:4;reduction:8;reduction:16;reduction:33;reduction:66,528,473725,250126800,,,,,,,,,,,
163,13,133,133,328,133,0,8,lane_first,tdw,balanced,False,reduction:4;reduction:8;reduction:17;reduction:33;reduction:66,536,474051,254091336,,,,,,,,,,,
163,13,134,134,328,134,0,8,lane_first,tdw,balanced,False,reduction:4;reduction:8;reduction:17;reduction:33;reduction:67,536,480719,257665384,,,,,,,,,,,
163,13,135,135,328,135,0,8,lane_first,tdw,balanced,False,reduction:4;reduction:8;reduction:17;reduction:34;reduction:67,536,481045,257840120,,,,,,,,,,,
163,13,136,136,328,136,0,8,lane_first,tdw,balanced,False,reduction:4;reduction:8;reduction:17;reduction:34;reduction:68,536,487876,261501536,,,,,,,,,,,
163,13,137,137,328,137,0,8,lane_first,tdw,balanced,False,reduction:4;reduction:9;reduction:17;reduction:34;reduction:68,544,488202,265581888,,,,,,,,,,,
163,13,138,138,328,138,0,8,lane_first,tdw,balanced,False,reduction:4;reduction:9;reduction:17;reduction:34;reduction:69,544,494870,269209280,,,,,,,,,,,
163,13,139,139,328,139,0,8,lane_first,tdw,balanced,False,reduction:4;reduction:9;reduction:17;reduction:35;reduction:69,544,495196,269386624,,,,,,,,,,,
163,13,140,140,328,140,0,8,lane_first,tdw,balanced,False,reduction:4;reduction:9;reduction:17;reduction:35;reduction:70,544,502027,273102688,,,,,,,,,,,
163,13,141,141,328,141,0,8,lane_first,tdw,balanced,False,reduction:4;reduction:9;reduction:18;reduction:35;reduction:70,544,502353,273280032,,,,,,,,,,,
163,13,142,142,328,142,0,8,lane_first,tdw,balanced,False,reduction:4;reduction:9;reduction:18;reduction:35;reduction:71,544,509021,276907424,,,,,,,,,,,
163,13,143,143,328,143,0,8,lane_first,tdw,balanced,False,reduction:4;reduction:9;reduction:18;reduction:36;reduction:71,544,509347,277084768,,,,,,,,,,,
163,13,144,144,328,144,0,8,lane_first,tdw,balanced,False,reduction:4;reduction:9;reduction:18;reduction:36;reduction:72,544,516178,280800832,,,,,,,,,,,
163,13,145,145,328,145,0,8,lane_first,tdw,balanced,False,reduction:5;reduction:9;reduction:18;reduction:36;reduction:72,552,516504,285110208,,,,,,,,,,,
163,13,146,146,328,146,0,8,lane_first,tdw,balanced,False,reduction:5;reduction:9;reduction:18;reduction:36;reduction:73,552,523172,288790944,,,,,,,,,,,
163,13,147,147,328,147,0,8,lane_first,tdw,balanced,False,reduction:5;reduction:9;reduction:18;reduction:37;reduction:73,552,523498,288970896,,,,,,,,,,,
163,13,148,148,328,148,0,8,lane_first,tdw,balanced,False,reduction:5;reduction:9;reduction:18;reduction:37;reduction:74,552,530329,292741608,,,,,,,,,,,
163,13,149,149,328,149,0,8,lane_first,tdw,balanced,False,reduction:5;reduction:9;reduction:19;reduction:37;reduction:74,552,530655,292921560,,,,,,,,,,,
163,13,150,150,328,150,0,8,lane_first,tdw,balanced,False,reduction:5;reduction:9;reduction:19;reduction:37;reduction:75,552,537323,296602296,,,,,,,,,,,
163,13,151,151,328,151,0,8,lane_first,tdw,balanced,False,reduction:5;reduction:9;reduction:19;reduction:38;reduction:75,552,537649,296782248,,,,,,,,,,,
163,13,152,152,328,152,0,8,lane_first,tdw,balanced,False,reduction:5;reduction:9;reduction:19;reduction:38;reduction:76,552,544480,300552960,,,,,,,,,,,
163,13,153,153,328,153,0,8,lane_first,tdw,balanced,False,reduction:5;reduction:10;reduction:19;reduction:38;reduction:76,552,544806,300732912,,,,,,,,,,,
163,13,154,154,328,154,0,8,lane_first,tdw,balanced,False,reduction:5;reduction:10;reduction:19;reduction:38;reduction:77,552,551474,304413648,,,,,,,,,,,
163,13,155,155,328,155,0,8,lane_first,tdw,balanced,False,reduction:5;reduction:10;reduction:19;reduction:39;reduction:77,552,551800,304593600,,,,,,,,,,,
163,13,156,156,328,156,0,8,lane_first,tdw,balanced,False,reduction:5;reduction:10;reduction:19;reduction:39;reduction:78,552,558631,308364312,,,,,,,,,,,
163,13,157,157,328,157,0,8,lane_first,tdw,balanced,False,reduction:5;reduction:10;reduction:20;reduction:39;reduction:78,552,558957,308544264,,,,,,,,,,,
163,13,158,158,328,158,0,8,lane_first,tdw,balanced,False,reduction:5;reduction:10;reduction:20;reduction:39;reduction:79,552,565625,312225000,,,,,,,,,,,
163,13,159,159,328,159,0,8,lane_first,tdw,balanced,False,reduction:5;reduction:10;reduction:20;reduction:40;reduction:79,552,565951,312404952,,,,,,,,,,,
163,13,160,160,328,160,0,8,lane_first,tdw,balanced,False,reduction:5;reduction:10;reduction:20;reduction:40;reduction:80,552,572782,316175664,,,,,,,,,,,
163,13,161,161,328,161,0,8,lane_first,tdw,balanced,False,reduction:5;reduction:10;reduction:20;reduction:40;reduction:80,560,573108,320940480,,,,,,,,,,,
163,13,162,162,328,162,0,8,lane_first,tdw,balanced,False,reduction:5;reduction:10;reduction:20;reduction:40;reduction:81,560,579776,324674560,,,,,,,,,,,
163,13,163,163,328,163,0,8,lane_first,tdw,balanced,False,reduction:5;reduction:10;reduction:20;reduction:41;reduction:81,560,580102,324857120,,,,,,,,,,,
163,13,164,164,328,164,0,8,lane_first,tdw,balanced,False,reduction:5;reduction:10;reduction:20;reduction:41;reduction:82,544,586933,319291552,,,,,,,,,,,
163,13,165,165,328,165,0,8,lane_first,tdw,balanced,False,reduction:5;reduction:10;reduction:21;reduction:41;reduction:82,544,587259,319468896,,,,,,,,,,,
163,13,166,166,328,166,0,8,lane_first,tdw,balanced,False,reduction:5;reduction:10;reduction:21;reduction:41;reduction:83,544,593927,323096288,,,,,,,,,,,
163,13,167,167,328,167,0,8,lane_first,tdw,balanced,False,reduction:5;reduction:10;reduction:21;reduction:42;reduction:83,544,594253,323273632,,,,,,,,,,,
163,13,168,168,328,168,0,8,lane_first,tdw,balanced,False,reduction:5;reduction:10;reduction:21;reduction:42;reduction:84,544,601084,326989696,,,,,,,,,,,
163,13,169,169,328,169,0,8,lane_first,tdw,balanced,False,reduction:5;reduction:11;reduction:21;reduction:42;reduction:84,544,601410,327167040,,,,,,,,,,,
163,13,170,170,328,170,0,8,lane_first,tdw,balanced,False,reduction:5;reduction:11;reduction:21;reduction:42;reduction:85,544,608078,330794432,,,,,,,,,,,
163,13,171,171,328,171,0,8,lane_first,tdw,balanced,False,reduction:5;reduction:11;reduction:21;reduction:43;reduction:85,544,608404,330971776,,,,,,,,,,,
163,13,172,172,328,172,0,8,lane_first,tdw,balanced,False,reduction:5;reduction:11;reduction:21;reduction:43;reduction:86,544,615235,334687840,,,,,,,,,,,
163,13,173,173,328,173,0,8,lane_first,tdw,balanced,False,reduction:5;reduction:11;reduction:22;reduction:43;reduction:86,544,615561,334865184,,,,,,,,,,,
163,13,174,174,328,174,0,8,lane_first,tdw,balanced,False,reduction:5;reduction:11;reduction:22;reduction:43;reduction:87,544,622229,338492576,,,,,,,,,,,
163,13,175,175,328,175,0,8,lane_first,tdw,balanced,False,reduction:5;reduction:11;reduction:22;reduction:44;reduction:87,544,622555,338669920,,,,,,,,,,,
163,13,176,176,328,176,0,8,lane_first,tdw,balanced,False,reduction:5;reduction:11;reduction:22;reduction:44;reduction:88,544,629386,342385984,,,,,,,,,,,
163,13,177,177,328,177,0,8,lane_first,tdw,balanced,False,reduction:6;reduction:11;reduction:22;reduction:44;reduction:88,544,629712,342563328,,,,,,,,,,,
163,13,178,178,328,178,0,8,lane_first,tdw,balanced,False,reduction:6;reduction:11;reduction:22;reduction:44;reduction:89,544,636380,346190720,,,,,,,,,,,
163,13,179,179,328,179,0,8,lane_first,tdw,balanced,False,reduction:6;reduction:11;reduction:22;reduction:45;reduction:89,544,636706,346368064,,,,,,,,,,,
163,13,180,180,328,180,0,8,lane_first,tdw,balanced,False,reduction:6;reduction:11;reduction:22;reduction:45;reduction:90,544,643537,350084128,,,,,,,,,,,
163,13,181,181,328,181,0,8,lane_first,tdw,balanced,False,reduction:6;reduction:11;reduction:23;reduction:45;reduction:90,544,643863,350261472,,,,,,,,,,,
163,13,182,182,328,182,0,8,lane_first,tdw,balanced,False,reduction:6;reduction:11;reduction:23;reduction:45;reduction:91,544,650531,353888864,,,,,,,,,,,
163,13,183,183,328,183,0,8,lane_first,tdw,balanced,False,reduction:6;reduction:11;reduction:23;reduction:46;reduction:91,544,650857,354066208,,,,,,,,,,,
163,13,184,184,328,184,0,8,lane_first,tdw,balanced,False,reduction:6;reduction:11;reduction:23;reduction:46;reduction:92,544,657688,357782272,,,,,,,,,,,
163,13,185,185,328,185,0,8,lane_first,tdw,balanced,False,reduction:6;reduction:12;reduction:23;reduction:46;reduction:92,544,658014,357959616,,,,,,,,,,,
163,13,186,186,328,186,0,8,lane_first,tdw,balanced,False,reduction:6;reduction:12;reduction:23;reduction:46;reduction:93,544,664682,361587008,,,,,,,,,,,
163,13,187,187,328,187,0,8,lane_first,tdw,balanced,False,reduction:6;reduction:12;reduction:23;reduction:47;reduction:93,544,665008,361764352,,,,,,,,,,,
163,13,188,188,328,188,0,8,lane_first,tdw,balanced,False,reduction:6;reduction:12;reduction:23;reduction:47;reduction:94,544,671839,365480416,,,,,,,,,,,
163,13,189,189,328,189,0,8,lane_first,tdw,balanced,False,reduction:6;reduction:12;reduction:24;reduction:47;reduction:94,544,672165,365657760,,,,,,,,,,,
163,13,190,190,328,190,0,8,lane_first,tdw,balanced,False,reduction:6;reduction:12;reduction:24;reduction:47;reduction:95,544,678833,369285152,,,,,,,,,,,
163,13,191,191,328,191,0,8,lane_first,tdw,balanced,False,reduction:6;reduction:12;reduction:24;reduction:48;reduction:95,544,679159,369462496,,,,,,,,,,,
163,13,192,192,328,192,0,8,lane_first,tdw,balanced,False,reduction:6;reduction:12;reduction:24;reduction:48;reduction:96,544,685990,373178560,,,,,,,,,,,
163,13,193,193,328,193,0,8,lane_first,tdw,balanced,False,reduction:6;reduction:12;reduction:24;reduction:48;reduction:96,552,686316,378846432,,,,,,,,,,,
163,13,194,194,328,194,0,8,lane_first,tdw,balanced,False,reduction:6;reduction:12;reduction:24;reduction:48;reduction:97,552,692984,382527168,,,,,,,,,,,
163,13,195,195,328,195,0,8,lane_first,tdw,balanced,False,reduction:6;reduction:12;reduction:24;reduction:49;reduction:97,552,693310,382707120,,,,,,,,,,,
163,13,196,196,328,196,0,8,lane_first,tdw,balanced,False,reduction:6;reduction:12;reduction:24;reduction:49;reduction:98,552,700141,386477832,,,,,,,,,,,
163,13,197,197,328,197,0,8,lane_first,tdw,balanced,False,reduction:6;reduction:12;reduction:25;reduction:49;reduction:98,552,700467,386657784,,,,,,,,,,,
163,13,198,198,328,198,0,8,lane_first,tdw,balanced,False,reduction:6;reduction:12;reduction:25;reduction:49;reduction:99,552,707135,390338520,,,,,,,,,,,
163,13,199,199,328,199,0,8,lane_first,tdw,balanced,False,reduction:6;reduction:12;reduction:25;reduction:50;reduction:99,552,707461,390518472,,,,,,,,,,,
163,13,200,200,328,200,0,8,lane_first,tdw,balanced,False,reduction:6;reduction:12;reduction:25;reduction:50;reduction:100,552,714292,394289184,,,,,,,,,,,
163,13,201,201,328,201,0,8,lane_first,tdw,balanced,False,reduction:6;reduction:13;reduction:25;reduction:50;reduction:100,552,714618,394469136,,,,,,,,,,,
163,13,202,202,328,202,0,8,lane_first,tdw,balanced,False,reduction:6;reduction:13;reduction:25;reduction:50;reduction:101,552,721286,398149872,,,,,,,,,,,
163,13,203,203,328,203,0,8,lane_first,tdw,balanced,False,reduction:6;reduction:13;reduction:25;reduction:51;reduction:101,552,721612,398329824,,,,,,,,,,,
163,13,204,204,328,204,0,8,lane_first,tdw,balanced,False,reduction:6;reduction:13;reduction:25;reduction:51;reduction:102,552,728443,402100536,,,,,,,,,,,
163,13,205,205,328,205,0,8,lane_first,tdw,balanced,False,reduction:6;reduction:13;reduction:26;reduction:51;reduction:102,552,728769,402280488,,,,,,,,,,,
163,13,206,206,328,206,0,8,lane_first,tdw,balanced,False,reduction:6;reduction:13;reduction:26;reduction:51;reduction:103,552,735437,405961224,,,,,,,,,,,
163,13,207,207,328,207,0,8,lane_first,tdw,balanced,False,reduction:6;reduction:13;reduction:26;reduction:52;reduction:103,552,735763,406141176,,,,,,,,,,,
163,13,208,208,328,208,0,8,lane_first,tdw,balanced,False,reduction:6;reduction:13;reduction:26;reduction:52;reduction:104,552,742594,409911888,,,,,,,,,,,
163,13,209,209,328,209,0,8,lane_first,tdw,balanced,False,reduction:13;reduction:26;reduction:52;reduction:104,552,742920,410091840,,,,,,,,,,,
163,13,210,210,328,210,0,8,lane_first,tdw,balanced,False,reduction:13;reduction:26;reduction:52;reduction:105,552,749588,413772576,,,,,,,,,,,
163,13,211,211,328,211,0,8,lane_first,tdw,balanced,False,reduction:13;reduction:26;reduction:53;reduction:105,552,749914,413952528,,,,,,,,,,,
163,13,212,212,328,212,0,8,lane_first,tdw,balanced,False,reduction:13;reduction:26;reduction:53;reduction:106,552,756745,417723240,,,,,,,,,,,
163,13,213,213,328,213,0,8,lane_first,tdw,balanced,False,reduction:13;reduction:53;reduction:106,552,757071,417903192,,,,,,,,,,,
163,13,214,214,328,214,0,8,lane_first,tdw,balanced,False,reduction:13;reduction:53;reduction:107,552,763739,421583928,,,,,,,,,,,
163,13,215,215,328,215,0,8,lane_first,tdw,balanced,False,reduction:13;reduction:54;reduction:107,552,764065,421763880,,,,,,,,,,,
163,13,216,216,328,216,0,8,lane_first,tdw,balanced,False,reduction:13;reduction:54;reduction:108,552,770896,425534592,,,,,,,,,,,
163,13,217,217,328,217,0,8,lane_first,tdw,balanced,False,reduction:54;reduction:108,552,771222,425714544,,,,,,,,,,,
163,13,218,218,328,218,0,8,lane_first,tdw,balanced,False,reduction:54;reduction:109,552,777890,429395280,,,,,,,,,,,
163,13,219,219,328,219,0,8,lane_first,tdw,balanced,False,reduction:55;reduction:109,552,778216,429575232,,,,,,,,,,,
163,13,220,220,328,220,0,8,lane_first,tdw,balanced,False,reduction:55;reduction:110,552,785047,433345944,,,,,,,,,,,
163,13,221,221,328,221,0,8,lane_first,tdw,balanced,False,reduction:28;reduction:55;reduction:110,552,785373,433525896,,,,,,,,,,,
163,13,222,222,328,222,0,8,lane_first,tdw,balanced,False,reduction:28;reduction:55;reduction:111,552,792041,437206632,,,,,,,,,,,
163,13,223,223,328,223,0,8,lane_first,tdw,balanced,False,reduction:28;reduction:56;reduction:111,552,792367,437386584,,,,,,,,,,,
163,13,224,224,328,224,0,8,lane_first,tdw,balanced,False,reduction:28;reduction:56;reduction:112,552,799198,441157296,,,,,,,,,,,
163,13,225,225,328,225,0,8,lane_first,tdw,balanced,False,reduction:4;reduction:28;reduction:56;reduction:112,552,799524,441337248,,,,,,,,,,,
163,13,226,226,328,226,0,8,lane_first,tdw,balanced,False,reduction:4;reduction:28;reduction:56;reduction:113,552,806192,445017984,,,,,,,,,,,
163,13,227,227,328,227,0,8,lane_first,tdw,balanced,False,reduction:4;reduction:28;reduction:57;reduction:113,552,806518,445197936,,,,,,,,,,,
163,13,228,228,328,228,0,8,lane_first,tdw,balanced,False,reduction:4;reduction:28;reduction:57;reduction:114,552,813349,448968648,,,,,,,,,,,
163,13,229,229,328,229,0,8,lane_first,tdw,balanced,False,reduction:4;reduction:29;reduction:57;reduction:114,552,813675,449148600,,,,,,,,,,,
163,13,230,230,328,230,0,8,lane_first,tdw,balanced,False,reduction:4;reduction:29;reduction:57;reduction:115,552,820343,452829336,,,,,,,,,,,
163,13,231,231,328,231,0,8,lane_first,tdw,balanced,False,reduction:4;reduction:29;reduction:58;reduction:115,552,820669,453009288,,,,,,,,,,,
163,13,232,232,328,232,0,8,lane_first,tdw,balanced,False,reduction:4;reduction:29;reduction:58;reduction:116,552,827500,456780000,,,,,,,,,,,
163,13,233,233,328,233,0,8,lane_first,tdw,balanced,False,reduction:4;reduction:15;reduction:29;reduction:58;reduction:116,552,827826,456959952,,,,,,,,,,,
163,13,234,234,328,234,0,8,lane_first,tdw,balanced,False,reduction:4;reduction:15;reduction:29;reduction:58;reduction:117,552,834494,460640688,,,,,,,,,,,
163,13,235,235,328,235,0,8,lane_first,tdw,balanced,False,reduction:4;reduction:15;reduction:29;reduction:59;reduction:117,552,834820,460820640,,,,,,,,,,,
163,13,236,236,328,236,0,8,lane_first,tdw,balanced,False,reduction:4;reduction:15;reduction:29;reduction:59;reduction:118,552,841651,464591352,,,,,,,,,,,
163,13,237,237,328,237,0,8,lane_first,tdw,balanced,False,reduction:4;reduction:15;reduction:30;reduction:59;reduction:118,552,841977,464771304,,,,,,,,,,,
163,13,238,238,328,238,0,8,lane_first,tdw,balanced,False,reduction:4;reduction:15;reduction:30;reduction:59;reduction:119,552,848645,468452040,,,,,,,,,,,
163,13,239,239,328,239,0,8,lane_first,tdw,balanced,False,reduction:4;reduction:15;reduction:30;reduction:60;reduction:119,552,848971,468631992,,,,,,,,,,,
163,13,240,240,328,240,0,8,lane_first,tdw,balanced,False,reduction:4;reduction:15;reduction:30;reduction:60;reduction:120,552,855802,472402704,,,,,,,,,,,
163,13,241,241,328,241,0,8,lane_first,tdw,balanced,False,reduction:4;reduction:8;reduction:15;reduction:30;reduction:60;reduction:120,552,856128,472582656,,,,,,,,,,,
163,13,242,242,328,242,0,8,lane_first,tdw,balanced,False,reduction:4;reduction:8;reduction:15;reduction:30;reduction:60;reduction:121,552,862796,476263392,,,,,,,,,,,
163,13,243,243,328,243,0,8,lane_first,tdw,balanced,False,reduction:4;reduction:8;reduction:15;reduction:30;reduction:61;reduction:121,552,863122,476443344,,,,,,,,,,,
163,13,244,244,328,244,0,8,lane_first,tdw,balanced,False,reduction:4;reduction:8;reduction:15;reduction:30;reduction:61;reduction:122,552,869953,480214056,,,,,,,,,,,
163,13,245,245,328,245,0,8,lane_first,tdw,balanced,False,reduction:4;reduction:8;reduction:15;reduction:31;reduction:61;reduction:122,552,870279,480394008,,,,,,,,,,,
163,13,246,246,328,246,0,8,lane_first,tdw,balanced,False,reduction:4;reduction:8;reduction:15;reduction:31;reduction:61;reduction:123,552,876947,484074744,,,,,,,,,,,
163,13,247,247,328,247,0,8,lane_first,tdw,balanced,False,reduction:4;reduction:8;reduction:15;reduction:31;reduction:62;reduction:123,552,877273,484254696,,,,,,,,,,,
163,13,248,248,328,248,0,8,lane_first,tdw,balanced,False,reduction:4;reduction:8;reduction:15;reduction:31;reduction:62;reduction:124,552,884104,488025408,,,,,,,,,,,
163,13,249,249,328,249,0,8,lane_first,tdw,balanced,False,reduction:4;reduction:8;reduction:16;reduction:31;reduction:62;reduction:124,552,884430,488205360,,,,,,,,,,,
163,13,250,250,328,250,0,8,lane_first,tdw,balanced,False,reduction:4;reduction:8;reduction:16;reduction:31;reduction:62;reduction:125,552,891098,491886096,,,,,,,,,,,
163,13,251,251,328,251,0,8,lane_first,tdw,balanced,False,reduction:4;reduction:8;reduction:16;reduction:31;reduction:63;reduction:125,552,891424,492066048,,,,,,,,,,,
163,13,252,252,328,252,0,8,lane_first,tdw,balanced,False,reduction:4;reduction:8;reduction:16;reduction:31;reduction:63;reduction:126,552,898255,495836760,,,,,,,,,,,
163,13,253,253,328,253,0,8,lane_first,tdw,balanced,False,reduction:4;reduction:8;reduction:16;reduction:32;reduction:63;reduction:126,552,898581,496016712,,,,,,,,,,,
163,13,254,254,328,254,0,8,lane_first,tdw,balanced,False,reduction:4;reduction:8;reduction:16;reduction:32;reduction:63;reduction:127,552,905249,499697448,,,,,,,,,,,
163,13,255,255,328,255,0,8,lane_first,tdw,balanced,False,reduction:4;reduction:8;reduction:16;reduction:32;reduction:64;reduction:127,552,905575,499877400,,,,,,,,,,,
163,13,256,256,328,256,0,8,lane_first,tdw,balanced,False,reduction:4;reduction:8;reduction:16;reduction:32;reduction:64;reduction:128,552,912406,503648112,,,,,,,,,,,
163,13,257,257,328,257,0,9,lane_first,tdw,balanced,False,reduction:4;reduction:8;reduction:16;reduction:32;reduction:64;reduction:128,592,912732,540337344,,,,,,,,,,,
163,13,258,258,328,258,0,9,lane_first,tdw,balanced,False,reduction:4;reduction:8;reduction:16;reduction:32;reduction:64;reduction:129,600,919400,551640000,,,,,,,,,,,
163,13,259,259,328,259,0,9,lane_first,tdw,balanced,False,reduction:4;reduction:8;reduction:16;reduction:32;reduction:65;reduction:129,608,919726,559193408,,,,,,,,,,,
163,13,260,260,328,260,0,9,lane_first,tdw,balanced,False,reduction:4;reduction:8;reduction:16;reduction:32;reduction:65;reduction:130,608,926557,563346656,,,,,,,,,,,
163,13,261,261,328,261,0,9,lane_first,tdw,balanced,False,reduction:4;reduction:8;reduction:16;reduction:33;reduction:65;reduction:130,616,926883,570959928,,,,,,,,,,,
163,13,262,262,328,262,0,9,lane_first,tdw,balanced,False,reduction:4;reduction:8;reduction:16;reduction:33;reduction:65;reduction:131,616,933551,575067416,,,,,,,,,,,
163,13,263,263,328,263,0,9,lane_first,tdw,balanced,False,reduction:4;reduction:8;reduction:16;reduction:33;reduction:66;reduction:131,616,933877,575268232,,,,,,,,,,,
163,13,264,264,328,264,0,9,lane_first,tdw,balanced,False,reduction:4;reduction:8;reduction:16;reduction:33;reduction:66;reduction:132,616,940708,579476128,,,,,,,,,,,
163,13,265,265,328,265,0,9,lane_first,tdw,balanced,False,reduction:4;reduction:8;reduction:17;reduction:33;reduction:66;reduction:132,624,941034,587205216,,,,,,,,,,,
163,13,266,266,328,266,0,9,lane_first,tdw,balanced,False,reduction:4;reduction:8;reduction:17;reduction:33;reduction:66;reduction:133,624,947702,591366048,,,,,,,,,,,
163,13,267,267,328,267,0,9,lane_first,tdw,balanced,False,reduction:4;reduction:8;reduction:17;reduction:33;reduction:67;reduction:133,624,948028,591569472,,,,,,,,,,,
163,13,268,268,328,268,0,9,lane_first,tdw,balanced,False,reduction:4;reduction:8;reduction:17;reduction:33;reduction:67;reduction:134,624,954859,595832016,,,,,,,,,,,
163,13,269,269,328,269,0,9,lane_first,tdw,balanced,False,reduction:4;reduction:8;reduction:17;reduction:34;reduction:67;reduction:134,624,955185,596035440,,,,,,,,,,,
163,13,270,270,328,270,0,9,lane_first,tdw,balanced,False,reduction:4;reduction:8;reduction:17;reduction:34;reduction:67;reduction:135,624,961853,600196272,,,,,,,,,,,
163,13,271,271,328,271,0,9,lane_first,tdw,balanced,False,reduction:4;reduction:8;reduction:17;reduction:34;reduction:68;reduction:135,624,962179,600399696,,,,,,,,,,,
163,13,272,272,328,272,0,9,lane_first,tdw,balanced,False,reduction:4;reduction:8;reduction:17;reduction:34;reduction:68;reduction:136,624,969010,604662240,,,,,,,,,,,
163,13,273,273,328,273,0,9,lane_first,tdw,balanced,False,reduction:4;reduction:9;reduction:17;reduction:34;reduction:68;reduction:136,632,969336,612620352,,,,,,,,,,,
163,13,274,274,328,274,0,9,lane_first,tdw,balanced,False,reduction:4;reduction:9;reduction:17;reduction:34;reduction:68;reduction:137,632,976004,616834528,,,,,,,,,,,
163,13,275,275,328,275,0,9,lane_first,tdw,balanced,False,reduction:4;reduction:9;reduction:17;reduction:34;reduction:69;reduction:137,632,976330,617040560,,,,,,,,,,,
163,13,276,276,328,276,0,9,lane_first,tdw,balanced,False,reduction:4;reduction:9;reduction:17;reduction:34;reduction:69;reduction:138,632,983161,621357752,,,,,,,,,,,
163,13,277,277,328,277,0,9,lane_first,tdw,balanced,False,reduction:4;reduction:9;reduction:17;reduction:35;reduction:69;reduction:138,632,983487,621563784,,,,,,,,,,,
163,13,278,278,328,278,0,9,lane_first,tdw,balanced,False,reduction:4;reduction:9;reduction:17;reduction:35;reduction:69;reduction:139,632,990155,625777960,,,,,,,,,,,
163,13,279,279,328,279,0,9,lane_first,tdw,balanced,False,reduction:4;reduction:9;reduction:17;reduction:35;reduction:70;reduction:139,632,990481,625983992,,,,,,,,,,,
163,13,280,280,328,280,0,9,lane_first,tdw,balanced,False,reduction:4;reduction:9;reduction:17;reduction:35;reduction:70;reduction:140,632,997312,630301184,,,,,,,,,,,
163,13,281,281,328,281,0,9,lane_first,tdw,balanced,False,reduction:4;reduction:9;reduction:18;reduction:35;reduction:70;reduction:140,632,997638,630507216,,,,,,,,,,,
163,13,282,282,328,282,0,9,lane_first,tdw,balanced,False,reduction:4;reduction:9;reduction:18;reduction:35;reduction:70;reduction:141,632,1004306,634721392,,,,,,,,,,,
163,13,283,283,328,283,0,9,lane_first,tdw,balanced,False,reduction:4;reduction:9;reduction:18;reduction:35;reduction:71;reduction:141,632,1004632,634927424,,,,,,,,,,,
163,13,284,284,328,284,0,9,lane_first,tdw,balanced,False,reduction:4;reduction:9;reduction:18;reduction:35;reduction:71;reduction:142,632,1011463,639244616,,,,,,,,,,,
163,13,285,285,328,285,0,9,lane_first,tdw,balanced,False,reduction:4;reduction:9;reduction:18;reduction:36;reduction:71;reduction:142,632,1011789,639450648,,,,,,,,,,,
163,13,286,286,328,286,0,9,lane_first,tdw,balanced,False,reduction:4;reduction:9;reduction:18;reduction:36;reduction:71;reduction:143,632,1018457,643664824,,,,,,,,,,,
163,13,287,287,328,287,0,9,lane_first,tdw,balanced,False,reduction:4;reduction:9;reduction:18;reduction:36;reduction:72;reduction:143,632,1018783,643870856,,,,,,,,,,,
163,13,288,288,328,288,0,9,lane_first,tdw,balanced,False,reduction:4;reduction:9;reduction:18;reduction:36;reduction:72;reduction:144,632,1025614,648188048,,,,,,,,,,,
163,13,289,289,328,289,0,9,lane_first,tdw,balanced,False,reduction:5;reduction:9;reduction:18;reduction:36;reduction:72;reduction:144,640,1025940,656601600,,,,,,,,,,,
163,13,290,290,328,290,0,9,lane_first,tdw,balanced,False,reduction:5;reduction:9;reduction:18;reduction:36;reduction:72;reduction:145,640,1032608,660869120,,,,,,,,,,,
163,13,291,291,328,291,0,9,lane_first,tdw,balanced,False,reduction:5;reduction:9;reduction:18;reduction:36;reduction:73;reduction:145,640,1032934,661077760,,,,,,,,,,,
163,13,292,292,328,292,0,9,lane_first,tdw,balanced,False,reduction:5;reduction:9;reduction:18;reduction:36;reduction:73;reduction:146,640,1039765,665449600,,,,,,,,,,,
163,13,293,293,328,293,0,9,lane_first,tdw,balanced,False,reduction:5;reduction:9;reduction:18;reduction:37;reduction:73;reduction:146,640,1040091,665658240,,,,,,,,,,,
163,13,294,294,328,294,0,9,lane_first,tdw,balanced,False,reduction:5;reduction:9;reduction:18;reduction:37;reduction:73;reduction:147,640,1046759,669925760,,,,,,,,,,,
163,13,295,295,328,295,0,9,lane_first,tdw,balanced,False,reduction:5;reduction:9;reduction:18;reduction:37;reduction:74;reduction:147,640,1047085,670134400,,,,,,,,,,,
163,13,296,296,328,296,0,9,lane_first,tdw,balanced,False,reduction:5;reduction:9;reduction:18;reduction:37;reduction:74;reduction:148,640,1053916,674506240,,,,,,,,,,,
163,13,297,297,328,297,0,9,lane_first,tdw,balanced,False,reduction:5;reduction:9;reduction:19;reduction:37;reduction:74;reduction:148,640,1054242,674714880,,,,,,,,,,,
163,13,298,298,328,298,0,9,lane_first,tdw,balanced,False,reduction:5;reduction:9;reduction:19;reduction:37;reduction:74;reduction:149,640,1060910,678982400,,,,,,,,,,,
163,13,299,299,328,299,0,9,lane_first,tdw,balanced,False,reduction:5;reduction:9;reduction:19;reduction:37;reduction:75;reduction:149,640,1061236,679191040,,,,,,,,,,,
163,13,300,300,328,300,0,9,lane_first,tdw,balanced,False,reduction:5;reduction:9;reduction:19;reduction:37;reduction:75;reduction:150,640,1068067,683562880,,,,,,,,,,,
163,13,301,301,328,301,0,9,lane_first,tdw,balanced,False,reduction:5;reduction:9;reduction:19;reduction:38;reduction:75;reduction:150,640,1068393,683771520,,,,,,,,,,,
163,13,302,302,328,302,0,9,lane_first,tdw,balanced,False,reduction:5;reduction:9;reduction:19;reduction:38;reduction:75;reduction:151,640,1075061,688039040,,,,,,,,,,,
163,13,303,303,328,303,0,9,lane_first,tdw,balanced,False,reduction:5;reduction:9;reduction:19;reduction:38;reduction:76;reduction:151,640,1075387,688247680,,,,,,,,,,,
163,13,304,304,328,304,0,9,lane_first,tdw,balanced,False,reduction:5;reduction:9;reduction:19;reduction:38;reduction:76;reduction:152,640,1082218,692619520,,,,,,,,,,,
163,13,305,305,328,305,0,9,lane_first,tdw,balanced,False,reduction:5;reduction:10;reduction:19;reduction:38;reduction:76;reduction:152,640,1082544,692828160,,,,,,,,,,,
163,13,306,306,328,306,0,9,lane_first,tdw,balanced,False,reduction:5;reduction:10;reduction:19;reduction:38;reduction:76;reduction:153,640,1089212,697095680,,,,,,,,,,,
163,13,307,307,328,307,0,9,lane_first,tdw,balanced,False,reduction:5;reduction:10;reduction:19;reduction:38;reduction:77;reduction:153,640,1089538,697304320,,,,,,,,,,,
163,13,308,308,328,308,0,9,lane_first,tdw,balanced,False,reduction:5;reduction:10;reduction:19;reduction:38;reduction:77;reduction:154,640,1096369,701676160,,,,,,,,,,,
163,13,309,309,328,309,0,9,lane_first,tdw,balanced,False,reduction:5;reduction:10;reduction:19;reduction:39;reduction:77;reduction:154,640,1096695,701884800,,,,,,,,,,,
163,13,310,310,328,310,0,9,lane_first,tdw,balanced,False,reduction:5;reduction:10;reduction:19;reduction:39;reduction:77;reduction:155,640,1103363,706152320,,,,,,,,,,,
163,13,311,311,328,311,0,9,lane_first,tdw,balanced,False,reduction:5;reduction:10;reduction:19;reduction:39;reduction:78;reduction:155,640,1103689,706360960,,,,,,,,,,,
163,13,312,312,328,312,0,9,lane_first,tdw,balanced,False,reduction:5;reduction:10;reduction:19;reduction:39;reduction:78;reduction:156,640,1110520,710732800,,,,,,,,,,,
163,13,313,313,328,313,0,9,lane_first,tdw,balanced,False,reduction:5;reduction:10;reduction:20;reduction:39;reduction:78;reduction:156,640,1110846,710941440,,,,,,,,,,,
163,13,314,314,328,314,0,9,lane_first,tdw,balanced,False,reduction:5;reduction:10;reduction:20;reduction:39;reduction:78;reduction:157,640,1117514,715208960,,,,,,,,,,,
163,13,315,315,328,315,0,9,lane_first,tdw,balanced,False,reduction:5;reduction:10;reduction:20;reduction:39;reduction:79;reduction:157,640,1117840,715417600,,,,,,,,,,,
163,13,316,316,328,316,0,9,lane_first,tdw,balanced,False,reduction:5;reduction:10;reduction:20;reduction:39;reduction:79;reduction:158,640,1124671,719789440,,,,,,,,,,,
163,13,317,317,328,317,0,9,lane_first,tdw,balanced,False,reduction:5;reduction:10;reduction:20;reduction:40;reduction:79;reduction:158,640,1124997,719998080,,,,,,,,,,,
163,13,318,318,328,318,0,9,lane_first,tdw,balanced,False,reduction:5;reduction:10;reduction:20;reduction:40;reduction:79;reduction:159,640,1131665,724265600,,,,,,,,,,,
163,13,319,319,328,319,0,9,lane_first,tdw,balanced,False,reduction:5;reduction:10;reduction:20;reduction:40;reduction:80;reduction:159,640,1131991,724474240,,,,,,,,,,,
163,13,320,320,328,320,0,9,lane_first,tdw,balanced,False,reduction:5;reduction:10;reduction:20;reduction:40;reduction:80;reduction:160,640,1138822,728846080,,,,,,,,,,,
163,13,321,321,328,321,0,9,lane_first,tdw,balanced,False,reduction:5;reduction:10;reduction:20;reduction:40;reduction:80;reduction:160,648,1139148,738167904,,,,,,,,,,,
163,13,322,322,328,322,0,9,lane_first,tdw,balanced,False,reduction:5;reduction:10;reduction:20;reduction:40;reduction:80;reduction:161,648,1145816,742488768,,,,,,,,,,,
163,13,323,323,328,323,0,9,lane_first,tdw,balanced,False,reduction:5;reduction:10;reduction:20;reduction:40;reduction:81;reduction:161,648,1146142,742700016,,,,,,,,,,,
163,13,324,324,328,324,0,9,lane_first,tdw,balanced,False,reduction:5;reduction:10;reduction:20;reduction:40;reduction:81;reduction:162,648,1152973,747126504,,,,,,,,,,,
163,13,325,325,328,325,0,9,lane_first,tdw,balanced,False,reduction:5;reduction:10;reduction:20;reduction:41;reduction:81;reduction:162,648,1153299,747337752,,,,,,,,,,,
163,13,326,326,328,326,0,9,lane_first,tdw,balanced,False,reduction:5;reduction:10;reduction:20;reduction:41;reduction:81;reduction:163,648,1159967,751658616,,,,,,,,,,,
163,13,327,327,328,327,0,9,lane_first,tdw,balanced,False,reduction:5;reduction:10;reduction:20;reduction:41;reduction:82;reduction:163,648,1160293,751869864,,,,,,,,,,,
163,13,328,328,328,328,0,9,lane_first,tdw,balanced,False,reduction:5;reduction:10;reduction:20;reduction:41;reduction:82;reduction:164,640,1167124,746959360,,,,,,,,,,,
163,14,1,1,328,24,23,0,lane_first,tdw,balanced,False,tail:1,2949012,31503,92902725036,,,,,,,,,,,
163,14,2,2,328,24,11,1,lane_first,tdw,balanced,False,tail:2,1384276,36867,51034103292,,,,,,,,,,,
163,14,3,3,328,24,7,2,lane_first,tdw,balanced,False,tail:3,884732,42068,37218905776,,,,,,,,,,,
163,14,4,4,328,24,5,2,lane_first,tdw,balanced,False,tail:4,622620,47432,29532111840,,,,,,,,,,,
163,14,5,5,328,25,4,3,lane_first,tdw,balanced,False,tail:5,467064,53448,24963636672,,,,,,,,,,,
163,14,6,6,328,24,3,3,lane_first,tdw,balanced,False,tail:6,393336,57997,22812307992,,,,,,,,,,,
163,14,7,7,328,28,3,3,lane_first,tdw,balanced,False,tail:7,328096,66458,21804603968,,,,,,,,,,,
163,14,8,8,328,24,2,3,lane_first,tdw,balanced,False,reduction:4;tail:8,262276,68562,17982167112,,,,,,,,,,,
163,14,9,9,328,27,2,4,lane_first,tdw,balanced,False,reduction:4;tail:9,200908,76208,15310796864,,,,,,,,,,,
163,14,10,10,328,30,2,4,lane_first,tdw,balanced,False,reduction:5;tail:10,197092,84017,16559078564,,,,,,,,,,,
163,14,11,11,328,33,2,4,lane_first,tdw,balanced,False,reduction:5;tail:11,196888,91663,18047344744,,,,,,,,,,,
163,14,12,12,328,24,1,4,lane_first,tdw,balanced,False,reduction:6;tail:12,196804,89692,17651744368,,,,,,,,,,,
163,14,13,13,328,26,1,4,lane_first,tdw,balanced,False,reduction:6;tail:13,98516,96523,9509059868,,,,,,,,,,,
163,14,14,14,328,28,1,4,lane_first,tdw,balanced,False,tail:14,73948,103517,7654875116,,,,,,,,,,,
163,14,15,15,328,30,1,4,lane_first,tdw,balanced,False,reduction:4;tail:15,67812,110348,7482918576,,,,,,,,,,,
163,14,16,16,328,32,1,4,lane_first,tdw,balanced,False,reduction:4;reduction:8;tail:16,66792,117342,7837506864,,,,,,,,,,,
163,14,17,17,328,34,1,5,lane_first,tdw,balanced,False,reduction:4;reduction:8;tail:17,66332,124173,8236643436,,,,,,,,,,,
163,14,18,18,328,36,1,5,lane_first,tdw,balanced,False,reduction:4;reduction:9;tail:18,66088,131167,8668564696,,,,,,,,,,,
163,14,19,19,328,38,1,5,lane_first,tdw,balanced,False,reduction:5;reduction:9;tail:19,65972,137998,9104004056,,,,,,,,,,,
163,14,20,20,328,40,1,5,lane_first,tdw,balanced,False,reduction:5;reduction:10;tail:20,65912,144992,9556712704,,,,,,,,,,,
163,14,21,21,328,42,1,5,lane_first,tdw,balanced,False,reduction:5;reduction:10;tail:21,65892,151823,10003921116,,,,,,,,,,,
163,14,22,22,328,42,1,5,lane_first,tdw,balanced,False,reduction:5;reduction:11;tail:20,65880,145644,9595026720,,,,,,,,,,,
163,14,23,23,328,29,1,5,lane_first,tdw,balanced,False,reduction:6;reduction:11;tail:6,65864,89707,5908461848,,,,,,,,,,,
163,14,24,24,328,24,0,5,lane_first,tdw,balanced,False,reduction:6;reduction:12,65800,91648,6030438400,,,,,,,,,,,
163,14,25,25,328,25,0,5,lane_first,tdw,balanced,False,reduction:6;reduction:12,65808,91974,6052624992,,,,,,,,,,,
163,14,26,26,328,26,0,5,lane_first,tdw,balanced,False,reduction:6;reduction:13,33040,98642,3259131680,,,,,,,,,,,
163,14,27,27,328,27,0,5,lane_first,tdw,balanced,False,reduction:13,33040,98968,3269902720,,,,,,,,,,,
163,14,28,28,328,28,0,5,lane_first,tdw,balanced,True,,16656,105799,1762188144,990952,281253180,105799,16656,383894,40615601306,1762188144,27386,h_u=2n,module_barriers,balanced_clean_arithmetic_retain_copied_outputs
163,14,29,29,328,29,0,5,lane_first,tdw,balanced,False,reduction:4,16656,106125,1767618000,,,,,,,,,,,
163,14,30,30,328,30,0,5,lane_first,tdw,balanced,False,reduction:4;reduction:15,8464,112793,954679952,,,,,,,,,,,
163,14,31,31,328,31,0,5,lane_first,tdw,balanced,False,reduction:4;reduction:8;reduction:15,8464,113119,957439216,,,,,,,,,,,
163,14,32,32,328,32,0,5,lane_first,tdw,balanced,False,reduction:4;reduction:8;reduction:16,8464,119950,1015256800,,,,,,,,,,,
163,14,33,33,328,33,0,6,lane_first,tdw,balanced,False,reduction:4;reduction:8;reduction:16,4408,120276,530176608,,,,,,,,,,,
163,14,34,34,328,34,0,6,lane_first,tdw,balanced,False,reduction:4;reduction:8;reduction:17,4416,126944,560584704,,,,,,,,,,,
163,14,35,35,328,35,0,6,lane_first,tdw,balanced,False,reduction:4;reduction:9;reduction:17,4424,127270,563042480,,,,,,,,,,,
163,14,36,36,328,36,0,6,lane_first,tdw,balanced,False,reduction:4;reduction:9;reduction:18,4424,134101,593262824,,,,,,,,,,,
163,14,37,37,328,37,0,6,lane_first,tdw,balanced,False,reduction:5;reduction:9;reduction:18,2384,134427,320473968,,,,,,,,,,,
163,14,38,38,328,38,0,6,lane_first,tdw,balanced,False,reduction:5;reduction:9;reduction:19,2384,141095,336370480,,,,,,,,,,,
163,14,39,39,328,39,0,6,lane_first,tdw,balanced,False,reduction:5;reduction:10;reduction:19,2384,141421,337147664,,,,,,,,,,,
163,14,40,40,328,40,0,6,lane_first,tdw,balanced,False,reduction:5;reduction:10;reduction:20,2384,148252,353432768,,,,,,,,,,,
163,14,41,41,328,41,0,6,lane_first,tdw,balanced,False,reduction:5;reduction:10;reduction:20,1368,148578,203254704,,,,,,,,,,,
163,14,42,42,328,42,0,6,lane_first,tdw,balanced,False,reduction:5;reduction:10;reduction:21,1368,155246,212376528,,,,,,,,,,,
163,14,43,43,328,43,0,6,lane_first,tdw,balanced,False,reduction:5;reduction:11;reduction:21,1368,155572,212822496,,,,,,,,,,,
163,14,44,44,328,44,0,6,lane_first,tdw,balanced,False,reduction:5;reduction:11;reduction:22,1368,162403,222167304,,,,,,,,,,,
163,14,45,45,328,45,0,6,lane_first,tdw,balanced,False,reduction:6;reduction:11;reduction:22,1368,162729,222613272,,,,,,,,,,,
163,14,46,46,328,46,0,6,lane_first,tdw,balanced,False,reduction:6;reduction:11;reduction:23,1368,169397,231735096,,,,,,,,,,,
163,14,47,47,328,47,0,6,lane_first,tdw,balanced,False,reduction:6;reduction:12;reduction:23,856,169723,145282888,,,,,,,,,,,
163,14,48,48,328,48,0,6,lane_first,tdw,balanced,False,reduction:6;reduction:12;reduction:24,856,176554,151130224,,,,,,,,,,,
163,14,49,49,328,49,0,6,lane_first,tdw,balanced,False,reduction:6;reduction:12;reduction:24,864,176880,152824320,,,,,,,,,,,
163,14,50,50,328,50,0,6,lane_first,tdw,balanced,False,reduction:6;reduction:12;reduction:25,864,183548,158585472,,,,,,,,,,,
163,14,51,51,328,51,0,6,lane_first,tdw,balanced,False,reduction:6;reduction:13;reduction:25,864,183874,158867136,,,,,,,,,,,
163,14,52,52,328,52,0,6,lane_first,tdw,balanced,False,reduction:6;reduction:13;reduction:26,864,190705,164769120,,,,,,,,,,,
163,14,53,53,328,53,0,6,lane_first,tdw,balanced,False,reduction:13;reduction:26,864,191031,165050784,,,,,,,,,,,
163,14,54,54,328,54,0,6,lane_first,tdw,balanced,False,reduction:13,864,197699,170811936,,,,,,,,,,,
163,14,55,55,328,55,0,6,lane_first,tdw,balanced,True,,608,198025,120399200,1122328,167316138,198025,608,264098,52298006450,120399200,53792,h_u=2n,module_barriers,balanced_clean_arithmetic_retain_copied_outputs
163,14,56,56,328,56,0,6,lane_first,tdw,balanced,False,reduction:28,608,204856,124552448,,,,,,,,,,,
163,14,57,57,328,57,0,6,lane_first,tdw,balanced,False,reduction:4;reduction:28,608,205182,124750656,,,,,,,,,,,
163,14,58,58,328,58,0,6,lane_first,tdw,balanced,False,reduction:4;reduction:29,608,211850,128804800,,,,,,,,,,,
163,14,59,59,328,59,0,6,lane_first,tdw,balanced,False,reduction:4;reduction:15;reduction:29,608,212176,129003008,,,,,,,,,,,
163,14,60,60,328,60,0,6,lane_first,tdw,balanced,False,reduction:4;reduction:15;reduction:30,608,219007,133156256,,,,,,,,,,,
163,14,61,61,328,61,0,6,lane_first,tdw,balanced,False,reduction:4;reduction:8;reduction:15;reduction:30,608,219333,133354464,,,,,,,,,,,
163,14,62,62,328,62,0,6,lane_first,tdw,balanced,False,reduction:4;reduction:8;reduction:15;reduction:31,608,226001,137408608,,,,,,,,,,,
163,14,63,63,328,63,0,6,lane_first,tdw,balanced,False,reduction:4;reduction:8;reduction:16;reduction:31,608,226327,137606816,,,,,,,,,,,
163,14,64,64,328,64,0,6,lane_first,tdw,balanced,False,reduction:4;reduction:8;reduction:16;reduction:32,608,233158,141760064,,,,,,,,,,,
163,14,65,65,328,65,0,7,lane_first,tdw,balanced,False,reduction:4;reduction:8;reduction:16;reduction:32,648,233484,151297632,,,,,,,,,,,
163,14,66,66,328,66,0,7,lane_first,tdw,balanced,False,reduction:4;reduction:8;reduction:16;reduction:33,528,240152,126800256,,,,,,,,,,,
163,14,67,67,328,67,0,7,lane_first,tdw,balanced,False,reduction:4;reduction:8;reduction:17;reduction:33,536,240478,128896208,,,,,,,,,,,
163,14,68,68,328,68,0,7,lane_first,tdw,balanced,False,reduction:4;reduction:8;reduction:17;reduction:34,536,247309,132557624,,,,,,,,,,,
163,14,69,69,328,69,0,7,lane_first,tdw,balanced,False,reduction:4;reduction:9;reduction:17;reduction:34,544,247635,134713440,,,,,,,,,,,
163,14,70,70,328,70,0,7,lane_first,tdw,balanced,False,reduction:4;reduction:9;reduction:17;reduction:35,544,254303,138340832,,,,,,,,,,,
163,14,71,71,328,71,0,7,lane_first,tdw,balanced,False,reduction:4;reduction:9;reduction:18;reduction:35,544,254629,138518176,,,,,,,,,,,
163,14,72,72,328,72,0,7,lane_first,tdw,balanced,False,reduction:4;reduction:9;reduction:18;reduction:36,544,261460,142234240,,,,,,,,,,,
163,14,73,73,328,73,0,7,lane_first,tdw,balanced,False,reduction:5;reduction:9;reduction:18;reduction:36,552,261786,144505872,,,,,,,,,,,
163,14,74,74,328,74,0,7,lane_first,tdw,balanced,False,reduction:5;reduction:9;reduction:18;reduction:37,552,268454,148186608,,,,,,,,,,,
163,14,75,75,328,75,0,7,lane_first,tdw,balanced,False,reduction:5;reduction:9;reduction:19;reduction:37,552,268780,148366560,,,,,,,,,,,
163,14,76,76,328,76,0,7,lane_first,tdw,balanced,False,reduction:5;reduction:9;reduction:19;reduction:38,552,275611,152137272,,,,,,,,,,,
163,14,77,77,328,77,0,7,lane_first,tdw,balanced,False,reduction:5;reduction:10;reduction:19;reduction:38,552,275937,152317224,,,,,,,,,,,
163,14,78,78,328,78,0,7,lane_first,tdw,balanced,False,reduction:5;reduction:10;reduction:19;reduction:39,552,282605,155997960,,,,,,,,,,,
163,14,79,79,328,79,0,7,lane_first,tdw,balanced,False,reduction:5;reduction:10;reduction:20;reduction:39,552,282931,156177912,,,,,,,,,,,
163,14,80,80,328,80,0,7,lane_first,tdw,balanced,False,reduction:5;reduction:10;reduction:20;reduction:40,552,289762,159948624,,,,,,,,,,,
163,14,81,81,328,81,0,7,lane_first,tdw,balanced,False,reduction:5;reduction:10;reduction:20;reduction:40,560,290088,162449280,,,,,,,,,,,
163,14,82,82,328,82,0,7,lane_first,tdw,balanced,False,reduction:5;reduction:10;reduction:20;reduction:41,496,296756,147190976,,,,,,,,,,,
163,14,83,83,328,83,0,7,lane_first,tdw,balanced,False,reduction:5;reduction:10;reduction:21;reduction:41,496,297082,147352672,,,,,,,,,,,
163,14,84,84,328,84,0,7,lane_first,tdw,balanced,False,reduction:5;reduction:10;reduction:21;reduction:42,496,303913,150740848,,,,,,,,,,,
163,14,85,85,328,85,0,7,lane_first,tdw,balanced,False,reduction:5;reduction:11;reduction:21;reduction:42,496,304239,150902544,,,,,,,,,,,
163,14,86,86,328,86,0,7,lane_first,tdw,balanced,False,reduction:5;reduction:11;reduction:21;reduction:43,496,310907,154209872,,,,,,,,,,,
163,14,87,87,328,87,0,7,lane_first,tdw,balanced,False,reduction:5;reduction:11;reduction:22;reduction:43,496,311233,154371568,,,,,,,,,,,
163,14,88,88,328,88,0,7,lane_first,tdw,balanced,False,reduction:5;reduction:11;reduction:22;reduction:44,496,318064,157759744,,,,,,,,,,,
163,14,89,89,328,89,0,7,lane_first,tdw,balanced,False,reduction:6;reduction:11;reduction:22;reduction:44,496,318390,157921440,,,,,,,,,,,
163,14,90,90,328,90,0,7,lane_first,tdw,balanced,False,reduction:6;reduction:11;reduction:22;reduction:45,496,325058,161228768,,,,,,,,,,,
163,14,91,91,328,91,0,7,lane_first,tdw,balanced,False,reduction:6;reduction:11;reduction:23;reduction:45,496,325384,161390464,,,,,,,,,,,
163,14,92,92,328,92,0,7,lane_first,tdw,balanced,False,reduction:6;reduction:11;reduction:23;reduction:46,496,332215,164778640,,,,,,,,,,,
163,14,93,93,328,93,0,7,lane_first,tdw,balanced,False,reduction:6;reduction:12;reduction:23;reduction:46,496,332541,164940336,,,,,,,,,,,
163,14,94,94,328,94,0,7,lane_first,tdw,balanced,False,reduction:6;reduction:12;reduction:23;reduction:47,496,339209,168247664,,,,,,,,,,,
163,14,95,95,328,95,0,7,lane_first,tdw,balanced,False,reduction:6;reduction:12;reduction:24;reduction:47,496,339535,168409360,,,,,,,,,,,
163,14,96,96,328,96,0,7,lane_first,tdw,balanced,False,reduction:6;reduction:12;reduction:24;reduction:48,496,346366,171797536,,,,,,,,,,,
163,14,97,97,328,97,0,7,lane_first,tdw,balanced,False,reduction:6;reduction:12;reduction:24;reduction:48,504,346692,174732768,,,,,,,,,,,
163,14,98,98,328,98,0,7,lane_first,tdw,balanced,False,reduction:6;reduction:12;reduction:24;reduction:49,504,353360,178093440,,,,,,,,,,,
163,14,99,99,328,99,0,7,lane_first,tdw,balanced,False,reduction:6;reduction:12;reduction:25;reduction:49,504,353686,178257744,,,,,,,,,,,
163,14,100,100,328,100,0,7,lane_first,tdw,balanced,False,reduction:6;reduction:12;reduction:25;reduction:50,504,360517,181700568,,,,,,,,,,,
163,14,101,101,328,101,0,7,lane_first,tdw,balanced,False,reduction:6;reduction:13;reduction:25;reduction:50,504,360843,181864872,,,,,,,,,,,
163,14,102,102,328,102,0,7,lane_first,tdw,balanced,False,reduction:6;reduction:13;reduction:25;reduction:51,504,367511,185225544,,,,,,,,,,,
163,14,103,103,328,103,0,7,lane_first,tdw,balanced,False,reduction:6;reduction:13;reduction:26;reduction:51,504,367837,185389848,,,,,,,,,,,
163,14,104,104,328,104,0,7,lane_first,tdw,balanced,False,reduction:6;reduction:13;reduction:26;reduction:52,504,374668,188832672,,,,,,,,,,,
163,14,105,105,328,105,0,7,lane_first,tdw,balanced,False,reduction:13;reduction:26;reduction:52,504,374994,188996976,,,,,,,,,,,
163,14,106,106,328,106,0,7,lane_first,tdw,balanced,False,reduction:13;reduction:26;reduction:53,504,381662,192357648,,,,,,,,,,,
163,14,107,107,328,107,0,7,lane_first,tdw,balanced,False,reduction:13;reduction:53,504,381988,192521952,,,,,,,,,,,
163,14,108,108,328,108,0,7,lane_first,tdw,balanced,False,reduction:13;reduction:54,504,388819,195964776,,,,,,,,,,,
163,14,109,109,328,109,0,7,lane_first,tdw,balanced,False,reduction:54,504,389145,196129080,,,,,,,,,,,
163,14,110,110,328,110,0,7,lane_first,tdw,balanced,False,reduction:55,472,395813,186823736,,,,,,,,,,,
163,14,111,111,328,111,0,7,lane_first,tdw,balanced,False,reduction:28;reduction:55,472,396139,186977608,,,,,,,,,,,
163,14,112,112,328,112,0,7,lane_first,tdw,balanced,False,reduction:28;reduction:56,472,402970,190201840,,,,,,,,,,,
163,14,113,113,328,113,0,7,lane_first,tdw,balanced,False,reduction:4;reduction:28;reduction:56,472,403296,190355712,,,,,,,,,,,
163,14,114,114,328,114,0,7,lane_first,tdw,balanced,False,reduction:4;reduction:28;reduction:57,472,409964,193503008,,,,,,,,,,,
163,14,115,115,328,115,0,7,lane_first,tdw,balanced,False,reduction:4;reduction:29;reduction:57,472,410290,193656880,,,,,,,,,,,
163,14,116,116,328,116,0,7,lane_first,tdw,balanced,False,reduction:4;reduction:29;reduction:58,472,417121,196881112,,,,,,,,,,,
163,14,117,117,328,117,0,7,lane_first,tdw,balanced,False,reduction:4;reduction:15;reduction:29;reduction:58,472,417447,197034984,,,,,,,,,,,
163,14,118,118,328,118,0,7,lane_first,tdw,balanced,False,reduction:4;reduction:15;reduction:29;reduction:59,472,424115,200182280,,,,,,,,,,,
163,14,119,119,328,119,0,7,lane_first,tdw,balanced,False,reduction:4;reduction:15;reduction:30;reduction:59,472,424441,200336152,,,,,,,,,,,
163,14,120,120,328,120,0,7,lane_first,tdw,balanced,False,reduction:4;reduction:15;reduction:30;reduction:60,472,431272,203560384,,,,,,,,,,,
163,14,121,121,328,121,0,7,lane_first,tdw,balanced,False,reduction:4;reduction:8;reduction:15;reduction:30;reduction:60,472,431598,203714256,,,,,,,,,,,
163,14,122,122,328,122,0,7,lane_first,tdw,balanced,False,reduction:4;reduction:8;reduction:15;reduction:30;reduction:61,472,438266,206861552,,,,,,,,,,,
163,14,123,123,328,123,0,7,lane_first,tdw,balanced,False,reduction:4;reduction:8;reduction:15;reduction:31;reduction:61,472,438592,207015424,,,,,,,,,,,
163,14,124,124,328,124,0,7,lane_first,tdw,balanced,False,reduction:4;reduction:8;reduction:15;reduction:31;reduction:62,472,445423,210239656,,,,,,,,,,,
163,14,125,125,328,125,0,7,lane_first,tdw,balanced,False,reduction:4;reduction:8;reduction:16;reduction:31;reduction:62,472,445749,210393528,,,,,,,,,,,
163,14,126,126,328,126,0,7,lane_first,tdw,balanced,False,reduction:4;reduction:8;reduction:16;reduction:31;reduction:63,472,452417,213540824,,,,,,,,,,,
163,14,127,127,328,127,0,7,lane_first,tdw,balanced,False,reduction:4;reduction:8;reduction:16;reduction:32;reduction:63,472,452743,213694696,,,,,,,,,,,
163,14,128,128,328,128,0,7,lane_first,tdw,balanced,False,reduction:4;reduction:8;reduction:16;reduction:32;reduction:64,472,459574,216918928,,,,,,,,,,,
163,14,129,129,328,129,0,8,lane_first,tdw,balanced,False,reduction:4;reduction:8;reduction:16;reduction:32;reduction:64,512,459900,235468800,,,,,,,,,,,
163,14,130,130,328,130,0,8,lane_first,tdw,balanced,False,reduction:4;reduction:8;reduction:16;reduction:32;reduction:65,520,466568,242615360,,,,,,,,,,,
163,14,131,131,328,131,0,8,lane_first,tdw,balanced,False,reduction:4;reduction:8;reduction:16;reduction:33;reduction:65,528,466894,246520032,,,,,,,,,,,
163,14,132,132,328,132,0,8,lane_first,tdw,balanced,False,reduction:4;reduction:8;reduction:16;reduction:33;reduction:66,528,473725,250126800,,,,,,,,,,,
163,14,133,133,328,133,0,8,lane_first,tdw,balanced,False,reduction:4;reduction:8;reduction:17;reduction:33;reduction:66,536,474051,254091336,,,,,,,,,,,
163,14,134,134,328,134,0,8,lane_first,tdw,balanced,False,reduction:4;reduction:8;reduction:17;reduction:33;reduction:67,536,480719,257665384,,,,,,,,,,,
163,14,135,135,328,135,0,8,lane_first,tdw,balanced,False,reduction:4;reduction:8;reduction:17;reduction:34;reduction:67,536,481045,257840120,,,,,,,,,,,
163,14,136,136,328,136,0,8,lane_first,tdw,balanced,False,reduction:4;reduction:8;reduction:17;reduction:34;reduction:68,536,487876,261501536,,,,,,,,,,,
163,14,137,137,328,137,0,8,lane_first,tdw,balanced,False,reduction:4;reduction:9;reduction:17;reduction:34;reduction:68,544,488202,265581888,,,,,,,,,,,
163,14,138,138,328,138,0,8,lane_first,tdw,balanced,False,reduction:4;reduction:9;reduction:17;reduction:34;reduction:69,544,494870,269209280,,,,,,,,,,,
163,14,139,139,328,139,0,8,lane_first,tdw,balanced,False,reduction:4;reduction:9;reduction:17;reduction:35;reduction:69,544,495196,269386624,,,,,,,,,,,
163,14,140,140,328,140,0,8,lane_first,tdw,balanced,False,reduction:4;reduction:9;reduction:17;reduction:35;reduction:70,544,502027,273102688,,,,,,,,,,,
163,14,141,141,328,141,0,8,lane_first,tdw,balanced,False,reduction:4;reduction:9;reduction:18;reduction:35;reduction:70,544,502353,273280032,,,,,,,,,,,
163,14,142,142,328,142,0,8,lane_first,tdw,balanced,False,reduction:4;reduction:9;reduction:18;reduction:35;reduction:71,544,509021,276907424,,,,,,,,,,,
163,14,143,143,328,143,0,8,lane_first,tdw,balanced,False,reduction:4;reduction:9;reduction:18;reduction:36;reduction:71,544,509347,277084768,,,,,,,,,,,
163,14,144,144,328,144,0,8,lane_first,tdw,balanced,False,reduction:4;reduction:9;reduction:18;reduction:36;reduction:72,544,516178,280800832,,,,,,,,,,,
163,14,145,145,328,145,0,8,lane_first,tdw,balanced,False,reduction:5;reduction:9;reduction:18;reduction:36;reduction:72,552,516504,285110208,,,,,,,,,,,
163,14,146,146,328,146,0,8,lane_first,tdw,balanced,False,reduction:5;reduction:9;reduction:18;reduction:36;reduction:73,552,523172,288790944,,,,,,,,,,,
163,14,147,147,328,147,0,8,lane_first,tdw,balanced,False,reduction:5;reduction:9;reduction:18;reduction:37;reduction:73,552,523498,288970896,,,,,,,,,,,
163,14,148,148,328,148,0,8,lane_first,tdw,balanced,False,reduction:5;reduction:9;reduction:18;reduction:37;reduction:74,552,530329,292741608,,,,,,,,,,,
163,14,149,149,328,149,0,8,lane_first,tdw,balanced,False,reduction:5;reduction:9;reduction:19;reduction:37;reduction:74,552,530655,292921560,,,,,,,,,,,
163,14,150,150,328,150,0,8,lane_first,tdw,balanced,False,reduction:5;reduction:9;reduction:19;reduction:37;reduction:75,552,537323,296602296,,,,,,,,,,,
163,14,151,151,328,151,0,8,lane_first,tdw,balanced,False,reduction:5;reduction:9;reduction:19;reduction:38;reduction:75,552,537649,296782248,,,,,,,,,,,
163,14,152,152,328,152,0,8,lane_first,tdw,balanced,False,reduction:5;reduction:9;reduction:19;reduction:38;reduction:76,552,544480,300552960,,,,,,,,,,,
163,14,153,153,328,153,0,8,lane_first,tdw,balanced,False,reduction:5;reduction:10;reduction:19;reduction:38;reduction:76,552,544806,300732912,,,,,,,,,,,
163,14,154,154,328,154,0,8,lane_first,tdw,balanced,False,reduction:5;reduction:10;reduction:19;reduction:38;reduction:77,552,551474,304413648,,,,,,,,,,,
163,14,155,155,328,155,0,8,lane_first,tdw,balanced,False,reduction:5;reduction:10;reduction:19;reduction:39;reduction:77,552,551800,304593600,,,,,,,,,,,
163,14,156,156,328,156,0,8,lane_first,tdw,balanced,False,reduction:5;reduction:10;reduction:19;reduction:39;reduction:78,552,558631,308364312,,,,,,,,,,,
163,14,157,157,328,157,0,8,lane_first,tdw,balanced,False,reduction:5;reduction:10;reduction:20;reduction:39;reduction:78,552,558957,308544264,,,,,,,,,,,
163,14,158,158,328,158,0,8,lane_first,tdw,balanced,False,reduction:5;reduction:10;reduction:20;reduction:39;reduction:79,552,565625,312225000,,,,,,,,,,,
163,14,159,159,328,159,0,8,lane_first,tdw,balanced,False,reduction:5;reduction:10;reduction:20;reduction:40;reduction:79,552,565951,312404952,,,,,,,,,,,
163,14,160,160,328,160,0,8,lane_first,tdw,balanced,False,reduction:5;reduction:10;reduction:20;reduction:40;reduction:80,552,572782,316175664,,,,,,,,,,,
163,14,161,161,328,161,0,8,lane_first,tdw,balanced,False,reduction:5;reduction:10;reduction:20;reduction:40;reduction:80,560,573108,320940480,,,,,,,,,,,
163,14,162,162,328,162,0,8,lane_first,tdw,balanced,False,reduction:5;reduction:10;reduction:20;reduction:40;reduction:81,560,579776,324674560,,,,,,,,,,,
163,14,163,163,328,163,0,8,lane_first,tdw,balanced,False,reduction:5;reduction:10;reduction:20;reduction:41;reduction:81,560,580102,324857120,,,,,,,,,,,
163,14,164,164,328,164,0,8,lane_first,tdw,balanced,False,reduction:5;reduction:10;reduction:20;reduction:41;reduction:82,544,586933,319291552,,,,,,,,,,,
163,14,165,165,328,165,0,8,lane_first,tdw,balanced,False,reduction:5;reduction:10;reduction:21;reduction:41;reduction:82,544,587259,319468896,,,,,,,,,,,
163,14,166,166,328,166,0,8,lane_first,tdw,balanced,False,reduction:5;reduction:10;reduction:21;reduction:41;reduction:83,544,593927,323096288,,,,,,,,,,,
163,14,167,167,328,167,0,8,lane_first,tdw,balanced,False,reduction:5;reduction:10;reduction:21;reduction:42;reduction:83,544,594253,323273632,,,,,,,,,,,
163,14,168,168,328,168,0,8,lane_first,tdw,balanced,False,reduction:5;reduction:10;reduction:21;reduction:42;reduction:84,544,601084,326989696,,,,,,,,,,,
163,14,169,169,328,169,0,8,lane_first,tdw,balanced,False,reduction:5;reduction:11;reduction:21;reduction:42;reduction:84,544,601410,327167040,,,,,,,,,,,
163,14,170,170,328,170,0,8,lane_first,tdw,balanced,False,reduction:5;reduction:11;reduction:21;reduction:42;reduction:85,544,608078,330794432,,,,,,,,,,,
163,14,171,171,328,171,0,8,lane_first,tdw,balanced,False,reduction:5;reduction:11;reduction:21;reduction:43;reduction:85,544,608404,330971776,,,,,,,,,,,
163,14,172,172,328,172,0,8,lane_first,tdw,balanced,False,reduction:5;reduction:11;reduction:21;reduction:43;reduction:86,544,615235,334687840,,,,,,,,,,,
163,14,173,173,328,173,0,8,lane_first,tdw,balanced,False,reduction:5;reduction:11;reduction:22;reduction:43;reduction:86,544,615561,334865184,,,,,,,,,,,
163,14,174,174,328,174,0,8,lane_first,tdw,balanced,False,reduction:5;reduction:11;reduction:22;reduction:43;reduction:87,544,622229,338492576,,,,,,,,,,,
163,14,175,175,328,175,0,8,lane_first,tdw,balanced,False,reduction:5;reduction:11;reduction:22;reduction:44;reduction:87,544,622555,338669920,,,,,,,,,,,
163,14,176,176,328,176,0,8,lane_first,tdw,balanced,False,reduction:5;reduction:11;reduction:22;reduction:44;reduction:88,544,629386,342385984,,,,,,,,,,,
163,14,177,177,328,177,0,8,lane_first,tdw,balanced,False,reduction:6;reduction:11;reduction:22;reduction:44;reduction:88,544,629712,342563328,,,,,,,,,,,
163,14,178,178,328,178,0,8,lane_first,tdw,balanced,False,reduction:6;reduction:11;reduction:22;reduction:44;reduction:89,544,636380,346190720,,,,,,,,,,,
163,14,179,179,328,179,0,8,lane_first,tdw,balanced,False,reduction:6;reduction:11;reduction:22;reduction:45;reduction:89,544,636706,346368064,,,,,,,,,,,
163,14,180,180,328,180,0,8,lane_first,tdw,balanced,False,reduction:6;reduction:11;reduction:22;reduction:45;reduction:90,544,643537,350084128,,,,,,,,,,,
163,14,181,181,328,181,0,8,lane_first,tdw,balanced,False,reduction:6;reduction:11;reduction:23;reduction:45;reduction:90,544,643863,350261472,,,,,,,,,,,
163,14,182,182,328,182,0,8,lane_first,tdw,balanced,False,reduction:6;reduction:11;reduction:23;reduction:45;reduction:91,544,650531,353888864,,,,,,,,,,,
163,14,183,183,328,183,0,8,lane_first,tdw,balanced,False,reduction:6;reduction:11;reduction:23;reduction:46;reduction:91,544,650857,354066208,,,,,,,,,,,
163,14,184,184,328,184,0,8,lane_first,tdw,balanced,False,reduction:6;reduction:11;reduction:23;reduction:46;reduction:92,544,657688,357782272,,,,,,,,,,,
163,14,185,185,328,185,0,8,lane_first,tdw,balanced,False,reduction:6;reduction:12;reduction:23;reduction:46;reduction:92,544,658014,357959616,,,,,,,,,,,
163,14,186,186,328,186,0,8,lane_first,tdw,balanced,False,reduction:6;reduction:12;reduction:23;reduction:46;reduction:93,544,664682,361587008,,,,,,,,,,,
163,14,187,187,328,187,0,8,lane_first,tdw,balanced,False,reduction:6;reduction:12;reduction:23;reduction:47;reduction:93,544,665008,361764352,,,,,,,,,,,
163,14,188,188,328,188,0,8,lane_first,tdw,balanced,False,reduction:6;reduction:12;reduction:23;reduction:47;reduction:94,544,671839,365480416,,,,,,,,,,,
163,14,189,189,328,189,0,8,lane_first,tdw,balanced,False,reduction:6;reduction:12;reduction:24;reduction:47;reduction:94,544,672165,365657760,,,,,,,,,,,
163,14,190,190,328,190,0,8,lane_first,tdw,balanced,False,reduction:6;reduction:12;reduction:24;reduction:47;reduction:95,544,678833,369285152,,,,,,,,,,,
163,14,191,191,328,191,0,8,lane_first,tdw,balanced,False,reduction:6;reduction:12;reduction:24;reduction:48;reduction:95,544,679159,369462496,,,,,,,,,,,
163,14,192,192,328,192,0,8,lane_first,tdw,balanced,False,reduction:6;reduction:12;reduction:24;reduction:48;reduction:96,544,685990,373178560,,,,,,,,,,,
163,14,193,193,328,193,0,8,lane_first,tdw,balanced,False,reduction:6;reduction:12;reduction:24;reduction:48;reduction:96,552,686316,378846432,,,,,,,,,,,
163,14,194,194,328,194,0,8,lane_first,tdw,balanced,False,reduction:6;reduction:12;reduction:24;reduction:48;reduction:97,552,692984,382527168,,,,,,,,,,,
163,14,195,195,328,195,0,8,lane_first,tdw,balanced,False,reduction:6;reduction:12;reduction:24;reduction:49;reduction:97,552,693310,382707120,,,,,,,,,,,
163,14,196,196,328,196,0,8,lane_first,tdw,balanced,False,reduction:6;reduction:12;reduction:24;reduction:49;reduction:98,552,700141,386477832,,,,,,,,,,,
163,14,197,197,328,197,0,8,lane_first,tdw,balanced,False,reduction:6;reduction:12;reduction:25;reduction:49;reduction:98,552,700467,386657784,,,,,,,,,,,
163,14,198,198,328,198,0,8,lane_first,tdw,balanced,False,reduction:6;reduction:12;reduction:25;reduction:49;reduction:99,552,707135,390338520,,,,,,,,,,,
163,14,199,199,328,199,0,8,lane_first,tdw,balanced,False,reduction:6;reduction:12;reduction:25;reduction:50;reduction:99,552,707461,390518472,,,,,,,,,,,
163,14,200,200,328,200,0,8,lane_first,tdw,balanced,False,reduction:6;reduction:12;reduction:25;reduction:50;reduction:100,552,714292,394289184,,,,,,,,,,,
163,14,201,201,328,201,0,8,lane_first,tdw,balanced,False,reduction:6;reduction:13;reduction:25;reduction:50;reduction:100,552,714618,394469136,,,,,,,,,,,
163,14,202,202,328,202,0,8,lane_first,tdw,balanced,False,reduction:6;reduction:13;reduction:25;reduction:50;reduction:101,552,721286,398149872,,,,,,,,,,,
163,14,203,203,328,203,0,8,lane_first,tdw,balanced,False,reduction:6;reduction:13;reduction:25;reduction:51;reduction:101,552,721612,398329824,,,,,,,,,,,
163,14,204,204,328,204,0,8,lane_first,tdw,balanced,False,reduction:6;reduction:13;reduction:25;reduction:51;reduction:102,552,728443,402100536,,,,,,,,,,,
163,14,205,205,328,205,0,8,lane_first,tdw,balanced,False,reduction:6;reduction:13;reduction:26;reduction:51;reduction:102,552,728769,402280488,,,,,,,,,,,
163,14,206,206,328,206,0,8,lane_first,tdw,balanced,False,reduction:6;reduction:13;reduction:26;reduction:51;reduction:103,552,735437,405961224,,,,,,,,,,,
163,14,207,207,328,207,0,8,lane_first,tdw,balanced,False,reduction:6;reduction:13;reduction:26;reduction:52;reduction:103,552,735763,406141176,,,,,,,,,,,
163,14,208,208,328,208,0,8,lane_first,tdw,balanced,False,reduction:6;reduction:13;reduction:26;reduction:52;reduction:104,552,742594,409911888,,,,,,,,,,,
163,14,209,209,328,209,0,8,lane_first,tdw,balanced,False,reduction:13;reduction:26;reduction:52;reduction:104,552,742920,410091840,,,,,,,,,,,
163,14,210,210,328,210,0,8,lane_first,tdw,balanced,False,reduction:13;reduction:26;reduction:52;reduction:105,552,749588,413772576,,,,,,,,,,,
163,14,211,211,328,211,0,8,lane_first,tdw,balanced,False,reduction:13;reduction:26;reduction:53;reduction:105,552,749914,413952528,,,,,,,,,,,
163,14,212,212,328,212,0,8,lane_first,tdw,balanced,False,reduction:13;reduction:26;reduction:53;reduction:106,552,756745,417723240,,,,,,,,,,,
163,14,213,213,328,213,0,8,lane_first,tdw,balanced,False,reduction:13;reduction:53;reduction:106,552,757071,417903192,,,,,,,,,,,
163,14,214,214,328,214,0,8,lane_first,tdw,balanced,False,reduction:13;reduction:53;reduction:107,552,763739,421583928,,,,,,,,,,,
163,14,215,215,328,215,0,8,lane_first,tdw,balanced,False,reduction:13;reduction:54;reduction:107,552,764065,421763880,,,,,,,,,,,
163,14,216,216,328,216,0,8,lane_first,tdw,balanced,False,reduction:13;reduction:54;reduction:108,552,770896,425534592,,,,,,,,,,,
163,14,217,217,328,217,0,8,lane_first,tdw,balanced,False,reduction:54;reduction:108,552,771222,425714544,,,,,,,,,,,
163,14,218,218,328,218,0,8,lane_first,tdw,balanced,False,reduction:54;reduction:109,552,777890,429395280,,,,,,,,,,,
163,14,219,219,328,219,0,8,lane_first,tdw,balanced,False,reduction:55;reduction:109,552,778216,429575232,,,,,,,,,,,
163,14,220,220,328,220,0,8,lane_first,tdw,balanced,False,reduction:55;reduction:110,552,785047,433345944,,,,,,,,,,,
163,14,221,221,328,221,0,8,lane_first,tdw,balanced,False,reduction:28;reduction:55;reduction:110,552,785373,433525896,,,,,,,,,,,
163,14,222,222,328,222,0,8,lane_first,tdw,balanced,False,reduction:28;reduction:55;reduction:111,552,792041,437206632,,,,,,,,,,,
163,14,223,223,328,223,0,8,lane_first,tdw,balanced,False,reduction:28;reduction:56;reduction:111,552,792367,437386584,,,,,,,,,,,
163,14,224,224,328,224,0,8,lane_first,tdw,balanced,False,reduction:28;reduction:56;reduction:112,552,799198,441157296,,,,,,,,,,,
163,14,225,225,328,225,0,8,lane_first,tdw,balanced,False,reduction:4;reduction:28;reduction:56;reduction:112,552,799524,441337248,,,,,,,,,,,
163,14,226,226,328,226,0,8,lane_first,tdw,balanced,False,reduction:4;reduction:28;reduction:56;reduction:113,552,806192,445017984,,,,,,,,,,,
163,14,227,227,328,227,0,8,lane_first,tdw,balanced,False,reduction:4;reduction:28;reduction:57;reduction:113,552,806518,445197936,,,,,,,,,,,
163,14,228,228,328,228,0,8,lane_first,tdw,balanced,False,reduction:4;reduction:28;reduction:57;reduction:114,552,813349,448968648,,,,,,,,,,,
163,14,229,229,328,229,0,8,lane_first,tdw,balanced,False,reduction:4;reduction:29;reduction:57;reduction:114,552,813675,449148600,,,,,,,,,,,
163,14,230,230,328,230,0,8,lane_first,tdw,balanced,False,reduction:4;reduction:29;reduction:57;reduction:115,552,820343,452829336,,,,,,,,,,,
163,14,231,231,328,231,0,8,lane_first,tdw,balanced,False,reduction:4;reduction:29;reduction:58;reduction:115,552,820669,453009288,,,,,,,,,,,
163,14,232,232,328,232,0,8,lane_first,tdw,balanced,False,reduction:4;reduction:29;reduction:58;reduction:116,552,827500,456780000,,,,,,,,,,,
163,14,233,233,328,233,0,8,lane_first,tdw,balanced,False,reduction:4;reduction:15;reduction:29;reduction:58;reduction:116,552,827826,456959952,,,,,,,,,,,
163,14,234,234,328,234,0,8,lane_first,tdw,balanced,False,reduction:4;reduction:15;reduction:29;reduction:58;reduction:117,552,834494,460640688,,,,,,,,,,,
163,14,235,235,328,235,0,8,lane_first,tdw,balanced,False,reduction:4;reduction:15;reduction:29;reduction:59;reduction:117,552,834820,460820640,,,,,,,,,,,
163,14,236,236,328,236,0,8,lane_first,tdw,balanced,False,reduction:4;reduction:15;reduction:29;reduction:59;reduction:118,552,841651,464591352,,,,,,,,,,,
163,14,237,237,328,237,0,8,lane_first,tdw,balanced,False,reduction:4;reduction:15;reduction:30;reduction:59;reduction:118,552,841977,464771304,,,,,,,,,,,
163,14,238,238,328,238,0,8,lane_first,tdw,balanced,False,reduction:4;reduction:15;reduction:30;reduction:59;reduction:119,552,848645,468452040,,,,,,,,,,,
163,14,239,239,328,239,0,8,lane_first,tdw,balanced,False,reduction:4;reduction:15;reduction:30;reduction:60;reduction:119,552,848971,468631992,,,,,,,,,,,
163,14,240,240,328,240,0,8,lane_first,tdw,balanced,False,reduction:4;reduction:15;reduction:30;reduction:60;reduction:120,552,855802,472402704,,,,,,,,,,,
163,14,241,241,328,241,0,8,lane_first,tdw,balanced,False,reduction:4;reduction:8;reduction:15;reduction:30;reduction:60;reduction:120,552,856128,472582656,,,,,,,,,,,
163,14,242,242,328,242,0,8,lane_first,tdw,balanced,False,reduction:4;reduction:8;reduction:15;reduction:30;reduction:60;reduction:121,552,862796,476263392,,,,,,,,,,,
163,14,243,243,328,243,0,8,lane_first,tdw,balanced,False,reduction:4;reduction:8;reduction:15;reduction:30;reduction:61;reduction:121,552,863122,476443344,,,,,,,,,,,
163,14,244,244,328,244,0,8,lane_first,tdw,balanced,False,reduction:4;reduction:8;reduction:15;reduction:30;reduction:61;reduction:122,552,869953,480214056,,,,,,,,,,,
163,14,245,245,328,245,0,8,lane_first,tdw,balanced,False,reduction:4;reduction:8;reduction:15;reduction:31;reduction:61;reduction:122,552,870279,480394008,,,,,,,,,,,
163,14,246,246,328,246,0,8,lane_first,tdw,balanced,False,reduction:4;reduction:8;reduction:15;reduction:31;reduction:61;reduction:123,552,876947,484074744,,,,,,,,,,,
163,14,247,247,328,247,0,8,lane_first,tdw,balanced,False,reduction:4;reduction:8;reduction:15;reduction:31;reduction:62;reduction:123,552,877273,484254696,,,,,,,,,,,
163,14,248,248,328,248,0,8,lane_first,tdw,balanced,False,reduction:4;reduction:8;reduction:15;reduction:31;reduction:62;reduction:124,552,884104,488025408,,,,,,,,,,,
163,14,249,249,328,249,0,8,lane_first,tdw,balanced,False,reduction:4;reduction:8;reduction:16;reduction:31;reduction:62;reduction:124,552,884430,488205360,,,,,,,,,,,
163,14,250,250,328,250,0,8,lane_first,tdw,balanced,False,reduction:4;reduction:8;reduction:16;reduction:31;reduction:62;reduction:125,552,891098,491886096,,,,,,,,,,,
163,14,251,251,328,251,0,8,lane_first,tdw,balanced,False,reduction:4;reduction:8;reduction:16;reduction:31;reduction:63;reduction:125,552,891424,492066048,,,,,,,,,,,
163,14,252,252,328,252,0,8,lane_first,tdw,balanced,False,reduction:4;reduction:8;reduction:16;reduction:31;reduction:63;reduction:126,552,898255,495836760,,,,,,,,,,,
163,14,253,253,328,253,0,8,lane_first,tdw,balanced,False,reduction:4;reduction:8;reduction:16;reduction:32;reduction:63;reduction:126,552,898581,496016712,,,,,,,,,,,
163,14,254,254,328,254,0,8,lane_first,tdw,balanced,False,reduction:4;reduction:8;reduction:16;reduction:32;reduction:63;reduction:127,552,905249,499697448,,,,,,,,,,,
163,14,255,255,328,255,0,8,lane_first,tdw,balanced,False,reduction:4;reduction:8;reduction:16;reduction:32;reduction:64;reduction:127,552,905575,499877400,,,,,,,,,,,
163,14,256,256,328,256,0,8,lane_first,tdw,balanced,False,reduction:4;reduction:8;reduction:16;reduction:32;reduction:64;reduction:128,552,912406,503648112,,,,,,,,,,,
163,14,257,257,328,257,0,9,lane_first,tdw,balanced,False,reduction:4;reduction:8;reduction:16;reduction:32;reduction:64;reduction:128,592,912732,540337344,,,,,,,,,,,
163,14,258,258,328,258,0,9,lane_first,tdw,balanced,False,reduction:4;reduction:8;reduction:16;reduction:32;reduction:64;reduction:129,600,919400,551640000,,,,,,,,,,,
163,14,259,259,328,259,0,9,lane_first,tdw,balanced,False,reduction:4;reduction:8;reduction:16;reduction:32;reduction:65;reduction:129,608,919726,559193408,,,,,,,,,,,
163,14,260,260,328,260,0,9,lane_first,tdw,balanced,False,reduction:4;reduction:8;reduction:16;reduction:32;reduction:65;reduction:130,608,926557,563346656,,,,,,,,,,,
163,14,261,261,328,261,0,9,lane_first,tdw,balanced,False,reduction:4;reduction:8;reduction:16;reduction:33;reduction:65;reduction:130,616,926883,570959928,,,,,,,,,,,
163,14,262,262,328,262,0,9,lane_first,tdw,balanced,False,reduction:4;reduction:8;reduction:16;reduction:33;reduction:65;reduction:131,616,933551,575067416,,,,,,,,,,,
163,14,263,263,328,263,0,9,lane_first,tdw,balanced,False,reduction:4;reduction:8;reduction:16;reduction:33;reduction:66;reduction:131,616,933877,575268232,,,,,,,,,,,
163,14,264,264,328,264,0,9,lane_first,tdw,balanced,False,reduction:4;reduction:8;reduction:16;reduction:33;reduction:66;reduction:132,616,940708,579476128,,,,,,,,,,,
163,14,265,265,328,265,0,9,lane_first,tdw,balanced,False,reduction:4;reduction:8;reduction:17;reduction:33;reduction:66;reduction:132,624,941034,587205216,,,,,,,,,,,
163,14,266,266,328,266,0,9,lane_first,tdw,balanced,False,reduction:4;reduction:8;reduction:17;reduction:33;reduction:66;reduction:133,624,947702,591366048,,,,,,,,,,,
163,14,267,267,328,267,0,9,lane_first,tdw,balanced,False,reduction:4;reduction:8;reduction:17;reduction:33;reduction:67;reduction:133,624,948028,591569472,,,,,,,,,,,
163,14,268,268,328,268,0,9,lane_first,tdw,balanced,False,reduction:4;reduction:8;reduction:17;reduction:33;reduction:67;reduction:134,624,954859,595832016,,,,,,,,,,,
163,14,269,269,328,269,0,9,lane_first,tdw,balanced,False,reduction:4;reduction:8;reduction:17;reduction:34;reduction:67;reduction:134,624,955185,596035440,,,,,,,,,,,
163,14,270,270,328,270,0,9,lane_first,tdw,balanced,False,reduction:4;reduction:8;reduction:17;reduction:34;reduction:67;reduction:135,624,961853,600196272,,,,,,,,,,,
163,14,271,271,328,271,0,9,lane_first,tdw,balanced,False,reduction:4;reduction:8;reduction:17;reduction:34;reduction:68;reduction:135,624,962179,600399696,,,,,,,,,,,
163,14,272,272,328,272,0,9,lane_first,tdw,balanced,False,reduction:4;reduction:8;reduction:17;reduction:34;reduction:68;reduction:136,624,969010,604662240,,,,,,,,,,,
163,14,273,273,328,273,0,9,lane_first,tdw,balanced,False,reduction:4;reduction:9;reduction:17;reduction:34;reduction:68;reduction:136,632,969336,612620352,,,,,,,,,,,
163,14,274,274,328,274,0,9,lane_first,tdw,balanced,False,reduction:4;reduction:9;reduction:17;reduction:34;reduction:68;reduction:137,632,976004,616834528,,,,,,,,,,,
163,14,275,275,328,275,0,9,lane_first,tdw,balanced,False,reduction:4;reduction:9;reduction:17;reduction:34;reduction:69;reduction:137,632,976330,617040560,,,,,,,,,,,
163,14,276,276,328,276,0,9,lane_first,tdw,balanced,False,reduction:4;reduction:9;reduction:17;reduction:34;reduction:69;reduction:138,632,983161,621357752,,,,,,,,,,,
163,14,277,277,328,277,0,9,lane_first,tdw,balanced,False,reduction:4;reduction:9;reduction:17;reduction:35;reduction:69;reduction:138,632,983487,621563784,,,,,,,,,,,
163,14,278,278,328,278,0,9,lane_first,tdw,balanced,False,reduction:4;reduction:9;reduction:17;reduction:35;reduction:69;reduction:139,632,990155,625777960,,,,,,,,,,,
163,14,279,279,328,279,0,9,lane_first,tdw,balanced,False,reduction:4;reduction:9;reduction:17;reduction:35;reduction:70;reduction:139,632,990481,625983992,,,,,,,,,,,
163,14,280,280,328,280,0,9,lane_first,tdw,balanced,False,reduction:4;reduction:9;reduction:17;reduction:35;reduction:70;reduction:140,632,997312,630301184,,,,,,,,,,,
163,14,281,281,328,281,0,9,lane_first,tdw,balanced,False,reduction:4;reduction:9;reduction:18;reduction:35;reduction:70;reduction:140,632,997638,630507216,,,,,,,,,,,
163,14,282,282,328,282,0,9,lane_first,tdw,balanced,False,reduction:4;reduction:9;reduction:18;reduction:35;reduction:70;reduction:141,632,1004306,634721392,,,,,,,,,,,
163,14,283,283,328,283,0,9,lane_first,tdw,balanced,False,reduction:4;reduction:9;reduction:18;reduction:35;reduction:71;reduction:141,632,1004632,634927424,,,,,,,,,,,
163,14,284,284,328,284,0,9,lane_first,tdw,balanced,False,reduction:4;reduction:9;reduction:18;reduction:35;reduction:71;reduction:142,632,1011463,639244616,,,,,,,,,,,
163,14,285,285,328,285,0,9,lane_first,tdw,balanced,False,reduction:4;reduction:9;reduction:18;reduction:36;reduction:71;reduction:142,632,1011789,639450648,,,,,,,,,,,
163,14,286,286,328,286,0,9,lane_first,tdw,balanced,False,reduction:4;reduction:9;reduction:18;reduction:36;reduction:71;reduction:143,632,1018457,643664824,,,,,,,,,,,
163,14,287,287,328,287,0,9,lane_first,tdw,balanced,False,reduction:4;reduction:9;reduction:18;reduction:36;reduction:72;reduction:143,632,1018783,643870856,,,,,,,,,,,
163,14,288,288,328,288,0,9,lane_first,tdw,balanced,False,reduction:4;reduction:9;reduction:18;reduction:36;reduction:72;reduction:144,632,1025614,648188048,,,,,,,,,,,
163,14,289,289,328,289,0,9,lane_first,tdw,balanced,False,reduction:5;reduction:9;reduction:18;reduction:36;reduction:72;reduction:144,640,1025940,656601600,,,,,,,,,,,
163,14,290,290,328,290,0,9,lane_first,tdw,balanced,False,reduction:5;reduction:9;reduction:18;reduction:36;reduction:72;reduction:145,640,1032608,660869120,,,,,,,,,,,
163,14,291,291,328,291,0,9,lane_first,tdw,balanced,False,reduction:5;reduction:9;reduction:18;reduction:36;reduction:73;reduction:145,640,1032934,661077760,,,,,,,,,,,
163,14,292,292,328,292,0,9,lane_first,tdw,balanced,False,reduction:5;reduction:9;reduction:18;reduction:36;reduction:73;reduction:146,640,1039765,665449600,,,,,,,,,,,
163,14,293,293,328,293,0,9,lane_first,tdw,balanced,False,reduction:5;reduction:9;reduction:18;reduction:37;reduction:73;reduction:146,640,1040091,665658240,,,,,,,,,,,
163,14,294,294,328,294,0,9,lane_first,tdw,balanced,False,reduction:5;reduction:9;reduction:18;reduction:37;reduction:73;reduction:147,640,1046759,669925760,,,,,,,,,,,
163,14,295,295,328,295,0,9,lane_first,tdw,balanced,False,reduction:5;reduction:9;reduction:18;reduction:37;reduction:74;reduction:147,640,1047085,670134400,,,,,,,,,,,
163,14,296,296,328,296,0,9,lane_first,tdw,balanced,False,reduction:5;reduction:9;reduction:18;reduction:37;reduction:74;reduction:148,640,1053916,674506240,,,,,,,,,,,
163,14,297,297,328,297,0,9,lane_first,tdw,balanced,False,reduction:5;reduction:9;reduction:19;reduction:37;reduction:74;reduction:148,640,1054242,674714880,,,,,,,,,,,
163,14,298,298,328,298,0,9,lane_first,tdw,balanced,False,reduction:5;reduction:9;reduction:19;reduction:37;reduction:74;reduction:149,640,1060910,678982400,,,,,,,,,,,
163,14,299,299,328,299,0,9,lane_first,tdw,balanced,False,reduction:5;reduction:9;reduction:19;reduction:37;reduction:75;reduction:149,640,1061236,679191040,,,,,,,,,,,
163,14,300,300,328,300,0,9,lane_first,tdw,balanced,False,reduction:5;reduction:9;reduction:19;reduction:37;reduction:75;reduction:150,640,1068067,683562880,,,,,,,,,,,
163,14,301,301,328,301,0,9,lane_first,tdw,balanced,False,reduction:5;reduction:9;reduction:19;reduction:38;reduction:75;reduction:150,640,1068393,683771520,,,,,,,,,,,
163,14,302,302,328,302,0,9,lane_first,tdw,balanced,False,reduction:5;reduction:9;reduction:19;reduction:38;reduction:75;reduction:151,640,1075061,688039040,,,,,,,,,,,
163,14,303,303,328,303,0,9,lane_first,tdw,balanced,False,reduction:5;reduction:9;reduction:19;reduction:38;reduction:76;reduction:151,640,1075387,688247680,,,,,,,,,,,
163,14,304,304,328,304,0,9,lane_first,tdw,balanced,False,reduction:5;reduction:9;reduction:19;reduction:38;reduction:76;reduction:152,640,1082218,692619520,,,,,,,,,,,
163,14,305,305,328,305,0,9,lane_first,tdw,balanced,False,reduction:5;reduction:10;reduction:19;reduction:38;reduction:76;reduction:152,640,1082544,692828160,,,,,,,,,,,
163,14,306,306,328,306,0,9,lane_first,tdw,balanced,False,reduction:5;reduction:10;reduction:19;reduction:38;reduction:76;reduction:153,640,1089212,697095680,,,,,,,,,,,
163,14,307,307,328,307,0,9,lane_first,tdw,balanced,False,reduction:5;reduction:10;reduction:19;reduction:38;reduction:77;reduction:153,640,1089538,697304320,,,,,,,,,,,
163,14,308,308,328,308,0,9,lane_first,tdw,balanced,False,reduction:5;reduction:10;reduction:19;reduction:38;reduction:77;reduction:154,640,1096369,701676160,,,,,,,,,,,
163,14,309,309,328,309,0,9,lane_first,tdw,balanced,False,reduction:5;reduction:10;reduction:19;reduction:39;reduction:77;reduction:154,640,1096695,701884800,,,,,,,,,,,
163,14,310,310,328,310,0,9,lane_first,tdw,balanced,False,reduction:5;reduction:10;reduction:19;reduction:39;reduction:77;reduction:155,640,1103363,706152320,,,,,,,,,,,
163,14,311,311,328,311,0,9,lane_first,tdw,balanced,False,reduction:5;reduction:10;reduction:19;reduction:39;reduction:78;reduction:155,640,1103689,706360960,,,,,,,,,,,
163,14,312,312,328,312,0,9,lane_first,tdw,balanced,False,reduction:5;reduction:10;reduction:19;reduction:39;reduction:78;reduction:156,640,1110520,710732800,,,,,,,,,,,
163,14,313,313,328,313,0,9,lane_first,tdw,balanced,False,reduction:5;reduction:10;reduction:20;reduction:39;reduction:78;reduction:156,640,1110846,710941440,,,,,,,,,,,
163,14,314,314,328,314,0,9,lane_first,tdw,balanced,False,reduction:5;reduction:10;reduction:20;reduction:39;reduction:78;reduction:157,640,1117514,715208960,,,,,,,,,,,
163,14,315,315,328,315,0,9,lane_first,tdw,balanced,False,reduction:5;reduction:10;reduction:20;reduction:39;reduction:79;reduction:157,640,1117840,715417600,,,,,,,,,,,
163,14,316,316,328,316,0,9,lane_first,tdw,balanced,False,reduction:5;reduction:10;reduction:20;reduction:39;reduction:79;reduction:158,640,1124671,719789440,,,,,,,,,,,
163,14,317,317,328,317,0,9,lane_first,tdw,balanced,False,reduction:5;reduction:10;reduction:20;reduction:40;reduction:79;reduction:158,640,1124997,719998080,,,,,,,,,,,
163,14,318,318,328,318,0,9,lane_first,tdw,balanced,False,reduction:5;reduction:10;reduction:20;reduction:40;reduction:79;reduction:159,640,1131665,724265600,,,,,,,,,,,
163,14,319,319,328,319,0,9,lane_first,tdw,balanced,False,reduction:5;reduction:10;reduction:20;reduction:40;reduction:80;reduction:159,640,1131991,724474240,,,,,,,,,,,
163,14,320,320,328,320,0,9,lane_first,tdw,balanced,False,reduction:5;reduction:10;reduction:20;reduction:40;reduction:80;reduction:160,640,1138822,728846080,,,,,,,,,,,
163,14,321,321,328,321,0,9,lane_first,tdw,balanced,False,reduction:5;reduction:10;reduction:20;reduction:40;reduction:80;reduction:160,648,1139148,738167904,,,,,,,,,,,
163,14,322,322,328,322,0,9,lane_first,tdw,balanced,False,reduction:5;reduction:10;reduction:20;reduction:40;reduction:80;reduction:161,648,1145816,742488768,,,,,,,,,,,
163,14,323,323,328,323,0,9,lane_first,tdw,balanced,False,reduction:5;reduction:10;reduction:20;reduction:40;reduction:81;reduction:161,648,1146142,742700016,,,,,,,,,,,
163,14,324,324,328,324,0,9,lane_first,tdw,balanced,False,reduction:5;reduction:10;reduction:20;reduction:40;reduction:81;reduction:162,648,1152973,747126504,,,,,,,,,,,
163,14,325,325,328,325,0,9,lane_first,tdw,balanced,False,reduction:5;reduction:10;reduction:20;reduction:41;reduction:81;reduction:162,648,1153299,747337752,,,,,,,,,,,
163,14,326,326,328,326,0,9,lane_first,tdw,balanced,False,reduction:5;reduction:10;reduction:20;reduction:41;reduction:81;reduction:163,648,1159967,751658616,,,,,,,,,,,
163,14,327,327,328,327,0,9,lane_first,tdw,balanced,False,reduction:5;reduction:10;reduction:20;reduction:41;reduction:82;reduction:163,648,1160293,751869864,,,,,,,,,,,
163,14,328,328,328,328,0,9,lane_first,tdw,balanced,False,reduction:5;reduction:10;reduction:20;reduction:41;reduction:82;reduction:164,640,1167124,746959360,,,,,,,,,,,
163,15,1,1,328,22,21,0,lane_first,tdw,balanced,False,tail:1,5438816,29873,162473750368,,,,,,,,,,,
163,15,2,2,328,22,10,1,lane_first,tdw,balanced,False,tail:2,2621236,35237,92364492932,,,,,,,,,,,
163,15,3,3,328,24,7,2,lane_first,tdw,balanced,False,tail:3,1704192,42068,71691949056,,,,,,,,,,,
163,15,4,4,328,24,5,2,lane_first,tdw,balanced,False,tail:4,1180704,47432,56003152128,,,,,,,,,,,
163,15,5,5,328,25,4,3,lane_first,tdw,balanced,False,tail:5,918140,53448,49072746720,,,,,,,,,,,
163,15,6,6,328,24,3,3,lane_first,tdw,balanced,False,tail:6,663676,57997,38491216972,,,,,,,,,,,
163,15,7,7,328,28,3,3,lane_first,tdw,balanced,False,tail:7,655556,66458,43566940648,,,,,,,,,,,
163,15,8,8,328,24,2,3,lane_first,tdw,balanced,False,reduction:4;tail:8,409736,68562,28092319632,,,,,,,,,,,
163,15,9,9,328,27,2,4,lane_first,tdw,balanced,False,reduction:4;tail:9,394448,76208,30060093184,,,,,,,,,,,
163,15,10,10,328,30,2,4,lane_first,tdw,balanced,False,reduction:5;tail:10,393512,84017,33061697704,,,,,,,,,,,
163,15,11,11,328,22,1,4,lane_first,tdw,balanced,False,reduction:5;tail:11,393408,82698,32534054784,,,,,,,,,,,
163,15,12,12,328,24,1,4,lane_first,tdw,balanced,False,reduction:6;tail:12,196808,89692,17652103136,,,,,,,,,,,
163,15,13,13,328,26,1,4,lane_first,tdw,balanced,False,reduction:6;tail:13,147672,96523,14253744456,,,,,,,,,,,
163,15,14,14,328,28,1,4,lane_first,tdw,balanced,False,tail:14,135392,103517,14015373664,,,,,,,,,,,
163,15,15,15,328,30,1,4,lane_first,tdw,balanced,False,reduction:4;tail:15,132328,110348,14602130144,,,,,,,,,,,
163,15,16,16,328,32,1,4,lane_first,tdw,balanced,False,reduction:4;reduction:8;tail:16,131820,117342,15468022440,,,,,,,,,,,
163,15,17,17,328,34,1,5,lane_first,tdw,balanced,False,reduction:4;reduction:8;tail:17,131616,124173,16343153568,,,,,,,,,,,
163,15,18,18,328,36,1,5,lane_first,tdw,balanced,False,reduction:4;reduction:9;tail:18,131500,131167,17248460500,,,,,,,,,,,
163,15,19,19,328,38,1,5,lane_first,tdw,balanced,False,reduction:5;reduction:9;tail:19,131448,137998,18139561104,,,,,,,,,,,
163,15,20,20,328,40,1,5,lane_first,tdw,balanced,False,reduction:5;reduction:10;tail:20,131420,144992,19054848640,,,,,,,,,,,
163,15,21,21,328,34,1,5,lane_first,tdw,balanced,False,reduction:5;reduction:10;tail:13,131408,99131,13026606448,,,,,,,,,,,
163,15,22,22,328,22,0,5,lane_first,tdw,balanced,False,reduction:5;reduction:11,131336,84491,11096709976,,,,,,,,,,,
163,15,23,23,328,23,0,5,lane_first,tdw,balanced,False,reduction:6;reduction:11,131336,84817,11139525512,,,,,,,,,,,
163,15,24,24,328,24,0,5,lane_first,tdw,balanced,False,reduction:6;reduction:12,65800,91648,6030438400,,,,,,,,,,,
163,15,25,25,328,25,0,5,lane_first,tdw,balanced,False,reduction:6;reduction:12,65808,91974,6052624992,,,,,,,,,,,
163,15,26,26,328,26,0,5,lane_first,tdw,balanced,False,reduction:6;reduction:13,33040,98642,3259131680,,,,,,,,,,,
163,15,27,27,328,27,0,5,lane_first,tdw,balanced,False,reduction:13,33040,98968,3269902720,,,,,,,,,,,
163,15,28,28,328,28,0,5,lane_first,tdw,balanced,True,,16656,105799,1762188144,990952,281253180,105799,16656,383894,40615601306,1762188144,27386,h_u=2n,module_barriers,balanced_clean_arithmetic_retain_copied_outputs
163,15,29,29,328,29,0,5,lane_first,tdw,balanced,False,reduction:4,16656,106125,1767618000,,,,,,,,,,,
163,15,30,30,328,30,0,5,lane_first,tdw,balanced,False,reduction:4;reduction:15,8464,112793,954679952,,,,,,,,,,,
163,15,31,31,328,31,0,5,lane_first,tdw,balanced,False,reduction:4;reduction:8;reduction:15,8464,113119,957439216,,,,,,,,,,,
163,15,32,32,328,32,0,5,lane_first,tdw,balanced,False,reduction:4;reduction:8;reduction:16,8464,119950,1015256800,,,,,,,,,,,
163,15,33,33,328,33,0,6,lane_first,tdw,balanced,False,reduction:4;reduction:8;reduction:16,4408,120276,530176608,,,,,,,,,,,
163,15,34,34,328,34,0,6,lane_first,tdw,balanced,False,reduction:4;reduction:8;reduction:17,4416,126944,560584704,,,,,,,,,,,
163,15,35,35,328,35,0,6,lane_first,tdw,balanced,False,reduction:4;reduction:9;reduction:17,4424,127270,563042480,,,,,,,,,,,
163,15,36,36,328,36,0,6,lane_first,tdw,balanced,False,reduction:4;reduction:9;reduction:18,4424,134101,593262824,,,,,,,,,,,
163,15,37,37,328,37,0,6,lane_first,tdw,balanced,False,reduction:5;reduction:9;reduction:18,2384,134427,320473968,,,,,,,,,,,
163,15,38,38,328,38,0,6,lane_first,tdw,balanced,False,reduction:5;reduction:9;reduction:19,2384,141095,336370480,,,,,,,,,,,
163,15,39,39,328,39,0,6,lane_first,tdw,balanced,False,reduction:5;reduction:10;reduction:19,2384,141421,337147664,,,,,,,,,,,
163,15,40,40,328,40,0,6,lane_first,tdw,balanced,False,reduction:5;reduction:10;reduction:20,2384,148252,353432768,,,,,,,,,,,
163,15,41,41,328,41,0,6,lane_first,tdw,balanced,False,reduction:5;reduction:10;reduction:20,1368,148578,203254704,,,,,,,,,,,
163,15,42,42,328,42,0,6,lane_first,tdw,balanced,False,reduction:5;reduction:10;reduction:21,1368,155246,212376528,,,,,,,,,,,
163,15,43,43,328,43,0,6,lane_first,tdw,balanced,False,reduction:5;reduction:11;reduction:21,1368,155572,212822496,,,,,,,,,,,
163,15,44,44,328,44,0,6,lane_first,tdw,balanced,False,reduction:5;reduction:11;reduction:22,1368,162403,222167304,,,,,,,,,,,
163,15,45,45,328,45,0,6,lane_first,tdw,balanced,False,reduction:6;reduction:11;reduction:22,1368,162729,222613272,,,,,,,,,,,
163,15,46,46,328,46,0,6,lane_first,tdw,balanced,False,reduction:6;reduction:11;reduction:23,1368,169397,231735096,,,,,,,,,,,
163,15,47,47,328,47,0,6,lane_first,tdw,balanced,False,reduction:6;reduction:12;reduction:23,856,169723,145282888,,,,,,,,,,,
163,15,48,48,328,48,0,6,lane_first,tdw,balanced,False,reduction:6;reduction:12;reduction:24,856,176554,151130224,,,,,,,,,,,
163,15,49,49,328,49,0,6,lane_first,tdw,balanced,False,reduction:6;reduction:12;reduction:24,864,176880,152824320,,,,,,,,,,,
163,15,50,50,328,50,0,6,lane_first,tdw,balanced,False,reduction:6;reduction:12;reduction:25,864,183548,158585472,,,,,,,,,,,
163,15,51,51,328,51,0,6,lane_first,tdw,balanced,False,reduction:6;reduction:13;reduction:25,864,183874,158867136,,,,,,,,,,,
163,15,52,52,328,52,0,6,lane_first,tdw,balanced,False,reduction:6;reduction:13;reduction:26,864,190705,164769120,,,,,,,,,,,
163,15,53,53,328,53,0,6,lane_first,tdw,balanced,False,reduction:13;reduction:26,864,191031,165050784,,,,,,,,,,,
163,15,54,54,328,54,0,6,lane_first,tdw,balanced,False,reduction:13,864,197699,170811936,,,,,,,,,,,
163,15,55,55,328,55,0,6,lane_first,tdw,balanced,True,,608,198025,120399200,1122328,167316138,198025,608,264098,52298006450,120399200,53792,h_u=2n,module_barriers,balanced_clean_arithmetic_retain_copied_outputs
163,15,56,56,328,56,0,6,lane_first,tdw,balanced,False,reduction:28,608,204856,124552448,,,,,,,,,,,
163,15,57,57,328,57,0,6,lane_first,tdw,balanced,False,reduction:4;reduction:28,608,205182,124750656,,,,,,,,,,,
163,15,58,58,328,58,0,6,lane_first,tdw,balanced,False,reduction:4;reduction:29,608,211850,128804800,,,,,,,,,,,
163,15,59,59,328,59,0,6,lane_first,tdw,balanced,False,reduction:4;reduction:15;reduction:29,608,212176,129003008,,,,,,,,,,,
163,15,60,60,328,60,0,6,lane_first,tdw,balanced,False,reduction:4;reduction:15;reduction:30,608,219007,133156256,,,,,,,,,,,
163,15,61,61,328,61,0,6,lane_first,tdw,balanced,False,reduction:4;reduction:8;reduction:15;reduction:30,608,219333,133354464,,,,,,,,,,,
163,15,62,62,328,62,0,6,lane_first,tdw,balanced,False,reduction:4;reduction:8;reduction:15;reduction:31,608,226001,137408608,,,,,,,,,,,
163,15,63,63,328,63,0,6,lane_first,tdw,balanced,False,reduction:4;reduction:8;reduction:16;reduction:31,608,226327,137606816,,,,,,,,,,,
163,15,64,64,328,64,0,6,lane_first,tdw,balanced,False,reduction:4;reduction:8;reduction:16;reduction:32,608,233158,141760064,,,,,,,,,,,
163,15,65,65,328,65,0,7,lane_first,tdw,balanced,False,reduction:4;reduction:8;reduction:16;reduction:32,648,233484,151297632,,,,,,,,,,,
163,15,66,66,328,66,0,7,lane_first,tdw,balanced,False,reduction:4;reduction:8;reduction:16;reduction:33,528,240152,126800256,,,,,,,,,,,
163,15,67,67,328,67,0,7,lane_first,tdw,balanced,False,reduction:4;reduction:8;reduction:17;reduction:33,536,240478,128896208,,,,,,,,,,,
163,15,68,68,328,68,0,7,lane_first,tdw,balanced,False,reduction:4;reduction:8;reduction:17;reduction:34,536,247309,132557624,,,,,,,,,,,
163,15,69,69,328,69,0,7,lane_first,tdw,balanced,False,reduction:4;reduction:9;reduction:17;reduction:34,544,247635,134713440,,,,,,,,,,,
163,15,70,70,328,70,0,7,lane_first,tdw,balanced,False,reduction:4;reduction:9;reduction:17;reduction:35,544,254303,138340832,,,,,,,,,,,
163,15,71,71,328,71,0,7,lane_first,tdw,balanced,False,reduction:4;reduction:9;reduction:18;reduction:35,544,254629,138518176,,,,,,,,,,,
163,15,72,72,328,72,0,7,lane_first,tdw,balanced,False,reduction:4;reduction:9;reduction:18;reduction:36,544,261460,142234240,,,,,,,,,,,
163,15,73,73,328,73,0,7,lane_first,tdw,balanced,False,reduction:5;reduction:9;reduction:18;reduction:36,552,261786,144505872,,,,,,,,,,,
163,15,74,74,328,74,0,7,lane_first,tdw,balanced,False,reduction:5;reduction:9;reduction:18;reduction:37,552,268454,148186608,,,,,,,,,,,
163,15,75,75,328,75,0,7,lane_first,tdw,balanced,False,reduction:5;reduction:9;reduction:19;reduction:37,552,268780,148366560,,,,,,,,,,,
163,15,76,76,328,76,0,7,lane_first,tdw,balanced,False,reduction:5;reduction:9;reduction:19;reduction:38,552,275611,152137272,,,,,,,,,,,
163,15,77,77,328,77,0,7,lane_first,tdw,balanced,False,reduction:5;reduction:10;reduction:19;reduction:38,552,275937,152317224,,,,,,,,,,,
163,15,78,78,328,78,0,7,lane_first,tdw,balanced,False,reduction:5;reduction:10;reduction:19;reduction:39,552,282605,155997960,,,,,,,,,,,
163,15,79,79,328,79,0,7,lane_first,tdw,balanced,False,reduction:5;reduction:10;reduction:20;reduction:39,552,282931,156177912,,,,,,,,,,,
163,15,80,80,328,80,0,7,lane_first,tdw,balanced,False,reduction:5;reduction:10;reduction:20;reduction:40,552,289762,159948624,,,,,,,,,,,
163,15,81,81,328,81,0,7,lane_first,tdw,balanced,False,reduction:5;reduction:10;reduction:20;reduction:40,560,290088,162449280,,,,,,,,,,,
163,15,82,82,328,82,0,7,lane_first,tdw,balanced,False,reduction:5;reduction:10;reduction:20;reduction:41,496,296756,147190976,,,,,,,,,,,
163,15,83,83,328,83,0,7,lane_first,tdw,balanced,False,reduction:5;reduction:10;reduction:21;reduction:41,496,297082,147352672,,,,,,,,,,,
163,15,84,84,328,84,0,7,lane_first,tdw,balanced,False,reduction:5;reduction:10;reduction:21;reduction:42,496,303913,150740848,,,,,,,,,,,
163,15,85,85,328,85,0,7,lane_first,tdw,balanced,False,reduction:5;reduction:11;reduction:21;reduction:42,496,304239,150902544,,,,,,,,,,,
163,15,86,86,328,86,0,7,lane_first,tdw,balanced,False,reduction:5;reduction:11;reduction:21;reduction:43,496,310907,154209872,,,,,,,,,,,
163,15,87,87,328,87,0,7,lane_first,tdw,balanced,False,reduction:5;reduction:11;reduction:22;reduction:43,496,311233,154371568,,,,,,,,,,,
163,15,88,88,328,88,0,7,lane_first,tdw,balanced,False,reduction:5;reduction:11;reduction:22;reduction:44,496,318064,157759744,,,,,,,,,,,
163,15,89,89,328,89,0,7,lane_first,tdw,balanced,False,reduction:6;reduction:11;reduction:22;reduction:44,496,318390,157921440,,,,,,,,,,,
163,15,90,90,328,90,0,7,lane_first,tdw,balanced,False,reduction:6;reduction:11;reduction:22;reduction:45,496,325058,161228768,,,,,,,,,,,
163,15,91,91,328,91,0,7,lane_first,tdw,balanced,False,reduction:6;reduction:11;reduction:23;reduction:45,496,325384,161390464,,,,,,,,,,,
163,15,92,92,328,92,0,7,lane_first,tdw,balanced,False,reduction:6;reduction:11;reduction:23;reduction:46,496,332215,164778640,,,,,,,,,,,
163,15,93,93,328,93,0,7,lane_first,tdw,balanced,False,reduction:6;reduction:12;reduction:23;reduction:46,496,332541,164940336,,,,,,,,,,,
163,15,94,94,328,94,0,7,lane_first,tdw,balanced,False,reduction:6;reduction:12;reduction:23;reduction:47,496,339209,168247664,,,,,,,,,,,
163,15,95,95,328,95,0,7,lane_first,tdw,balanced,False,reduction:6;reduction:12;reduction:24;reduction:47,496,339535,168409360,,,,,,,,,,,
163,15,96,96,328,96,0,7,lane_first,tdw,balanced,False,reduction:6;reduction:12;reduction:24;reduction:48,496,346366,171797536,,,,,,,,,,,
163,15,97,97,328,97,0,7,lane_first,tdw,balanced,False,reduction:6;reduction:12;reduction:24;reduction:48,504,346692,174732768,,,,,,,,,,,
163,15,98,98,328,98,0,7,lane_first,tdw,balanced,False,reduction:6;reduction:12;reduction:24;reduction:49,504,353360,178093440,,,,,,,,,,,
163,15,99,99,328,99,0,7,lane_first,tdw,balanced,False,reduction:6;reduction:12;reduction:25;reduction:49,504,353686,178257744,,,,,,,,,,,
163,15,100,100,328,100,0,7,lane_first,tdw,balanced,False,reduction:6;reduction:12;reduction:25;reduction:50,504,360517,181700568,,,,,,,,,,,
163,15,101,101,328,101,0,7,lane_first,tdw,balanced,False,reduction:6;reduction:13;reduction:25;reduction:50,504,360843,181864872,,,,,,,,,,,
163,15,102,102,328,102,0,7,lane_first,tdw,balanced,False,reduction:6;reduction:13;reduction:25;reduction:51,504,367511,185225544,,,,,,,,,,,
163,15,103,103,328,103,0,7,lane_first,tdw,balanced,False,reduction:6;reduction:13;reduction:26;reduction:51,504,367837,185389848,,,,,,,,,,,
163,15,104,104,328,104,0,7,lane_first,tdw,balanced,False,reduction:6;reduction:13;reduction:26;reduction:52,504,374668,188832672,,,,,,,,,,,
163,15,105,105,328,105,0,7,lane_first,tdw,balanced,False,reduction:13;reduction:26;reduction:52,504,374994,188996976,,,,,,,,,,,
163,15,106,106,328,106,0,7,lane_first,tdw,balanced,False,reduction:13;reduction:26;reduction:53,504,381662,192357648,,,,,,,,,,,
163,15,107,107,328,107,0,7,lane_first,tdw,balanced,False,reduction:13;reduction:53,504,381988,192521952,,,,,,,,,,,
163,15,108,108,328,108,0,7,lane_first,tdw,balanced,False,reduction:13;reduction:54,504,388819,195964776,,,,,,,,,,,
163,15,109,109,328,109,0,7,lane_first,tdw,balanced,False,reduction:54,504,389145,196129080,,,,,,,,,,,
163,15,110,110,328,110,0,7,lane_first,tdw,balanced,False,reduction:55,472,395813,186823736,,,,,,,,,,,
163,15,111,111,328,111,0,7,lane_first,tdw,balanced,False,reduction:28;reduction:55,472,396139,186977608,,,,,,,,,,,
163,15,112,112,328,112,0,7,lane_first,tdw,balanced,False,reduction:28;reduction:56,472,402970,190201840,,,,,,,,,,,
163,15,113,113,328,113,0,7,lane_first,tdw,balanced,False,reduction:4;reduction:28;reduction:56,472,403296,190355712,,,,,,,,,,,
163,15,114,114,328,114,0,7,lane_first,tdw,balanced,False,reduction:4;reduction:28;reduction:57,472,409964,193503008,,,,,,,,,,,
163,15,115,115,328,115,0,7,lane_first,tdw,balanced,False,reduction:4;reduction:29;reduction:57,472,410290,193656880,,,,,,,,,,,
163,15,116,116,328,116,0,7,lane_first,tdw,balanced,False,reduction:4;reduction:29;reduction:58,472,417121,196881112,,,,,,,,,,,
163,15,117,117,328,117,0,7,lane_first,tdw,balanced,False,reduction:4;reduction:15;reduction:29;reduction:58,472,417447,197034984,,,,,,,,,,,
163,15,118,118,328,118,0,7,lane_first,tdw,balanced,False,reduction:4;reduction:15;reduction:29;reduction:59,472,424115,200182280,,,,,,,,,,,
163,15,119,119,328,119,0,7,lane_first,tdw,balanced,False,reduction:4;reduction:15;reduction:30;reduction:59,472,424441,200336152,,,,,,,,,,,
163,15,120,120,328,120,0,7,lane_first,tdw,balanced,False,reduction:4;reduction:15;reduction:30;reduction:60,472,431272,203560384,,,,,,,,,,,
163,15,121,121,328,121,0,7,lane_first,tdw,balanced,False,reduction:4;reduction:8;reduction:15;reduction:30;reduction:60,472,431598,203714256,,,,,,,,,,,
163,15,122,122,328,122,0,7,lane_first,tdw,balanced,False,reduction:4;reduction:8;reduction:15;reduction:30;reduction:61,472,438266,206861552,,,,,,,,,,,
163,15,123,123,328,123,0,7,lane_first,tdw,balanced,False,reduction:4;reduction:8;reduction:15;reduction:31;reduction:61,472,438592,207015424,,,,,,,,,,,
163,15,124,124,328,124,0,7,lane_first,tdw,balanced,False,reduction:4;reduction:8;reduction:15;reduction:31;reduction:62,472,445423,210239656,,,,,,,,,,,
163,15,125,125,328,125,0,7,lane_first,tdw,balanced,False,reduction:4;reduction:8;reduction:16;reduction:31;reduction:62,472,445749,210393528,,,,,,,,,,,
163,15,126,126,328,126,0,7,lane_first,tdw,balanced,False,reduction:4;reduction:8;reduction:16;reduction:31;reduction:63,472,452417,213540824,,,,,,,,,,,
163,15,127,127,328,127,0,7,lane_first,tdw,balanced,False,reduction:4;reduction:8;reduction:16;reduction:32;reduction:63,472,452743,213694696,,,,,,,,,,,
163,15,128,128,328,128,0,7,lane_first,tdw,balanced,False,reduction:4;reduction:8;reduction:16;reduction:32;reduction:64,472,459574,216918928,,,,,,,,,,,
163,15,129,129,328,129,0,8,lane_first,tdw,balanced,False,reduction:4;reduction:8;reduction:16;reduction:32;reduction:64,512,459900,235468800,,,,,,,,,,,
163,15,130,130,328,130,0,8,lane_first,tdw,balanced,False,reduction:4;reduction:8;reduction:16;reduction:32;reduction:65,520,466568,242615360,,,,,,,,,,,
163,15,131,131,328,131,0,8,lane_first,tdw,balanced,False,reduction:4;reduction:8;reduction:16;reduction:33;reduction:65,528,466894,246520032,,,,,,,,,,,
163,15,132,132,328,132,0,8,lane_first,tdw,balanced,False,reduction:4;reduction:8;reduction:16;reduction:33;reduction:66,528,473725,250126800,,,,,,,,,,,
163,15,133,133,328,133,0,8,lane_first,tdw,balanced,False,reduction:4;reduction:8;reduction:17;reduction:33;reduction:66,536,474051,254091336,,,,,,,,,,,
163,15,134,134,328,134,0,8,lane_first,tdw,balanced,False,reduction:4;reduction:8;reduction:17;reduction:33;reduction:67,536,480719,257665384,,,,,,,,,,,
163,15,135,135,328,135,0,8,lane_first,tdw,balanced,False,reduction:4;reduction:8;reduction:17;reduction:34;reduction:67,536,481045,257840120,,,,,,,,,,,
163,15,136,136,328,136,0,8,lane_first,tdw,balanced,False,reduction:4;reduction:8;reduction:17;reduction:34;reduction:68,536,487876,261501536,,,,,,,,,,,
163,15,137,137,328,137,0,8,lane_first,tdw,balanced,False,reduction:4;reduction:9;reduction:17;reduction:34;reduction:68,544,488202,265581888,,,,,,,,,,,
163,15,138,138,328,138,0,8,lane_first,tdw,balanced,False,reduction:4;reduction:9;reduction:17;reduction:34;reduction:69,544,494870,269209280,,,,,,,,,,,
163,15,139,139,328,139,0,8,lane_first,tdw,balanced,False,reduction:4;reduction:9;reduction:17;reduction:35;reduction:69,544,495196,269386624,,,,,,,,,,,
163,15,140,140,328,140,0,8,lane_first,tdw,balanced,False,reduction:4;reduction:9;reduction:17;reduction:35;reduction:70,544,502027,273102688,,,,,,,,,,,
163,15,141,141,328,141,0,8,lane_first,tdw,balanced,False,reduction:4;reduction:9;reduction:18;reduction:35;reduction:70,544,502353,273280032,,,,,,,,,,,
163,15,142,142,328,142,0,8,lane_first,tdw,balanced,False,reduction:4;reduction:9;reduction:18;reduction:35;reduction:71,544,509021,276907424,,,,,,,,,,,
163,15,143,143,328,143,0,8,lane_first,tdw,balanced,False,reduction:4;reduction:9;reduction:18;reduction:36;reduction:71,544,509347,277084768,,,,,,,,,,,
163,15,144,144,328,144,0,8,lane_first,tdw,balanced,False,reduction:4;reduction:9;reduction:18;reduction:36;reduction:72,544,516178,280800832,,,,,,,,,,,
163,15,145,145,328,145,0,8,lane_first,tdw,balanced,False,reduction:5;reduction:9;reduction:18;reduction:36;reduction:72,552,516504,285110208,,,,,,,,,,,
163,15,146,146,328,146,0,8,lane_first,tdw,balanced,False,reduction:5;reduction:9;reduction:18;reduction:36;reduction:73,552,523172,288790944,,,,,,,,,,,
163,15,147,147,328,147,0,8,lane_first,tdw,balanced,False,reduction:5;reduction:9;reduction:18;reduction:37;reduction:73,552,523498,288970896,,,,,,,,,,,
163,15,148,148,328,148,0,8,lane_first,tdw,balanced,False,reduction:5;reduction:9;reduction:18;reduction:37;reduction:74,552,530329,292741608,,,,,,,,,,,
163,15,149,149,328,149,0,8,lane_first,tdw,balanced,False,reduction:5;reduction:9;reduction:19;reduction:37;reduction:74,552,530655,292921560,,,,,,,,,,,
163,15,150,150,328,150,0,8,lane_first,tdw,balanced,False,reduction:5;reduction:9;reduction:19;reduction:37;reduction:75,552,537323,296602296,,,,,,,,,,,
163,15,151,151,328,151,0,8,lane_first,tdw,balanced,False,reduction:5;reduction:9;reduction:19;reduction:38;reduction:75,552,537649,296782248,,,,,,,,,,,
163,15,152,152,328,152,0,8,lane_first,tdw,balanced,False,reduction:5;reduction:9;reduction:19;reduction:38;reduction:76,552,544480,300552960,,,,,,,,,,,
163,15,153,153,328,153,0,8,lane_first,tdw,balanced,False,reduction:5;reduction:10;reduction:19;reduction:38;reduction:76,552,544806,300732912,,,,,,,,,,,
163,15,154,154,328,154,0,8,lane_first,tdw,balanced,False,reduction:5;reduction:10;reduction:19;reduction:38;reduction:77,552,551474,304413648,,,,,,,,,,,
163,15,155,155,328,155,0,8,lane_first,tdw,balanced,False,reduction:5;reduction:10;reduction:19;reduction:39;reduction:77,552,551800,304593600,,,,,,,,,,,
163,15,156,156,328,156,0,8,lane_first,tdw,balanced,False,reduction:5;reduction:10;reduction:19;reduction:39;reduction:78,552,558631,308364312,,,,,,,,,,,
163,15,157,157,328,157,0,8,lane_first,tdw,balanced,False,reduction:5;reduction:10;reduction:20;reduction:39;reduction:78,552,558957,308544264,,,,,,,,,,,
163,15,158,158,328,158,0,8,lane_first,tdw,balanced,False,reduction:5;reduction:10;reduction:20;reduction:39;reduction:79,552,565625,312225000,,,,,,,,,,,
163,15,159,159,328,159,0,8,lane_first,tdw,balanced,False,reduction:5;reduction:10;reduction:20;reduction:40;reduction:79,552,565951,312404952,,,,,,,,,,,
163,15,160,160,328,160,0,8,lane_first,tdw,balanced,False,reduction:5;reduction:10;reduction:20;reduction:40;reduction:80,552,572782,316175664,,,,,,,,,,,
163,15,161,161,328,161,0,8,lane_first,tdw,balanced,False,reduction:5;reduction:10;reduction:20;reduction:40;reduction:80,560,573108,320940480,,,,,,,,,,,
163,15,162,162,328,162,0,8,lane_first,tdw,balanced,False,reduction:5;reduction:10;reduction:20;reduction:40;reduction:81,560,579776,324674560,,,,,,,,,,,
163,15,163,163,328,163,0,8,lane_first,tdw,balanced,False,reduction:5;reduction:10;reduction:20;reduction:41;reduction:81,560,580102,324857120,,,,,,,,,,,
163,15,164,164,328,164,0,8,lane_first,tdw,balanced,False,reduction:5;reduction:10;reduction:20;reduction:41;reduction:82,544,586933,319291552,,,,,,,,,,,
163,15,165,165,328,165,0,8,lane_first,tdw,balanced,False,reduction:5;reduction:10;reduction:21;reduction:41;reduction:82,544,587259,319468896,,,,,,,,,,,
163,15,166,166,328,166,0,8,lane_first,tdw,balanced,False,reduction:5;reduction:10;reduction:21;reduction:41;reduction:83,544,593927,323096288,,,,,,,,,,,
163,15,167,167,328,167,0,8,lane_first,tdw,balanced,False,reduction:5;reduction:10;reduction:21;reduction:42;reduction:83,544,594253,323273632,,,,,,,,,,,
163,15,168,168,328,168,0,8,lane_first,tdw,balanced,False,reduction:5;reduction:10;reduction:21;reduction:42;reduction:84,544,601084,326989696,,,,,,,,,,,
163,15,169,169,328,169,0,8,lane_first,tdw,balanced,False,reduction:5;reduction:11;reduction:21;reduction:42;reduction:84,544,601410,327167040,,,,,,,,,,,
163,15,170,170,328,170,0,8,lane_first,tdw,balanced,False,reduction:5;reduction:11;reduction:21;reduction:42;reduction:85,544,608078,330794432,,,,,,,,,,,
163,15,171,171,328,171,0,8,lane_first,tdw,balanced,False,reduction:5;reduction:11;reduction:21;reduction:43;reduction:85,544,608404,330971776,,,,,,,,,,,
163,15,172,172,328,172,0,8,lane_first,tdw,balanced,False,reduction:5;reduction:11;reduction:21;reduction:43;reduction:86,544,615235,334687840,,,,,,,,,,,
163,15,173,173,328,173,0,8,lane_first,tdw,balanced,False,reduction:5;reduction:11;reduction:22;reduction:43;reduction:86,544,615561,334865184,,,,,,,,,,,
163,15,174,174,328,174,0,8,lane_first,tdw,balanced,False,reduction:5;reduction:11;reduction:22;reduction:43;reduction:87,544,622229,338492576,,,,,,,,,,,
163,15,175,175,328,175,0,8,lane_first,tdw,balanced,False,reduction:5;reduction:11;reduction:22;reduction:44;reduction:87,544,622555,338669920,,,,,,,,,,,
163,15,176,176,328,176,0,8,lane_first,tdw,balanced,False,reduction:5;reduction:11;reduction:22;reduction:44;reduction:88,544,629386,342385984,,,,,,,,,,,
163,15,177,177,328,177,0,8,lane_first,tdw,balanced,False,reduction:6;reduction:11;reduction:22;reduction:44;reduction:88,544,629712,342563328,,,,,,,,,,,
163,15,178,178,328,178,0,8,lane_first,tdw,balanced,False,reduction:6;reduction:11;reduction:22;reduction:44;reduction:89,544,636380,346190720,,,,,,,,,,,
163,15,179,179,328,179,0,8,lane_first,tdw,balanced,False,reduction:6;reduction:11;reduction:22;reduction:45;reduction:89,544,636706,346368064,,,,,,,,,,,
163,15,180,180,328,180,0,8,lane_first,tdw,balanced,False,reduction:6;reduction:11;reduction:22;reduction:45;reduction:90,544,643537,350084128,,,,,,,,,,,
163,15,181,181,328,181,0,8,lane_first,tdw,balanced,False,reduction:6;reduction:11;reduction:23;reduction:45;reduction:90,544,643863,350261472,,,,,,,,,,,
163,15,182,182,328,182,0,8,lane_first,tdw,balanced,False,reduction:6;reduction:11;reduction:23;reduction:45;reduction:91,544,650531,353888864,,,,,,,,,,,
163,15,183,183,328,183,0,8,lane_first,tdw,balanced,False,reduction:6;reduction:11;reduction:23;reduction:46;reduction:91,544,650857,354066208,,,,,,,,,,,
163,15,184,184,328,184,0,8,lane_first,tdw,balanced,False,reduction:6;reduction:11;reduction:23;reduction:46;reduction:92,544,657688,357782272,,,,,,,,,,,
163,15,185,185,328,185,0,8,lane_first,tdw,balanced,False,reduction:6;reduction:12;reduction:23;reduction:46;reduction:92,544,658014,357959616,,,,,,,,,,,
163,15,186,186,328,186,0,8,lane_first,tdw,balanced,False,reduction:6;reduction:12;reduction:23;reduction:46;reduction:93,544,664682,361587008,,,,,,,,,,,
163,15,187,187,328,187,0,8,lane_first,tdw,balanced,False,reduction:6;reduction:12;reduction:23;reduction:47;reduction:93,544,665008,361764352,,,,,,,,,,,
163,15,188,188,328,188,0,8,lane_first,tdw,balanced,False,reduction:6;reduction:12;reduction:23;reduction:47;reduction:94,544,671839,365480416,,,,,,,,,,,
163,15,189,189,328,189,0,8,lane_first,tdw,balanced,False,reduction:6;reduction:12;reduction:24;reduction:47;reduction:94,544,672165,365657760,,,,,,,,,,,
163,15,190,190,328,190,0,8,lane_first,tdw,balanced,False,reduction:6;reduction:12;reduction:24;reduction:47;reduction:95,544,678833,369285152,,,,,,,,,,,
163,15,191,191,328,191,0,8,lane_first,tdw,balanced,False,reduction:6;reduction:12;reduction:24;reduction:48;reduction:95,544,679159,369462496,,,,,,,,,,,
163,15,192,192,328,192,0,8,lane_first,tdw,balanced,False,reduction:6;reduction:12;reduction:24;reduction:48;reduction:96,544,685990,373178560,,,,,,,,,,,
163,15,193,193,328,193,0,8,lane_first,tdw,balanced,False,reduction:6;reduction:12;reduction:24;reduction:48;reduction:96,552,686316,378846432,,,,,,,,,,,
163,15,194,194,328,194,0,8,lane_first,tdw,balanced,False,reduction:6;reduction:12;reduction:24;reduction:48;reduction:97,552,692984,382527168,,,,,,,,,,,
163,15,195,195,328,195,0,8,lane_first,tdw,balanced,False,reduction:6;reduction:12;reduction:24;reduction:49;reduction:97,552,693310,382707120,,,,,,,,,,,
163,15,196,196,328,196,0,8,lane_first,tdw,balanced,False,reduction:6;reduction:12;reduction:24;reduction:49;reduction:98,552,700141,386477832,,,,,,,,,,,
163,15,197,197,328,197,0,8,lane_first,tdw,balanced,False,reduction:6;reduction:12;reduction:25;reduction:49;reduction:98,552,700467,386657784,,,,,,,,,,,
163,15,198,198,328,198,0,8,lane_first,tdw,balanced,False,reduction:6;reduction:12;reduction:25;reduction:49;reduction:99,552,707135,390338520,,,,,,,,,,,
163,15,199,199,328,199,0,8,lane_first,tdw,balanced,False,reduction:6;reduction:12;reduction:25;reduction:50;reduction:99,552,707461,390518472,,,,,,,,,,,
163,15,200,200,328,200,0,8,lane_first,tdw,balanced,False,reduction:6;reduction:12;reduction:25;reduction:50;reduction:100,552,714292,394289184,,,,,,,,,,,
163,15,201,201,328,201,0,8,lane_first,tdw,balanced,False,reduction:6;reduction:13;reduction:25;reduction:50;reduction:100,552,714618,394469136,,,,,,,,,,,
163,15,202,202,328,202,0,8,lane_first,tdw,balanced,False,reduction:6;reduction:13;reduction:25;reduction:50;reduction:101,552,721286,398149872,,,,,,,,,,,
163,15,203,203,328,203,0,8,lane_first,tdw,balanced,False,reduction:6;reduction:13;reduction:25;reduction:51;reduction:101,552,721612,398329824,,,,,,,,,,,
163,15,204,204,328,204,0,8,lane_first,tdw,balanced,False,reduction:6;reduction:13;reduction:25;reduction:51;reduction:102,552,728443,402100536,,,,,,,,,,,
163,15,205,205,328,205,0,8,lane_first,tdw,balanced,False,reduction:6;reduction:13;reduction:26;reduction:51;reduction:102,552,728769,402280488,,,,,,,,,,,
163,15,206,206,328,206,0,8,lane_first,tdw,balanced,False,reduction:6;reduction:13;reduction:26;reduction:51;reduction:103,552,735437,405961224,,,,,,,,,,,
163,15,207,207,328,207,0,8,lane_first,tdw,balanced,False,reduction:6;reduction:13;reduction:26;reduction:52;reduction:103,552,735763,406141176,,,,,,,,,,,
163,15,208,208,328,208,0,8,lane_first,tdw,balanced,False,reduction:6;reduction:13;reduction:26;reduction:52;reduction:104,552,742594,409911888,,,,,,,,,,,
163,15,209,209,328,209,0,8,lane_first,tdw,balanced,False,reduction:13;reduction:26;reduction:52;reduction:104,552,742920,410091840,,,,,,,,,,,
163,15,210,210,328,210,0,8,lane_first,tdw,balanced,False,reduction:13;reduction:26;reduction:52;reduction:105,552,749588,413772576,,,,,,,,,,,
163,15,211,211,328,211,0,8,lane_first,tdw,balanced,False,reduction:13;reduction:26;reduction:53;reduction:105,552,749914,413952528,,,,,,,,,,,
163,15,212,212,328,212,0,8,lane_first,tdw,balanced,False,reduction:13;reduction:26;reduction:53;reduction:106,552,756745,417723240,,,,,,,,,,,
163,15,213,213,328,213,0,8,lane_first,tdw,balanced,False,reduction:13;reduction:53;reduction:106,552,757071,417903192,,,,,,,,,,,
163,15,214,214,328,214,0,8,lane_first,tdw,balanced,False,reduction:13;reduction:53;reduction:107,552,763739,421583928,,,,,,,,,,,
163,15,215,215,328,215,0,8,lane_first,tdw,balanced,False,reduction:13;reduction:54;reduction:107,552,764065,421763880,,,,,,,,,,,
163,15,216,216,328,216,0,8,lane_first,tdw,balanced,False,reduction:13;reduction:54;reduction:108,552,770896,425534592,,,,,,,,,,,
163,15,217,217,328,217,0,8,lane_first,tdw,balanced,False,reduction:54;reduction:108,552,771222,425714544,,,,,,,,,,,
163,15,218,218,328,218,0,8,lane_first,tdw,balanced,False,reduction:54;reduction:109,552,777890,429395280,,,,,,,,,,,
163,15,219,219,328,219,0,8,lane_first,tdw,balanced,False,reduction:55;reduction:109,552,778216,429575232,,,,,,,,,,,
163,15,220,220,328,220,0,8,lane_first,tdw,balanced,False,reduction:55;reduction:110,552,785047,433345944,,,,,,,,,,,
163,15,221,221,328,221,0,8,lane_first,tdw,balanced,False,reduction:28;reduction:55;reduction:110,552,785373,433525896,,,,,,,,,,,
163,15,222,222,328,222,0,8,lane_first,tdw,balanced,False,reduction:28;reduction:55;reduction:111,552,792041,437206632,,,,,,,,,,,
163,15,223,223,328,223,0,8,lane_first,tdw,balanced,False,reduction:28;reduction:56;reduction:111,552,792367,437386584,,,,,,,,,,,
163,15,224,224,328,224,0,8,lane_first,tdw,balanced,False,reduction:28;reduction:56;reduction:112,552,799198,441157296,,,,,,,,,,,
163,15,225,225,328,225,0,8,lane_first,tdw,balanced,False,reduction:4;reduction:28;reduction:56;reduction:112,552,799524,441337248,,,,,,,,,,,
163,15,226,226,328,226,0,8,lane_first,tdw,balanced,False,reduction:4;reduction:28;reduction:56;reduction:113,552,806192,445017984,,,,,,,,,,,
163,15,227,227,328,227,0,8,lane_first,tdw,balanced,False,reduction:4;reduction:28;reduction:57;reduction:113,552,806518,445197936,,,,,,,,,,,
163,15,228,228,328,228,0,8,lane_first,tdw,balanced,False,reduction:4;reduction:28;reduction:57;reduction:114,552,813349,448968648,,,,,,,,,,,
163,15,229,229,328,229,0,8,lane_first,tdw,balanced,False,reduction:4;reduction:29;reduction:57;reduction:114,552,813675,449148600,,,,,,,,,,,
163,15,230,230,328,230,0,8,lane_first,tdw,balanced,False,reduction:4;reduction:29;reduction:57;reduction:115,552,820343,452829336,,,,,,,,,,,
163,15,231,231,328,231,0,8,lane_first,tdw,balanced,False,reduction:4;reduction:29;reduction:58;reduction:115,552,820669,453009288,,,,,,,,,,,
163,15,232,232,328,232,0,8,lane_first,tdw,balanced,False,reduction:4;reduction:29;reduction:58;reduction:116,552,827500,456780000,,,,,,,,,,,
163,15,233,233,328,233,0,8,lane_first,tdw,balanced,False,reduction:4;reduction:15;reduction:29;reduction:58;reduction:116,552,827826,456959952,,,,,,,,,,,
163,15,234,234,328,234,0,8,lane_first,tdw,balanced,False,reduction:4;reduction:15;reduction:29;reduction:58;reduction:117,552,834494,460640688,,,,,,,,,,,
163,15,235,235,328,235,0,8,lane_first,tdw,balanced,False,reduction:4;reduction:15;reduction:29;reduction:59;reduction:117,552,834820,460820640,,,,,,,,,,,
163,15,236,236,328,236,0,8,lane_first,tdw,balanced,False,reduction:4;reduction:15;reduction:29;reduction:59;reduction:118,552,841651,464591352,,,,,,,,,,,
163,15,237,237,328,237,0,8,lane_first,tdw,balanced,False,reduction:4;reduction:15;reduction:30;reduction:59;reduction:118,552,841977,464771304,,,,,,,,,,,
163,15,238,238,328,238,0,8,lane_first,tdw,balanced,False,reduction:4;reduction:15;reduction:30;reduction:59;reduction:119,552,848645,468452040,,,,,,,,,,,
163,15,239,239,328,239,0,8,lane_first,tdw,balanced,False,reduction:4;reduction:15;reduction:30;reduction:60;reduction:119,552,848971,468631992,,,,,,,,,,,
163,15,240,240,328,240,0,8,lane_first,tdw,balanced,False,reduction:4;reduction:15;reduction:30;reduction:60;reduction:120,552,855802,472402704,,,,,,,,,,,
163,15,241,241,328,241,0,8,lane_first,tdw,balanced,False,reduction:4;reduction:8;reduction:15;reduction:30;reduction:60;reduction:120,552,856128,472582656,,,,,,,,,,,
163,15,242,242,328,242,0,8,lane_first,tdw,balanced,False,reduction:4;reduction:8;reduction:15;reduction:30;reduction:60;reduction:121,552,862796,476263392,,,,,,,,,,,
163,15,243,243,328,243,0,8,lane_first,tdw,balanced,False,reduction:4;reduction:8;reduction:15;reduction:30;reduction:61;reduction:121,552,863122,476443344,,,,,,,,,,,
163,15,244,244,328,244,0,8,lane_first,tdw,balanced,False,reduction:4;reduction:8;reduction:15;reduction:30;reduction:61;reduction:122,552,869953,480214056,,,,,,,,,,,
163,15,245,245,328,245,0,8,lane_first,tdw,balanced,False,reduction:4;reduction:8;reduction:15;reduction:31;reduction:61;reduction:122,552,870279,480394008,,,,,,,,,,,
163,15,246,246,328,246,0,8,lane_first,tdw,balanced,False,reduction:4;reduction:8;reduction:15;reduction:31;reduction:61;reduction:123,552,876947,484074744,,,,,,,,,,,
163,15,247,247,328,247,0,8,lane_first,tdw,balanced,False,reduction:4;reduction:8;reduction:15;reduction:31;reduction:62;reduction:123,552,877273,484254696,,,,,,,,,,,
163,15,248,248,328,248,0,8,lane_first,tdw,balanced,False,reduction:4;reduction:8;reduction:15;reduction:31;reduction:62;reduction:124,552,884104,488025408,,,,,,,,,,,
163,15,249,249,328,249,0,8,lane_first,tdw,balanced,False,reduction:4;reduction:8;reduction:16;reduction:31;reduction:62;reduction:124,552,884430,488205360,,,,,,,,,,,
163,15,250,250,328,250,0,8,lane_first,tdw,balanced,False,reduction:4;reduction:8;reduction:16;reduction:31;reduction:62;reduction:125,552,891098,491886096,,,,,,,,,,,
163,15,251,251,328,251,0,8,lane_first,tdw,balanced,False,reduction:4;reduction:8;reduction:16;reduction:31;reduction:63;reduction:125,552,891424,492066048,,,,,,,,,,,
163,15,252,252,328,252,0,8,lane_first,tdw,balanced,False,reduction:4;reduction:8;reduction:16;reduction:31;reduction:63;reduction:126,552,898255,495836760,,,,,,,,,,,
163,15,253,253,328,253,0,8,lane_first,tdw,balanced,False,reduction:4;reduction:8;reduction:16;reduction:32;reduction:63;reduction:126,552,898581,496016712,,,,,,,,,,,
163,15,254,254,328,254,0,8,lane_first,tdw,balanced,False,reduction:4;reduction:8;reduction:16;reduction:32;reduction:63;reduction:127,552,905249,499697448,,,,,,,,,,,
163,15,255,255,328,255,0,8,lane_first,tdw,balanced,False,reduction:4;reduction:8;reduction:16;reduction:32;reduction:64;reduction:127,552,905575,499877400,,,,,,,,,,,
163,15,256,256,328,256,0,8,lane_first,tdw,balanced,False,reduction:4;reduction:8;reduction:16;reduction:32;reduction:64;reduction:128,552,912406,503648112,,,,,,,,,,,
163,15,257,257,328,257,0,9,lane_first,tdw,balanced,False,reduction:4;reduction:8;reduction:16;reduction:32;reduction:64;reduction:128,592,912732,540337344,,,,,,,,,,,
163,15,258,258,328,258,0,9,lane_first,tdw,balanced,False,reduction:4;reduction:8;reduction:16;reduction:32;reduction:64;reduction:129,600,919400,551640000,,,,,,,,,,,
163,15,259,259,328,259,0,9,lane_first,tdw,balanced,False,reduction:4;reduction:8;reduction:16;reduction:32;reduction:65;reduction:129,608,919726,559193408,,,,,,,,,,,
163,15,260,260,328,260,0,9,lane_first,tdw,balanced,False,reduction:4;reduction:8;reduction:16;reduction:32;reduction:65;reduction:130,608,926557,563346656,,,,,,,,,,,
163,15,261,261,328,261,0,9,lane_first,tdw,balanced,False,reduction:4;reduction:8;reduction:16;reduction:33;reduction:65;reduction:130,616,926883,570959928,,,,,,,,,,,
163,15,262,262,328,262,0,9,lane_first,tdw,balanced,False,reduction:4;reduction:8;reduction:16;reduction:33;reduction:65;reduction:131,616,933551,575067416,,,,,,,,,,,
163,15,263,263,328,263,0,9,lane_first,tdw,balanced,False,reduction:4;reduction:8;reduction:16;reduction:33;reduction:66;reduction:131,616,933877,575268232,,,,,,,,,,,
163,15,264,264,328,264,0,9,lane_first,tdw,balanced,False,reduction:4;reduction:8;reduction:16;reduction:33;reduction:66;reduction:132,616,940708,579476128,,,,,,,,,,,
163,15,265,265,328,265,0,9,lane_first,tdw,balanced,False,reduction:4;reduction:8;reduction:17;reduction:33;reduction:66;reduction:132,624,941034,587205216,,,,,,,,,,,
163,15,266,266,328,266,0,9,lane_first,tdw,balanced,False,reduction:4;reduction:8;reduction:17;reduction:33;reduction:66;reduction:133,624,947702,591366048,,,,,,,,,,,
163,15,267,267,328,267,0,9,lane_first,tdw,balanced,False,reduction:4;reduction:8;reduction:17;reduction:33;reduction:67;reduction:133,624,948028,591569472,,,,,,,,,,,
163,15,268,268,328,268,0,9,lane_first,tdw,balanced,False,reduction:4;reduction:8;reduction:17;reduction:33;reduction:67;reduction:134,624,954859,595832016,,,,,,,,,,,
163,15,269,269,328,269,0,9,lane_first,tdw,balanced,False,reduction:4;reduction:8;reduction:17;reduction:34;reduction:67;reduction:134,624,955185,596035440,,,,,,,,,,,
163,15,270,270,328,270,0,9,lane_first,tdw,balanced,False,reduction:4;reduction:8;reduction:17;reduction:34;reduction:67;reduction:135,624,961853,600196272,,,,,,,,,,,
163,15,271,271,328,271,0,9,lane_first,tdw,balanced,False,reduction:4;reduction:8;reduction:17;reduction:34;reduction:68;reduction:135,624,962179,600399696,,,,,,,,,,,
163,15,272,272,328,272,0,9,lane_first,tdw,balanced,False,reduction:4;reduction:8;reduction:17;reduction:34;reduction:68;reduction:136,624,969010,604662240,,,,,,,,,,,
163,15,273,273,328,273,0,9,lane_first,tdw,balanced,False,reduction:4;reduction:9;reduction:17;reduction:34;reduction:68;reduction:136,632,969336,612620352,,,,,,,,,,,
163,15,274,274,328,274,0,9,lane_first,tdw,balanced,False,reduction:4;reduction:9;reduction:17;reduction:34;reduction:68;reduction:137,632,976004,616834528,,,,,,,,,,,
163,15,275,275,328,275,0,9,lane_first,tdw,balanced,False,reduction:4;reduction:9;reduction:17;reduction:34;reduction:69;reduction:137,632,976330,617040560,,,,,,,,,,,
163,15,276,276,328,276,0,9,lane_first,tdw,balanced,False,reduction:4;reduction:9;reduction:17;reduction:34;reduction:69;reduction:138,632,983161,621357752,,,,,,,,,,,
163,15,277,277,328,277,0,9,lane_first,tdw,balanced,False,reduction:4;reduction:9;reduction:17;reduction:35;reduction:69;reduction:138,632,983487,621563784,,,,,,,,,,,
163,15,278,278,328,278,0,9,lane_first,tdw,balanced,False,reduction:4;reduction:9;reduction:17;reduction:35;reduction:69;reduction:139,632,990155,625777960,,,,,,,,,,,
163,15,279,279,328,279,0,9,lane_first,tdw,balanced,False,reduction:4;reduction:9;reduction:17;reduction:35;reduction:70;reduction:139,632,990481,625983992,,,,,,,,,,,
163,15,280,280,328,280,0,9,lane_first,tdw,balanced,False,reduction:4;reduction:9;reduction:17;reduction:35;reduction:70;reduction:140,632,997312,630301184,,,,,,,,,,,
163,15,281,281,328,281,0,9,lane_first,tdw,balanced,False,reduction:4;reduction:9;reduction:18;reduction:35;reduction:70;reduction:140,632,997638,630507216,,,,,,,,,,,
163,15,282,282,328,282,0,9,lane_first,tdw,balanced,False,reduction:4;reduction:9;reduction:18;reduction:35;reduction:70;reduction:141,632,1004306,634721392,,,,,,,,,,,
163,15,283,283,328,283,0,9,lane_first,tdw,balanced,False,reduction:4;reduction:9;reduction:18;reduction:35;reduction:71;reduction:141,632,1004632,634927424,,,,,,,,,,,
163,15,284,284,328,284,0,9,lane_first,tdw,balanced,False,reduction:4;reduction:9;reduction:18;reduction:35;reduction:71;reduction:142,632,1011463,639244616,,,,,,,,,,,
163,15,285,285,328,285,0,9,lane_first,tdw,balanced,False,reduction:4;reduction:9;reduction:18;reduction:36;reduction:71;reduction:142,632,1011789,639450648,,,,,,,,,,,
163,15,286,286,328,286,0,9,lane_first,tdw,balanced,False,reduction:4;reduction:9;reduction:18;reduction:36;reduction:71;reduction:143,632,1018457,643664824,,,,,,,,,,,
163,15,287,287,328,287,0,9,lane_first,tdw,balanced,False,reduction:4;reduction:9;reduction:18;reduction:36;reduction:72;reduction:143,632,1018783,643870856,,,,,,,,,,,
163,15,288,288,328,288,0,9,lane_first,tdw,balanced,False,reduction:4;reduction:9;reduction:18;reduction:36;reduction:72;reduction:144,632,1025614,648188048,,,,,,,,,,,
163,15,289,289,328,289,0,9,lane_first,tdw,balanced,False,reduction:5;reduction:9;reduction:18;reduction:36;reduction:72;reduction:144,640,1025940,656601600,,,,,,,,,,,
163,15,290,290,328,290,0,9,lane_first,tdw,balanced,False,reduction:5;reduction:9;reduction:18;reduction:36;reduction:72;reduction:145,640,1032608,660869120,,,,,,,,,,,
163,15,291,291,328,291,0,9,lane_first,tdw,balanced,False,reduction:5;reduction:9;reduction:18;reduction:36;reduction:73;reduction:145,640,1032934,661077760,,,,,,,,,,,
163,15,292,292,328,292,0,9,lane_first,tdw,balanced,False,reduction:5;reduction:9;reduction:18;reduction:36;reduction:73;reduction:146,640,1039765,665449600,,,,,,,,,,,
163,15,293,293,328,293,0,9,lane_first,tdw,balanced,False,reduction:5;reduction:9;reduction:18;reduction:37;reduction:73;reduction:146,640,1040091,665658240,,,,,,,,,,,
163,15,294,294,328,294,0,9,lane_first,tdw,balanced,False,reduction:5;reduction:9;reduction:18;reduction:37;reduction:73;reduction:147,640,1046759,669925760,,,,,,,,,,,
163,15,295,295,328,295,0,9,lane_first,tdw,balanced,False,reduction:5;reduction:9;reduction:18;reduction:37;reduction:74;reduction:147,640,1047085,670134400,,,,,,,,,,,
163,15,296,296,328,296,0,9,lane_first,tdw,balanced,False,reduction:5;reduction:9;reduction:18;reduction:37;reduction:74;reduction:148,640,1053916,674506240,,,,,,,,,,,
163,15,297,297,328,297,0,9,lane_first,tdw,balanced,False,reduction:5;reduction:9;reduction:19;reduction:37;reduction:74;reduction:148,640,1054242,674714880,,,,,,,,,,,
163,15,298,298,328,298,0,9,lane_first,tdw,balanced,False,reduction:5;reduction:9;reduction:19;reduction:37;reduction:74;reduction:149,640,1060910,678982400,,,,,,,,,,,
163,15,299,299,328,299,0,9,lane_first,tdw,balanced,False,reduction:5;reduction:9;reduction:19;reduction:37;reduction:75;reduction:149,640,1061236,679191040,,,,,,,,,,,
163,15,300,300,328,300,0,9,lane_first,tdw,balanced,False,reduction:5;reduction:9;reduction:19;reduction:37;reduction:75;reduction:150,640,1068067,683562880,,,,,,,,,,,
163,15,301,301,328,301,0,9,lane_first,tdw,balanced,False,reduction:5;reduction:9;reduction:19;reduction:38;reduction:75;reduction:150,640,1068393,683771520,,,,,,,,,,,
163,15,302,302,328,302,0,9,lane_first,tdw,balanced,False,reduction:5;reduction:9;reduction:19;reduction:38;reduction:75;reduction:151,640,1075061,688039040,,,,,,,,,,,
163,15,303,303,328,303,0,9,lane_first,tdw,balanced,False,reduction:5;reduction:9;reduction:19;reduction:38;reduction:76;reduction:151,640,1075387,688247680,,,,,,,,,,,
163,15,304,304,328,304,0,9,lane_first,tdw,balanced,False,reduction:5;reduction:9;reduction:19;reduction:38;reduction:76;reduction:152,640,1082218,692619520,,,,,,,,,,,
163,15,305,305,328,305,0,9,lane_first,tdw,balanced,False,reduction:5;reduction:10;reduction:19;reduction:38;reduction:76;reduction:152,640,1082544,692828160,,,,,,,,,,,
163,15,306,306,328,306,0,9,lane_first,tdw,balanced,False,reduction:5;reduction:10;reduction:19;reduction:38;reduction:76;reduction:153,640,1089212,697095680,,,,,,,,,,,
163,15,307,307,328,307,0,9,lane_first,tdw,balanced,False,reduction:5;reduction:10;reduction:19;reduction:38;reduction:77;reduction:153,640,1089538,697304320,,,,,,,,,,,
163,15,308,308,328,308,0,9,lane_first,tdw,balanced,False,reduction:5;reduction:10;reduction:19;reduction:38;reduction:77;reduction:154,640,1096369,701676160,,,,,,,,,,,
163,15,309,309,328,309,0,9,lane_first,tdw,balanced,False,reduction:5;reduction:10;reduction:19;reduction:39;reduction:77;reduction:154,640,1096695,701884800,,,,,,,,,,,
163,15,310,310,328,310,0,9,lane_first,tdw,balanced,False,reduction:5;reduction:10;reduction:19;reduction:39;reduction:77;reduction:155,640,1103363,706152320,,,,,,,,,,,
163,15,311,311,328,311,0,9,lane_first,tdw,balanced,False,reduction:5;reduction:10;reduction:19;reduction:39;reduction:78;reduction:155,640,1103689,706360960,,,,,,,,,,,
163,15,312,312,328,312,0,9,lane_first,tdw,balanced,False,reduction:5;reduction:10;reduction:19;reduction:39;reduction:78;reduction:156,640,1110520,710732800,,,,,,,,,,,
163,15,313,313,328,313,0,9,lane_first,tdw,balanced,False,reduction:5;reduction:10;reduction:20;reduction:39;reduction:78;reduction:156,640,1110846,710941440,,,,,,,,,,,
163,15,314,314,328,314,0,9,lane_first,tdw,balanced,False,reduction:5;reduction:10;reduction:20;reduction:39;reduction:78;reduction:157,640,1117514,715208960,,,,,,,,,,,
163,15,315,315,328,315,0,9,lane_first,tdw,balanced,False,reduction:5;reduction:10;reduction:20;reduction:39;reduction:79;reduction:157,640,1117840,715417600,,,,,,,,,,,
163,15,316,316,328,316,0,9,lane_first,tdw,balanced,False,reduction:5;reduction:10;reduction:20;reduction:39;reduction:79;reduction:158,640,1124671,719789440,,,,,,,,,,,
163,15,317,317,328,317,0,9,lane_first,tdw,balanced,False,reduction:5;reduction:10;reduction:20;reduction:40;reduction:79;reduction:158,640,1124997,719998080,,,,,,,,,,,
163,15,318,318,328,318,0,9,lane_first,tdw,balanced,False,reduction:5;reduction:10;reduction:20;reduction:40;reduction:79;reduction:159,640,1131665,724265600,,,,,,,,,,,
163,15,319,319,328,319,0,9,lane_first,tdw,balanced,False,reduction:5;reduction:10;reduction:20;reduction:40;reduction:80;reduction:159,640,1131991,724474240,,,,,,,,,,,
163,15,320,320,328,320,0,9,lane_first,tdw,balanced,False,reduction:5;reduction:10;reduction:20;reduction:40;reduction:80;reduction:160,640,1138822,728846080,,,,,,,,,,,
163,15,321,321,328,321,0,9,lane_first,tdw,balanced,False,reduction:5;reduction:10;reduction:20;reduction:40;reduction:80;reduction:160,648,1139148,738167904,,,,,,,,,,,
163,15,322,322,328,322,0,9,lane_first,tdw,balanced,False,reduction:5;reduction:10;reduction:20;reduction:40;reduction:80;reduction:161,648,1145816,742488768,,,,,,,,,,,
163,15,323,323,328,323,0,9,lane_first,tdw,balanced,False,reduction:5;reduction:10;reduction:20;reduction:40;reduction:81;reduction:161,648,1146142,742700016,,,,,,,,,,,
163,15,324,324,328,324,0,9,lane_first,tdw,balanced,False,reduction:5;reduction:10;reduction:20;reduction:40;reduction:81;reduction:162,648,1152973,747126504,,,,,,,,,,,
163,15,325,325,328,325,0,9,lane_first,tdw,balanced,False,reduction:5;reduction:10;reduction:20;reduction:41;reduction:81;reduction:162,648,1153299,747337752,,,,,,,,,,,
163,15,326,326,328,326,0,9,lane_first,tdw,balanced,False,reduction:5;reduction:10;reduction:20;reduction:41;reduction:81;reduction:163,648,1159967,751658616,,,,,,,,,,,
163,15,327,327,328,327,0,9,lane_first,tdw,balanced,False,reduction:5;reduction:10;reduction:20;reduction:41;reduction:82;reduction:163,648,1160293,751869864,,,,,,,,,,,
163,15,328,328,328,328,0,9,lane_first,tdw,balanced,False,reduction:5;reduction:10;reduction:20;reduction:41;reduction:82;reduction:164,640,1167124,746959360,,,,,,,,,,,
163,16,1,1,328,21,20,0,lane_first,tdw,balanced,False,tail:1,10224968,29058,297117120144,,,,,,,,,,,
163,16,2,2,328,22,10,1,lane_first,tdw,balanced,False,tail:2,4980664,35237,175503657368,,,,,,,,,,,
163,16,3,3,328,21,6,2,lane_first,tdw,balanced,False,tail:3,3014616,39623,119448129768,,,,,,,,,,,
163,16,4,4,328,24,5,2,lane_first,tdw,balanced,False,tail:4,2359364,47432,111909353248,,,,,,,,,,,
163,16,5,5,328,25,4,3,lane_first,tdw,balanced,False,tail:5,1835168,53448,98086059264,,,,,,,,,,,
163,16,6,6,328,24,3,3,lane_first,tdw,balanced,False,tail:6,1311872,57997,76084640384,,,,,,,,,,,
163,16,7,7,328,21,2,3,lane_first,tdw,balanced,False,tail:7,1048692,60753,63711185076,,,,,,,,,,,
163,16,8,8,328,24,2,3,lane_first,tdw,balanced,False,reduction:4;tail:8,790668,68562,54209779416,,,,,,,,,,,
163,16,9,9,328,27,2,4,lane_first,tdw,balanced,False,reduction:4;tail:9,786900,76208,59968075200,,,,,,,,,,,
163,16,10,10,328,28,2,4,lane_first,tdw,balanced,False,reduction:5;tail:8;tail:10,786676,75867,59682748092,,,,,,,,,,,
163,16,11,11,328,22,1,4,lane_first,tdw,balanced,False,reduction:5;tail:11,393412,82698,32534385576,,,,,,,,,,,
163,16,12,12,328,24,1,4,lane_first,tdw,balanced,False,reduction:6;tail:12,295116,89692,26469544272,,,,,,,,,,,
163,16,13,13,328,26,1,4,lane_first,tdw,balanced,False,reduction:6;tail:13,270556,96523,26114876788,,,,,,,,,,,
163,16,14,14,328,28,1,4,lane_first,tdw,balanced,False,tail:14,264420,103517,27371965140,,,,,,,,,,,
163,16,15,15,328,30,1,4,lane_first,tdw,balanced,False,reduction:4;tail:15,262892,110348,29009606416,,,,,,,,,,,
163,16,16,16,328,32,1,4,lane_first,tdw,balanced,False,reduction:4;reduction:8;tail:16,262640,117342,30818702880,,,,,,,,,,,
163,16,17,17,328,34,1,5,lane_first,tdw,balanced,False,reduction:4;reduction:8;tail:17,262564,124173,32603359572,,,,,,,,,,,
163,16,18,18,328,36,1,5,lane_first,tdw,balanced,False,reduction:4;reduction:9;tail:18,262512,131167,34432911504,,,,,,,,,,,
163,16,19,19,328,38,1,5,lane_first,tdw,balanced,False,reduction:5;reduction:9;tail:19,262492,137998,36223371016,,,,,,,,,,,
163,16,20,20,328,28,1,5,lane_first,tdw,balanced,False,reduction:5;reduction:10;tail:8,262464,84017,22051437888,,,,,,,,,,,
163,16,21,21,328,21,0,5,lane_first,tdw,balanced,False,reduction:5;reduction:10,262408,77823,20421377784,,,,,,,,,,,
163,16,22,22,328,22,0,5,lane_first,tdw,balanced,False,reduction:5;reduction:11,131336,84491,11096709976,,,,,,,,,,,
163,16,23,23,328,23,0,5,lane_first,tdw,balanced,False,reduction:6;reduction:11,131336,84817,11139525512,,,,,,,,,,,
163,16,24,24,328,24,0,5,lane_first,tdw,balanced,False,reduction:6;reduction:12,65800,91648,6030438400,,,,,,,,,,,
163,16,25,25,328,25,0,5,lane_first,tdw,balanced,False,reduction:6;reduction:12,65808,91974,6052624992,,,,,,,,,,,
163,16,26,26,328,26,0,5,lane_first,tdw,balanced,False,reduction:6;reduction:13,33040,98642,3259131680,,,,,,,,,,,
163,16,27,27,328,27,0,5,lane_first,tdw,balanced,False,reduction:13,33040,98968,3269902720,,,,,,,,,,,
163,16,28,28,328,28,0,5,lane_first,tdw,balanced,True,,16656,105799,1762188144,990952,281253180,105799,16656,383894,40615601306,1762188144,27386,h_u=2n,module_barriers,balanced_clean_arithmetic_retain_copied_outputs
163,16,29,29,328,29,0,5,lane_first,tdw,balanced,False,reduction:4,16656,106125,1767618000,,,,,,,,,,,
163,16,30,30,328,30,0,5,lane_first,tdw,balanced,False,reduction:4;reduction:15,8464,112793,954679952,,,,,,,,,,,
163,16,31,31,328,31,0,5,lane_first,tdw,balanced,False,reduction:4;reduction:8;reduction:15,8464,113119,957439216,,,,,,,,,,,
163,16,32,32,328,32,0,5,lane_first,tdw,balanced,False,reduction:4;reduction:8;reduction:16,8464,119950,1015256800,,,,,,,,,,,
163,16,33,33,328,33,0,6,lane_first,tdw,balanced,False,reduction:4;reduction:8;reduction:16,4408,120276,530176608,,,,,,,,,,,
163,16,34,34,328,34,0,6,lane_first,tdw,balanced,False,reduction:4;reduction:8;reduction:17,4416,126944,560584704,,,,,,,,,,,
163,16,35,35,328,35,0,6,lane_first,tdw,balanced,False,reduction:4;reduction:9;reduction:17,4424,127270,563042480,,,,,,,,,,,
163,16,36,36,328,36,0,6,lane_first,tdw,balanced,False,reduction:4;reduction:9;reduction:18,4424,134101,593262824,,,,,,,,,,,
163,16,37,37,328,37,0,6,lane_first,tdw,balanced,False,reduction:5;reduction:9;reduction:18,2384,134427,320473968,,,,,,,,,,,
163,16,38,38,328,38,0,6,lane_first,tdw,balanced,False,reduction:5;reduction:9;reduction:19,2384,141095,336370480,,,,,,,,,,,
163,16,39,39,328,39,0,6,lane_first,tdw,balanced,False,reduction:5;reduction:10;reduction:19,2384,141421,337147664,,,,,,,,,,,
163,16,40,40,328,40,0,6,lane_first,tdw,balanced,False,reduction:5;reduction:10;reduction:20,2384,148252,353432768,,,,,,,,,,,
163,16,41,41,328,41,0,6,lane_first,tdw,balanced,False,reduction:5;reduction:10;reduction:20,1368,148578,203254704,,,,,,,,,,,
163,16,42,42,328,42,0,6,lane_first,tdw,balanced,False,reduction:5;reduction:10;reduction:21,1368,155246,212376528,,,,,,,,,,,
163,16,43,43,328,43,0,6,lane_first,tdw,balanced,False,reduction:5;reduction:11;reduction:21,1368,155572,212822496,,,,,,,,,,,
163,16,44,44,328,44,0,6,lane_first,tdw,balanced,False,reduction:5;reduction:11;reduction:22,1368,162403,222167304,,,,,,,,,,,
163,16,45,45,328,45,0,6,lane_first,tdw,balanced,False,reduction:6;reduction:11;reduction:22,1368,162729,222613272,,,,,,,,,,,
163,16,46,46,328,46,0,6,lane_first,tdw,balanced,False,reduction:6;reduction:11;reduction:23,1368,169397,231735096,,,,,,,,,,,
163,16,47,47,328,47,0,6,lane_first,tdw,balanced,False,reduction:6;reduction:12;reduction:23,856,169723,145282888,,,,,,,,,,,
163,16,48,48,328,48,0,6,lane_first,tdw,balanced,False,reduction:6;reduction:12;reduction:24,856,176554,151130224,,,,,,,,,,,
163,16,49,49,328,49,0,6,lane_first,tdw,balanced,False,reduction:6;reduction:12;reduction:24,864,176880,152824320,,,,,,,,,,,
163,16,50,50,328,50,0,6,lane_first,tdw,balanced,False,reduction:6;reduction:12;reduction:25,864,183548,158585472,,,,,,,,,,,
163,16,51,51,328,51,0,6,lane_first,tdw,balanced,False,reduction:6;reduction:13;reduction:25,864,183874,158867136,,,,,,,,,,,
163,16,52,52,328,52,0,6,lane_first,tdw,balanced,False,reduction:6;reduction:13;reduction:26,864,190705,164769120,,,,,,,,,,,
163,16,53,53,328,53,0,6,lane_first,tdw,balanced,False,reduction:13;reduction:26,864,191031,165050784,,,,,,,,,,,
163,16,54,54,328,54,0,6,lane_first,tdw,balanced,False,reduction:13,864,197699,170811936,,,,,,,,,,,
163,16,55,55,328,55,0,6,lane_first,tdw,balanced,True,,608,198025,120399200,1122328,167316138,198025,608,264098,52298006450,120399200,53792,h_u=2n,module_barriers,balanced_clean_arithmetic_retain_copied_outputs
163,16,56,56,328,56,0,6,lane_first,tdw,balanced,False,reduction:28,608,204856,124552448,,,,,,,,,,,
163,16,57,57,328,57,0,6,lane_first,tdw,balanced,False,reduction:4;reduction:28,608,205182,124750656,,,,,,,,,,,
163,16,58,58,328,58,0,6,lane_first,tdw,balanced,False,reduction:4;reduction:29,608,211850,128804800,,,,,,,,,,,
163,16,59,59,328,59,0,6,lane_first,tdw,balanced,False,reduction:4;reduction:15;reduction:29,608,212176,129003008,,,,,,,,,,,
163,16,60,60,328,60,0,6,lane_first,tdw,balanced,False,reduction:4;reduction:15;reduction:30,608,219007,133156256,,,,,,,,,,,
163,16,61,61,328,61,0,6,lane_first,tdw,balanced,False,reduction:4;reduction:8;reduction:15;reduction:30,608,219333,133354464,,,,,,,,,,,
163,16,62,62,328,62,0,6,lane_first,tdw,balanced,False,reduction:4;reduction:8;reduction:15;reduction:31,608,226001,137408608,,,,,,,,,,,
163,16,63,63,328,63,0,6,lane_first,tdw,balanced,False,reduction:4;reduction:8;reduction:16;reduction:31,608,226327,137606816,,,,,,,,,,,
163,16,64,64,328,64,0,6,lane_first,tdw,balanced,False,reduction:4;reduction:8;reduction:16;reduction:32,608,233158,141760064,,,,,,,,,,,
163,16,65,65,328,65,0,7,lane_first,tdw,balanced,False,reduction:4;reduction:8;reduction:16;reduction:32,648,233484,151297632,,,,,,,,,,,
163,16,66,66,328,66,0,7,lane_first,tdw,balanced,False,reduction:4;reduction:8;reduction:16;reduction:33,528,240152,126800256,,,,,,,,,,,
163,16,67,67,328,67,0,7,lane_first,tdw,balanced,False,reduction:4;reduction:8;reduction:17;reduction:33,536,240478,128896208,,,,,,,,,,,
163,16,68,68,328,68,0,7,lane_first,tdw,balanced,False,reduction:4;reduction:8;reduction:17;reduction:34,536,247309,132557624,,,,,,,,,,,
163,16,69,69,328,69,0,7,lane_first,tdw,balanced,False,reduction:4;reduction:9;reduction:17;reduction:34,544,247635,134713440,,,,,,,,,,,
163,16,70,70,328,70,0,7,lane_first,tdw,balanced,False,reduction:4;reduction:9;reduction:17;reduction:35,544,254303,138340832,,,,,,,,,,,
163,16,71,71,328,71,0,7,lane_first,tdw,balanced,False,reduction:4;reduction:9;reduction:18;reduction:35,544,254629,138518176,,,,,,,,,,,
163,16,72,72,328,72,0,7,lane_first,tdw,balanced,False,reduction:4;reduction:9;reduction:18;reduction:36,544,261460,142234240,,,,,,,,,,,
163,16,73,73,328,73,0,7,lane_first,tdw,balanced,False,reduction:5;reduction:9;reduction:18;reduction:36,552,261786,144505872,,,,,,,,,,,
163,16,74,74,328,74,0,7,lane_first,tdw,balanced,False,reduction:5;reduction:9;reduction:18;reduction:37,552,268454,148186608,,,,,,,,,,,
163,16,75,75,328,75,0,7,lane_first,tdw,balanced,False,reduction:5;reduction:9;reduction:19;reduction:37,552,268780,148366560,,,,,,,,,,,
163,16,76,76,328,76,0,7,lane_first,tdw,balanced,False,reduction:5;reduction:9;reduction:19;reduction:38,552,275611,152137272,,,,,,,,,,,
163,16,77,77,328,77,0,7,lane_first,tdw,balanced,False,reduction:5;reduction:10;reduction:19;reduction:38,552,275937,152317224,,,,,,,,,,,
163,16,78,78,328,78,0,7,lane_first,tdw,balanced,False,reduction:5;reduction:10;reduction:19;reduction:39,552,282605,155997960,,,,,,,,,,,
163,16,79,79,328,79,0,7,lane_first,tdw,balanced,False,reduction:5;reduction:10;reduction:20;reduction:39,552,282931,156177912,,,,,,,,,,,
163,16,80,80,328,80,0,7,lane_first,tdw,balanced,False,reduction:5;reduction:10;reduction:20;reduction:40,552,289762,159948624,,,,,,,,,,,
163,16,81,81,328,81,0,7,lane_first,tdw,balanced,False,reduction:5;reduction:10;reduction:20;reduction:40,560,290088,162449280,,,,,,,,,,,
163,16,82,82,328,82,0,7,lane_first,tdw,balanced,False,reduction:5;reduction:10;reduction:20;reduction:41,496,296756,147190976,,,,,,,,,,,
163,16,83,83,328,83,0,7,lane_first,tdw,balanced,False,reduction:5;reduction:10;reduction:21;reduction:41,496,297082,147352672,,,,,,,,,,,
163,16,84,84,328,84,0,7,lane_first,tdw,balanced,False,reduction:5;reduction:10;reduction:21;reduction:42,496,303913,150740848,,,,,,,,,,,
163,16,85,85,328,85,0,7,lane_first,tdw,balanced,False,reduction:5;reduction:11;reduction:21;reduction:42,496,304239,150902544,,,,,,,,,,,
163,16,86,86,328,86,0,7,lane_first,tdw,balanced,False,reduction:5;reduction:11;reduction:21;reduction:43,496,310907,154209872,,,,,,,,,,,
163,16,87,87,328,87,0,7,lane_first,tdw,balanced,False,reduction:5;reduction:11;reduction:22;reduction:43,496,311233,154371568,,,,,,,,,,,
163,16,88,88,328,88,0,7,lane_first,tdw,balanced,False,reduction:5;reduction:11;reduction:22;reduction:44,496,318064,157759744,,,,,,,,,,,
163,16,89,89,328,89,0,7,lane_first,tdw,balanced,False,reduction:6;reduction:11;reduction:22;reduction:44,496,318390,157921440,,,,,,,,,,,
163,16,90,90,328,90,0,7,lane_first,tdw,balanced,False,reduction:6;reduction:11;reduction:22;reduction:45,496,325058,161228768,,,,,,,,,,,
163,16,91,91,328,91,0,7,lane_first,tdw,balanced,False,reduction:6;reduction:11;reduction:23;reduction:45,496,325384,161390464,,,,,,,,,,,
163,16,92,92,328,92,0,7,lane_first,tdw,balanced,False,reduction:6;reduction:11;reduction:23;reduction:46,496,332215,164778640,,,,,,,,,,,
163,16,93,93,328,93,0,7,lane_first,tdw,balanced,False,reduction:6;reduction:12;reduction:23;reduction:46,496,332541,164940336,,,,,,,,,,,
163,16,94,94,328,94,0,7,lane_first,tdw,balanced,False,reduction:6;reduction:12;reduction:23;reduction:47,496,339209,168247664,,,,,,,,,,,
163,16,95,95,328,95,0,7,lane_first,tdw,balanced,False,reduction:6;reduction:12;reduction:24;reduction:47,496,339535,168409360,,,,,,,,,,,
163,16,96,96,328,96,0,7,lane_first,tdw,balanced,False,reduction:6;reduction:12;reduction:24;reduction:48,496,346366,171797536,,,,,,,,,,,
163,16,97,97,328,97,0,7,lane_first,tdw,balanced,False,reduction:6;reduction:12;reduction:24;reduction:48,504,346692,174732768,,,,,,,,,,,
163,16,98,98,328,98,0,7,lane_first,tdw,balanced,False,reduction:6;reduction:12;reduction:24;reduction:49,504,353360,178093440,,,,,,,,,,,
163,16,99,99,328,99,0,7,lane_first,tdw,balanced,False,reduction:6;reduction:12;reduction:25;reduction:49,504,353686,178257744,,,,,,,,,,,
163,16,100,100,328,100,0,7,lane_first,tdw,balanced,False,reduction:6;reduction:12;reduction:25;reduction:50,504,360517,181700568,,,,,,,,,,,
163,16,101,101,328,101,0,7,lane_first,tdw,balanced,False,reduction:6;reduction:13;reduction:25;reduction:50,504,360843,181864872,,,,,,,,,,,
163,16,102,102,328,102,0,7,lane_first,tdw,balanced,False,reduction:6;reduction:13;reduction:25;reduction:51,504,367511,185225544,,,,,,,,,,,
163,16,103,103,328,103,0,7,lane_first,tdw,balanced,False,reduction:6;reduction:13;reduction:26;reduction:51,504,367837,185389848,,,,,,,,,,,
163,16,104,104,328,104,0,7,lane_first,tdw,balanced,False,reduction:6;reduction:13;reduction:26;reduction:52,504,374668,188832672,,,,,,,,,,,
163,16,105,105,328,105,0,7,lane_first,tdw,balanced,False,reduction:13;reduction:26;reduction:52,504,374994,188996976,,,,,,,,,,,
163,16,106,106,328,106,0,7,lane_first,tdw,balanced,False,reduction:13;reduction:26;reduction:53,504,381662,192357648,,,,,,,,,,,
163,16,107,107,328,107,0,7,lane_first,tdw,balanced,False,reduction:13;reduction:53,504,381988,192521952,,,,,,,,,,,
163,16,108,108,328,108,0,7,lane_first,tdw,balanced,False,reduction:13;reduction:54,504,388819,195964776,,,,,,,,,,,
163,16,109,109,328,109,0,7,lane_first,tdw,balanced,False,reduction:54,504,389145,196129080,,,,,,,,,,,
163,16,110,110,328,110,0,7,lane_first,tdw,balanced,False,reduction:55,472,395813,186823736,,,,,,,,,,,
163,16,111,111,328,111,0,7,lane_first,tdw,balanced,False,reduction:28;reduction:55,472,396139,186977608,,,,,,,,,,,
163,16,112,112,328,112,0,7,lane_first,tdw,balanced,False,reduction:28;reduction:56,472,402970,190201840,,,,,,,,,,,
163,16,113,113,328,113,0,7,lane_first,tdw,balanced,False,reduction:4;reduction:28;reduction:56,472,403296,190355712,,,,,,,,,,,
163,16,114,114,328,114,0,7,lane_first,tdw,balanced,False,reduction:4;reduction:28;reduction:57,472,409964,193503008,,,,,,,,,,,
163,16,115,115,328,115,0,7,lane_first,tdw,balanced,False,reduction:4;reduction:29;reduction:57,472,410290,193656880,,,,,,,,,,,
163,16,116,116,328,116,0,7,lane_first,tdw,balanced,False,reduction:4;reduction:29;reduction:58,472,417121,196881112,,,,,,,,,,,
163,16,117,117,328,117,0,7,lane_first,tdw,balanced,False,reduction:4;reduction:15;reduction:29;reduction:58,472,417447,197034984,,,,,,,,,,,
163,16,118,118,328,118,0,7,lane_first,tdw,balanced,False,reduction:4;reduction:15;reduction:29;reduction:59,472,424115,200182280,,,,,,,,,,,
163,16,119,119,328,119,0,7,lane_first,tdw,balanced,False,reduction:4;reduction:15;reduction:30;reduction:59,472,424441,200336152,,,,,,,,,,,
163,16,120,120,328,120,0,7,lane_first,tdw,balanced,False,reduction:4;reduction:15;reduction:30;reduction:60,472,431272,203560384,,,,,,,,,,,
163,16,121,121,328,121,0,7,lane_first,tdw,balanced,False,reduction:4;reduction:8;reduction:15;reduction:30;reduction:60,472,431598,203714256,,,,,,,,,,,
163,16,122,122,328,122,0,7,lane_first,tdw,balanced,False,reduction:4;reduction:8;reduction:15;reduction:30;reduction:61,472,438266,206861552,,,,,,,,,,,
163,16,123,123,328,123,0,7,lane_first,tdw,balanced,False,reduction:4;reduction:8;reduction:15;reduction:31;reduction:61,472,438592,207015424,,,,,,,,,,,
163,16,124,124,328,124,0,7,lane_first,tdw,balanced,False,reduction:4;reduction:8;reduction:15;reduction:31;reduction:62,472,445423,210239656,,,,,,,,,,,
163,16,125,125,328,125,0,7,lane_first,tdw,balanced,False,reduction:4;reduction:8;reduction:16;reduction:31;reduction:62,472,445749,210393528,,,,,,,,,,,
163,16,126,126,328,126,0,7,lane_first,tdw,balanced,False,reduction:4;reduction:8;reduction:16;reduction:31;reduction:63,472,452417,213540824,,,,,,,,,,,
163,16,127,127,328,127,0,7,lane_first,tdw,balanced,False,reduction:4;reduction:8;reduction:16;reduction:32;reduction:63,472,452743,213694696,,,,,,,,,,,
163,16,128,128,328,128,0,7,lane_first,tdw,balanced,False,reduction:4;reduction:8;reduction:16;reduction:32;reduction:64,472,459574,216918928,,,,,,,,,,,
163,16,129,129,328,129,0,8,lane_first,tdw,balanced,False,reduction:4;reduction:8;reduction:16;reduction:32;reduction:64,512,459900,235468800,,,,,,,,,,,
163,16,130,130,328,130,0,8,lane_first,tdw,balanced,False,reduction:4;reduction:8;reduction:16;reduction:32;reduction:65,520,466568,242615360,,,,,,,,,,,
163,16,131,131,328,131,0,8,lane_first,tdw,balanced,False,reduction:4;reduction:8;reduction:16;reduction:33;reduction:65,528,466894,246520032,,,,,,,,,,,
163,16,132,132,328,132,0,8,lane_first,tdw,balanced,False,reduction:4;reduction:8;reduction:16;reduction:33;reduction:66,528,473725,250126800,,,,,,,,,,,
163,16,133,133,328,133,0,8,lane_first,tdw,balanced,False,reduction:4;reduction:8;reduction:17;reduction:33;reduction:66,536,474051,254091336,,,,,,,,,,,
163,16,134,134,328,134,0,8,lane_first,tdw,balanced,False,reduction:4;reduction:8;reduction:17;reduction:33;reduction:67,536,480719,257665384,,,,,,,,,,,
163,16,135,135,328,135,0,8,lane_first,tdw,balanced,False,reduction:4;reduction:8;reduction:17;reduction:34;reduction:67,536,481045,257840120,,,,,,,,,,,
163,16,136,136,328,136,0,8,lane_first,tdw,balanced,False,reduction:4;reduction:8;reduction:17;reduction:34;reduction:68,536,487876,261501536,,,,,,,,,,,
163,16,137,137,328,137,0,8,lane_first,tdw,balanced,False,reduction:4;reduction:9;reduction:17;reduction:34;reduction:68,544,488202,265581888,,,,,,,,,,,
163,16,138,138,328,138,0,8,lane_first,tdw,balanced,False,reduction:4;reduction:9;reduction:17;reduction:34;reduction:69,544,494870,269209280,,,,,,,,,,,
163,16,139,139,328,139,0,8,lane_first,tdw,balanced,False,reduction:4;reduction:9;reduction:17;reduction:35;reduction:69,544,495196,269386624,,,,,,,,,,,
163,16,140,140,328,140,0,8,lane_first,tdw,balanced,False,reduction:4;reduction:9;reduction:17;reduction:35;reduction:70,544,502027,273102688,,,,,,,,,,,
163,16,141,141,328,141,0,8,lane_first,tdw,balanced,False,reduction:4;reduction:9;reduction:18;reduction:35;reduction:70,544,502353,273280032,,,,,,,,,,,
163,16,142,142,328,142,0,8,lane_first,tdw,balanced,False,reduction:4;reduction:9;reduction:18;reduction:35;reduction:71,544,509021,276907424,,,,,,,,,,,
163,16,143,143,328,143,0,8,lane_first,tdw,balanced,False,reduction:4;reduction:9;reduction:18;reduction:36;reduction:71,544,509347,277084768,,,,,,,,,,,
163,16,144,144,328,144,0,8,lane_first,tdw,balanced,False,reduction:4;reduction:9;reduction:18;reduction:36;reduction:72,544,516178,280800832,,,,,,,,,,,
163,16,145,145,328,145,0,8,lane_first,tdw,balanced,False,reduction:5;reduction:9;reduction:18;reduction:36;reduction:72,552,516504,285110208,,,,,,,,,,,
163,16,146,146,328,146,0,8,lane_first,tdw,balanced,False,reduction:5;reduction:9;reduction:18;reduction:36;reduction:73,552,523172,288790944,,,,,,,,,,,
163,16,147,147,328,147,0,8,lane_first,tdw,balanced,False,reduction:5;reduction:9;reduction:18;reduction:37;reduction:73,552,523498,288970896,,,,,,,,,,,
163,16,148,148,328,148,0,8,lane_first,tdw,balanced,False,reduction:5;reduction:9;reduction:18;reduction:37;reduction:74,552,530329,292741608,,,,,,,,,,,
163,16,149,149,328,149,0,8,lane_first,tdw,balanced,False,reduction:5;reduction:9;reduction:19;reduction:37;reduction:74,552,530655,292921560,,,,,,,,,,,
163,16,150,150,328,150,0,8,lane_first,tdw,balanced,False,reduction:5;reduction:9;reduction:19;reduction:37;reduction:75,552,537323,296602296,,,,,,,,,,,
163,16,151,151,328,151,0,8,lane_first,tdw,balanced,False,reduction:5;reduction:9;reduction:19;reduction:38;reduction:75,552,537649,296782248,,,,,,,,,,,
163,16,152,152,328,152,0,8,lane_first,tdw,balanced,False,reduction:5;reduction:9;reduction:19;reduction:38;reduction:76,552,544480,300552960,,,,,,,,,,,
163,16,153,153,328,153,0,8,lane_first,tdw,balanced,False,reduction:5;reduction:10;reduction:19;reduction:38;reduction:76,552,544806,300732912,,,,,,,,,,,
163,16,154,154,328,154,0,8,lane_first,tdw,balanced,False,reduction:5;reduction:10;reduction:19;reduction:38;reduction:77,552,551474,304413648,,,,,,,,,,,
163,16,155,155,328,155,0,8,lane_first,tdw,balanced,False,reduction:5;reduction:10;reduction:19;reduction:39;reduction:77,552,551800,304593600,,,,,,,,,,,
163,16,156,156,328,156,0,8,lane_first,tdw,balanced,False,reduction:5;reduction:10;reduction:19;reduction:39;reduction:78,552,558631,308364312,,,,,,,,,,,
163,16,157,157,328,157,0,8,lane_first,tdw,balanced,False,reduction:5;reduction:10;reduction:20;reduction:39;reduction:78,552,558957,308544264,,,,,,,,,,,
163,16,158,158,328,158,0,8,lane_first,tdw,balanced,False,reduction:5;reduction:10;reduction:20;reduction:39;reduction:79,552,565625,312225000,,,,,,,,,,,
163,16,159,159,328,159,0,8,lane_first,tdw,balanced,False,reduction:5;reduction:10;reduction:20;reduction:40;reduction:79,552,565951,312404952,,,,,,,,,,,
163,16,160,160,328,160,0,8,lane_first,tdw,balanced,False,reduction:5;reduction:10;reduction:20;reduction:40;reduction:80,552,572782,316175664,,,,,,,,,,,
163,16,161,161,328,161,0,8,lane_first,tdw,balanced,False,reduction:5;reduction:10;reduction:20;reduction:40;reduction:80,560,573108,320940480,,,,,,,,,,,
163,16,162,162,328,162,0,8,lane_first,tdw,balanced,False,reduction:5;reduction:10;reduction:20;reduction:40;reduction:81,560,579776,324674560,,,,,,,,,,,
163,16,163,163,328,163,0,8,lane_first,tdw,balanced,False,reduction:5;reduction:10;reduction:20;reduction:41;reduction:81,560,580102,324857120,,,,,,,,,,,
163,16,164,164,328,164,0,8,lane_first,tdw,balanced,False,reduction:5;reduction:10;reduction:20;reduction:41;reduction:82,544,586933,319291552,,,,,,,,,,,
163,16,165,165,328,165,0,8,lane_first,tdw,balanced,False,reduction:5;reduction:10;reduction:21;reduction:41;reduction:82,544,587259,319468896,,,,,,,,,,,
163,16,166,166,328,166,0,8,lane_first,tdw,balanced,False,reduction:5;reduction:10;reduction:21;reduction:41;reduction:83,544,593927,323096288,,,,,,,,,,,
163,16,167,167,328,167,0,8,lane_first,tdw,balanced,False,reduction:5;reduction:10;reduction:21;reduction:42;reduction:83,544,594253,323273632,,,,,,,,,,,
163,16,168,168,328,168,0,8,lane_first,tdw,balanced,False,reduction:5;reduction:10;reduction:21;reduction:42;reduction:84,544,601084,326989696,,,,,,,,,,,
163,16,169,169,328,169,0,8,lane_first,tdw,balanced,False,reduction:5;reduction:11;reduction:21;reduction:42;reduction:84,544,601410,327167040,,,,,,,,,,,
163,16,170,170,328,170,0,8,lane_first,tdw,balanced,False,reduction:5;reduction:11;reduction:21;reduction:42;reduction:85,544,608078,330794432,,,,,,,,,,,
163,16,171,171,328,171,0,8,lane_first,tdw,balanced,False,reduction:5;reduction:11;reduction:21;reduction:43;reduction:85,544,608404,330971776,,,,,,,,,,,
163,16,172,172,328,172,0,8,lane_first,tdw,balanced,False,reduction:5;reduction:11;reduction:21;reduction:43;reduction:86,544,615235,334687840,,,,,,,,,,,
163,16,173,173,328,173,0,8,lane_first,tdw,balanced,False,reduction:5;reduction:11;reduction:22;reduction:43;reduction:86,544,615561,334865184,,,,,,,,,,,
163,16,174,174,328,174,0,8,lane_first,tdw,balanced,False,reduction:5;reduction:11;reduction:22;reduction:43;reduction:87,544,622229,338492576,,,,,,,,,,,
163,16,175,175,328,175,0,8,lane_first,tdw,balanced,False,reduction:5;reduction:11;reduction:22;reduction:44;reduction:87,544,622555,338669920,,,,,,,,,,,
163,16,176,176,328,176,0,8,lane_first,tdw,balanced,False,reduction:5;reduction:11;reduction:22;reduction:44;reduction:88,544,629386,342385984,,,,,,,,,,,
163,16,177,177,328,177,0,8,lane_first,tdw,balanced,False,reduction:6;reduction:11;reduction:22;reduction:44;reduction:88,544,629712,342563328,,,,,,,,,,,
163,16,178,178,328,178,0,8,lane_first,tdw,balanced,False,reduction:6;reduction:11;reduction:22;reduction:44;reduction:89,544,636380,346190720,,,,,,,,,,,
163,16,179,179,328,179,0,8,lane_first,tdw,balanced,False,reduction:6;reduction:11;reduction:22;reduction:45;reduction:89,544,636706,346368064,,,,,,,,,,,
163,16,180,180,328,180,0,8,lane_first,tdw,balanced,False,reduction:6;reduction:11;reduction:22;reduction:45;reduction:90,544,643537,350084128,,,,,,,,,,,
163,16,181,181,328,181,0,8,lane_first,tdw,balanced,False,reduction:6;reduction:11;reduction:23;reduction:45;reduction:90,544,643863,350261472,,,,,,,,,,,
163,16,182,182,328,182,0,8,lane_first,tdw,balanced,False,reduction:6;reduction:11;reduction:23;reduction:45;reduction:91,544,650531,353888864,,,,,,,,,,,
163,16,183,183,328,183,0,8,lane_first,tdw,balanced,False,reduction:6;reduction:11;reduction:23;reduction:46;reduction:91,544,650857,354066208,,,,,,,,,,,
163,16,184,184,328,184,0,8,lane_first,tdw,balanced,False,reduction:6;reduction:11;reduction:23;reduction:46;reduction:92,544,657688,357782272,,,,,,,,,,,
163,16,185,185,328,185,0,8,lane_first,tdw,balanced,False,reduction:6;reduction:12;reduction:23;reduction:46;reduction:92,544,658014,357959616,,,,,,,,,,,
163,16,186,186,328,186,0,8,lane_first,tdw,balanced,False,reduction:6;reduction:12;reduction:23;reduction:46;reduction:93,544,664682,361587008,,,,,,,,,,,
163,16,187,187,328,187,0,8,lane_first,tdw,balanced,False,reduction:6;reduction:12;reduction:23;reduction:47;reduction:93,544,665008,361764352,,,,,,,,,,,
163,16,188,188,328,188,0,8,lane_first,tdw,balanced,False,reduction:6;reduction:12;reduction:23;reduction:47;reduction:94,544,671839,365480416,,,,,,,,,,,
163,16,189,189,328,189,0,8,lane_first,tdw,balanced,False,reduction:6;reduction:12;reduction:24;reduction:47;reduction:94,544,672165,365657760,,,,,,,,,,,
163,16,190,190,328,190,0,8,lane_first,tdw,balanced,False,reduction:6;reduction:12;reduction:24;reduction:47;reduction:95,544,678833,369285152,,,,,,,,,,,
163,16,191,191,328,191,0,8,lane_first,tdw,balanced,False,reduction:6;reduction:12;reduction:24;reduction:48;reduction:95,544,679159,369462496,,,,,,,,,,,
163,16,192,192,328,192,0,8,lane_first,tdw,balanced,False,reduction:6;reduction:12;reduction:24;reduction:48;reduction:96,544,685990,373178560,,,,,,,,,,,
163,16,193,193,328,193,0,8,lane_first,tdw,balanced,False,reduction:6;reduction:12;reduction:24;reduction:48;reduction:96,552,686316,378846432,,,,,,,,,,,
163,16,194,194,328,194,0,8,lane_first,tdw,balanced,False,reduction:6;reduction:12;reduction:24;reduction:48;reduction:97,552,692984,382527168,,,,,,,,,,,
163,16,195,195,328,195,0,8,lane_first,tdw,balanced,False,reduction:6;reduction:12;reduction:24;reduction:49;reduction:97,552,693310,382707120,,,,,,,,,,,
163,16,196,196,328,196,0,8,lane_first,tdw,balanced,False,reduction:6;reduction:12;reduction:24;reduction:49;reduction:98,552,700141,386477832,,,,,,,,,,,
163,16,197,197,328,197,0,8,lane_first,tdw,balanced,False,reduction:6;reduction:12;reduction:25;reduction:49;reduction:98,552,700467,386657784,,,,,,,,,,,
163,16,198,198,328,198,0,8,lane_first,tdw,balanced,False,reduction:6;reduction:12;reduction:25;reduction:49;reduction:99,552,707135,390338520,,,,,,,,,,,
163,16,199,199,328,199,0,8,lane_first,tdw,balanced,False,reduction:6;reduction:12;reduction:25;reduction:50;reduction:99,552,707461,390518472,,,,,,,,,,,
163,16,200,200,328,200,0,8,lane_first,tdw,balanced,False,reduction:6;reduction:12;reduction:25;reduction:50;reduction:100,552,714292,394289184,,,,,,,,,,,
163,16,201,201,328,201,0,8,lane_first,tdw,balanced,False,reduction:6;reduction:13;reduction:25;reduction:50;reduction:100,552,714618,394469136,,,,,,,,,,,
163,16,202,202,328,202,0,8,lane_first,tdw,balanced,False,reduction:6;reduction:13;reduction:25;reduction:50;reduction:101,552,721286,398149872,,,,,,,,,,,
163,16,203,203,328,203,0,8,lane_first,tdw,balanced,False,reduction:6;reduction:13;reduction:25;reduction:51;reduction:101,552,721612,398329824,,,,,,,,,,,
163,16,204,204,328,204,0,8,lane_first,tdw,balanced,False,reduction:6;reduction:13;reduction:25;reduction:51;reduction:102,552,728443,402100536,,,,,,,,,,,
163,16,205,205,328,205,0,8,lane_first,tdw,balanced,False,reduction:6;reduction:13;reduction:26;reduction:51;reduction:102,552,728769,402280488,,,,,,,,,,,
163,16,206,206,328,206,0,8,lane_first,tdw,balanced,False,reduction:6;reduction:13;reduction:26;reduction:51;reduction:103,552,735437,405961224,,,,,,,,,,,
163,16,207,207,328,207,0,8,lane_first,tdw,balanced,False,reduction:6;reduction:13;reduction:26;reduction:52;reduction:103,552,735763,406141176,,,,,,,,,,,
163,16,208,208,328,208,0,8,lane_first,tdw,balanced,False,reduction:6;reduction:13;reduction:26;reduction:52;reduction:104,552,742594,409911888,,,,,,,,,,,
163,16,209,209,328,209,0,8,lane_first,tdw,balanced,False,reduction:13;reduction:26;reduction:52;reduction:104,552,742920,410091840,,,,,,,,,,,
163,16,210,210,328,210,0,8,lane_first,tdw,balanced,False,reduction:13;reduction:26;reduction:52;reduction:105,552,749588,413772576,,,,,,,,,,,
163,16,211,211,328,211,0,8,lane_first,tdw,balanced,False,reduction:13;reduction:26;reduction:53;reduction:105,552,749914,413952528,,,,,,,,,,,
163,16,212,212,328,212,0,8,lane_first,tdw,balanced,False,reduction:13;reduction:26;reduction:53;reduction:106,552,756745,417723240,,,,,,,,,,,
163,16,213,213,328,213,0,8,lane_first,tdw,balanced,False,reduction:13;reduction:53;reduction:106,552,757071,417903192,,,,,,,,,,,
163,16,214,214,328,214,0,8,lane_first,tdw,balanced,False,reduction:13;reduction:53;reduction:107,552,763739,421583928,,,,,,,,,,,
163,16,215,215,328,215,0,8,lane_first,tdw,balanced,False,reduction:13;reduction:54;reduction:107,552,764065,421763880,,,,,,,,,,,
163,16,216,216,328,216,0,8,lane_first,tdw,balanced,False,reduction:13;reduction:54;reduction:108,552,770896,425534592,,,,,,,,,,,
163,16,217,217,328,217,0,8,lane_first,tdw,balanced,False,reduction:54;reduction:108,552,771222,425714544,,,,,,,,,,,
163,16,218,218,328,218,0,8,lane_first,tdw,balanced,False,reduction:54;reduction:109,552,777890,429395280,,,,,,,,,,,
163,16,219,219,328,219,0,8,lane_first,tdw,balanced,False,reduction:55;reduction:109,552,778216,429575232,,,,,,,,,,,
163,16,220,220,328,220,0,8,lane_first,tdw,balanced,False,reduction:55;reduction:110,552,785047,433345944,,,,,,,,,,,
163,16,221,221,328,221,0,8,lane_first,tdw,balanced,False,reduction:28;reduction:55;reduction:110,552,785373,433525896,,,,,,,,,,,
163,16,222,222,328,222,0,8,lane_first,tdw,balanced,False,reduction:28;reduction:55;reduction:111,552,792041,437206632,,,,,,,,,,,
163,16,223,223,328,223,0,8,lane_first,tdw,balanced,False,reduction:28;reduction:56;reduction:111,552,792367,437386584,,,,,,,,,,,
163,16,224,224,328,224,0,8,lane_first,tdw,balanced,False,reduction:28;reduction:56;reduction:112,552,799198,441157296,,,,,,,,,,,
163,16,225,225,328,225,0,8,lane_first,tdw,balanced,False,reduction:4;reduction:28;reduction:56;reduction:112,552,799524,441337248,,,,,,,,,,,
163,16,226,226,328,226,0,8,lane_first,tdw,balanced,False,reduction:4;reduction:28;reduction:56;reduction:113,552,806192,445017984,,,,,,,,,,,
163,16,227,227,328,227,0,8,lane_first,tdw,balanced,False,reduction:4;reduction:28;reduction:57;reduction:113,552,806518,445197936,,,,,,,,,,,
163,16,228,228,328,228,0,8,lane_first,tdw,balanced,False,reduction:4;reduction:28;reduction:57;reduction:114,552,813349,448968648,,,,,,,,,,,
163,16,229,229,328,229,0,8,lane_first,tdw,balanced,False,reduction:4;reduction:29;reduction:57;reduction:114,552,813675,449148600,,,,,,,,,,,
163,16,230,230,328,230,0,8,lane_first,tdw,balanced,False,reduction:4;reduction:29;reduction:57;reduction:115,552,820343,452829336,,,,,,,,,,,
163,16,231,231,328,231,0,8,lane_first,tdw,balanced,False,reduction:4;reduction:29;reduction:58;reduction:115,552,820669,453009288,,,,,,,,,,,
163,16,232,232,328,232,0,8,lane_first,tdw,balanced,False,reduction:4;reduction:29;reduction:58;reduction:116,552,827500,456780000,,,,,,,,,,,
163,16,233,233,328,233,0,8,lane_first,tdw,balanced,False,reduction:4;reduction:15;reduction:29;reduction:58;reduction:116,552,827826,456959952,,,,,,,,,,,
163,16,234,234,328,234,0,8,lane_first,tdw,balanced,False,reduction:4;reduction:15;reduction:29;reduction:58;reduction:117,552,834494,460640688,,,,,,,,,,,
163,16,235,235,328,235,0,8,lane_first,tdw,balanced,False,reduction:4;reduction:15;reduction:29;reduction:59;reduction:117,552,834820,460820640,,,,,,,,,,,
163,16,236,236,328,236,0,8,lane_first,tdw,balanced,False,reduction:4;reduction:15;reduction:29;reduction:59;reduction:118,552,841651,464591352,,,,,,,,,,,
163,16,237,237,328,237,0,8,lane_first,tdw,balanced,False,reduction:4;reduction:15;reduction:30;reduction:59;reduction:118,552,841977,464771304,,,,,,,,,,,
163,16,238,238,328,238,0,8,lane_first,tdw,balanced,False,reduction:4;reduction:15;reduction:30;reduction:59;reduction:119,552,848645,468452040,,,,,,,,,,,
163,16,239,239,328,239,0,8,lane_first,tdw,balanced,False,reduction:4;reduction:15;reduction:30;reduction:60;reduction:119,552,848971,468631992,,,,,,,,,,,
163,16,240,240,328,240,0,8,lane_first,tdw,balanced,False,reduction:4;reduction:15;reduction:30;reduction:60;reduction:120,552,855802,472402704,,,,,,,,,,,
163,16,241,241,328,241,0,8,lane_first,tdw,balanced,False,reduction:4;reduction:8;reduction:15;reduction:30;reduction:60;reduction:120,552,856128,472582656,,,,,,,,,,,
163,16,242,242,328,242,0,8,lane_first,tdw,balanced,False,reduction:4;reduction:8;reduction:15;reduction:30;reduction:60;reduction:121,552,862796,476263392,,,,,,,,,,,
163,16,243,243,328,243,0,8,lane_first,tdw,balanced,False,reduction:4;reduction:8;reduction:15;reduction:30;reduction:61;reduction:121,552,863122,476443344,,,,,,,,,,,
163,16,244,244,328,244,0,8,lane_first,tdw,balanced,False,reduction:4;reduction:8;reduction:15;reduction:30;reduction:61;reduction:122,552,869953,480214056,,,,,,,,,,,
163,16,245,245,328,245,0,8,lane_first,tdw,balanced,False,reduction:4;reduction:8;reduction:15;reduction:31;reduction:61;reduction:122,552,870279,480394008,,,,,,,,,,,
163,16,246,246,328,246,0,8,lane_first,tdw,balanced,False,reduction:4;reduction:8;reduction:15;reduction:31;reduction:61;reduction:123,552,876947,484074744,,,,,,,,,,,
163,16,247,247,328,247,0,8,lane_first,tdw,balanced,False,reduction:4;reduction:8;reduction:15;reduction:31;reduction:62;reduction:123,552,877273,484254696,,,,,,,,,,,
163,16,248,248,328,248,0,8,lane_first,tdw,balanced,False,reduction:4;reduction:8;reduction:15;reduction:31;reduction:62;reduction:124,552,884104,488025408,,,,,,,,,,,
163,16,249,249,328,249,0,8,lane_first,tdw,balanced,False,reduction:4;reduction:8;reduction:16;reduction:31;reduction:62;reduction:124,552,884430,488205360,,,,,,,,,,,
163,16,250,250,328,250,0,8,lane_first,tdw,balanced,False,reduction:4;reduction:8;reduction:16;reduction:31;reduction:62;reduction:125,552,891098,491886096,,,,,,,,,,,
163,16,251,251,328,251,0,8,lane_first,tdw,balanced,False,reduction:4;reduction:8;reduction:16;reduction:31;reduction:63;reduction:125,552,891424,492066048,,,,,,,,,,,
163,16,252,252,328,252,0,8,lane_first,tdw,balanced,False,reduction:4;reduction:8;reduction:16;reduction:31;reduction:63;reduction:126,552,898255,495836760,,,,,,,,,,,
163,16,253,253,328,253,0,8,lane_first,tdw,balanced,False,reduction:4;reduction:8;reduction:16;reduction:32;reduction:63;reduction:126,552,898581,496016712,,,,,,,,,,,
163,16,254,254,328,254,0,8,lane_first,tdw,balanced,False,reduction:4;reduction:8;reduction:16;reduction:32;reduction:63;reduction:127,552,905249,499697448,,,,,,,,,,,
163,16,255,255,328,255,0,8,lane_first,tdw,balanced,False,reduction:4;reduction:8;reduction:16;reduction:32;reduction:64;reduction:127,552,905575,499877400,,,,,,,,,,,
163,16,256,256,328,256,0,8,lane_first,tdw,balanced,False,reduction:4;reduction:8;reduction:16;reduction:32;reduction:64;reduction:128,552,912406,503648112,,,,,,,,,,,
163,16,257,257,328,257,0,9,lane_first,tdw,balanced,False,reduction:4;reduction:8;reduction:16;reduction:32;reduction:64;reduction:128,592,912732,540337344,,,,,,,,,,,
163,16,258,258,328,258,0,9,lane_first,tdw,balanced,False,reduction:4;reduction:8;reduction:16;reduction:32;reduction:64;reduction:129,600,919400,551640000,,,,,,,,,,,
163,16,259,259,328,259,0,9,lane_first,tdw,balanced,False,reduction:4;reduction:8;reduction:16;reduction:32;reduction:65;reduction:129,608,919726,559193408,,,,,,,,,,,
163,16,260,260,328,260,0,9,lane_first,tdw,balanced,False,reduction:4;reduction:8;reduction:16;reduction:32;reduction:65;reduction:130,608,926557,563346656,,,,,,,,,,,
163,16,261,261,328,261,0,9,lane_first,tdw,balanced,False,reduction:4;reduction:8;reduction:16;reduction:33;reduction:65;reduction:130,616,926883,570959928,,,,,,,,,,,
163,16,262,262,328,262,0,9,lane_first,tdw,balanced,False,reduction:4;reduction:8;reduction:16;reduction:33;reduction:65;reduction:131,616,933551,575067416,,,,,,,,,,,
163,16,263,263,328,263,0,9,lane_first,tdw,balanced,False,reduction:4;reduction:8;reduction:16;reduction:33;reduction:66;reduction:131,616,933877,575268232,,,,,,,,,,,
163,16,264,264,328,264,0,9,lane_first,tdw,balanced,False,reduction:4;reduction:8;reduction:16;reduction:33;reduction:66;reduction:132,616,940708,579476128,,,,,,,,,,,
163,16,265,265,328,265,0,9,lane_first,tdw,balanced,False,reduction:4;reduction:8;reduction:17;reduction:33;reduction:66;reduction:132,624,941034,587205216,,,,,,,,,,,
163,16,266,266,328,266,0,9,lane_first,tdw,balanced,False,reduction:4;reduction:8;reduction:17;reduction:33;reduction:66;reduction:133,624,947702,591366048,,,,,,,,,,,
163,16,267,267,328,267,0,9,lane_first,tdw,balanced,False,reduction:4;reduction:8;reduction:17;reduction:33;reduction:67;reduction:133,624,948028,591569472,,,,,,,,,,,
163,16,268,268,328,268,0,9,lane_first,tdw,balanced,False,reduction:4;reduction:8;reduction:17;reduction:33;reduction:67;reduction:134,624,954859,595832016,,,,,,,,,,,
163,16,269,269,328,269,0,9,lane_first,tdw,balanced,False,reduction:4;reduction:8;reduction:17;reduction:34;reduction:67;reduction:134,624,955185,596035440,,,,,,,,,,,
163,16,270,270,328,270,0,9,lane_first,tdw,balanced,False,reduction:4;reduction:8;reduction:17;reduction:34;reduction:67;reduction:135,624,961853,600196272,,,,,,,,,,,
163,16,271,271,328,271,0,9,lane_first,tdw,balanced,False,reduction:4;reduction:8;reduction:17;reduction:34;reduction:68;reduction:135,624,962179,600399696,,,,,,,,,,,
163,16,272,272,328,272,0,9,lane_first,tdw,balanced,False,reduction:4;reduction:8;reduction:17;reduction:34;reduction:68;reduction:136,624,969010,604662240,,,,,,,,,,,
163,16,273,273,328,273,0,9,lane_first,tdw,balanced,False,reduction:4;reduction:9;reduction:17;reduction:34;reduction:68;reduction:136,632,969336,612620352,,,,,,,,,,,
163,16,274,274,328,274,0,9,lane_first,tdw,balanced,False,reduction:4;reduction:9;reduction:17;reduction:34;reduction:68;reduction:137,632,976004,616834528,,,,,,,,,,,
163,16,275,275,328,275,0,9,lane_first,tdw,balanced,False,reduction:4;reduction:9;reduction:17;reduction:34;reduction:69;reduction:137,632,976330,617040560,,,,,,,,,,,
163,16,276,276,328,276,0,9,lane_first,tdw,balanced,False,reduction:4;reduction:9;reduction:17;reduction:34;reduction:69;reduction:138,632,983161,621357752,,,,,,,,,,,
163,16,277,277,328,277,0,9,lane_first,tdw,balanced,False,reduction:4;reduction:9;reduction:17;reduction:35;reduction:69;reduction:138,632,983487,621563784,,,,,,,,,,,
163,16,278,278,328,278,0,9,lane_first,tdw,balanced,False,reduction:4;reduction:9;reduction:17;reduction:35;reduction:69;reduction:139,632,990155,625777960,,,,,,,,,,,
163,16,279,279,328,279,0,9,lane_first,tdw,balanced,False,reduction:4;reduction:9;reduction:17;reduction:35;reduction:70;reduction:139,632,990481,625983992,,,,,,,,,,,
163,16,280,280,328,280,0,9,lane_first,tdw,balanced,False,reduction:4;reduction:9;reduction:17;reduction:35;reduction:70;reduction:140,632,997312,630301184,,,,,,,,,,,
163,16,281,281,328,281,0,9,lane_first,tdw,balanced,False,reduction:4;reduction:9;reduction:18;reduction:35;reduction:70;reduction:140,632,997638,630507216,,,,,,,,,,,
163,16,282,282,328,282,0,9,lane_first,tdw,balanced,False,reduction:4;reduction:9;reduction:18;reduction:35;reduction:70;reduction:141,632,1004306,634721392,,,,,,,,,,,
163,16,283,283,328,283,0,9,lane_first,tdw,balanced,False,reduction:4;reduction:9;reduction:18;reduction:35;reduction:71;reduction:141,632,1004632,634927424,,,,,,,,,,,
163,16,284,284,328,284,0,9,lane_first,tdw,balanced,False,reduction:4;reduction:9;reduction:18;reduction:35;reduction:71;reduction:142,632,1011463,639244616,,,,,,,,,,,
163,16,285,285,328,285,0,9,lane_first,tdw,balanced,False,reduction:4;reduction:9;reduction:18;reduction:36;reduction:71;reduction:142,632,1011789,639450648,,,,,,,,,,,
163,16,286,286,328,286,0,9,lane_first,tdw,balanced,False,reduction:4;reduction:9;reduction:18;reduction:36;reduction:71;reduction:143,632,1018457,643664824,,,,,,,,,,,
163,16,287,287,328,287,0,9,lane_first,tdw,balanced,False,reduction:4;reduction:9;reduction:18;reduction:36;reduction:72;reduction:143,632,1018783,643870856,,,,,,,,,,,
163,16,288,288,328,288,0,9,lane_first,tdw,balanced,False,reduction:4;reduction:9;reduction:18;reduction:36;reduction:72;reduction:144,632,1025614,648188048,,,,,,,,,,,
163,16,289,289,328,289,0,9,lane_first,tdw,balanced,False,reduction:5;reduction:9;reduction:18;reduction:36;reduction:72;reduction:144,640,1025940,656601600,,,,,,,,,,,
163,16,290,290,328,290,0,9,lane_first,tdw,balanced,False,reduction:5;reduction:9;reduction:18;reduction:36;reduction:72;reduction:145,640,1032608,660869120,,,,,,,,,,,
163,16,291,291,328,291,0,9,lane_first,tdw,balanced,False,reduction:5;reduction:9;reduction:18;reduction:36;reduction:73;reduction:145,640,1032934,661077760,,,,,,,,,,,
163,16,292,292,328,292,0,9,lane_first,tdw,balanced,False,reduction:5;reduction:9;reduction:18;reduction:36;reduction:73;reduction:146,640,1039765,665449600,,,,,,,,,,,
163,16,293,293,328,293,0,9,lane_first,tdw,balanced,False,reduction:5;reduction:9;reduction:18;reduction:37;reduction:73;reduction:146,640,1040091,665658240,,,,,,,,,,,
163,16,294,294,328,294,0,9,lane_first,tdw,balanced,False,reduction:5;reduction:9;reduction:18;reduction:37;reduction:73;reduction:147,640,1046759,669925760,,,,,,,,,,,
163,16,295,295,328,295,0,9,lane_first,tdw,balanced,False,reduction:5;reduction:9;reduction:18;reduction:37;reduction:74;reduction:147,640,1047085,670134400,,,,,,,,,,,
163,16,296,296,328,296,0,9,lane_first,tdw,balanced,False,reduction:5;reduction:9;reduction:18;reduction:37;reduction:74;reduction:148,640,1053916,674506240,,,,,,,,,,,
163,16,297,297,328,297,0,9,lane_first,tdw,balanced,False,reduction:5;reduction:9;reduction:19;reduction:37;reduction:74;reduction:148,640,1054242,674714880,,,,,,,,,,,
163,16,298,298,328,298,0,9,lane_first,tdw,balanced,False,reduction:5;reduction:9;reduction:19;reduction:37;reduction:74;reduction:149,640,1060910,678982400,,,,,,,,,,,
163,16,299,299,328,299,0,9,lane_first,tdw,balanced,False,reduction:5;reduction:9;reduction:19;reduction:37;reduction:75;reduction:149,640,1061236,679191040,,,,,,,,,,,
163,16,300,300,328,300,0,9,lane_first,tdw,balanced,False,reduction:5;reduction:9;reduction:19;reduction:37;reduction:75;reduction:150,640,1068067,683562880,,,,,,,,,,,
163,16,301,301,328,301,0,9,lane_first,tdw,balanced,False,reduction:5;reduction:9;reduction:19;reduction:38;reduction:75;reduction:150,640,1068393,683771520,,,,,,,,,,,
163,16,302,302,328,302,0,9,lane_first,tdw,balanced,False,reduction:5;reduction:9;reduction:19;reduction:38;reduction:75;reduction:151,640,1075061,688039040,,,,,,,,,,,
163,16,303,303,328,303,0,9,lane_first,tdw,balanced,False,reduction:5;reduction:9;reduction:19;reduction:38;reduction:76;reduction:151,640,1075387,688247680,,,,,,,,,,,
163,16,304,304,328,304,0,9,lane_first,tdw,balanced,False,reduction:5;reduction:9;reduction:19;reduction:38;reduction:76;reduction:152,640,1082218,692619520,,,,,,,,,,,
163,16,305,305,328,305,0,9,lane_first,tdw,balanced,False,reduction:5;reduction:10;reduction:19;reduction:38;reduction:76;reduction:152,640,1082544,692828160,,,,,,,,,,,
163,16,306,306,328,306,0,9,lane_first,tdw,balanced,False,reduction:5;reduction:10;reduction:19;reduction:38;reduction:76;reduction:153,640,1089212,697095680,,,,,,,,,,,
163,16,307,307,328,307,0,9,lane_first,tdw,balanced,False,reduction:5;reduction:10;reduction:19;reduction:38;reduction:77;reduction:153,640,1089538,697304320,,,,,,,,,,,
163,16,308,308,328,308,0,9,lane_first,tdw,balanced,False,reduction:5;reduction:10;reduction:19;reduction:38;reduction:77;reduction:154,640,1096369,701676160,,,,,,,,,,,
163,16,309,309,328,309,0,9,lane_first,tdw,balanced,False,reduction:5;reduction:10;reduction:19;reduction:39;reduction:77;reduction:154,640,1096695,701884800,,,,,,,,,,,
163,16,310,310,328,310,0,9,lane_first,tdw,balanced,False,reduction:5;reduction:10;reduction:19;reduction:39;reduction:77;reduction:155,640,1103363,706152320,,,,,,,,,,,
163,16,311,311,328,311,0,9,lane_first,tdw,balanced,False,reduction:5;reduction:10;reduction:19;reduction:39;reduction:78;reduction:155,640,1103689,706360960,,,,,,,,,,,
163,16,312,312,328,312,0,9,lane_first,tdw,balanced,False,reduction:5;reduction:10;reduction:19;reduction:39;reduction:78;reduction:156,640,1110520,710732800,,,,,,,,,,,
163,16,313,313,328,313,0,9,lane_first,tdw,balanced,False,reduction:5;reduction:10;reduction:20;reduction:39;reduction:78;reduction:156,640,1110846,710941440,,,,,,,,,,,
163,16,314,314,328,314,0,9,lane_first,tdw,balanced,False,reduction:5;reduction:10;reduction:20;reduction:39;reduction:78;reduction:157,640,1117514,715208960,,,,,,,,,,,
163,16,315,315,328,315,0,9,lane_first,tdw,balanced,False,reduction:5;reduction:10;reduction:20;reduction:39;reduction:79;reduction:157,640,1117840,715417600,,,,,,,,,,,
163,16,316,316,328,316,0,9,lane_first,tdw,balanced,False,reduction:5;reduction:10;reduction:20;reduction:39;reduction:79;reduction:158,640,1124671,719789440,,,,,,,,,,,
163,16,317,317,328,317,0,9,lane_first,tdw,balanced,False,reduction:5;reduction:10;reduction:20;reduction:40;reduction:79;reduction:158,640,1124997,719998080,,,,,,,,,,,
163,16,318,318,328,318,0,9,lane_first,tdw,balanced,False,reduction:5;reduction:10;reduction:20;reduction:40;reduction:79;reduction:159,640,1131665,724265600,,,,,,,,,,,
163,16,319,319,328,319,0,9,lane_first,tdw,balanced,False,reduction:5;reduction:10;reduction:20;reduction:40;reduction:80;reduction:159,640,1131991,724474240,,,,,,,,,,,
163,16,320,320,328,320,0,9,lane_first,tdw,balanced,False,reduction:5;reduction:10;reduction:20;reduction:40;reduction:80;reduction:160,640,1138822,728846080,,,,,,,,,,,
163,16,321,321,328,321,0,9,lane_first,tdw,balanced,False,reduction:5;reduction:10;reduction:20;reduction:40;reduction:80;reduction:160,648,1139148,738167904,,,,,,,,,,,
163,16,322,322,328,322,0,9,lane_first,tdw,balanced,False,reduction:5;reduction:10;reduction:20;reduction:40;reduction:80;reduction:161,648,1145816,742488768,,,,,,,,,,,
163,16,323,323,328,323,0,9,lane_first,tdw,balanced,False,reduction:5;reduction:10;reduction:20;reduction:40;reduction:81;reduction:161,648,1146142,742700016,,,,,,,,,,,
163,16,324,324,328,324,0,9,lane_first,tdw,balanced,False,reduction:5;reduction:10;reduction:20;reduction:40;reduction:81;reduction:162,648,1152973,747126504,,,,,,,,,,,
163,16,325,325,328,325,0,9,lane_first,tdw,balanced,False,reduction:5;reduction:10;reduction:20;reduction:41;reduction:81;reduction:162,648,1153299,747337752,,,,,,,,,,,
163,16,326,326,328,326,0,9,lane_first,tdw,balanced,False,reduction:5;reduction:10;reduction:20;reduction:41;reduction:81;reduction:163,648,1159967,751658616,,,,,,,,,,,
163,16,327,327,328,327,0,9,lane_first,tdw,balanced,False,reduction:5;reduction:10;reduction:20;reduction:41;reduction:82;reduction:163,648,1160293,751869864,,,,,,,,,,,
163,16,328,328,328,328,0,9,lane_first,tdw,balanced,False,reduction:5;reduction:10;reduction:20;reduction:41;reduction:82;reduction:164,640,1167124,746959360,,,,,,,,,,,
163,17,1,1,328,20,19,0,lane_first,tdw,balanced,False,tail:1,19398192,28243,547863136656,,,,,,,,,,,
163,17,2,2,328,20,9,1,lane_first,tdw,balanced,False,tail:2,8929048,33607,300078516136,,,,,,,,,,,
163,17,3,3,328,21,6,2,lane_first,tdw,balanced,False,tail:3,5769180,39623,228592219140,,,,,,,,,,,
163,17,4,4,328,20,4,2,lane_first,tdw,balanced,False,tail:4,3801084,44172,167901482448,,,,,,,,,,,
163,17,5,5,328,20,3,3,lane_first,tdw,balanced,False,tail:5,2883664,49373,142375142672,,,,,,,,,,,
163,17,6,6,328,24,3,3,lane_first,tdw,balanced,False,tail:6,2621700,57997,152050734900,,,,,,,,,,,
163,17,7,7,328,21,2,3,lane_first,tdw,balanced,False,tail:7,1638520,60753,99545005560,,,,,,,,,,,
163,17,8,8,328,24,2,3,lane_first,tdw,balanced,False,reduction:4;tail:8,1574032,68562,107918781984,,,,,,,,,,,
163,17,9,9,328,27,2,4,lane_first,tdw,balanced,False,reduction:4;tail:9,1573144,76208,119886157952,,,,,,,,,,,
163,17,10,10,328,20,1,4,lane_first,tdw,balanced,False,reduction:5;tail:10,1048756,75867,79565971452,,,,,,,,,,,
163,17,11,11,328,22,1,4,lane_first,tdw,balanced,False,reduction:5;tail:11,590024,82698,48793804752,,,,,,,,,,,
163,17,12,12,328,24,1,4,lane_first,tdw,balanced,False,reduction:6;tail:12,540880,89692,48512608960,,,,,,,,,,,
163,17,13,13,328,26,1,4,lane_first,tdw,balanced,False,reduction:6;tail:13,528608,96523,51022829984,,,,,,,,,,,
163,17,14,14,328,28,1,4,lane_first,tdw,balanced,False,tail:14,525544,103517,54402738248,,,,,,,,,,,
163,17,15,15,328,30,1,4,lane_first,tdw,balanced,False,reduction:4;tail:15,524784,110348,57908864832,,,,,,,,,,,
163,17,16,16,328,32,1,4,lane_first,tdw,balanced,False,reduction:4;reduction:8;tail:16,524660,117342,61564653720,,,,,,,,,,,
163,17,17,17,328,34,1,5,lane_first,tdw,balanced,False,reduction:4;reduction:8;tail:17,524648,124173,65147116104,,,,,,,,,,,
163,17,18,18,328,36,1,5,lane_first,tdw,balanced,False,reduction:4;reduction:9;tail:18,524628,131167,68813880876,,,,,,,,,,,
163,17,19,19,328,24,1,5,lane_first,tdw,balanced,False,reduction:5;reduction:9;tail:5,524608,74741,39209726528,,,,,,,,,,,
163,17,20,20,328,20,0,5,lane_first,tdw,balanced,False,reduction:5;reduction:10,524544,77497,40650586368,,,,,,,,,,,
163,17,21,21,328,21,0,5,lane_first,tdw,balanced,False,reduction:5;reduction:10,262408,77823,20421377784,,,,,,,,,,,
163,17,22,22,328,22,0,5,lane_first,tdw,balanced,False,reduction:5;reduction:11,131336,84491,11096709976,,,,,,,,,,,
163,17,23,23,328,23,0,5,lane_first,tdw,balanced,False,reduction:6;reduction:11,131336,84817,11139525512,,,,,,,,,,,
163,17,24,24,328,24,0,5,lane_first,tdw,balanced,False,reduction:6;reduction:12,65800,91648,6030438400,,,,,,,,,,,
163,17,25,25,328,25,0,5,lane_first,tdw,balanced,False,reduction:6;reduction:12,65808,91974,6052624992,,,,,,,,,,,
163,17,26,26,328,26,0,5,lane_first,tdw,balanced,False,reduction:6;reduction:13,33040,98642,3259131680,,,,,,,,,,,
163,17,27,27,328,27,0,5,lane_first,tdw,balanced,False,reduction:13,33040,98968,3269902720,,,,,,,,,,,
163,17,28,28,328,28,0,5,lane_first,tdw,balanced,True,,16656,105799,1762188144,990952,281253180,105799,16656,383894,40615601306,1762188144,27386,h_u=2n,module_barriers,balanced_clean_arithmetic_retain_copied_outputs
163,17,29,29,328,29,0,5,lane_first,tdw,balanced,False,reduction:4,16656,106125,1767618000,,,,,,,,,,,
163,17,30,30,328,30,0,5,lane_first,tdw,balanced,False,reduction:4;reduction:15,8464,112793,954679952,,,,,,,,,,,
163,17,31,31,328,31,0,5,lane_first,tdw,balanced,False,reduction:4;reduction:8;reduction:15,8464,113119,957439216,,,,,,,,,,,
163,17,32,32,328,32,0,5,lane_first,tdw,balanced,False,reduction:4;reduction:8;reduction:16,8464,119950,1015256800,,,,,,,,,,,
163,17,33,33,328,33,0,6,lane_first,tdw,balanced,False,reduction:4;reduction:8;reduction:16,4408,120276,530176608,,,,,,,,,,,
163,17,34,34,328,34,0,6,lane_first,tdw,balanced,False,reduction:4;reduction:8;reduction:17,4416,126944,560584704,,,,,,,,,,,
163,17,35,35,328,35,0,6,lane_first,tdw,balanced,False,reduction:4;reduction:9;reduction:17,4424,127270,563042480,,,,,,,,,,,
163,17,36,36,328,36,0,6,lane_first,tdw,balanced,False,reduction:4;reduction:9;reduction:18,4424,134101,593262824,,,,,,,,,,,
163,17,37,37,328,37,0,6,lane_first,tdw,balanced,False,reduction:5;reduction:9;reduction:18,2384,134427,320473968,,,,,,,,,,,
163,17,38,38,328,38,0,6,lane_first,tdw,balanced,False,reduction:5;reduction:9;reduction:19,2384,141095,336370480,,,,,,,,,,,
163,17,39,39,328,39,0,6,lane_first,tdw,balanced,False,reduction:5;reduction:10;reduction:19,2384,141421,337147664,,,,,,,,,,,
163,17,40,40,328,40,0,6,lane_first,tdw,balanced,False,reduction:5;reduction:10;reduction:20,2384,148252,353432768,,,,,,,,,,,
163,17,41,41,328,41,0,6,lane_first,tdw,balanced,False,reduction:5;reduction:10;reduction:20,1368,148578,203254704,,,,,,,,,,,
163,17,42,42,328,42,0,6,lane_first,tdw,balanced,False,reduction:5;reduction:10;reduction:21,1368,155246,212376528,,,,,,,,,,,
163,17,43,43,328,43,0,6,lane_first,tdw,balanced,False,reduction:5;reduction:11;reduction:21,1368,155572,212822496,,,,,,,,,,,
163,17,44,44,328,44,0,6,lane_first,tdw,balanced,False,reduction:5;reduction:11;reduction:22,1368,162403,222167304,,,,,,,,,,,
163,17,45,45,328,45,0,6,lane_first,tdw,balanced,False,reduction:6;reduction:11;reduction:22,1368,162729,222613272,,,,,,,,,,,
163,17,46,46,328,46,0,6,lane_first,tdw,balanced,False,reduction:6;reduction:11;reduction:23,1368,169397,231735096,,,,,,,,,,,
163,17,47,47,328,47,0,6,lane_first,tdw,balanced,False,reduction:6;reduction:12;reduction:23,856,169723,145282888,,,,,,,,,,,
163,17,48,48,328,48,0,6,lane_first,tdw,balanced,False,reduction:6;reduction:12;reduction:24,856,176554,151130224,,,,,,,,,,,
163,17,49,49,328,49,0,6,lane_first,tdw,balanced,False,reduction:6;reduction:12;reduction:24,864,176880,152824320,,,,,,,,,,,
163,17,50,50,328,50,0,6,lane_first,tdw,balanced,False,reduction:6;reduction:12;reduction:25,864,183548,158585472,,,,,,,,,,,
163,17,51,51,328,51,0,6,lane_first,tdw,balanced,False,reduction:6;reduction:13;reduction:25,864,183874,158867136,,,,,,,,,,,
163,17,52,52,328,52,0,6,lane_first,tdw,balanced,False,reduction:6;reduction:13;reduction:26,864,190705,164769120,,,,,,,,,,,
163,17,53,53,328,53,0,6,lane_first,tdw,balanced,False,reduction:13;reduction:26,864,191031,165050784,,,,,,,,,,,
163,17,54,54,328,54,0,6,lane_first,tdw,balanced,False,reduction:13,864,197699,170811936,,,,,,,,,,,
163,17,55,55,328,55,0,6,lane_first,tdw,balanced,True,,608,198025,120399200,1122328,167316138,198025,608,264098,52298006450,120399200,53792,h_u=2n,module_barriers,balanced_clean_arithmetic_retain_copied_outputs
163,17,56,56,328,56,0,6,lane_first,tdw,balanced,False,reduction:28,608,204856,124552448,,,,,,,,,,,
163,17,57,57,328,57,0,6,lane_first,tdw,balanced,False,reduction:4;reduction:28,608,205182,124750656,,,,,,,,,,,
163,17,58,58,328,58,0,6,lane_first,tdw,balanced,False,reduction:4;reduction:29,608,211850,128804800,,,,,,,,,,,
163,17,59,59,328,59,0,6,lane_first,tdw,balanced,False,reduction:4;reduction:15;reduction:29,608,212176,129003008,,,,,,,,,,,
163,17,60,60,328,60,0,6,lane_first,tdw,balanced,False,reduction:4;reduction:15;reduction:30,608,219007,133156256,,,,,,,,,,,
163,17,61,61,328,61,0,6,lane_first,tdw,balanced,False,reduction:4;reduction:8;reduction:15;reduction:30,608,219333,133354464,,,,,,,,,,,
163,17,62,62,328,62,0,6,lane_first,tdw,balanced,False,reduction:4;reduction:8;reduction:15;reduction:31,608,226001,137408608,,,,,,,,,,,
163,17,63,63,328,63,0,6,lane_first,tdw,balanced,False,reduction:4;reduction:8;reduction:16;reduction:31,608,226327,137606816,,,,,,,,,,,
163,17,64,64,328,64,0,6,lane_first,tdw,balanced,False,reduction:4;reduction:8;reduction:16;reduction:32,608,233158,141760064,,,,,,,,,,,
163,17,65,65,328,65,0,7,lane_first,tdw,balanced,False,reduction:4;reduction:8;reduction:16;reduction:32,648,233484,151297632,,,,,,,,,,,
163,17,66,66,328,66,0,7,lane_first,tdw,balanced,False,reduction:4;reduction:8;reduction:16;reduction:33,528,240152,126800256,,,,,,,,,,,
163,17,67,67,328,67,0,7,lane_first,tdw,balanced,False,reduction:4;reduction:8;reduction:17;reduction:33,536,240478,128896208,,,,,,,,,,,
163,17,68,68,328,68,0,7,lane_first,tdw,balanced,False,reduction:4;reduction:8;reduction:17;reduction:34,536,247309,132557624,,,,,,,,,,,
163,17,69,69,328,69,0,7,lane_first,tdw,balanced,False,reduction:4;reduction:9;reduction:17;reduction:34,544,247635,134713440,,,,,,,,,,,
163,17,70,70,328,70,0,7,lane_first,tdw,balanced,False,reduction:4;reduction:9;reduction:17;reduction:35,544,254303,138340832,,,,,,,,,,,
163,17,71,71,328,71,0,7,lane_first,tdw,balanced,False,reduction:4;reduction:9;reduction:18;reduction:35,544,254629,138518176,,,,,,,,,,,
163,17,72,72,328,72,0,7,lane_first,tdw,balanced,False,reduction:4;reduction:9;reduction:18;reduction:36,544,261460,142234240,,,,,,,,,,,
163,17,73,73,328,73,0,7,lane_first,tdw,balanced,False,reduction:5;reduction:9;reduction:18;reduction:36,552,261786,144505872,,,,,,,,,,,
163,17,74,74,328,74,0,7,lane_first,tdw,balanced,False,reduction:5;reduction:9;reduction:18;reduction:37,552,268454,148186608,,,,,,,,,,,
163,17,75,75,328,75,0,7,lane_first,tdw,balanced,False,reduction:5;reduction:9;reduction:19;reduction:37,552,268780,148366560,,,,,,,,,,,
163,17,76,76,328,76,0,7,lane_first,tdw,balanced,False,reduction:5;reduction:9;reduction:19;reduction:38,552,275611,152137272,,,,,,,,,,,
163,17,77,77,328,77,0,7,lane_first,tdw,balanced,False,reduction:5;reduction:10;reduction:19;reduction:38,552,275937,152317224,,,,,,,,,,,
163,17,78,78,328,78,0,7,lane_first,tdw,balanced,False,reduction:5;reduction:10;reduction:19;reduction:39,552,282605,155997960,,,,,,,,,,,
163,17,79,79,328,79,0,7,lane_first,tdw,balanced,False,reduction:5;reduction:10;reduction:20;reduction:39,552,282931,156177912,,,,,,,,,,,
163,17,80,80,328,80,0,7,lane_first,tdw,balanced,False,reduction:5;reduction:10;reduction:20;reduction:40,552,289762,159948624,,,,,,,,,,,
163,17,81,81,328,81,0,7,lane_first,tdw,balanced,False,reduction:5;reduction:10;reduction:20;reduction:40,560,290088,162449280,,,,,,,,,,,
163,17,82,82,328,82,0,7,lane_first,tdw,balanced,False,reduction:5;reduction:10;reduction:20;reduction:41,496,296756,147190976,,,,,,,,,,,
163,17,83,83,328,83,0,7,lane_first,tdw,balanced,False,reduction:5;reduction:10;reduction:21;reduction:41,496,297082,147352672,,,,,,,,,,,
163,17,84,84,328,84,0,7,lane_first,tdw,balanced,False,reduction:5;reduction:10;reduction:21;reduction:42,496,303913,150740848,,,,,,,,,,,
163,17,85,85,328,85,0,7,lane_first,tdw,balanced,False,reduction:5;reduction:11;reduction:21;reduction:42,496,304239,150902544,,,,,,,,,,,
163,17,86,86,328,86,0,7,lane_first,tdw,balanced,False,reduction:5;reduction:11;reduction:21;reduction:43,496,310907,154209872,,,,,,,,,,,
163,17,87,87,328,87,0,7,lane_first,tdw,balanced,False,reduction:5;reduction:11;reduction:22;reduction:43,496,311233,154371568,,,,,,,,,,,
163,17,88,88,328,88,0,7,lane_first,tdw,balanced,False,reduction:5;reduction:11;reduction:22;reduction:44,496,318064,157759744,,,,,,,,,,,
163,17,89,89,328,89,0,7,lane_first,tdw,balanced,False,reduction:6;reduction:11;reduction:22;reduction:44,496,318390,157921440,,,,,,,,,,,
163,17,90,90,328,90,0,7,lane_first,tdw,balanced,False,reduction:6;reduction:11;reduction:22;reduction:45,496,325058,161228768,,,,,,,,,,,
163,17,91,91,328,91,0,7,lane_first,tdw,balanced,False,reduction:6;reduction:11;reduction:23;reduction:45,496,325384,161390464,,,,,,,,,,,
163,17,92,92,328,92,0,7,lane_first,tdw,balanced,False,reduction:6;reduction:11;reduction:23;reduction:46,496,332215,164778640,,,,,,,,,,,
163,17,93,93,328,93,0,7,lane_first,tdw,balanced,False,reduction:6;reduction:12;reduction:23;reduction:46,496,332541,164940336,,,,,,,,,,,
163,17,94,94,328,94,0,7,lane_first,tdw,balanced,False,reduction:6;reduction:12;reduction:23;reduction:47,496,339209,168247664,,,,,,,,,,,
163,17,95,95,328,95,0,7,lane_first,tdw,balanced,False,reduction:6;reduction:12;reduction:24;reduction:47,496,339535,168409360,,,,,,,,,,,
163,17,96,96,328,96,0,7,lane_first,tdw,balanced,False,reduction:6;reduction:12;reduction:24;reduction:48,496,346366,171797536,,,,,,,,,,,
163,17,97,97,328,97,0,7,lane_first,tdw,balanced,False,reduction:6;reduction:12;reduction:24;reduction:48,504,346692,174732768,,,,,,,,,,,
163,17,98,98,328,98,0,7,lane_first,tdw,balanced,False,reduction:6;reduction:12;reduction:24;reduction:49,504,353360,178093440,,,,,,,,,,,
163,17,99,99,328,99,0,7,lane_first,tdw,balanced,False,reduction:6;reduction:12;reduction:25;reduction:49,504,353686,178257744,,,,,,,,,,,
163,17,100,100,328,100,0,7,lane_first,tdw,balanced,False,reduction:6;reduction:12;reduction:25;reduction:50,504,360517,181700568,,,,,,,,,,,
163,17,101,101,328,101,0,7,lane_first,tdw,balanced,False,reduction:6;reduction:13;reduction:25;reduction:50,504,360843,181864872,,,,,,,,,,,
163,17,102,102,328,102,0,7,lane_first,tdw,balanced,False,reduction:6;reduction:13;reduction:25;reduction:51,504,367511,185225544,,,,,,,,,,,
163,17,103,103,328,103,0,7,lane_first,tdw,balanced,False,reduction:6;reduction:13;reduction:26;reduction:51,504,367837,185389848,,,,,,,,,,,
163,17,104,104,328,104,0,7,lane_first,tdw,balanced,False,reduction:6;reduction:13;reduction:26;reduction:52,504,374668,188832672,,,,,,,,,,,
163,17,105,105,328,105,0,7,lane_first,tdw,balanced,False,reduction:13;reduction:26;reduction:52,504,374994,188996976,,,,,,,,,,,
163,17,106,106,328,106,0,7,lane_first,tdw,balanced,False,reduction:13;reduction:26;reduction:53,504,381662,192357648,,,,,,,,,,,
163,17,107,107,328,107,0,7,lane_first,tdw,balanced,False,reduction:13;reduction:53,504,381988,192521952,,,,,,,,,,,
163,17,108,108,328,108,0,7,lane_first,tdw,balanced,False,reduction:13;reduction:54,504,388819,195964776,,,,,,,,,,,
163,17,109,109,328,109,0,7,lane_first,tdw,balanced,False,reduction:54,504,389145,196129080,,,,,,,,,,,
163,17,110,110,328,110,0,7,lane_first,tdw,balanced,False,reduction:55,472,395813,186823736,,,,,,,,,,,
163,17,111,111,328,111,0,7,lane_first,tdw,balanced,False,reduction:28;reduction:55,472,396139,186977608,,,,,,,,,,,
163,17,112,112,328,112,0,7,lane_first,tdw,balanced,False,reduction:28;reduction:56,472,402970,190201840,,,,,,,,,,,
163,17,113,113,328,113,0,7,lane_first,tdw,balanced,False,reduction:4;reduction:28;reduction:56,472,403296,190355712,,,,,,,,,,,
163,17,114,114,328,114,0,7,lane_first,tdw,balanced,False,reduction:4;reduction:28;reduction:57,472,409964,193503008,,,,,,,,,,,
163,17,115,115,328,115,0,7,lane_first,tdw,balanced,False,reduction:4;reduction:29;reduction:57,472,410290,193656880,,,,,,,,,,,
163,17,116,116,328,116,0,7,lane_first,tdw,balanced,False,reduction:4;reduction:29;reduction:58,472,417121,196881112,,,,,,,,,,,
163,17,117,117,328,117,0,7,lane_first,tdw,balanced,False,reduction:4;reduction:15;reduction:29;reduction:58,472,417447,197034984,,,,,,,,,,,
163,17,118,118,328,118,0,7,lane_first,tdw,balanced,False,reduction:4;reduction:15;reduction:29;reduction:59,472,424115,200182280,,,,,,,,,,,
163,17,119,119,328,119,0,7,lane_first,tdw,balanced,False,reduction:4;reduction:15;reduction:30;reduction:59,472,424441,200336152,,,,,,,,,,,
163,17,120,120,328,120,0,7,lane_first,tdw,balanced,False,reduction:4;reduction:15;reduction:30;reduction:60,472,431272,203560384,,,,,,,,,,,
163,17,121,121,328,121,0,7,lane_first,tdw,balanced,False,reduction:4;reduction:8;reduction:15;reduction:30;reduction:60,472,431598,203714256,,,,,,,,,,,
163,17,122,122,328,122,0,7,lane_first,tdw,balanced,False,reduction:4;reduction:8;reduction:15;reduction:30;reduction:61,472,438266,206861552,,,,,,,,,,,
163,17,123,123,328,123,0,7,lane_first,tdw,balanced,False,reduction:4;reduction:8;reduction:15;reduction:31;reduction:61,472,438592,207015424,,,,,,,,,,,
163,17,124,124,328,124,0,7,lane_first,tdw,balanced,False,reduction:4;reduction:8;reduction:15;reduction:31;reduction:62,472,445423,210239656,,,,,,,,,,,
163,17,125,125,328,125,0,7,lane_first,tdw,balanced,False,reduction:4;reduction:8;reduction:16;reduction:31;reduction:62,472,445749,210393528,,,,,,,,,,,
163,17,126,126,328,126,0,7,lane_first,tdw,balanced,False,reduction:4;reduction:8;reduction:16;reduction:31;reduction:63,472,452417,213540824,,,,,,,,,,,
163,17,127,127,328,127,0,7,lane_first,tdw,balanced,False,reduction:4;reduction:8;reduction:16;reduction:32;reduction:63,472,452743,213694696,,,,,,,,,,,
163,17,128,128,328,128,0,7,lane_first,tdw,balanced,False,reduction:4;reduction:8;reduction:16;reduction:32;reduction:64,472,459574,216918928,,,,,,,,,,,
163,17,129,129,328,129,0,8,lane_first,tdw,balanced,False,reduction:4;reduction:8;reduction:16;reduction:32;reduction:64,512,459900,235468800,,,,,,,,,,,
163,17,130,130,328,130,0,8,lane_first,tdw,balanced,False,reduction:4;reduction:8;reduction:16;reduction:32;reduction:65,520,466568,242615360,,,,,,,,,,,
163,17,131,131,328,131,0,8,lane_first,tdw,balanced,False,reduction:4;reduction:8;reduction:16;reduction:33;reduction:65,528,466894,246520032,,,,,,,,,,,
163,17,132,132,328,132,0,8,lane_first,tdw,balanced,False,reduction:4;reduction:8;reduction:16;reduction:33;reduction:66,528,473725,250126800,,,,,,,,,,,
163,17,133,133,328,133,0,8,lane_first,tdw,balanced,False,reduction:4;reduction:8;reduction:17;reduction:33;reduction:66,536,474051,254091336,,,,,,,,,,,
163,17,134,134,328,134,0,8,lane_first,tdw,balanced,False,reduction:4;reduction:8;reduction:17;reduction:33;reduction:67,536,480719,257665384,,,,,,,,,,,
163,17,135,135,328,135,0,8,lane_first,tdw,balanced,False,reduction:4;reduction:8;reduction:17;reduction:34;reduction:67,536,481045,257840120,,,,,,,,,,,
163,17,136,136,328,136,0,8,lane_first,tdw,balanced,False,reduction:4;reduction:8;reduction:17;reduction:34;reduction:68,536,487876,261501536,,,,,,,,,,,
163,17,137,137,328,137,0,8,lane_first,tdw,balanced,False,reduction:4;reduction:9;reduction:17;reduction:34;reduction:68,544,488202,265581888,,,,,,,,,,,
163,17,138,138,328,138,0,8,lane_first,tdw,balanced,False,reduction:4;reduction:9;reduction:17;reduction:34;reduction:69,544,494870,269209280,,,,,,,,,,,
163,17,139,139,328,139,0,8,lane_first,tdw,balanced,False,reduction:4;reduction:9;reduction:17;reduction:35;reduction:69,544,495196,269386624,,,,,,,,,,,
163,17,140,140,328,140,0,8,lane_first,tdw,balanced,False,reduction:4;reduction:9;reduction:17;reduction:35;reduction:70,544,502027,273102688,,,,,,,,,,,
163,17,141,141,328,141,0,8,lane_first,tdw,balanced,False,reduction:4;reduction:9;reduction:18;reduction:35;reduction:70,544,502353,273280032,,,,,,,,,,,
163,17,142,142,328,142,0,8,lane_first,tdw,balanced,False,reduction:4;reduction:9;reduction:18;reduction:35;reduction:71,544,509021,276907424,,,,,,,,,,,
163,17,143,143,328,143,0,8,lane_first,tdw,balanced,False,reduction:4;reduction:9;reduction:18;reduction:36;reduction:71,544,509347,277084768,,,,,,,,,,,
163,17,144,144,328,144,0,8,lane_first,tdw,balanced,False,reduction:4;reduction:9;reduction:18;reduction:36;reduction:72,544,516178,280800832,,,,,,,,,,,
163,17,145,145,328,145,0,8,lane_first,tdw,balanced,False,reduction:5;reduction:9;reduction:18;reduction:36;reduction:72,552,516504,285110208,,,,,,,,,,,
163,17,146,146,328,146,0,8,lane_first,tdw,balanced,False,reduction:5;reduction:9;reduction:18;reduction:36;reduction:73,552,523172,288790944,,,,,,,,,,,
163,17,147,147,328,147,0,8,lane_first,tdw,balanced,False,reduction:5;reduction:9;reduction:18;reduction:37;reduction:73,552,523498,288970896,,,,,,,,,,,
163,17,148,148,328,148,0,8,lane_first,tdw,balanced,False,reduction:5;reduction:9;reduction:18;reduction:37;reduction:74,552,530329,292741608,,,,,,,,,,,
163,17,149,149,328,149,0,8,lane_first,tdw,balanced,False,reduction:5;reduction:9;reduction:19;reduction:37;reduction:74,552,530655,292921560,,,,,,,,,,,
163,17,150,150,328,150,0,8,lane_first,tdw,balanced,False,reduction:5;reduction:9;reduction:19;reduction:37;reduction:75,552,537323,296602296,,,,,,,,,,,
163,17,151,151,328,151,0,8,lane_first,tdw,balanced,False,reduction:5;reduction:9;reduction:19;reduction:38;reduction:75,552,537649,296782248,,,,,,,,,,,
163,17,152,152,328,152,0,8,lane_first,tdw,balanced,False,reduction:5;reduction:9;reduction:19;reduction:38;reduction:76,552,544480,300552960,,,,,,,,,,,
163,17,153,153,328,153,0,8,lane_first,tdw,balanced,False,reduction:5;reduction:10;reduction:19;reduction:38;reduction:76,552,544806,300732912,,,,,,,,,,,
163,17,154,154,328,154,0,8,lane_first,tdw,balanced,False,reduction:5;reduction:10;reduction:19;reduction:38;reduction:77,552,551474,304413648,,,,,,,,,,,
163,17,155,155,328,155,0,8,lane_first,tdw,balanced,False,reduction:5;reduction:10;reduction:19;reduction:39;reduction:77,552,551800,304593600,,,,,,,,,,,
163,17,156,156,328,156,0,8,lane_first,tdw,balanced,False,reduction:5;reduction:10;reduction:19;reduction:39;reduction:78,552,558631,308364312,,,,,,,,,,,
163,17,157,157,328,157,0,8,lane_first,tdw,balanced,False,reduction:5;reduction:10;reduction:20;reduction:39;reduction:78,552,558957,308544264,,,,,,,,,,,
163,17,158,158,328,158,0,8,lane_first,tdw,balanced,False,reduction:5;reduction:10;reduction:20;reduction:39;reduction:79,552,565625,312225000,,,,,,,,,,,
163,17,159,159,328,159,0,8,lane_first,tdw,balanced,False,reduction:5;reduction:10;reduction:20;reduction:40;reduction:79,552,565951,312404952,,,,,,,,,,,
163,17,160,160,328,160,0,8,lane_first,tdw,balanced,False,reduction:5;reduction:10;reduction:20;reduction:40;reduction:80,552,572782,316175664,,,,,,,,,,,
163,17,161,161,328,161,0,8,lane_first,tdw,balanced,False,reduction:5;reduction:10;reduction:20;reduction:40;reduction:80,560,573108,320940480,,,,,,,,,,,
163,17,162,162,328,162,0,8,lane_first,tdw,balanced,False,reduction:5;reduction:10;reduction:20;reduction:40;reduction:81,560,579776,324674560,,,,,,,,,,,
163,17,163,163,328,163,0,8,lane_first,tdw,balanced,False,reduction:5;reduction:10;reduction:20;reduction:41;reduction:81,560,580102,324857120,,,,,,,,,,,
163,17,164,164,328,164,0,8,lane_first,tdw,balanced,False,reduction:5;reduction:10;reduction:20;reduction:41;reduction:82,544,586933,319291552,,,,,,,,,,,
163,17,165,165,328,165,0,8,lane_first,tdw,balanced,False,reduction:5;reduction:10;reduction:21;reduction:41;reduction:82,544,587259,319468896,,,,,,,,,,,
163,17,166,166,328,166,0,8,lane_first,tdw,balanced,False,reduction:5;reduction:10;reduction:21;reduction:41;reduction:83,544,593927,323096288,,,,,,,,,,,
163,17,167,167,328,167,0,8,lane_first,tdw,balanced,False,reduction:5;reduction:10;reduction:21;reduction:42;reduction:83,544,594253,323273632,,,,,,,,,,,
163,17,168,168,328,168,0,8,lane_first,tdw,balanced,False,reduction:5;reduction:10;reduction:21;reduction:42;reduction:84,544,601084,326989696,,,,,,,,,,,
163,17,169,169,328,169,0,8,lane_first,tdw,balanced,False,reduction:5;reduction:11;reduction:21;reduction:42;reduction:84,544,601410,327167040,,,,,,,,,,,
163,17,170,170,328,170,0,8,lane_first,tdw,balanced,False,reduction:5;reduction:11;reduction:21;reduction:42;reduction:85,544,608078,330794432,,,,,,,,,,,
163,17,171,171,328,171,0,8,lane_first,tdw,balanced,False,reduction:5;reduction:11;reduction:21;reduction:43;reduction:85,544,608404,330971776,,,,,,,,,,,
163,17,172,172,328,172,0,8,lane_first,tdw,balanced,False,reduction:5;reduction:11;reduction:21;reduction:43;reduction:86,544,615235,334687840,,,,,,,,,,,
163,17,173,173,328,173,0,8,lane_first,tdw,balanced,False,reduction:5;reduction:11;reduction:22;reduction:43;reduction:86,544,615561,334865184,,,,,,,,,,,
163,17,174,174,328,174,0,8,lane_first,tdw,balanced,False,reduction:5;reduction:11;reduction:22;reduction:43;reduction:87,544,622229,338492576,,,,,,,,,,,
163,17,175,175,328,175,0,8,lane_first,tdw,balanced,False,reduction:5;reduction:11;reduction:22;reduction:44;reduction:87,544,622555,338669920,,,,,,,,,,,
163,17,176,176,328,176,0,8,lane_first,tdw,balanced,False,reduction:5;reduction:11;reduction:22;reduction:44;reduction:88,544,629386,342385984,,,,,,,,,,,
163,17,177,177,328,177,0,8,lane_first,tdw,balanced,False,reduction:6;reduction:11;reduction:22;reduction:44;reduction:88,544,629712,342563328,,,,,,,,,,,
163,17,178,178,328,178,0,8,lane_first,tdw,balanced,False,reduction:6;reduction:11;reduction:22;reduction:44;reduction:89,544,636380,346190720,,,,,,,,,,,
163,17,179,179,328,179,0,8,lane_first,tdw,balanced,False,reduction:6;reduction:11;reduction:22;reduction:45;reduction:89,544,636706,346368064,,,,,,,,,,,
163,17,180,180,328,180,0,8,lane_first,tdw,balanced,False,reduction:6;reduction:11;reduction:22;reduction:45;reduction:90,544,643537,350084128,,,,,,,,,,,
163,17,181,181,328,181,0,8,lane_first,tdw,balanced,False,reduction:6;reduction:11;reduction:23;reduction:45;reduction:90,544,643863,350261472,,,,,,,,,,,
163,17,182,182,328,182,0,8,lane_first,tdw,balanced,False,reduction:6;reduction:11;reduction:23;reduction:45;reduction:91,544,650531,353888864,,,,,,,,,,,
163,17,183,183,328,183,0,8,lane_first,tdw,balanced,False,reduction:6;reduction:11;reduction:23;reduction:46;reduction:91,544,650857,354066208,,,,,,,,,,,
163,17,184,184,328,184,0,8,lane_first,tdw,balanced,False,reduction:6;reduction:11;reduction:23;reduction:46;reduction:92,544,657688,357782272,,,,,,,,,,,
163,17,185,185,328,185,0,8,lane_first,tdw,balanced,False,reduction:6;reduction:12;reduction:23;reduction:46;reduction:92,544,658014,357959616,,,,,,,,,,,
163,17,186,186,328,186,0,8,lane_first,tdw,balanced,False,reduction:6;reduction:12;reduction:23;reduction:46;reduction:93,544,664682,361587008,,,,,,,,,,,
163,17,187,187,328,187,0,8,lane_first,tdw,balanced,False,reduction:6;reduction:12;reduction:23;reduction:47;reduction:93,544,665008,361764352,,,,,,,,,,,
163,17,188,188,328,188,0,8,lane_first,tdw,balanced,False,reduction:6;reduction:12;reduction:23;reduction:47;reduction:94,544,671839,365480416,,,,,,,,,,,
163,17,189,189,328,189,0,8,lane_first,tdw,balanced,False,reduction:6;reduction:12;reduction:24;reduction:47;reduction:94,544,672165,365657760,,,,,,,,,,,
163,17,190,190,328,190,0,8,lane_first,tdw,balanced,False,reduction:6;reduction:12;reduction:24;reduction:47;reduction:95,544,678833,369285152,,,,,,,,,,,
163,17,191,191,328,191,0,8,lane_first,tdw,balanced,False,reduction:6;reduction:12;reduction:24;reduction:48;reduction:95,544,679159,369462496,,,,,,,,,,,
163,17,192,192,328,192,0,8,lane_first,tdw,balanced,False,reduction:6;reduction:12;reduction:24;reduction:48;reduction:96,544,685990,373178560,,,,,,,,,,,
163,17,193,193,328,193,0,8,lane_first,tdw,balanced,False,reduction:6;reduction:12;reduction:24;reduction:48;reduction:96,552,686316,378846432,,,,,,,,,,,
163,17,194,194,328,194,0,8,lane_first,tdw,balanced,False,reduction:6;reduction:12;reduction:24;reduction:48;reduction:97,552,692984,382527168,,,,,,,,,,,
163,17,195,195,328,195,0,8,lane_first,tdw,balanced,False,reduction:6;reduction:12;reduction:24;reduction:49;reduction:97,552,693310,382707120,,,,,,,,,,,
163,17,196,196,328,196,0,8,lane_first,tdw,balanced,False,reduction:6;reduction:12;reduction:24;reduction:49;reduction:98,552,700141,386477832,,,,,,,,,,,
163,17,197,197,328,197,0,8,lane_first,tdw,balanced,False,reduction:6;reduction:12;reduction:25;reduction:49;reduction:98,552,700467,386657784,,,,,,,,,,,
163,17,198,198,328,198,0,8,lane_first,tdw,balanced,False,reduction:6;reduction:12;reduction:25;reduction:49;reduction:99,552,707135,390338520,,,,,,,,,,,
163,17,199,199,328,199,0,8,lane_first,tdw,balanced,False,reduction:6;reduction:12;reduction:25;reduction:50;reduction:99,552,707461,390518472,,,,,,,,,,,
163,17,200,200,328,200,0,8,lane_first,tdw,balanced,False,reduction:6;reduction:12;reduction:25;reduction:50;reduction:100,552,714292,394289184,,,,,,,,,,,
163,17,201,201,328,201,0,8,lane_first,tdw,balanced,False,reduction:6;reduction:13;reduction:25;reduction:50;reduction:100,552,714618,394469136,,,,,,,,,,,
163,17,202,202,328,202,0,8,lane_first,tdw,balanced,False,reduction:6;reduction:13;reduction:25;reduction:50;reduction:101,552,721286,398149872,,,,,,,,,,,
163,17,203,203,328,203,0,8,lane_first,tdw,balanced,False,reduction:6;reduction:13;reduction:25;reduction:51;reduction:101,552,721612,398329824,,,,,,,,,,,
163,17,204,204,328,204,0,8,lane_first,tdw,balanced,False,reduction:6;reduction:13;reduction:25;reduction:51;reduction:102,552,728443,402100536,,,,,,,,,,,
163,17,205,205,328,205,0,8,lane_first,tdw,balanced,False,reduction:6;reduction:13;reduction:26;reduction:51;reduction:102,552,728769,402280488,,,,,,,,,,,
163,17,206,206,328,206,0,8,lane_first,tdw,balanced,False,reduction:6;reduction:13;reduction:26;reduction:51;reduction:103,552,735437,405961224,,,,,,,,,,,
163,17,207,207,328,207,0,8,lane_first,tdw,balanced,False,reduction:6;reduction:13;reduction:26;reduction:52;reduction:103,552,735763,406141176,,,,,,,,,,,
163,17,208,208,328,208,0,8,lane_first,tdw,balanced,False,reduction:6;reduction:13;reduction:26;reduction:52;reduction:104,552,742594,409911888,,,,,,,,,,,
163,17,209,209,328,209,0,8,lane_first,tdw,balanced,False,reduction:13;reduction:26;reduction:52;reduction:104,552,742920,410091840,,,,,,,,,,,
163,17,210,210,328,210,0,8,lane_first,tdw,balanced,False,reduction:13;reduction:26;reduction:52;reduction:105,552,749588,413772576,,,,,,,,,,,
163,17,211,211,328,211,0,8,lane_first,tdw,balanced,False,reduction:13;reduction:26;reduction:53;reduction:105,552,749914,413952528,,,,,,,,,,,
163,17,212,212,328,212,0,8,lane_first,tdw,balanced,False,reduction:13;reduction:26;reduction:53;reduction:106,552,756745,417723240,,,,,,,,,,,
163,17,213,213,328,213,0,8,lane_first,tdw,balanced,False,reduction:13;reduction:53;reduction:106,552,757071,417903192,,,,,,,,,,,
163,17,214,214,328,214,0,8,lane_first,tdw,balanced,False,reduction:13;reduction:53;reduction:107,552,763739,421583928,,,,,,,,,,,
163,17,215,215,328,215,0,8,lane_first,tdw,balanced,False,reduction:13;reduction:54;reduction:107,552,764065,421763880,,,,,,,,,,,
163,17,216,216,328,216,0,8,lane_first,tdw,balanced,False,reduction:13;reduction:54;reduction:108,552,770896,425534592,,,,,,,,,,,
163,17,217,217,328,217,0,8,lane_first,tdw,balanced,False,reduction:54;reduction:108,552,771222,425714544,,,,,,,,,,,
163,17,218,218,328,218,0,8,lane_first,tdw,balanced,False,reduction:54;reduction:109,552,777890,429395280,,,,,,,,,,,
163,17,219,219,328,219,0,8,lane_first,tdw,balanced,False,reduction:55;reduction:109,552,778216,429575232,,,,,,,,,,,
163,17,220,220,328,220,0,8,lane_first,tdw,balanced,False,reduction:55;reduction:110,552,785047,433345944,,,,,,,,,,,
163,17,221,221,328,221,0,8,lane_first,tdw,balanced,False,reduction:28;reduction:55;reduction:110,552,785373,433525896,,,,,,,,,,,
163,17,222,222,328,222,0,8,lane_first,tdw,balanced,False,reduction:28;reduction:55;reduction:111,552,792041,437206632,,,,,,,,,,,
163,17,223,223,328,223,0,8,lane_first,tdw,balanced,False,reduction:28;reduction:56;reduction:111,552,792367,437386584,,,,,,,,,,,
163,17,224,224,328,224,0,8,lane_first,tdw,balanced,False,reduction:28;reduction:56;reduction:112,552,799198,441157296,,,,,,,,,,,
163,17,225,225,328,225,0,8,lane_first,tdw,balanced,False,reduction:4;reduction:28;reduction:56;reduction:112,552,799524,441337248,,,,,,,,,,,
163,17,226,226,328,226,0,8,lane_first,tdw,balanced,False,reduction:4;reduction:28;reduction:56;reduction:113,552,806192,445017984,,,,,,,,,,,
163,17,227,227,328,227,0,8,lane_first,tdw,balanced,False,reduction:4;reduction:28;reduction:57;reduction:113,552,806518,445197936,,,,,,,,,,,
163,17,228,228,328,228,0,8,lane_first,tdw,balanced,False,reduction:4;reduction:28;reduction:57;reduction:114,552,813349,448968648,,,,,,,,,,,
163,17,229,229,328,229,0,8,lane_first,tdw,balanced,False,reduction:4;reduction:29;reduction:57;reduction:114,552,813675,449148600,,,,,,,,,,,
163,17,230,230,328,230,0,8,lane_first,tdw,balanced,False,reduction:4;reduction:29;reduction:57;reduction:115,552,820343,452829336,,,,,,,,,,,
163,17,231,231,328,231,0,8,lane_first,tdw,balanced,False,reduction:4;reduction:29;reduction:58;reduction:115,552,820669,453009288,,,,,,,,,,,
163,17,232,232,328,232,0,8,lane_first,tdw,balanced,False,reduction:4;reduction:29;reduction:58;reduction:116,552,827500,456780000,,,,,,,,,,,
163,17,233,233,328,233,0,8,lane_first,tdw,balanced,False,reduction:4;reduction:15;reduction:29;reduction:58;reduction:116,552,827826,456959952,,,,,,,,,,,
163,17,234,234,328,234,0,8,lane_first,tdw,balanced,False,reduction:4;reduction:15;reduction:29;reduction:58;reduction:117,552,834494,460640688,,,,,,,,,,,
163,17,235,235,328,235,0,8,lane_first,tdw,balanced,False,reduction:4;reduction:15;reduction:29;reduction:59;reduction:117,552,834820,460820640,,,,,,,,,,,
163,17,236,236,328,236,0,8,lane_first,tdw,balanced,False,reduction:4;reduction:15;reduction:29;reduction:59;reduction:118,552,841651,464591352,,,,,,,,,,,
163,17,237,237,328,237,0,8,lane_first,tdw,balanced,False,reduction:4;reduction:15;reduction:30;reduction:59;reduction:118,552,841977,464771304,,,,,,,,,,,
163,17,238,238,328,238,0,8,lane_first,tdw,balanced,False,reduction:4;reduction:15;reduction:30;reduction:59;reduction:119,552,848645,468452040,,,,,,,,,,,
163,17,239,239,328,239,0,8,lane_first,tdw,balanced,False,reduction:4;reduction:15;reduction:30;reduction:60;reduction:119,552,848971,468631992,,,,,,,,,,,
163,17,240,240,328,240,0,8,lane_first,tdw,balanced,False,reduction:4;reduction:15;reduction:30;reduction:60;reduction:120,552,855802,472402704,,,,,,,,,,,
163,17,241,241,328,241,0,8,lane_first,tdw,balanced,False,reduction:4;reduction:8;reduction:15;reduction:30;reduction:60;reduction:120,552,856128,472582656,,,,,,,,,,,
163,17,242,242,328,242,0,8,lane_first,tdw,balanced,False,reduction:4;reduction:8;reduction:15;reduction:30;reduction:60;reduction:121,552,862796,476263392,,,,,,,,,,,
163,17,243,243,328,243,0,8,lane_first,tdw,balanced,False,reduction:4;reduction:8;reduction:15;reduction:30;reduction:61;reduction:121,552,863122,476443344,,,,,,,,,,,
163,17,244,244,328,244,0,8,lane_first,tdw,balanced,False,reduction:4;reduction:8;reduction:15;reduction:30;reduction:61;reduction:122,552,869953,480214056,,,,,,,,,,,
163,17,245,245,328,245,0,8,lane_first,tdw,balanced,False,reduction:4;reduction:8;reduction:15;reduction:31;reduction:61;reduction:122,552,870279,480394008,,,,,,,,,,,
163,17,246,246,328,246,0,8,lane_first,tdw,balanced,False,reduction:4;reduction:8;reduction:15;reduction:31;reduction:61;reduction:123,552,876947,484074744,,,,,,,,,,,
163,17,247,247,328,247,0,8,lane_first,tdw,balanced,False,reduction:4;reduction:8;reduction:15;reduction:31;reduction:62;reduction:123,552,877273,484254696,,,,,,,,,,,
163,17,248,248,328,248,0,8,lane_first,tdw,balanced,False,reduction:4;reduction:8;reduction:15;reduction:31;reduction:62;reduction:124,552,884104,488025408,,,,,,,,,,,
163,17,249,249,328,249,0,8,lane_first,tdw,balanced,False,reduction:4;reduction:8;reduction:16;reduction:31;reduction:62;reduction:124,552,884430,488205360,,,,,,,,,,,
163,17,250,250,328,250,0,8,lane_first,tdw,balanced,False,reduction:4;reduction:8;reduction:16;reduction:31;reduction:62;reduction:125,552,891098,491886096,,,,,,,,,,,
163,17,251,251,328,251,0,8,lane_first,tdw,balanced,False,reduction:4;reduction:8;reduction:16;reduction:31;reduction:63;reduction:125,552,891424,492066048,,,,,,,,,,,
163,17,252,252,328,252,0,8,lane_first,tdw,balanced,False,reduction:4;reduction:8;reduction:16;reduction:31;reduction:63;reduction:126,552,898255,495836760,,,,,,,,,,,
163,17,253,253,328,253,0,8,lane_first,tdw,balanced,False,reduction:4;reduction:8;reduction:16;reduction:32;reduction:63;reduction:126,552,898581,496016712,,,,,,,,,,,
163,17,254,254,328,254,0,8,lane_first,tdw,balanced,False,reduction:4;reduction:8;reduction:16;reduction:32;reduction:63;reduction:127,552,905249,499697448,,,,,,,,,,,
163,17,255,255,328,255,0,8,lane_first,tdw,balanced,False,reduction:4;reduction:8;reduction:16;reduction:32;reduction:64;reduction:127,552,905575,499877400,,,,,,,,,,,
163,17,256,256,328,256,0,8,lane_first,tdw,balanced,False,reduction:4;reduction:8;reduction:16;reduction:32;reduction:64;reduction:128,552,912406,503648112,,,,,,,,,,,
163,17,257,257,328,257,0,9,lane_first,tdw,balanced,False,reduction:4;reduction:8;reduction:16;reduction:32;reduction:64;reduction:128,592,912732,540337344,,,,,,,,,,,
163,17,258,258,328,258,0,9,lane_first,tdw,balanced,False,reduction:4;reduction:8;reduction:16;reduction:32;reduction:64;reduction:129,600,919400,551640000,,,,,,,,,,,
163,17,259,259,328,259,0,9,lane_first,tdw,balanced,False,reduction:4;reduction:8;reduction:16;reduction:32;reduction:65;reduction:129,608,919726,559193408,,,,,,,,,,,
163,17,260,260,328,260,0,9,lane_first,tdw,balanced,False,reduction:4;reduction:8;reduction:16;reduction:32;reduction:65;reduction:130,608,926557,563346656,,,,,,,,,,,
163,17,261,261,328,261,0,9,lane_first,tdw,balanced,False,reduction:4;reduction:8;reduction:16;reduction:33;reduction:65;reduction:130,616,926883,570959928,,,,,,,,,,,
163,17,262,262,328,262,0,9,lane_first,tdw,balanced,False,reduction:4;reduction:8;reduction:16;reduction:33;reduction:65;reduction:131,616,933551,575067416,,,,,,,,,,,
163,17,263,263,328,263,0,9,lane_first,tdw,balanced,False,reduction:4;reduction:8;reduction:16;reduction:33;reduction:66;reduction:131,616,933877,575268232,,,,,,,,,,,
163,17,264,264,328,264,0,9,lane_first,tdw,balanced,False,reduction:4;reduction:8;reduction:16;reduction:33;reduction:66;reduction:132,616,940708,579476128,,,,,,,,,,,
163,17,265,265,328,265,0,9,lane_first,tdw,balanced,False,reduction:4;reduction:8;reduction:17;reduction:33;reduction:66;reduction:132,624,941034,587205216,,,,,,,,,,,
163,17,266,266,328,266,0,9,lane_first,tdw,balanced,False,reduction:4;reduction:8;reduction:17;reduction:33;reduction:66;reduction:133,624,947702,591366048,,,,,,,,,,,
163,17,267,267,328,267,0,9,lane_first,tdw,balanced,False,reduction:4;reduction:8;reduction:17;reduction:33;reduction:67;reduction:133,624,948028,591569472,,,,,,,,,,,
163,17,268,268,328,268,0,9,lane_first,tdw,balanced,False,reduction:4;reduction:8;reduction:17;reduction:33;reduction:67;reduction:134,624,954859,595832016,,,,,,,,,,,
163,17,269,269,328,269,0,9,lane_first,tdw,balanced,False,reduction:4;reduction:8;reduction:17;reduction:34;reduction:67;reduction:134,624,955185,596035440,,,,,,,,,,,
163,17,270,270,328,270,0,9,lane_first,tdw,balanced,False,reduction:4;reduction:8;reduction:17;reduction:34;reduction:67;reduction:135,624,961853,600196272,,,,,,,,,,,
163,17,271,271,328,271,0,9,lane_first,tdw,balanced,False,reduction:4;reduction:8;reduction:17;reduction:34;reduction:68;reduction:135,624,962179,600399696,,,,,,,,,,,
163,17,272,272,328,272,0,9,lane_first,tdw,balanced,False,reduction:4;reduction:8;reduction:17;reduction:34;reduction:68;reduction:136,624,969010,604662240,,,,,,,,,,,
163,17,273,273,328,273,0,9,lane_first,tdw,balanced,False,reduction:4;reduction:9;reduction:17;reduction:34;reduction:68;reduction:136,632,969336,612620352,,,,,,,,,,,
163,17,274,274,328,274,0,9,lane_first,tdw,balanced,False,reduction:4;reduction:9;reduction:17;reduction:34;reduction:68;reduction:137,632,976004,616834528,,,,,,,,,,,
163,17,275,275,328,275,0,9,lane_first,tdw,balanced,False,reduction:4;reduction:9;reduction:17;reduction:34;reduction:69;reduction:137,632,976330,617040560,,,,,,,,,,,
163,17,276,276,328,276,0,9,lane_first,tdw,balanced,False,reduction:4;reduction:9;reduction:17;reduction:34;reduction:69;reduction:138,632,983161,621357752,,,,,,,,,,,
163,17,277,277,328,277,0,9,lane_first,tdw,balanced,False,reduction:4;reduction:9;reduction:17;reduction:35;reduction:69;reduction:138,632,983487,621563784,,,,,,,,,,,
163,17,278,278,328,278,0,9,lane_first,tdw,balanced,False,reduction:4;reduction:9;reduction:17;reduction:35;reduction:69;reduction:139,632,990155,625777960,,,,,,,,,,,
163,17,279,279,328,279,0,9,lane_first,tdw,balanced,False,reduction:4;reduction:9;reduction:17;reduction:35;reduction:70;reduction:139,632,990481,625983992,,,,,,,,,,,
163,17,280,280,328,280,0,9,lane_first,tdw,balanced,False,reduction:4;reduction:9;reduction:17;reduction:35;reduction:70;reduction:140,632,997312,630301184,,,,,,,,,,,
163,17,281,281,328,281,0,9,lane_first,tdw,balanced,False,reduction:4;reduction:9;reduction:18;reduction:35;reduction:70;reduction:140,632,997638,630507216,,,,,,,,,,,
163,17,282,282,328,282,0,9,lane_first,tdw,balanced,False,reduction:4;reduction:9;reduction:18;reduction:35;reduction:70;reduction:141,632,1004306,634721392,,,,,,,,,,,
163,17,283,283,328,283,0,9,lane_first,tdw,balanced,False,reduction:4;reduction:9;reduction:18;reduction:35;reduction:71;reduction:141,632,1004632,634927424,,,,,,,,,,,
163,17,284,284,328,284,0,9,lane_first,tdw,balanced,False,reduction:4;reduction:9;reduction:18;reduction:35;reduction:71;reduction:142,632,1011463,639244616,,,,,,,,,,,
163,17,285,285,328,285,0,9,lane_first,tdw,balanced,False,reduction:4;reduction:9;reduction:18;reduction:36;reduction:71;reduction:142,632,1011789,639450648,,,,,,,,,,,
163,17,286,286,328,286,0,9,lane_first,tdw,balanced,False,reduction:4;reduction:9;reduction:18;reduction:36;reduction:71;reduction:143,632,1018457,643664824,,,,,,,,,,,
163,17,287,287,328,287,0,9,lane_first,tdw,balanced,False,reduction:4;reduction:9;reduction:18;reduction:36;reduction:72;reduction:143,632,1018783,643870856,,,,,,,,,,,
163,17,288,288,328,288,0,9,lane_first,tdw,balanced,False,reduction:4;reduction:9;reduction:18;reduction:36;reduction:72;reduction:144,632,1025614,648188048,,,,,,,,,,,
163,17,289,289,328,289,0,9,lane_first,tdw,balanced,False,reduction:5;reduction:9;reduction:18;reduction:36;reduction:72;reduction:144,640,1025940,656601600,,,,,,,,,,,
163,17,290,290,328,290,0,9,lane_first,tdw,balanced,False,reduction:5;reduction:9;reduction:18;reduction:36;reduction:72;reduction:145,640,1032608,660869120,,,,,,,,,,,
163,17,291,291,328,291,0,9,lane_first,tdw,balanced,False,reduction:5;reduction:9;reduction:18;reduction:36;reduction:73;reduction:145,640,1032934,661077760,,,,,,,,,,,
163,17,292,292,328,292,0,9,lane_first,tdw,balanced,False,reduction:5;reduction:9;reduction:18;reduction:36;reduction:73;reduction:146,640,1039765,665449600,,,,,,,,,,,
163,17,293,293,328,293,0,9,lane_first,tdw,balanced,False,reduction:5;reduction:9;reduction:18;reduction:37;reduction:73;reduction:146,640,1040091,665658240,,,,,,,,,,,
163,17,294,294,328,294,0,9,lane_first,tdw,balanced,False,reduction:5;reduction:9;reduction:18;reduction:37;reduction:73;reduction:147,640,1046759,669925760,,,,,,,,,,,
163,17,295,295,328,295,0,9,lane_first,tdw,balanced,False,reduction:5;reduction:9;reduction:18;reduction:37;reduction:74;reduction:147,640,1047085,670134400,,,,,,,,,,,
163,17,296,296,328,296,0,9,lane_first,tdw,balanced,False,reduction:5;reduction:9;reduction:18;reduction:37;reduction:74;reduction:148,640,1053916,674506240,,,,,,,,,,,
163,17,297,297,328,297,0,9,lane_first,tdw,balanced,False,reduction:5;reduction:9;reduction:19;reduction:37;reduction:74;reduction:148,640,1054242,674714880,,,,,,,,,,,
163,17,298,298,328,298,0,9,lane_first,tdw,balanced,False,reduction:5;reduction:9;reduction:19;reduction:37;reduction:74;reduction:149,640,1060910,678982400,,,,,,,,,,,
163,17,299,299,328,299,0,9,lane_first,tdw,balanced,False,reduction:5;reduction:9;reduction:19;reduction:37;reduction:75;reduction:149,640,1061236,679191040,,,,,,,,,,,
163,17,300,300,328,300,0,9,lane_first,tdw,balanced,False,reduction:5;reduction:9;reduction:19;reduction:37;reduction:75;reduction:150,640,1068067,683562880,,,,,,,,,,,
163,17,301,301,328,301,0,9,lane_first,tdw,balanced,False,reduction:5;reduction:9;reduction:19;reduction:38;reduction:75;reduction:150,640,1068393,683771520,,,,,,,,,,,
163,17,302,302,328,302,0,9,lane_first,tdw,balanced,False,reduction:5;reduction:9;reduction:19;reduction:38;reduction:75;reduction:151,640,1075061,688039040,,,,,,,,,,,
163,17,303,303,328,303,0,9,lane_first,tdw,balanced,False,reduction:5;reduction:9;reduction:19;reduction:38;reduction:76;reduction:151,640,1075387,688247680,,,,,,,,,,,
163,17,304,304,328,304,0,9,lane_first,tdw,balanced,False,reduction:5;reduction:9;reduction:19;reduction:38;reduction:76;reduction:152,640,1082218,692619520,,,,,,,,,,,
163,17,305,305,328,305,0,9,lane_first,tdw,balanced,False,reduction:5;reduction:10;reduction:19;reduction:38;reduction:76;reduction:152,640,1082544,692828160,,,,,,,,,,,
163,17,306,306,328,306,0,9,lane_first,tdw,balanced,False,reduction:5;reduction:10;reduction:19;reduction:38;reduction:76;reduction:153,640,1089212,697095680,,,,,,,,,,,
163,17,307,307,328,307,0,9,lane_first,tdw,balanced,False,reduction:5;reduction:10;reduction:19;reduction:38;reduction:77;reduction:153,640,1089538,697304320,,,,,,,,,,,
163,17,308,308,328,308,0,9,lane_first,tdw,balanced,False,reduction:5;reduction:10;reduction:19;reduction:38;reduction:77;reduction:154,640,1096369,701676160,,,,,,,,,,,
163,17,309,309,328,309,0,9,lane_first,tdw,balanced,False,reduction:5;reduction:10;reduction:19;reduction:39;reduction:77;reduction:154,640,1096695,701884800,,,,,,,,,,,
163,17,310,310,328,310,0,9,lane_first,tdw,balanced,False,reduction:5;reduction:10;reduction:19;reduction:39;reduction:77;reduction:155,640,1103363,706152320,,,,,,,,,,,
163,17,311,311,328,311,0,9,lane_first,tdw,balanced,False,reduction:5;reduction:10;reduction:19;reduction:39;reduction:78;reduction:155,640,1103689,706360960,,,,,,,,,,,
163,17,312,312,328,312,0,9,lane_first,tdw,balanced,False,reduction:5;reduction:10;reduction:19;reduction:39;reduction:78;reduction:156,640,1110520,710732800,,,,,,,,,,,
163,17,313,313,328,313,0,9,lane_first,tdw,balanced,False,reduction:5;reduction:10;reduction:20;reduction:39;reduction:78;reduction:156,640,1110846,710941440,,,,,,,,,,,
163,17,314,314,328,314,0,9,lane_first,tdw,balanced,False,reduction:5;reduction:10;reduction:20;reduction:39;reduction:78;reduction:157,640,1117514,715208960,,,,,,,,,,,
163,17,315,315,328,315,0,9,lane_first,tdw,balanced,False,reduction:5;reduction:10;reduction:20;reduction:39;reduction:79;reduction:157,640,1117840,715417600,,,,,,,,,,,
163,17,316,316,328,316,0,9,lane_first,tdw,balanced,False,reduction:5;reduction:10;reduction:20;reduction:39;reduction:79;reduction:158,640,1124671,719789440,,,,,,,,,,,
163,17,317,317,328,317,0,9,lane_first,tdw,balanced,False,reduction:5;reduction:10;reduction:20;reduction:40;reduction:79;reduction:158,640,1124997,719998080,,,,,,,,,,,
163,17,318,318,328,318,0,9,lane_first,tdw,balanced,False,reduction:5;reduction:10;reduction:20;reduction:40;reduction:79;reduction:159,640,1131665,724265600,,,,,,,,,,,
163,17,319,319,328,319,0,9,lane_first,tdw,balanced,False,reduction:5;reduction:10;reduction:20;reduction:40;reduction:80;reduction:159,640,1131991,724474240,,,,,,,,,,,
163,17,320,320,328,320,0,9,lane_first,tdw,balanced,False,reduction:5;reduction:10;reduction:20;reduction:40;reduction:80;reduction:160,640,1138822,728846080,,,,,,,,,,,
163,17,321,321,328,321,0,9,lane_first,tdw,balanced,False,reduction:5;reduction:10;reduction:20;reduction:40;reduction:80;reduction:160,648,1139148,738167904,,,,,,,,,,,
163,17,322,322,328,322,0,9,lane_first,tdw,balanced,False,reduction:5;reduction:10;reduction:20;reduction:40;reduction:80;reduction:161,648,1145816,742488768,,,,,,,,,,,
163,17,323,323,328,323,0,9,lane_first,tdw,balanced,False,reduction:5;reduction:10;reduction:20;reduction:40;reduction:81;reduction:161,648,1146142,742700016,,,,,,,,,,,
163,17,324,324,328,324,0,9,lane_first,tdw,balanced,False,reduction:5;reduction:10;reduction:20;reduction:40;reduction:81;reduction:162,648,1152973,747126504,,,,,,,,,,,
163,17,325,325,328,325,0,9,lane_first,tdw,balanced,False,reduction:5;reduction:10;reduction:20;reduction:41;reduction:81;reduction:162,648,1153299,747337752,,,,,,,,,,,
163,17,326,326,328,326,0,9,lane_first,tdw,balanced,False,reduction:5;reduction:10;reduction:20;reduction:41;reduction:81;reduction:163,648,1159967,751658616,,,,,,,,,,,
163,17,327,327,328,327,0,9,lane_first,tdw,balanced,False,reduction:5;reduction:10;reduction:20;reduction:41;reduction:82;reduction:163,648,1160293,751869864,,,,,,,,,,,
163,17,328,328,328,328,0,9,lane_first,tdw,balanced,False,reduction:5;reduction:10;reduction:20;reduction:41;reduction:82;reduction:164,640,1167124,746959360,,,,,,,,,,,
163,18,1,1,328,19,18,0,lane_first,tdw,balanced,False,tail:1,36699544,27428,1006595092832,,,,,,,,,,,
163,18,2,2,328,20,9,1,lane_first,tdw,balanced,False,tail:2,17825596,33607,599064804772,,,,,,,,,,,
163,18,3,3,328,21,6,2,lane_first,tdw,balanced,False,tail:3,11534336,39623,457024995328,,,,,,,,,,,
163,18,4,4,328,20,4,2,lane_first,tdw,balanced,False,tail:4,7348224,44172,324585750528,,,,,,,,,,,
163,18,5,5,328,20,3,3,lane_first,tdw,balanced,False,tail:5,5275732,49373,260478716036,,,,,,,,,,,
163,18,6,6,328,22,3,3,lane_first,tdw,balanced,False,tail:4;tail:6,5243024,53107,278441275568,,,,,,,,,,,
163,18,7,7,328,21,2,3,lane_first,tdw,balanced,False,tail:7,3162236,60753,192115323708,,,,,,,,,,,
163,18,8,8,328,24,2,3,lane_first,tdw,balanced,False,reduction:4;tail:8,3146132,68562,215705102184,,,,,,,,,,,
163,18,9,9,328,22,2,4,lane_first,tdw,balanced,False,reduction:4;tail:4;tail:9,3145948,68873,216670876604,,,,,,,,,,,
163,18,10,10,328,20,1,4,lane_first,tdw,balanced,False,reduction:5;tail:10,1310904,75867,99454353768,,,,,,,,,,,
163,18,11,11,328,22,1,4,lane_first,tdw,balanced,False,reduction:5;tail:11,1081548,82698,89441856504,,,,,,,,,,,
163,18,12,12,328,24,1,4,lane_first,tdw,balanced,False,reduction:6;tail:12,1056980,89692,94802650160,,,,,,,,,,,
163,18,13,13,328,26,1,4,lane_first,tdw,balanced,False,reduction:6;tail:13,1050852,96523,101431387596,,,,,,,,,,,
163,18,14,14,328,28,1,4,lane_first,tdw,balanced,False,tail:14,1049324,103517,108622872508,,,,,,,,,,,
163,18,15,15,328,30,1,4,lane_first,tdw,balanced,False,reduction:4;tail:15,1048948,110348,115749313904,,,,,,,,,,,
163,18,16,16,328,32,1,4,lane_first,tdw,balanced,False,reduction:4;reduction:8;tail:16,1048888,117342,123078615696,,,,,,,,,,,
163,18,17,17,328,34,1,5,lane_first,tdw,balanced,False,reduction:4;reduction:8;tail:17,1048908,124173,130246053084,,,,,,,,,,,
163,18,18,18,328,22,1,5,lane_first,tdw,balanced,False,reduction:4;reduction:9;tail:4,1048880,73600,77197568000,,,,,,,,,,,
163,18,19,19,328,19,0,5,lane_first,tdw,balanced,False,reduction:5;reduction:9,1048832,70666,74116762112,,,,,,,,,,,
163,18,20,20,328,20,0,5,lane_first,tdw,balanced,False,reduction:5;reduction:10,524544,77497,40650586368,,,,,,,,,,,
163,18,21,21,328,21,0,5,lane_first,tdw,balanced,False,reduction:5;reduction:10,262408,77823,20421377784,,,,,,,,,,,
163,18,22,22,328,22,0,5,lane_first,tdw,balanced,False,reduction:5;reduction:11,131336,84491,11096709976,,,,,,,,,,,
163,18,23,23,328,23,0,5,lane_first,tdw,balanced,False,reduction:6;reduction:11,131336,84817,11139525512,,,,,,,,,,,
163,18,24,24,328,24,0,5,lane_first,tdw,balanced,False,reduction:6;reduction:12,65800,91648,6030438400,,,,,,,,,,,
163,18,25,25,328,25,0,5,lane_first,tdw,balanced,False,reduction:6;reduction:12,65808,91974,6052624992,,,,,,,,,,,
163,18,26,26,328,26,0,5,lane_first,tdw,balanced,False,reduction:6;reduction:13,33040,98642,3259131680,,,,,,,,,,,
163,18,27,27,328,27,0,5,lane_first,tdw,balanced,False,reduction:13,33040,98968,3269902720,,,,,,,,,,,
163,18,28,28,328,28,0,5,lane_first,tdw,balanced,True,,16656,105799,1762188144,990952,281253180,105799,16656,383894,40615601306,1762188144,27386,h_u=2n,module_barriers,balanced_clean_arithmetic_retain_copied_outputs
163,18,29,29,328,29,0,5,lane_first,tdw,balanced,False,reduction:4,16656,106125,1767618000,,,,,,,,,,,
163,18,30,30,328,30,0,5,lane_first,tdw,balanced,False,reduction:4;reduction:15,8464,112793,954679952,,,,,,,,,,,
163,18,31,31,328,31,0,5,lane_first,tdw,balanced,False,reduction:4;reduction:8;reduction:15,8464,113119,957439216,,,,,,,,,,,
163,18,32,32,328,32,0,5,lane_first,tdw,balanced,False,reduction:4;reduction:8;reduction:16,8464,119950,1015256800,,,,,,,,,,,
163,18,33,33,328,33,0,6,lane_first,tdw,balanced,False,reduction:4;reduction:8;reduction:16,4408,120276,530176608,,,,,,,,,,,
163,18,34,34,328,34,0,6,lane_first,tdw,balanced,False,reduction:4;reduction:8;reduction:17,4416,126944,560584704,,,,,,,,,,,
163,18,35,35,328,35,0,6,lane_first,tdw,balanced,False,reduction:4;reduction:9;reduction:17,4424,127270,563042480,,,,,,,,,,,
163,18,36,36,328,36,0,6,lane_first,tdw,balanced,False,reduction:4;reduction:9;reduction:18,4424,134101,593262824,,,,,,,,,,,
163,18,37,37,328,37,0,6,lane_first,tdw,balanced,False,reduction:5;reduction:9;reduction:18,2384,134427,320473968,,,,,,,,,,,
163,18,38,38,328,38,0,6,lane_first,tdw,balanced,False,reduction:5;reduction:9;reduction:19,2384,141095,336370480,,,,,,,,,,,
163,18,39,39,328,39,0,6,lane_first,tdw,balanced,False,reduction:5;reduction:10;reduction:19,2384,141421,337147664,,,,,,,,,,,
163,18,40,40,328,40,0,6,lane_first,tdw,balanced,False,reduction:5;reduction:10;reduction:20,2384,148252,353432768,,,,,,,,,,,
163,18,41,41,328,41,0,6,lane_first,tdw,balanced,False,reduction:5;reduction:10;reduction:20,1368,148578,203254704,,,,,,,,,,,
163,18,42,42,328,42,0,6,lane_first,tdw,balanced,False,reduction:5;reduction:10;reduction:21,1368,155246,212376528,,,,,,,,,,,
163,18,43,43,328,43,0,6,lane_first,tdw,balanced,False,reduction:5;reduction:11;reduction:21,1368,155572,212822496,,,,,,,,,,,
163,18,44,44,328,44,0,6,lane_first,tdw,balanced,False,reduction:5;reduction:11;reduction:22,1368,162403,222167304,,,,,,,,,,,
163,18,45,45,328,45,0,6,lane_first,tdw,balanced,False,reduction:6;reduction:11;reduction:22,1368,162729,222613272,,,,,,,,,,,
163,18,46,46,328,46,0,6,lane_first,tdw,balanced,False,reduction:6;reduction:11;reduction:23,1368,169397,231735096,,,,,,,,,,,
163,18,47,47,328,47,0,6,lane_first,tdw,balanced,False,reduction:6;reduction:12;reduction:23,856,169723,145282888,,,,,,,,,,,
163,18,48,48,328,48,0,6,lane_first,tdw,balanced,False,reduction:6;reduction:12;reduction:24,856,176554,151130224,,,,,,,,,,,
163,18,49,49,328,49,0,6,lane_first,tdw,balanced,False,reduction:6;reduction:12;reduction:24,864,176880,152824320,,,,,,,,,,,
163,18,50,50,328,50,0,6,lane_first,tdw,balanced,False,reduction:6;reduction:12;reduction:25,864,183548,158585472,,,,,,,,,,,
163,18,51,51,328,51,0,6,lane_first,tdw,balanced,False,reduction:6;reduction:13;reduction:25,864,183874,158867136,,,,,,,,,,,
163,18,52,52,328,52,0,6,lane_first,tdw,balanced,False,reduction:6;reduction:13;reduction:26,864,190705,164769120,,,,,,,,,,,
163,18,53,53,328,53,0,6,lane_first,tdw,balanced,False,reduction:13;reduction:26,864,191031,165050784,,,,,,,,,,,
163,18,54,54,328,54,0,6,lane_first,tdw,balanced,False,reduction:13,864,197699,170811936,,,,,,,,,,,
163,18,55,55,328,55,0,6,lane_first,tdw,balanced,True,,608,198025,120399200,1122328,167316138,198025,608,264098,52298006450,120399200,53792,h_u=2n,module_barriers,balanced_clean_arithmetic_retain_copied_outputs
163,18,56,56,328,56,0,6,lane_first,tdw,balanced,False,reduction:28,608,204856,124552448,,,,,,,,,,,
163,18,57,57,328,57,0,6,lane_first,tdw,balanced,False,reduction:4;reduction:28,608,205182,124750656,,,,,,,,,,,
163,18,58,58,328,58,0,6,lane_first,tdw,balanced,False,reduction:4;reduction:29,608,211850,128804800,,,,,,,,,,,
163,18,59,59,328,59,0,6,lane_first,tdw,balanced,False,reduction:4;reduction:15;reduction:29,608,212176,129003008,,,,,,,,,,,
163,18,60,60,328,60,0,6,lane_first,tdw,balanced,False,reduction:4;reduction:15;reduction:30,608,219007,133156256,,,,,,,,,,,
163,18,61,61,328,61,0,6,lane_first,tdw,balanced,False,reduction:4;reduction:8;reduction:15;reduction:30,608,219333,133354464,,,,,,,,,,,
163,18,62,62,328,62,0,6,lane_first,tdw,balanced,False,reduction:4;reduction:8;reduction:15;reduction:31,608,226001,137408608,,,,,,,,,,,
163,18,63,63,328,63,0,6,lane_first,tdw,balanced,False,reduction:4;reduction:8;reduction:16;reduction:31,608,226327,137606816,,,,,,,,,,,
163,18,64,64,328,64,0,6,lane_first,tdw,balanced,False,reduction:4;reduction:8;reduction:16;reduction:32,608,233158,141760064,,,,,,,,,,,
163,18,65,65,328,65,0,7,lane_first,tdw,balanced,False,reduction:4;reduction:8;reduction:16;reduction:32,648,233484,151297632,,,,,,,,,,,
163,18,66,66,328,66,0,7,lane_first,tdw,balanced,False,reduction:4;reduction:8;reduction:16;reduction:33,528,240152,126800256,,,,,,,,,,,
163,18,67,67,328,67,0,7,lane_first,tdw,balanced,False,reduction:4;reduction:8;reduction:17;reduction:33,536,240478,128896208,,,,,,,,,,,
163,18,68,68,328,68,0,7,lane_first,tdw,balanced,False,reduction:4;reduction:8;reduction:17;reduction:34,536,247309,132557624,,,,,,,,,,,
163,18,69,69,328,69,0,7,lane_first,tdw,balanced,False,reduction:4;reduction:9;reduction:17;reduction:34,544,247635,134713440,,,,,,,,,,,
163,18,70,70,328,70,0,7,lane_first,tdw,balanced,False,reduction:4;reduction:9;reduction:17;reduction:35,544,254303,138340832,,,,,,,,,,,
163,18,71,71,328,71,0,7,lane_first,tdw,balanced,False,reduction:4;reduction:9;reduction:18;reduction:35,544,254629,138518176,,,,,,,,,,,
163,18,72,72,328,72,0,7,lane_first,tdw,balanced,False,reduction:4;reduction:9;reduction:18;reduction:36,544,261460,142234240,,,,,,,,,,,
163,18,73,73,328,73,0,7,lane_first,tdw,balanced,False,reduction:5;reduction:9;reduction:18;reduction:36,552,261786,144505872,,,,,,,,,,,
163,18,74,74,328,74,0,7,lane_first,tdw,balanced,False,reduction:5;reduction:9;reduction:18;reduction:37,552,268454,148186608,,,,,,,,,,,
163,18,75,75,328,75,0,7,lane_first,tdw,balanced,False,reduction:5;reduction:9;reduction:19;reduction:37,552,268780,148366560,,,,,,,,,,,
163,18,76,76,328,76,0,7,lane_first,tdw,balanced,False,reduction:5;reduction:9;reduction:19;reduction:38,552,275611,152137272,,,,,,,,,,,
163,18,77,77,328,77,0,7,lane_first,tdw,balanced,False,reduction:5;reduction:10;reduction:19;reduction:38,552,275937,152317224,,,,,,,,,,,
163,18,78,78,328,78,0,7,lane_first,tdw,balanced,False,reduction:5;reduction:10;reduction:19;reduction:39,552,282605,155997960,,,,,,,,,,,
163,18,79,79,328,79,0,7,lane_first,tdw,balanced,False,reduction:5;reduction:10;reduction:20;reduction:39,552,282931,156177912,,,,,,,,,,,
163,18,80,80,328,80,0,7,lane_first,tdw,balanced,False,reduction:5;reduction:10;reduction:20;reduction:40,552,289762,159948624,,,,,,,,,,,
163,18,81,81,328,81,0,7,lane_first,tdw,balanced,False,reduction:5;reduction:10;reduction:20;reduction:40,560,290088,162449280,,,,,,,,,,,
163,18,82,82,328,82,0,7,lane_first,tdw,balanced,False,reduction:5;reduction:10;reduction:20;reduction:41,496,296756,147190976,,,,,,,,,,,
163,18,83,83,328,83,0,7,lane_first,tdw,balanced,False,reduction:5;reduction:10;reduction:21;reduction:41,496,297082,147352672,,,,,,,,,,,
163,18,84,84,328,84,0,7,lane_first,tdw,balanced,False,reduction:5;reduction:10;reduction:21;reduction:42,496,303913,150740848,,,,,,,,,,,
163,18,85,85,328,85,0,7,lane_first,tdw,balanced,False,reduction:5;reduction:11;reduction:21;reduction:42,496,304239,150902544,,,,,,,,,,,
163,18,86,86,328,86,0,7,lane_first,tdw,balanced,False,reduction:5;reduction:11;reduction:21;reduction:43,496,310907,154209872,,,,,,,,,,,
163,18,87,87,328,87,0,7,lane_first,tdw,balanced,False,reduction:5;reduction:11;reduction:22;reduction:43,496,311233,154371568,,,,,,,,,,,
163,18,88,88,328,88,0,7,lane_first,tdw,balanced,False,reduction:5;reduction:11;reduction:22;reduction:44,496,318064,157759744,,,,,,,,,,,
163,18,89,89,328,89,0,7,lane_first,tdw,balanced,False,reduction:6;reduction:11;reduction:22;reduction:44,496,318390,157921440,,,,,,,,,,,
163,18,90,90,328,90,0,7,lane_first,tdw,balanced,False,reduction:6;reduction:11;reduction:22;reduction:45,496,325058,161228768,,,,,,,,,,,
163,18,91,91,328,91,0,7,lane_first,tdw,balanced,False,reduction:6;reduction:11;reduction:23;reduction:45,496,325384,161390464,,,,,,,,,,,
163,18,92,92,328,92,0,7,lane_first,tdw,balanced,False,reduction:6;reduction:11;reduction:23;reduction:46,496,332215,164778640,,,,,,,,,,,
163,18,93,93,328,93,0,7,lane_first,tdw,balanced,False,reduction:6;reduction:12;reduction:23;reduction:46,496,332541,164940336,,,,,,,,,,,
163,18,94,94,328,94,0,7,lane_first,tdw,balanced,False,reduction:6;reduction:12;reduction:23;reduction:47,496,339209,168247664,,,,,,,,,,,
163,18,95,95,328,95,0,7,lane_first,tdw,balanced,False,reduction:6;reduction:12;reduction:24;reduction:47,496,339535,168409360,,,,,,,,,,,
163,18,96,96,328,96,0,7,lane_first,tdw,balanced,False,reduction:6;reduction:12;reduction:24;reduction:48,496,346366,171797536,,,,,,,,,,,
163,18,97,97,328,97,0,7,lane_first,tdw,balanced,False,reduction:6;reduction:12;reduction:24;reduction:48,504,346692,174732768,,,,,,,,,,,
163,18,98,98,328,98,0,7,lane_first,tdw,balanced,False,reduction:6;reduction:12;reduction:24;reduction:49,504,353360,178093440,,,,,,,,,,,
163,18,99,99,328,99,0,7,lane_first,tdw,balanced,False,reduction:6;reduction:12;reduction:25;reduction:49,504,353686,178257744,,,,,,,,,,,
163,18,100,100,328,100,0,7,lane_first,tdw,balanced,False,reduction:6;reduction:12;reduction:25;reduction:50,504,360517,181700568,,,,,,,,,,,
163,18,101,101,328,101,0,7,lane_first,tdw,balanced,False,reduction:6;reduction:13;reduction:25;reduction:50,504,360843,181864872,,,,,,,,,,,
163,18,102,102,328,102,0,7,lane_first,tdw,balanced,False,reduction:6;reduction:13;reduction:25;reduction:51,504,367511,185225544,,,,,,,,,,,
163,18,103,103,328,103,0,7,lane_first,tdw,balanced,False,reduction:6;reduction:13;reduction:26;reduction:51,504,367837,185389848,,,,,,,,,,,
163,18,104,104,328,104,0,7,lane_first,tdw,balanced,False,reduction:6;reduction:13;reduction:26;reduction:52,504,374668,188832672,,,,,,,,,,,
163,18,105,105,328,105,0,7,lane_first,tdw,balanced,False,reduction:13;reduction:26;reduction:52,504,374994,188996976,,,,,,,,,,,
163,18,106,106,328,106,0,7,lane_first,tdw,balanced,False,reduction:13;reduction:26;reduction:53,504,381662,192357648,,,,,,,,,,,
163,18,107,107,328,107,0,7,lane_first,tdw,balanced,False,reduction:13;reduction:53,504,381988,192521952,,,,,,,,,,,
163,18,108,108,328,108,0,7,lane_first,tdw,balanced,False,reduction:13;reduction:54,504,388819,195964776,,,,,,,,,,,
163,18,109,109,328,109,0,7,lane_first,tdw,balanced,False,reduction:54,504,389145,196129080,,,,,,,,,,,
163,18,110,110,328,110,0,7,lane_first,tdw,balanced,False,reduction:55,472,395813,186823736,,,,,,,,,,,
163,18,111,111,328,111,0,7,lane_first,tdw,balanced,False,reduction:28;reduction:55,472,396139,186977608,,,,,,,,,,,
163,18,112,112,328,112,0,7,lane_first,tdw,balanced,False,reduction:28;reduction:56,472,402970,190201840,,,,,,,,,,,
163,18,113,113,328,113,0,7,lane_first,tdw,balanced,False,reduction:4;reduction:28;reduction:56,472,403296,190355712,,,,,,,,,,,
163,18,114,114,328,114,0,7,lane_first,tdw,balanced,False,reduction:4;reduction:28;reduction:57,472,409964,193503008,,,,,,,,,,,
163,18,115,115,328,115,0,7,lane_first,tdw,balanced,False,reduction:4;reduction:29;reduction:57,472,410290,193656880,,,,,,,,,,,
163,18,116,116,328,116,0,7,lane_first,tdw,balanced,False,reduction:4;reduction:29;reduction:58,472,417121,196881112,,,,,,,,,,,
163,18,117,117,328,117,0,7,lane_first,tdw,balanced,False,reduction:4;reduction:15;reduction:29;reduction:58,472,417447,197034984,,,,,,,,,,,
163,18,118,118,328,118,0,7,lane_first,tdw,balanced,False,reduction:4;reduction:15;reduction:29;reduction:59,472,424115,200182280,,,,,,,,,,,
163,18,119,119,328,119,0,7,lane_first,tdw,balanced,False,reduction:4;reduction:15;reduction:30;reduction:59,472,424441,200336152,,,,,,,,,,,
163,18,120,120,328,120,0,7,lane_first,tdw,balanced,False,reduction:4;reduction:15;reduction:30;reduction:60,472,431272,203560384,,,,,,,,,,,
163,18,121,121,328,121,0,7,lane_first,tdw,balanced,False,reduction:4;reduction:8;reduction:15;reduction:30;reduction:60,472,431598,203714256,,,,,,,,,,,
163,18,122,122,328,122,0,7,lane_first,tdw,balanced,False,reduction:4;reduction:8;reduction:15;reduction:30;reduction:61,472,438266,206861552,,,,,,,,,,,
163,18,123,123,328,123,0,7,lane_first,tdw,balanced,False,reduction:4;reduction:8;reduction:15;reduction:31;reduction:61,472,438592,207015424,,,,,,,,,,,
163,18,124,124,328,124,0,7,lane_first,tdw,balanced,False,reduction:4;reduction:8;reduction:15;reduction:31;reduction:62,472,445423,210239656,,,,,,,,,,,
163,18,125,125,328,125,0,7,lane_first,tdw,balanced,False,reduction:4;reduction:8;reduction:16;reduction:31;reduction:62,472,445749,210393528,,,,,,,,,,,
163,18,126,126,328,126,0,7,lane_first,tdw,balanced,False,reduction:4;reduction:8;reduction:16;reduction:31;reduction:63,472,452417,213540824,,,,,,,,,,,
163,18,127,127,328,127,0,7,lane_first,tdw,balanced,False,reduction:4;reduction:8;reduction:16;reduction:32;reduction:63,472,452743,213694696,,,,,,,,,,,
163,18,128,128,328,128,0,7,lane_first,tdw,balanced,False,reduction:4;reduction:8;reduction:16;reduction:32;reduction:64,472,459574,216918928,,,,,,,,,,,
163,18,129,129,328,129,0,8,lane_first,tdw,balanced,False,reduction:4;reduction:8;reduction:16;reduction:32;reduction:64,512,459900,235468800,,,,,,,,,,,
163,18,130,130,328,130,0,8,lane_first,tdw,balanced,False,reduction:4;reduction:8;reduction:16;reduction:32;reduction:65,520,466568,242615360,,,,,,,,,,,
163,18,131,131,328,131,0,8,lane_first,tdw,balanced,False,reduction:4;reduction:8;reduction:16;reduction:33;reduction:65,528,466894,246520032,,,,,,,,,,,
163,18,132,132,328,132,0,8,lane_first,tdw,balanced,False,reduction:4;reduction:8;reduction:16;reduction:33;reduction:66,528,473725,250126800,,,,,,,,,,,
163,18,133,133,328,133,0,8,lane_first,tdw,balanced,False,reduction:4;reduction:8;reduction:17;reduction:33;reduction:66,536,474051,254091336,,,,,,,,,,,
163,18,134,134,328,134,0,8,lane_first,tdw,balanced,False,reduction:4;reduction:8;reduction:17;reduction:33;reduction:67,536,480719,257665384,,,,,,,,,,,
163,18,135,135,328,135,0,8,lane_first,tdw,balanced,False,reduction:4;reduction:8;reduction:17;reduction:34;reduction:67,536,481045,257840120,,,,,,,,,,,
163,18,136,136,328,136,0,8,lane_first,tdw,balanced,False,reduction:4;reduction:8;reduction:17;reduction:34;reduction:68,536,487876,261501536,,,,,,,,,,,
163,18,137,137,328,137,0,8,lane_first,tdw,balanced,False,reduction:4;reduction:9;reduction:17;reduction:34;reduction:68,544,488202,265581888,,,,,,,,,,,
163,18,138,138,328,138,0,8,lane_first,tdw,balanced,False,reduction:4;reduction:9;reduction:17;reduction:34;reduction:69,544,494870,269209280,,,,,,,,,,,
163,18,139,139,328,139,0,8,lane_first,tdw,balanced,False,reduction:4;reduction:9;reduction:17;reduction:35;reduction:69,544,495196,269386624,,,,,,,,,,,
163,18,140,140,328,140,0,8,lane_first,tdw,balanced,False,reduction:4;reduction:9;reduction:17;reduction:35;reduction:70,544,502027,273102688,,,,,,,,,,,
163,18,141,141,328,141,0,8,lane_first,tdw,balanced,False,reduction:4;reduction:9;reduction:18;reduction:35;reduction:70,544,502353,273280032,,,,,,,,,,,
163,18,142,142,328,142,0,8,lane_first,tdw,balanced,False,reduction:4;reduction:9;reduction:18;reduction:35;reduction:71,544,509021,276907424,,,,,,,,,,,
163,18,143,143,328,143,0,8,lane_first,tdw,balanced,False,reduction:4;reduction:9;reduction:18;reduction:36;reduction:71,544,509347,277084768,,,,,,,,,,,
163,18,144,144,328,144,0,8,lane_first,tdw,balanced,False,reduction:4;reduction:9;reduction:18;reduction:36;reduction:72,544,516178,280800832,,,,,,,,,,,
163,18,145,145,328,145,0,8,lane_first,tdw,balanced,False,reduction:5;reduction:9;reduction:18;reduction:36;reduction:72,552,516504,285110208,,,,,,,,,,,
163,18,146,146,328,146,0,8,lane_first,tdw,balanced,False,reduction:5;reduction:9;reduction:18;reduction:36;reduction:73,552,523172,288790944,,,,,,,,,,,
163,18,147,147,328,147,0,8,lane_first,tdw,balanced,False,reduction:5;reduction:9;reduction:18;reduction:37;reduction:73,552,523498,288970896,,,,,,,,,,,
163,18,148,148,328,148,0,8,lane_first,tdw,balanced,False,reduction:5;reduction:9;reduction:18;reduction:37;reduction:74,552,530329,292741608,,,,,,,,,,,
163,18,149,149,328,149,0,8,lane_first,tdw,balanced,False,reduction:5;reduction:9;reduction:19;reduction:37;reduction:74,552,530655,292921560,,,,,,,,,,,
163,18,150,150,328,150,0,8,lane_first,tdw,balanced,False,reduction:5;reduction:9;reduction:19;reduction:37;reduction:75,552,537323,296602296,,,,,,,,,,,
163,18,151,151,328,151,0,8,lane_first,tdw,balanced,False,reduction:5;reduction:9;reduction:19;reduction:38;reduction:75,552,537649,296782248,,,,,,,,,,,
163,18,152,152,328,152,0,8,lane_first,tdw,balanced,False,reduction:5;reduction:9;reduction:19;reduction:38;reduction:76,552,544480,300552960,,,,,,,,,,,
163,18,153,153,328,153,0,8,lane_first,tdw,balanced,False,reduction:5;reduction:10;reduction:19;reduction:38;reduction:76,552,544806,300732912,,,,,,,,,,,
163,18,154,154,328,154,0,8,lane_first,tdw,balanced,False,reduction:5;reduction:10;reduction:19;reduction:38;reduction:77,552,551474,304413648,,,,,,,,,,,
163,18,155,155,328,155,0,8,lane_first,tdw,balanced,False,reduction:5;reduction:10;reduction:19;reduction:39;reduction:77,552,551800,304593600,,,,,,,,,,,
163,18,156,156,328,156,0,8,lane_first,tdw,balanced,False,reduction:5;reduction:10;reduction:19;reduction:39;reduction:78,552,558631,308364312,,,,,,,,,,,
163,18,157,157,328,157,0,8,lane_first,tdw,balanced,False,reduction:5;reduction:10;reduction:20;reduction:39;reduction:78,552,558957,308544264,,,,,,,,,,,
163,18,158,158,328,158,0,8,lane_first,tdw,balanced,False,reduction:5;reduction:10;reduction:20;reduction:39;reduction:79,552,565625,312225000,,,,,,,,,,,
163,18,159,159,328,159,0,8,lane_first,tdw,balanced,False,reduction:5;reduction:10;reduction:20;reduction:40;reduction:79,552,565951,312404952,,,,,,,,,,,
163,18,160,160,328,160,0,8,lane_first,tdw,balanced,False,reduction:5;reduction:10;reduction:20;reduction:40;reduction:80,552,572782,316175664,,,,,,,,,,,
163,18,161,161,328,161,0,8,lane_first,tdw,balanced,False,reduction:5;reduction:10;reduction:20;reduction:40;reduction:80,560,573108,320940480,,,,,,,,,,,
163,18,162,162,328,162,0,8,lane_first,tdw,balanced,False,reduction:5;reduction:10;reduction:20;reduction:40;reduction:81,560,579776,324674560,,,,,,,,,,,
163,18,163,163,328,163,0,8,lane_first,tdw,balanced,False,reduction:5;reduction:10;reduction:20;reduction:41;reduction:81,560,580102,324857120,,,,,,,,,,,
163,18,164,164,328,164,0,8,lane_first,tdw,balanced,False,reduction:5;reduction:10;reduction:20;reduction:41;reduction:82,544,586933,319291552,,,,,,,,,,,
163,18,165,165,328,165,0,8,lane_first,tdw,balanced,False,reduction:5;reduction:10;reduction:21;reduction:41;reduction:82,544,587259,319468896,,,,,,,,,,,
163,18,166,166,328,166,0,8,lane_first,tdw,balanced,False,reduction:5;reduction:10;reduction:21;reduction:41;reduction:83,544,593927,323096288,,,,,,,,,,,
163,18,167,167,328,167,0,8,lane_first,tdw,balanced,False,reduction:5;reduction:10;reduction:21;reduction:42;reduction:83,544,594253,323273632,,,,,,,,,,,
163,18,168,168,328,168,0,8,lane_first,tdw,balanced,False,reduction:5;reduction:10;reduction:21;reduction:42;reduction:84,544,601084,326989696,,,,,,,,,,,
163,18,169,169,328,169,0,8,lane_first,tdw,balanced,False,reduction:5;reduction:11;reduction:21;reduction:42;reduction:84,544,601410,327167040,,,,,,,,,,,
163,18,170,170,328,170,0,8,lane_first,tdw,balanced,False,reduction:5;reduction:11;reduction:21;reduction:42;reduction:85,544,608078,330794432,,,,,,,,,,,
163,18,171,171,328,171,0,8,lane_first,tdw,balanced,False,reduction:5;reduction:11;reduction:21;reduction:43;reduction:85,544,608404,330971776,,,,,,,,,,,
163,18,172,172,328,172,0,8,lane_first,tdw,balanced,False,reduction:5;reduction:11;reduction:21;reduction:43;reduction:86,544,615235,334687840,,,,,,,,,,,
163,18,173,173,328,173,0,8,lane_first,tdw,balanced,False,reduction:5;reduction:11;reduction:22;reduction:43;reduction:86,544,615561,334865184,,,,,,,,,,,
163,18,174,174,328,174,0,8,lane_first,tdw,balanced,False,reduction:5;reduction:11;reduction:22;reduction:43;reduction:87,544,622229,338492576,,,,,,,,,,,
163,18,175,175,328,175,0,8,lane_first,tdw,balanced,False,reduction:5;reduction:11;reduction:22;reduction:44;reduction:87,544,622555,338669920,,,,,,,,,,,
163,18,176,176,328,176,0,8,lane_first,tdw,balanced,False,reduction:5;reduction:11;reduction:22;reduction:44;reduction:88,544,629386,342385984,,,,,,,,,,,
163,18,177,177,328,177,0,8,lane_first,tdw,balanced,False,reduction:6;reduction:11;reduction:22;reduction:44;reduction:88,544,629712,342563328,,,,,,,,,,,
163,18,178,178,328,178,0,8,lane_first,tdw,balanced,False,reduction:6;reduction:11;reduction:22;reduction:44;reduction:89,544,636380,346190720,,,,,,,,,,,
163,18,179,179,328,179,0,8,lane_first,tdw,balanced,False,reduction:6;reduction:11;reduction:22;reduction:45;reduction:89,544,636706,346368064,,,,,,,,,,,
163,18,180,180,328,180,0,8,lane_first,tdw,balanced,False,reduction:6;reduction:11;reduction:22;reduction:45;reduction:90,544,643537,350084128,,,,,,,,,,,
163,18,181,181,328,181,0,8,lane_first,tdw,balanced,False,reduction:6;reduction:11;reduction:23;reduction:45;reduction:90,544,643863,350261472,,,,,,,,,,,
163,18,182,182,328,182,0,8,lane_first,tdw,balanced,False,reduction:6;reduction:11;reduction:23;reduction:45;reduction:91,544,650531,353888864,,,,,,,,,,,
163,18,183,183,328,183,0,8,lane_first,tdw,balanced,False,reduction:6;reduction:11;reduction:23;reduction:46;reduction:91,544,650857,354066208,,,,,,,,,,,
163,18,184,184,328,184,0,8,lane_first,tdw,balanced,False,reduction:6;reduction:11;reduction:23;reduction:46;reduction:92,544,657688,357782272,,,,,,,,,,,
163,18,185,185,328,185,0,8,lane_first,tdw,balanced,False,reduction:6;reduction:12;reduction:23;reduction:46;reduction:92,544,658014,357959616,,,,,,,,,,,
163,18,186,186,328,186,0,8,lane_first,tdw,balanced,False,reduction:6;reduction:12;reduction:23;reduction:46;reduction:93,544,664682,361587008,,,,,,,,,,,
163,18,187,187,328,187,0,8,lane_first,tdw,balanced,False,reduction:6;reduction:12;reduction:23;reduction:47;reduction:93,544,665008,361764352,,,,,,,,,,,
163,18,188,188,328,188,0,8,lane_first,tdw,balanced,False,reduction:6;reduction:12;reduction:23;reduction:47;reduction:94,544,671839,365480416,,,,,,,,,,,
163,18,189,189,328,189,0,8,lane_first,tdw,balanced,False,reduction:6;reduction:12;reduction:24;reduction:47;reduction:94,544,672165,365657760,,,,,,,,,,,
163,18,190,190,328,190,0,8,lane_first,tdw,balanced,False,reduction:6;reduction:12;reduction:24;reduction:47;reduction:95,544,678833,369285152,,,,,,,,,,,
163,18,191,191,328,191,0,8,lane_first,tdw,balanced,False,reduction:6;reduction:12;reduction:24;reduction:48;reduction:95,544,679159,369462496,,,,,,,,,,,
163,18,192,192,328,192,0,8,lane_first,tdw,balanced,False,reduction:6;reduction:12;reduction:24;reduction:48;reduction:96,544,685990,373178560,,,,,,,,,,,
163,18,193,193,328,193,0,8,lane_first,tdw,balanced,False,reduction:6;reduction:12;reduction:24;reduction:48;reduction:96,552,686316,378846432,,,,,,,,,,,
163,18,194,194,328,194,0,8,lane_first,tdw,balanced,False,reduction:6;reduction:12;reduction:24;reduction:48;reduction:97,552,692984,382527168,,,,,,,,,,,
163,18,195,195,328,195,0,8,lane_first,tdw,balanced,False,reduction:6;reduction:12;reduction:24;reduction:49;reduction:97,552,693310,382707120,,,,,,,,,,,
163,18,196,196,328,196,0,8,lane_first,tdw,balanced,False,reduction:6;reduction:12;reduction:24;reduction:49;reduction:98,552,700141,386477832,,,,,,,,,,,
163,18,197,197,328,197,0,8,lane_first,tdw,balanced,False,reduction:6;reduction:12;reduction:25;reduction:49;reduction:98,552,700467,386657784,,,,,,,,,,,
163,18,198,198,328,198,0,8,lane_first,tdw,balanced,False,reduction:6;reduction:12;reduction:25;reduction:49;reduction:99,552,707135,390338520,,,,,,,,,,,
163,18,199,199,328,199,0,8,lane_first,tdw,balanced,False,reduction:6;reduction:12;reduction:25;reduction:50;reduction:99,552,707461,390518472,,,,,,,,,,,
163,18,200,200,328,200,0,8,lane_first,tdw,balanced,False,reduction:6;reduction:12;reduction:25;reduction:50;reduction:100,552,714292,394289184,,,,,,,,,,,
163,18,201,201,328,201,0,8,lane_first,tdw,balanced,False,reduction:6;reduction:13;reduction:25;reduction:50;reduction:100,552,714618,394469136,,,,,,,,,,,
163,18,202,202,328,202,0,8,lane_first,tdw,balanced,False,reduction:6;reduction:13;reduction:25;reduction:50;reduction:101,552,721286,398149872,,,,,,,,,,,
163,18,203,203,328,203,0,8,lane_first,tdw,balanced,False,reduction:6;reduction:13;reduction:25;reduction:51;reduction:101,552,721612,398329824,,,,,,,,,,,
163,18,204,204,328,204,0,8,lane_first,tdw,balanced,False,reduction:6;reduction:13;reduction:25;reduction:51;reduction:102,552,728443,402100536,,,,,,,,,,,
163,18,205,205,328,205,0,8,lane_first,tdw,balanced,False,reduction:6;reduction:13;reduction:26;reduction:51;reduction:102,552,728769,402280488,,,,,,,,,,,
163,18,206,206,328,206,0,8,lane_first,tdw,balanced,False,reduction:6;reduction:13;reduction:26;reduction:51;reduction:103,552,735437,405961224,,,,,,,,,,,
163,18,207,207,328,207,0,8,lane_first,tdw,balanced,False,reduction:6;reduction:13;reduction:26;reduction:52;reduction:103,552,735763,406141176,,,,,,,,,,,
163,18,208,208,328,208,0,8,lane_first,tdw,balanced,False,reduction:6;reduction:13;reduction:26;reduction:52;reduction:104,552,742594,409911888,,,,,,,,,,,
163,18,209,209,328,209,0,8,lane_first,tdw,balanced,False,reduction:13;reduction:26;reduction:52;reduction:104,552,742920,410091840,,,,,,,,,,,
163,18,210,210,328,210,0,8,lane_first,tdw,balanced,False,reduction:13;reduction:26;reduction:52;reduction:105,552,749588,413772576,,,,,,,,,,,
163,18,211,211,328,211,0,8,lane_first,tdw,balanced,False,reduction:13;reduction:26;reduction:53;reduction:105,552,749914,413952528,,,,,,,,,,,
163,18,212,212,328,212,0,8,lane_first,tdw,balanced,False,reduction:13;reduction:26;reduction:53;reduction:106,552,756745,417723240,,,,,,,,,,,
163,18,213,213,328,213,0,8,lane_first,tdw,balanced,False,reduction:13;reduction:53;reduction:106,552,757071,417903192,,,,,,,,,,,
163,18,214,214,328,214,0,8,lane_first,tdw,balanced,False,reduction:13;reduction:53;reduction:107,552,763739,421583928,,,,,,,,,,,
163,18,215,215,328,215,0,8,lane_first,tdw,balanced,False,reduction:13;reduction:54;reduction:107,552,764065,421763880,,,,,,,,,,,
163,18,216,216,328,216,0,8,lane_first,tdw,balanced,False,reduction:13;reduction:54;reduction:108,552,770896,425534592,,,,,,,,,,,
163,18,217,217,328,217,0,8,lane_first,tdw,balanced,False,reduction:54;reduction:108,552,771222,425714544,,,,,,,,,,,
163,18,218,218,328,218,0,8,lane_first,tdw,balanced,False,reduction:54;reduction:109,552,777890,429395280,,,,,,,,,,,
163,18,219,219,328,219,0,8,lane_first,tdw,balanced,False,reduction:55;reduction:109,552,778216,429575232,,,,,,,,,,,
163,18,220,220,328,220,0,8,lane_first,tdw,balanced,False,reduction:55;reduction:110,552,785047,433345944,,,,,,,,,,,
163,18,221,221,328,221,0,8,lane_first,tdw,balanced,False,reduction:28;reduction:55;reduction:110,552,785373,433525896,,,,,,,,,,,
163,18,222,222,328,222,0,8,lane_first,tdw,balanced,False,reduction:28;reduction:55;reduction:111,552,792041,437206632,,,,,,,,,,,
163,18,223,223,328,223,0,8,lane_first,tdw,balanced,False,reduction:28;reduction:56;reduction:111,552,792367,437386584,,,,,,,,,,,
163,18,224,224,328,224,0,8,lane_first,tdw,balanced,False,reduction:28;reduction:56;reduction:112,552,799198,441157296,,,,,,,,,,,
163,18,225,225,328,225,0,8,lane_first,tdw,balanced,False,reduction:4;reduction:28;reduction:56;reduction:112,552,799524,441337248,,,,,,,,,,,
163,18,226,226,328,226,0,8,lane_first,tdw,balanced,False,reduction:4;reduction:28;reduction:56;reduction:113,552,806192,445017984,,,,,,,,,,,
163,18,227,227,328,227,0,8,lane_first,tdw,balanced,False,reduction:4;reduction:28;reduction:57;reduction:113,552,806518,445197936,,,,,,,,,,,
163,18,228,228,328,228,0,8,lane_first,tdw,balanced,False,reduction:4;reduction:28;reduction:57;reduction:114,552,813349,448968648,,,,,,,,,,,
163,18,229,229,328,229,0,8,lane_first,tdw,balanced,False,reduction:4;reduction:29;reduction:57;reduction:114,552,813675,449148600,,,,,,,,,,,
163,18,230,230,328,230,0,8,lane_first,tdw,balanced,False,reduction:4;reduction:29;reduction:57;reduction:115,552,820343,452829336,,,,,,,,,,,
163,18,231,231,328,231,0,8,lane_first,tdw,balanced,False,reduction:4;reduction:29;reduction:58;reduction:115,552,820669,453009288,,,,,,,,,,,
163,18,232,232,328,232,0,8,lane_first,tdw,balanced,False,reduction:4;reduction:29;reduction:58;reduction:116,552,827500,456780000,,,,,,,,,,,
163,18,233,233,328,233,0,8,lane_first,tdw,balanced,False,reduction:4;reduction:15;reduction:29;reduction:58;reduction:116,552,827826,456959952,,,,,,,,,,,
163,18,234,234,328,234,0,8,lane_first,tdw,balanced,False,reduction:4;reduction:15;reduction:29;reduction:58;reduction:117,552,834494,460640688,,,,,,,,,,,
163,18,235,235,328,235,0,8,lane_first,tdw,balanced,False,reduction:4;reduction:15;reduction:29;reduction:59;reduction:117,552,834820,460820640,,,,,,,,,,,
163,18,236,236,328,236,0,8,lane_first,tdw,balanced,False,reduction:4;reduction:15;reduction:29;reduction:59;reduction:118,552,841651,464591352,,,,,,,,,,,
163,18,237,237,328,237,0,8,lane_first,tdw,balanced,False,reduction:4;reduction:15;reduction:30;reduction:59;reduction:118,552,841977,464771304,,,,,,,,,,,
163,18,238,238,328,238,0,8,lane_first,tdw,balanced,False,reduction:4;reduction:15;reduction:30;reduction:59;reduction:119,552,848645,468452040,,,,,,,,,,,
163,18,239,239,328,239,0,8,lane_first,tdw,balanced,False,reduction:4;reduction:15;reduction:30;reduction:60;reduction:119,552,848971,468631992,,,,,,,,,,,
163,18,240,240,328,240,0,8,lane_first,tdw,balanced,False,reduction:4;reduction:15;reduction:30;reduction:60;reduction:120,552,855802,472402704,,,,,,,,,,,
163,18,241,241,328,241,0,8,lane_first,tdw,balanced,False,reduction:4;reduction:8;reduction:15;reduction:30;reduction:60;reduction:120,552,856128,472582656,,,,,,,,,,,
163,18,242,242,328,242,0,8,lane_first,tdw,balanced,False,reduction:4;reduction:8;reduction:15;reduction:30;reduction:60;reduction:121,552,862796,476263392,,,,,,,,,,,
163,18,243,243,328,243,0,8,lane_first,tdw,balanced,False,reduction:4;reduction:8;reduction:15;reduction:30;reduction:61;reduction:121,552,863122,476443344,,,,,,,,,,,
163,18,244,244,328,244,0,8,lane_first,tdw,balanced,False,reduction:4;reduction:8;reduction:15;reduction:30;reduction:61;reduction:122,552,869953,480214056,,,,,,,,,,,
163,18,245,245,328,245,0,8,lane_first,tdw,balanced,False,reduction:4;reduction:8;reduction:15;reduction:31;reduction:61;reduction:122,552,870279,480394008,,,,,,,,,,,
163,18,246,246,328,246,0,8,lane_first,tdw,balanced,False,reduction:4;reduction:8;reduction:15;reduction:31;reduction:61;reduction:123,552,876947,484074744,,,,,,,,,,,
163,18,247,247,328,247,0,8,lane_first,tdw,balanced,False,reduction:4;reduction:8;reduction:15;reduction:31;reduction:62;reduction:123,552,877273,484254696,,,,,,,,,,,
163,18,248,248,328,248,0,8,lane_first,tdw,balanced,False,reduction:4;reduction:8;reduction:15;reduction:31;reduction:62;reduction:124,552,884104,488025408,,,,,,,,,,,
163,18,249,249,328,249,0,8,lane_first,tdw,balanced,False,reduction:4;reduction:8;reduction:16;reduction:31;reduction:62;reduction:124,552,884430,488205360,,,,,,,,,,,
163,18,250,250,328,250,0,8,lane_first,tdw,balanced,False,reduction:4;reduction:8;reduction:16;reduction:31;reduction:62;reduction:125,552,891098,491886096,,,,,,,,,,,
163,18,251,251,328,251,0,8,lane_first,tdw,balanced,False,reduction:4;reduction:8;reduction:16;reduction:31;reduction:63;reduction:125,552,891424,492066048,,,,,,,,,,,
163,18,252,252,328,252,0,8,lane_first,tdw,balanced,False,reduction:4;reduction:8;reduction:16;reduction:31;reduction:63;reduction:126,552,898255,495836760,,,,,,,,,,,
163,18,253,253,328,253,0,8,lane_first,tdw,balanced,False,reduction:4;reduction:8;reduction:16;reduction:32;reduction:63;reduction:126,552,898581,496016712,,,,,,,,,,,
163,18,254,254,328,254,0,8,lane_first,tdw,balanced,False,reduction:4;reduction:8;reduction:16;reduction:32;reduction:63;reduction:127,552,905249,499697448,,,,,,,,,,,
163,18,255,255,328,255,0,8,lane_first,tdw,balanced,False,reduction:4;reduction:8;reduction:16;reduction:32;reduction:64;reduction:127,552,905575,499877400,,,,,,,,,,,
163,18,256,256,328,256,0,8,lane_first,tdw,balanced,False,reduction:4;reduction:8;reduction:16;reduction:32;reduction:64;reduction:128,552,912406,503648112,,,,,,,,,,,
163,18,257,257,328,257,0,9,lane_first,tdw,balanced,False,reduction:4;reduction:8;reduction:16;reduction:32;reduction:64;reduction:128,592,912732,540337344,,,,,,,,,,,
163,18,258,258,328,258,0,9,lane_first,tdw,balanced,False,reduction:4;reduction:8;reduction:16;reduction:32;reduction:64;reduction:129,600,919400,551640000,,,,,,,,,,,
163,18,259,259,328,259,0,9,lane_first,tdw,balanced,False,reduction:4;reduction:8;reduction:16;reduction:32;reduction:65;reduction:129,608,919726,559193408,,,,,,,,,,,
163,18,260,260,328,260,0,9,lane_first,tdw,balanced,False,reduction:4;reduction:8;reduction:16;reduction:32;reduction:65;reduction:130,608,926557,563346656,,,,,,,,,,,
163,18,261,261,328,261,0,9,lane_first,tdw,balanced,False,reduction:4;reduction:8;reduction:16;reduction:33;reduction:65;reduction:130,616,926883,570959928,,,,,,,,,,,
163,18,262,262,328,262,0,9,lane_first,tdw,balanced,False,reduction:4;reduction:8;reduction:16;reduction:33;reduction:65;reduction:131,616,933551,575067416,,,,,,,,,,,
163,18,263,263,328,263,0,9,lane_first,tdw,balanced,False,reduction:4;reduction:8;reduction:16;reduction:33;reduction:66;reduction:131,616,933877,575268232,,,,,,,,,,,
163,18,264,264,328,264,0,9,lane_first,tdw,balanced,False,reduction:4;reduction:8;reduction:16;reduction:33;reduction:66;reduction:132,616,940708,579476128,,,,,,,,,,,
163,18,265,265,328,265,0,9,lane_first,tdw,balanced,False,reduction:4;reduction:8;reduction:17;reduction:33;reduction:66;reduction:132,624,941034,587205216,,,,,,,,,,,
163,18,266,266,328,266,0,9,lane_first,tdw,balanced,False,reduction:4;reduction:8;reduction:17;reduction:33;reduction:66;reduction:133,624,947702,591366048,,,,,,,,,,,
163,18,267,267,328,267,0,9,lane_first,tdw,balanced,False,reduction:4;reduction:8;reduction:17;reduction:33;reduction:67;reduction:133,624,948028,591569472,,,,,,,,,,,
163,18,268,268,328,268,0,9,lane_first,tdw,balanced,False,reduction:4;reduction:8;reduction:17;reduction:33;reduction:67;reduction:134,624,954859,595832016,,,,,,,,,,,
163,18,269,269,328,269,0,9,lane_first,tdw,balanced,False,reduction:4;reduction:8;reduction:17;reduction:34;reduction:67;reduction:134,624,955185,596035440,,,,,,,,,,,
163,18,270,270,328,270,0,9,lane_first,tdw,balanced,False,reduction:4;reduction:8;reduction:17;reduction:34;reduction:67;reduction:135,624,961853,600196272,,,,,,,,,,,
163,18,271,271,328,271,0,9,lane_first,tdw,balanced,False,reduction:4;reduction:8;reduction:17;reduction:34;reduction:68;reduction:135,624,962179,600399696,,,,,,,,,,,
163,18,272,272,328,272,0,9,lane_first,tdw,balanced,False,reduction:4;reduction:8;reduction:17;reduction:34;reduction:68;reduction:136,624,969010,604662240,,,,,,,,,,,
163,18,273,273,328,273,0,9,lane_first,tdw,balanced,False,reduction:4;reduction:9;reduction:17;reduction:34;reduction:68;reduction:136,632,969336,612620352,,,,,,,,,,,
163,18,274,274,328,274,0,9,lane_first,tdw,balanced,False,reduction:4;reduction:9;reduction:17;reduction:34;reduction:68;reduction:137,632,976004,616834528,,,,,,,,,,,
163,18,275,275,328,275,0,9,lane_first,tdw,balanced,False,reduction:4;reduction:9;reduction:17;reduction:34;reduction:69;reduction:137,632,976330,617040560,,,,,,,,,,,
163,18,276,276,328,276,0,9,lane_first,tdw,balanced,False,reduction:4;reduction:9;reduction:17;reduction:34;reduction:69;reduction:138,632,983161,621357752,,,,,,,,,,,
163,18,277,277,328,277,0,9,lane_first,tdw,balanced,False,reduction:4;reduction:9;reduction:17;reduction:35;reduction:69;reduction:138,632,983487,621563784,,,,,,,,,,,
163,18,278,278,328,278,0,9,lane_first,tdw,balanced,False,reduction:4;reduction:9;reduction:17;reduction:35;reduction:69;reduction:139,632,990155,625777960,,,,,,,,,,,
163,18,279,279,328,279,0,9,lane_first,tdw,balanced,False,reduction:4;reduction:9;reduction:17;reduction:35;reduction:70;reduction:139,632,990481,625983992,,,,,,,,,,,
163,18,280,280,328,280,0,9,lane_first,tdw,balanced,False,reduction:4;reduction:9;reduction:17;reduction:35;reduction:70;reduction:140,632,997312,630301184,,,,,,,,,,,
163,18,281,281,328,281,0,9,lane_first,tdw,balanced,False,reduction:4;reduction:9;reduction:18;reduction:35;reduction:70;reduction:140,632,997638,630507216,,,,,,,,,,,
163,18,282,282,328,282,0,9,lane_first,tdw,balanced,False,reduction:4;reduction:9;reduction:18;reduction:35;reduction:70;reduction:141,632,1004306,634721392,,,,,,,,,,,
163,18,283,283,328,283,0,9,lane_first,tdw,balanced,False,reduction:4;reduction:9;reduction:18;reduction:35;reduction:71;reduction:141,632,1004632,634927424,,,,,,,,,,,
163,18,284,284,328,284,0,9,lane_first,tdw,balanced,False,reduction:4;reduction:9;reduction:18;reduction:35;reduction:71;reduction:142,632,1011463,639244616,,,,,,,,,,,
163,18,285,285,328,285,0,9,lane_first,tdw,balanced,False,reduction:4;reduction:9;reduction:18;reduction:36;reduction:71;reduction:142,632,1011789,639450648,,,,,,,,,,,
163,18,286,286,328,286,0,9,lane_first,tdw,balanced,False,reduction:4;reduction:9;reduction:18;reduction:36;reduction:71;reduction:143,632,1018457,643664824,,,,,,,,,,,
163,18,287,287,328,287,0,9,lane_first,tdw,balanced,False,reduction:4;reduction:9;reduction:18;reduction:36;reduction:72;reduction:143,632,1018783,643870856,,,,,,,,,,,
163,18,288,288,328,288,0,9,lane_first,tdw,balanced,False,reduction:4;reduction:9;reduction:18;reduction:36;reduction:72;reduction:144,632,1025614,648188048,,,,,,,,,,,
163,18,289,289,328,289,0,9,lane_first,tdw,balanced,False,reduction:5;reduction:9;reduction:18;reduction:36;reduction:72;reduction:144,640,1025940,656601600,,,,,,,,,,,
163,18,290,290,328,290,0,9,lane_first,tdw,balanced,False,reduction:5;reduction:9;reduction:18;reduction:36;reduction:72;reduction:145,640,1032608,660869120,,,,,,,,,,,
163,18,291,291,328,291,0,9,lane_first,tdw,balanced,False,reduction:5;reduction:9;reduction:18;reduction:36;reduction:73;reduction:145,640,1032934,661077760,,,,,,,,,,,
163,18,292,292,328,292,0,9,lane_first,tdw,balanced,False,reduction:5;reduction:9;reduction:18;reduction:36;reduction:73;reduction:146,640,1039765,665449600,,,,,,,,,,,
163,18,293,293,328,293,0,9,lane_first,tdw,balanced,False,reduction:5;reduction:9;reduction:18;reduction:37;reduction:73;reduction:146,640,1040091,665658240,,,,,,,,,,,
163,18,294,294,328,294,0,9,lane_first,tdw,balanced,False,reduction:5;reduction:9;reduction:18;reduction:37;reduction:73;reduction:147,640,1046759,669925760,,,,,,,,,,,
163,18,295,295,328,295,0,9,lane_first,tdw,balanced,False,reduction:5;reduction:9;reduction:18;reduction:37;reduction:74;reduction:147,640,1047085,670134400,,,,,,,,,,,
163,18,296,296,328,296,0,9,lane_first,tdw,balanced,False,reduction:5;reduction:9;reduction:18;reduction:37;reduction:74;reduction:148,640,1053916,674506240,,,,,,,,,,,
163,18,297,297,328,297,0,9,lane_first,tdw,balanced,False,reduction:5;reduction:9;reduction:19;reduction:37;reduction:74;reduction:148,640,1054242,674714880,,,,,,,,,,,
163,18,298,298,328,298,0,9,lane_first,tdw,balanced,False,reduction:5;reduction:9;reduction:19;reduction:37;reduction:74;reduction:149,640,1060910,678982400,,,,,,,,,,,
163,18,299,299,328,299,0,9,lane_first,tdw,balanced,False,reduction:5;reduction:9;reduction:19;reduction:37;reduction:75;reduction:149,640,1061236,679191040,,,,,,,,,,,
163,18,300,300,328,300,0,9,lane_first,tdw,balanced,False,reduction:5;reduction:9;reduction:19;reduction:37;reduction:75;reduction:150,640,1068067,683562880,,,,,,,,,,,
163,18,301,301,328,301,0,9,lane_first,tdw,balanced,False,reduction:5;reduction:9;reduction:19;reduction:38;reduction:75;reduction:150,640,1068393,683771520,,,,,,,,,,,
163,18,302,302,328,302,0,9,lane_first,tdw,balanced,False,reduction:5;reduction:9;reduction:19;reduction:38;reduction:75;reduction:151,640,1075061,688039040,,,,,,,,,,,
163,18,303,303,328,303,0,9,lane_first,tdw,balanced,False,reduction:5;reduction:9;reduction:19;reduction:38;reduction:76;reduction:151,640,1075387,688247680,,,,,,,,,,,
163,18,304,304,328,304,0,9,lane_first,tdw,balanced,False,reduction:5;reduction:9;reduction:19;reduction:38;reduction:76;reduction:152,640,1082218,692619520,,,,,,,,,,,
163,18,305,305,328,305,0,9,lane_first,tdw,balanced,False,reduction:5;reduction:10;reduction:19;reduction:38;reduction:76;reduction:152,640,1082544,692828160,,,,,,,,,,,
163,18,306,306,328,306,0,9,lane_first,tdw,balanced,False,reduction:5;reduction:10;reduction:19;reduction:38;reduction:76;reduction:153,640,1089212,697095680,,,,,,,,,,,
163,18,307,307,328,307,0,9,lane_first,tdw,balanced,False,reduction:5;reduction:10;reduction:19;reduction:38;reduction:77;reduction:153,640,1089538,697304320,,,,,,,,,,,
163,18,308,308,328,308,0,9,lane_first,tdw,balanced,False,reduction:5;reduction:10;reduction:19;reduction:38;reduction:77;reduction:154,640,1096369,701676160,,,,,,,,,,,
163,18,309,309,328,309,0,9,lane_first,tdw,balanced,False,reduction:5;reduction:10;reduction:19;reduction:39;reduction:77;reduction:154,640,1096695,701884800,,,,,,,,,,,
163,18,310,310,328,310,0,9,lane_first,tdw,balanced,False,reduction:5;reduction:10;reduction:19;reduction:39;reduction:77;reduction:155,640,1103363,706152320,,,,,,,,,,,
163,18,311,311,328,311,0,9,lane_first,tdw,balanced,False,reduction:5;reduction:10;reduction:19;reduction:39;reduction:78;reduction:155,640,1103689,706360960,,,,,,,,,,,
163,18,312,312,328,312,0,9,lane_first,tdw,balanced,False,reduction:5;reduction:10;reduction:19;reduction:39;reduction:78;reduction:156,640,1110520,710732800,,,,,,,,,,,
163,18,313,313,328,313,0,9,lane_first,tdw,balanced,False,reduction:5;reduction:10;reduction:20;reduction:39;reduction:78;reduction:156,640,1110846,710941440,,,,,,,,,,,
163,18,314,314,328,314,0,9,lane_first,tdw,balanced,False,reduction:5;reduction:10;reduction:20;reduction:39;reduction:78;reduction:157,640,1117514,715208960,,,,,,,,,,,
163,18,315,315,328,315,0,9,lane_first,tdw,balanced,False,reduction:5;reduction:10;reduction:20;reduction:39;reduction:79;reduction:157,640,1117840,715417600,,,,,,,,,,,
163,18,316,316,328,316,0,9,lane_first,tdw,balanced,False,reduction:5;reduction:10;reduction:20;reduction:39;reduction:79;reduction:158,640,1124671,719789440,,,,,,,,,,,
163,18,317,317,328,317,0,9,lane_first,tdw,balanced,False,reduction:5;reduction:10;reduction:20;reduction:40;reduction:79;reduction:158,640,1124997,719998080,,,,,,,,,,,
163,18,318,318,328,318,0,9,lane_first,tdw,balanced,False,reduction:5;reduction:10;reduction:20;reduction:40;reduction:79;reduction:159,640,1131665,724265600,,,,,,,,,,,
163,18,319,319,328,319,0,9,lane_first,tdw,balanced,False,reduction:5;reduction:10;reduction:20;reduction:40;reduction:80;reduction:159,640,1131991,724474240,,,,,,,,,,,
163,18,320,320,328,320,0,9,lane_first,tdw,balanced,False,reduction:5;reduction:10;reduction:20;reduction:40;reduction:80;reduction:160,640,1138822,728846080,,,,,,,,,,,
163,18,321,321,328,321,0,9,lane_first,tdw,balanced,False,reduction:5;reduction:10;reduction:20;reduction:40;reduction:80;reduction:160,648,1139148,738167904,,,,,,,,,,,
163,18,322,322,328,322,0,9,lane_first,tdw,balanced,False,reduction:5;reduction:10;reduction:20;reduction:40;reduction:80;reduction:161,648,1145816,742488768,,,,,,,,,,,
163,18,323,323,328,323,0,9,lane_first,tdw,balanced,False,reduction:5;reduction:10;reduction:20;reduction:40;reduction:81;reduction:161,648,1146142,742700016,,,,,,,,,,,
163,18,324,324,328,324,0,9,lane_first,tdw,balanced,False,reduction:5;reduction:10;reduction:20;reduction:40;reduction:81;reduction:162,648,1152973,747126504,,,,,,,,,,,
163,18,325,325,328,325,0,9,lane_first,tdw,balanced,False,reduction:5;reduction:10;reduction:20;reduction:41;reduction:81;reduction:162,648,1153299,747337752,,,,,,,,,,,
163,18,326,326,328,326,0,9,lane_first,tdw,balanced,False,reduction:5;reduction:10;reduction:20;reduction:41;reduction:81;reduction:163,648,1159967,751658616,,,,,,,,,,,
163,18,327,327,328,327,0,9,lane_first,tdw,balanced,False,reduction:5;reduction:10;reduction:20;reduction:41;reduction:82;reduction:163,648,1160293,751869864,,,,,,,,,,,
163,18,328,328,328,328,0,9,lane_first,tdw,balanced,False,reduction:5;reduction:10;reduction:20;reduction:41;reduction:82;reduction:164,640,1167124,746959360,,,,,,,,,,,
