0100100010111111011010000110100000000001010001100101010001100111011001110010100101100101000111010111100010110110110110000111011110001011100000110000000111010000001100011011001010101001110001000100010000111111001111010100000001010100010100000011010000010101001111001010101110111111111010001111100100000000010001001010110010001
0110010101001110101011011001011100001001101001111001010110110010100110100000000111110010100100100110111101111110001010101001011110000100010000001001111010110010011011111100100110001100001001001100100100010011010110101110111101010100010100100101110100000000101010011111100100101001011101001110001100001111010110001010000010011
0111011000001000001101100110100110001101010100111101001000101000110101001101000011110110010111110111111101110001110110010001100110010100111110110000010100100101001001000001111000010111111000101100100001110010100010101101111100101101011100100001110010000001000010000100000110010111011010011000010100110111001101010101110001111
0001001101100110100010110000110100001110000001100010001011100011111010100111110010101111011010011101011111001110101011000010110111101010100010101101000111000000010000111111001001000011111101011111110000110011111001000010001110010100110000110011000011011110000101010100001100011110010001011011010110000011110100001011100011101
0010100001010011000011100100110010000001000100010101001001110101101101101010000011010110001111011111010001111101000010111000000111100001101100000100010001001100001010101111000100010101011010110010001001000001010111101011001100010110110000000000101010111100111011110001101101000000100111111110011001110001001110000010011100111
0110001110001001001001110110110010001010110000011010110100001010110001001000111111110011100100001101011011101110010110110011111000000011101000010001101101100011100111111101011000110000101111001000001000100001011000010011100101111011100000000010110110111110101100011001010101010101011101001101110111010010110001001101101000001
1111101111100111111110100010111101110100010001111011111100010001101001111001110001001011011001101011101101110001100101001111001111010110010000100000111100111000101100100000100011001011011011011010101001100001001100100101100000011100111000011000100110000000100100101000101010100001010010101000100100101101011010001101111100111
0001111000001011001110101001000010011010101111011100010000101100010101101000100011000011001011100010010000101000000001101010010110000110101110111110110001010010001010000111100101101100011011010101011001111110010110011100001000000101000011101111100110000000010100001000101100001010101000101100010101111011011110110100000001111
0100101110100110100000000000110000001110000111100000001011011001000010101011000101001001011101111101101110010110100011100000111110011010010001110101101011000000010101100001100101001000100110000111011000011111100001111100111101010001000000011011111111001100011000110010010010010110110010011000011101000110110010111011010000101
0001110000110000101001000011100100000001011011100001010101111100111011000010110101001010000101100110001111101111000011000111010001011110100111001000000010110001000001000001111010101100010010100001000111000000111111001000101110010011011011011000001110000000001010111110111101100001000100001011010110110100000101000110101001000
0110100110011100100001000000000101101110111100100011001001000101000110011110001101010100100111111011100101011111000010011111111010110110100101111010011011110000010101110000001010000000001110010100010110100000001100111001011011010110011010101101111111101000110100101100001011010100011101111001101001001100000010001110001101000
0110100001101001110101110001001001110010010111000000100010101101001010011011101101110001000100010001111111011101011110000010111110110001110111111100101111110110101000101100101101001010010011001001100100101101001100101110110100111000111000000110100010011101100001110101001100010010001001101110011010010000111111011001000110001
1101100101000100011010000001000111011001101111101000011100100010000011000011111001001011111011100001001000011001111010101110100101000110111100111010010001010110001101101000010000100110000001110101010011101001010110111111001010110100100100001100111000100111001011110100000000011100001101010111000111111111000011001001001101011
0011001101100011111100101001110111010101100011010101001110111000111101101001001000111110101100111010101101000100011101001101011010010001111010000001000100001110010001100101100110101101011111000100011001010100101011110001000001101001111101011001000110010100010010000011000011110100010111010110111110011110101000011011111101000
0110010100101011011001111010000111010011011111001100011111100111011000100010100010011101000011011110100100110111110111111010100001111100010011110000011010011000001001110010100010111001001011110100000101100101010001001110010101011001111100011011110011110111111010110011001100111101001111111110100100100010100110110001101110111
1100011101111000111111110100111111000100010001101100010010001000100000011010010110010000100010010011111000000101110101000010000010000101110001001001001110101011111110000101000011001010110100110110010111001011100001110111111010111000011111111001101101000001000100010000000000111100000101010000111110111000010010010001011011101
1010001100101001111010001000001110011111111001011111100001111001101011011111101011000010111101001011011100000110010010000000101111011100001101111001011101010110100100000000110111010111101011111101001101011110101101000100111101001110011110001111101001010101001001000111110011001010001101011111111111000000100100101111000111101
1000111101101100100010000110011111111110110000001000110011000111011111001100101111001110101011000100101110010101010100001010000000101111101000010010111101001011000101111100100010000000000110011010001110011100100111000111000001110111010001101111011000001100100110100110000010000110100001100100000111001101100000010001101001001
1001000010010011111110111011111110001111110000010110010101100110011101010001101011000110111011100010010101101101010110111010011110000101100111100000001100011110000000010000110111011111101100110010110101010111010110100101000001011000000010101110101000110100100000011010011111001000011001111110001110110101011101001011101001001
1001010100010100101111011111000010001100100101000100001111110110111110001011110011100101101101101011100000001011101111101110011101101000011101010111000001000011100110111100111111001010100111101110010001100101010110111111010111111000111101100111110001010111000001011100010001001100111011110100000111001111110000110010001111110
1110100011100011010011000111101101100110111101010000110101000001111100011000110001010101010110001001011101110111000001100101000000111111111011010011000111111010110010110010010000101111010001010110000101010001101001101101011111000100101101110100000110000010001110101110000011111101111010101001000001111001100010000001101011101
0000110111110000100010010000100110000000011000001101011101010001110000011110100011110011000101111011111111101011000000000010101100101001011111000010001100010011000000001001011011100110000011010011111110010100010010101001111010000101010010010110000001100011101011000110001001010010010111110001010101111010000000111110101001011
1110001100000001100000000010101010110110011111100100101000010100011000101101011000100011011110011011000001010101100011010000110111011111111100010011001110011111111101001010001110001110010110101110101011001111100010011111110001111101100000110110011001101001101101110110000010010110001011000100010101011011100011000010110100101
0111000100001010001010100000110100101101110101110101001001001110001101010010110110110010101111000101101110110000010000011010110000111011110111011111101100101011101000111101101101010010111011011111010100000101000110011111011110111011000011100101011000001010100011101110110110110110111100001110010101100110010100000011101001100
0000110011100011100101011010101011101111000100101011101010010100111110110011101111111111010010100100110010000011000011100010111011001111011111110111101000111010101010010101101110001100010100100111000001011001001001000010110110100010010011001100110010101101010101010111001100010010000001111111010001101000001011010011001010111
1010010011001010101111110110010010101000000100010101000001111001000010001101010111000111011011100000000011001101111101010101001011111011010111100101101110011000111100111110001100011001001010011000110111010101011101100000001001111110001100001000100111011110100101010100110110110001000000101101001001100110000011110010101110011
1111000011001000001111001110101110100111010110110101101101110101001011001110001111010000011110001110101100110000111111110011111001111111001001101100110001001011000100110011010110001010011110011110000100100101111101000001110110101011110111111010110111000101000000010000000111101010010100101011111111010100001011011101110101101
1111110000111010000111000100000010011011001010000000111010100011111010001111111100001100001111111000111011100111000110000001110101100100011101010011010111001001100011111010111101111000111100110111111100101100001011111110010101100010101101100011000110001011000010111010111100001110000001111001000100100011000010101011101100000
1110000101011110100101101111000111111100011110110011101001110000101101001001110100111001101010111000110010000110011100100111110010111000011001101110001001000110011111111011111110101011010110011101100010011011101000111101100010100010101000111010101010101111001010001001101010110100111111111001101111110010011000011111011111010
0110110110011011011000110011001111110010100010001000001100000101011101000101010000011000110111101101001000110000000101100011110001100001000010101010100011001101101110000001111100010001001101010111000010010000100010000110010000111000110010100000011000001101100001111100110101001010110000111000100000011101000011001110111100011
0000000000001000101101001111110011000011100001001000100100110011110111101000101011001000011100011000001100111010111100110011100111001101011010110101000100101111001101111010001011110100101111101000111100010101100110000100101101000010000010011001111000000100000001101110000010011010100011100010000101110011010110111110111010110
0001011001010111001111010100110000000110000000000011101000000101011110001000111111101101100101000100100111011100011000000000111011111101100001111100011001010111111001101101110101011111100001101101000110100110110000101111111011011100010101100000000100001100010111000010110101110101101110001101111001100000000011101110001111101
1100111111111011011100101110000010010110111011101001000111101101011110101001001010010010111110010010001110011010110011000101100111010001100010010010100101001100011000010100111111110101111000011001001001000000000001111110110110010000010110010011010111100010000110111110100010111100000110110100010110111110010011110001010110010
0011110011011101101010010011111110110111110110011001000001101001000000101100100101101111011101011010111000100011100000110010000100001000000011001111111100011100010100100000000011011101110011101110100000001001111111100100111001000000010101111011000100000010000000111011101101100111110111101010100011001110001101101100111100001
1100100010010001110100110110000111000111111101101001101010100101111000001011010011000100010110111100010101011101000101010100010011010011000100000000011110010010001011011011001010100001001101110001001000110010101110101010011101000001000111000010111011001100000011011000001111100111010010011111101101010101101101101001000100001
0011100011101101111100001011010001111011011010101011000100100100001111110001100111100110000001011111111110110100100101101110110000101100000000101011111000101000101010001000010010111010101101011100101100101100001001001001010001010011111000100001000111001100111110110100011110001000101011100110100100111000110000110111100001001
1101010110000010111110001010110001111100010000000101111000011000100001001010000001101101000111011010000000101100010011111001111000101100001111011001010010100111000110000111011111110100111011010101000010001111111100010011000111110001100100110001001111100101000001100110111010100100101101111111110001000100000101100011001110000
1001110111100100010110100100010101000110111001111110101100010100100011110100011011101011011110010111001100001111001011110000011101001001111101111110011100010100001101111101000100000010101000000001010100011010001110011011010100100000100111100011101110110010101010101011010111111011001011000010001011111001110110110001110100111
0010011100111101011110010111100111010011100000111111110010111000101100111100001001101111011101100011111011000111010011000011011001011100100111100010110100001101100000110100001111001001001111010001111110100010001100101011101001000001010000100100000101010001110010110011010110001101001101101001110111101100001100111101111101110
0001100100100000001101011001000101010111011011001001010111110010010010000011010110110001000100010110010011110010101101010101000001000110100000110010101110101001001101111110001101101010101011101101111011001001100001111101011100111000000100101110000000011011010000111101000101000001111010100010110000001001000010101010111111111
0100111110110101011001001010010000000110111110100100110110010101111001101010101100010001111110100010110101011101001001011000110001011100101111011111000001000101110100111010110001110111010101110000010100010001100111101110000000101101100011001011110000100011000111010100101111110001111110111100110000011110100000000101011110101
0011010010101111000100010000000010001111100011001111110011000001010001010111011110110010111011000111010001110000010100000101000010110101100001011110001111010110001001001100101010110101100101001010110011100011100111100011000010011110111101011101001010111010101110011000110001000000010011101010110001000011000011010001111110100
0000011110011010111000010000010010000011110011000011100111110010000110011001100010100011101010111101000100000001010111010110001001110000000010000110100101101001011110111111010010100101011100111010100111100111001100101101011000110101001000001000001010101111001010100110011001111001100010011100001100111010100110111001010011010
1011011110101011111100100010101111111111101111110110111000110001100110100010100101001001001110010110111011101010010110011001110100100110011001011101110110111110111010110011110101101111000000001110000011010100101010110110111101001100101101110011110011011010011110100111001101000111110011111000100001000000000100010001111111110
1011001001101001010101110001000000011010110000100010101100110111111110011100111101000011000000110000000001001001010011001111110100011101100000001111001001100011101111001000001000010111101101110100100000101000111100110100100110101110011110110100000111001000000000001001111101011011100101010001111100110001100101100100101101001
1110000000000001100011101110110011011100010011101100010001001010010011000100001110100100110010011111100000010101001010100011011011011001010011011001001101110010110100000101111011110010111001100000001111101110110101011000000101100100000010010000001011011101001001100110100101101010001111100101110101001100001100011101011001001
0111100011011010011001100101110010111100000000111011101001010001111100100010011111110010001010010011010010100001101010101111111010001011111101110011111110000001100010100111100111100111110101110110100111001010000010101011111001011001110010110101010111011100100011001110111010110011110001100100010010010100011111001011001100111
1011100111010101100001001100110010110000111011000100010010001100100101011111011100010101010110110001010010111001101111001100000101001000100111101100101110111101000100000011111011100111001010011101001011111100101010000011011001111100001111000100111101110101010010000010000101111111110111000101100111110011111111110010110000000
1010001110111111100010100001111001011111111100110001000110010101010110001101001011011110000101100101010010111000000001101011010010111000000100110110000110100000001101110101110111101010010101001110011100000101010001110110011100011111010100101000000011010110100000100011100000000111010000011000001111110100011011001101100011101
1010110111110101101110001101001101001011001101011101000000000110001011110000110110000101100101111101101111110010011011111111101011001111101100001000010100100100110011111011100101000011100101001110011101100101111010011001110110011100010111000110110011101010110011001110111000011001110101110001111011110010100110010101011101010
0011011100101101111100001001011000110100000110100101100101010100011101100001000010010001001111100011001010000100010010001001010111101100111011100111011011010010110010111000110001110101101110100100100110110100010101010010011011110110111111001101001110101111000111101101111101101000010000011111001100001100010100100101100001110
1010011000110000110101110100110011101010001010101010111100100110010110110110000100110101011111010100001111100111010110110010111011001010011100000011100001101111100111001000100100000111001010001010111011010110101110011100011000011110111111011001101001110000111111011110110000111111011000001111100011101000111111100000001011010
1000010001101000000100010001101101111110001101111010101111001001011100000001010010001110010111010001001111110111111100100000100111111100100010011111010111010110000011100101010100101111000001010110111100000011110001110010111001010001110001110011011011100010110011010001110010110010111000111101000011000101110101010110110001100
1011111010100110100010111000001111101100001101101001100100101011100110110111110000100010100111100111111101101011010110001001000001111010101011101101000100100001011100000010100000011001101110101110101100001000101111111000001010111011110011011110110101011111100111011100100000010101110001100000001010001101011110111100010101101
0101110100000111111111110000110101010101100010010011101111110100001001011101000110110011001000111100011011110100110000001010000001011111110001000101011111110010110110101110010010101000110110011110101101011011010100000001011001111010011111100110111011000001110000110110111110101010001011001101101011100111101100010111011101001
0101011010110001100111100101010101110101010000110111111010111010111111101110100000000111100000110010011011011010010101010011111100000001001010011101101010111010111110011101010110000010101000001010100111010000000110110000100010101011111011010010010010110110000111000001101000100001010011011111110011001001100111001011111011001
1010011111000000101111000011111101000100001001010101101110111110101001011011111000011000101100011101000001110110110011110101100101111000101001111000111011011001001110111111111001011111001000001100010101010001010001100010111001100101011101000001101001010010111110001111001001000110111100111111010111011011011010101010100001101
0110000000101110010111000110011010000011000010000101101010010000100101110001011000101111010010111100100011101110000011001010010101000100011100100011010110111001111100101110000110001000000010010100101010111101001111000000001011000111011001111110111011101010111001001000001100010011110000010011111001100100100110100100100110011
0011111001100010101111010100110001101001110101110111111111100101001101011100001111110011101101100011001111001010101110010111001110101000011010100100110011000100100011001001010100100110100101010001011111011011010111110111111110111011000001100111110001110001001010111010001010001011101011101011001111110110000001010010011011011
1100000001111010110011111100110100110000010101101111100100101001101111010001001111011111101111011111101101011001110010100000110110101001011111101000011100100000101110101110010111000100011011010101101011110000110001101011100010000101111100000101101110000011001100111000000111011001000011101100011001001111101010101111100110011
0010111011100110111110100011101101010101010110011101100000111101101101011111001111100010001111001101001011001000001111010110101110000000101001110110010101111101111110010101101100000011000101000101001000010111011011011101000010111101100001101010011011011001110010011100100100111111111101001001111111101010100001010010011111111
1111111101100001000101001111011001001000011101001100001011110110101010110111010100110001100011011111000011101110000010111000101100001101101001110001001011010111101010000010111101000010000011101001111101000000101010110101111101010011010110100000111111000001000000100101111010000001011010010101000100011110100000111011110101111
1000110011111011110010001111010111110000101100100100000110111111011000101000101100101110001100101100100110010101001010100011010011110010011001111001001010010011000001000100011100100000000110110101101000010011111110010010100001001010010001001110001000110111010110101110000010100101111011101111110010101000011101111001000001000
0101000110110100011010010011011101111110010001011011010011101000010011111101101100001000111110001001010100011100000001001000111101011011111000110101010101000010100011110100110110001110000001111001100110101110111111110001111111010101011010101111100010110101011101000100001111111000000001101011010101010011010001101010010100101
0110001000011000110000011011111010101100001000111100000010110101000100101110010011101001011001010110000000110010110000011110111010111111000001011101110011010010101101000000011111110101000110010001000001000100011101011011110010100011111000001111000101001000101100010100111001100010111010010110101001101101110110001011010111000
1110001000010010110111101001100001010101010011001001000111111011011011100110110110101111000001011011100001001100000011001101110011101100110101110110000000011111110001111010111000110100011101111101001001100011111101011110001100001011001001101110011011010000010100000000001100011101011001011000010011011001100111010010101001101
0110101010001110101011100000011110100100100011001110000000001101111010010100010001000000000001101010010101101001010111010110000101001110101010101100001001001010000111110111011111010110100110101000100000110010101111011011001000111110101000111000000010010011100011000101001000001101110111111101000101100011100111011001101111000
1010111000010011001000010011001011100110011000000000110011111000001000011011010111100111001001011100000001010001011100110001001000000110010000110100110111110110101010111010111100010010010111001111111101010110010011001010111000101101000011100111111110111111010100000101100110000101110100000011101101001100000010101001100011100
1011011001110000101100101010011100011100011010101000101000011010010111110110101111100111011101100011001100101101101011011100111100101010100000001101010001010101000100000001001001011010001111011110010001111111101000100101010110001011101110110101001111010001001011110010101101111100011011110111111101000101100101100001111101010
1010110111101100010010010011110101001100001100011101010101101010000101000110101011011100011101001001010011110000010011100100010010011000000110011001100110110001111000111111001111111001000001000100001001000000010111001110110001010101110101101110101101011000110001011010101000011000011111001001011100111110100100101001011000001
1101101001000100101001001110001010000001011100001001101101010100100000010001000000001100000111101001000001011110111111100010011101011111001000010101101101001111011100110010001110000011000001100110011011001101110000101011110110100000100100101011111101101010010010010110011101101111000001011111000101110110011011111010100011101
0011010111100111001110010101101100001001010100100101110101110001001111010101111000110010010110110110110001111100101110000110000110001100011100010011100110111110100110011011110010011000001101000010001110011100100100100010100000111100001010110101101001100000000001010101010001010000000101110010011101001000111001111111111111100
1110011100001000111000100011010100010100011010100100110010111011010111010110011101111111011000011110101010011000001011110010101101111100101001111100110100100000001001111101011100001111111111110110101111011011111111000010101011100010110101101101110001111111100011000110100101011010010000001100111111010110101011100000010110001
1010110001110001100001011100001100100001001011101110011001111101000000100000011000111110010001110011011101101000011110100101011001111010011100011000001011010110000011000011110010010100101001001010001010110111010011110000101110010100011011001110000100101100000101101100010111100100011110011101000110101100100011010111011000010
0101001010011100100011111101111010001011011100100101011011111011100001110000100111101110011010101011000010110111111100001010101001110101111011110011010000011011001011100101100110101011101100101110101101110011111111101001111111000110101111100011001010100100110110111100010000110010000100010101101111000000100100100101001000100
0001011110100110100000100101000010001101111111000000010101101010100101001001011100010110000011110001010100100001010111111001101000011000111000000100110110100100011010010001000110010000111101111001111011001011111110111101001011011110110100101111101101101100110010110101101011000110110011111001010011011000101011110110111010101
0100000000110011110010100100111010010010111000010001010111100101110000011001111000111010111000010010101000110010001100101000011010101111100100000111111000011000000001010101100100001111110101111000101001110011111111011100110111101100011011101000000111010001110111110111001100111010110100110011011100001111011110100001100010110
0111101110001110010110000101110111111011000000001000010010100010110000001010101110111110010000010001010111000100000111001110001101011001111001011011101111001001000111010100100010100000001010001100010000101111001000000111110110011111001111000011111010101101110000000011001110001111000010000011100100101000111010000010011011011
1001101110101000111010100010101010000001011001011010101000001110011011000000011101000111000011001100111100010110011000011001010100101100101000000010111100001100101100111100111111001111110100111101101110101000111111110011111011111001011101000110000101000111000001010011110111010100111101110000001011011011110000011101111111000
1111000111011011101001011010111011110110100001001001111110110100010110011001010100111111001110001101000011000001111011110100101011110100001111001111100100001111100011101000110000111100011111001101111011101010111001101011100001101010111111110000001101100110000110101110111000011001110001011110100100010100110111001110000011010
0110001001010100011001111011010010100000101100000001101111000000011100011000010101100100101110000000000001100111111001101101100000011000100101110111001011101101100110101010011011110100010011100001111101110000000100111101111110101000101110110101111000001100011110000110100110000110101000101001100010111101101011110000001101111
1000000001110010001000110000001011001100000110010101000111010101110000001100001111100111110001010000011011011100101111011011110100001000001000010010001001101001001011110100110111110101001001000011010111110100111110111010100011100110010010000111110101001001110000100010100011001001100100111001011011111110011010001001101110101
0001001011110000001001001100010101111000100111010011100111101111101011001100101000011010101100000010010011101011001100101010011101101001101110100111010110000010100001110111110011111011101011000010000110011011100011001000110101001011101001100101011001011001010111011100110111110010101000100001000001010110100100001000010101000
0011001001111011010010110111001000101010111001111010010110010110010100111110001011000110001000100000110110011110010001001001101001000111110010100011111011011100000001001100001100001011000110111011011001010110101100110111001100111100011100101111100000101110010011011010000110101101001110010110111000001000111011000111011101000
1101101011000010001101110110001111100101011011101100110011100001110011110011111000001000000110100110011010111011001111000011010000001001110101010110110011110000001110111011001000101010001000001100000010110110001100001010000110001011110000000010111111001111000100010011110010110100101110101000100011110010110001101110100001111
1111100110111010001111010010100011001001010101011001100101111110010000000001111010101100001110011101000001010111101101001110101011100110000111101110101010010100001100001001111011111010011101100000110001111100101111100011101010000010100110101010110001110101110100001010110101110101101011000101101111101111110001010101001110110
1101011100100110001000110010111010000110100110100010010000011101011011100110001101111011001111111011010010101101000001110101001101111001111110101111100101011111101111011100111101101011101110000001000000101001011000000010001111101101110101010001110011001001111101001101000101110010101111001011101110001011100010101011110001110
0100110101011010101110010000111101101110100110010110101000011010011110010101000001010110001001011010110100011011100011110001111000010111111011000100111001110000011011010101010101111111000010100000011101111111001110010100110010010111001111100010001001010111001101111011000110010011100100001011001110100111000110110101000101010
1011100101011110101011001001100101111101010101111001000011010001101010000100111001101111101100001101010100101000100010110110011101111100100001111001010011011001110111100001101011110100010101101111111010011100011011110001100100010110011100010011010110111001001010010101110011110111000011111001111100111011101010101100110010100
0011011000110010110101011101101000111000111110000010000001001001100001110110011011111110111111010010101100011010110011011110010001010111110001001000111101001011101101100000001111110110110000101111101001101011001101110001100010100010010010001010101100100110010111101101110111011001100111011110101110001110101110011100101010110
0100111111100100110110010101111011110110010101101111001011011001010101000001000111011010010111101110101111100001100000010001100000011011000110001111001111010111000011001100001111011100000001111010010011101100010110100001100100001010111001100111010011000011100111011111110011111011101101101101010011011000010010011101101110010
1100100100110110110111100101000110111110000010111001011001010101100110000000000110100011000000111100100000111101011101110111001010101100001011011101000111000011110000110001010011110000111011001110010011011010100000011110111100011101000010110011001001010100011110111010001010110000100010000001111101101100110110001011001011110
0000010101101001111110011000101110001001101001010100101011101010001110100001010100011000100111011110001101010011111001000100011000101111111101111101100010000100110111101111111101100000101111111010100100001011111110010011111010111110011011001000000101111011011011000101101010100100001100010100101111010010010100010011110101000
1110111110110001011111100110100001101010011000101111010010001100110011100010000001000110100001101000101011011000111101110011001110010001101000110101100000101111000111001101100000001010011011011011000100000111011000111111010011011100101101110011101110101101100111001000100000111110101101101011110110000110110000001110100001101
0111100111101110100010010000110001111101110101010000010010111110111101110010101100111101011000110010100111011000000010111111001011110100000011011101110100100000001010011100101111010100010100110100100011100000111101001101100100101100010010110110010110101010110101101011001010110010010001001100101101100010111101101110110010011
0100011111010000111010100110111001011111111001010000100010011010101010111001111111111011011001101111011001111001000000111101000010011010100110001100000101110001010110010111110010101111110111001111011000001010101010110010100000000010000000110000011011101010101001000001101110110011110010001000110100110110011101110111011001001
1010000111111111110110010111110110100011111101100110001010100111010101001110110000010111110110101000100011111000011000111000111001111000000101111111011100101010010100100001111011101001100101011100000010110101011111100100001111011101101001110111110000001100010011100001011110001011000100101101000110110000100101001111000110101
1110111011100100110111010000001001010011000101110101100000111100111010101001010010000010110101011101100000011101000111100110100111000001010011110101100110000101101010111100100111111100001011000001101101111100111100111101011000010010110010110001010011000111111011000100110100010111110110110100100111100111001101001111000000110
1110100000110000011000010111000011011100010010001010010101011001001110000010011111100010000001000010101010010011010011000101000101111000001101011010100101000110011011000101010110101100111011000001001111110001001100101110111111100010010000101011110111000110100011101000100100010100000001011110111010101010110100100101100110010
0100010110101111011101111001100111001100001101011011010110011111100011100011010101110010111000000010010011100100011100001101011011110111001011111010000011001001100001011101010000000101011010111001000001100010100100110000101001110011101000100011010010001011000111001011110000000001110110111110000111110100110001011101000001001
0011011111001110111000100110111010010000010110110001110000111101011011001011100101111101011100100101000001001001101110110010000000010001110001101110101100001010100110101101101110010101000000111110111110111100000110010010100111001111010111110100101101010111001010010010111110101100011010100100101100111011111000100011011101001
1110101111011111001101001101001010100100111100110001111110110001100101110000101011011001110001101001010000011010111101101011111110100111110001000011010000011100100100000000111100011001100100110110111111101001101011111110010010011001000111110011100101000110110111110101011001000011000000010110100010111001111010010001001010001
0010010001000011110100001010111100001010010110110010011000110001000100011100111101011011111000100100001000011101011000111011101011001111001000011001011110000001000111010011110101111011111110010110010001101010001111010010101000001011001011001000100111100010000010010010111111010110111111111001001110111110001100000001000111010
1010001111010011001000010100001100000001001010100100001111111110110111101110010010011010101011010110000101011101010111001111001110011101001010011011100011100111101111010111111110010100011101100011101011111111110110010001001110010010110011111101101100111111101110111010101010001110111111100101101110110011110011000010110001100
1110011010010011101010111000010100000011011110111101010111110010111001010100011000001110001011110011000110001110111011110000001000001000010001001100010111101001010100100101110000110011010010100111001111011010110100000010100011011101111111010101010011111010001100010110011100100001100011100010111001010000010111010111001011100
1010001110101111000111101100011110111011010001110100101110000110011101100110110110000111100111000100010011110010010010000100100110001000000100101011100111111000010110000111000100111111010010111111111010000111011111001110110000100000111100110111001011100001100010000011010000001001000001011000010001010000010101101100001110111
0011000000100001100111101111100010101100110000110100110110001100011110001011100111011110111000111100101000110001001100010011000010011111000010111001101101111010011111001101101110011100110110001100011101001010010111011011110110100001100001100101001110000110101100111001100100111101011000111000001000000111010010000000110001001
0101010010010111001101111000000010101101111010000000011101011111110111110110101101011011001000101010111001101011001110011111001000011010001000101001110000001110000011011010101111101101000000000011011011110101010101111101000010000100100110100010011101100101011100100100110110010011010000010011000100000000111010101110110010001
0100110101100111101100111011000100010110001011101101110010101100011000011011111001010110101111000100111000101111101111011011101101010000001101111110001110100100110001111011010111111011000110101111111010011011001011000111000011111000110110010101001010000010001011100000011100100000010100100100100010000010110101101111111100101
1001011101000111111001101000011111110110111101010100001011110110100001110010101111001110000110110101010010100011001101111100101010101010101011111110010000011001110000110101000010101011101111111111000110110000001100111001101000101000101110000001001101001111000101010111011000001101101010000000001110100110001110101001011010000
0010101000010000000001010000011011111001111110100001110010101001100010111010110011011111000010000010101001111101000111100000100101011111101011101110000010010101010111000010110011100110000101111110110011100001000011011110110010100010100010011110001010001000010010100100101000110100101010001110010101011000001100000001111000010
1011001001000000101110100010010110100001100101010000101001111110101110000001001010011100100011001111001111111001101010110001011110001010010001000100111100000111000100111010010110010110110110111110001100111100001101001110100001101000101011011000001110101010100010000011010011111101100010010011010001011001111101101001110011101
0001001000011100101110110011110100100110100110100111001111111110000110001110100011011111010111000011011101011101110000100101001110101011110111110110000110010100000000011010100000100011001011101101010000010111010101010011100100100100001011000110001001111000100100101011010000111000100011100000011010010111100000100111001100001
1000111110110100010011111011110001011011111100111000010001101011001010000000000001110110010100101000010101101100010100110101100111010011101001011101111001010101111000010010011011110110100000101000111111000111101010111000001100100100100000110000101111110001100010100110100110101010000000110010110011000010101110010011101011010
0110011110111100000111100011101100101110110000100101100011110101101001100000011111010111010100101010100110111100001010011010011000100000001100110110111101010011111011010001111000000111111100011100011011011011111011101101101001000010001100100101100110101010100110001001000101000011000000010110100111001010001011111001110101111
1010100101010011010110101110001000111101010010100101100011010011101011000111110111001101100010010000010001010111110000100101101100100001010000111010110000111101110011000011101101110001011101101110000001110000001001110100011110111101011011111111110011110111110000010001000001000010100111011000101111100110100011000111100101011
0111010111010011001001000110011000111011111110001000100011100101111000101100001011001001110010011011111101001000010101111110110111010001010111000101110111001101001000001111011001100011000101100011010110110101000000111001100001110111110110011100000000101100100111110010111000010010010001110010000101001010111000101100111010100
0010101110101100001111100110000000010100011110001001101011111101110101110100101001001110001001010000010010111110001100000001111100110000110001010111111100001101000111001011000001110111000010000010011101100111010000110001100101010010000100100010110000101111101111111110001101001111001001110101001011011100010110110001000100111
1100011011110101011101100111110000111101110101101101010100110001001010001100100011001101010111111010001011111110011101001111111111101111110111011100000011011011100001010000110100101101101110010011001011001110101101011011111011110110011010011011101101011001011000101010101110110101001101110101111101010010001011011010010010100
1100011101010101000110000010101000100000010010000000100101011111010011001001001100100001000101011100010101011001111000001001110010100110010100110111011000100011011001010111110101010010101001011000010000001101000000110101110010010010011011100101011111111001101011100101111101001010110001110110111010001001001101011000000011110
0100110110111110111100011101010001011000000001010100101010100000110010111001111010100001101000100101101011101100000101000110001111111000110001000011000111101101101100000110101100100100011011100001000100001010101000101100000110111000101100110111100111100100100100001101011001110011101100000100101010110111000110110011000010110
0101101001000011010011011010010100101000101101110100000110100110101000110111111101101111001001101011010001011101111010101110001000100001001111001010000010000011011100010000000111101100110110111001101010000110110110001011101110111100101011010110001000100001101100100010100001111010011101010000100100000101101001100100000001001
0001100101010011111000100011011001100110010001011001001001111011011100111000110100011111110110010111101011100010010000010100010111000011100111111010110110001110000111111001010011011110101110001101111101110000011101111000100000101011011011011110001110100000110110111111111101110001100111000001101011001000010000010101011000100
0110101111100000101011010111010101001010110100010100110111010001000110111001000111011101100011110110010001100001011100110001100001010001100011101010100101101010100010111001111111101101001000111100101000001100001001000101010101000010101101111101110001010100100011101100001001110001101000110010110101101110000100000101011010110
1010101110011101011101010011010000010001000101001011010011010111100001110111101000100111001100000011001011101101001100111110011010111010011101111110010001110000110101011001001100000010110011110000011110111110100111110000011101101010101000110111101100100100111000001110101101010100110111011011101101111011110010010110111111100
1111010010111001111001011110001011110010110011111101110100011111101011010111100111101100000110011000111101001111100111001110101000011010110000100011000111111111010100110001110000100100010111000010100011101101001000010010110100001001001011100101111111001001101001110000101100101000010111001100011010000011011101000001100110101
1001111101010010111011001100010110001111110100010111110101100110000100110000100110010111011000100111111010010010011110100000011100000011001000001111011111101110010001010011010001011110001011111101001011011000000111110011001100010101110110000001001100001001001001110111000110010001101001001000010100101110000001010101011010001
1100011001011101100010101011001101101001100011000001100101110010000010101101011110100010000001000010011111100001010110000010001100011000011001011100011000001001001010101000001101011111001100000111100101100011010100001100111000001111011111000010010001010111111101100110011001010101001000101110001110110100111101110111110100101
0111011010110001111101010010000011111001100111001110101100100101001001101110011000011100110001111011110111100010100110010001001101101011000000100011101010001011001111000111111001111101100100100110111000111101000001001111111111110100000000001110001110111001111000111011010010100100100000101110111101001111101111101100111110111
1010111010010001000111010110010011110101100001101110111100100001110110010110000101101010001111110001100100101010000100110011100110101111010111111110111011110001111001100011111010000110101100101001010100001111101110010101001000010001000010101101101000000001010111110010000101010010101010101010000101010110010011011011000111110
0000100101101110110001101000010110101010100000101100111010001110011010011010011011100011011001000010000100111000001100010001111000100001111101110000110111011111011010011111100111110111000111101111101101010101011010100010110101001000000111101100100100011101000001010111011101100011010101011001111101100011111001101101011101010
0110111011010100010110100001011111111001011111110110110100111011110011010100000001000110011110000010001111010000001011011000110101011011110011001010110000001011111101110011101000010000101010101100101010100111001010110101101011111011101111100011110001010001100010011000100011111001111000001000110000101101001110111101000001010
0010100101000000110101011111110111010011001101100001111110010000011100111101100110000010001111101110000111001110001001010111011010010111010101111110011010001010000101100101011011001110100111001001010101100010110001000001110111010000100001100000001110010101001000010010110000101011110001111110101010111100101101001011000111100
1011101101111001100001111110011101101110110100111110001010001000000011100100111001001000000101101110011110000001100111110101101001101000101100001100010110110011011011111011101000001011111101001111000001100000000111110011110100110100001111000110001111100001001011010101101011110001110001111111101001101100100010101111111111000
1001000000110100100100110011011011001000000100101010011001010011111000001110010100111000011000100110111000011000110011101010011000100000011011010000100100101101111111101000010000111011111000101010000110001000111101011101101111101111111111010101000010010010101111110001101010100110111111001011111010010100101100000101001001101
0111101101101110111110011110111000111101010011100011100011000011110101001101110111101100111011100110011001011100000110010000111001110010001011000101000111101100011011001100011111011100011110111101100011111100000100010001100010011110101100110100001011101100101111101011101100011010001000000111101010001001010010101010000100101
0110110011001001101001100000111110110001111101101000010001011010010111110110010110000101100011100011110001111010101111101001100101000000101010100010001111010000001101011100111100101100000011000110001110000000000110001111010001010110000001100011000110000111110011001011100111111011000000010010101011011001101000111110001001011
0111011001000010010000001001111101100110111011110011000010001000010100011000111111111000000011101001010100001001111010000100111001001110001111110111110101000010010110001110101100001110010001011110010000100011111010100101010010110110101111101101111101101000010000111001011111101010000000011000000000011001001100111010011011010
0011011111101010101000001110001100011010010011010100010111101010110101101000110100100001011001100100100100000101011111001001011011101010001001101100111101101111100000110001101110101010010100010001001110000001110101100100010111100010000100001111001010100011011110000101111000010111000001111101101011011011110001101011011100110
0000010000111011001000111111111100000010100101011011000111010001101011001011101100001001011010011001111110010001111111111110001011110111101111001100010001000000010101000110010111011101110000000100011111110101111001010000110101111011111000001111100010101010110100000110010100110000010000011000011101000001101110101000110100100
0111011000101111101100011011011011001010100001110110001110000101110100000000001101101101111110001110001101101000100111010000101111001100000010010110001000000010001110110010011000001010011000000101010110010110001111110100010111111010001110001101110111100110010011111000001101101011111110100011111110100101010001000111111100001
0001111001110111011110100110111011011111001111011101100010111110011100110110001000100000100001010111111001011000000100000010111010100010011001000110001100110011100111001011010101010101100101111010000011110000001001111011011101000010101100111100101111110001110111001101010011011110001001011000101001101110101100110111001110100
0010010100010001000111111111001000011111000111110111001001101000001101000001011000101110100010011100100100001010011101111000101100100101111111010101100000111010101100110101001001111101011110101001010011111001101100100000000100111010101000111001010111111110011101100000110001111010111100100100001011011011101110010011000001101
1111011010100100011110001001100011011100110111011111110011111001001110101010011101110000110001001100101001100010000010101110011111010000101111001000100101101100111110011110101111110100011111000101111010000010110100000011101000010011101011110111010000011111110001111001001101000100011110010110001110111111101111111011100011011
1100011110010011100010101100111101101011011011011111100100100101001110101001001001111110100111101101110011011000010001011110010001111101110101100000011111001101101100011111101010101001011011111110011000010101011000010000101001001100101101000111010110111100010100100000001000000110100101111100100111001111000001011010111010110
1011011110010000010110011110010010101000011110101101000000011011111001111111010101111001110010011000010100100111100100011000110111001110101100101010010110100011011000011101010111100001111010111011011001101100100100011011101101001111010111110001110011101100010111001000100000001010000000011001110100110100111011011101101010011
1001000011000110010010011000011110111011010011000001110111100010100100110101110000111000010010111010111000000001010010000001010101001011001111001100011100011100101011011010001010010100010011100000101100001110011101100000100100011011111101101110010100001100111110101111001111110000110001000100000010010111011010110000111001011
1100011001001100011000110001001010000000100011010010110001100110011010100111001110100100011011001010111010000110000100001101010100000111011001000001111011111001110010111011011011000000100011110100011101100111011100111101001110011100001011000001000101011001101111111000010011110011000011010100001000110100000000100110011000001
1001000010111011010101000111100001101001001100000000110110100110001000001100111110010000010000111010110011101101100001011011001011000100010001000101010111011010000011011111101101100011001011001011001101100010001110001011110100110011011011101101001010100111100001010011010000011010110101100010100011010111100100100001100110000
0001110010101000101101011110101111010011100111000100110101111110101011010010110000101110111011101011010001110011101010011001110100101110010010011001110000111101111001110100011001100011101110010101100110101000010010110011101000000111110010100000010010101001000011101010010101100001101100100100010000000000001111011000000001100
0011011111000111100111110100100001011000011000010110000011011110111101000101100000111010000010111111001001110110000100111110100001110010011000101100110010101110100100010101100100101000100010111011101011001100000000000001110000110001010110100000011110010011011100001001110010111000000001000010011010111100100001000100000000101
0011101111100101101000011001010111111111011111011110100100000000010111001100110001110010011001110101101101100000111001110010111101011101001100001101100010111000000011101001100011010000000111100111111110100001110110110000101110110001010110011100110000111000110100001000001100010100010111011011100011000110001011111101111000011
0010010010000111110010001011101011011100001001010010001100000100010000110100001001111010110010011010100010100111000100100001010010111010011000000011011111110010000010100100111000010100000111000101100100111111001111000001010001100101001100001000011111111111111100000001110010011101101010000111101110101101101011011111100100010
1111101000110111110110100010111010001010111100000110011011010101101001011111111110110001000100010110000111001010010111110111100001011011111001000011101101011000100001010010101001010111000101010100100110100010100011000100011010011000101011101101010111010110000011101101111000101111010010001100100110010010000110010110001100011
0100000110010010111111100010110001001100110110000110100110110000011110010111001011100001001000101011001001110111101101011110011010110000011101111110111010011100011011000010110101001101101001101101000100000101100111100111000011011111000000100111010010111010111101110010101101011000101000110011011000111000001000000011100011100
0001101100001000100011110100100000000011011000001100111110110001101100111110011011001010100101110011100101001001011111001000011111001010111101110100111101000001100000111110110001111001000010101011100111111110110001001100110010011011101110010001010001010001110011011011101011000001111001010110111001010101111101100000111001100
1010001000110101101101011010111100110011110010111010111010000101111010000000001010110111110110000101001110011100000011111000011011110000111001011111000011000000110101101010111110000100100010011001001000011110101101010110100000000001110000110101010101101001101010001000110111010010100100100111000001101001010010010001111010100
0100000101010110001000101001111001010100011001000111110000100011110111011110010011110010100010010110111110100111000100010101111001001001111101010001000100000011010011000011100101011011000000010110001101111011010111001100000011100000010100111011110001111101111100110010101100011011111110001111010100000000101110110010100111101
0100000000110010000111101101101001011001010011101111011100011000000110000001100000110100000100101100001010100010011001001110010100011111010000010111110110101111101001001100100101110010000100111101101111011100011010010100110000001011011001111100010110101110011011111011000001010101100001110000100011011101001001000010000101111
0000001100110001001110011010011011111100110011111010100010110011001000001110100100110111011010010001001011100110010000101110000101011101100001100111001010010100100001101100111010010011100100110000101010010011011111010100000011011001110100110110110101100100111100101100111010000100100101010111001111100001111010100011011000111
0000000010011010001000111100111100011111011111110100101111101010011100011000111000110010110101110111101010110100111111101101111101110100001000001010000010111100100000111000110100101000110011010101100010001011111101110000101111010011010010111101001101100100011010110001000110111011100011101011101000011111001001000110001001011
0000000110100000110101001010001001001011010001010110011110010001000111110101101100011101001001110000110110100010001111100101111100001011011111011110111001110011100000100100010110110001011100010000011001001110110101001100000001001000100011101101101100011100011011100100010110000011101100110001000101011111011001100010110111010
0000000010001100111100001111011101101010110001001011101110101111100011011100110101001010000111101000011001101111011111010011111010010111000111000000111110110110000001101001001010001000001001101110111110010010110011011101110001111101010100101110111010110000110100110111011101001111011000001101111101111110000010101100101101111
1000000000000000000000000000000000000000000000000000000000000000000000000000000000000000000000000000000000000000000000000000000000000000000000000000000000000000000000000000000000000000000000000000000000000000000000000000000000000000000000000000000000000000000000000000000000000000000000000000000000000000000000000000000000000
0100000000000000000000000000000000000000000000000000000000000000000000000000000000000000000000000000000000000000000000000000000000000000000000000000000000000000000000000000000000000000000000000000000000000000000000000000000000000000000000000000000000000000000000000000000000000000000000000000000000000000000000000000000000000
0010000000000000000000000000000000000000000000000000000000000000000000000000000000000000000000000000000000000000000000000000000000000000000000000000000000000000000000000000000000000000000000000000000000000000000000000000000000000000000000000000000000000000000000000000000000000000000000000000000000000000000000000000000000000
0001000000000000000000000000000000000000000000000000000000000000000000000000000000000000000000000000000000000000000000000000000000000000000000000000000000000000000000000000000000000000000000000000000000000000000000000000000000000000000000000000000000000000000000000000000000000000000000000000000000000000000000000000000000000
0000100000000000000000000000000000000000000000000000000000000000000000000000000000000000000000000000000000000000000000000000000000000000000000000000000000000000000000000000000000000000000000000000000000000000000000000000000000000000000000000000000000000000000000000000000000000000000000000000000000000000000000000000000000000
0000010000000000000000000000000000000000000000000000000000000000000000000000000000000000000000000000000000000000000000000000000000000000000000000000000000000000000000000000000000000000000000000000000000000000000000000000000000000000000000000000000000000000000000000000000000000000000000000000000000000000000000000000000000000
0000001000000000000000000000000000000000000000000000000000000000000000000000000000000000000000000000000000000000000000000000000000000000000000000000000000000000000000000000000000000000000000000000000000000000000000000000000000000000000000000000000000000000000000000000000000000000000000000000000000000000000000000000000000000
0000000100000000000000000000000000000000000000000000000000000000000000000000000000000000000000000000000000000000000000000000000000000000000000000000000000000000000000000000000000000000000000000000000000000000000000000000000000000000000000000000000000000000000000000000000000000000000000000000000000000000000000000000000000000
0000000010000000000000000000000000000000000000000000000000000000000000000000000000000000000000000000000000000000000000000000000000000000000000000000000000000000000000000000000000000000000000000000000000000000000000000000000000000000000000000000000000000000000000000000000000000000000000000000000000000000000000000000000000000
0000000001000000000000000000000000000000000000000000000000000000000000000000000000000000000000000000000000000000000000000000000000000000000000000000000000000000000000000000000000000000000000000000000000000000000000000000000000000000000000000000000000000000000000000000000000000000000000000000000000000000000000000000000000000
0000000000100000000000000000000000000000000000000000000000000000000000000000000000000000000000000000000000000000000000000000000000000000000000000000000000000000000000000000000000000000000000000000000000000000000000000000000000000000000000000000000000000000000000000000000000000000000000000000000000000000000000000000000000000
0000000000010000000000000000000000000000000000000000000000000000000000000000000000000000000000000000000000000000000000000000000000000000000000000000000000000000000000000000000000000000000000000000000000000000000000000000000000000000000000000000000000000000000000000000000000000000000000000000000000000000000000000000000000000
0000000000001000000000000000000000000000000000000000000000000000000000000000000000000000000000000000000000000000000000000000000000000000000000000000000000000000000000000000000000000000000000000000000000000000000000000000000000000000000000000000000000000000000000000000000000000000000000000000000000000000000000000000000000000
0000000000000100000000000000000000000000000000000000000000000000000000000000000000000000000000000000000000000000000000000000000000000000000000000000000000000000000000000000000000000000000000000000000000000000000000000000000000000000000000000000000000000000000000000000000000000000000000000000000000000000000000000000000000000
0000000000000010000000000000000000000000000000000000000000000000000000000000000000000000000000000000000000000000000000000000000000000000000000000000000000000000000000000000000000000000000000000000000000000000000000000000000000000000000000000000000000000000000000000000000000000000000000000000000000000000000000000000000000000
0000000000000001000000000000000000000000000000000000000000000000000000000000000000000000000000000000000000000000000000000000000000000000000000000000000000000000000000000000000000000000000000000000000000000000000000000000000000000000000000000000000000000000000000000000000000000000000000000000000000000000000000000000000000000
0000000000000000100000000000000000000000000000000000000000000000000000000000000000000000000000000000000000000000000000000000000000000000000000000000000000000000000000000000000000000000000000000000000000000000000000000000000000000000000000000000000000000000000000000000000000000000000000000000000000000000000000000000000000000
0000000000000000010000000000000000000000000000000000000000000000000000000000000000000000000000000000000000000000000000000000000000000000000000000000000000000000000000000000000000000000000000000000000000000000000000000000000000000000000000000000000000000000000000000000000000000000000000000000000000000000000000000000000000000
0000000000000000001000000000000000000000000000000000000000000000000000000000000000000000000000000000000000000000000000000000000000000000000000000000000000000000000000000000000000000000000000000000000000000000000000000000000000000000000000000000000000000000000000000000000000000000000000000000000000000000000000000000000000000
0000000000000000000100000000000000000000000000000000000000000000000000000000000000000000000000000000000000000000000000000000000000000000000000000000000000000000000000000000000000000000000000000000000000000000000000000000000000000000000000000000000000000000000000000000000000000000000000000000000000000000000000000000000000000
0000000000000000000010000000000000000000000000000000000000000000000000000000000000000000000000000000000000000000000000000000000000000000000000000000000000000000000000000000000000000000000000000000000000000000000000000000000000000000000000000000000000000000000000000000000000000000000000000000000000000000000000000000000000000
0000000000000000000001000000000000000000000000000000000000000000000000000000000000000000000000000000000000000000000000000000000000000000000000000000000000000000000000000000000000000000000000000000000000000000000000000000000000000000000000000000000000000000000000000000000000000000000000000000000000000000000000000000000000000
0000000000000000000000100000000000000000000000000000000000000000000000000000000000000000000000000000000000000000000000000000000000000000000000000000000000000000000000000000000000000000000000000000000000000000000000000000000000000000000000000000000000000000000000000000000000000000000000000000000000000000000000000000000000000
0000000000000000000000010000000000000000000000000000000000000000000000000000000000000000000000000000000000000000000000000000000000000000000000000000000000000000000000000000000000000000000000000000000000000000000000000000000000000000000000000000000000000000000000000000000000000000000000000000000000000000000000000000000000000
0000000000000000000000001000000000000000000000000000000000000000000000000000000000000000000000000000000000000000000000000000000000000000000000000000000000000000000000000000000000000000000000000000000000000000000000000000000000000000000000000000000000000000000000000000000000000000000000000000000000000000000000000000000000000
0000000000000000000000000100000000000000000000000000000000000000000000000000000000000000000000000000000000000000000000000000000000000000000000000000000000000000000000000000000000000000000000000000000000000000000000000000000000000000000000000000000000000000000000000000000000000000000000000000000000000000000000000000000000000
0000000000000000000000000010000000000000000000000000000000000000000000000000000000000000000000000000000000000000000000000000000000000000000000000000000000000000000000000000000000000000000000000000000000000000000000000000000000000000000000000000000000000000000000000000000000000000000000000000000000000000000000000000000000000
0000000000000000000000000001000000000000000000000000000000000000000000000000000000000000000000000000000000000000000000000000000000000000000000000000000000000000000000000000000000000000000000000000000000000000000000000000000000000000000000000000000000000000000000000000000000000000000000000000000000000000000000000000000000000
0000000000000000000000000000100000000000000000000000000000000000000000000000000000000000000000000000000000000000000000000000000000000000000000000000000000000000000000000000000000000000000000000000000000000000000000000000000000000000000000000000000000000000000000000000000000000000000000000000000000000000000000000000000000000
0000000000000000000000000000010000000000000000000000000000000000000000000000000000000000000000000000000000000000000000000000000000000000000000000000000000000000000000000000000000000000000000000000000000000000000000000000000000000000000000000000000000000000000000000000000000000000000000000000000000000000000000000000000000000
0000000000000000000000000000001000000000000000000000000000000000000000000000000000000000000000000000000000000000000000000000000000000000000000000000000000000000000000000000000000000000000000000000000000000000000000000000000000000000000000000000000000000000000000000000000000000000000000000000000000000000000000000000000000000
0000000000000000000000000000000100000000000000000000000000000000000000000000000000000000000000000000000000000000000000000000000000000000000000000000000000000000000000000000000000000000000000000000000000000000000000000000000000000000000000000000000000000000000000000000000000000000000000000000000000000000000000000000000000000
0000000000000000000000000000000010000000000000000000000000000000000000000000000000000000000000000000000000000000000000000000000000000000000000000000000000000000000000000000000000000000000000000000000000000000000000000000000000000000000000000000000000000000000000000000000000000000000000000000000000000000000000000000000000000
0000000000000000000000000000000001000000000000000000000000000000000000000000000000000000000000000000000000000000000000000000000000000000000000000000000000000000000000000000000000000000000000000000000000000000000000000000000000000000000000000000000000000000000000000000000000000000000000000000000000000000000000000000000000000
0000000000000000000000000000000000100000000000000000000000000000000000000000000000000000000000000000000000000000000000000000000000000000000000000000000000000000000000000000000000000000000000000000000000000000000000000000000000000000000000000000000000000000000000000000000000000000000000000000000000000000000000000000000000000
0000000000000000000000000000000000010000000000000000000000000000000000000000000000000000000000000000000000000000000000000000000000000000000000000000000000000000000000000000000000000000000000000000000000000000000000000000000000000000000000000000000000000000000000000000000000000000000000000000000000000000000000000000000000000
0000000000000000000000000000000000001000000000000000000000000000000000000000000000000000000000000000000000000000000000000000000000000000000000000000000000000000000000000000000000000000000000000000000000000000000000000000000000000000000000000000000000000000000000000000000000000000000000000000000000000000000000000000000000000
0000000000000000000000000000000000000100000000000000000000000000000000000000000000000000000000000000000000000000000000000000000000000000000000000000000000000000000000000000000000000000000000000000000000000000000000000000000000000000000000000000000000000000000000000000000000000000000000000000000000000000000000000000000000000
0000000000000000000000000000000000000010000000000000000000000000000000000000000000000000000000000000000000000000000000000000000000000000000000000000000000000000000000000000000000000000000000000000000000000000000000000000000000000000000000000000000000000000000000000000000000000000000000000000000000000000000000000000000000000
0000000000000000000000000000000000000001000000000000000000000000000000000000000000000000000000000000000000000000000000000000000000000000000000000000000000000000000000000000000000000000000000000000000000000000000000000000000000000000000000000000000000000000000000000000000000000000000000000000000000000000000000000000000000000
0000000000000000000000000000000000000000100000000000000000000000000000000000000000000000000000000000000000000000000000000000000000000000000000000000000000000000000000000000000000000000000000000000000000000000000000000000000000000000000000000000000000000000000000000000000000000000000000000000000000000000000000000000000000000
0000000000000000000000000000000000000000010000000000000000000000000000000000000000000000000000000000000000000000000000000000000000000000000000000000000000000000000000000000000000000000000000000000000000000000000000000000000000000000000000000000000000000000000000000000000000000000000000000000000000000000000000000000000000000
0000000000000000000000000000000000000000001000000000000000000000000000000000000000000000000000000000000000000000000000000000000000000000000000000000000000000000000000000000000000000000000000000000000000000000000000000000000000000000000000000000000000000000000000000000000000000000000000000000000000000000000000000000000000000
0000000000000000000000000000000000000000000100000000000000000000000000000000000000000000000000000000000000000000000000000000000000000000000000000000000000000000000000000000000000000000000000000000000000000000000000000000000000000000000000000000000000000000000000000000000000000000000000000000000000000000000000000000000000000
0000000000000000000000000000000000000000000010000000000000000000000000000000000000000000000000000000000000000000000000000000000000000000000000000000000000000000000000000000000000000000000000000000000000000000000000000000000000000000000000000000000000000000000000000000000000000000000000000000000000000000000000000000000000000
0000000000000000000000000000000000000000000001000000000000000000000000000000000000000000000000000000000000000000000000000000000000000000000000000000000000000000000000000000000000000000000000000000000000000000000000000000000000000000000000000000000000000000000000000000000000000000000000000000000000000000000000000000000000000
0000000000000000000000000000000000000000000000100000000000000000000000000000000000000000000000000000000000000000000000000000000000000000000000000000000000000000000000000000000000000000000000000000000000000000000000000000000000000000000000000000000000000000000000000000000000000000000000000000000000000000000000000000000000000
0000000000000000000000000000000000000000000000010000000000000000000000000000000000000000000000000000000000000000000000000000000000000000000000000000000000000000000000000000000000000000000000000000000000000000000000000000000000000000000000000000000000000000000000000000000000000000000000000000000000000000000000000000000000000
0000000000000000000000000000000000000000000000001000000000000000000000000000000000000000000000000000000000000000000000000000000000000000000000000000000000000000000000000000000000000000000000000000000000000000000000000000000000000000000000000000000000000000000000000000000000000000000000000000000000000000000000000000000000000
0000000000000000000000000000000000000000000000000100000000000000000000000000000000000000000000000000000000000000000000000000000000000000000000000000000000000000000000000000000000000000000000000000000000000000000000000000000000000000000000000000000000000000000000000000000000000000000000000000000000000000000000000000000000000
0000000000000000000000000000000000000000000000000010000000000000000000000000000000000000000000000000000000000000000000000000000000000000000000000000000000000000000000000000000000000000000000000000000000000000000000000000000000000000000000000000000000000000000000000000000000000000000000000000000000000000000000000000000000000
0000000000000000000000000000000000000000000000000001000000000000000000000000000000000000000000000000000000000000000000000000000000000000000000000000000000000000000000000000000000000000000000000000000000000000000000000000000000000000000000000000000000000000000000000000000000000000000000000000000000000000000000000000000000000
0000000000000000000000000000000000000000000000000000100000000000000000000000000000000000000000000000000000000000000000000000000000000000000000000000000000000000000000000000000000000000000000000000000000000000000000000000000000000000000000000000000000000000000000000000000000000000000000000000000000000000000000000000000000000
0000000000000000000000000000000000000000000000000000010000000000000000000000000000000000000000000000000000000000000000000000000000000000000000000000000000000000000000000000000000000000000000000000000000000000000000000000000000000000000000000000000000000000000000000000000000000000000000000000000000000000000000000000000000000
0000000000000000000000000000000000000000000000000000001000000000000000000000000000000000000000000000000000000000000000000000000000000000000000000000000000000000000000000000000000000000000000000000000000000000000000000000000000000000000000000000000000000000000000000000000000000000000000000000000000000000000000000000000000000
0000000000000000000000000000000000000000000000000000000100000000000000000000000000000000000000000000000000000000000000000000000000000000000000000000000000000000000000000000000000000000000000000000000000000000000000000000000000000000000000000000000000000000000000000000000000000000000000000000000000000000000000000000000000000
0000000000000000000000000000000000000000000000000000000010000000000000000000000000000000000000000000000000000000000000000000000000000000000000000000000000000000000000000000000000000000000000000000000000000000000000000000000000000000000000000000000000000000000000000000000000000000000000000000000000000000000000000000000000000
0000000000000000000000000000000000000000000000000000000001000000000000000000000000000000000000000000000000000000000000000000000000000000000000000000000000000000000000000000000000000000000000000000000000000000000000000000000000000000000000000000000000000000000000000000000000000000000000000000000000000000000000000000000000000
0000000000000000000000000000000000000000000000000000000000100000000000000000000000000000000000000000000000000000000000000000000000000000000000000000000000000000000000000000000000000000000000000000000000000000000000000000000000000000000000000000000000000000000000000000000000000000000000000000000000000000000000000000000000000
0000000000000000000000000000000000000000000000000000000000010000000000000000000000000000000000000000000000000000000000000000000000000000000000000000000000000000000000000000000000000000000000000000000000000000000000000000000000000000000000000000000000000000000000000000000000000000000000000000000000000000000000000000000000000
0000000000000000000000000000000000000000000000000000000000001000000000000000000000000000000000000000000000000000000000000000000000000000000000000000000000000000000000000000000000000000000000000000000000000000000000000000000000000000000000000000000000000000000000000000000000000000000000000000000000000000000000000000000000000
0000000000000000000000000000000000000000000000000000000000000100000000000000000000000000000000000000000000000000000000000000000000000000000000000000000000000000000000000000000000000000000000000000000000000000000000000000000000000000000000000000000000000000000000000000000000000000000000000000000000000000000000000000000000000
0000000000000000000000000000000000000000000000000000000000000010000000000000000000000000000000000000000000000000000000000000000000000000000000000000000000000000000000000000000000000000000000000000000000000000000000000000000000000000000000000000000000000000000000000000000000000000000000000000000000000000000000000000000000000
0000000000000000000000000000000000000000000000000000000000000001000000000000000000000000000000000000000000000000000000000000000000000000000000000000000000000000000000000000000000000000000000000000000000000000000000000000000000000000000000000000000000000000000000000000000000000000000000000000000000000000000000000000000000000
0000000000000000000000000000000000000000000000000000000000000000100000000000000000000000000000000000000000000000000000000000000000000000000000000000000000000000000000000000000000000000000000000000000000000000000000000000000000000000000000000000000000000000000000000000000000000000000000000000000000000000000000000000000000000
0000000000000000000000000000000000000000000000000000000000000000010000000000000000000000000000000000000000000000000000000000000000000000000000000000000000000000000000000000000000000000000000000000000000000000000000000000000000000000000000000000000000000000000000000000000000000000000000000000000000000000000000000000000000000
0000000000000000000000000000000000000000000000000000000000000000001000000000000000000000000000000000000000000000000000000000000000000000000000000000000000000000000000000000000000000000000000000000000000000000000000000000000000000000000000000000000000000000000000000000000000000000000000000000000000000000000000000000000000000
0000000000000000000000000000000000000000000000000000000000000000000100000000000000000000000000000000000000000000000000000000000000000000000000000000000000000000000000000000000000000000000000000000000000000000000000000000000000000000000000000000000000000000000000000000000000000000000000000000000000000000000000000000000000000
0000000000000000000000000000000000000000000000000000000000000000000010000000000000000000000000000000000000000000000000000000000000000000000000000000000000000000000000000000000000000000000000000000000000000000000000000000000000000000000000000000000000000000000000000000000000000000000000000000000000000000000000000000000000000
0000000000000000000000000000000000000000000000000000000000000000000001000000000000000000000000000000000000000000000000000000000000000000000000000000000000000000000000000000000000000000000000000000000000000000000000000000000000000000000000000000000000000000000000000000000000000000000000000000000000000000000000000000000000000
0000000000000000000000000000000000000000000000000000000000000000000000100000000000000000000000000000000000000000000000000000000000000000000000000000000000000000000000000000000000000000000000000000000000000000000000000000000000000000000000000000000000000000000000000000000000000000000000000000000000000000000000000000000000000
0000000000000000000000000000000000000000000000000000000000000000000000010000000000000000000000000000000000000000000000000000000000000000000000000000000000000000000000000000000000000000000000000000000000000000000000000000000000000000000000000000000000000000000000000000000000000000000000000000000000000000000000000000000000000
0000000000000000000000000000000000000000000000000000000000000000000000001000000000000000000000000000000000000000000000000000000000000000000000000000000000000000000000000000000000000000000000000000000000000000000000000000000000000000000000000000000000000000000000000000000000000000000000000000000000000000000000000000000000000
0000000000000000000000000000000000000000000000000000000000000000000000000100000000000000000000000000000000000000000000000000000000000000000000000000000000000000000000000000000000000000000000000000000000000000000000000000000000000000000000000000000000000000000000000000000000000000000000000000000000000000000000000000000000000
0000000000000000000000000000000000000000000000000000000000000000000000000010000000000000000000000000000000000000000000000000000000000000000000000000000000000000000000000000000000000000000000000000000000000000000000000000000000000000000000000000000000000000000000000000000000000000000000000000000000000000000000000000000000000
0000000000000000000000000000000000000000000000000000000000000000000000000001000000000000000000000000000000000000000000000000000000000000000000000000000000000000000000000000000000000000000000000000000000000000000000000000000000000000000000000000000000000000000000000000000000000000000000000000000000000000000000000000000000000
0000000000000000000000000000000000000000000000000000000000000000000000000000100000000000000000000000000000000000000000000000000000000000000000000000000000000000000000000000000000000000000000000000000000000000000000000000000000000000000000000000000000000000000000000000000000000000000000000000000000000000000000000000000000000
0000000000000000000000000000000000000000000000000000000000000000000000000000010000000000000000000000000000000000000000000000000000000000000000000000000000000000000000000000000000000000000000000000000000000000000000000000000000000000000000000000000000000000000000000000000000000000000000000000000000000000000000000000000000000
0000000000000000000000000000000000000000000000000000000000000000000000000000001000000000000000000000000000000000000000000000000000000000000000000000000000000000000000000000000000000000000000000000000000000000000000000000000000000000000000000000000000000000000000000000000000000000000000000000000000000000000000000000000000000
0000000000000000000000000000000000000000000000000000000000000000000000000000000100000000000000000000000000000000000000000000000000000000000000000000000000000000000000000000000000000000000000000000000000000000000000000000000000000000000000000000000000000000000000000000000000000000000000000000000000000000000000000000000000000
0000000000000000000000000000000000000000000000000000000000000000000000000000000010000000000000000000000000000000000000000000000000000000000000000000000000000000000000000000000000000000000000000000000000000000000000000000000000000000000000000000000000000000000000000000000000000000000000000000000000000000000000000000000000000
0000000000000000000000000000000000000000000000000000000000000000000000000000000001000000000000000000000000000000000000000000000000000000000000000000000000000000000000000000000000000000000000000000000000000000000000000000000000000000000000000000000000000000000000000000000000000000000000000000000000000000000000000000000000000
0000000000000000000000000000000000000000000000000000000000000000000000000000000000100000000000000000000000000000000000000000000000000000000000000000000000000000000000000000000000000000000000000000000000000000000000000000000000000000000000000000000000000000000000000000000000000000000000000000000000000000000000000000000000000
0000000000000000000000000000000000000000000000000000000000000000000000000000000000010000000000000000000000000000000000000000000000000000000000000000000000000000000000000000000000000000000000000000000000000000000000000000000000000000000000000000000000000000000000000000000000000000000000000000000000000000000000000000000000000
0000000000000000000000000000000000000000000000000000000000000000000000000000000000001000000000000000000000000000000000000000000000000000000000000000000000000000000000000000000000000000000000000000000000000000000000000000000000000000000000000000000000000000000000000000000000000000000000000000000000000000000000000000000000000
0000000000000000000000000000000000000000000000000000000000000000000000000000000000000100000000000000000000000000000000000000000000000000000000000000000000000000000000000000000000000000000000000000000000000000000000000000000000000000000000000000000000000000000000000000000000000000000000000000000000000000000000000000000000000
0000000000000000000000000000000000000000000000000000000000000000000000000000000000000010000000000000000000000000000000000000000000000000000000000000000000000000000000000000000000000000000000000000000000000000000000000000000000000000000000000000000000000000000000000000000000000000000000000000000000000000000000000000000000000
0000000000000000000000000000000000000000000000000000000000000000000000000000000000000001000000000000000000000000000000000000000000000000000000000000000000000000000000000000000000000000000000000000000000000000000000000000000000000000000000000000000000000000000000000000000000000000000000000000000000000000000000000000000000000
0000000000000000000000000000000000000000000000000000000000000000000000000000000000000000100000000000000000000000000000000000000000000000000000000000000000000000000000000000000000000000000000000000000000000000000000000000000000000000000000000000000000000000000000000000000000000000000000000000000000000000000000000000000000000
0000000000000000000000000000000000000000000000000000000000000000000000000000000000000000010000000000000000000000000000000000000000000000000000000000000000000000000000000000000000000000000000000000000000000000000000000000000000000000000000000000000000000000000000000000000000000000000000000000000000000000000000000000000000000
0000000000000000000000000000000000000000000000000000000000000000000000000000000000000000001000000000000000000000000000000000000000000000000000000000000000000000000000000000000000000000000000000000000000000000000000000000000000000000000000000000000000000000000000000000000000000000000000000000000000000000000000000000000000000
0000000000000000000000000000000000000000000000000000000000000000000000000000000000000000000100000000000000000000000000000000000000000000000000000000000000000000000000000000000000000000000000000000000000000000000000000000000000000000000000000000000000000000000000000000000000000000000000000000000000000000000000000000000000000
0000000000000000000000000000000000000000000000000000000000000000000000000000000000000000000010000000000000000000000000000000000000000000000000000000000000000000000000000000000000000000000000000000000000000000000000000000000000000000000000000000000000000000000000000000000000000000000000000000000000000000000000000000000000000
0000000000000000000000000000000000000000000000000000000000000000000000000000000000000000000001000000000000000000000000000000000000000000000000000000000000000000000000000000000000000000000000000000000000000000000000000000000000000000000000000000000000000000000000000000000000000000000000000000000000000000000000000000000000000
0000000000000000000000000000000000000000000000000000000000000000000000000000000000000000000000100000000000000000000000000000000000000000000000000000000000000000000000000000000000000000000000000000000000000000000000000000000000000000000000000000000000000000000000000000000000000000000000000000000000000000000000000000000000000
0000000000000000000000000000000000000000000000000000000000000000000000000000000000000000000000010000000000000000000000000000000000000000000000000000000000000000000000000000000000000000000000000000000000000000000000000000000000000000000000000000000000000000000000000000000000000000000000000000000000000000000000000000000000000
0000000000000000000000000000000000000000000000000000000000000000000000000000000000000000000000001000000000000000000000000000000000000000000000000000000000000000000000000000000000000000000000000000000000000000000000000000000000000000000000000000000000000000000000000000000000000000000000000000000000000000000000000000000000000
0000000000000000000000000000000000000000000000000000000000000000000000000000000000000000000000000100000000000000000000000000000000000000000000000000000000000000000000000000000000000000000000000000000000000000000000000000000000000000000000000000000000000000000000000000000000000000000000000000000000000000000000000000000000000
0000000000000000000000000000000000000000000000000000000000000000000000000000000000000000000000000010000000000000000000000000000000000000000000000000000000000000000000000000000000000000000000000000000000000000000000000000000000000000000000000000000000000000000000000000000000000000000000000000000000000000000000000000000000000
0000000000000000000000000000000000000000000000000000000000000000000000000000000000000000000000000001000000000000000000000000000000000000000000000000000000000000000000000000000000000000000000000000000000000000000000000000000000000000000000000000000000000000000000000000000000000000000000000000000000000000000000000000000000000
0000000000000000000000000000000000000000000000000000000000000000000000000000000000000000000000000000100000000000000000000000000000000000000000000000000000000000000000000000000000000000000000000000000000000000000000000000000000000000000000000000000000000000000000000000000000000000000000000000000000000000000000000000000000000
0000000000000000000000000000000000000000000000000000000000000000000000000000000000000000000000000000010000000000000000000000000000000000000000000000000000000000000000000000000000000000000000000000000000000000000000000000000000000000000000000000000000000000000000000000000000000000000000000000000000000000000000000000000000000
0000000000000000000000000000000000000000000000000000000000000000000000000000000000000000000000000000001000000000000000000000000000000000000000000000000000000000000000000000000000000000000000000000000000000000000000000000000000000000000000000000000000000000000000000000000000000000000000000000000000000000000000000000000000000
0000000000000000000000000000000000000000000000000000000000000000000000000000000000000000000000000000000100000000000000000000000000000000000000000000000000000000000000000000000000000000000000000000000000000000000000000000000000000000000000000000000000000000000000000000000000000000000000000000000000000000000000000000000000000
0000000000000000000000000000000000000000000000000000000000000000000000000000000000000000000000000000000010000000000000000000000000000000000000000000000000000000000000000000000000000000000000000000000000000000000000000000000000000000000000000000000000000000000000000000000000000000000000000000000000000000000000000000000000000
0000000000000000000000000000000000000000000000000000000000000000000000000000000000000000000000000000000001000000000000000000000000000000000000000000000000000000000000000000000000000000000000000000000000000000000000000000000000000000000000000000000000000000000000000000000000000000000000000000000000000000000000000000000000000
0000000000000000000000000000000000000000000000000000000000000000000000000000000000000000000000000000000000100000000000000000000000000000000000000000000000000000000000000000000000000000000000000000000000000000000000000000000000000000000000000000000000000000000000000000000000000000000000000000000000000000000000000000000000000
0000000000000000000000000000000000000000000000000000000000000000000000000000000000000000000000000000000000010000000000000000000000000000000000000000000000000000000000000000000000000000000000000000000000000000000000000000000000000000000000000000000000000000000000000000000000000000000000000000000000000000000000000000000000000
0000000000000000000000000000000000000000000000000000000000000000000000000000000000000000000000000000000000001000000000000000000000000000000000000000000000000000000000000000000000000000000000000000000000000000000000000000000000000000000000000000000000000000000000000000000000000000000000000000000000000000000000000000000000000
0000000000000000000000000000000000000000000000000000000000000000000000000000000000000000000000000000000000000100000000000000000000000000000000000000000000000000000000000000000000000000000000000000000000000000000000000000000000000000000000000000000000000000000000000000000000000000000000000000000000000000000000000000000000000
0000000000000000000000000000000000000000000000000000000000000000000000000000000000000000000000000000000000000010000000000000000000000000000000000000000000000000000000000000000000000000000000000000000000000000000000000000000000000000000000000000000000000000000000000000000000000000000000000000000000000000000000000000000000000
0000000000000000000000000000000000000000000000000000000000000000000000000000000000000000000000000000000000000001000000000000000000000000000000000000000000000000000000000000000000000000000000000000000000000000000000000000000000000000000000000000000000000000000000000000000000000000000000000000000000000000000000000000000000000
0000000000000000000000000000000000000000000000000000000000000000000000000000000000000000000000000000000000000000100000000000000000000000000000000000000000000000000000000000000000000000000000000000000000000000000000000000000000000000000000000000000000000000000000000000000000000000000000000000000000000000000000000000000000000
0000000000000000000000000000000000000000000000000000000000000000000000000000000000000000000000000000000000000000010000000000000000000000000000000000000000000000000000000000000000000000000000000000000000000000000000000000000000000000000000000000000000000000000000000000000000000000000000000000000000000000000000000000000000000
0000000000000000000000000000000000000000000000000000000000000000000000000000000000000000000000000000000000000000001000000000000000000000000000000000000000000000000000000000000000000000000000000000000000000000000000000000000000000000000000000000000000000000000000000000000000000000000000000000000000000000000000000000000000000
0000000000000000000000000000000000000000000000000000000000000000000000000000000000000000000000000000000000000000000100000000000000000000000000000000000000000000000000000000000000000000000000000000000000000000000000000000000000000000000000000000000000000000000000000000000000000000000000000000000000000000000000000000000000000
0000000000000000000000000000000000000000000000000000000000000000000000000000000000000000000000000000000000000000000010000000000000000000000000000000000000000000000000000000000000000000000000000000000000000000000000000000000000000000000000000000000000000000000000000000000000000000000000000000000000000000000000000000000000000
0000000000000000000000000000000000000000000000000000000000000000000000000000000000000000000000000000000000000000000001000000000000000000000000000000000000000000000000000000000000000000000000000000000000000000000000000000000000000000000000000000000000000000000000000000000000000000000000000000000000000000000000000000000000000
0000000000000000000000000000000000000000000000000000000000000000000000000000000000000000000000000000000000000000000000100000000000000000000000000000000000000000000000000000000000000000000000000000000000000000000000000000000000000000000000000000000000000000000000000000000000000000000000000000000000000000000000000000000000000
0000000000000000000000000000000000000000000000000000000000000000000000000000000000000000000000000000000000000000000000010000000000000000000000000000000000000000000000000000000000000000000000000000000000000000000000000000000000000000000000000000000000000000000000000000000000000000000000000000000000000000000000000000000000000
0000000000000000000000000000000000000000000000000000000000000000000000000000000000000000000000000000000000000000000000001000000000000000000000000000000000000000000000000000000000000000000000000000000000000000000000000000000000000000000000000000000000000000000000000000000000000000000000000000000000000000000000000000000000000
0000000000000000000000000000000000000000000000000000000000000000000000000000000000000000000000000000000000000000000000000100000000000000000000000000000000000000000000000000000000000000000000000000000000000000000000000000000000000000000000000000000000000000000000000000000000000000000000000000000000000000000000000000000000000
0000000000000000000000000000000000000000000000000000000000000000000000000000000000000000000000000000000000000000000000000010000000000000000000000000000000000000000000000000000000000000000000000000000000000000000000000000000000000000000000000000000000000000000000000000000000000000000000000000000000000000000000000000000000000
0000000000000000000000000000000000000000000000000000000000000000000000000000000000000000000000000000000000000000000000000001000000000000000000000000000000000000000000000000000000000000000000000000000000000000000000000000000000000000000000000000000000000000000000000000000000000000000000000000000000000000000000000000000000000
0000000000000000000000000000000000000000000000000000000000000000000000000000000000000000000000000000000000000000000000000000100000000000000000000000000000000000000000000000000000000000000000000000000000000000000000000000000000000000000000000000000000000000000000000000000000000000000000000000000000000000000000000000000000000
0000000000000000000000000000000000000000000000000000000000000000000000000000000000000000000000000000000000000000000000000000010000000000000000000000000000000000000000000000000000000000000000000000000000000000000000000000000000000000000000000000000000000000000000000000000000000000000000000000000000000000000000000000000000000
0000000000000000000000000000000000000000000000000000000000000000000000000000000000000000000000000000000000000000000000000000001000000000000000000000000000000000000000000000000000000000000000000000000000000000000000000000000000000000000000000000000000000000000000000000000000000000000000000000000000000000000000000000000000000
0000000000000000000000000000000000000000000000000000000000000000000000000000000000000000000000000000000000000000000000000000000100000000000000000000000000000000000000000000000000000000000000000000000000000000000000000000000000000000000000000000000000000000000000000000000000000000000000000000000000000000000000000000000000000
0000000000000000000000000000000000000000000000000000000000000000000000000000000000000000000000000000000000000000000000000000000010000000000000000000000000000000000000000000000000000000000000000000000000000000000000000000000000000000000000000000000000000000000000000000000000000000000000000000000000000000000000000000000000000
0000000000000000000000000000000000000000000000000000000000000000000000000000000000000000000000000000000000000000000000000000000001000000000000000000000000000000000000000000000000000000000000000000000000000000000000000000000000000000000000000000000000000000000000000000000000000000000000000000000000000000000000000000000000000
0000000000000000000000000000000000000000000000000000000000000000000000000000000000000000000000000000000000000000000000000000000000100000000000000000000000000000000000000000000000000000000000000000000000000000000000000000000000000000000000000000000000000000000000000000000000000000000000000000000000000000000000000000000000000
0000000000000000000000000000000000000000000000000000000000000000000000000000000000000000000000000000000000000000000000000000000000010000000000000000000000000000000000000000000000000000000000000000000000000000000000000000000000000000000000000000000000000000000000000000000000000000000000000000000000000000000000000000000000000
0000000000000000000000000000000000000000000000000000000000000000000000000000000000000000000000000000000000000000000000000000000000001000000000000000000000000000000000000000000000000000000000000000000000000000000000000000000000000000000000000000000000000000000000000000000000000000000000000000000000000000000000000000000000000
0000000000000000000000000000000000000000000000000000000000000000000000000000000000000000000000000000000000000000000000000000000000000100000000000000000000000000000000000000000000000000000000000000000000000000000000000000000000000000000000000000000000000000000000000000000000000000000000000000000000000000000000000000000000000
0000000000000000000000000000000000000000000000000000000000000000000000000000000000000000000000000000000000000000000000000000000000000010000000000000000000000000000000000000000000000000000000000000000000000000000000000000000000000000000000000000000000000000000000000000000000000000000000000000000000000000000000000000000000000
0000000000000000000000000000000000000000000000000000000000000000000000000000000000000000000000000000000000000000000000000000000000000001000000000000000000000000000000000000000000000000000000000000000000000000000000000000000000000000000000000000000000000000000000000000000000000000000000000000000000000000000000000000000000000
0000000000000000000000000000000000000000000000000000000000000000000000000000000000000000000000000000000000000000000000000000000000000000100000000000000000000000000000000000000000000000000000000000000000000000000000000000000000000000000000000000000000000000000000000000000000000000000000000000000000000000000000000000000000000
0000000000000000000000000000000000000000000000000000000000000000000000000000000000000000000000000000000000000000000000000000000000000000010000000000000000000000000000000000000000000000000000000000000000000000000000000000000000000000000000000000000000000000000000000000000000000000000000000000000000000000000000000000000000000
0000000000000000000000000000000000000000000000000000000000000000000000000000000000000000000000000000000000000000000000000000000000000000001000000000000000000000000000000000000000000000000000000000000000000000000000000000000000000000000000000000000000000000000000000000000000000000000000000000000000000000000000000000000000000
0000000000000000000000000000000000000000000000000000000000000000000000000000000000000000000000000000000000000000000000000000000000000000000100000000000000000000000000000000000000000000000000000000000000000000000000000000000000000000000000000000000000000000000000000000000000000000000000000000000000000000000000000000000000000
0000000000000000000000000000000000000000000000000000000000000000000000000000000000000000000000000000000000000000000000000000000000000000000010000000000000000000000000000000000000000000000000000000000000000000000000000000000000000000000000000000000000000000000000000000000000000000000000000000000000000000000000000000000000000
0000000000000000000000000000000000000000000000000000000000000000000000000000000000000000000000000000000000000000000000000000000000000000000001000000000000000000000000000000000000000000000000000000000000000000000000000000000000000000000000000000000000000000000000000000000000000000000000000000000000000000000000000000000000000
0000000000000000000000000000000000000000000000000000000000000000000000000000000000000000000000000000000000000000000000000000000000000000000000100000000000000000000000000000000000000000000000000000000000000000000000000000000000000000000000000000000000000000000000000000000000000000000000000000000000000000000000000000000000000
0000000000000000000000000000000000000000000000000000000000000000000000000000000000000000000000000000000000000000000000000000000000000000000000010000000000000000000000000000000000000000000000000000000000000000000000000000000000000000000000000000000000000000000000000000000000000000000000000000000000000000000000000000000000000
0000000000000000000000000000000000000000000000000000000000000000000000000000000000000000000000000000000000000000000000000000000000000000000000001000000000000000000000000000000000000000000000000000000000000000000000000000000000000000000000000000000000000000000000000000000000000000000000000000000000000000000000000000000000000
0000000000000000000000000000000000000000000000000000000000000000000000000000000000000000000000000000000000000000000000000000000000000000000000000100000000000000000000000000000000000000000000000000000000000000000000000000000000000000000000000000000000000000000000000000000000000000000000000000000000000000000000000000000000000
0000000000000000000000000000000000000000000000000000000000000000000000000000000000000000000000000000000000000000000000000000000000000000000000000010000000000000000000000000000000000000000000000000000000000000000000000000000000000000000000000000000000000000000000000000000000000000000000000000000000000000000000000000000000000
0000000000000000000000000000000000000000000000000000000000000000000000000000000000000000000000000000000000000000000000000000000000000000000000000001000000000000000000000000000000000000000000000000000000000000000000000000000000000000000000000000000000000000000000000000000000000000000000000000000000000000000000000000000000000
0000000000000000000000000000000000000000000000000000000000000000000000000000000000000000000000000000000000000000000000000000000000000000000000000000100000000000000000000000000000000000000000000000000000000000000000000000000000000000000000000000000000000000000000000000000000000000000000000000000000000000000000000000000000000
0000000000000000000000000000000000000000000000000000000000000000000000000000000000000000000000000000000000000000000000000000000000000000000000000000010000000000000000000000000000000000000000000000000000000000000000000000000000000000000000000000000000000000000000000000000000000000000000000000000000000000000000000000000000000
0000000000000000000000000000000000000000000000000000000000000000000000000000000000000000000000000000000000000000000000000000000000000000000000000000001000000000000000000000000000000000000000000000000000000000000000000000000000000000000000000000000000000000000000000000000000000000000000000000000000000000000000000000000000000
0000000000000000000000000000000000000000000000000000000000000000000000000000000000000000000000000000000000000000000000000000000000000000000000000000000100000000000000000000000000000000000000000000000000000000000000000000000000000000000000000000000000000000000000000000000000000000000000000000000000000000000000000000000000000
0000000000000000000000000000000000000000000000000000000000000000000000000000000000000000000000000000000000000000000000000000000000000000000000000000000010000000000000000000000000000000000000000000000000000000000000000000000000000000000000000000000000000000000000000000000000000000000000000000000000000000000000000000000000000
0000000000000000000000000000000000000000000000000000000000000000000000000000000000000000000000000000000000000000000000000000000000000000000000000000000001000000000000000000000000000000000000000000000000000000000000000000000000000000000000000000000000000000000000000000000000000000000000000000000000000000000000000000000000000
0000000000000000000000000000000000000000000000000000000000000000000000000000000000000000000000000000000000000000000000000000000000000000000000000000000000100000000000000000000000000000000000000000000000000000000000000000000000000000000000000000000000000000000000000000000000000000000000000000000000000000000000000000000000000
0000000000000000000000000000000000000000000000000000000000000000000000000000000000000000000000000000000000000000000000000000000000000000000000000000000000010000000000000000000000000000000000000000000000000000000000000000000000000000000000000000000000000000000000000000000000000000000000000000000000000000000000000000000000000
0000000000000000000000000000000000000000000000000000000000000000000000000000000000000000000000000000000000000000000000000000000000000000000000000000000000001000000000000000000000000000000000000000000000000000000000000000000000000000000000000000000000000000000000000000000000000000000000000000000000000000000000000000000000000
0000000000000000000000000000000000000000000000000000000000000000000000000000000000000000000000000000000000000000000000000000000000000000000000000000000000000100000000000000000000000000000000000000000000000000000000000000000000000000000000000000000000000000000000000000000000000000000000000000000000000000000000000000000000000
0000000000000000000000000000000000000000000000000000000000000000000000000000000000000000000000000000000000000000000000000000000000000000000000000000000000000010000000000000000000000000000000000000000000000000000000000000000000000000000000000000000000000000000000000000000000000000000000000000000000000000000000000000000000000
0000000000000000000000000000000000000000000000000000000000000000000000000000000000000000000000000000000000000000000000000000000000000000000000000000000000000001000000000000000000000000000000000000000000000000000000000000000000000000000000000000000000000000000000000000000000000000000000000000000000000000000000000000000000000
0000000000000000000000000000000000000000000000000000000000000000000000000000000000000000000000000000000000000000000000000000000000000000000000000000000000000000100000000000000000000000000000000000000000000000000000000000000000000000000000000000000000000000000000000000000000000000000000000000000000000000000000000000000000000
0000000000000000000000000000000000000000000000000000000000000000000000000000000000000000000000000000000000000000000000000000000000000000000000000000000000000000010000000000000000000000000000000000000000000000000000000000000000000000000000000000000000000000000000000000000000000000000000000000000000000000000000000000000000000
CNOT Depth = 314
CNOT Count = 34212
x[175] = x[175] ^ x[176]
x[313] = x[313] ^ x[312]
x[176] = x[176] ^ x[175]
x[307] = x[307] ^ x[308]
x[179] = x[179] ^ x[180]
x[311] = x[311] ^ x[312]
x[176] = x[176] ^ x[174]
x[321] = x[321] ^ x[320]
x[310] = x[310] ^ x[309]
x[305] = x[305] ^ x[304]
x[169] = x[169] ^ x[170]
x[308] = x[308] ^ x[307]
x[180] = x[180] ^ x[179]
x[312] = x[312] ^ x[313]
x[173] = x[173] ^ x[176]
x[323] = x[323] ^ x[324]
x[316] = x[316] ^ x[317]
x[279] = x[279] ^ x[280]
x[166] = x[166] ^ x[165]
x[319] = x[319] ^ x[320]
x[170] = x[170] ^ x[171]
x[306] = x[306] ^ x[308]
x[305] = x[305] ^ x[307]
x[172] = x[172] ^ x[175]
x[178] = x[178] ^ x[180]
x[310] = x[310] ^ x[312]
x[174] = x[174] ^ x[173]
x[315] = x[315] ^ x[314]
x[241] = x[241] ^ x[242]
x[246] = x[246] ^ x[247]
x[156] = x[156] ^ x[157]
x[104] = x[104] ^ x[105]
x[59] = x[59] ^ x[58]
x[322] = x[322] ^ x[324]
x[317] = x[317] ^ x[318]
x[280] = x[280] ^ x[279]
x[164] = x[164] ^ x[165]
x[320] = x[320] ^ x[321]
x[309] = x[309] ^ x[311]
x[170] = x[170] ^ x[169]
x[304] = x[304] ^ x[308]
x[307] = x[307] ^ x[306]
x[177] = x[177] ^ x[178]
x[312] = x[312] ^ x[313]
x[172] = x[172] ^ x[173]
x[176] = x[176] ^ x[174]
x[194] = x[194] ^ x[196]
x[239] = x[239] ^ x[238]
x[271] = x[271] ^ x[272]
x[265] = x[265] ^ x[267]
x[205] = x[205] ^ x[206]
x[251] = x[251] ^ x[252]
x[243] = x[243] ^ x[244]
x[159] = x[159] ^ x[161]
x[55] = x[55] ^ x[56]
x[76] = x[76] ^ x[77]
x[167] = x[167] ^ x[169]
x[242] = x[242] ^ x[241]
x[245] = x[245] ^ x[247]
x[157] = x[157] ^ x[158]
x[103] = x[103] ^ x[105]
x[57] = x[57] ^ x[58]
x[324] = x[324] ^ x[323]
x[314] = x[314] ^ x[317]
x[278] = x[278] ^ x[280]
x[165] = x[165] ^ x[166]
x[162] = x[162] ^ x[164]
x[320] = x[320] ^ x[319]
x[171] = x[171] ^ x[170]
x[308] = x[308] ^ x[307]
x[180] = x[180] ^ x[178]
x[311] = x[311] ^ x[312]
x[175] = x[175] ^ x[174]
x[172] = x[172] ^ x[181]
x[277] = x[277] ^ x[276]
x[190] = x[190] ^ x[191]
x[268] = x[268] ^ x[269]
x[256] = x[256] ^ x[257]
x[124] = x[124] ^ x[125]
x[144] = x[144] ^ x[145]
x[315] = x[315] ^ x[316]
x[196] = x[196] ^ x[195]
x[237] = x[237] ^ x[238]
x[270] = x[270] ^ x[271]
x[266] = x[266] ^ x[265]
x[264] = x[264] ^ x[267]
x[204] = x[204] ^ x[206]
x[249] = x[249] ^ x[251]
x[244] = x[244] ^ x[243]
x[161] = x[161] ^ x[159]
x[77] = x[77] ^ x[76]
x[279] = x[279] ^ x[282]
x[240] = x[240] ^ x[241]
x[247] = x[247] ^ x[245]
x[157] = x[157] ^ x[156]
x[105] = x[105] ^ x[103]
x[58] = x[58] ^ x[59]
x[55] = x[55] ^ x[57]
x[323] = x[323] ^ x[322]
x[317] = x[317] ^ x[318]
x[278] = x[278] ^ x[283]
x[169] = x[169] ^ x[168]
x[166] = x[166] ^ x[162]
x[165] = x[165] ^ x[167]
x[320] = x[320] ^ x[324]
x[164] = x[164] ^ x[170]
x[308] = x[308] ^ x[305]
x[312] = x[312] ^ x[310]
x[172] = x[172] ^ x[177]
x[174] = x[174] ^ x[180]
x[284] = x[284] ^ x[285]
x[185] = x[185] ^ x[186]
x[199] = x[199] ^ x[201]
x[230] = x[230] ^ x[231]
x[163] = x[163] ^ x[168]
x[261] = x[261] ^ x[262]
x[129] = x[129] ^ x[130]
x[115] = x[115] ^ x[114]
x[50] = x[50] ^ x[51]
x[63] = x[63] ^ x[64]
x[79] = x[79] ^ x[80]
x[275] = x[275] ^ x[276]
x[191] = x[191] ^ x[190]
x[269] = x[269] ^ x[268]
x[255] = x[255] ^ x[257]
x[125] = x[125] ^ x[124]
x[143] = x[143] ^ x[145]
x[196] = x[196] ^ x[194]
x[238] = x[238] ^ x[239]
x[272] = x[272] ^ x[270]
x[263] = x[263] ^ x[265]
x[266] = x[266] ^ x[264]
x[206] = x[206] ^ x[205]
x[251] = x[251] ^ x[250]
x[158] = x[158] ^ x[160]
x[76] = x[76] ^ x[75]
x[241] = x[241] ^ x[240]
x[243] = x[243] ^ x[245]
x[156] = x[156] ^ x[161]
x[104] = x[104] ^ x[105]
x[59] = x[59] ^ x[57]
x[56] = x[56] ^ x[58]
x[321] = x[321] ^ x[322]
x[316] = x[316] ^ x[317]
x[171] = x[171] ^ x[167]
x[279] = x[279] ^ x[278]
x[162] = x[162] ^ x[169]
x[324] = x[324] ^ x[323]
x[166] = x[166] ^ x[164]
x[306] = x[306] ^ x[308]
x[173] = x[173] ^ x[177]
x[176] = x[176] ^ x[178]
x[313] = x[313] ^ x[312]
x[175] = x[175] ^ x[179]
x[172] = x[172] ^ x[174]
x[302] = x[302] ^ x[303]
x[299] = x[299] ^ x[300]
x[292] = x[292] ^ x[293]
x[188] = x[188] ^ x[187]
x[215] = x[215] ^ x[216]
x[202] = x[202] ^ x[203]
x[234] = x[234] ^ x[236]
x[233] = x[233] ^ x[232]
x[149] = x[149] ^ x[150]
x[147] = x[147] ^ x[146]
x[119] = x[119] ^ x[120]
x[52] = x[52] ^ x[54]
x[45] = x[45] ^ x[46]
x[43] = x[43] ^ x[42]
x[40] = x[40] ^ x[41]
x[32] = x[32] ^ x[34]
x[73] = x[73] ^ x[74]
x[284] = x[284] ^ x[287]
x[184] = x[184] ^ x[185]
x[201] = x[201] ^ x[200]
x[193] = x[193] ^ x[194]
x[231] = x[231] ^ x[230]
x[260] = x[260] ^ x[262]
x[130] = x[130] ^ x[128]
x[113] = x[113] ^ x[114]
x[51] = x[51] ^ x[50]
x[62] = x[62] ^ x[64]
x[78] = x[78] ^ x[79]
x[276] = x[276] ^ x[275]
x[189] = x[189] ^ x[191]
x[269] = x[269] ^ x[271]
x[256] = x[256] ^ x[255]
x[123] = x[123] ^ x[124]
x[145] = x[145] ^ x[143]
x[192] = x[192] ^ x[196]
x[266] = x[266] ^ x[272]
x[263] = x[263] ^ x[268]
x[206] = x[206] ^ x[204]
x[250] = x[250] ^ x[248]
x[157] = x[157] ^ x[159]
x[102] = x[102] ^ x[103]
x[77] = x[77] ^ x[76]
x[318] = x[318] ^ x[314]
x[238] = x[238] ^ x[240]
x[245] = x[245] ^ x[247]
x[244] = x[244] ^ x[243]
x[158] = x[158] ^ x[156]
x[101] = x[101] ^ x[105]
x[57] = x[57] ^ x[59]
x[55] = x[55] ^ x[56]
x[316] = x[316] ^ x[315]
x[307] = x[307] ^ x[304]
x[171] = x[171] ^ x[169]
x[280] = x[280] ^ x[279]
x[324] = x[324] ^ x[321]
x[305] = x[305] ^ x[309]
x[164] = x[164] ^ x[163]
x[166] = x[166] ^ x[165]
x[306] = x[306] ^ x[312]
x[173] = x[173] ^ x[179]
x[174] = x[174] ^ x[176]
x[298] = x[298] ^ x[297]
x[294] = x[294] ^ x[295]
x[273] = x[273] ^ x[274]
x[182] = x[182] ^ x[183]
x[219] = x[219] ^ x[221]
x[209] = x[209] ^ x[211]
x[226] = x[226] ^ x[225]
x[126] = x[126] ^ x[127]
x[153] = x[153] ^ x[154]
x[151] = x[151] ^ x[152]
x[111] = x[111] ^ x[112]
x[138] = x[138] ^ x[139]
x[136] = x[136] ^ x[137]
x[133] = x[133] ^ x[134]
x[47] = x[47] ^ x[48]
x[2] = x[2] ^ x[4]
x[0] = x[0] ^ x[1]
x[71] = x[71] ^ x[70]
x[301] = x[301] ^ x[302]
x[300] = x[300] ^ x[303]
x[290] = x[290] ^ x[292]
x[197] = x[197] ^ x[199]
x[216] = x[216] ^ x[215]
x[233] = x[233] ^ x[235]
x[232] = x[232] ^ x[234]
x[150] = x[150] ^ x[148]
x[146] = x[146] ^ x[149]
x[141] = x[141] ^ x[144]
x[118] = x[118] ^ x[120]
x[53] = x[53] ^ x[54]
x[46] = x[46] ^ x[45]
x[44] = x[44] ^ x[43]
x[41] = x[41] ^ x[42]
x[34] = x[34] ^ x[32]
x[74] = x[74] ^ x[73]
x[287] = x[287] ^ x[288]
x[187] = x[187] ^ x[190]
x[185] = x[185] ^ x[184]
x[198] = x[198] ^ x[201]
x[229] = x[229] ^ x[230]
x[202] = x[202] ^ x[204]
x[262] = x[262] ^ x[261]
x[129] = x[129] ^ x[130]
x[114] = x[114] ^ x[113]
x[50] = x[50] ^ x[52]
x[64] = x[64] ^ x[63]
x[79] = x[79] ^ x[78]
x[277] = x[277] ^ x[276]
x[188] = x[188] ^ x[189]
x[194] = x[194] ^ x[195]
x[267] = x[267] ^ x[269]
x[253] = x[253] ^ x[255]
x[124] = x[124] ^ x[125]
x[142] = x[142] ^ x[143]
x[192] = x[192] ^ x[193]
x[263] = x[263] ^ x[266]
x[205] = x[205] ^ x[206]
x[248] = x[248] ^ x[249]
x[76] = x[76] ^ x[80]
x[317] = x[317] ^ x[322]
x[240] = x[240] ^ x[242]
x[245] = x[245] ^ x[243]
x[159] = x[159] ^ x[156]
x[105] = x[105] ^ x[104]
x[101] = x[101] ^ x[102]
x[59] = x[59] ^ x[55]
x[58] = x[58] ^ x[56]
x[316] = x[316] ^ x[318]
x[283] = x[283] ^ x[279]
x[169] = x[169] ^ x[171]
x[323] = x[323] ^ x[324]
x[308] = x[308] ^ x[310]
x[163] = x[163] ^ x[165]
x[307] = x[307] ^ x[313]
x[175] = x[175] ^ x[181]
x[306] = x[306] ^ x[305]
x[174] = x[174] ^ x[173]
x[289] = x[289] ^ x[291]
x[228] = x[228] ^ x[227]
x[207] = x[207] ^ x[208]
x[222] = x[222] ^ x[223]
x[110] = x[110] ^ x[109]
x[131] = x[131] ^ x[132]
x[84] = x[84] ^ x[85]
x[8] = x[8] ^ x[9]
x[18] = x[18] ^ x[19]
x[27] = x[27] ^ x[28]
x[23] = x[23] ^ x[24]
x[31] = x[31] ^ x[30]
x[13] = x[13] ^ x[14]
x[67] = x[67] ^ x[69]
x[294] = x[294] ^ x[297]
x[221] = x[221] ^ x[220]
x[211] = x[211] ^ x[210]
x[224] = x[224] ^ x[225]
x[154] = x[154] ^ x[153]
x[152] = x[152] ^ x[155]
x[137] = x[137] ^ x[138]
x[134] = x[134] ^ x[135]
x[49] = x[49] ^ x[47]
x[1] = x[1] ^ x[2]
x[0] = x[0] ^ x[3]
x[303] = x[303] ^ x[301]
x[292] = x[292] ^ x[293]
x[285] = x[285] ^ x[284]
x[214] = x[214] ^ x[215]
x[232] = x[232] ^ x[233]
x[147] = x[147] ^ x[150]
x[258] = x[258] ^ x[260]
x[120] = x[120] ^ x[119]
x[144] = x[144] ^ x[146]
x[116] = x[116] ^ x[118]
x[46] = x[46] ^ x[48]
x[40] = x[40] ^ x[43]
x[42] = x[42] ^ x[44]
x[33] = x[33] ^ x[34]
x[72] = x[72] ^ x[73]
x[70] = x[70] ^ x[74]
x[287] = x[287] ^ x[286]
x[183] = x[183] ^ x[185]
x[182] = x[182] ^ x[184]
x[201] = x[201] ^ x[200]
x[198] = x[198] ^ x[197]
x[265] = x[265] ^ x[270]
x[264] = x[264] ^ x[271]
x[230] = x[230] ^ x[231]
x[259] = x[259] ^ x[262]
x[126] = x[126] ^ x[130]
x[111] = x[111] ^ x[113]
x[52] = x[52] ^ x[53]
x[51] = x[51] ^ x[50]
x[64] = x[64] ^ x[62]
x[273] = x[273] ^ x[277]
x[274] = x[274] ^ x[276]
x[189] = x[189] ^ x[191]
x[187] = x[187] ^ x[188]
x[255] = x[255] ^ x[256]
x[121] = x[121] ^ x[124]
x[143] = x[143] ^ x[145]
x[142] = x[142] ^ x[141]
x[314] = x[314] ^ x[319]
x[281] = x[281] ^ x[278]
x[194] = x[194] ^ x[192]
x[263] = x[263] ^ x[267]
x[204] = x[204] ^ x[205]
x[246] = x[246] ^ x[244]
x[157] = x[157] ^ x[158]
x[80] = x[80] ^ x[79]
x[240] = x[240] ^ x[241]
x[245] = x[245] ^ x[248]
x[160] = x[160] ^ x[159]
x[105] = x[105] ^ x[101]
x[58] = x[58] ^ x[59]
x[311] = x[311] ^ x[309]
x[318] = x[318] ^ x[320]
x[279] = x[279] ^ x[280]
x[167] = x[167] ^ x[169]
x[164] = x[164] ^ x[162]
x[170] = x[170] ^ x[166]
x[316] = x[316] ^ x[323]
x[322] = x[322] ^ x[324]
x[168] = x[168] ^ x[163]
x[179] = x[179] ^ x[172]
x[178] = x[178] ^ x[175]
x[181] = x[181] ^ x[173]
x[305] = x[305] ^ x[308]
x[306] = x[306] ^ x[307]
x[177] = x[177] ^ x[174]
x[212] = x[212] ^ x[213]
x[94] = x[94] ^ x[95]
x[90] = x[90] ^ x[89]
x[86] = x[86] ^ x[87]
x[92] = x[92] ^ x[91]
x[15] = x[15] ^ x[16]
x[38] = x[38] ^ x[37]
x[65] = x[65] ^ x[66]
x[207] = x[207] ^ x[209]
x[223] = x[223] ^ x[226]
x[107] = x[107] ^ x[109]
x[106] = x[106] ^ x[110]
x[83] = x[83] ^ x[84]
x[7] = x[7] ^ x[9]
x[17] = x[17] ^ x[18]
x[28] = x[28] ^ x[27]
x[22] = x[22] ^ x[23]
x[14] = x[14] ^ x[13]
x[60] = x[60] ^ x[63]
x[299] = x[299] ^ x[302]
x[297] = x[297] ^ x[298]
x[221] = x[221] ^ x[219]
x[208] = x[208] ^ x[211]
x[222] = x[222] ^ x[224]
x[151] = x[151] ^ x[153]
x[155] = x[155] ^ x[154]
x[138] = x[138] ^ x[139]
x[132] = x[132] ^ x[135]
x[131] = x[131] ^ x[134]
x[45] = x[45] ^ x[47]
x[3] = x[3] ^ x[4]
x[1] = x[1] ^ x[0]
x[68] = x[68] ^ x[67]
x[303] = x[303] ^ x[300]
x[292] = x[292] ^ x[289]
x[215] = x[215] ^ x[216]
x[228] = x[228] ^ x[229]
x[235] = x[235] ^ x[233]
x[147] = x[147] ^ x[146]
x[261] = x[261] ^ x[260]
x[119] = x[119] ^ x[118]
x[48] = x[48] ^ x[49]
x[43] = x[43] ^ x[42]
x[30] = x[30] ^ x[33]
x[71] = x[71] ^ x[73]
x[74] = x[74] ^ x[72]
x[286] = x[286] ^ x[284]
x[182] = x[182] ^ x[183]
x[200] = x[200] ^ x[197]
x[227] = x[227] ^ x[230]
x[258] = x[258] ^ x[259]
x[130] = x[130] ^ x[126]
x[113] = x[113] ^ x[115]
x[103] = x[103] ^ x[102]
x[52] = x[52] ^ x[54]
x[53] = x[53] ^ x[51]
x[61] = x[61] ^ x[64]
x[273] = x[273] ^ x[274]
x[189] = x[189] ^ x[187]
x[266] = x[266] ^ x[265]
x[256] = x[256] ^ x[253]
x[255] = x[255] ^ x[254]
x[247] = x[247] ^ x[250]
x[122] = x[122] ^ x[121]
x[143] = x[143] ^ x[141]
x[142] = x[142] ^ x[149]
x[78] = x[78] ^ x[76]
x[195] = x[195] ^ x[194]
x[242] = x[242] ^ x[239]
x[267] = x[267] ^ x[264]
x[204] = x[204] ^ x[206]
x[276] = x[276] ^ x[281]
x[246] = x[246] ^ x[251]
x[243] = x[243] ^ x[252]
x[161] = x[161] ^ x[157]
x[80] = x[80] ^ x[75]
x[315] = x[315] ^ x[321]
x[241] = x[241] ^ x[237]
x[240] = x[240] ^ x[238]
x[244] = x[244] ^ x[245]
x[152] = x[152] ^ x[159]
x[104] = x[104] ^ x[105]
x[57] = x[57] ^ x[58]
x[304] = x[304] ^ x[311]
x[278] = x[278] ^ x[279]
x[167] = x[167] ^ x[165]
x[169] = x[169] ^ x[164]
x[319] = x[319] ^ x[323]
x[316] = x[316] ^ x[318]
x[324] = x[324] ^ x[320]
x[168] = x[168] ^ x[170]
x[178] = x[178] ^ x[179]
x[308] = x[308] ^ x[307]
x[181] = x[181] ^ x[177]
x[100] = x[100] ^ x[99]
x[218] = x[218] ^ x[219]
x[94] = x[94] ^ x[93]
x[88] = x[88] ^ x[90]
x[87] = x[87] ^ x[86]
x[92] = x[92] ^ x[95]
x[15] = x[15] ^ x[19]
x[36] = x[36] ^ x[37]
x[66] = x[66] ^ x[69]
x[65] = x[65] ^ x[67]
x[108] = x[108] ^ x[109]
x[107] = x[107] ^ x[106]
x[81] = x[81] ^ x[84]
x[5] = x[5] ^ x[9]
x[26] = x[26] ^ x[27]
x[25] = x[25] ^ x[28]
x[23] = x[23] ^ x[24]
x[20] = x[20] ^ x[22]
x[16] = x[16] ^ x[17]
x[12] = x[12] ^ x[13]
x[298] = x[298] ^ x[295]
x[217] = x[217] ^ x[221]
x[211] = x[211] ^ x[210]
x[208] = x[208] ^ x[207]
x[234] = x[234] ^ x[232]
x[224] = x[224] ^ x[223]
x[225] = x[225] ^ x[222]
x[120] = x[120] ^ x[116]
x[138] = x[138] ^ x[140]
x[139] = x[139] ^ x[136]
x[132] = x[132] ^ x[131]
x[4] = x[4] ^ x[0]
x[299] = x[299] ^ x[300]
x[297] = x[297] ^ x[303]
x[293] = x[293] ^ x[292]
x[216] = x[216] ^ x[214]
x[212] = x[212] ^ x[215]
x[236] = x[236] ^ x[235]
x[260] = x[260] ^ x[261]
x[117] = x[117] ^ x[119]
x[47] = x[47] ^ x[48]
x[43] = x[43] ^ x[40]
x[42] = x[42] ^ x[41]
x[31] = x[31] ^ x[30]
x[73] = x[73] ^ x[72]
x[62] = x[62] ^ x[68]
x[284] = x[284] ^ x[285]
x[186] = x[186] ^ x[183]
x[197] = x[197] ^ x[198]
x[228] = x[228] ^ x[227]
x[257] = x[257] ^ x[258]
x[129] = x[129] ^ x[130]
x[113] = x[113] ^ x[111]
x[60] = x[60] ^ x[61]
x[191] = x[191] ^ x[189]
x[277] = x[277] ^ x[280]
x[256] = x[256] ^ x[255]
x[125] = x[125] ^ x[121]
x[145] = x[145] ^ x[143]
x[141] = x[141] ^ x[147]
x[142] = x[142] ^ x[144]
x[54] = x[54] ^ x[56]
x[52] = x[52] ^ x[55]
x[274] = x[274] ^ x[283]
x[196] = x[196] ^ x[194]
x[266] = x[266] ^ x[264]
x[267] = x[267] ^ x[263]
x[206] = x[206] ^ x[202]
x[282] = x[282] ^ x[281]
x[246] = x[246] ^ x[247]
x[155] = x[155] ^ x[161]
x[153] = x[153] ^ x[157]
x[80] = x[80] ^ x[78]
x[242] = x[242] ^ x[241]
x[233] = x[233] ^ x[240]
x[245] = x[245] ^ x[243]
x[159] = x[159] ^ x[158]
x[104] = x[104] ^ x[103]
x[53] = x[53] ^ x[58]
x[50] = x[50] ^ x[57]
x[273] = x[273] ^ x[279]
x[164] = x[164] ^ x[162]
x[171] = x[171] ^ x[167]
x[275] = x[275] ^ x[278]
x[165] = x[165] ^ x[163]
x[323] = x[323] ^ x[322]
x[324] = x[324] ^ x[318]
x[319] = x[319] ^ x[315]
x[320] = x[320] ^ x[316]
x[168] = x[168] ^ x[169]
x[306] = x[306] ^ x[304]
x[180] = x[180] ^ x[179]
x[307] = x[307] ^ x[305]
x[178] = x[178] ^ x[181]
x[11] = x[11] ^ x[10]
x[100] = x[100] ^ x[97]
x[98] = x[98] ^ x[99]
x[91] = x[91] ^ x[94]
x[82] = x[82] ^ x[83]
x[87] = x[87] ^ x[90]
x[86] = x[86] ^ x[89]
x[95] = x[95] ^ x[92]
x[18] = x[18] ^ x[19]
x[37] = x[37] ^ x[39]
x[65] = x[65] ^ x[66]
x[112] = x[112] ^ x[114]
x[108] = x[108] ^ x[106]
x[110] = x[110] ^ x[107]
x[84] = x[84] ^ x[85]
x[9] = x[9] ^ x[7]
x[28] = x[28] ^ x[26]
x[29] = x[29] ^ x[25]
x[21] = x[21] ^ x[23]
x[22] = x[22] ^ x[24]
x[16] = x[16] ^ x[15]
x[13] = x[13] ^ x[12]
x[3] = x[3] ^ x[6]
x[217] = x[217] ^ x[218]
x[210] = x[210] ^ x[207]
x[224] = x[224] ^ x[225]
x[140] = x[140] ^ x[137]
x[131] = x[131] ^ x[138]
x[135] = x[135] ^ x[139]
x[0] = x[0] ^ x[1]
x[74] = x[74] ^ x[70]
x[295] = x[295] ^ x[299]
x[298] = x[298] ^ x[297]
x[287] = x[287] ^ x[293]
x[215] = x[215] ^ x[216]
x[235] = x[235] ^ x[234]
x[124] = x[124] ^ x[123]
x[118] = x[118] ^ x[117]
x[119] = x[119] ^ x[120]
x[47] = x[47] ^ x[45]
x[43] = x[43] ^ x[42]
x[41] = x[41] ^ x[46]
x[33] = x[33] ^ x[31]
x[32] = x[32] ^ x[30]
x[72] = x[72] ^ x[71]
x[68] = x[68] ^ x[69]
x[284] = x[284] ^ x[289]
x[184] = x[184] ^ x[187]
x[183] = x[183] ^ x[188]
x[192] = x[192] ^ x[201]
x[229] = x[229] ^ x[228]
x[151] = x[151] ^ x[156]
x[115] = x[115] ^ x[113]
x[63] = x[63] ^ x[61]
x[64] = x[64] ^ x[60]
x[190] = x[190] ^ x[189]
x[255] = x[255] ^ x[260]
x[256] = x[256] ^ x[257]
x[121] = x[121] ^ x[130]
x[145] = x[145] ^ x[148]
x[143] = x[143] ^ x[150]
x[144] = x[144] ^ x[141]
x[54] = x[54] ^ x[55]
x[321] = x[321] ^ x[317]
x[196] = x[196] ^ x[200]
x[194] = x[194] ^ x[197]
x[265] = x[265] ^ x[267]
x[264] = x[264] ^ x[263]
x[205] = x[205] ^ x[206]
x[281] = x[281] ^ x[283]
x[79] = x[79] ^ x[80]
x[241] = x[241] ^ x[240]
x[243] = x[243] ^ x[246]
x[161] = x[161] ^ x[158]
x[157] = x[157] ^ x[159]
x[104] = x[104] ^ x[109]
x[50] = x[50] ^ x[56]
x[58] = x[58] ^ x[59]
x[170] = x[170] ^ x[171]
x[280] = x[280] ^ x[278]
x[322] = x[322] ^ x[314]
x[323] = x[323] ^ x[324]
x[320] = x[320] ^ x[319]
x[276] = x[276] ^ x[273]
x[167] = x[167] ^ x[168]
x[304] = x[304] ^ x[308]
x[165] = x[165] ^ x[180]
x[312] = x[312] ^ x[307]
x[162] = x[162] ^ x[181]
x[296] = x[296] ^ x[300]
x[97] = x[97] ^ x[96]
x[2] = x[2] ^ x[8]
x[219] = x[219] ^ x[218]
x[134] = x[134] ^ x[133]
x[91] = x[91] ^ x[92]
x[90] = x[90] ^ x[88]
x[89] = x[89] ^ x[87]
x[95] = x[95] ^ x[98]
x[39] = x[39] ^ x[35]
x[84] = x[84] ^ x[82]
x[85] = x[85] ^ x[81]
x[7] = x[7] ^ x[6]
x[28] = x[28] ^ x[29]
x[24] = x[24] ^ x[21]
x[22] = x[22] ^ x[20]
x[17] = x[17] ^ x[16]
x[18] = x[18] ^ x[15]
x[11] = x[11] ^ x[12]
x[10] = x[10] ^ x[13]
x[302] = x[302] ^ x[303]
x[286] = x[286] ^ x[292]
x[214] = x[214] ^ x[213]
x[225] = x[225] ^ x[231]
x[132] = x[132] ^ x[140]
x[131] = x[131] ^ x[135]
x[1] = x[1] ^ x[5]
x[301] = x[301] ^ x[299]
x[295] = x[295] ^ x[297]
x[193] = x[193] ^ x[198]
x[216] = x[216] ^ x[217]
x[215] = x[215] ^ x[221]
x[235] = x[235] ^ x[237]
x[254] = x[254] ^ x[262]
x[253] = x[253] ^ x[259]
x[123] = x[123] ^ x[126]
x[124] = x[124] ^ x[127]
x[119] = x[119] ^ x[118]
x[111] = x[111] ^ x[112]
x[102] = x[102] ^ x[108]
x[43] = x[43] ^ x[47]
x[42] = x[42] ^ x[49]
x[41] = x[41] ^ x[48]
x[32] = x[32] ^ x[33]
x[68] = x[68] ^ x[65]
x[287] = x[287] ^ x[284]
x[185] = x[185] ^ x[184]
x[201] = x[201] ^ x[199]
x[222] = x[222] ^ x[228]
x[204] = x[204] ^ x[211]
x[125] = x[125] ^ x[128]
x[114] = x[114] ^ x[113]
x[63] = x[63] ^ x[64]
x[71] = x[71] ^ x[75]
x[182] = x[182] ^ x[189]
x[188] = x[188] ^ x[190]
x[255] = x[255] ^ x[257]
x[130] = x[130] ^ x[129]
x[154] = x[154] ^ x[153]
x[150] = x[150] ^ x[147]
x[145] = x[145] ^ x[144]
x[142] = x[142] ^ x[143]
x[105] = x[105] ^ x[107]
x[55] = x[55] ^ x[59]
x[197] = x[197] ^ x[200]
x[268] = x[268] ^ x[265]
x[270] = x[270] ^ x[264]
x[206] = x[206] ^ x[207]
x[245] = x[245] ^ x[247]
x[52] = x[52] ^ x[57]
x[74] = x[74] ^ x[79]
x[274] = x[274] ^ x[273]
x[279] = x[279] ^ x[282]
x[234] = x[234] ^ x[241]
x[240] = x[240] ^ x[242]
x[281] = x[281] ^ x[275]
x[244] = x[244] ^ x[243]
x[156] = x[156] ^ x[161]
x[157] = x[157] ^ x[158]
x[109] = x[109] ^ x[110]
x[58] = x[58] ^ x[56]
x[309] = x[309] ^ x[305]
x[322] = x[322] ^ x[319]
x[323] = x[323] ^ x[321]
x[313] = x[313] ^ x[306]
x[280] = x[280] ^ x[276]
x[167] = x[167] ^ x[172]
x[310] = x[310] ^ x[304]
x[307] = x[307] ^ x[308]
x[170] = x[170] ^ x[178]
x[162] = x[162] ^ x[180]
x[291] = x[291] ^ x[290]
x[93] = x[93] ^ x[96]
x[220] = x[220] ^ x[221]
x[94] = x[94] ^ x[91]
x[90] = x[90] ^ x[86]
x[88] = x[88] ^ x[89]
x[92] = x[92] ^ x[97]
x[98] = x[98] ^ x[99]
x[23] = x[23] ^ x[26]
x[38] = x[38] ^ x[39]
x[203] = x[203] ^ x[210]
x[232] = x[232] ^ x[238]
x[236] = x[236] ^ x[239]
x[134] = x[134] ^ x[137]
x[85] = x[85] ^ x[84]
x[44] = x[44] ^ x[48]
x[24] = x[24] ^ x[22]
x[20] = x[20] ^ x[28]
x[18] = x[18] ^ x[17]
x[11] = x[11] ^ x[10]
x[0] = x[0] ^ x[9]
x[6] = x[6] ^ x[7]
x[294] = x[294] ^ x[302]
x[271] = x[271] ^ x[263]
x[213] = x[213] ^ x[219]
x[230] = x[230] ^ x[227]
x[135] = x[135] ^ x[132]
x[40] = x[40] ^ x[45]
x[5] = x[5] ^ x[8]
x[73] = x[73] ^ x[76]
x[297] = x[297] ^ x[296]
x[303] = x[303] ^ x[301]
x[186] = x[186] ^ x[191]
x[214] = x[214] ^ x[217]
x[215] = x[215] ^ x[218]
x[231] = x[231] ^ x[229]
x[126] = x[126] ^ x[129]
x[111] = x[111] ^ x[118]
x[47] = x[47] ^ x[46]
x[41] = x[41] ^ x[42]
x[60] = x[60] ^ x[69]
x[61] = x[61] ^ x[65]
x[34] = x[34] ^ x[32]
x[284] = x[284] ^ x[286]
x[184] = x[184] ^ x[183]
x[198] = x[198] ^ x[201]
x[225] = x[225] ^ x[222]
x[256] = x[256] ^ x[254]
x[121] = x[121] ^ x[124]
x[113] = x[113] ^ x[116]
x[64] = x[64] ^ x[67]
x[75] = x[75] ^ x[78]
x[196] = x[196] ^ x[193]
x[189] = x[189] ^ x[190]
x[187] = x[187] ^ x[188]
x[194] = x[194] ^ x[192]
x[205] = x[205] ^ x[208]
x[237] = x[237] ^ x[242]
x[257] = x[257] ^ x[253]
x[128] = x[128] ^ x[130]
x[147] = x[147] ^ x[142]
x[146] = x[146] ^ x[145]
x[107] = x[107] ^ x[110]
x[70] = x[70] ^ x[80]
x[199] = x[199] ^ x[197]
x[270] = x[270] ^ x[268]
x[204] = x[204] ^ x[206]
x[246] = x[246] ^ x[245]
x[159] = x[159] ^ x[160]
x[59] = x[59] ^ x[53]
x[79] = x[79] ^ x[77]
x[274] = x[274] ^ x[275]
x[164] = x[164] ^ x[173]
x[241] = x[241] ^ x[240]
x[251] = x[251] ^ x[243]
x[158] = x[158] ^ x[153]
x[156] = x[156] ^ x[154]
x[108] = x[108] ^ x[109]
x[57] = x[57] ^ x[58]
x[56] = x[56] ^ x[51]
x[166] = x[166] ^ x[179]
x[277] = x[277] ^ x[273]
x[321] = x[321] ^ x[319]
x[306] = x[306] ^ x[305]
x[282] = x[282] ^ x[280]
x[165] = x[165] ^ x[172]
x[304] = x[304] ^ x[307]
x[162] = x[162] ^ x[170]
x[212] = x[212] ^ x[220]
x[138] = x[138] ^ x[136]
x[94] = x[94] ^ x[99]
x[91] = x[91] ^ x[100]
x[90] = x[90] ^ x[89]
x[96] = x[96] ^ x[97]
x[291] = x[291] ^ x[292]
x[285] = x[285] ^ x[290]
x[261] = x[261] ^ x[258]
x[250] = x[250] ^ x[247]
x[133] = x[133] ^ x[134]
x[83] = x[83] ^ x[84]
x[85] = x[85] ^ x[86]
x[24] = x[24] ^ x[29]
x[22] = x[22] ^ x[27]
x[20] = x[20] ^ x[23]
x[30] = x[30] ^ x[37]
x[11] = x[11] ^ x[17]
x[10] = x[10] ^ x[16]
x[298] = x[298] ^ x[294]
x[302] = x[302] ^ x[300]
x[216] = x[216] ^ x[221]
x[223] = x[223] ^ x[227]
x[235] = x[235] ^ x[236]
x[262] = x[262] ^ x[253]
x[115] = x[115] ^ x[119]
x[101] = x[101] ^ x[106]
x[137] = x[137] ^ x[135]
x[33] = x[33] ^ x[35]
x[6] = x[6] ^ x[5]
x[8] = x[8] ^ x[9]
x[303] = x[303] ^ x[297]
x[293] = x[293] ^ x[287]
x[186] = x[186] ^ x[185]
x[213] = x[213] ^ x[217]
x[215] = x[215] ^ x[219]
x[202] = x[202] ^ x[209]
x[148] = x[148] ^ x[149]
x[114] = x[114] ^ x[117]
x[118] = x[118] ^ x[120]
x[40] = x[40] ^ x[46]
x[49] = x[49] ^ x[47]
x[48] = x[48] ^ x[41]
x[60] = x[60] ^ x[65]
x[34] = x[34] ^ x[38]
x[32] = x[32] ^ x[39]
x[289] = x[289] ^ x[284]
x[233] = x[233] ^ x[232]
x[229] = x[229] ^ x[225]
x[230] = x[230] ^ x[222]
x[122] = x[122] ^ x[121]
x[150] = x[150] ^ x[143]
x[111] = x[111] ^ x[113]
x[103] = x[103] ^ x[102]
x[64] = x[64] ^ x[69]
x[76] = x[76] ^ x[75]
x[190] = x[190] ^ x[191]
x[200] = x[200] ^ x[196]
x[198] = x[198] ^ x[193]
x[188] = x[188] ^ x[182]
x[189] = x[189] ^ x[184]
x[175] = x[175] ^ x[176]
x[254] = x[254] ^ x[257]
x[128] = x[128] ^ x[126]
x[146] = x[146] ^ x[147]
x[70] = x[70] ^ x[73]
x[311] = x[311] ^ x[318]
x[197] = x[197] ^ x[192]
x[268] = x[268] ^ x[271]
x[206] = x[206] ^ x[205]
x[203] = x[203] ^ x[204]
x[252] = x[252] ^ x[245]
x[159] = x[159] ^ x[152]
x[79] = x[79] ^ x[78]
x[77] = x[77] ^ x[80]
x[324] = x[324] ^ x[320]
x[309] = x[309] ^ x[317]
x[169] = x[169] ^ x[174]
x[278] = x[278] ^ x[274]
x[237] = x[237] ^ x[241]
x[243] = x[243] ^ x[246]
x[156] = x[156] ^ x[158]
x[108] = x[108] ^ x[107]
x[58] = x[58] ^ x[52]
x[59] = x[59] ^ x[56]
x[323] = x[323] ^ x[322]
x[163] = x[163] ^ x[177]
x[279] = x[279] ^ x[273]
x[280] = x[280] ^ x[281]
x[165] = x[165] ^ x[164]
x[308] = x[308] ^ x[321]
x[167] = x[167] ^ x[181]
x[307] = x[307] ^ x[305]
x[162] = x[162] ^ x[166]
x[21] = x[21] ^ x[25]
x[92] = x[92] ^ x[99]
x[91] = x[91] ^ x[97]
x[82] = x[82] ^ x[90]
x[31] = x[31] ^ x[36]
x[12] = x[12] ^ x[18]
x[292] = x[292] ^ x[285]
x[136] = x[136] ^ x[132]
x[84] = x[84] ^ x[87]
x[85] = x[85] ^ x[88]
x[44] = x[44] ^ x[45]
x[20] = x[20] ^ x[24]
x[27] = x[27] ^ x[28]
x[10] = x[10] ^ x[11]
x[302] = x[302] ^ x[296]
x[214] = x[214] ^ x[218]
x[216] = x[216] ^ x[212]
x[231] = x[231] ^ x[223]
x[239] = x[239] ^ x[236]
x[133] = x[133] ^ x[135]
x[9] = x[9] ^ x[6]
x[63] = x[63] ^ x[62]
x[72] = x[72] ^ x[71]
x[297] = x[297] ^ x[298]
x[269] = x[269] ^ x[267]
x[213] = x[213] ^ x[215]
x[261] = x[261] ^ x[256]
x[125] = x[125] ^ x[124]
x[129] = x[129] ^ x[123]
x[149] = x[149] ^ x[141]
x[117] = x[117] ^ x[118]
x[47] = x[47] ^ x[43]
x[46] = x[46] ^ x[48]
x[35] = x[35] ^ x[39]
x[38] = x[38] ^ x[37]
x[65] = x[65] ^ x[60]
x[61] = x[61] ^ x[67]
x[293] = x[293] ^ x[289]
x[187] = x[187] ^ x[183]
x[226] = x[226] ^ x[222]
x[229] = x[229] ^ x[230]
x[255] = x[255] ^ x[253]
x[113] = x[113] ^ x[115]
x[112] = x[112] ^ x[111]
x[55] = x[55] ^ x[50]
x[69] = x[69] ^ x[66]
x[200] = x[200] ^ x[198]
x[193] = x[193] ^ x[194]
x[182] = x[182] ^ x[185]
x[191] = x[191] ^ x[189]
x[171] = x[171] ^ x[176]
x[234] = x[234] ^ x[232]
x[258] = x[258] ^ x[254]
x[128] = x[128] ^ x[122]
x[160] = x[160] ^ x[155]
x[157] = x[157] ^ x[151]
x[147] = x[147] ^ x[150]
x[110] = x[110] ^ x[103]
x[201] = x[201] ^ x[197]
x[168] = x[168] ^ x[175]
x[272] = x[272] ^ x[268]
x[206] = x[206] ^ x[202]
x[205] = x[205] ^ x[203]
x[245] = x[245] ^ x[244]
x[106] = x[106] ^ x[109]
x[57] = x[57] ^ x[54]
x[78] = x[78] ^ x[70]
x[76] = x[76] ^ x[77]
x[313] = x[313] ^ x[320]
x[311] = x[311] ^ x[324]
x[309] = x[309] ^ x[314]
x[283] = x[283] ^ x[277]
x[238] = x[238] ^ x[237]
x[247] = x[247] ^ x[243]
x[158] = x[158] ^ x[159]
x[108] = x[108] ^ x[101]
x[58] = x[58] ^ x[56]
x[310] = x[310] ^ x[322]
x[306] = x[306] ^ x[323]
x[282] = x[282] ^ x[278]
x[280] = x[280] ^ x[279]
x[308] = x[308] ^ x[319]
x[167] = x[167] ^ x[163]
x[307] = x[307] ^ x[315]
x[170] = x[170] ^ x[164]
x[166] = x[166] ^ x[169]
x[14] = x[14] ^ x[15]
x[4] = x[4] ^ x[2]
x[139] = x[139] ^ x[131]
x[81] = x[81] ^ x[89]
x[94] = x[94] ^ x[100]
x[299] = x[299] ^ x[295]
x[290] = x[290] ^ x[286]
x[138] = x[138] ^ x[134]
x[98] = x[98] ^ x[97]
x[99] = x[99] ^ x[96]
x[23] = x[23] ^ x[22]
x[25] = x[25] ^ x[29]
x[288] = x[288] ^ x[285]
x[301] = x[301] ^ x[294]
x[140] = x[140] ^ x[137]
x[83] = x[83] ^ x[88]
x[84] = x[84] ^ x[86]
x[90] = x[90] ^ x[87]
x[85] = x[85] ^ x[82]
x[45] = x[45] ^ x[42]
x[26] = x[26] ^ x[20]
x[28] = x[28] ^ x[24]
x[10] = x[10] ^ x[12]
x[8] = x[8] ^ x[7]
x[212] = x[212] ^ x[214]
x[220] = x[220] ^ x[216]
x[239] = x[239] ^ x[235]
x[148] = x[148] ^ x[144]
x[132] = x[132] ^ x[133]
x[32] = x[32] ^ x[31]
x[6] = x[6] ^ x[3]
x[296] = x[296] ^ x[298]
x[265] = x[265] ^ x[266]
x[263] = x[263] ^ x[264]
x[221] = x[221] ^ x[213]
x[261] = x[261] ^ x[262]
x[127] = x[127] ^ x[125]
x[130] = x[130] ^ x[121]
x[48] = x[48] ^ x[47]
x[35] = x[35] ^ x[38]
x[37] = x[37] ^ x[39]
x[68] = x[68] ^ x[65]
x[67] = x[67] ^ x[64]
x[292] = x[292] ^ x[293]
x[184] = x[184] ^ x[183]
x[228] = x[228] ^ x[226]
x[230] = x[230] ^ x[231]
x[253] = x[253] ^ x[257]
x[116] = x[116] ^ x[111]
x[118] = x[118] ^ x[113]
x[66] = x[66] ^ x[63]
x[69] = x[69] ^ x[62]
x[199] = x[199] ^ x[194]
x[182] = x[182] ^ x[186]
x[189] = x[189] ^ x[193]
x[260] = x[260] ^ x[258]
x[128] = x[128] ^ x[129]
x[153] = x[153] ^ x[155]
x[160] = x[160] ^ x[159]
x[150] = x[150] ^ x[149]
x[142] = x[142] ^ x[157]
x[75] = x[75] ^ x[79]
x[197] = x[197] ^ x[198]
x[268] = x[268] ^ x[281]
x[267] = x[267] ^ x[276]
x[203] = x[203] ^ x[206]
x[202] = x[202] ^ x[205]
x[241] = x[241] ^ x[232]
x[106] = x[106] ^ x[102]
x[59] = x[59] ^ x[55]
x[70] = x[70] ^ x[72]
x[76] = x[76] ^ x[74]
x[313] = x[313] ^ x[317]
x[238] = x[238] ^ x[234]
x[247] = x[247] ^ x[244]
x[161] = x[161] ^ x[158]
x[108] = x[108] ^ x[110]
x[56] = x[56] ^ x[57]
x[311] = x[311] ^ x[310]
x[309] = x[309] ^ x[323]
x[171] = x[171] ^ x[165]
x[269] = x[269] ^ x[282]
x[304] = x[304] ^ x[324]
x[322] = x[322] ^ x[320]
x[279] = x[279] ^ x[278]
x[283] = x[283] ^ x[280]
x[305] = x[305] ^ x[316]
x[308] = x[308] ^ x[314]
x[307] = x[307] ^ x[319]
x[170] = x[170] ^ x[168]
x[169] = x[169] ^ x[164]
x[166] = x[166] ^ x[163]
x[100] = x[100] ^ x[93]
x[19] = x[19] ^ x[17]
x[136] = x[136] ^ x[139]
x[98] = x[98] ^ x[92]
x[96] = x[96] ^ x[91]
x[99] = x[99] ^ x[94]
x[25] = x[25] ^ x[23]
x[29] = x[29] ^ x[21]
x[291] = x[291] ^ x[288]
x[299] = x[299] ^ x[302]
x[294] = x[294] ^ x[295]
x[301] = x[301] ^ x[303]
x[224] = x[224] ^ x[223]
x[137] = x[137] ^ x[138]
x[119] = x[119] ^ x[120]
x[83] = x[83] ^ x[87]
x[81] = x[81] ^ x[84]
x[90] = x[90] ^ x[85]
x[86] = x[86] ^ x[82]
x[26] = x[26] ^ x[24]
x[14] = x[14] ^ x[10]
x[8] = x[8] ^ x[0]
x[284] = x[284] ^ x[286]
x[219] = x[219] ^ x[214]
x[135] = x[135] ^ x[133]
x[31] = x[31] ^ x[34]
x[3] = x[3] ^ x[2]
x[190] = x[190] ^ x[187]
x[220] = x[220] ^ x[221]
x[117] = x[117] ^ x[112]
x[47] = x[47] ^ x[45]
x[38] = x[38] ^ x[30]
x[39] = x[39] ^ x[32]
x[64] = x[64] ^ x[61]
x[293] = x[293] ^ x[298]
x[191] = x[191] ^ x[196]
x[240] = x[240] ^ x[235]
x[231] = x[231] ^ x[228]
x[256] = x[256] ^ x[257]
x[116] = x[116] ^ x[113]
x[80] = x[80] ^ x[71]
x[65] = x[65] ^ x[66]
x[62] = x[62] ^ x[63]
x[68] = x[68] ^ x[69]
x[199] = x[199] ^ x[201]
x[183] = x[183] ^ x[182]
x[189] = x[189] ^ x[200]
x[176] = x[176] ^ x[180]
x[264] = x[264] ^ x[274]
x[271] = x[271] ^ x[278]
x[261] = x[261] ^ x[258]
x[129] = x[129] ^ x[127]
x[150] = x[150] ^ x[155]
x[107] = x[107] ^ x[105]
x[128] = x[128] ^ x[130]
x[79] = x[79] ^ x[78]
x[312] = x[312] ^ x[321]
x[185] = x[185] ^ x[197]
x[172] = x[172] ^ x[179]
x[270] = x[270] ^ x[273]
x[272] = x[272] ^ x[277]
x[208] = x[208] ^ x[205]
x[207] = x[207] ^ x[203]
x[211] = x[211] ^ x[202]
x[241] = x[241] ^ x[236]
x[243] = x[243] ^ x[245]
x[148] = x[148] ^ x[159]
x[72] = x[72] ^ x[74]
x[77] = x[77] ^ x[76]
x[313] = x[313] ^ x[315]
x[306] = x[306] ^ x[318]
x[238] = x[238] ^ x[232]
x[244] = x[244] ^ x[254]
x[157] = x[157] ^ x[161]
x[110] = x[110] ^ x[106]
x[55] = x[55] ^ x[56]
x[281] = x[281] ^ x[282]
x[304] = x[304] ^ x[317]
x[324] = x[324] ^ x[319]
x[265] = x[265] ^ x[279]
x[276] = x[276] ^ x[283]
x[316] = x[316] ^ x[323]
x[322] = x[322] ^ x[314]
x[307] = x[307] ^ x[310]
x[170] = x[170] ^ x[171]
x[163] = x[163] ^ x[164]
x[16] = x[16] ^ x[12]
x[13] = x[13] ^ x[19]
x[5] = x[5] ^ x[1]
x[91] = x[91] ^ x[95]
x[97] = x[97] ^ x[99]
x[100] = x[100] ^ x[98]
x[28] = x[28] ^ x[23]
x[9] = x[9] ^ x[4]
x[25] = x[25] ^ x[20]
x[287] = x[287] ^ x[288]
x[297] = x[297] ^ x[295]
x[290] = x[290] ^ x[294]
x[217] = x[217] ^ x[212]
x[218] = x[218] ^ x[215]
x[224] = x[224] ^ x[235]
x[144] = x[144] ^ x[141]
x[134] = x[134] ^ x[132]
x[139] = x[139] ^ x[137]
x[143] = x[143] ^ x[145]
x[89] = x[89] ^ x[84]
x[90] = x[90] ^ x[86]
x[87] = x[87] ^ x[83]
x[26] = x[26] ^ x[29]
x[17] = x[17] ^ x[10]
x[291] = x[291] ^ x[289]
x[286] = x[286] ^ x[296]
x[284] = x[284] ^ x[303]
x[242] = x[242] ^ x[233]
x[126] = x[126] ^ x[124]
x[123] = x[123] ^ x[135]
x[36] = x[36] ^ x[31]
x[0] = x[0] ^ x[2]
x[190] = x[190] ^ x[188]
x[219] = x[219] ^ x[221]
x[209] = x[209] ^ x[204]
x[118] = x[118] ^ x[112]
x[32] = x[32] ^ x[34]
x[38] = x[38] ^ x[39]
x[293] = x[293] ^ x[299]
x[240] = x[240] ^ x[234]
x[120] = x[120] ^ x[116]
x[47] = x[47] ^ x[54]
x[65] = x[65] ^ x[67]
x[69] = x[69] ^ x[80]
x[183] = x[183] ^ x[199]
x[182] = x[182] ^ x[194]
x[189] = x[189] ^ x[191]
x[250] = x[250] ^ x[261]
x[127] = x[127] ^ x[130]
x[105] = x[105] ^ x[102]
x[128] = x[128] ^ x[131]
x[70] = x[70] ^ x[71]
x[60] = x[60] ^ x[79]
x[62] = x[62] ^ x[78]
x[312] = x[312] ^ x[320]
x[185] = x[185] ^ x[193]
x[178] = x[178] ^ x[177]
x[210] = x[210] ^ x[208]
x[203] = x[203] ^ x[205]
x[202] = x[202] ^ x[206]
x[231] = x[231] ^ x[241]
x[243] = x[243] ^ x[257]
x[61] = x[61] ^ x[72]
x[64] = x[64] ^ x[76]
x[318] = x[318] ^ x[321]
x[180] = x[180] ^ x[175]
x[237] = x[237] ^ x[238]
x[254] = x[254] ^ x[258]
x[159] = x[159] ^ x[157]
x[155] = x[155] ^ x[161]
x[106] = x[106] ^ x[113]
x[49] = x[49] ^ x[55]
x[273] = x[273] ^ x[281]
x[277] = x[277] ^ x[282]
x[317] = x[317] ^ x[315]
x[265] = x[265] ^ x[274]
x[276] = x[276] ^ x[280]
x[278] = x[278] ^ x[283]
x[323] = x[323] ^ x[324]
x[310] = x[310] ^ x[305]
x[314] = x[314] ^ x[307]
x[179] = x[179] ^ x[170]
x[168] = x[168] ^ x[164]
x[249] = x[249] ^ x[259]
x[114] = x[114] ^ x[115]
x[22] = x[22] ^ x[21]
x[225] = x[225] ^ x[233]
x[46] = x[46] ^ x[45]
x[88] = x[88] ^ x[81]
x[92] = x[92] ^ x[91]
x[99] = x[99] ^ x[100]
x[18] = x[18] ^ x[14]
x[7] = x[7] ^ x[9]
x[8] = x[8] ^ x[16]
x[287] = x[287] ^ x[299]
x[285] = x[285] ^ x[297]
x[288] = x[288] ^ x[295]
x[121] = x[121] ^ x[139]
x[89] = x[89] ^ x[86]
x[146] = x[146] ^ x[149]
x[90] = x[90] ^ x[87]
x[26] = x[26] ^ x[34]
x[19] = x[19] ^ x[17]
x[1] = x[1] ^ x[3]
x[25] = x[25] ^ x[29]
x[10] = x[10] ^ x[11]
x[289] = x[289] ^ x[300]
x[286] = x[286] ^ x[303]
x[223] = x[223] ^ x[234]
x[144] = x[144] ^ x[154]
x[103] = x[103] ^ x[104]
x[122] = x[122] ^ x[133]
x[123] = x[123] ^ x[138]
x[4] = x[4] ^ x[0]
x[284] = x[284] ^ x[298]
x[192] = x[192] ^ x[196]
x[186] = x[186] ^ x[184]
x[221] = x[221] ^ x[217]
x[219] = x[219] ^ x[218]
x[260] = x[260] ^ x[262]
x[246] = x[246] ^ x[256]
x[145] = x[145] ^ x[156]
x[31] = x[31] ^ x[32]
x[28] = x[28] ^ x[38]
x[66] = x[66] ^ x[73]
x[293] = x[293] ^ x[290]
x[190] = x[190] ^ x[201]
x[174] = x[174] ^ x[176]
x[242] = x[242] ^ x[240]
x[191] = x[191] ^ x[182]
x[261] = x[261] ^ x[258]
x[127] = x[127] ^ x[126]
x[102] = x[102] ^ x[112]
x[128] = x[128] ^ x[132]
x[67] = x[67] ^ x[71]
x[68] = x[68] ^ x[70]
x[69] = x[69] ^ x[78]
x[185] = x[185] ^ x[183]
x[181] = x[181] ^ x[173]
x[203] = x[203] ^ x[202]
x[208] = x[208] ^ x[209]
x[241] = x[241] ^ x[239]
x[43] = x[43] ^ x[56]
x[61] = x[61] ^ x[74]
x[60] = x[60] ^ x[76]
x[178] = x[178] ^ x[167]
x[222] = x[222] ^ x[238]
x[235] = x[235] ^ x[237]
x[257] = x[257] ^ x[254]
x[155] = x[155] ^ x[159]
x[113] = x[113] ^ x[116]
x[49] = x[49] ^ x[54]
x[282] = x[282] ^ x[279]
x[315] = x[315] ^ x[318]
x[319] = x[319] ^ x[306]
x[276] = x[276] ^ x[273]
x[274] = x[274] ^ x[280]
x[278] = x[278] ^ x[277]
x[305] = x[305] ^ x[312]
x[323] = x[323] ^ x[314]
x[180] = x[180] ^ x[179]
x[164] = x[164] ^ x[170]
x[168] = x[168] ^ x[171]
x[13] = x[13] ^ x[11]
x[119] = x[119] ^ x[114]
x[96] = x[96] ^ x[97]
x[195] = x[195] ^ x[196]
x[82] = x[82] ^ x[99]
x[40] = x[40] ^ x[50]
x[9] = x[9] ^ x[15]
x[285] = x[285] ^ x[301]
x[292] = x[292] ^ x[290]
x[287] = x[287] ^ x[297]
x[253] = x[253] ^ x[255]
x[121] = x[121] ^ x[137]
x[117] = x[117] ^ x[111]
x[86] = x[86] ^ x[88]
x[146] = x[146] ^ x[151]
x[90] = x[90] ^ x[92]
x[45] = x[45] ^ x[53]
x[17] = x[17] ^ x[18]
x[27] = x[27] ^ x[25]
x[19] = x[19] ^ x[16]
x[6] = x[6] ^ x[10]
x[295] = x[295] ^ x[303]
x[104] = x[104] ^ x[118]
x[133] = x[133] ^ x[139]
x[0] = x[0] ^ x[1]
x[300] = x[300] ^ x[298]
x[187] = x[187] ^ x[192]
x[184] = x[184] ^ x[198]
x[217] = x[217] ^ x[220]
x[204] = x[204] ^ x[206]
x[252] = x[252] ^ x[260]
x[48] = x[48] ^ x[58]
x[47] = x[47] ^ x[52]
x[22] = x[22] ^ x[31]
x[26] = x[26] ^ x[28]
x[65] = x[65] ^ x[75]
x[293] = x[293] ^ x[289]
x[189] = x[189] ^ x[190]
x[207] = x[207] ^ x[215]
x[230] = x[230] ^ x[240]
x[130] = x[130] ^ x[138]
x[141] = x[141] ^ x[158]
x[105] = x[105] ^ x[120]
x[62] = x[62] ^ x[77]
x[210] = x[210] ^ x[211]
x[259] = x[259] ^ x[261]
x[127] = x[127] ^ x[132]
x[66] = x[66] ^ x[72]
x[67] = x[67] ^ x[73]
x[64] = x[64] ^ x[71]
x[183] = x[183] ^ x[182]
x[263] = x[263] ^ x[280]
x[208] = x[208] ^ x[219]
x[203] = x[203] ^ x[213]
x[202] = x[202] ^ x[214]
x[209] = x[209] ^ x[218]
x[234] = x[234] ^ x[241]
x[43] = x[43] ^ x[51]
x[61] = x[61] ^ x[70]
x[60] = x[60] ^ x[78]
x[233] = x[233] ^ x[237]
x[238] = x[238] ^ x[236]
x[256] = x[256] ^ x[257]
x[154] = x[154] ^ x[155]
x[112] = x[112] ^ x[113]
x[156] = x[156] ^ x[159]
x[41] = x[41] ^ x[55]
x[49] = x[49] ^ x[56]
x[281] = x[281] ^ x[279]
x[315] = x[315] ^ x[304]
x[276] = x[276] ^ x[275]
x[274] = x[274] ^ x[283]
x[282] = x[282] ^ x[278]
x[163] = x[163] ^ x[165]
x[318] = x[318] ^ x[305]
x[314] = x[314] ^ x[319]
x[179] = x[179] ^ x[178]
x[176] = x[176] ^ x[168]
x[181] = x[181] ^ x[164]
x[5] = x[5] ^ x[11]
x[248] = x[248] ^ x[255]
x[81] = x[81] ^ x[98]
x[21] = x[21] ^ x[35]
x[266] = x[266] ^ x[275]
x[147] = x[147] ^ x[152]
x[125] = x[125] ^ x[135]
x[82] = x[82] ^ x[97]
x[89] = x[89] ^ x[99]
x[29] = x[29] ^ x[37]
x[3] = x[3] ^ x[12]
x[2] = x[2] ^ x[13]
x[24] = x[24] ^ x[36]
x[8] = x[8] ^ x[9]
x[288] = x[288] ^ x[285]
x[292] = x[292] ^ x[289]
x[287] = x[287] ^ x[290]
x[291] = x[291] ^ x[301]
x[109] = x[109] ^ x[115]
x[103] = x[103] ^ x[111]
x[88] = x[88] ^ x[95]
x[90] = x[90] ^ x[91]
x[53] = x[53] ^ x[51]
x[23] = x[23] ^ x[39]
x[25] = x[25] ^ x[33]
x[34] = x[34] ^ x[30]
x[4] = x[4] ^ x[18]
x[10] = x[10] ^ x[19]
x[303] = x[303] ^ x[297]
x[188] = x[188] ^ x[200]
x[186] = x[186] ^ x[195]
x[221] = x[221] ^ x[218]
x[129] = x[129] ^ x[136]
x[133] = x[133] ^ x[138]
x[0] = x[0] ^ x[17]
x[298] = x[298] ^ x[302]
x[204] = x[204] ^ x[212]
x[247] = x[247] ^ x[262]
x[245] = x[245] ^ x[253]
x[108] = x[108] ^ x[114]
x[47] = x[47] ^ x[58]
x[22] = x[22] ^ x[28]
x[293] = x[293] ^ x[286]
x[189] = x[189] ^ x[187]
x[206] = x[206] ^ x[216]
x[240] = x[240] ^ x[236]
x[126] = x[126] ^ x[140]
x[120] = x[120] ^ x[116]
x[128] = x[128] ^ x[137]
x[68] = x[68] ^ x[80]
x[62] = x[62] ^ x[75]
x[210] = x[210] ^ x[217]
x[211] = x[211] ^ x[220]
x[260] = x[260] ^ x[258]
x[130] = x[130] ^ x[132]
x[127] = x[127] ^ x[134]
x[46] = x[46] ^ x[55]
x[65] = x[65] ^ x[71]
x[66] = x[66] ^ x[79]
x[67] = x[67] ^ x[77]
x[63] = x[63] ^ x[64]
x[182] = x[182] ^ x[184]
x[177] = x[177] ^ x[162]
x[269] = x[269] ^ x[263]
x[203] = x[203] ^ x[219]
x[202] = x[202] ^ x[213]
x[209] = x[209] ^ x[207]
x[43] = x[43] ^ x[40]
x[78] = x[78] ^ x[70]
x[321] = x[321] ^ x[316]
x[238] = x[238] ^ x[232]
x[234] = x[234] ^ x[237]
x[259] = x[259] ^ x[256]
x[158] = x[158] ^ x[154]
x[118] = x[118] ^ x[112]
x[151] = x[151] ^ x[156]
x[41] = x[41] ^ x[52]
x[49] = x[49] ^ x[45]
x[281] = x[281] ^ x[276]
x[274] = x[274] ^ x[282]
x[323] = x[323] ^ x[315]
x[175] = x[175] ^ x[163]
x[318] = x[318] ^ x[319]
x[176] = x[176] ^ x[178]
x[180] = x[180] ^ x[181]
x[227] = x[227] ^ x[239]
x[83] = x[83] ^ x[100]
x[84] = x[84] ^ x[96]
x[124] = x[124] ^ x[139]
x[229] = x[229] ^ x[228]
x[121] = x[121] ^ x[135]
x[149] = x[149] ^ x[160]
x[143] = x[143] ^ x[153]
x[81] = x[81] ^ x[97]
x[44] = x[44] ^ x[57]
x[29] = x[29] ^ x[36]
x[7] = x[7] ^ x[3]
x[287] = x[287] ^ x[286]
x[264] = x[264] ^ x[275]
x[291] = x[291] ^ x[296]
x[119] = x[119] ^ x[116]
x[101] = x[101] ^ x[117]
x[88] = x[88] ^ x[94]
x[89] = x[89] ^ x[95]
x[82] = x[82] ^ x[91]
x[42] = x[42] ^ x[59]
x[33] = x[33] ^ x[34]
x[25] = x[25] ^ x[21]
x[1] = x[1] ^ x[14]
x[13] = x[13] ^ x[10]
x[9] = x[9] ^ x[4]
x[303] = x[303] ^ x[285]
x[188] = x[188] ^ x[197]
x[226] = x[226] ^ x[242]
x[0] = x[0] ^ x[5]
x[17] = x[17] ^ x[19]
x[298] = x[298] ^ x[292]
x[190] = x[190] ^ x[186]
x[205] = x[205] ^ x[221]
x[212] = x[212] ^ x[219]
x[28] = x[28] ^ x[23]
x[320] = x[320] ^ x[309]
x[288] = x[288] ^ x[293]
x[123] = x[123] ^ x[126]
x[115] = x[115] ^ x[120]
x[137] = x[137] ^ x[133]
x[58] = x[58] ^ x[56]
x[68] = x[68] ^ x[76]
x[75] = x[75] ^ x[73]
x[69] = x[69] ^ x[74]
x[208] = x[208] ^ x[214]
x[210] = x[210] ^ x[211]
x[220] = x[220] ^ x[216]
x[255] = x[255] ^ x[260]
x[130] = x[130] ^ x[122]
x[127] = x[127] ^ x[129]
x[46] = x[46] ^ x[51]
x[67] = x[67] ^ x[66]
x[72] = x[72] ^ x[71]
x[63] = x[63] ^ x[61]
x[182] = x[182] ^ x[187]
x[184] = x[184] ^ x[183]
x[202] = x[202] ^ x[206]
x[207] = x[207] ^ x[203]
x[209] = x[209] ^ x[204]
x[111] = x[111] ^ x[113]
x[48] = x[48] ^ x[55]
x[70] = x[70] ^ x[77]
x[321] = x[321] ^ x[311]
x[169] = x[169] ^ x[165]
x[173] = x[173] ^ x[166]
x[266] = x[266] ^ x[279]
x[234] = x[234] ^ x[235]
x[241] = x[241] ^ x[238]
x[237] = x[237] ^ x[240]
x[262] = x[262] ^ x[259]
x[253] = x[253] ^ x[256]
x[152] = x[152] ^ x[158]
x[114] = x[114] ^ x[118]
x[40] = x[40] ^ x[45]
x[52] = x[52] ^ x[50]
x[161] = x[161] ^ x[156]
x[313] = x[313] ^ x[307]
x[324] = x[324] ^ x[310]
x[276] = x[276] ^ x[265]
x[282] = x[282] ^ x[263]
x[319] = x[319] ^ x[315]
x[178] = x[178] ^ x[177]
x[180] = x[180] ^ x[175]
x[20] = x[20] ^ x[30]
x[125] = x[125] ^ x[134]
x[96] = x[96] ^ x[99]
x[294] = x[294] ^ x[295]
x[228] = x[228] ^ x[232]
x[139] = x[139] ^ x[140]
x[81] = x[81] ^ x[83]
x[8] = x[8] ^ x[7]
x[301] = x[301] ^ x[286]
x[291] = x[291] ^ x[292]
x[290] = x[290] ^ x[284]
x[200] = x[200] ^ x[201]
x[90] = x[90] ^ x[94]
x[89] = x[89] ^ x[82]
x[42] = x[42] ^ x[54]
x[24] = x[24] ^ x[32]
x[33] = x[33] ^ x[36]
x[3] = x[3] ^ x[1]
x[110] = x[110] ^ x[119]
x[5] = x[5] ^ x[4]
x[17] = x[17] ^ x[13]
x[298] = x[298] ^ x[285]
x[29] = x[29] ^ x[28]
x[23] = x[23] ^ x[21]
x[302] = x[302] ^ x[288]
x[239] = x[239] ^ x[235]
x[117] = x[117] ^ x[115]
x[68] = x[68] ^ x[65]
x[76] = x[76] ^ x[75]
x[218] = x[218] ^ x[219]
x[221] = x[221] ^ x[220]
x[211] = x[211] ^ x[205]
x[255] = x[255] ^ x[254]
x[130] = x[130] ^ x[121]
x[126] = x[126] ^ x[129]
x[160] = x[160] ^ x[155]
x[133] = x[133] ^ x[127]
x[46] = x[46] ^ x[59]
x[51] = x[51] ^ x[58]
x[64] = x[64] ^ x[67]
x[72] = x[72] ^ x[78]
x[71] = x[71] ^ x[63]
x[187] = x[187] ^ x[188]
x[186] = x[186] ^ x[184]
x[280] = x[280] ^ x[273]
x[206] = x[206] ^ x[208]
x[203] = x[203] ^ x[210]
x[207] = x[207] ^ x[209]
x[48] = x[48] ^ x[44]
x[77] = x[77] ^ x[69]
x[279] = x[279] ^ x[268]
x[233] = x[233] ^ x[234]
x[238] = x[238] ^ x[237]
x[242] = x[242] ^ x[241]
x[262] = x[262] ^ x[253]
x[152] = x[152] ^ x[156]
x[153] = x[153] ^ x[158]
x[114] = x[114] ^ x[111]
x[45] = x[45] ^ x[41]
x[56] = x[56] ^ x[52]
x[317] = x[317] ^ x[313]
x[165] = x[165] ^ x[162]
x[323] = x[323] ^ x[321]
x[276] = x[276] ^ x[269]
x[282] = x[282] ^ x[264]
x[315] = x[315] ^ x[320]
x[319] = x[319] ^ x[324]
x[181] = x[181] ^ x[173]
x[177] = x[177] ^ x[175]
x[85] = x[85] ^ x[93]
x[20] = x[20] ^ x[37]
x[87] = x[87] ^ x[86]
x[11] = x[11] ^ x[16]
x[299] = x[299] ^ x[284]
x[246] = x[246] ^ x[249]
x[100] = x[100] ^ x[96]
x[27] = x[27] ^ x[32]
x[300] = x[300] ^ x[295]
x[297] = x[297] ^ x[287]
x[227] = x[227] ^ x[228]
x[53] = x[53] ^ x[57]
x[8] = x[8] ^ x[4]
x[9] = x[9] ^ x[2]
x[7] = x[7] ^ x[6]
x[198] = x[198] ^ x[193]
x[289] = x[289] ^ x[285]
x[294] = x[294] ^ x[290]
x[252] = x[252] ^ x[243]
x[88] = x[88] ^ x[90]
x[89] = x[89] ^ x[83]
x[19] = x[19] ^ x[15]
x[31] = x[31] ^ x[33]
x[301] = x[301] ^ x[292]
x[303] = x[303] ^ x[286]
x[200] = x[200] ^ x[185]
x[1] = x[1] ^ x[5]
x[12] = x[12] ^ x[17]
x[28] = x[28] ^ x[22]
x[21] = x[21] ^ x[24]
x[73] = x[73] ^ x[74]
x[298] = x[298] ^ x[302]
x[76] = x[76] ^ x[68]
x[80] = x[80] ^ x[65]
x[316] = x[316] ^ x[312]
x[221] = x[221] ^ x[219]
x[204] = x[204] ^ x[211]
x[182] = x[182] ^ x[190]
x[217] = x[217] ^ x[218]
x[130] = x[130] ^ x[123]
x[129] = x[129] ^ x[125]
x[117] = x[117] ^ x[111]
x[122] = x[122] ^ x[126]
x[139] = x[139] ^ x[127]
x[58] = x[58] ^ x[42]
x[78] = x[78] ^ x[67]
x[71] = x[71] ^ x[61]
x[169] = x[169] ^ x[167]
x[188] = x[188] ^ x[186]
x[273] = x[273] ^ x[277]
x[208] = x[208] ^ x[203]
x[184] = x[184] ^ x[189]
x[232] = x[232] ^ x[240]
x[210] = x[210] ^ x[207]
x[254] = x[254] ^ x[259]
x[157] = x[157] ^ x[155]
x[50] = x[50] ^ x[59]
x[77] = x[77] ^ x[62]
x[283] = x[283] ^ x[281]
x[241] = x[241] ^ x[237]
x[235] = x[235] ^ x[234]
x[238] = x[238] ^ x[233]
x[253] = x[253] ^ x[260]
x[256] = x[256] ^ x[262]
x[153] = x[153] ^ x[156]
x[119] = x[119] ^ x[114]
x[160] = x[160] ^ x[152]
x[45] = x[45] ^ x[46]
x[41] = x[41] ^ x[40]
x[56] = x[56] ^ x[48]
x[172] = x[172] ^ x[165]
x[318] = x[318] ^ x[321]
x[323] = x[323] ^ x[317]
x[276] = x[276] ^ x[267]
x[282] = x[282] ^ x[279]
x[320] = x[320] ^ x[324]
x[175] = x[175] ^ x[173]
x[124] = x[124] ^ x[131]
x[144] = x[144] ^ x[149]
x[87] = x[87] ^ x[98]
x[39] = x[39] ^ x[37]
x[199] = x[199] ^ x[195]
x[93] = x[93] ^ x[96]
x[27] = x[27] ^ x[30]
x[38] = x[38] ^ x[34]
x[14] = x[14] ^ x[13]
x[20] = x[20] ^ x[25]
x[192] = x[192] ^ x[197]
x[141] = x[141] ^ x[148]
x[100] = x[100] ^ x[94]
x[16] = x[16] ^ x[8]
x[6] = x[6] ^ x[0]
x[296] = x[296] ^ x[289]
x[247] = x[247] ^ x[243]
x[88] = x[88] ^ x[85]
x[83] = x[83] ^ x[90]
x[15] = x[15] ^ x[3]
x[35] = x[35] ^ x[31]
x[308] = x[308] ^ x[304]
x[295] = x[295] ^ x[293]
x[303] = x[303] ^ x[299]
x[191] = x[191] ^ x[185]
x[290] = x[290] ^ x[285]
x[287] = x[287] ^ x[292]
x[258] = x[258] ^ x[248]
x[134] = x[134] ^ x[138]
x[137] = x[137] ^ x[121]
x[9] = x[9] ^ x[1]
x[17] = x[17] ^ x[4]
x[5] = x[5] ^ x[7]
x[236] = x[236] ^ x[222]
x[257] = x[257] ^ x[252]
x[28] = x[28] ^ x[26]
x[75] = x[75] ^ x[66]
x[21] = x[21] ^ x[29]
x[302] = x[302] ^ x[301]
x[261] = x[261] ^ x[255]
x[151] = x[151] ^ x[155]
x[154] = x[154] ^ x[159]
x[80] = x[80] ^ x[68]
x[280] = x[280] ^ x[278]
x[202] = x[202] ^ x[204]
x[194] = x[194] ^ x[182]
x[212] = x[212] ^ x[217]
x[211] = x[211] ^ x[209]
x[275] = x[275] ^ x[272]
x[123] = x[123] ^ x[127]
x[129] = x[129] ^ x[128]
x[126] = x[126] ^ x[122]
x[58] = x[58] ^ x[49]
x[57] = x[57] ^ x[40]
x[73] = x[73] ^ x[67]
x[198] = x[198] ^ x[188]
x[174] = x[174] ^ x[169]
x[273] = x[273] ^ x[266]
x[193] = x[193] ^ x[184]
x[232] = x[232] ^ x[239]
x[240] = x[240] ^ x[242]
x[214] = x[214] ^ x[210]
x[221] = x[221] ^ x[203]
x[259] = x[259] ^ x[249]
x[157] = x[157] ^ x[161]
x[71] = x[71] ^ x[62]
x[50] = x[50] ^ x[44]
x[281] = x[281] ^ x[270]
x[237] = x[237] ^ x[226]
x[235] = x[235] ^ x[228]
x[233] = x[233] ^ x[231]
x[234] = x[234] ^ x[227]
x[260] = x[260] ^ x[244]
x[262] = x[262] ^ x[250]
x[119] = x[119] ^ x[117]
x[160] = x[160] ^ x[153]
x[59] = x[59] ^ x[41]
x[56] = x[56] ^ x[42]
x[52] = x[52] ^ x[46]
x[283] = x[283] ^ x[269]
x[321] = x[321] ^ x[316]
x[276] = x[276] ^ x[279]
x[317] = x[317] ^ x[324]
x[173] = x[173] ^ x[172]
x[150] = x[150] ^ x[147]
x[131] = x[131] ^ x[136]
x[87] = x[87] ^ x[92]
x[84] = x[84] ^ x[81]
x[18] = x[18] ^ x[10]
x[300] = x[300] ^ x[291]
x[86] = x[86] ^ x[82]
x[30] = x[30] ^ x[36]
x[27] = x[27] ^ x[22]
x[34] = x[34] ^ x[25]
x[199] = x[199] ^ x[189]
x[195] = x[195] ^ x[190]
x[98] = x[98] ^ x[100]
x[19] = x[19] ^ x[7]
x[11] = x[11] ^ x[8]
x[197] = x[197] ^ x[183]
x[85] = x[85] ^ x[89]
x[96] = x[96] ^ x[83]
x[35] = x[35] ^ x[26]
x[15] = x[15] ^ x[6]
x[322] = x[322] ^ x[308]
x[295] = x[295] ^ x[299]
x[289] = x[289] ^ x[285]
x[287] = x[287] ^ x[290]
x[23] = x[23] ^ x[24]
x[17] = x[17] ^ x[1]
x[13] = x[13] ^ x[5]
x[79] = x[79] ^ x[64]
x[72] = x[72] ^ x[63]
x[33] = x[33] ^ x[28]
x[51] = x[51] ^ x[43]
x[39] = x[39] ^ x[21]
x[302] = x[302] ^ x[297]
x[205] = x[205] ^ x[206]
x[261] = x[261] ^ x[257]
x[133] = x[133] ^ x[125]
x[118] = x[118] ^ x[115]
x[159] = x[159] ^ x[144]
x[75] = x[75] ^ x[69]
x[277] = x[277] ^ x[264]
x[280] = x[280] ^ x[267]
x[219] = x[219] ^ x[204]
x[196] = x[196] ^ x[186]
x[182] = x[182] ^ x[185]
x[254] = x[254] ^ x[247]
x[217] = x[217] ^ x[211]
x[138] = x[138] ^ x[129]
x[140] = x[140] ^ x[122]
x[139] = x[139] ^ x[123]
x[134] = x[134] ^ x[126]
x[137] = x[137] ^ x[127]
x[77] = x[77] ^ x[67]
x[198] = x[198] ^ x[200]
x[273] = x[273] ^ x[272]
x[213] = x[213] ^ x[203]
x[192] = x[192] ^ x[193]
x[240] = x[240] ^ x[223]
x[221] = x[221] ^ x[210]
x[256] = x[256] ^ x[245]
x[253] = x[253] ^ x[246]
x[258] = x[258] ^ x[259]
x[156] = x[156] ^ x[158]
x[152] = x[152] ^ x[154]
x[53] = x[53] ^ x[45]
x[161] = x[161] ^ x[141]
x[71] = x[71] ^ x[68]
x[44] = x[44] ^ x[49]
x[40] = x[40] ^ x[48]
x[233] = x[233] ^ x[236]
x[237] = x[237] ^ x[235]
x[239] = x[239] ^ x[234]
x[262] = x[262] ^ x[260]
x[119] = x[119] ^ x[113]
x[155] = x[155] ^ x[160]
x[58] = x[58] ^ x[59]
x[56] = x[56] ^ x[52]
x[283] = x[283] ^ x[263]
x[279] = x[279] ^ x[281]
x[316] = x[316] ^ x[320]
x[324] = x[324] ^ x[321]
x[172] = x[172] ^ x[174]
x[143] = x[143] ^ x[146]
x[294] = x[294] ^ x[299]
x[136] = x[136] ^ x[128]
x[36] = x[36] ^ x[27]
x[37] = x[37] ^ x[22]
x[87] = x[87] ^ x[90]
x[84] = x[84] ^ x[88]
x[16] = x[16] ^ x[3]
x[32] = x[32] ^ x[29]
x[201] = x[201] ^ x[197]
x[98] = x[98] ^ x[89]
x[83] = x[83] ^ x[82]
x[35] = x[35] ^ x[25]
x[12] = x[12] ^ x[9]
x[11] = x[11] ^ x[7]
x[303] = x[303] ^ x[295]
x[291] = x[291] ^ x[290]
x[289] = x[289] ^ x[287]
x[55] = x[55] ^ x[47]
x[54] = x[54] ^ x[49]
x[76] = x[76] ^ x[66]
x[31] = x[31] ^ x[23]
x[10] = x[10] ^ x[1]
x[13] = x[13] ^ x[6]
x[79] = x[79] ^ x[60]
x[78] = x[78] ^ x[61]
x[70] = x[70] ^ x[64]
x[34] = x[34] ^ x[28]
x[39] = x[39] ^ x[24]
x[297] = x[297] ^ x[300]
x[189] = x[189] ^ x[191]
x[194] = x[194] ^ x[195]
x[212] = x[212] ^ x[206]
x[220] = x[220] ^ x[207]
x[215] = x[215] ^ x[205]
x[159] = x[159] ^ x[141]
x[116] = x[116] ^ x[111]
x[75] = x[75] ^ x[63]
x[277] = x[277] ^ x[266]
x[280] = x[280] ^ x[271]
x[238] = x[238] ^ x[224]
x[214] = x[214] ^ x[208]
x[186] = x[186] ^ x[182]
x[184] = x[184] ^ x[187]
x[275] = x[275] ^ x[265]
x[242] = x[242] ^ x[230]
x[232] = x[232] ^ x[225]
x[133] = x[133] ^ x[138]
x[139] = x[139] ^ x[134]
x[137] = x[137] ^ x[140]
x[114] = x[114] ^ x[101]
x[213] = x[213] ^ x[202]
x[221] = x[221] ^ x[219]
x[217] = x[217] ^ x[203]
x[257] = x[257] ^ x[253]
x[259] = x[259] ^ x[254]
x[152] = x[152] ^ x[147]
x[154] = x[154] ^ x[144]
x[156] = x[156] ^ x[150]
x[161] = x[161] ^ x[145]
x[68] = x[68] ^ x[67]
x[43] = x[43] ^ x[45]
x[44] = x[44] ^ x[40]
x[273] = x[273] ^ x[269]
x[193] = x[193] ^ x[198]
x[235] = x[235] ^ x[240]
x[239] = x[239] ^ x[233]
x[260] = x[260] ^ x[256]
x[155] = x[155] ^ x[142]
x[115] = x[115] ^ x[119]
x[52] = x[52] ^ x[59]
x[58] = x[58] ^ x[53]
x[180] = x[180] ^ x[174]
x[281] = x[281] ^ x[283]
x[317] = x[317] ^ x[322]
x[316] = x[316] ^ x[319]
x[314] = x[314] ^ x[320]
x[179] = x[179] ^ x[175]
x[324] = x[324] ^ x[318]
x[172] = x[172] ^ x[178]
x[124] = x[124] ^ x[125]
x[251] = x[251] ^ x[245]
x[229] = x[229] ^ x[226]
x[30] = x[30] ^ x[26]
x[14] = x[14] ^ x[0]
x[120] = x[120] ^ x[108]
x[86] = x[86] ^ x[87]
x[93] = x[93] ^ x[84]
x[32] = x[32] ^ x[20]
x[19] = x[19] ^ x[3]
x[296] = x[296] ^ x[298]
x[89] = x[89] ^ x[83]
x[74] = x[74] ^ x[65]
x[35] = x[35] ^ x[36]
x[16] = x[16] ^ x[5]
x[294] = x[294] ^ x[303]
x[291] = x[291] ^ x[289]
x[255] = x[255] ^ x[243]
x[151] = x[151] ^ x[143]
x[131] = x[131] ^ x[130]
x[54] = x[54] ^ x[48]
x[33] = x[33] ^ x[22]
x[37] = x[37] ^ x[21]
x[12] = x[12] ^ x[1]
x[7] = x[7] ^ x[6]
x[299] = x[299] ^ x[302]
x[216] = x[216] ^ x[209]
x[76] = x[76] ^ x[64]
x[78] = x[78] ^ x[79]
x[80] = x[80] ^ x[69]
x[34] = x[34] ^ x[24]
x[31] = x[31] ^ x[28]
x[295] = x[295] ^ x[297]
x[199] = x[199] ^ x[196]
x[190] = x[190] ^ x[189]
x[212] = x[212] ^ x[202]
x[218] = x[218] ^ x[206]
x[204] = x[204] ^ x[211]
x[135] = x[135] ^ x[123]
x[70] = x[70] ^ x[62]
x[201] = x[201] ^ x[198]
x[200] = x[200] ^ x[192]
x[274] = x[274] ^ x[264]
x[280] = x[280] ^ x[277]
x[241] = x[241] ^ x[238]
x[184] = x[184] ^ x[186]
x[162] = x[162] ^ x[165]
x[275] = x[275] ^ x[271]
x[250] = x[250] ^ x[249]
x[246] = x[246] ^ x[248]
x[138] = x[138] ^ x[140]
x[116] = x[116] ^ x[117]
x[136] = x[136] ^ x[134]
x[114] = x[114] ^ x[103]
x[213] = x[213] ^ x[208]
x[219] = x[219] ^ x[220]
x[234] = x[234] ^ x[232]
x[262] = x[262] ^ x[254]
x[217] = x[217] ^ x[215]
x[152] = x[152] ^ x[145]
x[159] = x[159] ^ x[156]
x[67] = x[67] ^ x[63]
x[41] = x[41] ^ x[45]
x[44] = x[44] ^ x[46]
x[195] = x[195] ^ x[193]
x[240] = x[240] ^ x[233]
x[235] = x[235] ^ x[242]
x[239] = x[239] ^ x[237]
x[253] = x[253] ^ x[256]
x[154] = x[154] ^ x[142]
x[155] = x[155] ^ x[149]
x[119] = x[119] ^ x[110]
x[53] = x[53] ^ x[57]
x[59] = x[59] ^ x[55]
x[283] = x[283] ^ x[273]
x[319] = x[319] ^ x[317]
x[321] = x[321] ^ x[323]
x[179] = x[179] ^ x[197]
x[173] = x[173] ^ x[191]
x[324] = x[324] ^ x[322]
x[320] = x[320] ^ x[318]
x[178] = x[178] ^ x[180]
x[251] = x[251] ^ x[252]
x[2] = x[2] ^ x[4]
x[132] = x[132] ^ x[124]
x[18] = x[18] ^ x[8]
x[97] = x[97] ^ x[90]
x[120] = x[120] ^ x[102]
x[100] = x[100] ^ x[87]
x[30] = x[30] ^ x[24]
x[95] = x[95] ^ x[86]
x[15] = x[15] ^ x[9]
x[19] = x[19] ^ x[14]
x[112] = x[112] ^ x[117]
x[84] = x[84] ^ x[89]
x[303] = x[303] ^ x[296]
x[72] = x[72] ^ x[60]
x[73] = x[73] ^ x[65]
x[74] = x[74] ^ x[61]
x[33] = x[33] ^ x[36]
x[32] = x[32] ^ x[21]
x[37] = x[37] ^ x[23]
x[6] = x[6] ^ x[1]
x[16] = x[16] ^ x[39]
x[261] = x[261] ^ x[254]
x[188] = x[188] ^ x[183]
x[170] = x[170] ^ x[171]
x[285] = x[285] ^ x[313]
x[205] = x[205] ^ x[209]
x[157] = x[157] ^ x[144]
x[79] = x[79] ^ x[76]
x[34] = x[34] ^ x[29]
x[38] = x[38] ^ x[31]
x[302] = x[302] ^ x[295]
x[185] = x[185] ^ x[189]
x[224] = x[224] ^ x[229]
x[226] = x[226] ^ x[231]
x[218] = x[218] ^ x[211]
x[135] = x[135] ^ x[125]
x[62] = x[62] ^ x[63]
x[47] = x[47] ^ x[48]
x[274] = x[274] ^ x[265]
x[289] = x[289] ^ x[323]
x[202] = x[202] ^ x[207]
x[168] = x[168] ^ x[165]
x[259] = x[259] ^ x[257]
x[113] = x[113] ^ x[118]
x[246] = x[246] ^ x[250]
x[153] = x[153] ^ x[147]
x[116] = x[116] ^ x[107]
x[140] = x[140] ^ x[134]
x[136] = x[136] ^ x[131]
x[160] = x[160] ^ x[146]
x[161] = x[161] ^ x[148]
x[56] = x[56] ^ x[80]
x[198] = x[198] ^ x[199]
x[220] = x[220] ^ x[215]
x[203] = x[203] ^ x[208]
x[255] = x[255] ^ x[260]
x[232] = x[232] ^ x[236]
x[152] = x[152] ^ x[156]
x[45] = x[45] ^ x[77]
x[46] = x[46] ^ x[67]
x[241] = x[241] ^ x[240]
x[177] = x[177] ^ x[193]
x[234] = x[234] ^ x[235]
x[275] = x[275] ^ x[279]
x[256] = x[256] ^ x[262]
x[204] = x[204] ^ x[239]
x[151] = x[151] ^ x[155]
x[158] = x[158] ^ x[154]
x[110] = x[110] ^ x[103]
x[53] = x[53] ^ x[55]
x[59] = x[59] ^ x[50]
x[283] = x[283] ^ x[280]
x[174] = x[174] ^ x[175]
x[179] = x[179] ^ x[184]
x[173] = x[173] ^ x[187]
x[319] = x[319] ^ x[324]
x[321] = x[321] ^ x[320]
x[318] = x[318] ^ x[316]
x[178] = x[178] ^ x[200]
x[94] = x[94] ^ x[82]
x[92] = x[92] ^ x[88]
x[99] = x[99] ^ x[85]
x[18] = x[18] ^ x[4]
x[17] = x[17] ^ x[3]
x[90] = x[90] ^ x[86]
x[10] = x[10] ^ x[8]
x[13] = x[13] ^ x[14]
x[5] = x[5] ^ x[9]
x[298] = x[298] ^ x[294]
x[87] = x[87] ^ x[84]
x[30] = x[30] ^ x[22]
x[300] = x[300] ^ x[299]
x[111] = x[111] ^ x[109]
x[72] = x[72] ^ x[75]
x[66] = x[66] ^ x[64]
x[61] = x[61] ^ x[60]
x[36] = x[36] ^ x[39]
x[24] = x[24] ^ x[26]
x[15] = x[15] ^ x[21]
x[188] = x[188] ^ x[187]
x[167] = x[167] ^ x[171]
x[212] = x[212] ^ x[216]
x[244] = x[244] ^ x[251]
x[214] = x[214] ^ x[206]
x[157] = x[157] ^ x[149]
x[79] = x[79] ^ x[73]
x[38] = x[38] ^ x[37]
x[33] = x[33] ^ x[34]
x[1] = x[1] ^ x[31]
x[65] = x[65] ^ x[69]
x[295] = x[295] ^ x[313]
x[162] = x[162] ^ x[201]
x[194] = x[194] ^ x[192]
x[245] = x[245] ^ x[248]
x[224] = x[224] ^ x[231]
x[225] = x[225] ^ x[226]
x[117] = x[117] ^ x[105]
x[135] = x[135] ^ x[121]
x[43] = x[43] ^ x[40]
x[315] = x[315] ^ x[322]
x[274] = x[274] ^ x[276]
x[261] = x[261] ^ x[257]
x[254] = x[254] ^ x[258]
x[170] = x[170] ^ x[168]
x[113] = x[113] ^ x[103]
x[246] = x[246] ^ x[265]
x[207] = x[207] ^ x[205]
x[153] = x[153] ^ x[148]
x[115] = x[115] ^ x[106]
x[118] = x[118] ^ x[102]
x[219] = x[219] ^ x[228]
x[138] = x[138] ^ x[134]
x[133] = x[133] ^ x[136]
x[146] = x[146] ^ x[147]
x[140] = x[140] ^ x[132]
x[52] = x[52] ^ x[54]
x[47] = x[47] ^ x[41]
x[56] = x[56] ^ x[63]
x[208] = x[208] ^ x[202]
x[233] = x[233] ^ x[242]
x[255] = x[255] ^ x[259]
x[237] = x[237] ^ x[238]
x[220] = x[220] ^ x[217]
x[211] = x[211] ^ x[232]
x[45] = x[45] ^ x[71]
x[46] = x[46] ^ x[76]
x[240] = x[240] ^ x[239]
x[177] = x[177] ^ x[195]
x[236] = x[236] ^ x[234]
x[262] = x[262] ^ x[275]
x[155] = x[155] ^ x[156]
x[154] = x[154] ^ x[151]
x[107] = x[107] ^ x[110]
x[53] = x[53] ^ x[58]
x[50] = x[50] ^ x[55]
x[281] = x[281] ^ x[273]
x[317] = x[317] ^ x[323]
x[280] = x[280] ^ x[279]
x[277] = x[277] ^ x[283]
x[174] = x[174] ^ x[186]
x[172] = x[172] ^ x[189]
x[173] = x[173] ^ x[184]
x[303] = x[303] ^ x[319]
x[288] = x[288] ^ x[324]
x[302] = x[302] ^ x[321]
x[287] = x[287] ^ x[318]
x[178] = x[178] ^ x[198]
x[124] = x[124] ^ x[125]
x[92] = x[92] ^ x[82]
x[99] = x[99] ^ x[88]
x[120] = x[120] ^ x[101]
x[95] = x[95] ^ x[85]
x[3] = x[3] ^ x[2]
x[293] = x[293] ^ x[291]
x[51] = x[51] ^ x[54]
x[112] = x[112] ^ x[104]
x[94] = x[94] ^ x[86]
x[19] = x[19] ^ x[10]
x[14] = x[14] ^ x[12]
x[7] = x[7] ^ x[4]
x[8] = x[8] ^ x[0]
x[247] = x[247] ^ x[243]
x[294] = x[294] ^ x[311]
x[87] = x[87] ^ x[89]
x[30] = x[30] ^ x[20]
x[32] = x[32] ^ x[35]
x[23] = x[23] ^ x[25]
x[16] = x[16] ^ x[28]
x[300] = x[300] ^ x[312]
x[297] = x[297] ^ x[309]
x[285] = x[285] ^ x[310]
x[163] = x[163] ^ x[164]
x[169] = x[169] ^ x[182]
x[66] = x[66] ^ x[60]
x[5] = x[5] ^ x[24]
x[6] = x[6] ^ x[39]
x[15] = x[15] ^ x[36]
x[183] = x[183] ^ x[189]
x[218] = x[218] ^ x[227]
x[38] = x[38] ^ x[33]
x[1] = x[1] ^ x[34]
x[181] = x[181] ^ x[176]
x[213] = x[213] ^ x[224]
x[250] = x[250] ^ x[266]
x[214] = x[214] ^ x[226]
x[157] = x[157] ^ x[161]
x[43] = x[43] ^ x[73]
x[315] = x[315] ^ x[323]
x[162] = x[162] ^ x[198]
x[209] = x[209] ^ x[203]
x[257] = x[257] ^ x[276]
x[171] = x[171] ^ x[195]
x[212] = x[212] ^ x[215]
x[254] = x[254] ^ x[271]
x[205] = x[205] ^ x[225]
x[168] = x[168] ^ x[194]
x[244] = x[244] ^ x[265]
x[153] = x[153] ^ x[144]
x[118] = x[118] ^ x[106]
x[219] = x[219] ^ x[231]
x[138] = x[138] ^ x[131]
x[135] = x[135] ^ x[134]
x[137] = x[137] ^ x[133]
x[143] = x[143] ^ x[146]
x[139] = x[139] ^ x[140]
x[52] = x[52] ^ x[75]
x[56] = x[56] ^ x[62]
x[41] = x[41] ^ x[79]
x[167] = x[167] ^ x[193]
x[256] = x[256] ^ x[272]
x[242] = x[242] ^ x[241]
x[255] = x[255] ^ x[269]
x[238] = x[238] ^ x[232]
x[220] = x[220] ^ x[222]
x[246] = x[246] ^ x[279]
x[211] = x[211] ^ x[223]
x[103] = x[103] ^ x[109]
x[45] = x[45] ^ x[67]
x[46] = x[46] ^ x[69]
x[208] = x[208] ^ x[239]
x[177] = x[177] ^ x[187]
x[210] = x[210] ^ x[236]
x[245] = x[245] ^ x[275]
x[156] = x[156] ^ x[154]
x[105] = x[105] ^ x[107]
x[155] = x[155] ^ x[152]
x[55] = x[55] ^ x[76]
x[57] = x[57] ^ x[53]
x[282] = x[282] ^ x[281]
x[322] = x[322] ^ x[314]
x[295] = x[295] ^ x[317]
x[278] = x[278] ^ x[283]
x[274] = x[274] ^ x[277]
x[273] = x[273] ^ x[280]
x[180] = x[180] ^ x[190]
x[186] = x[186] ^ x[191]
x[172] = x[172] ^ x[199]
x[303] = x[303] ^ x[306]
x[288] = x[288] ^ x[320]
x[287] = x[287] ^ x[321]
x[178] = x[178] ^ x[184]
x[252] = x[252] ^ x[243]
x[128] = x[128] ^ x[124]
x[82] = x[82] ^ x[90]
x[11] = x[11] ^ x[13]
x[293] = x[293] ^ x[308]
x[88] = x[88] ^ x[84]
x[51] = x[51] ^ x[69]
x[85] = x[85] ^ x[87]
x[86] = x[86] ^ x[89]
x[72] = x[72] ^ x[76]
x[19] = x[19] ^ x[29]
x[4] = x[4] ^ x[25]
x[14] = x[14] ^ x[20]
x[7] = x[7] ^ x[23]
x[0] = x[0] ^ x[26]
x[297] = x[297] ^ x[306]
x[285] = x[285] ^ x[307]
x[163] = x[163] ^ x[200]
x[216] = x[216] ^ x[222]
x[64] = x[64] ^ x[62]
x[30] = x[30] ^ x[31]
x[6] = x[6] ^ x[35]
x[15] = x[15] ^ x[24]
x[16] = x[16] ^ x[36]
x[166] = x[166] ^ x[189]
x[2] = x[2] ^ x[33]
x[10] = x[10] ^ x[38]
x[1] = x[1] ^ x[21]
x[170] = x[170] ^ x[188]
x[261] = x[261] ^ x[268]
x[181] = x[181] ^ x[190]
x[260] = x[260] ^ x[267]
x[160] = x[160] ^ x[152]
x[115] = x[115] ^ x[108]
x[43] = x[43] ^ x[65]
x[203] = x[203] ^ x[227]
x[171] = x[171] ^ x[183]
x[205] = x[205] ^ x[237]
x[168] = x[168] ^ x[182]
x[106] = x[106] ^ x[104]
x[214] = x[214] ^ x[231]
x[138] = x[138] ^ x[135]
x[133] = x[133] ^ x[153]
x[136] = x[136] ^ x[139]
x[131] = x[131] ^ x[140]
x[118] = x[118] ^ x[111]
x[143] = x[143] ^ x[141]
x[52] = x[52] ^ x[66]
x[41] = x[41] ^ x[80]
x[56] = x[56] ^ x[78]
x[299] = x[299] ^ x[314]
x[296] = x[296] ^ x[316]
x[167] = x[167] ^ x[198]
x[256] = x[256] ^ x[263]
x[212] = x[212] ^ x[242]
x[221] = x[221] ^ x[234]
x[176] = x[176] ^ x[193]
x[202] = x[202] ^ x[240]
x[254] = x[254] ^ x[272]
x[220] = x[220] ^ x[230]
x[246] = x[246] ^ x[276]
x[206] = x[206] ^ x[241]
x[211] = x[211] ^ x[224]
x[151] = x[151] ^ x[161]
x[58] = x[58] ^ x[59]
x[50] = x[50] ^ x[71]
x[46] = x[46] ^ x[60]
x[217] = x[217] ^ x[239]
x[208] = x[208] ^ x[238]
x[204] = x[204] ^ x[236]
x[210] = x[210] ^ x[232]
x[244] = x[244] ^ x[275]
x[245] = x[245] ^ x[269]
x[109] = x[109] ^ x[105]
x[154] = x[154] ^ x[155]
x[55] = x[55] ^ x[75]
x[107] = x[107] ^ x[101]
x[57] = x[57] ^ x[61]
x[53] = x[53] ^ x[67]
x[258] = x[258] ^ x[282]
x[179] = x[179] ^ x[194]
x[284] = x[284] ^ x[320]
x[289] = x[289] ^ x[322]
x[295] = x[295] ^ x[304]
x[247] = x[247] ^ x[283]
x[249] = x[249] ^ x[274]
x[255] = x[255] ^ x[280]
x[250] = x[250] ^ x[278]
x[286] = x[286] ^ x[324]
x[180] = x[180] ^ x[199]
x[186] = x[186] ^ x[185]
x[303] = x[303] ^ x[312]
x[288] = x[288] ^ x[311]
x[290] = x[290] ^ x[321]
x[287] = x[287] ^ x[323]
x[184] = x[184] ^ x[187]
x[91] = x[91] ^ x[81]
x[27] = x[27] ^ x[29]
x[130] = x[130] ^ x[145]
x[293] = x[293] ^ x[306]
x[51] = x[51] ^ x[77]
x[9] = x[9] ^ x[32]
x[11] = x[11] ^ x[21]
x[169] = x[169] ^ x[197]
x[82] = x[82] ^ x[85]
x[100] = x[100] ^ x[114]
x[48] = x[48] ^ x[74]
x[89] = x[89] ^ x[88]
x[8] = x[8] ^ x[39]
x[42] = x[42] ^ x[79]
x[5] = x[5] ^ x[22]
x[4] = x[4] ^ x[20]
x[0] = x[0] ^ x[23]
x[163] = x[163] ^ x[191]
x[196] = x[196] ^ x[200]
x[121] = x[121] ^ x[159]
x[112] = x[112] ^ x[117]
x[40] = x[40] ^ x[80]
x[13] = x[13] ^ x[31]
x[17] = x[17] ^ x[30]
x[16] = x[16] ^ x[34]
x[166] = x[166] ^ x[185]
x[207] = x[207] ^ x[229]
x[47] = x[47] ^ x[72]
x[49] = x[49] ^ x[63]
x[19] = x[19] ^ x[33]
x[18] = x[18] ^ x[38]
x[10] = x[10] ^ x[24]
x[1] = x[1] ^ x[35]
x[301] = x[301] ^ x[315]
x[162] = x[162] ^ x[190]
x[213] = x[213] ^ x[235]
x[181] = x[181] ^ x[189]
x[149] = x[149] ^ x[146]
x[188] = x[188] ^ x[195]
x[171] = x[171] ^ x[194]
x[205] = x[205] ^ x[238]
x[133] = x[133] ^ x[147]
x[110] = x[110] ^ x[108]
x[140] = x[140] ^ x[148]
x[136] = x[136] ^ x[143]
x[97] = x[97] ^ x[118]
x[52] = x[52] ^ x[62]
x[45] = x[45] ^ x[75]
x[41] = x[41] ^ x[65]
x[299] = x[299] ^ x[311]
x[296] = x[296] ^ x[304]
x[212] = x[212] ^ x[222]
x[256] = x[256] ^ x[265]
x[176] = x[176] ^ x[183]
x[221] = x[221] ^ x[223]
x[156] = x[156] ^ x[153]
x[202] = x[202] ^ x[228]
x[206] = x[206] ^ x[225]
x[211] = x[211] ^ x[226]
x[168] = x[168] ^ x[193]
x[152] = x[152] ^ x[157]
x[138] = x[138] ^ x[161]
x[58] = x[58] ^ x[73]
x[50] = x[50] ^ x[78]
x[217] = x[217] ^ x[234]
x[216] = x[216] ^ x[239]
x[208] = x[208] ^ x[231]
x[204] = x[204] ^ x[227]
x[243] = x[243] ^ x[281]
x[245] = x[245] ^ x[267]
x[210] = x[210] ^ x[230]
x[105] = x[105] ^ x[106]
x[124] = x[124] ^ x[155]
x[55] = x[55] ^ x[60]
x[101] = x[101] ^ x[109]
x[57] = x[57] ^ x[64]
x[53] = x[53] ^ x[61]
x[251] = x[251] ^ x[273]
x[258] = x[258] ^ x[276]
x[248] = x[248] ^ x[282]
x[173] = x[173] ^ x[170]
x[284] = x[284] ^ x[316]
x[295] = x[295] ^ x[312]
x[302] = x[302] ^ x[305]
x[298] = x[298] ^ x[322]
x[289] = x[289] ^ x[307]
x[262] = x[262] ^ x[283]
x[249] = x[249] ^ x[272]
x[247] = x[247] ^ x[268]
x[255] = x[255] ^ x[263]
x[250] = x[250] ^ x[275]
x[286] = x[286] ^ x[318]
x[297] = x[297] ^ x[324]
x[179] = x[179] ^ x[199]
x[198] = x[198] ^ x[201]
x[303] = x[303] ^ x[320]
x[288] = x[288] ^ x[323]
x[290] = x[290] ^ x[314]
x[287] = x[287] ^ x[309]
x[187] = x[187] ^ x[186]
x[96] = x[96] ^ x[108]
x[98] = x[98] ^ x[91]
x[83] = x[83] ^ x[88]
x[86] = x[86] ^ x[87]
x[68] = x[68] ^ x[61]
x[9] = x[9] ^ x[21]
x[7] = x[7] ^ x[29]
x[3] = x[3] ^ x[32]
x[285] = x[285] ^ x[311]
x[293] = x[293] ^ x[313]
x[165] = x[165] ^ x[201]
x[48] = x[48] ^ x[75]
x[44] = x[44] ^ x[74]
x[51] = x[51] ^ x[64]
x[89] = x[89] ^ x[116]
x[6] = x[6] ^ x[22]
x[4] = x[4] ^ x[36]
x[113] = x[113] ^ x[102]
x[2] = x[2] ^ x[25]
x[8] = x[8] ^ x[31]
x[13] = x[13] ^ x[23]
x[14] = x[14] ^ x[30]
x[16] = x[16] ^ x[37]
x[261] = x[261] ^ x[270]
x[218] = x[218] ^ x[233]
x[132] = x[132] ^ x[134]
x[85] = x[85] ^ x[115]
x[54] = x[54] ^ x[79]
x[49] = x[49] ^ x[70]
x[12] = x[12] ^ x[38]
x[19] = x[19] ^ x[26]
x[10] = x[10] ^ x[34]
x[1] = x[1] ^ x[20]
x[15] = x[15] ^ x[33]
x[162] = x[162] ^ x[185]
x[203] = x[203] ^ x[237]
x[219] = x[219] ^ x[227]
x[181] = x[181] ^ x[169]
x[111] = x[111] ^ x[114]
x[47] = x[47] ^ x[66]
x[220] = x[220] ^ x[235]
x[171] = x[171] ^ x[170]
x[214] = x[214] ^ x[205]
x[130] = x[130] ^ x[151]
x[59] = x[59] ^ x[69]
x[104] = x[104] ^ x[110]
x[136] = x[136] ^ x[148]
x[97] = x[97] ^ x[117]
x[45] = x[45] ^ x[65]
x[41] = x[41] ^ x[60]
x[296] = x[296] ^ x[315]
x[299] = x[299] ^ x[305]
x[212] = x[212] ^ x[229]
x[256] = x[256] ^ x[246]
x[175] = x[175] ^ x[192]
x[176] = x[176] ^ x[200]
x[206] = x[206] ^ x[223]
x[123] = x[123] ^ x[156]
x[202] = x[202] ^ x[226]
x[139] = x[139] ^ x[154]
x[137] = x[137] ^ x[152]
x[133] = x[133] ^ x[161]
x[58] = x[58] ^ x[78]
x[138] = x[138] ^ x[146]
x[253] = x[253] ^ x[277]
x[217] = x[217] ^ x[232]
x[216] = x[216] ^ x[240]
x[208] = x[208] ^ x[242]
x[204] = x[204] ^ x[225]
x[210] = x[210] ^ x[211]
x[92] = x[92] ^ x[105]
x[155] = x[155] ^ x[159]
x[207] = x[207] ^ x[236]
x[55] = x[55] ^ x[62]
x[100] = x[100] ^ x[101]
x[57] = x[57] ^ x[80]
x[53] = x[53] ^ x[63]
x[294] = x[294] ^ x[318]
x[251] = x[251] ^ x[280]
x[191] = x[191] ^ x[188]
x[248] = x[248] ^ x[279]
x[173] = x[173] ^ x[168]
x[284] = x[284] ^ x[322]
x[302] = x[302] ^ x[307]
x[257] = x[257] ^ x[283]
x[289] = x[289] ^ x[319]
x[262] = x[262] ^ x[281]
x[247] = x[247] ^ x[273]
x[258] = x[258] ^ x[268]
x[249] = x[249] ^ x[267]
x[254] = x[254] ^ x[255]
x[275] = x[275] ^ x[263]
x[286] = x[286] ^ x[312]
x[292] = x[292] ^ x[324]
x[303] = x[303] ^ x[321]
x[288] = x[288] ^ x[306]
x[290] = x[290] ^ x[308]
x[287] = x[287] ^ x[317]
x[198] = x[198] ^ x[184]
x[199] = x[199] ^ x[187]
x[99] = x[99] ^ x[91]
x[96] = x[96] ^ x[120]
x[93] = x[93] ^ x[94]
x[291] = x[291] ^ x[308]
x[84] = x[84] ^ x[83]
x[42] = x[42] ^ x[68]
x[9] = x[9] ^ x[25]
x[5] = x[5] ^ x[29]
x[164] = x[164] ^ x[196]
x[44] = x[44] ^ x[66]
x[48] = x[48] ^ x[73]
x[17] = x[17] ^ x[36]
x[158] = x[158] ^ x[160]
x[40] = x[40] ^ x[72]
x[43] = x[43] ^ x[63]
x[51] = x[51] ^ x[76]
x[18] = x[18] ^ x[37]
x[8] = x[8] ^ x[2]
x[3] = x[3] ^ x[30]
x[85] = x[85] ^ x[113]
x[12] = x[12] ^ x[28]
x[26] = x[26] ^ x[22]
x[20] = x[20] ^ x[34]
x[11] = x[11] ^ x[38]
x[23] = x[23] ^ x[33]
x[218] = x[218] ^ x[234]
x[209] = x[209] ^ x[241]
x[132] = x[132] ^ x[143]
x[95] = x[95] ^ x[111]
x[54] = x[54] ^ x[71]
x[52] = x[52] ^ x[64]
x[203] = x[203] ^ x[235]
x[221] = x[221] ^ x[236]
x[110] = x[110] ^ x[103]
x[136] = x[136] ^ x[149]
x[47] = x[47] ^ x[67]
x[65] = x[65] ^ x[79]
x[301] = x[301] ^ x[317]
x[243] = x[243] ^ x[265]
x[177] = x[177] ^ x[176]
x[123] = x[123] ^ x[142]
x[202] = x[202] ^ x[227]
x[140] = x[140] ^ x[154]
x[130] = x[130] ^ x[161]
x[121] = x[121] ^ x[152]
x[59] = x[59] ^ x[78]
x[58] = x[58] ^ x[60]
x[50] = x[50] ^ x[61]
x[259] = x[259] ^ x[273]
x[216] = x[216] ^ x[208]
x[217] = x[217] ^ x[212]
x[246] = x[246] ^ x[253]
x[204] = x[204] ^ x[205]
x[175] = x[175] ^ x[190]
x[211] = x[211] ^ x[206]
x[92] = x[92] ^ x[116]
x[155] = x[155] ^ x[146]
x[207] = x[207] ^ x[224]
x[87] = x[87] ^ x[105]
x[55] = x[55] ^ x[70]
x[100] = x[100] ^ x[117]
x[57] = x[57] ^ x[74]
x[53] = x[53] ^ x[75]
x[298] = x[298] ^ x[315]
x[251] = x[251] ^ x[272]
x[180] = x[180] ^ x[193]
x[248] = x[248] ^ x[274]
x[181] = x[181] ^ x[173]
x[284] = x[284] ^ x[313]
x[297] = x[297] ^ x[319]
x[257] = x[257] ^ x[263]
x[260] = x[260] ^ x[283]
x[262] = x[262] ^ x[270]
x[258] = x[258] ^ x[280]
x[247] = x[247] ^ x[271]
x[249] = x[249] ^ x[266]
x[179] = x[179] ^ x[171]
x[201] = x[201] ^ x[186]
x[245] = x[245] ^ x[255]
x[311] = x[311] ^ x[314]
x[286] = x[286] ^ x[302]
x[292] = x[292] ^ x[304]
x[312] = x[312] ^ x[321]
x[288] = x[288] ^ x[299]
x[287] = x[287] ^ x[290]
x[318] = x[318] ^ x[309]
x[185] = x[185] ^ x[198]
x[184] = x[184] ^ x[194]
x[191] = x[191] ^ x[199]
x[126] = x[126] ^ x[150]
x[90] = x[90] ^ x[81]
x[84] = x[84] ^ x[120]
x[165] = x[165] ^ x[182]
x[128] = x[128] ^ x[157]
x[91] = x[91] ^ x[119]
x[5] = x[5] ^ x[32]
x[7] = x[7] ^ x[21]
x[9] = x[9] ^ x[28]
x[96] = x[96] ^ x[113]
x[42] = x[42] ^ x[62]
x[13] = x[13] ^ x[24]
x[17] = x[17] ^ x[35]
x[14] = x[14] ^ x[29]
x[166] = x[166] ^ x[183]
x[196] = x[196] ^ x[189]
x[213] = x[213] ^ x[228]
x[135] = x[135] ^ x[153]
x[131] = x[131] ^ x[141]
x[122] = x[122] ^ x[160]
x[83] = x[83] ^ x[106]
x[88] = x[88] ^ x[115]
x[89] = x[89] ^ x[103]
x[44] = x[44] ^ x[49]
x[6] = x[6] ^ x[2]
x[8] = x[8] ^ x[19]
x[43] = x[43] ^ x[69]
x[56] = x[56] ^ x[73]
x[3] = x[3] ^ x[18]
x[291] = x[291] ^ x[316]
x[215] = x[215] ^ x[242]
x[12] = x[12] ^ x[22]
x[34] = x[34] ^ x[37]
x[26] = x[26] ^ x[36]
x[33] = x[33] ^ x[30]
x[23] = x[23] ^ x[38]
x[220] = x[220] ^ x[233]
x[219] = x[219] ^ x[222]
x[209] = x[209] ^ x[240]
x[129] = x[129] ^ x[151]
x[99] = x[99] ^ x[104]
x[95] = x[95] ^ x[112]
x[54] = x[54] ^ x[76]
x[252] = x[252] ^ x[281]
x[139] = x[139] ^ x[149]
x[82] = x[82] ^ x[110]
x[64] = x[64] ^ x[67]
x[46] = x[46] ^ x[71]
x[265] = x[265] ^ x[266]
x[172] = x[172] ^ x[192]
x[164] = x[164] ^ x[177]
x[133] = x[133] ^ x[142]
x[132] = x[132] ^ x[154]
x[138] = x[138] ^ x[152]
x[130] = x[130] ^ x[143]
x[94] = x[94] ^ x[101]
x[50] = x[50] ^ x[79]
x[59] = x[59] ^ x[77]
x[58] = x[58] ^ x[72]
x[60] = x[60] ^ x[78]
x[259] = x[259] ^ x[264]
x[261] = x[261] ^ x[253]
x[208] = x[208] ^ x[218]
x[212] = x[212] ^ x[203]
x[221] = x[221] ^ x[204]
x[175] = x[175] ^ x[170]
x[211] = x[211] ^ x[205]
x[92] = x[92] ^ x[117]
x[155] = x[155] ^ x[144]
x[202] = x[202] ^ x[207]
x[140] = x[140] ^ x[146]
x[85] = x[85] ^ x[105]
x[74] = x[74] ^ x[70]
x[53] = x[53] ^ x[45]
x[289] = x[289] ^ x[304]
x[267] = x[267] ^ x[274]
x[284] = x[284] ^ x[309]
x[301] = x[301] ^ x[324]
x[260] = x[260] ^ x[278]
x[251] = x[251] ^ x[270]
x[257] = x[257] ^ x[255]
x[271] = x[271] ^ x[280]
x[263] = x[263] ^ x[272]
x[171] = x[171] ^ x[163]
x[249] = x[249] ^ x[246]
x[306] = x[306] ^ x[305]
x[303] = x[303] ^ x[296]
x[302] = x[302] ^ x[297]
x[292] = x[292] ^ x[310]
x[173] = x[173] ^ x[180]
x[311] = x[311] ^ x[321]
x[315] = x[315] ^ x[312]
x[287] = x[287] ^ x[293]
x[285] = x[285] ^ x[290]
x[307] = x[307] ^ x[318]
x[299] = x[299] ^ x[298]
x[201] = x[201] ^ x[184]
x[198] = x[198] ^ x[187]
x[185] = x[185] ^ x[191]
x[126] = x[126] ^ x[147]
x[90] = x[90] ^ x[119]
x[48] = x[48] ^ x[68]
x[32] = x[32] ^ x[31]
x[127] = x[127] ^ x[158]
x[125] = x[125] ^ x[146]
x[96] = x[96] ^ x[112]
x[24] = x[24] ^ x[39]
x[21] = x[21] ^ x[29]
x[1] = x[1] ^ x[5]
x[15] = x[15] ^ x[10]
x[169] = x[169] ^ x[162]
x[197] = x[197] ^ x[196]
x[141] = x[141] ^ x[159]
x[122] = x[122] ^ x[144]
x[83] = x[83] ^ x[103]
x[98] = x[98] ^ x[113]
x[84] = x[84] ^ x[118]
x[88] = x[88] ^ x[108]
x[8] = x[8] ^ x[6]
x[43] = x[43] ^ x[44]
x[2] = x[2] ^ x[18]
x[19] = x[19] ^ x[14]
x[20] = x[20] ^ x[27]
x[244] = x[244] ^ x[268]
x[213] = x[213] ^ x[241]
x[215] = x[215] ^ x[228]
x[40] = x[40] ^ x[71]
x[36] = x[36] ^ x[37]
x[73] = x[73] ^ x[69]
x[11] = x[11] ^ x[12]
x[35] = x[35] ^ x[23]
x[28] = x[28] ^ x[33]
x[209] = x[209] ^ x[229]
x[129] = x[129] ^ x[156]
x[137] = x[137] ^ x[151]
x[136] = x[136] ^ x[160]
x[107] = x[107] ^ x[104]
x[54] = x[54] ^ x[72]
x[52] = x[52] ^ x[47]
x[139] = x[139] ^ x[145]
x[123] = x[123] ^ x[148]
x[121] = x[121] ^ x[153]
x[95] = x[95] ^ x[110]
x[46] = x[46] ^ x[49]
x[265] = x[265] ^ x[276]
x[164] = x[164] ^ x[167]
x[132] = x[132] ^ x[150]
x[130] = x[130] ^ x[157]
x[94] = x[94] ^ x[109]
x[55] = x[55] ^ x[78]
x[58] = x[58] ^ x[77]
x[59] = x[59] ^ x[63]
x[51] = x[51] ^ x[57]
x[50] = x[50] ^ x[42]
x[79] = x[79] ^ x[76]
x[252] = x[252] ^ x[273]
x[165] = x[165] ^ x[178]
x[174] = x[174] ^ x[180]
x[259] = x[259] ^ x[269]
x[279] = x[279] ^ x[281]
x[218] = x[218] ^ x[220]
x[203] = x[203] ^ x[205]
x[221] = x[221] ^ x[219]
x[170] = x[170] ^ x[172]
x[254] = x[254] ^ x[253]
x[212] = x[212] ^ x[208]
x[142] = x[142] ^ x[155]
x[202] = x[202] ^ x[204]
x[140] = x[140] ^ x[138]
x[117] = x[117] ^ x[116]
x[105] = x[105] ^ x[114]
x[67] = x[67] ^ x[74]
x[45] = x[45] ^ x[41]
x[294] = x[294] ^ x[289]
x[258] = x[258] ^ x[247]
x[168] = x[168] ^ x[179]
x[278] = x[278] ^ x[274]
x[270] = x[270] ^ x[264]
x[282] = x[282] ^ x[271]
x[255] = x[255] ^ x[250]
x[263] = x[263] ^ x[266]
x[163] = x[163] ^ x[175]
x[249] = x[249] ^ x[248]
x[297] = x[297] ^ x[301]
x[303] = x[303] ^ x[284]
x[291] = x[291] ^ x[292]
x[315] = x[315] ^ x[305]
x[321] = x[321] ^ x[309]
x[317] = x[317] ^ x[312]
x[308] = x[308] ^ x[307]
x[287] = x[287] ^ x[285]
x[286] = x[286] ^ x[299]
x[192] = x[192] ^ x[201]
x[187] = x[187] ^ x[173]
x[183] = x[183] ^ x[185]
x[86] = x[86] ^ x[114]
x[25] = x[25] ^ x[27]
x[134] = x[134] ^ x[157]
x[17] = x[17] ^ x[16]
x[131] = x[131] ^ x[127]
x[89] = x[89] ^ x[112]
x[29] = x[29] ^ x[21]
x[169] = x[169] ^ x[166]
x[182] = x[182] ^ x[196]
x[197] = x[197] ^ x[190]
x[122] = x[122] ^ x[153]
x[98] = x[98] ^ x[102]
x[6] = x[6] ^ x[5]
x[2] = x[2] ^ x[10]
x[22] = x[22] ^ x[24]
x[19] = x[19] ^ x[4]
x[34] = x[34] ^ x[30]
x[32] = x[32] ^ x[20]
x[26] = x[26] ^ x[39]
x[231] = x[231] ^ x[238]
x[215] = x[215] ^ x[220]
x[99] = x[99] ^ x[108]
x[84] = x[84] ^ x[103]
x[65] = x[65] ^ x[66]
x[40] = x[40] ^ x[69]
x[36] = x[36] ^ x[31]
x[11] = x[11] ^ x[7]
x[23] = x[23] ^ x[28]
x[12] = x[12] ^ x[3]
x[300] = x[300] ^ x[319]
x[209] = x[209] ^ x[237]
x[129] = x[129] ^ x[159]
x[137] = x[137] ^ x[147]
x[135] = x[135] ^ x[151]
x[90] = x[90] ^ x[107]
x[81] = x[81] ^ x[104]
x[82] = x[82] ^ x[119]
x[316] = x[316] ^ x[320]
x[123] = x[123] ^ x[145]
x[121] = x[121] ^ x[143]
x[158] = x[158] ^ x[152]
x[125] = x[125] ^ x[156]
x[97] = x[97] ^ x[110]
x[256] = x[256] ^ x[248]
x[162] = x[162] ^ x[164]
x[139] = x[139] ^ x[144]
x[136] = x[136] ^ x[130]
x[94] = x[94] ^ x[111]
x[51] = x[51] ^ x[48]
x[59] = x[59] ^ x[52]
x[70] = x[70] ^ x[76]
x[46] = x[46] ^ x[58]
x[47] = x[47] ^ x[50]
x[283] = x[283] ^ x[281]
x[252] = x[252] ^ x[253]
x[165] = x[165] ^ x[180]
x[262] = x[262] ^ x[264]
x[245] = x[245] ^ x[261]
x[203] = x[203] ^ x[204]
x[218] = x[218] ^ x[210]
x[219] = x[219] ^ x[213]
x[279] = x[279] ^ x[268]
x[267] = x[267] ^ x[276]
x[170] = x[170] ^ x[178]
x[212] = x[212] ^ x[205]
x[217] = x[217] ^ x[208]
x[141] = x[141] ^ x[142]
x[140] = x[140] ^ x[132]
x[105] = x[105] ^ x[117]
x[74] = x[74] ^ x[78]
x[72] = x[72] ^ x[67]
x[43] = x[43] ^ x[45]
x[258] = x[258] ^ x[259]
x[257] = x[257] ^ x[247]
x[168] = x[168] ^ x[172]
x[322] = x[322] ^ x[323]
x[296] = x[296] ^ x[294]
x[278] = x[278] ^ x[275]
x[280] = x[280] ^ x[270]
x[269] = x[269] ^ x[282]
x[175] = x[175] ^ x[181]
x[255] = x[255] ^ x[249]
x[271] = x[271] ^ x[263]
x[318] = x[318] ^ x[313]
x[301] = x[301] ^ x[303]
x[321] = x[321] ^ x[305]
x[317] = x[317] ^ x[308]
x[299] = x[299] ^ x[291]
x[324] = x[324] ^ x[285]
x[195] = x[195] ^ x[192]
x[187] = x[187] ^ x[176]
x[185] = x[185] ^ x[186]
x[128] = x[128] ^ x[144]
x[91] = x[91] ^ x[120]
x[126] = x[126] ^ x[149]
x[88] = x[88] ^ x[116]
x[113] = x[113] ^ x[114]
x[0] = x[0] ^ x[18]
x[14] = x[14] ^ x[15]
x[226] = x[226] ^ x[224]
x[98] = x[98] ^ x[111]
x[86] = x[86] ^ x[109]
x[2] = x[2] ^ x[13]
x[34] = x[34] ^ x[24]
x[37] = x[37] ^ x[29]
x[30] = x[30] ^ x[27]
x[33] = x[33] ^ x[32]
x[39] = x[39] ^ x[25]
x[38] = x[38] ^ x[22]
x[21] = x[21] ^ x[26]
x[231] = x[231] ^ x[223]
x[134] = x[134] ^ x[156]
x[99] = x[99] ^ x[102]
x[61] = x[61] ^ x[66]
x[62] = x[62] ^ x[71]
x[31] = x[31] ^ x[5]
x[11] = x[11] ^ x[8]
x[19] = x[19] ^ x[7]
x[23] = x[23] ^ x[17]
x[6] = x[6] ^ x[3]
x[300] = x[300] ^ x[310]
x[244] = x[244] ^ x[250]
x[190] = x[190] ^ x[194]
x[129] = x[129] ^ x[137]
x[131] = x[131] ^ x[138]
x[82] = x[82] ^ x[104]
x[103] = x[103] ^ x[107]
x[193] = x[193] ^ x[182]
x[209] = x[209] ^ x[207]
x[135] = x[135] ^ x[121]
x[122] = x[122] ^ x[125]
x[92] = x[92] ^ x[106]
x[77] = x[77] ^ x[75]
x[79] = x[79] ^ x[65]
x[273] = x[273] ^ x[265]
x[295] = x[295] ^ x[320]
x[177] = x[177] ^ x[174]
x[130] = x[130] ^ x[123]
x[94] = x[94] ^ x[118]
x[48] = x[48] ^ x[41]
x[59] = x[59] ^ x[57]
x[53] = x[53] ^ x[58]
x[171] = x[171] ^ x[169]
x[304] = x[304] ^ x[313]
x[210] = x[210] ^ x[204]
x[219] = x[219] ^ x[211]
x[268] = x[268] ^ x[267]
x[252] = x[252] ^ x[261]
x[203] = x[203] ^ x[220]
x[217] = x[217] ^ x[214]
x[212] = x[212] ^ x[216]
x[158] = x[158] ^ x[141]
x[145] = x[145] ^ x[142]
x[132] = x[132] ^ x[139]
x[110] = x[110] ^ x[117]
x[112] = x[112] ^ x[105]
x[78] = x[78] ^ x[67]
x[70] = x[70] ^ x[72]
x[69] = x[69] ^ x[74]
x[47] = x[47] ^ x[45]
x[253] = x[253] ^ x[259]
x[243] = x[243] ^ x[258]
x[247] = x[247] ^ x[256]
x[172] = x[172] ^ x[165]
x[178] = x[178] ^ x[168]
x[290] = x[290] ^ x[302]
x[311] = x[311] ^ x[323]
x[280] = x[280] ^ x[277]
x[278] = x[278] ^ x[281]
x[283] = x[283] ^ x[282]
x[275] = x[275] ^ x[264]
x[276] = x[276] ^ x[269]
x[271] = x[271] ^ x[255]
x[292] = x[292] ^ x[296]
x[318] = x[318] ^ x[306]
x[289] = x[289] ^ x[287]
x[322] = x[322] ^ x[312]
x[305] = x[305] ^ x[301]
x[308] = x[308] ^ x[316]
x[309] = x[309] ^ x[317]
x[324] = x[324] ^ x[299]
x[195] = x[195] ^ x[175]
x[187] = x[187] ^ x[162]
x[191] = x[191] ^ x[185]
x[128] = x[128] ^ x[150]
x[96] = x[96] ^ x[114]
x[235] = x[235] ^ x[222]
x[230] = x[230] ^ x[241]
x[83] = x[83] ^ x[102]
x[240] = x[240] ^ x[228]
x[233] = x[233] ^ x[226]
x[232] = x[232] ^ x[242]
x[86] = x[86] ^ x[115]
x[12] = x[12] ^ x[2]
x[33] = x[33] ^ x[13]
x[38] = x[38] ^ x[20]
x[134] = x[134] ^ x[154]
x[93] = x[93] ^ x[101]
x[99] = x[99] ^ x[120]
x[61] = x[61] ^ x[80]
x[60] = x[60] ^ x[68]
x[31] = x[31] ^ x[0]
x[24] = x[24] ^ x[8]
x[39] = x[39] ^ x[11]
x[27] = x[27] ^ x[5]
x[37] = x[37] ^ x[19]
x[23] = x[23] ^ x[14]
x[26] = x[26] ^ x[6]
x[157] = x[157] ^ x[161]
x[131] = x[131] ^ x[127]
x[81] = x[81] ^ x[107]
x[88] = x[88] ^ x[104]
x[54] = x[54] ^ x[55]
x[63] = x[63] ^ x[71]
x[300] = x[300] ^ x[323]
x[223] = x[223] ^ x[202]
x[129] = x[129] ^ x[121]
x[125] = x[125] ^ x[124]
x[92] = x[92] ^ x[111]
x[51] = x[51] ^ x[49]
x[52] = x[52] ^ x[46]
x[76] = x[76] ^ x[75]
x[245] = x[245] ^ x[260]
x[140] = x[140] ^ x[126]
x[118] = x[118] ^ x[109]
x[42] = x[42] ^ x[43]
x[79] = x[79] ^ x[53]
x[314] = x[314] ^ x[313]
x[215] = x[215] ^ x[219]
x[252] = x[252] ^ x[262]
x[217] = x[217] ^ x[209]
x[203] = x[203] ^ x[208]
x[220] = x[220] ^ x[218]
x[212] = x[212] ^ x[213]
x[216] = x[216] ^ x[210]
x[190] = x[190] ^ x[171]
x[141] = x[141] ^ x[145]
x[138] = x[138] ^ x[132]
x[130] = x[130] ^ x[139]
x[153] = x[153] ^ x[158]
x[110] = x[110] ^ x[113]
x[103] = x[103] ^ x[105]
x[116] = x[116] ^ x[117]
x[72] = x[72] ^ x[50]
x[78] = x[78] ^ x[41]
x[69] = x[69] ^ x[45]
x[62] = x[62] ^ x[59]
x[297] = x[297] ^ x[294]
x[265] = x[265] ^ x[249]
x[298] = x[298] ^ x[288]
x[253] = x[253] ^ x[257]
x[256] = x[256] ^ x[250]
x[259] = x[259] ^ x[254]
x[258] = x[258] ^ x[251]
x[193] = x[193] ^ x[168]
x[319] = x[319] ^ x[311]
x[281] = x[281] ^ x[280]
x[272] = x[272] ^ x[283]
x[267] = x[267] ^ x[255]
x[275] = x[275] ^ x[244]
x[269] = x[269] ^ x[246]
x[287] = x[287] ^ x[290]
x[306] = x[306] ^ x[284]
x[295] = x[295] ^ x[285]
x[189] = x[189] ^ x[183]
x[310] = x[310] ^ x[312]
x[305] = x[305] ^ x[296]
x[321] = x[321] ^ x[299]
x[308] = x[308] ^ x[301]
x[309] = x[309] ^ x[303]
x[195] = x[195] ^ x[174]
x[187] = x[187] ^ x[165]
x[185] = x[185] ^ x[180]
x[91] = x[91] ^ x[106]
x[128] = x[128] ^ x[148]
x[236] = x[236] ^ x[235]
x[225] = x[225] ^ x[239]
x[22] = x[22] ^ x[35]
x[21] = x[21] ^ x[18]
x[34] = x[34] ^ x[1]
x[29] = x[29] ^ x[0]
x[90] = x[90] ^ x[115]
x[38] = x[38] ^ x[2]
x[33] = x[33] ^ x[9]
x[241] = x[241] ^ x[211]
x[143] = x[143] ^ x[152]
x[93] = x[93] ^ x[108]
x[61] = x[61] ^ x[57]
x[31] = x[31] ^ x[12]
x[37] = x[37] ^ x[5]
x[39] = x[39] ^ x[4]
x[28] = x[28] ^ x[8]
x[23] = x[23] ^ x[13]
x[26] = x[26] ^ x[10]
x[151] = x[151] ^ x[157]
x[146] = x[146] ^ x[144]
x[135] = x[135] ^ x[122]
x[133] = x[133] ^ x[136]
x[77] = x[77] ^ x[64]
x[87] = x[87] ^ x[107]
x[81] = x[81] ^ x[109]
x[114] = x[114] ^ x[120]
x[131] = x[131] ^ x[129]
x[233] = x[233] ^ x[202]
x[111] = x[111] ^ x[102]
x[80] = x[80] ^ x[58]
x[55] = x[55] ^ x[48]
x[49] = x[49] ^ x[41]
x[71] = x[71] ^ x[46]
x[73] = x[73] ^ x[51]
x[134] = x[134] ^ x[140]
x[112] = x[112] ^ x[118]
x[74] = x[74] ^ x[43]
x[68] = x[68] ^ x[47]
x[67] = x[67] ^ x[53]
x[274] = x[274] ^ x[270]
x[243] = x[243] ^ x[245]
x[240] = x[240] ^ x[215]
x[208] = x[208] ^ x[217]
x[224] = x[224] ^ x[220]
x[226] = x[226] ^ x[216]
x[242] = x[242] ^ x[212]
x[145] = x[145] ^ x[149]
x[154] = x[154] ^ x[141]
x[121] = x[121] ^ x[132]
x[138] = x[138] ^ x[125]
x[155] = x[155] ^ x[153]
x[104] = x[104] ^ x[103]
x[117] = x[117] ^ x[113]
x[130] = x[130] ^ x[126]
x[72] = x[72] ^ x[42]
x[78] = x[78] ^ x[59]
x[75] = x[75] ^ x[45]
x[302] = x[302] ^ x[300]
x[323] = x[323] ^ x[320]
x[271] = x[271] ^ x[249]
x[288] = x[288] ^ x[293]
x[313] = x[313] ^ x[294]
x[261] = x[261] ^ x[256]
x[193] = x[193] ^ x[172]
x[248] = x[248] ^ x[258]
x[264] = x[264] ^ x[252]
x[315] = x[315] ^ x[292]
x[280] = x[280] ^ x[262]
x[307] = x[307] ^ x[311]
x[257] = x[257] ^ x[244]
x[283] = x[283] ^ x[266]
x[254] = x[254] ^ x[246]
x[272] = x[272] ^ x[279]
x[267] = x[267] ^ x[253]
x[286] = x[286] ^ x[289]
x[306] = x[306] ^ x[287]
x[319] = x[319] ^ x[290]
x[189] = x[189] ^ x[178]
x[312] = x[312] ^ x[285]
x[324] = x[324] ^ x[296]
x[321] = x[321] ^ x[297]
x[191] = x[191] ^ x[171]
x[308] = x[308] ^ x[303]
x[309] = x[309] ^ x[291]
x[195] = x[195] ^ x[165]
x[185] = x[185] ^ x[177]
x[128] = x[128] ^ x[124]
x[227] = x[227] ^ x[222]
x[32] = x[32] ^ x[16]
x[119] = x[119] ^ x[113]
x[147] = x[147] ^ x[148]
x[22] = x[22] ^ x[17]
x[137] = x[137] ^ x[126]
x[82] = x[82] ^ x[102]
x[25] = x[25] ^ x[0]
x[21] = x[21] ^ x[11]
x[35] = x[35] ^ x[19]
x[34] = x[34] ^ x[14]
x[33] = x[33] ^ x[2]
x[143] = x[143] ^ x[159]
x[56] = x[56] ^ x[54]
x[36] = x[36] ^ x[5]
x[37] = x[37] ^ x[18]
x[24] = x[24] ^ x[12]
x[39] = x[39] ^ x[13]
x[28] = x[28] ^ x[10]
x[29] = x[29] ^ x[8]
x[179] = x[179] ^ x[167]
x[166] = x[166] ^ x[177]
x[77] = x[77] ^ x[59]
x[84] = x[84] ^ x[81]
x[87] = x[87] ^ x[89]
x[64] = x[64] ^ x[44]
x[76] = x[76] ^ x[50]
x[136] = x[136] ^ x[129]
x[109] = x[109] ^ x[120]
x[66] = x[66] ^ x[58]
x[247] = x[247] ^ x[246]
x[214] = x[214] ^ x[210]
x[213] = x[213] ^ x[205]
x[135] = x[135] ^ x[139]
x[123] = x[123] ^ x[134]
x[107] = x[107] ^ x[118]
x[110] = x[110] ^ x[106]
x[116] = x[116] ^ x[111]
x[69] = x[69] ^ x[51]
x[68] = x[68] ^ x[46]
x[60] = x[60] ^ x[53]
x[62] = x[62] ^ x[57]
x[259] = x[259] ^ x[260]
x[282] = x[282] ^ x[274]
x[278] = x[278] ^ x[277]
x[270] = x[270] ^ x[273]
x[236] = x[236] ^ x[215]
x[228] = x[228] ^ x[216]
x[241] = x[241] ^ x[208]
x[230] = x[230] ^ x[220]
x[225] = x[225] ^ x[212]
x[157] = x[157] ^ x[141]
x[144] = x[144] ^ x[145]
x[125] = x[125] ^ x[131]
x[158] = x[158] ^ x[121]
x[154] = x[154] ^ x[155]
x[103] = x[103] ^ x[101]
x[115] = x[115] ^ x[104]
x[117] = x[117] ^ x[108]
x[122] = x[122] ^ x[130]
x[72] = x[72] ^ x[41]
x[74] = x[74] ^ x[42]
x[78] = x[78] ^ x[55]
x[75] = x[75] ^ x[48]
x[275] = x[275] ^ x[249]
x[269] = x[269] ^ x[258]
x[323] = x[323] ^ x[288]
x[263] = x[263] ^ x[261]
x[313] = x[313] ^ x[292]
x[226] = x[226] ^ x[202]
x[317] = x[317] ^ x[302]
x[280] = x[280] ^ x[245]
x[316] = x[316] ^ x[289]
x[311] = x[311] ^ x[297]
x[283] = x[283] ^ x[244]
x[272] = x[272] ^ x[253]
x[279] = x[279] ^ x[254]
x[264] = x[264] ^ x[243]
x[305] = x[305] ^ x[300]
x[319] = x[319] ^ x[284]
x[320] = x[320] ^ x[287]
x[312] = x[312] ^ x[295]
x[324] = x[324] ^ x[306]
x[321] = x[321] ^ x[303]
x[191] = x[191] ^ x[165]
x[308] = x[308] ^ x[294]
x[309] = x[309] ^ x[285]
x[189] = x[189] ^ x[171]
x[185] = x[185] ^ x[172]
x[20] = x[20] ^ x[16]
x[32] = x[32] ^ x[18]
x[83] = x[83] ^ x[101]
x[95] = x[95] ^ x[85]
x[22] = x[22] ^ x[6]
x[206] = x[206] ^ x[207]
x[161] = x[161] ^ x[152]
x[90] = x[90] ^ x[108]
x[127] = x[127] ^ x[139]
x[40] = x[40] ^ x[50]
x[31] = x[31] ^ x[15]
x[25] = x[25] ^ x[3]
x[21] = x[21] ^ x[7]
x[26] = x[26] ^ x[2]
x[92] = x[92] ^ x[91]
x[36] = x[36] ^ x[9]
x[35] = x[35] ^ x[12]
x[23] = x[23] ^ x[5]
x[39] = x[39] ^ x[28]
x[29] = x[29] ^ x[34]
x[37] = x[37] ^ x[4]
x[182] = x[182] ^ x[179]
x[200] = x[200] ^ x[166]
x[146] = x[146] ^ x[142]
x[84] = x[84] ^ x[96]
x[87] = x[87] ^ x[81]
x[102] = x[102] ^ x[119]
x[80] = x[80] ^ x[54]
x[77] = x[77] ^ x[49]
x[63] = x[63] ^ x[55]
x[73] = x[73] ^ x[57]
x[196] = x[196] ^ x[199]
x[140] = x[140] ^ x[137]
x[114] = x[114] ^ x[112]
x[67] = x[67] ^ x[56]
x[64] = x[64] ^ x[47]
x[66] = x[66] ^ x[41]
x[240] = x[240] ^ x[202]
x[232] = x[232] ^ x[213]
x[227] = x[227] ^ x[214]
x[235] = x[235] ^ x[210]
x[134] = x[134] ^ x[128]
x[149] = x[149] ^ x[156]
x[118] = x[118] ^ x[109]
x[107] = x[107] ^ x[113]
x[116] = x[116] ^ x[106]
x[69] = x[69] ^ x[43]
x[76] = x[76] ^ x[45]
x[60] = x[60] ^ x[46]
x[62] = x[62] ^ x[53]
x[265] = x[265] ^ x[259]
x[271] = x[271] ^ x[252]
x[270] = x[270] ^ x[260]
x[231] = x[231] ^ x[215]
x[277] = x[277] ^ x[247]
x[278] = x[278] ^ x[250]
x[228] = x[228] ^ x[220]
x[145] = x[145] ^ x[136]
x[150] = x[150] ^ x[141]
x[209] = x[209] ^ x[212]
x[158] = x[158] ^ x[125]
x[143] = x[143] ^ x[135]
x[120] = x[120] ^ x[103]
x[115] = x[115] ^ x[117]
x[148] = x[148] ^ x[144]
x[104] = x[104] ^ x[111]
x[154] = x[154] ^ x[130]
x[74] = x[74] ^ x[52]
x[78] = x[78] ^ x[72]
x[75] = x[75] ^ x[42]
x[267] = x[267] ^ x[256]
x[269] = x[269] ^ x[275]
x[314] = x[314] ^ x[295]
x[266] = x[266] ^ x[261]
x[268] = x[268] ^ x[257]
x[226] = x[226] ^ x[208]
x[282] = x[282] ^ x[258]
x[317] = x[317] ^ x[289]
x[280] = x[280] ^ x[255]
x[283] = x[283] ^ x[248]
x[272] = x[272] ^ x[243]
x[323] = x[323] ^ x[302]
x[279] = x[279] ^ x[245]
x[311] = x[311] ^ x[288]
x[320] = x[320] ^ x[292]
x[312] = x[312] ^ x[297]
x[306] = x[306] ^ x[305]
x[319] = x[319] ^ x[303]
x[309] = x[309] ^ x[308]
x[165] = x[165] ^ x[176]
x[171] = x[171] ^ x[172]
x[30] = x[30] ^ x[9]
x[99] = x[99] ^ x[86]
x[27] = x[27] ^ x[3]
x[85] = x[85] ^ x[93]
x[95] = x[95] ^ x[94]
x[31] = x[31] ^ x[16]
x[24] = x[24] ^ x[1]
x[25] = x[25] ^ x[6]
x[21] = x[21] ^ x[0]
x[2] = x[2] ^ x[15]
x[207] = x[207] ^ x[211]
x[206] = x[206] ^ x[202]
x[89] = x[89] ^ x[100]
x[36] = x[36] ^ x[28]
x[34] = x[34] ^ x[32]
x[35] = x[35] ^ x[23]
x[10] = x[10] ^ x[4]
x[184] = x[184] ^ x[188]
x[198] = x[198] ^ x[170]
x[200] = x[200] ^ x[181]
x[84] = x[84] ^ x[91]
x[102] = x[102] ^ x[105]
x[80] = x[80] ^ x[55]
x[146] = x[146] ^ x[127]
x[79] = x[79] ^ x[49]
x[61] = x[61] ^ x[58]
x[73] = x[73] ^ x[40]
x[199] = x[199] ^ x[175]
x[201] = x[201] ^ x[169]
x[224] = x[224] ^ x[219]
x[242] = x[242] ^ x[205]
x[124] = x[124] ^ x[135]
x[132] = x[132] ^ x[133]
x[161] = x[161] ^ x[140]
x[126] = x[126] ^ x[123]
x[67] = x[67] ^ x[51]
x[66] = x[66] ^ x[56]
x[274] = x[274] ^ x[243]
x[223] = x[223] ^ x[210]
x[227] = x[227] ^ x[213]
x[240] = x[240] ^ x[217]
x[157] = x[157] ^ x[160]
x[137] = x[137] ^ x[121]
x[147] = x[147] ^ x[134]
x[142] = x[142] ^ x[122]
x[155] = x[155] ^ x[128]
x[156] = x[156] ^ x[131]
x[101] = x[101] ^ x[110]
x[108] = x[108] ^ x[109]
x[112] = x[112] ^ x[116]
x[69] = x[69] ^ x[59]
x[76] = x[76] ^ x[44]
x[63] = x[63] ^ x[46]
x[62] = x[62] ^ x[47]
x[307] = x[307] ^ x[304]
x[265] = x[265] ^ x[251]
x[186] = x[186] ^ x[179]
x[232] = x[232] ^ x[215]
x[263] = x[263] ^ x[260]
x[231] = x[231] ^ x[214]
x[278] = x[278] ^ x[246]
x[225] = x[225] ^ x[204]
x[233] = x[233] ^ x[220]
x[141] = x[141] ^ x[136]
x[228] = x[228] ^ x[209]
x[103] = x[103] ^ x[114]
x[115] = x[115] ^ x[88]
x[117] = x[117] ^ x[81]
x[111] = x[111] ^ x[113]
x[104] = x[104] ^ x[119]
x[154] = x[154] ^ x[125]
x[144] = x[144] ^ x[130]
x[143] = x[143] ^ x[139]
x[78] = x[78] ^ x[74]
x[64] = x[64] ^ x[42]
x[275] = x[275] ^ x[267]
x[310] = x[310] ^ x[301]
x[281] = x[281] ^ x[253]
x[273] = x[273] ^ x[261]
x[314] = x[314] ^ x[293]
x[313] = x[313] ^ x[290]
x[277] = x[277] ^ x[244]
x[315] = x[315] ^ x[299]
x[264] = x[264] ^ x[268]
x[241] = x[241] ^ x[226]
x[282] = x[282] ^ x[250]
x[316] = x[316] ^ x[300]
x[280] = x[280] ^ x[271]
x[283] = x[283] ^ x[258]
x[272] = x[272] ^ x[262]
x[266] = x[266] ^ x[245]
x[311] = x[311] ^ x[286]
x[279] = x[279] ^ x[259]
x[317] = x[317] ^ x[294]
x[320] = x[320] ^ x[297]
x[323] = x[323] ^ x[285]
x[306] = x[306] ^ x[308]
x[319] = x[319] ^ x[321]
x[172] = x[172] ^ x[165]
x[234] = x[234] ^ x[239]
x[238] = x[238] ^ x[229]
x[98] = x[98] ^ x[86]
x[30] = x[30] ^ x[1]
x[38] = x[38] ^ x[17]
x[20] = x[20] ^ x[19]
x[22] = x[22] ^ x[11]
x[27] = x[27] ^ x[7]
x[194] = x[194] ^ x[163]
x[94] = x[94] ^ x[95]
x[71] = x[71] ^ x[56]
x[25] = x[25] ^ x[26]
x[24] = x[24] ^ x[21]
x[197] = x[197] ^ x[175]
x[77] = x[77] ^ x[52]
x[35] = x[35] ^ x[31]
x[37] = x[37] ^ x[34]
x[28] = x[28] ^ x[32]
x[2] = x[2] ^ x[10]
x[298] = x[298] ^ x[284]
x[188] = x[188] ^ x[164]
x[190] = x[190] ^ x[181]
x[151] = x[151] ^ x[153]
x[80] = x[80] ^ x[49]
x[68] = x[68] ^ x[54]
x[61] = x[61] ^ x[44]
x[236] = x[236] ^ x[204]
x[199] = x[199] ^ x[178]
x[201] = x[201] ^ x[167]
x[235] = x[235] ^ x[211]
x[322] = x[322] ^ x[318]
x[221] = x[221] ^ x[214]
x[230] = x[230] ^ x[206]
x[161] = x[161] ^ x[138]
x[152] = x[152] ^ x[132]
x[118] = x[118] ^ x[96]
x[193] = x[193] ^ x[179]
x[67] = x[67] ^ x[50]
x[60] = x[60] ^ x[45]
x[223] = x[223] ^ x[218]
x[227] = x[227] ^ x[205]
x[145] = x[145] ^ x[128]
x[158] = x[158] ^ x[131]
x[160] = x[160] ^ x[127]
x[110] = x[110] ^ x[105]
x[109] = x[109] ^ x[87]
x[150] = x[150] ^ x[123]
x[101] = x[101] ^ x[107]
x[120] = x[120] ^ x[102]
x[116] = x[116] ^ x[85]
x[75] = x[75] ^ x[72]
x[146] = x[146] ^ x[134]
x[76] = x[76] ^ x[73]
x[66] = x[66] ^ x[63]
x[186] = x[186] ^ x[177]
x[274] = x[274] ^ x[256]
x[270] = x[270] ^ x[251]
x[276] = x[276] ^ x[254]
x[224] = x[224] ^ x[215]
x[231] = x[231] ^ x[207]
x[242] = x[242] ^ x[220]
x[225] = x[225] ^ x[202]
x[141] = x[141] ^ x[135]
x[228] = x[228] ^ x[213]
x[114] = x[114] ^ x[88]
x[117] = x[117] ^ x[91]
x[113] = x[113] ^ x[99]
x[104] = x[104] ^ x[100]
x[154] = x[154] ^ x[133]
x[144] = x[144] ^ x[121]
x[143] = x[143] ^ x[122]
x[69] = x[69] ^ x[74]
x[62] = x[62] ^ x[64]
x[267] = x[267] ^ x[268]
x[263] = x[263] ^ x[255]
x[315] = x[315] ^ x[287]
x[278] = x[278] ^ x[248]
x[240] = x[240] ^ x[226]
x[307] = x[307] ^ x[300]
x[271] = x[271] ^ x[265]
x[316] = x[316] ^ x[288]
x[273] = x[273] ^ x[262]
x[314] = x[314] ^ x[292]
x[283] = x[283] ^ x[253]
x[266] = x[266] ^ x[277]
x[312] = x[312] ^ x[311]
x[279] = x[279] ^ x[272]
x[280] = x[280] ^ x[282]
x[317] = x[317] ^ x[299]
x[304] = x[304] ^ x[303]
x[320] = x[320] ^ x[301]
x[323] = x[323] ^ x[313]
x[308] = x[308] ^ x[321]
x[170] = x[170] ^ x[172]
x[30] = x[30] ^ x[17]
x[234] = x[234] ^ x[205]
x[20] = x[20] ^ x[11]
x[39] = x[39] ^ x[38]
x[182] = x[182] ^ x[176]
x[237] = x[237] ^ x[203]
x[36] = x[36] ^ x[27]
x[29] = x[29] ^ x[25]
x[196] = x[196] ^ x[174]
x[197] = x[197] ^ x[167]
x[184] = x[184] ^ x[177]
x[200] = x[200] ^ x[180]
x[65] = x[65] ^ x[47]
x[77] = x[77] ^ x[57]
x[24] = x[24] ^ x[37]
x[35] = x[35] ^ x[28]
x[6] = x[6] ^ x[2]
x[9] = x[9] ^ x[10]
x[192] = x[192] ^ x[163]
x[153] = x[153] ^ x[129]
x[80] = x[80] ^ x[48]
x[71] = x[71] ^ x[49]
x[61] = x[61] ^ x[43]
x[183] = x[183] ^ x[169]
x[249] = x[249] ^ x[262]
x[318] = x[318] ^ x[293]
x[230] = x[230] ^ x[210]
x[235] = x[235] ^ x[212]
x[159] = x[159] ^ x[122]
x[149] = x[149] ^ x[138]
x[161] = x[161] ^ x[121]
x[142] = x[142] ^ x[124]
x[151] = x[151] ^ x[135]
x[108] = x[108] ^ x[91]
x[67] = x[67] ^ x[60]
x[201] = x[201] ^ x[179]
x[232] = x[232] ^ x[211]
x[164] = x[164] ^ x[178]
x[223] = x[223] ^ x[221]
x[145] = x[145] ^ x[126]
x[158] = x[158] ^ x[152]
x[229] = x[229] ^ x[209]
x[156] = x[156] ^ x[128]
x[118] = x[118] ^ x[87]
x[112] = x[112] ^ x[85]
x[111] = x[111] ^ x[95]
x[107] = x[107] ^ x[89]
x[101] = x[101] ^ x[92]
x[109] = x[109] ^ x[93]
x[102] = x[102] ^ x[94]
x[155] = x[155] ^ x[123]
x[72] = x[72] ^ x[68]
x[270] = x[270] ^ x[256]
x[276] = x[276] ^ x[260]
x[186] = x[186] ^ x[181]
x[310] = x[310] ^ x[289]
x[236] = x[236] ^ x[231]
x[233] = x[233] ^ x[224]
x[239] = x[239] ^ x[220]
x[242] = x[242] ^ x[216]
x[141] = x[141] ^ x[134]
x[228] = x[228] ^ x[227]
x[110] = x[110] ^ x[88]
x[105] = x[105] ^ x[99]
x[117] = x[117] ^ x[84]
x[113] = x[113] ^ x[98]
x[104] = x[104] ^ x[90]
x[154] = x[154] ^ x[127]
x[144] = x[144] ^ x[143]
x[74] = x[74] ^ x[63]
x[73] = x[73] ^ x[62]
x[315] = x[315] ^ x[286]
x[226] = x[226] ^ x[225]
x[278] = x[278] ^ x[247]
x[265] = x[265] ^ x[272]
x[307] = x[307] ^ x[298]
x[273] = x[273] ^ x[254]
x[263] = x[263] ^ x[266]
x[268] = x[268] ^ x[277]
x[311] = x[311] ^ x[316]
x[253] = x[253] ^ x[259]
x[280] = x[280] ^ x[283]
x[304] = x[304] ^ x[296]
x[320] = x[320] ^ x[305]
x[313] = x[313] ^ x[314]
x[321] = x[321] ^ x[317]
x[170] = x[170] ^ x[175]
x[22] = x[22] ^ x[30]
x[33] = x[33] ^ x[15]
x[70] = x[70] ^ x[52]
x[20] = x[20] ^ x[3]
x[234] = x[234] ^ x[218]
x[238] = x[238] ^ x[217]
x[79] = x[79] ^ x[40]
x[23] = x[23] ^ x[25]
x[21] = x[21] ^ x[27]
x[196] = x[196] ^ x[166]
x[182] = x[182] ^ x[169]
x[106] = x[106] ^ x[99]
x[37] = x[37] ^ x[29]
x[28] = x[28] ^ x[39]
x[10] = x[10] ^ x[6]
x[65] = x[65] ^ x[48]
x[77] = x[77] ^ x[71]
x[80] = x[80] ^ x[51]
x[58] = x[58] ^ x[44]
x[43] = x[43] ^ x[50]
x[322] = x[322] ^ x[285]
x[147] = x[147] ^ x[124]
x[149] = x[149] ^ x[131]
x[142] = x[142] ^ x[137]
x[150] = x[150] ^ x[140]
x[115] = x[115] ^ x[81]
x[120] = x[120] ^ x[83]
x[116] = x[116] ^ x[96]
x[183] = x[183] ^ x[180]
x[274] = x[274] ^ x[254]
x[201] = x[201] ^ x[162]
x[281] = x[281] ^ x[250]
x[223] = x[223] ^ x[209]
x[184] = x[184] ^ x[178]
x[159] = x[159] ^ x[126]
x[161] = x[161] ^ x[135]
x[160] = x[160] ^ x[128]
x[156] = x[156] ^ x[122]
x[119] = x[119] ^ x[100]
x[114] = x[114] ^ x[82]
x[108] = x[108] ^ x[95]
x[107] = x[107] ^ x[85]
x[109] = x[109] ^ x[92]
x[102] = x[102] ^ x[87]
x[155] = x[155] ^ x[125]
x[146] = x[146] ^ x[123]
x[69] = x[69] ^ x[75]
x[255] = x[255] ^ x[259]
x[310] = x[310] ^ x[284]
x[276] = x[276] ^ x[248]
x[270] = x[270] ^ x[246]
x[233] = x[233] ^ x[232]
x[236] = x[236] ^ x[227]
x[239] = x[239] ^ x[208]
x[230] = x[230] ^ x[224]
x[191] = x[191] ^ x[167]
x[186] = x[186] ^ x[163]
x[258] = x[258] ^ x[244]
x[242] = x[242] ^ x[235]
x[181] = x[181] ^ x[179]
x[141] = x[141] ^ x[152]
x[110] = x[110] ^ x[91]
x[117] = x[117] ^ x[97]
x[112] = x[112] ^ x[98]
x[111] = x[111] ^ x[90]
x[104] = x[104] ^ x[89]
x[105] = x[105] ^ x[88]
x[101] = x[101] ^ x[84]
x[158] = x[158] ^ x[154]
x[143] = x[143] ^ x[153]
x[67] = x[67] ^ x[74]
x[68] = x[68] ^ x[63]
x[62] = x[62] ^ x[61]
x[267] = x[267] ^ x[271]
x[315] = x[315] ^ x[291]
x[225] = x[225] ^ x[237]
x[307] = x[307] ^ x[293]
x[272] = x[272] ^ x[283]
x[269] = x[269] ^ x[273]
x[277] = x[277] ^ x[266]
x[262] = x[262] ^ x[253]
x[280] = x[280] ^ x[278]
x[304] = x[304] ^ x[292]
x[320] = x[320] ^ x[314]
x[321] = x[321] ^ x[316]
x[164] = x[164] ^ x[170]
x[11] = x[11] ^ x[0]
x[15] = x[15] ^ x[14]
x[1] = x[1] ^ x[5]
x[34] = x[34] ^ x[31]
x[70] = x[70] ^ x[40]
x[25] = x[25] ^ x[26]
x[30] = x[30] ^ x[32]
x[35] = x[35] ^ x[20]
x[238] = x[238] ^ x[206]
x[222] = x[222] ^ x[221]
x[196] = x[196] ^ x[173]
x[106] = x[106] ^ x[94]
x[29] = x[29] ^ x[39]
x[27] = x[27] ^ x[28]
x[55] = x[55] ^ x[52]
x[192] = x[192] ^ x[169]
x[76] = x[76] ^ x[79]
x[66] = x[66] ^ x[60]
x[49] = x[49] ^ x[44]
x[43] = x[43] ^ x[54]
x[77] = x[77] ^ x[78]
x[6] = x[6] ^ x[80]
x[199] = x[199] ^ x[179]
x[322] = x[322] ^ x[298]
x[229] = x[229] ^ x[219]
x[147] = x[147] ^ x[133]
x[142] = x[142] ^ x[152]
x[145] = x[145] ^ x[121]
x[151] = x[151] ^ x[137]
x[118] = x[118] ^ x[86]
x[318] = x[318] ^ x[287]
x[274] = x[274] ^ x[250]
x[180] = x[180] ^ x[166]
x[241] = x[241] ^ x[240]
x[184] = x[184] ^ x[168]
x[149] = x[149] ^ x[126]
x[159] = x[159] ^ x[127]
x[160] = x[160] ^ x[140]
x[156] = x[156] ^ x[136]
x[183] = x[183] ^ x[175]
x[103] = x[103] ^ x[100]
x[115] = x[115] ^ x[87]
x[119] = x[119] ^ x[82]
x[113] = x[113] ^ x[81]
x[108] = x[108] ^ x[99]
x[114] = x[114] ^ x[92]
x[75] = x[75] ^ x[64]
x[65] = x[65] ^ x[73]
x[309] = x[309] ^ x[310]
x[233] = x[233] ^ x[227]
x[282] = x[282] ^ x[275]
x[239] = x[239] ^ x[207]
x[163] = x[163] ^ x[177]
x[245] = x[245] ^ x[244]
x[235] = x[235] ^ x[232]
x[223] = x[223] ^ x[230]
x[181] = x[181] ^ x[167]
x[161] = x[161] ^ x[141]
x[110] = x[110] ^ x[96]
x[120] = x[120] ^ x[98]
x[111] = x[111] ^ x[97]
x[104] = x[104] ^ x[83]
x[107] = x[107] ^ x[88]
x[105] = x[105] ^ x[90]
x[101] = x[101] ^ x[89]
x[109] = x[109] ^ x[91]
x[102] = x[102] ^ x[84]
x[153] = x[153] ^ x[155]
x[146] = x[146] ^ x[154]
x[74] = x[74] ^ x[71]
x[68] = x[68] ^ x[67]
x[62] = x[62] ^ x[72]
x[276] = x[276] ^ x[268]
x[237] = x[237] ^ x[234]
x[313] = x[313] ^ x[307]
x[264] = x[264] ^ x[272]
x[273] = x[273] ^ x[269]
x[270] = x[270] ^ x[266]
x[255] = x[255] ^ x[262]
x[278] = x[278] ^ x[271]
x[304] = x[304] ^ x[289]
x[314] = x[314] ^ x[315]
x[316] = x[316] ^ x[305]
x[162] = x[162] ^ x[164]
x[12] = x[12] ^ x[5]
x[194] = x[194] ^ x[174]
x[33] = x[33] ^ x[32]
x[3] = x[3] ^ x[15]
x[31] = x[31] ^ x[23]
x[182] = x[182] ^ x[166]
x[190] = x[190] ^ x[193]
x[157] = x[157] ^ x[133]
x[70] = x[70] ^ x[41]
x[26] = x[26] ^ x[30]
x[20] = x[20] ^ x[24]
x[238] = x[238] ^ x[212]
x[222] = x[222] ^ x[216]
x[59] = x[59] ^ x[55]
x[47] = x[47] ^ x[42]
x[150] = x[150] ^ x[136]
x[116] = x[116] ^ x[83]
x[129] = x[129] ^ x[139]
x[27] = x[27] ^ x[43]
x[49] = x[49] ^ x[57]
x[1] = x[1] ^ x[58]
x[199] = x[199] ^ x[173]
x[281] = x[281] ^ x[261]
x[229] = x[229] ^ x[204]
x[200] = x[200] ^ x[201]
x[151] = x[151] ^ x[128]
x[145] = x[145] ^ x[124]
x[39] = x[39] ^ x[69]
x[318] = x[318] ^ x[302]
x[192] = x[192] ^ x[184]
x[149] = x[149] ^ x[152]
x[144] = x[144] ^ x[143]
x[156] = x[156] ^ x[159]
x[158] = x[158] ^ x[160]
x[183] = x[183] ^ x[188]
x[103] = x[103] ^ x[93]
x[119] = x[119] ^ x[94]
x[117] = x[117] ^ x[82]
x[113] = x[113] ^ x[86]
x[112] = x[112] ^ x[87]
x[115] = x[115] ^ x[114]
x[73] = x[73] ^ x[80]
x[76] = x[76] ^ x[65]
x[0] = x[0] ^ x[77]
x[171] = x[171] ^ x[167]
x[324] = x[324] ^ x[323]
x[275] = x[275] ^ x[274]
x[177] = x[177] ^ x[180]
x[260] = x[260] ^ x[245]
x[223] = x[223] ^ x[231]
x[232] = x[232] ^ x[224]
x[311] = x[311] ^ x[322]
x[147] = x[147] ^ x[141]
x[84] = x[84] ^ x[97]
x[102] = x[102] ^ x[104]
x[111] = x[111] ^ x[101]
x[105] = x[105] ^ x[120]
x[107] = x[107] ^ x[108]
x[109] = x[109] ^ x[110]
x[154] = x[154] ^ x[155]
x[74] = x[74] ^ x[79]
x[64] = x[64] ^ x[71]
x[68] = x[68] ^ x[61]
x[63] = x[63] ^ x[67]
x[72] = x[72] ^ x[66]
x[75] = x[75] ^ x[62]
x[309] = x[309] ^ x[308]
x[248] = x[248] ^ x[253]
x[283] = x[283] ^ x[277]
x[282] = x[282] ^ x[268]
x[227] = x[227] ^ x[237]
x[234] = x[234] ^ x[230]
x[240] = x[240] ^ x[239]
x[272] = x[272] ^ x[271]
x[266] = x[266] ^ x[267]
x[264] = x[264] ^ x[279]
x[276] = x[276] ^ x[273]
x[262] = x[262] ^ x[258]
x[321] = x[321] ^ x[313]
x[304] = x[304] ^ x[319]
x[317] = x[317] ^ x[315]
x[305] = x[305] ^ x[307]
x[169] = x[169] ^ x[164]
x[18] = x[18] ^ x[8]
x[17] = x[17] ^ x[19]
x[9] = x[9] ^ x[7]
x[2] = x[2] ^ x[4]
x[38] = x[38] ^ x[24]
x[23] = x[23] ^ x[33]
x[187] = x[187] ^ x[193]
x[148] = x[148] ^ x[139]
x[53] = x[53] ^ x[58]
x[238] = x[238] ^ x[214]
x[222] = x[222] ^ x[206]
x[40] = x[40] ^ x[44]
x[70] = x[70] ^ x[78]
x[5] = x[5] ^ x[59]
x[16] = x[16] ^ x[77]
x[216] = x[216] ^ x[205]
x[220] = x[220] ^ x[217]
x[150] = x[150] ^ x[130]
x[116] = x[116] ^ x[93]
x[106] = x[106] ^ x[85]
x[129] = x[129] ^ x[125]
x[27] = x[27] ^ x[56]
x[13] = x[13] ^ x[80]
x[26] = x[26] ^ x[49]
x[20] = x[20] ^ x[47]
x[1] = x[1] ^ x[55]
x[173] = x[173] ^ x[166]
x[287] = x[287] ^ x[296]
x[229] = x[229] ^ x[236]
x[189] = x[189] ^ x[185]
x[197] = x[197] ^ x[186]
x[194] = x[194] ^ x[201]
x[157] = x[157] ^ x[128]
x[242] = x[242] ^ x[239]
x[300] = x[300] ^ x[303]
x[184] = x[184] ^ x[188]
x[160] = x[160] ^ x[159]
x[143] = x[143] ^ x[145]
x[156] = x[156] ^ x[153]
x[103] = x[103] ^ x[81]
x[112] = x[112] ^ x[115]
x[113] = x[113] ^ x[117]
x[167] = x[167] ^ x[177]
x[244] = x[244] ^ x[245]
x[232] = x[232] ^ x[241]
x[152] = x[152] ^ x[141]
x[118] = x[118] ^ x[110]
x[94] = x[94] ^ x[97]
x[102] = x[102] ^ x[120]
x[105] = x[105] ^ x[107]
x[109] = x[109] ^ x[111]
x[155] = x[155] ^ x[151]
x[71] = x[71] ^ x[73]
x[79] = x[79] ^ x[69]
x[74] = x[74] ^ x[68]
x[65] = x[65] ^ x[67]
x[3] = x[3] ^ x[72]
x[0] = x[0] ^ x[62]
x[320] = x[320] ^ x[322]
x[306] = x[306] ^ x[313]
x[323] = x[323] ^ x[308]
x[257] = x[257] ^ x[248]
x[250] = x[250] ^ x[255]
x[270] = x[270] ^ x[281]
x[309] = x[309] ^ x[324]
x[269] = x[269] ^ x[265]
x[263] = x[263] ^ x[282]
x[227] = x[227] ^ x[223]
x[237] = x[237] ^ x[230]
x[278] = x[278] ^ x[277]
x[228] = x[228] ^ x[240]
x[272] = x[272] ^ x[280]
x[266] = x[266] ^ x[273]
x[258] = x[258] ^ x[254]
x[267] = x[267] ^ x[274]
x[279] = x[279] ^ x[283]
x[271] = x[271] ^ x[275]
x[321] = x[321] ^ x[314]
x[165] = x[165] ^ x[170]
x[318] = x[318] ^ x[304]
x[317] = x[317] ^ x[319]
x[307] = x[307] ^ x[305]
x[174] = x[174] ^ x[162]
x[176] = x[176] ^ x[164]
x[36] = x[36] ^ x[34]
x[32] = x[32] ^ x[31]
x[21] = x[21] ^ x[25]
x[45] = x[45] ^ x[41]
x[38] = x[38] ^ x[51]
x[148] = x[148] ^ x[131]
x[60] = x[60] ^ x[80]
x[30] = x[30] ^ x[53]
x[134] = x[134] ^ x[132]
x[9] = x[9] ^ x[77]
x[24] = x[24] ^ x[70]
x[5] = x[5] ^ x[57]
x[285] = x[285] ^ x[288]
x[205] = x[205] ^ x[217]
x[130] = x[130] ^ x[133]
x[129] = x[129] ^ x[124]
x[39] = x[39] ^ x[40]
x[2] = x[2] ^ x[69]
x[19] = x[19] ^ x[49]
x[20] = x[20] ^ x[42]
x[310] = x[310] ^ x[312]
x[238] = x[238] ^ x[225]
x[302] = x[302] ^ x[294]
x[287] = x[287] ^ x[295]
x[185] = x[185] ^ x[191]
x[186] = x[186] ^ x[190]
x[193] = x[193] ^ x[201]
x[192] = x[192] ^ x[196]
x[157] = x[157] ^ x[138]
x[98] = x[98] ^ x[83]
x[249] = x[249] ^ x[319]
x[10] = x[10] ^ x[73]
x[8] = x[8] ^ x[76]
x[231] = x[231] ^ x[242]
x[224] = x[224] ^ x[235]
x[293] = x[293] ^ x[300]
x[183] = x[183] ^ x[184]
x[147] = x[147] ^ x[150]
x[145] = x[145] ^ x[161]
x[153] = x[153] ^ x[160]
x[116] = x[116] ^ x[112]
x[117] = x[117] ^ x[119]
x[84] = x[84] ^ x[89]
x[13] = x[13] ^ x[75]
x[81] = x[81] ^ x[85]
x[171] = x[171] ^ x[177]
x[234] = x[234] ^ x[222]
x[253] = x[253] ^ x[247]
x[141] = x[141] ^ x[151]
x[94] = x[94] ^ x[96]
x[103] = x[103] ^ x[118]
x[108] = x[108] ^ x[120]
x[111] = x[111] ^ x[113]
x[105] = x[105] ^ x[110]
x[33] = x[33] ^ x[79]
x[7] = x[7] ^ x[74]
x[6] = x[6] ^ x[71]
x[3] = x[3] ^ x[67]
x[1] = x[1] ^ x[62]
x[0] = x[0] ^ x[56]
x[260] = x[260] ^ x[255]
x[250] = x[250] ^ x[257]
x[268] = x[268] ^ x[281]
x[269] = x[269] ^ x[263]
x[237] = x[237] ^ x[227]
x[240] = x[240] ^ x[229]
x[230] = x[230] ^ x[232]
x[248] = x[248] ^ x[251]
x[223] = x[223] ^ x[236]
x[264] = x[264] ^ x[272]
x[320] = x[320] ^ x[313]
x[270] = x[270] ^ x[280]
x[306] = x[306] ^ x[316]
x[283] = x[283] ^ x[276]
x[274] = x[274] ^ x[266]
x[254] = x[254] ^ x[311]
x[277] = x[277] ^ x[271]
x[323] = x[323] ^ x[321]
x[173] = x[173] ^ x[165]
x[322] = x[322] ^ x[318]
x[244] = x[244] ^ x[317]
x[172] = x[172] ^ x[162]
x[174] = x[174] ^ x[169]
x[166] = x[166] ^ x[176]
x[324] = x[324] ^ x[307]
x[36] = x[36] ^ x[35]
x[34] = x[34] ^ x[57]
x[37] = x[37] ^ x[22]
x[195] = x[195] ^ x[198]
x[52] = x[52] ^ x[47]
x[38] = x[38] ^ x[54]
x[21] = x[21] ^ x[43]
x[204] = x[204] ^ x[202]
x[140] = x[140] ^ x[132]
x[127] = x[127] ^ x[139]
x[26] = x[26] ^ x[59]
x[5] = x[5] ^ x[53]
x[261] = x[261] ^ x[259]
x[200] = x[200] ^ x[197]
x[199] = x[199] ^ x[217]
x[146] = x[146] ^ x[142]
x[137] = x[137] ^ x[130]
x[133] = x[133] ^ x[129]
x[28] = x[28] ^ x[69]
x[27] = x[27] ^ x[40]
x[19] = x[19] ^ x[45]
x[20] = x[20] ^ x[48]
x[296] = x[296] ^ x[287]
x[187] = x[187] ^ x[185]
x[190] = x[190] ^ x[191]
x[201] = x[201] ^ x[196]
x[301] = x[301] ^ x[294]
x[188] = x[188] ^ x[182]
x[104] = x[104] ^ x[101]
x[98] = x[98] ^ x[82]
x[10] = x[10] ^ x[77]
x[64] = x[64] ^ x[70]
x[32] = x[32] ^ x[63]
x[245] = x[245] ^ x[246]
x[235] = x[235] ^ x[231]
x[225] = x[225] ^ x[239]
x[180] = x[180] ^ x[167]
x[183] = x[183] ^ x[184]
x[148] = x[148] ^ x[147]
x[161] = x[161] ^ x[153]
x[109] = x[109] ^ x[114]
x[115] = x[115] ^ x[112]
x[107] = x[107] ^ x[117]
x[116] = x[116] ^ x[102]
x[31] = x[31] ^ x[65]
x[13] = x[13] ^ x[73]
x[85] = x[85] ^ x[157]
x[175] = x[175] ^ x[178]
x[289] = x[289] ^ x[285]
x[233] = x[233] ^ x[234]
x[243] = x[243] ^ x[314]
x[222] = x[222] ^ x[242]
x[141] = x[141] ^ x[158]
x[106] = x[106] ^ x[110]
x[151] = x[151] ^ x[152]
x[108] = x[108] ^ x[111]
x[118] = x[118] ^ x[105]
x[96] = x[96] ^ x[84]
x[8] = x[8] ^ x[74]
x[6] = x[6] ^ x[62]
x[2] = x[2] ^ x[79]
x[3] = x[3] ^ x[60]
x[0] = x[0] ^ x[55]
x[267] = x[267] ^ x[282]
x[241] = x[241] ^ x[237]
x[263] = x[263] ^ x[300]
x[229] = x[229] ^ x[230]
x[223] = x[223] ^ x[232]
x[247] = x[247] ^ x[251]
x[309] = x[309] ^ x[320]
x[257] = x[257] ^ x[319]
x[181] = x[181] ^ x[170]
x[315] = x[315] ^ x[306]
x[270] = x[270] ^ x[279]
x[283] = x[283] ^ x[304]
x[272] = x[272] ^ x[316]
x[310] = x[310] ^ x[305]
x[255] = x[255] ^ x[321]
x[266] = x[266] ^ x[322]
x[281] = x[281] ^ x[323]
x[271] = x[271] ^ x[317]
x[163] = x[163] ^ x[174]
x[162] = x[162] ^ x[168]
x[169] = x[169] ^ x[177]
x[179] = x[179] ^ x[176]
x[166] = x[166] ^ x[173]
x[254] = x[254] ^ x[324]
x[17] = x[17] ^ x[42]
x[198] = x[198] ^ x[215]
x[209] = x[209] ^ x[202]
x[131] = x[131] ^ x[123]
x[46] = x[46] ^ x[40]
x[22] = x[22] ^ x[44]
x[256] = x[256] ^ x[246]
x[216] = x[216] ^ x[219]
x[121] = x[121] ^ x[126]
x[29] = x[29] ^ x[43]
x[213] = x[213] ^ x[204]
x[207] = x[207] ^ x[212]
x[39] = x[39] ^ x[60]
x[11] = x[11] ^ x[77]
x[21] = x[21] ^ x[49]
x[302] = x[302] ^ x[290]
x[189] = x[189] ^ x[200]
x[195] = x[195] ^ x[217]
x[192] = x[192] ^ x[221]
x[186] = x[186] ^ x[194]
x[138] = x[138] ^ x[134]
x[132] = x[132] ^ x[137]
x[83] = x[83] ^ x[99]
x[28] = x[28] ^ x[53]
x[27] = x[27] ^ x[45]
x[139] = x[139] ^ x[129]
x[37] = x[37] ^ x[76]
x[261] = x[261] ^ x[293]
x[89] = x[89] ^ x[91]
x[155] = x[155] ^ x[154]
x[145] = x[145] ^ x[144]
x[98] = x[98] ^ x[156]
x[61] = x[61] ^ x[63]
x[35] = x[35] ^ x[64]
x[34] = x[34] ^ x[75]
x[32] = x[32] ^ x[59]
x[239] = x[239] ^ x[235]
x[238] = x[238] ^ x[228]
x[142] = x[142] ^ x[147]
x[100] = x[100] ^ x[94]
x[109] = x[109] ^ x[119]
x[107] = x[107] ^ x[116]
x[112] = x[112] ^ x[104]
x[31] = x[31] ^ x[52]
x[10] = x[10] ^ x[67]
x[85] = x[85] ^ x[149]
x[1] = x[1] ^ x[48]
x[265] = x[265] ^ x[275]
x[175] = x[175] ^ x[167]
x[269] = x[269] ^ x[289]
x[227] = x[227] ^ x[233]
x[248] = x[248] ^ x[253]
x[242] = x[242] ^ x[240]
x[190] = x[190] ^ x[222]
x[160] = x[160] ^ x[141]
x[148] = x[148] ^ x[158]
x[120] = x[120] ^ x[106]
x[152] = x[152] ^ x[157]
x[115] = x[115] ^ x[111]
x[117] = x[117] ^ x[108]
x[114] = x[114] ^ x[118]
x[84] = x[84] ^ x[161]
x[7] = x[7] ^ x[79]
x[15] = x[15] ^ x[74]
x[6] = x[6] ^ x[55]
x[8] = x[8] ^ x[80]
x[2] = x[2] ^ x[70]
x[3] = x[3] ^ x[58]
x[13] = x[13] ^ x[68]
x[38] = x[38] ^ x[72]
x[12] = x[12] ^ x[71]
x[0] = x[0] ^ x[51]
x[273] = x[273] ^ x[264]
x[280] = x[280] ^ x[268]
x[201] = x[201] ^ x[230]
x[185] = x[185] ^ x[229]
x[183] = x[183] ^ x[223]
x[247] = x[247] ^ x[296]
x[188] = x[188] ^ x[241]
x[312] = x[312] ^ x[307]
x[283] = x[283] ^ x[294]
x[278] = x[278] ^ x[309]
x[272] = x[272] ^ x[315]
x[257] = x[257] ^ x[318]
x[245] = x[245] ^ x[319]
x[251] = x[251] ^ x[314]
x[171] = x[171] ^ x[172]
x[308] = x[308] ^ x[310]
x[279] = x[279] ^ x[321]
x[266] = x[266] ^ x[317]
x[263] = x[263] ^ x[323]
x[177] = x[177] ^ x[178]
x[176] = x[176] ^ x[174]
x[179] = x[179] ^ x[162]
x[173] = x[173] ^ x[181]
x[267] = x[267] ^ x[324]
x[210] = x[210] ^ x[211]
x[218] = x[218] ^ x[215]
x[18] = x[18] ^ x[78]
x[136] = x[136] ^ x[122]
x[23] = x[23] ^ x[47]
x[123] = x[123] ^ x[127]
x[126] = x[126] ^ x[125]
x[303] = x[303] ^ x[286]
x[133] = x[133] ^ x[131]
x[39] = x[39] ^ x[58]
x[17] = x[17] ^ x[40]
x[29] = x[29] ^ x[66]
x[200] = x[200] ^ x[213]
x[191] = x[191] ^ x[204]
x[197] = x[197] ^ x[224]
x[196] = x[196] ^ x[212]
x[192] = x[192] ^ x[217]
x[97] = x[97] ^ x[99]
x[186] = x[186] ^ x[202]
x[134] = x[134] ^ x[135]
x[14] = x[14] ^ x[72]
x[28] = x[28] ^ x[46]
x[27] = x[27] ^ x[42]
x[21] = x[21] ^ x[77]
x[37] = x[37] ^ x[52]
x[226] = x[226] ^ x[231]
x[95] = x[95] ^ x[89]
x[144] = x[144] ^ x[155]
x[83] = x[83] ^ x[145]
x[34] = x[34] ^ x[53]
x[32] = x[32] ^ x[44]
x[30] = x[30] ^ x[65]
x[9] = x[9] ^ x[71]
x[24] = x[24] ^ x[64]
x[187] = x[187] ^ x[238]
x[147] = x[147] ^ x[156]
x[113] = x[113] ^ x[110]
x[116] = x[116] ^ x[132]
x[100] = x[100] ^ x[151]
x[112] = x[112] ^ x[146]
x[31] = x[31] ^ x[63]
x[85] = x[85] ^ x[139]
x[20] = x[20] ^ x[67]
x[1] = x[1] ^ x[45]
x[276] = x[276] ^ x[290]
x[193] = x[193] ^ x[233]
x[198] = x[198] ^ x[222]
x[141] = x[141] ^ x[161]
x[159] = x[159] ^ x[160]
x[158] = x[158] ^ x[150]
x[120] = x[120] ^ x[109]
x[115] = x[115] ^ x[152]
x[118] = x[118] ^ x[137]
x[108] = x[108] ^ x[157]
x[35] = x[35] ^ x[74]
x[15] = x[15] ^ x[73]
x[16] = x[16] ^ x[79]
x[6] = x[6] ^ x[51]
x[8] = x[8] ^ x[69]
x[2] = x[2] ^ x[60]
x[3] = x[3] ^ x[55]
x[38] = x[38] ^ x[59]
x[12] = x[12] ^ x[68]
x[256] = x[256] ^ x[320]
x[273] = x[273] ^ x[299]
x[199] = x[199] ^ x[229]
x[201] = x[201] ^ x[216]
x[183] = x[183] ^ x[219]
x[188] = x[188] ^ x[230]
x[312] = x[312] ^ x[314]
x[305] = x[305] ^ x[304]
x[164] = x[164] ^ x[165]
x[283] = x[283] ^ x[319]
x[272] = x[272] ^ x[294]
x[261] = x[261] ^ x[315]
x[264] = x[264] ^ x[309]
x[257] = x[257] ^ x[306]
x[252] = x[252] ^ x[318]
x[270] = x[270] ^ x[289]
x[171] = x[171] ^ x[174]
x[258] = x[258] ^ x[321]
x[163] = x[163] ^ x[169]
x[279] = x[279] ^ x[296]
x[275] = x[275] ^ x[308]
x[245] = x[245] ^ x[317]
x[167] = x[167] ^ x[166]
x[168] = x[168] ^ x[177]
x[253] = x[253] ^ x[323]
x[179] = x[179] ^ x[240]
x[176] = x[176] ^ x[237]
x[181] = x[181] ^ x[235]
x[268] = x[268] ^ x[324]
x[36] = x[36] ^ x[57]
x[25] = x[25] ^ x[42]
x[211] = x[211] ^ x[215]
x[23] = x[23] ^ x[43]
x[143] = x[143] ^ x[157]
x[292] = x[292] ^ x[286]
x[130] = x[130] ^ x[138]
x[17] = x[17] ^ x[76]
x[18] = x[18] ^ x[40]
x[182] = x[182] ^ x[204]
x[189] = x[189] ^ x[217]
x[153] = x[153] ^ x[154]
x[33] = x[33] ^ x[72]
x[28] = x[28] ^ x[41]
x[26] = x[26] ^ x[61]
x[22] = x[22] ^ x[75]
x[37] = x[37] ^ x[47]
x[4] = x[4] ^ x[77]
x[234] = x[234] ^ x[224]
x[200] = x[200] ^ x[235]
x[94] = x[94] ^ x[90]
x[196] = x[196] ^ x[209]
x[93] = x[93] ^ x[142]
x[82] = x[82] ^ x[155]
x[83] = x[83] ^ x[149]
x[105] = x[105] ^ x[135]
x[30] = x[30] ^ x[73]
x[10] = x[10] ^ x[66]
x[32] = x[32] ^ x[46]
x[24] = x[24] ^ x[50]
x[277] = x[277] ^ x[289]
x[190] = x[190] ^ x[213]
x[148] = x[148] ^ x[145]
x[101] = x[101] ^ x[110]
x[116] = x[116] ^ x[124]
x[98] = x[98] ^ x[147]
x[112] = x[112] ^ x[126]
x[99] = x[99] ^ x[151]
x[114] = x[114] ^ x[140]
x[31] = x[31] ^ x[53]
x[34] = x[34] ^ x[56]
x[9] = x[9] ^ x[63]
x[13] = x[13] ^ x[49]
x[85] = x[85] ^ x[136]
x[243] = x[243] ^ x[316]
x[185] = x[185] ^ x[207]
x[193] = x[193] ^ x[239]
x[198] = x[198] ^ x[226]
x[280] = x[280] ^ x[301]
x[97] = x[97] ^ x[159]
x[95] = x[95] ^ x[161]
x[120] = x[120] ^ x[158]
x[115] = x[115] ^ x[133]
x[118] = x[118] ^ x[134]
x[108] = x[108] ^ x[127]
x[100] = x[100] ^ x[150]
x[109] = x[109] ^ x[152]
x[39] = x[39] ^ x[79]
x[27] = x[27] ^ x[74]
x[15] = x[15] ^ x[68]
x[6] = x[6] ^ x[67]
x[8] = x[8] ^ x[59]
x[2] = x[2] ^ x[54]
x[3] = x[3] ^ x[51]
x[16] = x[16] ^ x[80]
x[7] = x[7] ^ x[45]
x[255] = x[255] ^ x[320]
x[278] = x[278] ^ x[288]
x[201] = x[201] ^ x[223]
x[195] = x[195] ^ x[229]
x[183] = x[183] ^ x[238]
x[188] = x[188] ^ x[210]
x[172] = x[172] ^ x[180]
x[274] = x[274] ^ x[312]
x[281] = x[281] ^ x[305]
x[266] = x[266] ^ x[310]
x[244] = x[244] ^ x[307]
x[283] = x[283] ^ x[291]
x[269] = x[269] ^ x[323]
x[261] = x[261] ^ x[290]
x[264] = x[264] ^ x[304]
x[257] = x[257] ^ x[313]
x[250] = x[250] ^ x[319]
x[164] = x[164] ^ x[175]
x[273] = x[273] ^ x[309]
x[270] = x[270] ^ x[315]
x[252] = x[252] ^ x[293]
x[254] = x[254] ^ x[296]
x[170] = x[170] ^ x[163]
x[169] = x[169] ^ x[171]
x[256] = x[256] ^ x[321]
x[258] = x[258] ^ x[314]
x[272] = x[272] ^ x[308]
x[267] = x[267] ^ x[317]
x[167] = x[167] ^ x[242]
x[253] = x[253] ^ x[318]
x[179] = x[179] ^ x[202]
x[181] = x[181] ^ x[237]
x[248] = x[248] ^ x[324]
x[168] = x[168] ^ x[233]
x[206] = x[206] ^ x[219]
x[36] = x[36] ^ x[54]
x[220] = x[220] ^ x[203]
x[25] = x[25] ^ x[46]
x[128] = x[128] ^ x[124]
x[88] = x[88] ^ x[90]
x[121] = x[121] ^ x[140]
x[5] = x[5] ^ x[43]
x[19] = x[19] ^ x[66]
x[197] = x[197] ^ x[209]
x[192] = x[192] ^ x[202]
x[14] = x[14] ^ x[68]
x[17] = x[17] ^ x[58]
x[29] = x[29] ^ x[42]
x[189] = x[189] ^ x[218]
x[119] = x[119] ^ x[143]
x[89] = x[89] ^ x[154]
x[103] = x[103] ^ x[104]
x[96] = x[96] ^ x[150]
x[11] = x[11] ^ x[75]
x[21] = x[21] ^ x[44]
x[37] = x[37] ^ x[77]
x[200] = x[200] ^ x[211]
x[86] = x[86] ^ x[94]
x[196] = x[196] ^ x[225]
x[113] = x[113] ^ x[135]
x[106] = x[106] ^ x[102]
x[83] = x[83] ^ x[138]
x[10] = x[10] ^ x[40]
x[32] = x[32] ^ x[45]
x[24] = x[24] ^ x[41]
x[277] = x[277] ^ x[311]
x[117] = x[117] ^ x[141]
x[110] = x[110] ^ x[148]
x[116] = x[116] ^ x[136]
x[82] = x[82] ^ x[147]
x[99] = x[99] ^ x[146]
x[114] = x[114] ^ x[131]
x[31] = x[31] ^ x[60]
x[12] = x[12] ^ x[63]
x[9] = x[9] ^ x[57]
x[243] = x[243] ^ x[313]
x[199] = x[199] ^ x[212]
x[185] = x[185] ^ x[227]
x[247] = x[247] ^ x[322]
x[249] = x[249] ^ x[316]
x[251] = x[251] ^ x[303]
x[93] = x[93] ^ x[159]
x[115] = x[115] ^ x[123]
x[118] = x[118] ^ x[153]
x[108] = x[108] ^ x[133]
x[100] = x[100] ^ x[158]
x[109] = x[109] ^ x[155]
x[120] = x[120] ^ x[137]
x[30] = x[30] ^ x[79]
x[27] = x[27] ^ x[76]
x[3] = x[3] ^ x[70]
x[6] = x[6] ^ x[49]
x[18] = x[18] ^ x[74]
x[15] = x[15] ^ x[61]
x[34] = x[34] ^ x[67]
x[16] = x[16] ^ x[72]
x[39] = x[39] ^ x[51]
x[2] = x[2] ^ x[52]
x[7] = x[7] ^ x[71]
x[20] = x[20] ^ x[59]
x[260] = x[260] ^ x[320]
x[263] = x[263] ^ x[286]
x[255] = x[255] ^ x[314]
x[187] = x[187] ^ x[229]
x[183] = x[183] ^ x[205]
x[188] = x[188] ^ x[213]
x[112] = x[112] ^ x[161]
x[165] = x[165] ^ x[180]
x[279] = x[279] ^ x[292]
x[281] = x[281] ^ x[301]
x[278] = x[278] ^ x[305]
x[283] = x[283] ^ x[300]
x[275] = x[275] ^ x[299]
x[259] = x[259] ^ x[310]
x[250] = x[250] ^ x[312]
x[244] = x[244] ^ x[295]
x[164] = x[164] ^ x[237]
x[269] = x[269] ^ x[297]
x[175] = x[175] ^ x[241]
x[252] = x[252] ^ x[315]
x[174] = x[174] ^ x[239]
x[162] = x[162] ^ x[233]
x[163] = x[163] ^ x[238]
x[258] = x[258] ^ x[309]
x[262] = x[262] ^ x[321]
x[257] = x[257] ^ x[308]
x[254] = x[254] ^ x[304]
x[171] = x[171] ^ x[236]
x[272] = x[272] ^ x[317]
x[268] = x[268] ^ x[298]
x[267] = x[267] ^ x[306]
x[167] = x[167] ^ x[230]
x[176] = x[176] ^ x[234]
x[173] = x[173] ^ x[242]
x[253] = x[253] ^ x[290]
x[179] = x[179] ^ x[226]
x[248] = x[248] ^ x[319]
x[181] = x[181] ^ x[204]
x[168] = x[168] ^ x[223]
x[214] = x[214] ^ x[206]
x[208] = x[208] ^ x[221]
x[25] = x[25] ^ x[80]
x[36] = x[36] ^ x[49]
x[186] = x[186] ^ x[205]
x[23] = x[23] ^ x[73]
x[14] = x[14] ^ x[56]
x[28] = x[28] ^ x[78]
x[26] = x[26] ^ x[53]
x[22] = x[22] ^ x[76]
x[4] = x[4] ^ x[64]
x[265] = x[265] ^ x[314]
x[282] = x[282] ^ x[293]
x[184] = x[184] ^ x[240]
x[189] = x[189] ^ x[228]
x[91] = x[91] ^ x[155]
x[81] = x[81] ^ x[154]
x[105] = x[105] ^ x[134]
x[33] = x[33] ^ x[70]
x[29] = x[29] ^ x[72]
x[5] = x[5] ^ x[77]
x[276] = x[276] ^ x[289]
x[200] = x[200] ^ x[224]
x[113] = x[113] ^ x[145]
x[86] = x[86] ^ x[160]
x[92] = x[92] ^ x[151]
x[102] = x[102] ^ x[143]
x[101] = x[101] ^ x[103]
x[107] = x[107] ^ x[157]
x[83] = x[83] ^ x[156]
x[35] = x[35] ^ x[41]
x[32] = x[32] ^ x[50]
x[38] = x[38] ^ x[62]
x[85] = x[85] ^ x[140]
x[277] = x[277] ^ x[284]
x[193] = x[193] ^ x[207]
x[117] = x[117] ^ x[124]
x[95] = x[95] ^ x[146]
x[119] = x[119] ^ x[148]
x[116] = x[116] ^ x[129]
x[89] = x[89] ^ x[150]
x[110] = x[110] ^ x[141]
x[31] = x[31] ^ x[54]
x[10] = x[10] ^ x[60]
x[13] = x[13] ^ x[63]
x[9] = x[9] ^ x[58]
x[243] = x[243] ^ x[311]
x[199] = x[199] ^ x[215]
x[247] = x[247] ^ x[294]
x[201] = x[201] ^ x[226]
x[195] = x[195] ^ x[209]
x[98] = x[98] ^ x[159]
x[271] = x[271] ^ x[318]
x[118] = x[118] ^ x[123]
x[108] = x[108] ^ x[130]
x[100] = x[100] ^ x[149]
x[90] = x[90] ^ x[158]
x[109] = x[109] ^ x[131]
x[115] = x[115] ^ x[153]
x[120] = x[120] ^ x[128]
x[30] = x[30] ^ x[59]
x[18] = x[18] ^ x[66]
x[6] = x[6] ^ x[61]
x[21] = x[21] ^ x[79]
x[16] = x[16] ^ x[75]
x[27] = x[27] ^ x[51]
x[15] = x[15] ^ x[45]
x[2] = x[2] ^ x[40]
x[3] = x[3] ^ x[46]
x[34] = x[34] ^ x[69]
x[7] = x[7] ^ x[68]
x[178] = x[178] ^ x[172]
x[260] = x[260] ^ x[317]
x[255] = x[255] ^ x[316]
x[273] = x[273] ^ x[288]
x[251] = x[251] ^ x[286]
x[187] = x[187] ^ x[202]
x[82] = x[82] ^ x[161]
x[180] = x[180] ^ x[204]
x[256] = x[256] ^ x[315]
x[250] = x[250] ^ x[310]
x[244] = x[244] ^ x[297]
x[283] = x[283] ^ x[287]
x[275] = x[275] ^ x[312]
x[246] = x[246] ^ x[323]
x[170] = x[170] ^ x[223]
x[183] = x[183] ^ x[241]
x[177] = x[177] ^ x[213]
x[281] = x[281] ^ x[304]
x[163] = x[163] ^ x[225]
x[258] = x[258] ^ x[301]
x[171] = x[171] ^ x[212]
x[262] = x[262] ^ x[292]
x[165] = x[165] ^ x[235]
x[174] = x[174] ^ x[237]
x[272] = x[272] ^ x[305]
x[268] = x[268] ^ x[290]
x[267] = x[267] ^ x[321]
x[254] = x[254] ^ x[306]
x[167] = x[167] ^ x[234]
x[164] = x[164] ^ x[233]
x[173] = x[173] ^ x[239]
x[179] = x[179] ^ x[220]
x[248] = x[248] ^ x[308]
x[181] = x[181] ^ x[227]
x[168] = x[168] ^ x[217]
x[206] = x[206] ^ x[218]
x[88] = x[88] ^ x[157]
x[191] = x[191] ^ x[228]
x[192] = x[192] ^ x[216]
x[186] = x[186] ^ x[217]
x[26] = x[26] ^ x[54]
x[22] = x[22] ^ x[78]
x[14] = x[14] ^ x[65]
x[17] = x[17] ^ x[71]
x[23] = x[23] ^ x[46]
x[1] = x[1] ^ x[42]
x[184] = x[184] ^ x[205]
x[190] = x[190] ^ x[215]
x[94] = x[94] ^ x[153]
x[189] = x[189] ^ x[242]
x[81] = x[81] ^ x[144]
x[25] = x[25] ^ x[72]
x[4] = x[4] ^ x[49]
x[29] = x[29] ^ x[52]
x[276] = x[276] ^ x[301]
x[198] = x[198] ^ x[203]
x[280] = x[280] ^ x[293]
x[86] = x[86] ^ x[156]
x[92] = x[92] ^ x[152]
x[107] = x[107] ^ x[131]
x[114] = x[114] ^ x[128]
x[96] = x[96] ^ x[160]
x[103] = x[103] ^ x[126]
x[8] = x[8] ^ x[55]
x[113] = x[113] ^ x[124]
x[119] = x[119] ^ x[137]
x[116] = x[116] ^ x[142]
x[93] = x[93] ^ x[155]
x[102] = x[102] ^ x[129]
x[99] = x[99] ^ x[150]
x[89] = x[89] ^ x[151]
x[110] = x[110] ^ x[134]
x[12] = x[12] ^ x[60]
x[31] = x[31] ^ x[50]
x[10] = x[10] ^ x[62]
x[13] = x[13] ^ x[58]
x[37] = x[37] ^ x[74]
x[264] = x[264] ^ x[303]
x[266] = x[266] ^ x[307]
x[261] = x[261] ^ x[289]
x[201] = x[201] ^ x[212]
x[277] = x[277] ^ x[313]
x[199] = x[199] ^ x[208]
x[271] = x[271] ^ x[320]
x[118] = x[118] ^ x[143]
x[108] = x[108] ^ x[139]
x[109] = x[109] ^ x[148]
x[100] = x[100] ^ x[123]
x[112] = x[112] ^ x[132]
x[115] = x[115] ^ x[121]
x[120] = x[120] ^ x[140]
x[30] = x[30] ^ x[70]
x[18] = x[18] ^ x[53]
x[6] = x[6] ^ x[47]
x[27] = x[27] ^ x[41]
x[2] = x[2] ^ x[73]
x[15] = x[15] ^ x[48]
x[21] = x[21] ^ x[75]
x[34] = x[34] ^ x[43]
x[7] = x[7] ^ x[66]
x[3] = x[3] ^ x[44]
x[20] = x[20] ^ x[63]
x[5] = x[5] ^ x[51]
x[279] = x[279] ^ x[290]
x[263] = x[263] ^ x[299]
x[273] = x[273] ^ x[291]
x[166] = x[166] ^ x[224]
x[270] = x[270] ^ x[288]
x[187] = x[187] ^ x[207]
x[105] = x[105] ^ x[161]
x[90] = x[90] ^ x[159]
x[82] = x[82] ^ x[146]
x[256] = x[256] ^ x[286]
x[265] = x[265] ^ x[312]
x[178] = x[178] ^ x[239]
x[255] = x[255] ^ x[310]
x[275] = x[275] ^ x[322]
x[250] = x[250] ^ x[305]
x[172] = x[172] ^ x[204]
x[269] = x[269] ^ x[315]
x[180] = x[180] ^ x[209]
x[252] = x[252] ^ x[294]
x[170] = x[170] ^ x[227]
x[177] = x[177] ^ x[241]
x[258] = x[258] ^ x[300]
x[176] = x[176] ^ x[236]
x[281] = x[281] ^ x[287]
x[246] = x[246] ^ x[317]
x[162] = x[162] ^ x[230]
x[262] = x[262] ^ x[311]
x[175] = x[175] ^ x[235]
x[253] = x[253] ^ x[316]
x[174] = x[174] ^ x[213]
x[244] = x[244] ^ x[306]
x[272] = x[272] ^ x[321]
x[171] = x[171] ^ x[237]
x[167] = x[167] ^ x[222]
x[173] = x[173] ^ x[229]
x[179] = x[179] ^ x[225]
x[268] = x[268] ^ x[308]
x[181] = x[181] ^ x[233]
x[168] = x[168] ^ x[214]
x[36] = x[36] ^ x[68]
x[88] = x[88] ^ x[126]
x[111] = x[111] ^ x[149]
x[191] = x[191] ^ x[212]
x[192] = x[192] ^ x[203]
x[196] = x[196] ^ x[218]
x[33] = x[33] ^ x[64]
x[28] = x[28] ^ x[70]
x[14] = x[14] ^ x[42]
x[11] = x[11] ^ x[73]
x[24] = x[24] ^ x[71]
x[1] = x[1] ^ x[40]
x[97] = x[97] ^ x[161]
x[184] = x[184] ^ x[215]
x[190] = x[190] ^ x[202]
x[94] = x[94] ^ x[147]
x[83] = x[83] ^ x[132]
x[35] = x[35] ^ x[65]
x[198] = x[198] ^ x[234]
x[185] = x[185] ^ x[210]
x[193] = x[193] ^ x[230]
x[117] = x[117] ^ x[144]
x[95] = x[95] ^ x[152]
x[280] = x[280] ^ x[284]
x[114] = x[114] ^ x[133]
x[8] = x[8] ^ x[52]
x[26] = x[26] ^ x[67]
x[245] = x[245] ^ x[302]
x[243] = x[243] ^ x[304]
x[98] = x[98] ^ x[136]
x[87] = x[87] ^ x[159]
x[91] = x[91] ^ x[158]
x[113] = x[113] ^ x[137]
x[116] = x[116] ^ x[145]
x[119] = x[119] ^ x[142]
x[86] = x[86] ^ x[155]
x[102] = x[102] ^ x[131]
x[96] = x[96] ^ x[154]
x[99] = x[99] ^ x[153]
x[89] = x[89] ^ x[127]
x[103] = x[103] ^ x[134]
x[32] = x[32] ^ x[79]
x[22] = x[22] ^ x[60]
x[110] = x[110] ^ x[125]
x[31] = x[31] ^ x[62]
x[9] = x[9] ^ x[46]
x[25] = x[25] ^ x[74]
x[4] = x[4] ^ x[58]
x[13] = x[13] ^ x[56]
x[169] = x[169] ^ x[225]
x[259] = x[259] ^ x[294]
x[278] = x[278] ^ x[311]
x[264] = x[264] ^ x[313]
x[249] = x[249] ^ x[296]
x[260] = x[260] ^ x[289]
x[201] = x[201] ^ x[211]
x[199] = x[199] ^ x[206]
x[118] = x[118] ^ x[122]
x[108] = x[108] ^ x[121]
x[109] = x[109] ^ x[156]
x[112] = x[112] ^ x[130]
x[30] = x[30] ^ x[75]
x[18] = x[18] ^ x[47]
x[6] = x[6] ^ x[45]
x[2] = x[2] ^ x[41]
x[10] = x[10] ^ x[48]
x[34] = x[34] ^ x[80]
x[37] = x[37] ^ x[66]
x[3] = x[3] ^ x[43]
x[20] = x[20] ^ x[51]
x[257] = x[257] ^ x[307]
x[263] = x[263] ^ x[318]
x[166] = x[166] ^ x[219]
x[183] = x[183] ^ x[217]
x[274] = x[274] ^ x[308]
x[261] = x[261] ^ x[288]
x[105] = x[105] ^ x[140]
x[100] = x[100] ^ x[124]
x[90] = x[90] ^ x[146]
x[265] = x[265] ^ x[293]
x[178] = x[178] ^ x[227]
x[256] = x[256] ^ x[292]
x[165] = x[165] ^ x[224]
x[163] = x[163] ^ x[216]
x[172] = x[172] ^ x[241]
x[252] = x[252] ^ x[310]
x[170] = x[170] ^ x[214]
x[177] = x[177] ^ x[209]
x[267] = x[267] ^ x[291]
x[254] = x[254] ^ x[286]
x[176] = x[176] ^ x[228]
x[275] = x[275] ^ x[287]
x[246] = x[246] ^ x[303]
x[162] = x[162] ^ x[236]
x[279] = x[279] ^ x[305]
x[164] = x[164] ^ x[238]
x[175] = x[175] ^ x[231]
x[262] = x[262] ^ x[312]
x[253] = x[253] ^ x[315]
x[271] = x[271] ^ x[301]
x[248] = x[248] ^ x[299]
x[174] = x[174] ^ x[204]
x[244] = x[244] ^ x[290]
x[272] = x[272] ^ x[285]
x[171] = x[171] ^ x[207]
x[173] = x[173] ^ x[232]
x[179] = x[179] ^ x[242]
x[268] = x[268] ^ x[300]
x[181] = x[181] ^ x[222]
x[168] = x[168] ^ x[213]
x[194] = x[194] ^ x[207]
x[19] = x[19] ^ x[76]
x[182] = x[182] ^ x[226]
x[0] = x[0] ^ x[50]
x[197] = x[197] ^ x[233]
x[282] = x[282] ^ x[290]
x[191] = x[191] ^ x[223]
x[200] = x[200] ^ x[206]
x[111] = x[111] ^ x[127]
x[101] = x[101] ^ x[134]
x[84] = x[84] ^ x[157]
x[106] = x[106] ^ x[143]
x[33] = x[33] ^ x[57]
x[29] = x[29] ^ x[64]
x[23] = x[23] ^ x[68]
x[11] = x[11] ^ x[44]
x[196] = x[196] ^ x[203]
x[97] = x[97] ^ x[126]
x[83] = x[83] ^ x[135]
x[28] = x[28] ^ x[63]
x[24] = x[24] ^ x[54]
x[14] = x[14] ^ x[55]
x[276] = x[276] ^ x[309]
x[188] = x[188] ^ x[235]
x[185] = x[185] ^ x[218]
x[190] = x[190] ^ x[234]
x[93] = x[93] ^ x[151]
x[92] = x[92] ^ x[149]
x[39] = x[39] ^ x[61]
x[16] = x[16] ^ x[65]
x[35] = x[35] ^ x[69]
x[17] = x[17] ^ x[67]
x[12] = x[12] ^ x[59]
x[266] = x[266] ^ x[292]
x[277] = x[277] ^ x[295]
x[98] = x[98] ^ x[124]
x[91] = x[91] ^ x[142]
x[87] = x[87] ^ x[153]
x[113] = x[113] ^ x[128]
x[280] = x[280] ^ x[303]
x[119] = x[119] ^ x[140]
x[115] = x[115] ^ x[136]
x[86] = x[86] ^ x[147]
x[116] = x[116] ^ x[160]
x[114] = x[114] ^ x[150]
x[102] = x[102] ^ x[123]
x[99] = x[99] ^ x[131]
x[89] = x[89] ^ x[133]
x[120] = x[120] ^ x[152]
x[96] = x[96] ^ x[137]
x[103] = x[103] ^ x[158]
x[26] = x[26] ^ x[79]
x[22] = x[22] ^ x[62]
x[4] = x[4] ^ x[74]
x[32] = x[32] ^ x[77]
x[27] = x[27] ^ x[73]
x[21] = x[21] ^ x[52]
x[13] = x[13] ^ x[40]
x[7] = x[7] ^ x[70]
x[169] = x[169] ^ x[236]
x[264] = x[264] ^ x[297]
x[273] = x[273] ^ x[284]
x[201] = x[201] ^ x[215]
x[199] = x[199] ^ x[224]
x[108] = x[108] ^ x[144]
x[82] = x[82] ^ x[145]
x[109] = x[109] ^ x[122]
x[112] = x[112] ^ x[125]
x[30] = x[30] ^ x[60]
x[9] = x[9] ^ x[47]
x[2] = x[2] ^ x[45]
x[5] = x[5] ^ x[48]
x[34] = x[34] ^ x[66]
x[6] = x[6] ^ x[43]
x[51] = x[51] ^ x[41]
x[257] = x[257] ^ x[304]
x[259] = x[259] ^ x[301]
x[255] = x[255] ^ x[308]
x[249] = x[249] ^ x[324]
x[263] = x[263] ^ x[288]
x[250] = x[250] ^ x[307]
x[105] = x[105] ^ x[139]
x[100] = x[100] ^ x[129]
x[90] = x[90] ^ x[141]
x[265] = x[265] ^ x[296]
x[256] = x[256] ^ x[289]
x[178] = x[178] ^ x[232]
x[281] = x[281] ^ x[310]
x[258] = x[258] ^ x[293]
x[172] = x[172] ^ x[239]
x[163] = x[163] ^ x[208]
x[166] = x[166] ^ x[204]
x[187] = x[187] ^ x[230]
x[170] = x[170] ^ x[202]
x[254] = x[254] ^ x[291]
x[165] = x[165] ^ x[217]
x[246] = x[246] ^ x[287]
x[162] = x[162] ^ x[222]
x[176] = x[176] ^ x[209]
x[175] = x[175] ^ x[240]
x[271] = x[271] ^ x[315]
x[279] = x[279] ^ x[302]
x[248] = x[248] ^ x[294]
x[272] = x[272] ^ x[311]
x[244] = x[244] ^ x[286]
x[171] = x[171] ^ x[238]
x[173] = x[173] ^ x[225]
x[174] = x[174] ^ x[242]
x[179] = x[179] ^ x[221]
x[268] = x[268] ^ x[312]
x[181] = x[181] ^ x[205]
x[168] = x[168] ^ x[212]
x[19] = x[19] ^ x[57]
x[189] = x[189] ^ x[233]
x[191] = x[191] ^ x[236]
x[0] = x[0] ^ x[41]
x[94] = x[94] ^ x[154]
x[197] = x[197] ^ x[206]
x[111] = x[111] ^ x[132]
x[107] = x[107] ^ x[156]
x[36] = x[36] ^ x[71]
x[23] = x[23] ^ x[70]
x[85] = x[85] ^ x[127]
x[11] = x[11] ^ x[64]
x[198] = x[198] ^ x[207]
x[193] = x[193] ^ x[231]
x[117] = x[117] ^ x[126]
x[97] = x[97] ^ x[152]
x[84] = x[84] ^ x[150]
x[81] = x[81] ^ x[129]
x[33] = x[33] ^ x[40]
x[8] = x[8] ^ x[42]
x[28] = x[28] ^ x[76]
x[247] = x[247] ^ x[301]
x[251] = x[251] ^ x[305]
x[276] = x[276] ^ x[293]
x[243] = x[243] ^ x[302]
x[95] = x[95] ^ x[155]
x[92] = x[92] ^ x[141]
x[83] = x[83] ^ x[134]
x[15] = x[15] ^ x[56]
x[16] = x[16] ^ x[61]
x[39] = x[39] ^ x[78]
x[29] = x[29] ^ x[69]
x[17] = x[17] ^ x[65]
x[14] = x[14] ^ x[44]
x[188] = x[188] ^ x[238]
x[270] = x[270] ^ x[323]
x[98] = x[98] ^ x[158]
x[87] = x[87] ^ x[151]
x[91] = x[91] ^ x[138]
x[101] = x[101] ^ x[123]
x[118] = x[118] ^ x[147]
x[106] = x[106] ^ x[161]
x[115] = x[115] ^ x[160]
x[114] = x[114] ^ x[157]
x[120] = x[120] ^ x[148]
x[96] = x[96] ^ x[130]
x[280] = x[280] ^ x[296]
x[27] = x[27] ^ x[59]
x[18] = x[18] ^ x[67]
x[10] = x[10] ^ x[52]
x[13] = x[13] ^ x[54]
x[7] = x[7] ^ x[58]
x[245] = x[245] ^ x[312]
x[264] = x[264] ^ x[295]
x[169] = x[169] ^ x[220]
x[274] = x[274] ^ x[299]
x[180] = x[180] ^ x[205]
x[183] = x[183] ^ x[221]
x[93] = x[93] ^ x[146]
x[199] = x[199] ^ x[203]
x[113] = x[113] ^ x[122]
x[109] = x[109] ^ x[145]
x[119] = x[119] ^ x[124]
x[108] = x[108] ^ x[128]
x[99] = x[99] ^ x[140]
x[112] = x[112] ^ x[133]
x[82] = x[82] ^ x[137]
x[110] = x[110] ^ x[121]
x[30] = x[30] ^ x[26]
x[62] = x[62] ^ x[47]
x[73] = x[73] ^ x[45]
x[48] = x[48] ^ x[77]
x[43] = x[43] ^ x[51]
x[66] = x[66] ^ x[74]
x[257] = x[257] ^ x[292]
x[259] = x[259] ^ x[309]
x[255] = x[255] ^ x[284]
x[263] = x[263] ^ x[324]
x[269] = x[269] ^ x[316]
x[261] = x[261] ^ x[320]
x[100] = x[100] ^ x[139]
x[90] = x[90] ^ x[144]
x[267] = x[267] ^ x[310]
x[265] = x[265] ^ x[307]
x[178] = x[178] ^ x[223]
x[258] = x[258] ^ x[298]
x[164] = x[164] ^ x[229]
x[262] = x[262] ^ x[288]
x[163] = x[163] ^ x[213]
x[166] = x[166] ^ x[218]
x[187] = x[187] ^ x[226]
x[170] = x[170] ^ x[211]
x[254] = x[254] ^ x[289]
x[165] = x[165] ^ x[215]
x[167] = x[167] ^ x[214]
x[162] = x[162] ^ x[216]
x[176] = x[176] ^ x[202]
x[175] = x[175] ^ x[228]
x[279] = x[279] ^ x[315]
x[248] = x[248] ^ x[290]
x[244] = x[244] ^ x[287]
x[171] = x[171] ^ x[209]
x[172] = x[172] ^ x[225]
x[179] = x[179] ^ x[212]
x[174] = x[174] ^ x[234]
x[268] = x[268] ^ x[311]
x[181] = x[181] ^ x[217]
x[194] = x[194] ^ x[235]
x[186] = x[186] ^ x[231]
x[88] = x[88] ^ x[154]
x[192] = x[192] ^ x[219]
x[282] = x[282] ^ x[291]
x[200] = x[200] ^ x[220]
x[38] = x[38] ^ x[57]
x[1] = x[1] ^ x[0]
x[195] = x[195] ^ x[214]
x[196] = x[196] ^ x[204]
x[184] = x[184] ^ x[210]
x[94] = x[94] ^ x[144]
x[117] = x[117] ^ x[135]
x[81] = x[81] ^ x[127]
x[107] = x[107] ^ x[129]
x[8] = x[8] ^ x[49]
x[36] = x[36] ^ x[76]
x[33] = x[33] ^ x[55]
x[31] = x[31] ^ x[72]
x[28] = x[28] ^ x[71]
x[278] = x[278] ^ x[300]
x[251] = x[251] ^ x[293]
x[283] = x[283] ^ x[302]
x[97] = x[97] ^ x[153]
x[86] = x[86] ^ x[143]
x[84] = x[84] ^ x[155]
x[35] = x[35] ^ x[75]
x[24] = x[24] ^ x[61]
x[3] = x[3] ^ x[42]
x[69] = x[69] ^ x[74]
x[37] = x[37] ^ x[65]
x[15] = x[15] ^ x[53]
x[17] = x[17] ^ x[64]
x[21] = x[21] ^ x[68]
x[14] = x[14] ^ x[63]
x[198] = x[198] ^ x[242]
x[201] = x[201] ^ x[238]
x[270] = x[270] ^ x[322]
x[98] = x[98] ^ x[130]
x[87] = x[87] ^ x[138]
x[91] = x[91] ^ x[132]
x[106] = x[106] ^ x[158]
x[114] = x[114] ^ x[147]
x[120] = x[120] ^ x[157]
x[83] = x[83] ^ x[123]
x[32] = x[32] ^ x[9]
x[39] = x[39] ^ x[2]
x[34] = x[34] ^ x[18]
x[54] = x[54] ^ x[59]
x[58] = x[58] ^ x[56]
x[169] = x[169] ^ x[221]
x[193] = x[193] ^ x[224]
x[93] = x[93] ^ x[126]
x[113] = x[113] ^ x[121]
x[109] = x[109] ^ x[142]
x[119] = x[119] ^ x[141]
x[108] = x[108] ^ x[151]
x[99] = x[99] ^ x[134]
x[82] = x[82] ^ x[133]
x[112] = x[112] ^ x[160]
x[26] = x[26] ^ x[4]
x[78] = x[78] ^ x[62]
x[52] = x[52] ^ x[73]
x[30] = x[30] ^ x[23]
x[48] = x[48] ^ x[77]
x[70] = x[70] ^ x[51]
x[79] = x[79] ^ x[66]
x[259] = x[259] ^ x[304]
x[247] = x[247] ^ x[292]
x[245] = x[245] ^ x[296]
x[253] = x[253] ^ x[284]
x[281] = x[281] ^ x[324]
x[255] = x[255] ^ x[305]
x[190] = x[190] ^ x[237]
x[269] = x[269] ^ x[306]
x[274] = x[274] ^ x[303]
x[183] = x[183] ^ x[227]
x[177] = x[177] ^ x[236]
x[261] = x[261] ^ x[319]
x[90] = x[90] ^ x[139]
x[178] = x[178] ^ x[218]
x[258] = x[258] ^ x[295]
x[310] = x[310] ^ x[313]
x[164] = x[164] ^ x[211]
x[262] = x[262] ^ x[307]
x[163] = x[163] ^ x[206]
x[180] = x[180] ^ x[229]
x[167] = x[167] ^ x[208]
x[176] = x[176] ^ x[223]
x[175] = x[175] ^ x[203]
x[271] = x[271] ^ x[298]
x[248] = x[248] ^ x[289]
x[287] = x[287] ^ x[294]
x[173] = x[173] ^ x[209]
x[168] = x[168] ^ x[215]
x[172] = x[172] ^ x[230]
x[174] = x[174] ^ x[226]
x[311] = x[311] ^ x[315]
x[179] = x[179] ^ x[216]
x[181] = x[181] ^ x[189]
x[194] = x[194] ^ x[240]
x[186] = x[186] ^ x[235]
x[19] = x[19] ^ x[46]
x[192] = x[192] ^ x[232]
x[191] = x[191] ^ x[225]
x[111] = x[111] ^ x[135]
x[38] = x[38] ^ x[80]
x[85] = x[85] ^ x[138]
x[195] = x[195] ^ x[220]
x[196] = x[196] ^ x[234]
x[185] = x[185] ^ x[221]
x[184] = x[184] ^ x[229]
x[25] = x[25] ^ x[50]
x[276] = x[276] ^ x[313]
x[117] = x[117] ^ x[121]
x[94] = x[94] ^ x[136]
x[102] = x[102] ^ x[159]
x[95] = x[95] ^ x[154]
x[88] = x[88] ^ x[131]
x[92] = x[92] ^ x[134]
x[104] = x[104] ^ x[152]
x[16] = x[16] ^ x[56]
x[76] = x[76] ^ x[49]
x[12] = x[12] ^ x[55]
x[28] = x[28] ^ x[0]
x[273] = x[273] ^ x[320]
x[260] = x[260] ^ x[297]
x[283] = x[283] ^ x[318]
x[107] = x[107] ^ x[153]
x[103] = x[103] ^ x[155]
x[67] = x[67] ^ x[42]
x[27] = x[27] ^ x[37]
x[68] = x[68] ^ x[63]
x[278] = x[278] ^ x[304]
x[243] = x[243] ^ x[317]
x[199] = x[199] ^ x[207]
x[101] = x[101] ^ x[128]
x[97] = x[97] ^ x[124]
x[84] = x[84] ^ x[145]
x[87] = x[87] ^ x[127]
x[86] = x[86] ^ x[132]
x[105] = x[105] ^ x[158]
x[89] = x[89] ^ x[123]
x[32] = x[32] ^ x[36]
x[2] = x[2] ^ x[24]
x[60] = x[60] ^ x[47]
x[10] = x[10] ^ x[18]
x[169] = x[169] ^ x[215]
x[198] = x[198] ^ x[224]
x[270] = x[270] ^ x[309]
x[91] = x[91] ^ x[126]
x[119] = x[119] ^ x[125]
x[106] = x[106] ^ x[160]
x[113] = x[113] ^ x[151]
x[110] = x[110] ^ x[133]
x[99] = x[99] ^ x[130]
x[112] = x[112] ^ x[157]
x[108] = x[108] ^ x[147]
x[4] = x[4] ^ x[35]
x[78] = x[78] ^ x[69]
x[59] = x[59] ^ x[52]
x[26] = x[26] ^ x[15]
x[30] = x[30] ^ x[20]
x[48] = x[48] ^ x[58]
x[72] = x[72] ^ x[79]
x[51] = x[51] ^ x[64]
x[265] = x[265] ^ x[306]
x[264] = x[264] ^ x[291]
x[259] = x[259] ^ x[292]
x[257] = x[257] ^ x[296]
x[245] = x[245] ^ x[293]
x[253] = x[253] ^ x[252]
x[190] = x[190] ^ x[208]
x[274] = x[274] ^ x[298]
x[177] = x[177] ^ x[205]
x[261] = x[261] ^ x[312]
x[109] = x[109] ^ x[139]
x[324] = x[324] ^ x[310]
x[162] = x[162] ^ x[210]
x[165] = x[165] ^ x[211]
x[164] = x[164] ^ x[231]
x[180] = x[180] ^ x[228]
x[279] = x[279] ^ x[262]
x[178] = x[178] ^ x[219]
x[166] = x[166] ^ x[213]
x[171] = x[171] ^ x[227]
x[167] = x[167] ^ x[216]
x[238] = x[238] ^ x[223]
x[175] = x[175] ^ x[206]
x[271] = x[271] ^ x[307]
x[295] = x[295] ^ x[287]
x[173] = x[173] ^ x[212]
x[172] = x[172] ^ x[217]
x[289] = x[289] ^ x[315]
x[305] = x[305] ^ x[311]
x[179] = x[179] ^ x[218]
x[226] = x[226] ^ x[242]
x[168] = x[168] ^ x[189]
x[182] = x[182] ^ x[210]
x[194] = x[194] ^ x[239]
x[282] = x[282] ^ x[285]
x[11] = x[11] ^ x[53]
x[81] = x[81] ^ x[135]
x[111] = x[111] ^ x[137]
x[8] = x[8] ^ x[44]
x[40] = x[40] ^ x[57]
x[25] = x[25] ^ x[38]
x[95] = x[95] ^ x[143]
x[94] = x[94] ^ x[149]
x[116] = x[116] ^ x[151]
x[92] = x[92] ^ x[131]
x[3] = x[3] ^ x[0]
x[46] = x[46] ^ x[41]
x[33] = x[33] ^ x[49]
x[7] = x[7] ^ x[15]
x[249] = x[249] ^ x[299]
x[273] = x[273] ^ x[314]
x[102] = x[102] ^ x[130]
x[118] = x[118] ^ x[138]
x[83] = x[83] ^ x[122]
x[103] = x[103] ^ x[153]
x[61] = x[61] ^ x[42]
x[27] = x[27] ^ x[9]
x[21] = x[21] ^ x[34]
x[56] = x[56] ^ x[54]
x[75] = x[75] ^ x[68]
x[55] = x[55] ^ x[67]
x[278] = x[278] ^ x[320]
x[196] = x[196] ^ x[230]
x[275] = x[275] ^ x[313]
x[256] = x[256] ^ x[317]
x[93] = x[93] ^ x[148]
x[98] = x[98] ^ x[142]
x[101] = x[101] ^ x[156]
x[115] = x[115] ^ x[124]
x[84] = x[84] ^ x[136]
x[86] = x[86] ^ x[128]
x[88] = x[88] ^ x[121]
x[105] = x[105] ^ x[155]
x[104] = x[104] ^ x[132]
x[76] = x[76] ^ x[73]
x[36] = x[36] ^ x[31]
x[2] = x[2] ^ x[18]
x[89] = x[89] ^ x[141]
x[32] = x[32] ^ x[22]
x[260] = x[260] ^ x[308]
x[195] = x[195] ^ x[237]
x[184] = x[184] ^ x[224]
x[91] = x[91] ^ x[127]
x[119] = x[119] ^ x[126]
x[113] = x[113] ^ x[160]
x[99] = x[99] ^ x[133]
x[157] = x[157] ^ x[140]
x[4] = x[4] ^ x[16]
x[69] = x[69] ^ x[47]
x[71] = x[71] ^ x[59]
x[26] = x[26] ^ x[14]
x[20] = x[20] ^ x[12]
x[72] = x[72] ^ x[62]
x[64] = x[64] ^ x[48]
x[272] = x[272] ^ x[306]
x[257] = x[257] ^ x[300]
x[253] = x[253] ^ x[277]
x[245] = x[245] ^ x[286]
x[190] = x[190] ^ x[232]
x[293] = x[293] ^ x[307]
x[163] = x[163] ^ x[204]
x[274] = x[274] ^ x[284]
x[261] = x[261] ^ x[270]
x[177] = x[177] ^ x[240]
x[139] = x[139] ^ x[147]
x[264] = x[264] ^ x[290]
x[169] = x[169] ^ x[208]
x[162] = x[162] ^ x[213]
x[176] = x[176] ^ x[220]
x[211] = x[211] ^ x[235]
x[312] = x[312] ^ x[318]
x[227] = x[227] ^ x[214]
x[167] = x[167] ^ x[207]
x[164] = x[164] ^ x[206]
x[248] = x[248] ^ x[276]
x[268] = x[268] ^ x[262]
x[175] = x[175] ^ x[219]
x[271] = x[271] ^ x[296]
x[292] = x[292] ^ x[295]
x[174] = x[174] ^ x[221]
x[180] = x[180] ^ x[216]
x[172] = x[172] ^ x[222]
x[289] = x[289] ^ x[323]
x[310] = x[310] ^ x[311]
x[218] = x[218] ^ x[212]
x[226] = x[226] ^ x[238]
x[189] = x[189] ^ x[191]
x[182] = x[182] ^ x[214]
x[194] = x[194] ^ x[229]
x[200] = x[200] ^ x[225]
x[266] = x[266] ^ x[298]
x[96] = x[96] ^ x[135]
x[81] = x[81] ^ x[126]
x[11] = x[11] ^ x[57]
x[13] = x[13] ^ x[17]
x[29] = x[29] ^ x[14]
x[25] = x[25] ^ x[38]
x[94] = x[94] ^ x[143]
x[116] = x[116] ^ x[152]
x[63] = x[63] ^ x[41]
x[0] = x[0] ^ x[33]
x[37] = x[37] ^ x[3]
x[250] = x[250] ^ x[301]
x[249] = x[249] ^ x[297]
x[283] = x[283] ^ x[321]
x[95] = x[95] ^ x[138]
x[102] = x[102] ^ x[145]
x[92] = x[92] ^ x[122]
x[87] = x[87] ^ x[129]
x[103] = x[103] ^ x[149]
x[60] = x[60] ^ x[50]
x[61] = x[61] ^ x[53]
x[70] = x[70] ^ x[46]
x[40] = x[40] ^ x[62]
x[68] = x[68] ^ x[56]
x[243] = x[243] ^ x[303]
x[278] = x[278] ^ x[317]
x[275] = x[275] ^ x[320]
x[246] = x[246] ^ x[288]
x[247] = x[247] ^ x[285]
x[263] = x[263] ^ x[302]
x[256] = x[256] ^ x[299]
x[107] = x[107] ^ x[142]
x[98] = x[98] ^ x[125]
x[97] = x[97] ^ x[156]
x[118] = x[118] ^ x[148]
x[84] = x[84] ^ x[134]
x[83] = x[83] ^ x[121]
x[105] = x[105] ^ x[147]
x[101] = x[101] ^ x[137]
x[93] = x[93] ^ x[144]
x[104] = x[104] ^ x[141]
x[44] = x[44] ^ x[73]
x[36] = x[36] ^ x[2]
x[76] = x[76] ^ x[67]
x[106] = x[106] ^ x[154]
x[15] = x[15] ^ x[24]
x[27] = x[27] ^ x[35]
x[18] = x[18] ^ x[1]
x[10] = x[10] ^ x[32]
x[260] = x[260] ^ x[304]
x[91] = x[91] ^ x[128]
x[119] = x[119] ^ x[158]
x[160] = x[160] ^ x[130]
x[133] = x[133] ^ x[157]
x[4] = x[4] ^ x[39]
x[69] = x[69] ^ x[58]
x[74] = x[74] ^ x[71]
x[78] = x[78] ^ x[47]
x[31] = x[31] ^ x[26]
x[20] = x[20] ^ x[34]
x[64] = x[64] ^ x[72]
x[257] = x[257] ^ x[277]
x[274] = x[274] ^ x[319]
x[177] = x[177] ^ x[231]
x[139] = x[139] ^ x[124]
x[290] = x[290] ^ x[307]
x[169] = x[169] ^ x[233]
x[162] = x[162] ^ x[204]
x[195] = x[195] ^ x[176]
x[171] = x[171] ^ x[205]
x[232] = x[232] ^ x[212]
x[201] = x[201] ^ x[181]
x[206] = x[206] ^ x[235]
x[207] = x[207] ^ x[224]
x[248] = x[248] ^ x[252]
x[262] = x[262] ^ x[270]
x[219] = x[219] ^ x[202]
x[296] = x[296] ^ x[318]
x[322] = x[322] ^ x[292]
x[314] = x[314] ^ x[305]
x[221] = x[221] ^ x[220]
x[216] = x[216] ^ x[222]
x[306] = x[306] ^ x[289]
x[286] = x[286] ^ x[310]
x[227] = x[227] ^ x[218]
x[226] = x[226] ^ x[213]
x[189] = x[189] ^ x[196]
x[186] = x[186] ^ x[228]
x[282] = x[282] ^ x[318]
x[192] = x[192] ^ x[242]
x[111] = x[111] ^ x[142]
x[6] = x[6] ^ x[5]
x[280] = x[280] ^ x[300]
x[81] = x[81] ^ x[161]
x[120] = x[120] ^ x[154]
x[17] = x[17] ^ x[13]
x[25] = x[25] ^ x[29]
x[200] = x[200] ^ x[239]
x[116] = x[116] ^ x[159]
x[96] = x[96] ^ x[123]
x[100] = x[100] ^ x[143]
x[66] = x[66] ^ x[47]
x[38] = x[38] ^ x[3]
x[42] = x[42] ^ x[57]
x[266] = x[266] ^ x[284]
x[250] = x[250] ^ x[297]
x[269] = x[269] ^ x[301]
x[115] = x[115] ^ x[138]
x[94] = x[94] ^ x[132]
x[102] = x[102] ^ x[128]
x[92] = x[92] ^ x[124]
x[103] = x[103] ^ x[136]
x[86] = x[86] ^ x[131]
x[152] = x[152] ^ x[130]
x[53] = x[53] ^ x[50]
x[60] = x[60] ^ x[58]
x[82] = x[82] ^ x[129]
x[61] = x[61] ^ x[40]
x[243] = x[243] ^ x[294]
x[259] = x[259] ^ x[252]
x[265] = x[265] ^ x[299]
x[302] = x[302] ^ x[317]
x[184] = x[184] ^ x[194]
x[321] = x[321] ^ x[313]
x[107] = x[107] ^ x[144]
x[98] = x[98] ^ x[135]
x[97] = x[97] ^ x[148]
x[84] = x[84] ^ x[127]
x[121] = x[121] ^ x[151]
x[288] = x[288] ^ x[308]
x[95] = x[95] ^ x[140]
x[101] = x[101] ^ x[146]
x[93] = x[93] ^ x[149]
x[89] = x[89] ^ x[125]
x[76] = x[76] ^ x[73]
x[21] = x[21] ^ x[2]
x[106] = x[106] ^ x[141]
x[36] = x[36] ^ x[23]
x[44] = x[44] ^ x[54]
x[27] = x[27] ^ x[18]
x[24] = x[24] ^ x[33]
x[56] = x[56] ^ x[67]
x[163] = x[163] ^ x[202]
x[320] = x[320] ^ x[304]
x[253] = x[253] ^ x[247]
x[91] = x[91] ^ x[122]
x[158] = x[158] ^ x[147]
x[160] = x[160] ^ x[133]
x[4] = x[4] ^ x[32]
x[69] = x[69] ^ x[46]
x[45] = x[45] ^ x[71]
x[78] = x[78] ^ x[63]
x[31] = x[31] ^ x[1]
x[20] = x[20] ^ x[30]
x[72] = x[72] ^ x[14]
x[277] = x[277] ^ x[260]
x[165] = x[165] ^ x[209]
x[274] = x[274] ^ x[323]
x[139] = x[139] ^ x[153]
x[169] = x[169] ^ x[203]
x[205] = x[205] ^ x[214]
x[201] = x[201] ^ x[162]
x[235] = x[235] ^ x[224]
x[248] = x[248] ^ x[270]
x[312] = x[312] ^ x[296]
x[231] = x[231] ^ x[206]
x[290] = x[290] ^ x[292]
x[219] = x[219] ^ x[221]
x[315] = x[315] ^ x[289]
x[310] = x[310] ^ x[293]
x[314] = x[314] ^ x[306]
x[195] = x[195] ^ x[189]
x[211] = x[211] ^ x[226]
x[212] = x[212] ^ x[218]
x[196] = x[196] ^ x[172]
x[216] = x[216] ^ x[213]
x[185] = x[185] ^ x[214]
x[114] = x[114] ^ x[136]
x[111] = x[111] ^ x[153]
x[7] = x[7] ^ x[23]
x[6] = x[6] ^ x[13]
x[198] = x[198] ^ x[236]
x[88] = x[88] ^ x[151]
x[116] = x[116] ^ x[149]
x[81] = x[81] ^ x[123]
x[100] = x[100] ^ x[155]
x[66] = x[66] ^ x[49]
x[57] = x[57] ^ x[75]
x[266] = x[266] ^ x[285]
x[250] = x[250] ^ x[269]
x[249] = x[249] ^ x[291]
x[87] = x[87] ^ x[156]
x[96] = x[96] ^ x[142]
x[86] = x[86] ^ x[126]
x[16] = x[16] ^ x[11]
x[12] = x[12] ^ x[9]
x[115] = x[115] ^ x[129]
x[90] = x[90] ^ x[131]
x[154] = x[154] ^ x[124]
x[79] = x[79] ^ x[59]
x[70] = x[70] ^ x[53]
x[279] = x[279] ^ x[246]
x[243] = x[243] ^ x[281]
x[182] = x[182] ^ x[166]
x[178] = x[178] ^ x[210]
x[186] = x[186] ^ x[184]
x[261] = x[261] ^ x[245]
x[300] = x[300] ^ x[293]
x[256] = x[256] ^ x[244]
x[107] = x[107] ^ x[148]
x[98] = x[98] ^ x[132]
x[128] = x[128] ^ x[130]
x[127] = x[127] ^ x[161]
x[259] = x[259] ^ x[258]
x[92] = x[92] ^ x[140]
x[104] = x[104] ^ x[146]
x[93] = x[93] ^ x[137]
x[97] = x[97] ^ x[143]
x[119] = x[119] ^ x[103]
x[21] = x[21] ^ x[29]
x[74] = x[74] ^ x[58]
x[76] = x[76] ^ x[50]
x[141] = x[141] ^ x[125]
x[73] = x[73] ^ x[60]
x[33] = x[33] ^ x[27]
x[54] = x[54] ^ x[38]
x[67] = x[67] ^ x[40]
x[264] = x[264] ^ x[282]
x[299] = x[299] ^ x[320]
x[284] = x[284] ^ x[308]
x[294] = x[294] ^ x[302]
x[138] = x[138] ^ x[147]
x[122] = x[122] ^ x[160]
x[46] = x[46] ^ x[52]
x[32] = x[32] ^ x[17]
x[69] = x[69] ^ x[45]
x[55] = x[55] ^ x[78]
x[3] = x[3] ^ x[31]
x[30] = x[30] ^ x[36]
x[72] = x[72] ^ x[0]
x[278] = x[278] ^ x[277]
x[274] = x[274] ^ x[316]
x[271] = x[271] ^ x[247]
x[121] = x[121] ^ x[139]
x[203] = x[203] ^ x[217]
x[237] = x[237] ^ x[205]
x[242] = x[242] ^ x[202]
x[239] = x[239] ^ x[207]
x[276] = x[276] ^ x[270]
x[312] = x[312] ^ x[296]
x[232] = x[232] ^ x[231]
x[297] = x[297] ^ x[290]
x[286] = x[286] ^ x[321]
x[322] = x[322] ^ x[310]
x[314] = x[314] ^ x[315]
x[189] = x[189] ^ x[162]
x[218] = x[218] ^ x[221]
x[226] = x[226] ^ x[215]
x[196] = x[196] ^ x[165]
x[224] = x[224] ^ x[213]
x[216] = x[216] ^ x[212]
x[197] = x[197] ^ x[222]
x[185] = x[185] ^ x[234]
x[193] = x[193] ^ x[220]
x[267] = x[267] ^ x[309]
x[108] = x[108] ^ x[153]
x[7] = x[7] ^ x[19]
x[6] = x[6] ^ x[39]
x[155] = x[155] ^ x[161]
x[66] = x[66] ^ x[43]
x[265] = x[265] ^ x[308]
x[254] = x[254] ^ x[298]
x[272] = x[272] ^ x[273]
x[194] = x[194] ^ x[187]
x[280] = x[280] ^ x[269]
x[123] = x[123] ^ x[151]
x[86] = x[86] ^ x[114]
x[129] = x[129] ^ x[131]
x[16] = x[16] ^ x[13]
x[8] = x[8] ^ x[36]
x[2] = x[2] ^ x[9]
x[56] = x[56] ^ x[70]
x[163] = x[163] ^ x[166]
x[319] = x[319] ^ x[318]
x[281] = x[281] ^ x[256]
x[178] = x[178] ^ x[186]
x[148] = x[148] ^ x[159]
x[128] = x[128] ^ x[127]
x[259] = x[259] ^ x[283]
x[87] = x[87] ^ x[130]
x[140] = x[140] ^ x[146]
x[158] = x[158] ^ x[156]
x[93] = x[93] ^ x[135]
x[116] = x[116] ^ x[98]
x[119] = x[119] ^ x[107]
x[109] = x[109] ^ x[97]
x[58] = x[58] ^ x[50]
x[94] = x[94] ^ x[125]
x[34] = x[34] ^ x[21]
x[47] = x[47] ^ x[73]
x[40] = x[40] ^ x[33]
x[246] = x[246] ^ x[260]
x[182] = x[182] ^ x[165]
x[167] = x[167] ^ x[240]
x[320] = x[320] ^ x[324]
x[268] = x[268] ^ x[251]
x[152] = x[152] ^ x[147]
x[142] = x[142] ^ x[122]
x[46] = x[46] ^ x[61]
x[136] = x[136] ^ x[124]
x[32] = x[32] ^ x[22]
x[55] = x[55] ^ x[65]
x[45] = x[45] ^ x[79]
x[54] = x[54] ^ x[30]
x[75] = x[75] ^ x[31]
x[72] = x[72] ^ x[25]
x[264] = x[264] ^ x[278]
x[252] = x[252] ^ x[279]
x[275] = x[275] ^ x[262]
x[316] = x[316] ^ x[300]
x[271] = x[271] ^ x[245]
x[132] = x[132] ^ x[121]
x[203] = x[203] ^ x[204]
x[233] = x[233] ^ x[237]
x[242] = x[242] ^ x[225]
x[247] = x[247] ^ x[270]
x[284] = x[284] ^ x[312]
x[291] = x[291] ^ x[296]
x[241] = x[241] ^ x[219]
x[231] = x[231] ^ x[232]
x[285] = x[285] ^ x[289]
x[321] = x[321] ^ x[294]
x[310] = x[310] ^ x[322]
x[297] = x[297] ^ x[315]
x[162] = x[162] ^ x[169]
x[238] = x[238] ^ x[226]
x[196] = x[196] ^ x[198]
x[210] = x[210] ^ x[212]
x[224] = x[224] ^ x[205]
x[239] = x[239] ^ x[218]
x[188] = x[188] ^ x[208]
x[37] = x[37] ^ x[14]
x[41] = x[41] ^ x[77]
x[193] = x[193] ^ x[223]
x[110] = x[110] ^ x[159]
x[111] = x[111] ^ x[145]
x[267] = x[267] ^ x[303]
x[82] = x[82] ^ x[134]
x[113] = x[113] ^ x[117]
x[80] = x[80] ^ x[62]
x[10] = x[10] ^ x[28]
x[266] = x[266] ^ x[313]
x[228] = x[228] ^ x[222]
x[229] = x[229] ^ x[204]
x[255] = x[255] ^ x[250]
x[12] = x[12] ^ x[11]
x[106] = x[106] ^ x[112]
x[253] = x[253] ^ x[245]
x[194] = x[194] ^ x[200]
x[89] = x[89] ^ x[124]
x[103] = x[103] ^ x[84]
x[95] = x[95] ^ x[137]
x[13] = x[13] ^ x[2]
x[257] = x[257] ^ x[282]
x[187] = x[187] ^ x[173]
x[163] = x[163] ^ x[197]
x[190] = x[190] ^ x[166]
x[258] = x[258] ^ x[281]
x[148] = x[148] ^ x[127]
x[160] = x[160] ^ x[151]
x[272] = x[272] ^ x[283]
x[140] = x[140] ^ x[156]
x[126] = x[126] ^ x[128]
x[130] = x[130] ^ x[158]
x[98] = x[98] ^ x[104]
x[141] = x[141] ^ x[153]
x[97] = x[97] ^ x[86]
x[87] = x[87] ^ x[107]
x[50] = x[50] ^ x[33]
x[76] = x[76] ^ x[69]
x[43] = x[43] ^ x[34]
x[135] = x[135] ^ x[144]
x[56] = x[56] ^ x[36]
x[260] = x[260] ^ x[269]
x[185] = x[185] ^ x[165]
x[174] = x[174] ^ x[172]
x[298] = x[298] ^ x[295]
x[319] = x[319] ^ x[320]
x[181] = x[181] ^ x[192]
x[138] = x[138] ^ x[122]
x[147] = x[147] ^ x[146]
x[161] = x[161] ^ x[139]
x[61] = x[61] ^ x[25]
x[7] = x[7] ^ x[32]
x[55] = x[55] ^ x[26]
x[46] = x[46] ^ x[39]
x[47] = x[47] ^ x[30]
x[125] = x[125] ^ x[131]
x[136] = x[136] ^ x[129]
x[45] = x[45] ^ x[22]
x[75] = x[75] ^ x[19]
x[40] = x[40] ^ x[31]
x[278] = x[278] ^ x[243]
x[240] = x[240] ^ x[202]
x[262] = x[262] ^ x[251]
x[234] = x[234] ^ x[207]
x[311] = x[311] ^ x[287]
x[271] = x[271] ^ x[252]
x[150] = x[150] ^ x[132]
x[143] = x[143] ^ x[121]
x[292] = x[292] ^ x[302]
x[233] = x[233] ^ x[235]
x[308] = x[308] ^ x[306]
x[270] = x[270] ^ x[244]
x[236] = x[236] ^ x[211]
x[296] = x[296] ^ x[300]
x[237] = x[237] ^ x[219]
x[299] = x[299] ^ x[286]
x[285] = x[285] ^ x[304]
x[216] = x[216] ^ x[203]
x[213] = x[213] ^ x[241]
x[321] = x[321] ^ x[284]
x[315] = x[315] ^ x[310]
x[162] = x[162] ^ x[186]
x[221] = x[221] ^ x[238]
x[183] = x[183] ^ x[196]
x[212] = x[212] ^ x[205]
x[239] = x[239] ^ x[232]
x[218] = x[218] ^ x[242]
x[214] = x[214] ^ x[226]
x[41] = x[41] ^ x[51]
x[105] = x[105] ^ x[82]
x[115] = x[115] ^ x[88]
x[111] = x[111] ^ x[113]
x[80] = x[80] ^ x[59]
x[28] = x[28] ^ x[18]
x[261] = x[261] ^ x[254]
x[273] = x[273] ^ x[266]
x[199] = x[199] ^ x[184]
x[123] = x[123] ^ x[154]
x[11] = x[11] ^ x[37]
x[117] = x[117] ^ x[104]
x[91] = x[91] ^ x[112]
x[1] = x[1] ^ x[12]
x[171] = x[171] ^ x[188]
x[93] = x[93] ^ x[81]
x[96] = x[96] ^ x[89]
x[137] = x[137] ^ x[131]
x[116] = x[116] ^ x[83]
x[109] = x[109] ^ x[102]
x[253] = x[253] ^ x[257]
x[187] = x[187] ^ x[200]
x[160] = x[160] ^ x[142]
x[255] = x[255] ^ x[258]
x[283] = x[283] ^ x[259]
x[151] = x[151] ^ x[140]
x[127] = x[127] ^ x[130]
x[103] = x[103] ^ x[107]
x[92] = x[92] ^ x[98]
x[97] = x[97] ^ x[118]
x[153] = x[153] ^ x[128]
x[76] = x[76] ^ x[8]
x[49] = x[49] ^ x[33]
x[43] = x[43] ^ x[36]
x[279] = x[279] ^ x[248]
x[177] = x[177] ^ x[165]
x[263] = x[263] ^ x[275]
x[174] = x[174] ^ x[178]
x[268] = x[268] ^ x[260]
x[295] = x[295] ^ x[320]
x[168] = x[168] ^ x[191]
x[192] = x[192] ^ x[175]
x[277] = x[277] ^ x[267]
x[156] = x[156] ^ x[138]
x[146] = x[146] ^ x[147]
x[79] = x[79] ^ x[32]
x[50] = x[50] ^ x[39]
x[55] = x[55] ^ x[30]
x[129] = x[129] ^ x[139]
x[46] = x[46] ^ x[3]
x[125] = x[125] ^ x[135]
x[45] = x[45] ^ x[25]
x[75] = x[75] ^ x[13]
x[54] = x[54] ^ x[31]
x[269] = x[269] ^ x[262]
x[202] = x[202] ^ x[223]
x[204] = x[204] ^ x[222]
x[157] = x[157] ^ x[132]
x[122] = x[122] ^ x[143]
x[150] = x[150] ^ x[159]
x[303] = x[303] ^ x[290]
x[195] = x[195] ^ x[197]
x[207] = x[207] ^ x[235]
x[302] = x[302] ^ x[287]
x[231] = x[231] ^ x[208]
x[323] = x[323] ^ x[292]
x[306] = x[306] ^ x[324]
x[289] = x[289] ^ x[311]
x[270] = x[270] ^ x[245]
x[300] = x[300] ^ x[308]
x[286] = x[286] ^ x[312]
x[216] = x[216] ^ x[240]
x[215] = x[215] ^ x[224]
x[285] = x[285] ^ x[309]
x[210] = x[210] ^ x[209]
x[322] = x[322] ^ x[291]
x[284] = x[284] ^ x[271]
x[315] = x[315] ^ x[278]
x[206] = x[206] ^ x[221]
x[196] = x[196] ^ x[166]
x[186] = x[186] ^ x[173]
x[183] = x[183] ^ x[172]
x[162] = x[162] ^ x[179]
x[229] = x[229] ^ x[238]
x[218] = x[218] ^ x[239]
x[213] = x[213] ^ x[214]
x[212] = x[212] ^ x[211]
x[226] = x[226] ^ x[219]
x[193] = x[193] ^ x[197]
x[99] = x[99] ^ x[110]
x[42] = x[42] ^ x[41]
x[101] = x[101] ^ x[144]
x[134] = x[134] ^ x[155]
x[23] = x[23] ^ x[39]
x[228] = x[228] ^ x[220]
x[44] = x[44] ^ x[71]
x[114] = x[114] ^ x[85]
x[106] = x[106] ^ x[115]
x[20] = x[20] ^ x[19]
x[80] = x[80] ^ x[65]
x[63] = x[63] ^ x[77]
x[4] = x[4] ^ x[26]
x[9] = x[9] ^ x[14]
x[51] = x[51] ^ x[74]
x[67] = x[67] ^ x[6]
x[5] = x[5] ^ x[8]
x[254] = x[254] ^ x[256]
x[100] = x[100] ^ x[119]
x[17] = x[17] ^ x[16]
x[73] = x[73] ^ x[11]
x[58] = x[58] ^ x[35]
x[171] = x[171] ^ x[163]
x[167] = x[167] ^ x[166]
x[148] = x[148] ^ x[159]
x[81] = x[81] ^ x[102]
x[152] = x[152] ^ x[141]
x[87] = x[87] ^ x[112]
x[86] = x[86] ^ x[117]
x[104] = x[104] ^ x[82]
x[96] = x[96] ^ x[105]
x[116] = x[116] ^ x[111]
x[187] = x[187] ^ x[170]
x[184] = x[184] ^ x[201]
x[160] = x[160] ^ x[126]
x[258] = x[258] ^ x[283]
x[154] = x[154] ^ x[127]
x[84] = x[84] ^ x[92]
x[118] = x[118] ^ x[97]
x[145] = x[145] ^ x[151]
x[103] = x[103] ^ x[94]
x[137] = x[137] ^ x[142]
x[131] = x[131] ^ x[124]
x[62] = x[62] ^ x[33]
x[47] = x[47] ^ x[37]
x[49] = x[49] ^ x[36]
x[225] = x[225] ^ x[234]
x[248] = x[248] ^ x[268]
x[175] = x[175] ^ x[198]
x[191] = x[191] ^ x[185]
x[257] = x[257] ^ x[243]
x[288] = x[288] ^ x[311]
x[200] = x[200] ^ x[177]
x[277] = x[277] ^ x[255]
x[133] = x[133] ^ x[121]
x[140] = x[140] ^ x[146]
x[76] = x[76] ^ x[3]
x[50] = x[50] ^ x[32]
x[130] = x[130] ^ x[147]
x[46] = x[46] ^ x[30]
x[40] = x[40] ^ x[25]
x[139] = x[139] ^ x[125]
x[75] = x[75] ^ x[1]
x[54] = x[54] ^ x[28]
x[275] = x[275] ^ x[262]
x[293] = x[293] ^ x[309]
x[157] = x[157] ^ x[132]
x[156] = x[156] ^ x[122]
x[143] = x[143] ^ x[158]
x[128] = x[128] ^ x[150]
x[301] = x[301] ^ x[303]
x[317] = x[317] ^ x[290]
x[313] = x[313] ^ x[314]
x[207] = x[207] ^ x[231]
x[304] = x[304] ^ x[292]
x[324] = x[324] ^ x[266]
x[270] = x[270] ^ x[272]
x[302] = x[302] ^ x[289]
x[297] = x[297] ^ x[318]
x[308] = x[308] ^ x[273]
x[312] = x[312] ^ x[264]
x[205] = x[205] ^ x[235]
x[240] = x[240] ^ x[208]
x[209] = x[209] ^ x[223]
x[210] = x[210] ^ x[203]
x[285] = x[285] ^ x[307]
x[320] = x[320] ^ x[322]
x[237] = x[237] ^ x[216]
x[284] = x[284] ^ x[281]
x[315] = x[315] ^ x[279]
x[165] = x[165] ^ x[196]
x[206] = x[206] ^ x[224]
x[221] = x[221] ^ x[230]
x[172] = x[172] ^ x[190]
x[186] = x[186] ^ x[182]
x[173] = x[173] ^ x[164]
x[238] = x[238] ^ x[232]
x[178] = x[178] ^ x[162]
x[222] = x[222] ^ x[214]
x[211] = x[211] ^ x[195]
x[219] = x[219] ^ x[218]
x[41] = x[41] ^ x[38]
x[71] = x[71] ^ x[60]
x[88] = x[88] ^ x[95]
x[44] = x[44] ^ x[63]
x[74] = x[74] ^ x[14]
x[67] = x[67] ^ x[39]
x[282] = x[282] ^ x[267]
x[256] = x[256] ^ x[280]
x[110] = x[110] ^ x[89]
x[119] = x[119] ^ x[120]
x[83] = x[83] ^ x[100]
x[56] = x[56] ^ x[4]
x[72] = x[72] ^ x[3]
x[65] = x[65] ^ x[35]
x[316] = x[316] ^ x[307]
x[181] = x[181] ^ x[180]
x[194] = x[194] ^ x[171]
x[305] = x[305] ^ x[319]
x[98] = x[98] ^ x[87]
x[113] = x[113] ^ x[81]
x[112] = x[112] ^ x[86]
x[134] = x[134] ^ x[136]
x[73] = x[73] ^ x[8]
x[111] = x[111] ^ x[105]
x[61] = x[61] ^ x[12]
x[251] = x[251] ^ x[253]
x[260] = x[260] ^ x[281]
x[170] = x[170] ^ x[164]
x[265] = x[265] ^ x[252]
x[187] = x[187] ^ x[199]
x[184] = x[184] ^ x[166]
x[154] = x[154] ^ x[82]
x[92] = x[92] ^ x[102]
x[138] = x[138] ^ x[155]
x[115] = x[115] ^ x[103]
x[79] = x[79] ^ x[20]
x[142] = x[142] ^ x[124]
x[62] = x[62] ^ x[22]
x[47] = x[47] ^ x[24]
x[45] = x[45] ^ x[0]
x[233] = x[233] ^ x[227]
x[269] = x[269] ^ x[257]
x[159] = x[159] ^ x[161]
x[133] = x[133] ^ x[152]
x[76] = x[76] ^ x[36]
x[43] = x[43] ^ x[32]
x[140] = x[140] ^ x[131]
x[130] = x[130] ^ x[118]
x[49] = x[49] ^ x[30]
x[40] = x[40] ^ x[17]
x[125] = x[125] ^ x[114]
x[46] = x[46] ^ x[26]
x[75] = x[75] ^ x[25]
x[54] = x[54] ^ x[23]
x[157] = x[157] ^ x[160]
x[122] = x[122] ^ x[141]
x[158] = x[158] ^ x[144]
x[128] = x[128] ^ x[151]
x[303] = x[303] ^ x[287]
x[169] = x[169] ^ x[179]
x[290] = x[290] ^ x[296]
x[198] = x[198] ^ x[191]
x[286] = x[286] ^ x[277]
x[314] = x[314] ^ x[323]
x[304] = x[304] ^ x[294]
x[309] = x[309] ^ x[313]
x[324] = x[324] ^ x[262]
x[311] = x[311] ^ x[291]
x[306] = x[306] ^ x[270]
x[289] = x[289] ^ x[293]
x[318] = x[318] ^ x[258]
x[310] = x[310] ^ x[263]
x[202] = x[202] ^ x[205]
x[228] = x[228] ^ x[229]
x[235] = x[235] ^ x[239]
x[203] = x[203] ^ x[209]
x[298] = x[298] ^ x[285]
x[320] = x[320] ^ x[248]
x[284] = x[284] ^ x[264]
x[231] = x[231] ^ x[216]
x[315] = x[315] ^ x[273]
x[196] = x[196] ^ x[174]
x[224] = x[224] ^ x[240]
x[221] = x[221] ^ x[241]
x[182] = x[182] ^ x[177]
x[190] = x[190] ^ x[173]
x[230] = x[230] ^ x[225]
x[238] = x[238] ^ x[234]
x[214] = x[214] ^ x[197]
x[211] = x[211] ^ x[200]
x[218] = x[218] ^ x[162]
x[149] = x[149] ^ x[144]
x[101] = x[101] ^ x[108]
x[52] = x[52] ^ x[48]
x[77] = x[77] ^ x[68]
x[16] = x[16] ^ x[0]
x[71] = x[71] ^ x[11]
x[88] = x[88] ^ x[93]
x[69] = x[69] ^ x[20]
x[119] = x[119] ^ x[110]
x[89] = x[89] ^ x[109]
x[120] = x[120] ^ x[117]
x[104] = x[104] ^ x[107]
x[51] = x[51] ^ x[22]
x[44] = x[44] ^ x[38]
x[56] = x[56] ^ x[1]
x[58] = x[58] ^ x[26]
x[201] = x[201] ^ x[176]
x[217] = x[217] ^ x[242]
x[136] = x[136] ^ x[137]
x[73] = x[73] ^ x[19]
x[55] = x[55] ^ x[35]
x[145] = x[145] ^ x[91]
x[67] = x[67] ^ x[8]
x[170] = x[170] ^ x[168]
x[256] = x[256] ^ x[260]
x[187] = x[187] ^ x[185]
x[243] = x[243] ^ x[267]
x[154] = x[154] ^ x[98]
x[81] = x[81] ^ x[82]
x[155] = x[155] ^ x[135]
x[127] = x[127] ^ x[115]
x[50] = x[50] ^ x[14]
x[45] = x[45] ^ x[7]
x[79] = x[79] ^ x[12]
x[236] = x[236] ^ x[233]
x[146] = x[146] ^ x[159]
x[153] = x[153] ^ x[156]
x[143] = x[143] ^ x[133]
x[132] = x[132] ^ x[123]
x[152] = x[152] ^ x[148]
x[47] = x[47] ^ x[17]
x[62] = x[62] ^ x[32]
x[125] = x[125] ^ x[111]
x[124] = x[124] ^ x[118]
x[76] = x[76] ^ x[37]
x[46] = x[46] ^ x[23]
x[75] = x[75] ^ x[30]
x[40] = x[40] ^ x[3]
x[140] = x[140] ^ x[83]
x[321] = x[321] ^ x[253]
x[160] = x[160] ^ x[105]
x[122] = x[122] ^ x[114]
x[158] = x[158] ^ x[102]
x[151] = x[151] ^ x[112]
x[303] = x[303] ^ x[316]
x[299] = x[299] ^ x[302]
x[296] = x[296] ^ x[252]
x[287] = x[287] ^ x[301]
x[308] = x[308] ^ x[248]
x[286] = x[286] ^ x[279]
x[323] = x[323] ^ x[272]
x[317] = x[317] ^ x[304]
x[183] = x[183] ^ x[189]
x[179] = x[179] ^ x[197]
x[313] = x[313] ^ x[278]
x[215] = x[215] ^ x[212]
x[311] = x[311] ^ x[257]
x[293] = x[293] ^ x[262]
x[291] = x[291] ^ x[270]
x[318] = x[318] ^ x[269]
x[319] = x[319] ^ x[298]
x[294] = x[294] ^ x[285]
x[320] = x[320] ^ x[281]
x[227] = x[227] ^ x[228]
x[219] = x[219] ^ x[166]
x[310] = x[310] ^ x[264]
x[315] = x[315] ^ x[254]
x[202] = x[202] ^ x[196]
x[240] = x[240] ^ x[181]
x[239] = x[239] ^ x[182]
x[225] = x[225] ^ x[192]
x[209] = x[209] ^ x[190]
x[221] = x[221] ^ x[162]
x[238] = x[238] ^ x[191]
x[234] = x[234] ^ x[177]
x[216] = x[216] ^ x[200]
x[214] = x[214] ^ x[194]
x[41] = x[41] ^ x[2]
x[68] = x[68] ^ x[21]
x[77] = x[77] ^ x[13]
x[74] = x[74] ^ x[24]
x[57] = x[57] ^ x[34]
x[48] = x[48] ^ x[15]
x[282] = x[282] ^ x[254]
x[71] = x[71] ^ x[0]
x[95] = x[95] ^ x[96]
x[72] = x[72] ^ x[23]
x[69] = x[69] ^ x[6]
x[61] = x[61] ^ x[9]
x[129] = x[129] ^ x[138]
x[142] = x[142] ^ x[120]
x[137] = x[137] ^ x[104]
x[73] = x[73] ^ x[33]
x[44] = x[44] ^ x[35]
x[56] = x[56] ^ x[28]
x[145] = x[145] ^ x[92]
x[58] = x[58] ^ x[3]
x[244] = x[244] ^ x[276]
x[154] = x[154] ^ x[89]
x[161] = x[161] ^ x[121]
x[155] = x[155] ^ x[109]
x[43] = x[43] ^ x[26]
x[55] = x[55] ^ x[20]
x[49] = x[49] ^ x[22]
x[147] = x[147] ^ x[81]
x[54] = x[54] ^ x[14]
x[159] = x[159] ^ x[85]
x[153] = x[153] ^ x[118]
x[128] = x[128] ^ x[110]
x[132] = x[132] ^ x[115]
x[152] = x[152] ^ x[88]
x[133] = x[133] ^ x[119]
x[144] = x[144] ^ x[83]
x[45] = x[45] ^ x[17]
x[62] = x[62] ^ x[12]
x[76] = x[76] ^ x[39]
x[46] = x[46] ^ x[8]
x[75] = x[75] ^ x[40]
x[125] = x[125] ^ x[101]
x[290] = x[290] ^ x[277]
x[199] = x[199] ^ x[169]
x[160] = x[160] ^ x[114]
x[312] = x[312] ^ x[267]
x[158] = x[158] ^ x[116]
x[151] = x[151] ^ x[106]
x[316] = x[316] ^ x[253]
x[242] = x[242] ^ x[237]
x[299] = x[299] ^ x[273]
x[289] = x[289] ^ x[265]
x[223] = x[223] ^ x[207]
x[324] = x[324] ^ x[256]
x[306] = x[306] ^ x[245]
x[323] = x[323] ^ x[249]
x[304] = x[304] ^ x[262]
x[176] = x[176] ^ x[183]
x[172] = x[172] ^ x[195]
x[189] = x[189] ^ x[170]
x[313] = x[313] ^ x[266]
x[163] = x[163] ^ x[178]
x[206] = x[206] ^ x[204]
x[212] = x[212] ^ x[233]
x[284] = x[284] ^ x[260]
x[296] = x[296] ^ x[279]
x[301] = x[301] ^ x[278]
x[164] = x[164] ^ x[168]
x[308] = x[308] ^ x[257]
x[203] = x[203] ^ x[184]
x[226] = x[226] ^ x[215]
x[319] = x[319] ^ x[264]
x[222] = x[222] ^ x[197]
x[285] = x[285] ^ x[270]
x[320] = x[320] ^ x[269]
x[228] = x[228] ^ x[201]
x[298] = x[298] ^ x[247]
x[315] = x[315] ^ x[274]
x[202] = x[202] ^ x[194]
x[240] = x[240] ^ x[167]
x[239] = x[239] ^ x[180]
x[225] = x[225] ^ x[182]
x[234] = x[234] ^ x[190]
x[209] = x[209] ^ x[185]
x[221] = x[221] ^ x[191]
x[216] = x[216] ^ x[179]
x[214] = x[214] ^ x[200]
x[219] = x[219] ^ x[162]
x[78] = x[78] ^ x[80]
x[52] = x[52] ^ x[38]
x[63] = x[63] ^ x[9]
x[65] = x[65] ^ x[28]
x[60] = x[60] ^ x[21]
x[48] = x[48] ^ x[5]
x[261] = x[261] ^ x[282]
x[77] = x[77] ^ x[6]
x[67] = x[67] ^ x[29]
x[129] = x[129] ^ x[92]
x[150] = x[150] ^ x[134]
x[131] = x[131] ^ x[120]
x[135] = x[135] ^ x[117]
x[137] = x[137] ^ x[103]
x[138] = x[138] ^ x[91]
x[61] = x[61] ^ x[33]
x[41] = x[41] ^ x[0]
x[127] = x[127] ^ x[110]
x[145] = x[145] ^ x[94]
x[73] = x[73] ^ x[31]
x[79] = x[79] ^ x[10]
x[50] = x[50] ^ x[7]
x[154] = x[154] ^ x[81]
x[300] = x[300] ^ x[247]
x[47] = x[47] ^ x[3]
x[43] = x[43] ^ x[24]
x[55] = x[55] ^ x[14]
x[56] = x[56] ^ x[22]
x[49] = x[49] ^ x[13]
x[143] = x[143] ^ x[118]
x[159] = x[159] ^ x[83]
x[153] = x[153] ^ x[108]
x[152] = x[152] ^ x[95]
x[146] = x[146] ^ x[85]
x[144] = x[144] ^ x[109]
x[128] = x[128] ^ x[101]
x[122] = x[122] ^ x[104]
x[121] = x[121] ^ x[115]
x[123] = x[123] ^ x[119]
x[72] = x[72] ^ x[45]
x[62] = x[62] ^ x[35]
x[76] = x[76] ^ x[34]
x[75] = x[75] ^ x[46]
x[322] = x[322] ^ x[274]
x[287] = x[287] ^ x[267]
x[290] = x[290] ^ x[276]
x[160] = x[160] ^ x[88]
x[158] = x[158] ^ x[107]
x[151] = x[151] ^ x[98]
x[213] = x[213] ^ x[229]
x[299] = x[299] ^ x[272]
x[289] = x[289] ^ x[248]
x[235] = x[235] ^ x[193]
x[311] = x[311] ^ x[283]
x[232] = x[232] ^ x[210]
x[207] = x[207] ^ x[199]
x[318] = x[318] ^ x[252]
x[323] = x[323] ^ x[271]
x[242] = x[242] ^ x[172]
x[204] = x[204] ^ x[195]
x[206] = x[206] ^ x[189]
x[236] = x[236] ^ x[183]
x[233] = x[233] ^ x[187]
x[296] = x[296] ^ x[265]
x[218] = x[218] ^ x[173]
x[286] = x[286] ^ x[278]
x[291] = x[291] ^ x[266]
x[308] = x[308] ^ x[256]
x[203] = x[203] ^ x[178]
x[310] = x[310] ^ x[244]
x[211] = x[211] ^ x[196]
x[319] = x[319] ^ x[245]
x[205] = x[205] ^ x[197]
x[285] = x[285] ^ x[258]
x[320] = x[320] ^ x[251]
x[284] = x[284] ^ x[262]
x[298] = x[298] ^ x[281]
x[315] = x[315] ^ x[253]
x[202] = x[202] ^ x[190]
x[240] = x[240] ^ x[162]
x[239] = x[239] ^ x[171]
x[225] = x[225] ^ x[191]
x[228] = x[228] ^ x[185]
x[216] = x[216] ^ x[168]
x[226] = x[226] ^ x[200]
x[64] = x[64] ^ x[18]
x[90] = x[90] ^ x[94]
x[78] = x[78] ^ x[23]
x[280] = x[280] ^ x[281]
x[259] = x[259] ^ x[266]
x[52] = x[52] ^ x[34]
x[74] = x[74] ^ x[2]
x[68] = x[68] ^ x[12]
x[57] = x[57] ^ x[37]
x[80] = x[80] ^ x[0]
x[51] = x[51] ^ x[19]
x[60] = x[60] ^ x[9]
x[48] = x[48] ^ x[6]
x[67] = x[67] ^ x[16]
x[157] = x[157] ^ x[92]
x[156] = x[156] ^ x[91]
x[155] = x[155] ^ x[113]
x[130] = x[130] ^ x[109]
x[137] = x[137] ^ x[117]
x[124] = x[124] ^ x[111]
x[138] = x[138] ^ x[120]
x[41] = x[41] ^ x[33]
x[61] = x[61] ^ x[28]
x[54] = x[54] ^ x[7]
x[73] = x[73] ^ x[10]
x[50] = x[50] ^ x[15]
x[292] = x[292] ^ x[305]
x[300] = x[300] ^ x[282]
x[43] = x[43] ^ x[3]
x[47] = x[47] ^ x[14]
x[44] = x[44] ^ x[17]
x[145] = x[145] ^ x[81]
x[56] = x[56] ^ x[24]
x[208] = x[208] ^ x[217]
x[302] = x[302] ^ x[251]
x[159] = x[159] ^ x[101]
x[143] = x[143] ^ x[83]
x[150] = x[150] ^ x[85]
x[133] = x[133] ^ x[108]
x[132] = x[132] ^ x[116]
x[123] = x[123] ^ x[118]
x[121] = x[121] ^ x[104]
x[62] = x[62] ^ x[20]
x[72] = x[72] ^ x[46]
x[76] = x[76] ^ x[49]
x[322] = x[322] ^ x[275]
x[186] = x[186] ^ x[167]
x[293] = x[293] ^ x[261]
x[324] = x[324] ^ x[250]
x[160] = x[160] ^ x[110]
x[306] = x[306] ^ x[243]
x[231] = x[231] ^ x[180]
x[223] = x[223] ^ x[188]
x[153] = x[153] ^ x[88]
x[158] = x[158] ^ x[114]
x[144] = x[144] ^ x[98]
x[151] = x[151] ^ x[95]
x[229] = x[229] ^ x[176]
x[313] = x[313] ^ x[253]
x[299] = x[299] ^ x[258]
x[289] = x[289] ^ x[252]
x[301] = x[301] ^ x[283]
x[206] = x[206] ^ x[192]
x[224] = x[224] ^ x[172]
x[233] = x[233] ^ x[174]
x[296] = x[296] ^ x[271]
x[235] = x[235] ^ x[183]
x[291] = x[291] ^ x[257]
x[203] = x[203] ^ x[181]
x[308] = x[308] ^ x[267]
x[285] = x[285] ^ x[254]
x[236] = x[236] ^ x[197]
x[320] = x[320] ^ x[274]
x[205] = x[205] ^ x[195]
x[218] = x[218] ^ x[201]
x[290] = x[290] ^ x[262]
x[210] = x[210] ^ x[194]
x[298] = x[298] ^ x[278]
x[284] = x[284] ^ x[256]
x[310] = x[310] ^ x[245]
x[315] = x[315] ^ x[272]
x[240] = x[240] ^ x[169]
x[239] = x[239] ^ x[163]
x[211] = x[211] ^ x[190]
x[209] = x[209] ^ x[162]
x[214] = x[214] ^ x[191]
x[165] = x[165] ^ x[200]
x[228] = x[228] ^ x[193]
x[202] = x[202] ^ x[189]
x[207] = x[207] ^ x[196]
x[219] = x[219] ^ x[168]
x[70] = x[70] ^ x[0]
x[78] = x[78] ^ x[9]
x[295] = x[295] ^ x[280]
x[52] = x[52] ^ x[26]
x[65] = x[65] ^ x[27]
x[288] = x[288] ^ x[307]
x[71] = x[71] ^ x[20]
x[57] = x[57] ^ x[18]
x[80] = x[80] ^ x[19]
x[142] = x[142] ^ x[102]
x[60] = x[60] ^ x[11]
x[148] = x[148] ^ x[106]
x[64] = x[64] ^ x[30]
x[67] = x[67] ^ x[31]
x[161] = x[161] ^ x[107]
x[321] = x[321] ^ x[266]
x[314] = x[314] ^ x[247]
x[157] = x[157] ^ x[86]
x[156] = x[156] ^ x[82]
x[135] = x[135] ^ x[113]
x[155] = x[155] ^ x[90]
x[129] = x[129] ^ x[88]
x[127] = x[127] ^ x[111]
x[55] = x[55] ^ x[1]
x[54] = x[54] ^ x[4]
x[50] = x[50] ^ x[10]
x[125] = x[125] ^ x[100]
x[305] = x[305] ^ x[275]
x[297] = x[297] ^ x[252]
x[303] = x[303] ^ x[263]
x[146] = x[146] ^ x[81]
x[152] = x[152] ^ x[93]
x[124] = x[124] ^ x[109]
x[45] = x[45] ^ x[41]
x[47] = x[47] ^ x[5]
x[43] = x[43] ^ x[25]
x[74] = x[74] ^ x[3]
x[44] = x[44] ^ x[21]
x[56] = x[56] ^ x[12]
x[75] = x[75] ^ x[61]
x[122] = x[122] ^ x[101]
x[150] = x[150] ^ x[92]
x[141] = x[141] ^ x[118]
x[137] = x[137] ^ x[83]
x[123] = x[123] ^ x[108]
x[138] = x[138] ^ x[116]
x[62] = x[62] ^ x[6]
x[46] = x[46] ^ x[76]
x[316] = x[316] ^ x[262]
x[241] = x[241] ^ x[180]
x[322] = x[322] ^ x[271]
x[311] = x[311] ^ x[243]
x[293] = x[293] ^ x[260]
x[324] = x[324] ^ x[248]
x[318] = x[318] ^ x[249]
x[292] = x[292] ^ x[267]
x[227] = x[227] ^ x[166]
x[312] = x[312] ^ x[251]
x[153] = x[153] ^ x[120]
x[158] = x[158] ^ x[84]
x[159] = x[159] ^ x[114]
x[144] = x[144] ^ x[89]
x[121] = x[121] ^ x[110]
x[151] = x[151] ^ x[87]
x[223] = x[223] ^ x[174]
x[229] = x[229] ^ x[178]
x[313] = x[313] ^ x[246]
x[204] = x[204] ^ x[201]
x[242] = x[242] ^ x[189]
x[238] = x[238] ^ x[187]
x[289] = x[289] ^ x[283]
x[213] = x[213] ^ x[173]
x[299] = x[299] ^ x[264]
x[222] = x[222] ^ x[184]
x[208] = x[208] ^ x[196]
x[206] = x[206] ^ x[183]
x[233] = x[233] ^ x[175]
x[296] = x[296] ^ x[261]
x[224] = x[224] ^ x[181]
x[230] = x[230] ^ x[197]
x[285] = x[285] ^ x[250]
x[320] = x[320] ^ x[245]
x[225] = x[225] ^ x[195]
x[205] = x[205] ^ x[188]
x[221] = x[221] ^ x[171]
x[218] = x[218] ^ x[192]
x[290] = x[290] ^ x[257]
x[210] = x[210] ^ x[186]
x[284] = x[284] ^ x[254]
x[308] = x[308] ^ x[278]
x[291] = x[291] ^ x[258]
x[315] = x[315] ^ x[282]
x[240] = x[240] ^ x[170]
x[239] = x[239] ^ x[190]
x[209] = x[209] ^ x[193]
x[236] = x[236] ^ x[169]
x[216] = x[216] ^ x[191]
x[202] = x[202] ^ x[185]
x[207] = x[207] ^ x[198]
x[219] = x[219] ^ x[200]
x[228] = x[228] ^ x[164]
x[53] = x[53] ^ x[59]
x[66] = x[66] ^ x[3]
x[126] = x[126] ^ x[149]
x[42] = x[42] ^ x[38]
x[295] = x[295] ^ x[283]
x[71] = x[71] ^ x[6]
x[136] = x[136] ^ x[98]
x[52] = x[52] ^ x[35]
x[51] = x[51] ^ x[18]
x[69] = x[69] ^ x[9]
x[80] = x[80] ^ x[5]
x[63] = x[63] ^ x[32]
x[131] = x[131] ^ x[116]
x[77] = x[77] ^ x[19]
x[65] = x[65] ^ x[20]
x[142] = x[142] ^ x[105]
x[130] = x[130] ^ x[112]
x[64] = x[64] ^ x[0]
x[73] = x[73] ^ x[36]
x[161] = x[161] ^ x[96]
x[307] = x[307] ^ x[282]
x[135] = x[135] ^ x[102]
x[140] = x[140] ^ x[115]
x[129] = x[129] ^ x[90]
x[55] = x[55] ^ x[16]
x[58] = x[58] ^ x[14]
x[60] = x[60] ^ x[24]
x[54] = x[54] ^ x[10]
x[125] = x[125] ^ x[91]
x[321] = x[321] ^ x[267]
x[314] = x[314] ^ x[256]
x[133] = x[133] ^ x[103]
x[152] = x[152] ^ x[82]
x[148] = x[148] ^ x[85]
x[143] = x[143] ^ x[94]
x[132] = x[132] ^ x[119]
x[45] = x[45] ^ x[49]
x[43] = x[43] ^ x[47]
x[44] = x[44] ^ x[13]
x[74] = x[74] ^ x[12]
x[305] = x[305] ^ x[279]
x[160] = x[160] ^ x[81]
x[297] = x[297] ^ x[281]
x[303] = x[303] ^ x[257]
x[141] = x[141] ^ x[108]
x[150] = x[150] ^ x[99]
x[155] = x[155] ^ x[101]
x[137] = x[137] ^ x[107]
x[123] = x[123] ^ x[111]
x[138] = x[138] ^ x[86]
x[61] = x[61] ^ x[62]
x[46] = x[46] ^ x[67]
x[241] = x[241] ^ x[171]
x[287] = x[287] ^ x[260]
x[316] = x[316] ^ x[248]
x[286] = x[286] ^ x[266]
x[153] = x[153] ^ x[93]
x[158] = x[158] ^ x[113]
x[159] = x[159] ^ x[84]
x[144] = x[144] ^ x[114]
x[121] = x[121] ^ x[109]
x[151] = x[151] ^ x[104]
x[229] = x[229] ^ x[181]
x[319] = x[319] ^ x[243]
x[313] = x[313] ^ x[280]
x[242] = x[242] ^ x[180]
x[234] = x[234] ^ x[172]
x[289] = x[289] ^ x[247]
x[299] = x[299] ^ x[251]
x[301] = x[301] ^ x[271]
x[227] = x[227] ^ x[192]
x[206] = x[206] ^ x[184]
x[226] = x[226] ^ x[177]
x[237] = x[237] ^ x[183]
x[208] = x[208] ^ x[199]
x[296] = x[296] ^ x[246]
x[298] = x[298] ^ x[249]
x[310] = x[310] ^ x[276]
x[292] = x[292] ^ x[262]
x[212] = x[212] ^ x[196]
x[230] = x[230] ^ x[174]
x[233] = x[233] ^ x[165]
x[204] = x[204] ^ x[197]
x[285] = x[285] ^ x[278]
x[320] = x[320] ^ x[277]
x[213] = x[213] ^ x[195]
x[205] = x[205] ^ x[162]
x[218] = x[218] ^ x[187]
x[210] = x[210] ^ x[182]
x[284] = x[284] ^ x[324]
x[291] = x[291] ^ x[290]
x[315] = x[315] ^ x[269]
x[240] = x[240] ^ x[185]
x[224] = x[224] ^ x[190]
x[209] = x[209] ^ x[186]
x[225] = x[225] ^ x[193]
x[216] = x[216] ^ x[163]
x[215] = x[215] ^ x[191]
x[221] = x[221] ^ x[169]
x[207] = x[207] ^ x[194]
x[219] = x[219] ^ x[201]
x[228] = x[228] ^ x[189]
x[53] = x[53] ^ x[26]
x[70] = x[70] ^ x[24]
x[78] = x[78] ^ x[34]
x[66] = x[66] ^ x[33]
x[126] = x[126] ^ x[110]
x[288] = x[288] ^ x[283]
x[68] = x[68] ^ x[29]
x[42] = x[42] ^ x[39]
x[71] = x[71] ^ x[16]
x[136] = x[136] ^ x[94]
x[52] = x[52] ^ x[11]
x[63] = x[63] ^ x[5]
x[131] = x[131] ^ x[92]
x[80] = x[80] ^ x[23]
x[65] = x[65] ^ x[19]
x[156] = x[156] ^ x[86]
x[142] = x[142] ^ x[103]
x[64] = x[64] ^ x[6]
x[147] = x[147] ^ x[105]
x[73] = x[73] ^ x[28]
x[50] = x[50] ^ x[9]
x[79] = x[79] ^ x[17]
x[317] = x[317] ^ x[244]
x[140] = x[140] ^ x[112]
x[124] = x[124] ^ x[97]
x[58] = x[58] ^ x[18]
x[54] = x[54] ^ x[60]
x[294] = x[294] ^ x[282]
x[217] = x[217] ^ x[188]
x[323] = x[323] ^ x[268]
x[321] = x[321] ^ x[263]
x[314] = x[314] ^ x[255]
x[146] = x[146] ^ x[82]
x[143] = x[143] ^ x[85]
x[133] = x[133] ^ x[93]
x[132] = x[132] ^ x[88]
x[130] = x[130] ^ x[98]
x[128] = x[128] ^ x[118]
x[43] = x[43] ^ x[55]
x[49] = x[49] ^ x[56]
x[44] = x[44] ^ x[12]
x[304] = x[304] ^ x[265]
x[302] = x[302] ^ x[278]
x[297] = x[297] ^ x[269]
x[312] = x[312] ^ x[249]
x[300] = x[300] ^ x[275]
x[160] = x[160] ^ x[91]
x[141] = x[141] ^ x[115]
x[150] = x[150] ^ x[90]
x[148] = x[148] ^ x[120]
x[137] = x[137] ^ x[81]
x[123] = x[123] ^ x[100]
x[61] = x[61] ^ x[67]
x[241] = x[241] ^ x[164]
x[305] = x[305] ^ x[264]
x[293] = x[293] ^ x[258]
x[238] = x[238] ^ x[178]
x[203] = x[203] ^ x[166]
x[286] = x[286] ^ x[248]
x[153] = x[153] ^ x[96]
x[159] = x[159] ^ x[117]
x[144] = x[144] ^ x[111]
x[121] = x[121] ^ x[102]
x[151] = x[151] ^ x[101]
x[138] = x[138] ^ x[113]
x[235] = x[235] ^ x[194]
x[287] = x[287] ^ x[251]
x[316] = x[316] ^ x[274]
x[299] = x[299] ^ x[271]
x[234] = x[234] ^ x[176]
x[301] = x[301] ^ x[280]
x[206] = x[206] ^ x[181]
x[208] = x[208] ^ x[180]
x[211] = x[211] ^ x[179]
x[289] = x[289] ^ x[296]
x[298] = x[298] ^ x[250]
x[303] = x[303] ^ x[245]
x[310] = x[310] ^ x[259]
x[236] = x[236] ^ x[175]
x[320] = x[320] ^ x[290]
x[230] = x[230] ^ x[187]
x[212] = x[212] ^ x[192]
x[285] = x[285] ^ x[243]
x[218] = x[218] ^ x[183]
x[233] = x[233] ^ x[171]
x[308] = x[308] ^ x[324]
x[205] = x[205] ^ x[184]
x[227] = x[227] ^ x[197]
x[315] = x[315] ^ x[262]
x[240] = x[240] ^ x[201]
x[226] = x[226] ^ x[190]
x[209] = x[209] ^ x[182]
x[214] = x[214] ^ x[185]
x[225] = x[225] ^ x[174]
x[213] = x[213] ^ x[169]
x[216] = x[216] ^ x[165]
x[215] = x[215] ^ x[189]
x[207] = x[207] ^ x[193]
x[59] = x[59] ^ x[38]
x[53] = x[53] ^ x[36]
x[70] = x[70] ^ x[4]
x[149] = x[149] ^ x[108]
x[66] = x[66] ^ x[27]
x[295] = x[295] ^ x[256]
x[126] = x[126] ^ x[104]
x[48] = x[48] ^ x[2]
x[288] = x[288] ^ x[262]
x[69] = x[69] ^ x[34]
x[134] = x[134] ^ x[117]
x[71] = x[71] ^ x[28]
x[51] = x[51] ^ x[16]
x[68] = x[68] ^ x[33]
x[52] = x[52] ^ x[8]
x[154] = x[154] ^ x[95]
x[139] = x[139] ^ x[92]
x[157] = x[157] ^ x[119]
x[145] = x[145] ^ x[87]
x[80] = x[80] ^ x[7]
x[127] = x[127] ^ x[106]
x[57] = x[57] ^ x[19]
x[307] = x[307] ^ x[251]
x[309] = x[309] ^ x[270]
x[135] = x[135] ^ x[91]
x[147] = x[147] ^ x[96]
x[63] = x[63] ^ x[25]
x[64] = x[64] ^ x[26]
x[73] = x[73] ^ x[35]
x[79] = x[79] ^ x[0]
x[122] = x[122] ^ x[97]
x[152] = x[152] ^ x[100]
x[124] = x[124] ^ x[90]
x[72] = x[72] ^ x[47]
x[58] = x[58] ^ x[9]
x[74] = x[74] ^ x[39]
x[217] = x[217] ^ x[199]
x[294] = x[294] ^ x[261]
x[142] = x[142] ^ x[82]
x[133] = x[133] ^ x[85]
x[129] = x[129] ^ x[110]
x[146] = x[146] ^ x[118]
x[131] = x[131] ^ x[88]
x[55] = x[55] ^ x[49]
x[56] = x[56] ^ x[60]
x[44] = x[44] ^ x[1]
x[128] = x[128] ^ x[103]
x[62] = x[62] ^ x[76]
x[220] = x[220] ^ x[173]
x[302] = x[302] ^ x[263]
x[300] = x[300] ^ x[268]
x[132] = x[132] ^ x[93]
x[158] = x[158] ^ x[112]
x[150] = x[150] ^ x[120]
x[155] = x[155] ^ x[115]
x[148] = x[148] ^ x[107]
x[123] = x[123] ^ x[94]
x[67] = x[67] ^ x[50]
x[241] = x[241] ^ x[174]
x[305] = x[305] ^ x[260]
x[238] = x[238] ^ x[198]
x[322] = x[322] ^ x[264]
x[297] = x[297] ^ x[247]
x[286] = x[286] ^ x[243]
x[153] = x[153] ^ x[86]
x[160] = x[160] ^ x[102]
x[159] = x[159] ^ x[116]
x[137] = x[137] ^ x[111]
x[121] = x[121] ^ x[98]
x[138] = x[138] ^ x[101]
x[287] = x[287] ^ x[255]
x[229] = x[229] ^ x[163]
x[235] = x[235] ^ x[175]
x[316] = x[316] ^ x[265]
x[293] = x[293] ^ x[249]
x[301] = x[301] ^ x[275]
x[206] = x[206] ^ x[162]
x[242] = x[242] ^ x[165]
x[208] = x[208] ^ x[166]
x[204] = x[204] ^ x[196]
x[289] = x[289] ^ x[323]
x[284] = x[284] ^ x[299]
x[210] = x[210] ^ x[188]
x[239] = x[239] ^ x[179]
x[292] = x[292] ^ x[244]
x[303] = x[303] ^ x[254]
x[310] = x[310] ^ x[281]
x[236] = x[236] ^ x[172]
x[224] = x[224] ^ x[197]
x[202] = x[202] ^ x[183]
x[230] = x[230] ^ x[167]
x[285] = x[285] ^ x[298]
x[290] = x[290] ^ x[324]
x[227] = x[227] ^ x[176]
x[315] = x[315] ^ x[313]
x[240] = x[240] ^ x[189]
x[221] = x[221] ^ x[190]
x[209] = x[209] ^ x[181]
x[212] = x[212] ^ x[182]
x[225] = x[225] ^ x[178]
x[213] = x[213] ^ x[168]
x[214] = x[214] ^ x[180]
x[216] = x[216] ^ x[194]
x[233] = x[233] ^ x[201]
x[207] = x[207] ^ x[184]
x[59] = x[59] ^ x[5]
x[53] = x[53] ^ x[39]
x[78] = x[78] ^ x[21]
x[149] = x[149] ^ x[95]
x[295] = x[295] ^ x[282]
x[70] = x[70] ^ x[29]
x[42] = x[42] ^ x[37]
x[288] = x[288] ^ x[268]
x[69] = x[69] ^ x[31]
x[51] = x[51] ^ x[2]
x[77] = x[77] ^ x[34]
x[68] = x[68] ^ x[15]
x[71] = x[71] ^ x[23]
x[154] = x[154] ^ x[100]
x[139] = x[139] ^ x[89]
x[80] = x[80] ^ x[8]
x[134] = x[134] ^ x[105]
x[126] = x[126] ^ x[106]
x[52] = x[52] ^ x[14]
x[57] = x[57] ^ x[10]
x[307] = x[307] ^ x[275]
x[309] = x[309] ^ x[245]
x[63] = x[63] ^ x[4]
x[64] = x[64] ^ x[27]
x[135] = x[135] ^ x[83]
x[231] = x[231] ^ x[166]
x[321] = x[321] ^ x[270]
x[311] = x[311] ^ x[254]
x[122] = x[122] ^ x[96]
x[152] = x[152] ^ x[117]
x[143] = x[143] ^ x[92]
x[58] = x[58] ^ x[19]
x[74] = x[74] ^ x[79]
x[318] = x[318] ^ x[267]
x[294] = x[294] ^ x[276]
x[142] = x[142] ^ x[87]
x[133] = x[133] ^ x[98]
x[129] = x[129] ^ x[97]
x[157] = x[157] ^ x[118]
x[156] = x[156] ^ x[114]
x[131] = x[131] ^ x[103]
x[47] = x[47] ^ x[49]
x[60] = x[60] ^ x[73]
x[76] = x[76] ^ x[40]
x[304] = x[304] ^ x[261]
x[300] = x[300] ^ x[263]
x[141] = x[141] ^ x[113]
x[132] = x[132] ^ x[94]
x[150] = x[150] ^ x[81]
x[155] = x[155] ^ x[120]
x[148] = x[148] ^ x[112]
x[144] = x[144] ^ x[90]
x[151] = x[151] ^ x[109]
x[123] = x[123] ^ x[85]
x[50] = x[50] ^ x[44]
x[317] = x[317] ^ x[258]
x[305] = x[305] ^ x[244]
x[322] = x[322] ^ x[243]
x[312] = x[312] ^ x[274]
x[153] = x[153] ^ x[101]
x[160] = x[160] ^ x[119]
x[159] = x[159] ^ x[111]
x[121] = x[121] ^ x[91]
x[145] = x[145] ^ x[138]
x[220] = x[220] ^ x[198]
x[316] = x[316] ^ x[260]
x[301] = x[301] ^ x[256]
x[228] = x[228] ^ x[179]
x[323] = x[323] ^ x[299]
x[210] = x[210] ^ x[164]
x[208] = x[208] ^ x[173]
x[292] = x[292] ^ x[247]
x[310] = x[310] ^ x[255]
x[303] = x[303] ^ x[273]
x[238] = x[238] ^ x[185]
x[226] = x[226] ^ x[197]
x[215] = x[215] ^ x[177]
x[206] = x[206] ^ x[174]
x[218] = x[218] ^ x[236]
x[234] = x[234] ^ x[169]
x[229] = x[229] ^ x[183]
x[204] = x[204] ^ x[193]
x[224] = x[224] ^ x[165]
x[230] = x[230] ^ x[199]
x[285] = x[285] ^ x[293]
x[315] = x[315] ^ x[324]
x[240] = x[240] ^ x[203]
x[209] = x[209] ^ x[221]
x[225] = x[225] ^ x[175]
x[213] = x[213] ^ x[182]
x[214] = x[214] ^ x[176]
x[216] = x[216] ^ x[219]
x[242] = x[242] ^ x[201]
x[212] = x[212] ^ x[172]
x[184] = x[184] ^ x[162]
x[59] = x[59] ^ x[31]
x[66] = x[66] ^ x[21]
x[149] = x[149] ^ x[99]
x[295] = x[295] ^ x[257]
x[53] = x[53] ^ x[32]
x[65] = x[65] ^ x[37]
x[161] = x[161] ^ x[113]
x[69] = x[69] ^ x[22]
x[51] = x[51] ^ x[4]
x[77] = x[77] ^ x[15]
x[71] = x[71] ^ x[48]
x[306] = x[306] ^ x[280]
x[232] = x[232] ^ x[167]
x[136] = x[136] ^ x[119]
x[134] = x[134] ^ x[106]
x[57] = x[57] ^ x[5]
x[307] = x[307] ^ x[243]
x[314] = x[314] ^ x[279]
x[154] = x[154] ^ x[86]
x[130] = x[130] ^ x[83]
x[309] = x[309] ^ x[249]
x[139] = x[139] ^ x[84]
x[147] = x[147] ^ x[100]
x[143] = x[143] ^ x[95]
x[140] = x[140] ^ x[82]
x[124] = x[124] ^ x[91]
x[63] = x[63] ^ x[8]
x[58] = x[58] ^ x[64]
x[319] = x[319] ^ x[256]
x[217] = x[217] ^ x[164]
x[133] = x[133] ^ x[87]
x[122] = x[122] ^ x[93]
x[156] = x[156] ^ x[103]
x[152] = x[152] ^ x[97]
x[49] = x[49] ^ x[70]
x[47] = x[47] ^ x[52]
x[79] = x[79] ^ x[76]
x[304] = x[304] ^ x[270]
x[318] = x[318] ^ x[251]
x[241] = x[241] ^ x[186]
x[297] = x[297] ^ x[271]
x[268] = x[268] ^ x[272]
x[132] = x[132] ^ x[108]
x[155] = x[155] ^ x[112]
x[141] = x[141] ^ x[110]
x[150] = x[150] ^ x[118]
x[144] = x[144] ^ x[120]
x[137] = x[137] ^ x[90]
x[60] = x[60] ^ x[50]
x[305] = x[305] ^ x[263]
x[287] = x[287] ^ x[247]
x[311] = x[311] ^ x[278]
x[211] = x[211] ^ x[172]
x[312] = x[312] ^ x[276]
x[153] = x[153] ^ x[109]
x[123] = x[123] ^ x[159]
x[151] = x[151] ^ x[121]
x[160] = x[160] ^ x[138]
x[317] = x[317] ^ x[269]
x[239] = x[239] ^ x[198]
x[235] = x[235] ^ x[166]
x[301] = x[301] ^ x[313]
x[299] = x[299] ^ x[322]
x[208] = x[208] ^ x[170]
x[289] = x[289] ^ x[298]
x[310] = x[310] ^ x[274]
x[303] = x[303] ^ x[264]
x[292] = x[292] ^ x[252]
x[286] = x[286] ^ x[244]
x[228] = x[228] ^ x[175]
x[206] = x[206] ^ x[215]
x[236] = x[236] ^ x[226]
x[223] = x[223] ^ x[165]
x[220] = x[220] ^ x[189]
x[234] = x[234] ^ x[195]
x[204] = x[204] ^ x[183]
x[233] = x[233] ^ x[185]
x[229] = x[229] ^ x[196]
x[230] = x[230] ^ x[224]
x[285] = x[285] ^ x[291]
x[210] = x[210] ^ x[178]
x[237] = x[237] ^ x[197]
x[240] = x[240] ^ x[219]
x[209] = x[209] ^ x[238]
x[225] = x[225] ^ x[213]
x[324] = x[324] ^ x[316]
x[214] = x[214] ^ x[169]
x[242] = x[242] ^ x[199]
x[212] = x[212] ^ x[176]
x[184] = x[184] ^ x[179]
x[78] = x[78] ^ x[1]
x[59] = x[59] ^ x[18]
x[66] = x[66] ^ x[36]
x[53] = x[53] ^ x[13]
x[127] = x[127] ^ x[109]
x[37] = x[37] ^ x[34]
x[22] = x[22] ^ x[16]
x[125] = x[125] ^ x[95]
x[65] = x[65] ^ x[51]
x[80] = x[80] ^ x[71]
x[39] = x[39] ^ x[8]
x[3] = x[3] ^ x[4]
x[161] = x[161] ^ x[89]
x[57] = x[57] ^ x[11]
x[231] = x[231] ^ x[167]
x[307] = x[307] ^ x[270]
x[314] = x[314] ^ x[277]
x[222] = x[222] ^ x[182]
x[321] = x[321] ^ x[260]
x[295] = x[295] ^ x[279]
x[146] = x[146] ^ x[108]
x[126] = x[126] ^ x[86]
x[45] = x[45] ^ x[44]
x[130] = x[130] ^ x[92]
x[135] = x[135] ^ x[85]
x[128] = x[128] ^ x[88]
x[62] = x[62] ^ x[69]
x[302] = x[302] ^ x[252]
x[306] = x[306] ^ x[267]
x[129] = x[129] ^ x[84]
x[157] = x[157] ^ x[115]
x[143] = x[143] ^ x[104]
x[139] = x[139] ^ x[107]
x[131] = x[131] ^ x[82]
x[140] = x[140] ^ x[99]
x[63] = x[63] ^ x[30]
x[134] = x[134] ^ x[91]
x[64] = x[64] ^ x[46]
x[217] = x[217] ^ x[177]
x[122] = x[122] ^ x[83]
x[148] = x[148] ^ x[100]
x[52] = x[52] ^ x[77]
x[68] = x[68] ^ x[49]
x[76] = x[76] ^ x[61]
x[304] = x[304] ^ x[250]
x[294] = x[294] ^ x[258]
x[249] = x[249] ^ x[251]
x[271] = x[271] ^ x[246]
x[282] = x[282] ^ x[272]
x[156] = x[156] ^ x[119]
x[112] = x[112] ^ x[81]
x[141] = x[141] ^ x[97]
x[132] = x[132] ^ x[102]
x[145] = x[145] ^ x[150]
x[90] = x[90] ^ x[87]
x[75] = x[75] ^ x[50]
x[319] = x[319] ^ x[244]
x[297] = x[297] ^ x[263]
x[287] = x[287] ^ x[245]
x[311] = x[311] ^ x[253]
x[153] = x[153] ^ x[117]
x[121] = x[121] ^ x[144]
x[159] = x[159] ^ x[138]
x[202] = x[202] ^ x[173]
x[317] = x[317] ^ x[266]
x[181] = x[181] ^ x[179]
x[235] = x[235] ^ x[170]
x[310] = x[310] ^ x[303]
x[289] = x[289] ^ x[286]
x[312] = x[312] ^ x[292]
x[293] = x[293] ^ x[298]
x[236] = x[236] ^ x[206]
x[234] = x[234] ^ x[194]
x[224] = x[224] ^ x[229]
x[285] = x[285] ^ x[322]
x[223] = x[223] ^ x[163]
x[220] = x[220] ^ x[186]
x[233] = x[233] ^ x[195]
x[204] = x[204] ^ x[164]
x[228] = x[228] ^ x[172]
x[209] = x[209] ^ x[239]
x[219] = x[219] ^ x[216]
x[324] = x[324] ^ x[313]
x[214] = x[214] ^ x[213]
x[178] = x[178] ^ x[169]
x[237] = x[237] ^ x[176]
x[199] = x[199] ^ x[165]
x[200] = x[200] ^ x[184]
x[78] = x[78] ^ x[27]
x[42] = x[42] ^ x[7]
x[149] = x[149] ^ x[117]
x[41] = x[41] ^ x[70]
x[53] = x[53] ^ x[18]
x[22] = x[22] ^ x[32]
x[232] = x[232] ^ x[177]
x[136] = x[136] ^ x[106]
x[125] = x[125] ^ x[94]
x[65] = x[65] ^ x[46]
x[15] = x[15] ^ x[28]
x[154] = x[154] ^ x[99]
x[13] = x[13] ^ x[39]
x[1] = x[1] ^ x[12]
x[34] = x[34] ^ x[3]
x[57] = x[57] ^ x[51]
x[66] = x[66] ^ x[55]
x[231] = x[231] ^ x[175]
x[307] = x[307] ^ x[266]
x[321] = x[321] ^ x[279]
x[314] = x[314] ^ x[265]
x[147] = x[147] ^ x[108]
x[142] = x[142] ^ x[96]
x[135] = x[135] ^ x[88]
x[128] = x[128] ^ x[89]
x[62] = x[62] ^ x[58]
x[302] = x[302] ^ x[276]
x[300] = x[300] ^ x[267]
x[129] = x[129] ^ x[81]
x[146] = x[146] ^ x[102]
x[133] = x[133] ^ x[84]
x[127] = x[127] ^ x[93]
x[158] = x[158] ^ x[103]
x[139] = x[139] ^ x[95]
x[131] = x[131] ^ x[104]
x[124] = x[124] ^ x[82]
x[116] = x[116] ^ x[114]
x[140] = x[140] ^ x[105]
x[63] = x[63] ^ x[20]
x[134] = x[134] ^ x[92]
x[64] = x[64] ^ x[73]
x[318] = x[318] ^ x[280]
x[222] = x[222] ^ x[164]
x[122] = x[122] ^ x[86]
x[52] = x[52] ^ x[80]
x[68] = x[68] ^ x[45]
x[91] = x[91] ^ x[101]
x[60] = x[60] ^ x[77]
x[49] = x[49] ^ x[74]
x[61] = x[61] ^ x[56]
x[258] = x[258] ^ x[272]
x[217] = x[217] ^ x[187]
x[305] = x[305] ^ x[252]
x[115] = x[115] ^ x[112]
x[152] = x[152] ^ x[156]
x[111] = x[111] ^ x[109]
x[97] = x[97] ^ x[90]
x[150] = x[150] ^ x[148]
x[75] = x[75] ^ x[40]
x[319] = x[319] ^ x[246]
x[304] = x[304] ^ x[255]
x[227] = x[227] ^ x[171]
x[249] = x[249] ^ x[247]
x[287] = x[287] ^ x[248]
x[311] = x[311] ^ x[275]
x[153] = x[153] ^ x[132]
x[144] = x[144] ^ x[138]
x[202] = x[202] ^ x[166]
x[317] = x[317] ^ x[273]
x[274] = x[274] ^ x[281]
x[205] = x[205] ^ x[173]
x[235] = x[235] ^ x[192]
x[183] = x[183] ^ x[181]
x[226] = x[226] ^ x[215]
x[289] = x[289] ^ x[310]
x[292] = x[292] ^ x[308]
x[293] = x[293] ^ x[312]
x[236] = x[236] ^ x[225]
x[322] = x[322] ^ x[297]
x[234] = x[234] ^ x[186]
x[223] = x[223] ^ x[180]
x[220] = x[220] ^ x[163]
x[224] = x[224] ^ x[204]
x[233] = x[233] ^ x[212]
x[209] = x[209] ^ x[203]
x[216] = x[216] ^ x[208]
x[324] = x[324] ^ x[298]
x[221] = x[221] ^ x[213]
x[169] = x[169] ^ x[172]
x[237] = x[237] ^ x[198]
x[313] = x[313] ^ x[301]
x[196] = x[196] ^ x[199]
x[191] = x[191] ^ x[184]
x[59] = x[59] ^ x[21]
x[149] = x[149] ^ x[113]
x[10] = x[10] ^ x[28]
x[288] = x[288] ^ x[252]
x[71] = x[71] ^ x[48]
x[15] = x[15] ^ x[32]
x[1] = x[1] ^ x[13]
x[67] = x[67] ^ x[78]
x[27] = x[27] ^ x[3]
x[161] = x[161] ^ x[118]
x[51] = x[51] ^ x[41]
x[232] = x[232] ^ x[171]
x[306] = x[306] ^ x[264]
x[279] = x[279] ^ x[280]
x[136] = x[136] ^ x[99]
x[42] = x[42] ^ x[44]
x[135] = x[135] ^ x[89]
x[62] = x[62] ^ x[69]
x[277] = x[277] ^ x[266]
x[241] = x[241] ^ x[170]
x[302] = x[302] ^ x[270]
x[133] = x[133] ^ x[147]
x[127] = x[127] ^ x[92]
x[142] = x[142] ^ x[110]
x[94] = x[94] ^ x[116]
x[105] = x[105] ^ x[103]
x[146] = x[146] ^ x[107]
x[155] = x[155] ^ x[137]
x[63] = x[63] ^ x[53]
x[73] = x[73] ^ x[65]
x[318] = x[318] ^ x[300]
x[86] = x[86] ^ x[101]
x[160] = x[160] ^ x[158]
x[151] = x[151] ^ x[129]
x[123] = x[123] ^ x[124]
x[68] = x[68] ^ x[74]
x[52] = x[52] ^ x[46]
x[77] = x[77] ^ x[55]
x[47] = x[47] ^ x[50]
x[60] = x[60] ^ x[49]
x[61] = x[61] ^ x[79]
x[294] = x[294] ^ x[253]
x[260] = x[260] ^ x[258]
x[305] = x[305] ^ x[259]
x[323] = x[323] ^ x[321]
x[102] = x[102] ^ x[115]
x[111] = x[111] ^ x[83]
x[104] = x[104] ^ x[90]
x[148] = x[148] ^ x[139]
x[97] = x[97] ^ x[91]
x[40] = x[40] ^ x[57]
x[211] = x[211] ^ x[174]
x[304] = x[304] ^ x[244]
x[227] = x[227] ^ x[188]
x[249] = x[249] ^ x[268]
x[319] = x[319] ^ x[272]
x[287] = x[287] ^ x[261]
x[138] = x[138] ^ x[156]
x[157] = x[157] ^ x[153]
x[202] = x[202] ^ x[162]
x[273] = x[273] ^ x[250]
x[246] = x[246] ^ x[274]
x[303] = x[303] ^ x[298]
x[314] = x[314] ^ x[286]
x[242] = x[242] ^ x[167]
x[192] = x[192] ^ x[175]
x[183] = x[183] ^ x[168]
x[217] = x[217] ^ x[215]
x[292] = x[292] ^ x[310]
x[228] = x[228] ^ x[206]
x[297] = x[297] ^ x[312]
x[224] = x[224] ^ x[223]
x[176] = x[176] ^ x[164]
x[220] = x[220] ^ x[205]
x[203] = x[203] ^ x[238]
x[216] = x[216] ^ x[225]
x[186] = x[186] ^ x[169]
x[212] = x[212] ^ x[213]
x[313] = x[313] ^ x[311]
x[324] = x[324] ^ x[284]
x[189] = x[189] ^ x[199]
x[184] = x[184] ^ x[198]
x[29] = x[29] ^ x[33]
x[24] = x[24] ^ x[4]
x[72] = x[72] ^ x[71]
x[295] = x[295] ^ x[255]
x[309] = x[309] ^ x[259]
x[12] = x[12] ^ x[32]
x[10] = x[10] ^ x[8]
x[34] = x[34] ^ x[6]
x[39] = x[39] ^ x[28]
x[21] = x[21] ^ x[1]
x[78] = x[78] ^ x[53]
x[130] = x[130] ^ x[96]
x[126] = x[126] ^ x[88]
x[3] = x[3] ^ x[17]
x[143] = x[143] ^ x[106]
x[58] = x[58] ^ x[70]
x[161] = x[161] ^ x[98]
x[283] = x[283] ^ x[268]
x[128] = x[128] ^ x[83]
x[44] = x[44] ^ x[59]
x[134] = x[134] ^ x[85]
x[69] = x[69] ^ x[76]
x[149] = x[149] ^ x[129]
x[232] = x[232] ^ x[163]
x[282] = x[282] ^ x[256]
x[279] = x[279] ^ x[254]
x[271] = x[271] ^ x[261]
x[84] = x[84] ^ x[81]
x[142] = x[142] ^ x[127]
x[116] = x[116] ^ x[92]
x[107] = x[107] ^ x[103]
x[62] = x[62] ^ x[63]
x[80] = x[80] ^ x[41]
x[307] = x[307] ^ x[301]
x[306] = x[306] ^ x[269]
x[147] = x[147] ^ x[156]
x[160] = x[160] ^ x[151]
x[123] = x[123] ^ x[137]
x[46] = x[46] ^ x[79]
x[89] = x[89] ^ x[101]
x[109] = x[109] ^ x[114]
x[75] = x[75] ^ x[52]
x[77] = x[77] ^ x[65]
x[42] = x[42] ^ x[50]
x[61] = x[61] ^ x[74]
x[55] = x[55] ^ x[60]
x[252] = x[252] ^ x[263]
x[270] = x[270] ^ x[253]
x[267] = x[267] ^ x[260]
x[318] = x[318] ^ x[305]
x[119] = x[119] ^ x[102]
x[87] = x[87] ^ x[111]
x[113] = x[113] ^ x[115]
x[99] = x[99] ^ x[90]
x[108] = x[108] ^ x[97]
x[57] = x[57] ^ x[56]
x[222] = x[222] ^ x[165]
x[244] = x[244] ^ x[264]
x[281] = x[281] ^ x[249]
x[299] = x[299] ^ x[287]
x[121] = x[121] ^ x[157]
x[138] = x[138] ^ x[148]
x[202] = x[202] ^ x[235]
x[266] = x[266] ^ x[273]
x[188] = x[188] ^ x[195]
x[182] = x[182] ^ x[164]
x[274] = x[274] ^ x[247]
x[286] = x[286] ^ x[284]
x[289] = x[289] ^ x[298]
x[214] = x[214] ^ x[206]
x[242] = x[242] ^ x[168]
x[174] = x[174] ^ x[192]
x[310] = x[310] ^ x[323]
x[292] = x[292] ^ x[296]
x[200] = x[200] ^ x[162]
x[237] = x[237] ^ x[179]
x[170] = x[170] ^ x[196]
x[175] = x[175] ^ x[176]
x[224] = x[224] ^ x[231]
x[220] = x[220] ^ x[226]
x[312] = x[312] ^ x[319]
x[225] = x[225] ^ x[238]
x[219] = x[219] ^ x[213]
x[186] = x[186] ^ x[187]
x[217] = x[217] ^ x[203]
x[313] = x[313] ^ x[290]
x[324] = x[324] ^ x[300]
x[311] = x[311] ^ x[291]
x[181] = x[181] ^ x[184]
x[189] = x[189] ^ x[193]
x[38] = x[38] ^ x[8]
x[29] = x[29] ^ x[31]
x[25] = x[25] ^ x[20]
x[288] = x[288] ^ x[259]
x[24] = x[24] ^ x[14]
x[12] = x[12] ^ x[13]
x[6] = x[6] ^ x[26]
x[27] = x[27] ^ x[23]
x[39] = x[39] ^ x[32]
x[51] = x[51] ^ x[72]
x[67] = x[67] ^ x[71]
x[21] = x[21] ^ x[10]
x[126] = x[126] ^ x[140]
x[19] = x[19] ^ x[3]
x[161] = x[161] ^ x[158]
x[128] = x[128] ^ x[130]
x[59] = x[59] ^ x[78]
x[45] = x[45] ^ x[53]
x[155] = x[155] ^ x[131]
x[134] = x[134] ^ x[93]
x[142] = x[142] ^ x[150]
x[81] = x[81] ^ x[86]
x[159] = x[159] ^ x[129]
x[54] = x[54] ^ x[68]
x[41] = x[41] ^ x[69]
x[106] = x[106] ^ x[92]
x[265] = x[265] ^ x[247]
x[294] = x[294] ^ x[245]
x[190] = x[190] ^ x[167]
x[109] = x[109] ^ x[114]
x[101] = x[101] ^ x[117]
x[46] = x[46] ^ x[70]
x[64] = x[64] ^ x[40]
x[50] = x[50] ^ x[49]
x[74] = x[74] ^ x[60]
x[65] = x[65] ^ x[75]
x[304] = x[304] ^ x[253]
x[252] = x[252] ^ x[263]
x[282] = x[282] ^ x[260]
x[270] = x[270] ^ x[243]
x[211] = x[211] ^ x[171]
x[232] = x[232] ^ x[197]
x[321] = x[321] ^ x[291]
x[166] = x[166] ^ x[193]
x[269] = x[269] ^ x[268]
x[318] = x[318] ^ x[315]
x[105] = x[105] ^ x[119]
x[146] = x[146] ^ x[156]
x[87] = x[87] ^ x[111]
x[113] = x[113] ^ x[85]
x[90] = x[90] ^ x[116]
x[153] = x[153] ^ x[132]
x[100] = x[100] ^ x[102]
x[108] = x[108] ^ x[107]
x[56] = x[56] ^ x[63]
x[249] = x[249] ^ x[244]
x[261] = x[261] ^ x[250]
x[293] = x[293] ^ x[295]
x[138] = x[138] ^ x[160]
x[157] = x[157] ^ x[123]
x[204] = x[204] ^ x[235]
x[255] = x[255] ^ x[273]
x[177] = x[177] ^ x[183]
x[222] = x[222] ^ x[180]
x[182] = x[182] ^ x[195]
x[163] = x[163] ^ x[179]
x[280] = x[280] ^ x[266]
x[274] = x[274] ^ x[279]
x[221] = x[221] ^ x[206]
x[172] = x[172] ^ x[187]
x[307] = x[307] ^ x[298]
x[297] = x[297] ^ x[287]
x[212] = x[212] ^ x[218]
x[209] = x[209] ^ x[220]
x[237] = x[237] ^ x[205]
x[175] = x[175] ^ x[164]
x[170] = x[170] ^ x[168]
x[231] = x[231] ^ x[242]
x[284] = x[284] ^ x[309]
x[319] = x[319] ^ x[299]
x[199] = x[199] ^ x[174]
x[191] = x[191] ^ x[169]
x[238] = x[238] ^ x[210]
x[186] = x[186] ^ x[196]
x[214] = x[214] ^ x[217]
x[240] = x[240] ^ x[225]
x[229] = x[229] ^ x[213]
x[313] = x[313] ^ x[320]
x[323] = x[323] ^ x[324]
x[311] = x[311] ^ x[292]
x[200] = x[200] ^ x[189]
x[192] = x[192] ^ x[184]
x[2] = x[2] ^ x[20]
x[0] = x[0] ^ x[37]
x[288] = x[288] ^ x[254]
x[30] = x[30] ^ x[31]
x[25] = x[25] ^ x[10]
x[14] = x[14] ^ x[38]
x[12] = x[12] ^ x[36]
x[23] = x[23] ^ x[26]
x[6] = x[6] ^ x[34]
x[11] = x[11] ^ x[32]
x[257] = x[257] ^ x[276]
x[15] = x[15] ^ x[21]
x[143] = x[143] ^ x[137]
x[145] = x[145] ^ x[140]
x[27] = x[27] ^ x[3]
x[152] = x[152] ^ x[131]
x[142] = x[142] ^ x[141]
x[151] = x[151] ^ x[136]
x[130] = x[130] ^ x[144]
x[52] = x[52] ^ x[53]
x[59] = x[59] ^ x[54]
x[45] = x[45] ^ x[42]
x[135] = x[135] ^ x[129]
x[158] = x[158] ^ x[150]
x[134] = x[134] ^ x[132]
x[69] = x[69] ^ x[76]
x[245] = x[245] ^ x[251]
x[70] = x[70] ^ x[43]
x[71] = x[71] ^ x[40]
x[50] = x[50] ^ x[46]
x[101] = x[101] ^ x[89]
x[114] = x[114] ^ x[88]
x[75] = x[75] ^ x[106]
x[60] = x[60] ^ x[51]
x[263] = x[263] ^ x[267]
x[316] = x[316] ^ x[315]
x[211] = x[211] ^ x[230]
x[294] = x[294] ^ x[308]
x[321] = x[321] ^ x[317]
x[303] = x[303] ^ x[290]
x[197] = x[197] ^ x[173]
x[116] = x[116] ^ x[82]
x[99] = x[99] ^ x[105]
x[111] = x[111] ^ x[81]
x[113] = x[113] ^ x[90]
x[156] = x[156] ^ x[122]
x[102] = x[102] ^ x[100]
x[108] = x[108] ^ x[117]
x[63] = x[63] ^ x[67]
x[202] = x[202] ^ x[236]
x[247] = x[247] ^ x[270]
x[282] = x[282] ^ x[249]
x[289] = x[289] ^ x[300]
x[295] = x[295] ^ x[286]
x[256] = x[256] ^ x[261]
x[166] = x[166] ^ x[188]
x[241] = x[241] ^ x[228]
x[138] = x[138] ^ x[153]
x[123] = x[123] ^ x[148]
x[273] = x[273] ^ x[268]
x[177] = x[177] ^ x[174]
x[222] = x[222] ^ x[167]
x[204] = x[204] ^ x[227]
x[266] = x[266] ^ x[253]
x[274] = x[274] ^ x[265]
x[179] = x[179] ^ x[195]
x[198] = x[198] ^ x[176]
x[219] = x[219] ^ x[218]
x[203] = x[203] ^ x[220]
x[171] = x[171] ^ x[175]
x[181] = x[181] ^ x[169]
x[168] = x[168] ^ x[201]
x[209] = x[209] ^ x[231]
x[319] = x[319] ^ x[307]
x[199] = x[199] ^ x[172]
x[238] = x[238] ^ x[235]
x[187] = x[187] ^ x[196]
x[240] = x[240] ^ x[233]
x[237] = x[237] ^ x[225]
x[214] = x[214] ^ x[206]
x[213] = x[213] ^ x[242]
x[320] = x[320] ^ x[284]
x[292] = x[292] ^ x[296]
x[313] = x[313] ^ x[322]
x[287] = x[287] ^ x[323]
x[180] = x[180] ^ x[192]
x[194] = x[194] ^ x[200]
x[33] = x[33] ^ x[35]
x[154] = x[154] ^ x[110]
x[8] = x[8] ^ x[7]
x[25] = x[25] ^ x[31]
x[18] = x[18] ^ x[13]
x[1] = x[1] ^ x[38]
x[14] = x[14] ^ x[9]
x[288] = x[288] ^ x[251]
x[6] = x[6] ^ x[12]
x[0] = x[0] ^ x[23]
x[72] = x[72] ^ x[44]
x[36] = x[36] ^ x[16]
x[19] = x[19] ^ x[29]
x[32] = x[32] ^ x[2]
x[277] = x[277] ^ x[254]
x[262] = x[262] ^ x[276]
x[15] = x[15] ^ x[3]
x[62] = x[62] ^ x[78]
x[155] = x[155] ^ x[141]
x[152] = x[152] ^ x[137]
x[61] = x[61] ^ x[77]
x[272] = x[272] ^ x[259]
x[151] = x[151] ^ x[140]
x[128] = x[128] ^ x[142]
x[93] = x[93] ^ x[109]
x[64] = x[64] ^ x[42]
x[59] = x[59] ^ x[45]
x[52] = x[52] ^ x[49]
x[115] = x[115] ^ x[92]
x[158] = x[158] ^ x[129]
x[260] = x[260] ^ x[257]
x[248] = x[248] ^ x[281]
x[121] = x[121] ^ x[144]
x[120] = x[120] ^ x[119]
x[55] = x[55] ^ x[56]
x[54] = x[54] ^ x[70]
x[104] = x[104] ^ x[101]
x[89] = x[89] ^ x[114]
x[46] = x[46] ^ x[69]
x[75] = x[75] ^ x[135]
x[60] = x[60] ^ x[134]
x[275] = x[275] ^ x[263]
x[215] = x[215] ^ x[227]
x[314] = x[314] ^ x[308]
x[264] = x[264] ^ x[244]
x[160] = x[160] ^ x[132]
x[90] = x[90] ^ x[105]
x[99] = x[99] ^ x[116]
x[83] = x[83] ^ x[111]
x[87] = x[87] ^ x[113]
x[122] = x[122] ^ x[127]
x[96] = x[96] ^ x[100]
x[67] = x[67] ^ x[71]
x[117] = x[117] ^ x[91]
x[182] = x[182] ^ x[173]
x[301] = x[301] ^ x[315]
x[270] = x[270] ^ x[282]
x[295] = x[295] ^ x[302]
x[310] = x[310] ^ x[294]
x[245] = x[245] ^ x[261]
x[148] = x[148] ^ x[136]
x[153] = x[153] ^ x[147]
x[222] = x[222] ^ x[207]
x[253] = x[253] ^ x[243]
x[268] = x[268] ^ x[265]
x[232] = x[232] ^ x[221]
x[204] = x[204] ^ x[234]
x[226] = x[226] ^ x[228]
x[212] = x[212] ^ x[216]
x[178] = x[178] ^ x[174]
x[203] = x[203] ^ x[211]
x[236] = x[236] ^ x[220]
x[179] = x[179] ^ x[168]
x[205] = x[205] ^ x[231]
x[230] = x[230] ^ x[217]
x[290] = x[290] ^ x[319]
x[309] = x[309] ^ x[311]
x[172] = x[172] ^ x[197]
x[186] = x[186] ^ x[167]
x[189] = x[189] ^ x[195]
x[235] = x[235] ^ x[218]
x[196] = x[196] ^ x[175]
x[225] = x[225] ^ x[233]
x[219] = x[219] ^ x[202]
x[284] = x[284] ^ x[317]
x[238] = x[238] ^ x[224]
x[320] = x[320] ^ x[289]
x[322] = x[322] ^ x[304]
x[323] = x[323] ^ x[292]
x[188] = x[188] ^ x[187]
x[242] = x[242] ^ x[229]
x[214] = x[214] ^ x[223]
x[190] = x[190] ^ x[200]
x[192] = x[192] ^ x[169]
x[177] = x[177] ^ x[180]
x[176] = x[176] ^ x[194]
x[22] = x[22] ^ x[33]
x[149] = x[149] ^ x[154]
x[21] = x[21] ^ x[12]
x[0] = x[0] ^ x[7]
x[6] = x[6] ^ x[30]
x[25] = x[25] ^ x[23]
x[73] = x[73] ^ x[72]
x[19] = x[19] ^ x[18]
x[1] = x[1] ^ x[16]
x[14] = x[14] ^ x[29]
x[161] = x[161] ^ x[124]
x[32] = x[32] ^ x[9]
x[277] = x[277] ^ x[257]
x[41] = x[41] ^ x[78]
x[131] = x[131] ^ x[140]
x[68] = x[68] ^ x[66]
x[3] = x[3] ^ x[37]
x[110] = x[110] ^ x[81]
x[305] = x[305] ^ x[296]
x[141] = x[141] ^ x[133]
x[145] = x[145] ^ x[137]
x[126] = x[126] ^ x[151]
x[76] = x[76] ^ x[64]
x[79] = x[79] ^ x[59]
x[49] = x[49] ^ x[57]
x[155] = x[155] ^ x[158]
x[269] = x[269] ^ x[260]
x[250] = x[250] ^ x[258]
x[146] = x[146] ^ x[121]
x[95] = x[95] ^ x[120]
x[156] = x[156] ^ x[134]
x[142] = x[142] ^ x[157]
x[108] = x[108] ^ x[102]
x[61] = x[61] ^ x[55]
x[42] = x[42] ^ x[70]
x[104] = x[104] ^ x[115]
x[69] = x[69] ^ x[114]
x[165] = x[165] ^ x[195]
x[283] = x[283] ^ x[255]
x[248] = x[248] ^ x[263]
x[286] = x[286] ^ x[288]
x[272] = x[272] ^ x[256]
x[244] = x[244] ^ x[279]
x[276] = x[276] ^ x[264]
x[160] = x[160] ^ x[159]
x[303] = x[303] ^ x[291]
x[84] = x[84] ^ x[87]
x[99] = x[99] ^ x[85]
x[111] = x[111] ^ x[119]
x[97] = x[97] ^ x[105]
x[122] = x[122] ^ x[152]
x[127] = x[127] ^ x[143]
x[96] = x[96] ^ x[93]
x[123] = x[123] ^ x[135]
x[67] = x[67] ^ x[117]
x[173] = x[173] ^ x[182]
x[314] = x[314] ^ x[298]
x[273] = x[273] ^ x[254]
x[315] = x[315] ^ x[294]
x[267] = x[267] ^ x[245]
x[147] = x[147] ^ x[128]
x[136] = x[136] ^ x[130]
x[222] = x[222] ^ x[227]
x[270] = x[270] ^ x[253]
x[265] = x[265] ^ x[249]
x[212] = x[212] ^ x[202]
x[193] = x[193] ^ x[178]
x[164] = x[164] ^ x[174]
x[313] = x[313] ^ x[312]
x[239] = x[239] ^ x[240]
x[205] = x[205] ^ x[228]
x[230] = x[230] ^ x[232]
x[237] = x[237] ^ x[234]
x[309] = x[309] ^ x[299]
x[319] = x[319] ^ x[324]
x[171] = x[171] ^ x[199]
x[189] = x[189] ^ x[181]
x[206] = x[206] ^ x[218]
x[175] = x[175] ^ x[179]
x[231] = x[231] ^ x[235]
x[233] = x[233] ^ x[241]
x[236] = x[236] ^ x[225]
x[211] = x[211] ^ x[219]
x[318] = x[318] ^ x[320]
x[317] = x[317] ^ x[310]
x[302] = x[302] ^ x[322]
x[301] = x[301] ^ x[292]
x[224] = x[224] ^ x[213]
x[166] = x[166] ^ x[187]
x[201] = x[201] ^ x[200]
x[172] = x[172] ^ x[190]
x[180] = x[180] ^ x[194]
x[169] = x[169] ^ x[167]
x[229] = x[229] ^ x[223]
x[197] = x[197] ^ x[176]
x[5] = x[5] ^ x[28]
x[22] = x[22] ^ x[24]
x[17] = x[17] ^ x[10]
x[38] = x[38] ^ x[7]
x[80] = x[80] ^ x[58]
x[0] = x[0] ^ x[30]
x[20] = x[20] ^ x[25]
x[12] = x[12] ^ x[19]
x[53] = x[53] ^ x[48]
x[78] = x[78] ^ x[74]
x[77] = x[77] ^ x[72]
x[131] = x[131] ^ x[125]
x[305] = x[305] ^ x[285]
x[109] = x[109] ^ x[92]
x[43] = x[43] ^ x[68]
x[66] = x[66] ^ x[45]
x[37] = x[37] ^ x[141]
x[52] = x[52] ^ x[161]
x[50] = x[50] ^ x[63]
x[79] = x[79] ^ x[93]
x[76] = x[76] ^ x[145]
x[32] = x[32] ^ x[155]
x[75] = x[75] ^ x[86]
x[59] = x[59] ^ x[103]
x[81] = x[81] ^ x[85]
x[277] = x[277] ^ x[250]
x[260] = x[260] ^ x[257]
x[94] = x[94] ^ x[95]
x[116] = x[116] ^ x[118]
x[49] = x[49] ^ x[108]
x[29] = x[29] ^ x[156]
x[16] = x[16] ^ x[157]
x[70] = x[70] ^ x[106]
x[115] = x[115] ^ x[82]
x[69] = x[69] ^ x[124]
x[60] = x[60] ^ x[114]
x[283] = x[283] ^ x[275]
x[248] = x[248] ^ x[269]
x[263] = x[263] ^ x[279]
x[280] = x[280] ^ x[244]
x[159] = x[159] ^ x[151]
x[153] = x[153] ^ x[139]
x[149] = x[149] ^ x[160]
x[84] = x[84] ^ x[111]
x[105] = x[105] ^ x[99]
x[61] = x[61] ^ x[135]
x[88] = x[88] ^ x[96]
x[65] = x[65] ^ x[117]
x[67] = x[67] ^ x[127]
x[256] = x[256] ^ x[243]
x[163] = x[163] ^ x[195]
x[267] = x[267] ^ x[264]
x[136] = x[136] ^ x[146]
x[147] = x[147] ^ x[122]
x[226] = x[226] ^ x[291]
x[222] = x[222] ^ x[221]
x[265] = x[265] ^ x[270]
x[183] = x[183] ^ x[181]
x[185] = x[185] ^ x[199]
x[290] = x[290] ^ x[316]
x[311] = x[311] ^ x[288]
x[212] = x[212] ^ x[220]
x[203] = x[203] ^ x[217]
x[164] = x[164] ^ x[315]
x[202] = x[202] ^ x[207]
x[323] = x[323] ^ x[289]
x[313] = x[313] ^ x[286]
x[204] = x[204] ^ x[214]
x[188] = x[188] ^ x[193]
x[242] = x[242] ^ x[205]
x[238] = x[238] ^ x[208]
x[186] = x[186] ^ x[192]
x[189] = x[189] ^ x[171]
x[312] = x[312] ^ x[295]
x[206] = x[206] ^ x[215]
x[175] = x[175] ^ x[173]
x[239] = x[239] ^ x[231]
x[237] = x[237] ^ x[225]
x[240] = x[240] ^ x[233]
x[232] = x[232] ^ x[219]
x[235] = x[235] ^ x[213]
x[229] = x[229] ^ x[273]
x[200] = x[200] ^ x[320]
x[201] = x[201] ^ x[318]
x[187] = x[187] ^ x[317]
x[180] = x[180] ^ x[319]
x[172] = x[172] ^ x[314]
x[167] = x[167] ^ x[322]
x[197] = x[197] ^ x[309]
x[230] = x[230] ^ x[292]
x[10] = x[10] ^ x[35]
x[62] = x[62] ^ x[44]
x[15] = x[15] ^ x[28]
x[18] = x[18] ^ x[39]
x[0] = x[0] ^ x[161]
x[252] = x[252] ^ x[259]
x[251] = x[251] ^ x[243]
x[125] = x[125] ^ x[137]
x[54] = x[54] ^ x[73]
x[25] = x[25] ^ x[151]
x[53] = x[53] ^ x[68]
x[47] = x[47] ^ x[43]
x[7] = x[7] ^ x[158]
x[37] = x[37] ^ x[150]
x[308] = x[308] ^ x[304]
x[258] = x[258] ^ x[246]
x[107] = x[107] ^ x[120]
x[22] = x[22] ^ x[155]
x[32] = x[32] ^ x[98]
x[266] = x[266] ^ x[250]
x[297] = x[297] ^ x[316]
x[63] = x[63] ^ x[123]
x[255] = x[255] ^ x[261]
x[95] = x[95] ^ x[93]
x[148] = x[148] ^ x[144]
x[152] = x[152] ^ x[138]
x[118] = x[118] ^ x[109]
x[66] = x[66] ^ x[122]
x[42] = x[42] ^ x[157]
x[19] = x[19] ^ x[156]
x[76] = x[76] ^ x[85]
x[46] = x[46] ^ x[108]
x[75] = x[75] ^ x[115]
x[64] = x[64] ^ x[102]
x[59] = x[59] ^ x[86]
x[52] = x[52] ^ x[114]
x[268] = x[268] ^ x[278]
x[275] = x[275] ^ x[276]
x[165] = x[165] ^ x[170]
x[153] = x[153] ^ x[127]
x[247] = x[247] ^ x[245]
x[279] = x[279] ^ x[260]
x[133] = x[133] ^ x[159]
x[80] = x[80] ^ x[149]
x[78] = x[78] ^ x[84]
x[72] = x[72] ^ x[105]
x[1] = x[1] ^ x[160]
x[61] = x[61] ^ x[124]
x[70] = x[70] ^ x[96]
x[65] = x[65] ^ x[111]
x[216] = x[216] ^ x[209]
x[163] = x[163] ^ x[198]
x[267] = x[267] ^ x[280]
x[71] = x[71] ^ x[136]
x[30] = x[30] ^ x[147]
x[226] = x[226] ^ x[282]
x[287] = x[287] ^ x[306]
x[185] = x[185] ^ x[168]
x[305] = x[305] ^ x[284]
x[220] = x[220] ^ x[210]
x[199] = x[199] ^ x[181]
x[177] = x[177] ^ x[319]
x[202] = x[202] ^ x[211]
x[224] = x[224] ^ x[236]
x[242] = x[242] ^ x[265]
x[193] = x[193] ^ x[313]
x[208] = x[208] ^ x[203]
x[227] = x[227] ^ x[204]
x[223] = x[223] ^ x[291]
x[189] = x[189] ^ x[294]
x[207] = x[207] ^ x[212]
x[164] = x[164] ^ x[312]
x[215] = x[215] ^ x[241]
x[206] = x[206] ^ x[221]
x[239] = x[239] ^ x[248]
x[237] = x[237] ^ x[292]
x[240] = x[240] ^ x[256]
x[233] = x[233] ^ x[290]
x[231] = x[231] ^ x[302]
x[219] = x[219] ^ x[323]
x[173] = x[173] ^ x[311]
x[235] = x[235] ^ x[288]
x[229] = x[229] ^ x[281]
x[192] = x[192] ^ x[318]
x[180] = x[180] ^ x[320]
x[172] = x[172] ^ x[322]
x[167] = x[167] ^ x[317]
x[197] = x[197] ^ x[303]
x[31] = x[31] ^ x[5]
x[26] = x[26] ^ x[36]
x[23] = x[23] ^ x[21]
x[112] = x[112] ^ x[91]
x[58] = x[58] ^ x[62]
x[74] = x[74] ^ x[154]
x[44] = x[44] ^ x[56]
x[129] = x[129] ^ x[125]
x[113] = x[113] ^ x[86]
x[54] = x[54] ^ x[151]
x[15] = x[15] ^ x[146]
x[68] = x[68] ^ x[140]
x[50] = x[50] ^ x[158]
x[35] = x[35] ^ x[138]
x[252] = x[252] ^ x[282]
x[143] = x[143] ^ x[141]
x[104] = x[104] ^ x[94]
x[119] = x[119] ^ x[98]
x[22] = x[22] ^ x[142]
x[3] = x[3] ^ x[150]
x[263] = x[263] ^ x[258]
x[277] = x[277] ^ x[244]
x[308] = x[308] ^ x[300]
x[182] = x[182] ^ x[315]
x[79] = x[79] ^ x[123]
x[47] = x[47] ^ x[95]
x[18] = x[18] ^ x[152]
x[66] = x[66] ^ x[145]
x[63] = x[63] ^ x[102]
x[7] = x[7] ^ x[156]
x[0] = x[0] ^ x[157]
x[76] = x[76] ^ x[93]
x[67] = x[67] ^ x[89]
x[139] = x[139] ^ x[148]
x[75] = x[75] ^ x[107]
x[69] = x[69] ^ x[99]
x[59] = x[59] ^ x[81]
x[52] = x[52] ^ x[117]
x[45] = x[45] ^ x[114]
x[307] = x[307] ^ x[314]
x[254] = x[254] ^ x[268]
x[48] = x[48] ^ x[153]
x[245] = x[245] ^ x[251]
x[14] = x[14] ^ x[159]
x[72] = x[72] ^ x[128]
x[49] = x[49] ^ x[160]
x[261] = x[261] ^ x[247]
x[61] = x[61] ^ x[118]
x[46] = x[46] ^ x[96]
x[296] = x[296] ^ x[321]
x[216] = x[216] ^ x[222]
x[170] = x[170] ^ x[183]
x[184] = x[184] ^ x[178]
x[267] = x[267] ^ x[250]
x[80] = x[80] ^ x[136]
x[78] = x[78] ^ x[147]
x[71] = x[71] ^ x[111]
x[226] = x[226] ^ x[279]
x[162] = x[162] ^ x[168]
x[304] = x[304] ^ x[287]
x[185] = x[185] ^ x[306]
x[198] = x[198] ^ x[316]
x[234] = x[234] ^ x[214]
x[298] = x[298] ^ x[284]
x[218] = x[218] ^ x[238]
x[228] = x[228] ^ x[289]
x[220] = x[220] ^ x[275]
x[211] = x[211] ^ x[309]
x[224] = x[224] ^ x[294]
x[213] = x[213] ^ x[310]
x[210] = x[210] ^ x[313]
x[225] = x[225] ^ x[272]
x[236] = x[236] ^ x[273]
x[227] = x[227] ^ x[266]
x[212] = x[212] ^ x[291]
x[204] = x[204] ^ x[312]
x[241] = x[241] ^ x[305]
x[242] = x[242] ^ x[248]
x[239] = x[239] ^ x[290]
x[237] = x[237] ^ x[256]
x[231] = x[231] ^ x[292]
x[232] = x[232] ^ x[302]
x[221] = x[221] ^ x[293]
x[173] = x[173] ^ x[323]
x[235] = x[235] ^ x[270]
x[219] = x[219] ^ x[320]
x[203] = x[203] ^ x[281]
x[200] = x[200] ^ x[318]
x[177] = x[177] ^ x[322]
x[181] = x[181] ^ x[317]
x[197] = x[197] ^ x[299]
x[4] = x[4] ^ x[28]
x[21] = x[21] ^ x[150]
x[40] = x[40] ^ x[41]
x[77] = x[77] ^ x[130]
x[37] = x[37] ^ x[129]
x[54] = x[54] ^ x[146]
x[90] = x[90] ^ x[107]
x[20] = x[20] ^ x[158]
x[50] = x[50] ^ x[145]
x[120] = x[120] ^ x[100]
x[60] = x[60] ^ x[106]
x[283] = x[283] ^ x[281]
x[31] = x[31] ^ x[143]
x[74] = x[74] ^ x[119]
x[94] = x[94] ^ x[83]
x[57] = x[57] ^ x[85]
x[276] = x[276] ^ x[252]
x[73] = x[73] ^ x[105]
x[68] = x[68] ^ x[95]
x[66] = x[66] ^ x[123]
x[18] = x[18] ^ x[154]
x[47] = x[47] ^ x[142]
x[76] = x[76] ^ x[138]
x[67] = x[67] ^ x[86]
x[36] = x[36] ^ x[157]
x[75] = x[75] ^ x[125]
x[70] = x[70] ^ x[91]
x[1] = x[1] ^ x[152]
x[3] = x[3] ^ x[139]
x[59] = x[59] ^ x[111]
x[52] = x[52] ^ x[98]
x[45] = x[45] ^ x[108]
x[195] = x[195] ^ x[179]
x[48] = x[48] ^ x[102]
x[257] = x[257] ^ x[245]
x[29] = x[29] ^ x[159]
x[79] = x[79] ^ x[153]
x[44] = x[44] ^ x[160]
x[247] = x[247] ^ x[277]
x[61] = x[61] ^ x[114]
x[62] = x[62] ^ x[96]
x[49] = x[49] ^ x[156]
x[69] = x[69] ^ x[93]
x[222] = x[222] ^ x[217]
x[174] = x[174] ^ x[321]
x[80] = x[80] ^ x[151]
x[72] = x[72] ^ x[147]
x[71] = x[71] ^ x[149]
x[226] = x[226] ^ x[265]
x[185] = x[185] ^ x[296]
x[178] = x[178] ^ x[316]
x[169] = x[169] ^ x[323]
x[168] = x[168] ^ x[324]
x[214] = x[214] ^ x[315]
x[164] = x[164] ^ x[308]
x[240] = x[240] ^ x[258]
x[210] = x[210] ^ x[306]
x[172] = x[172] ^ x[310]
x[167] = x[167] ^ x[313]
x[215] = x[215] ^ x[311]
x[229] = x[229] ^ x[275]
x[225] = x[225] ^ x[253]
x[227] = x[227] ^ x[268]
x[223] = x[223] ^ x[294]
x[212] = x[212] ^ x[250]
x[204] = x[204] ^ x[267]
x[241] = x[241] ^ x[273]
x[242] = x[242] ^ x[284]
x[237] = x[237] ^ x[309]
x[238] = x[238] ^ x[302]
x[234] = x[234] ^ x[292]
x[232] = x[232] ^ x[287]
x[228] = x[228] ^ x[290]
x[221] = x[221] ^ x[256]
x[173] = x[173] ^ x[299]
x[233] = x[233] ^ x[305]
x[235] = x[235] ^ x[263]
x[213] = x[213] ^ x[318]
x[203] = x[203] ^ x[314]
x[194] = x[194] ^ x[320]
x[170] = x[170] ^ x[317]
x[163] = x[163] ^ x[322]
x[33] = x[33] ^ x[2]
x[4] = x[4] ^ x[6]
x[285] = x[285] ^ x[291]
x[92] = x[92] ^ x[106]
x[259] = x[259] ^ x[271]
x[40] = x[40] ^ x[150]
x[43] = x[43] ^ x[161]
x[24] = x[24] ^ x[137]
x[116] = x[116] ^ x[112]
x[104] = x[104] ^ x[103]
x[13] = x[13] ^ x[158]
x[37] = x[37] ^ x[130]
x[269] = x[269] ^ x[281]
x[264] = x[264] ^ x[266]
x[262] = x[262] ^ x[283]
x[15] = x[15] ^ x[156]
x[12] = x[12] ^ x[146]
x[113] = x[113] ^ x[93]
x[53] = x[53] ^ x[119]
x[60] = x[60] ^ x[94]
x[57] = x[57] ^ x[90]
x[30] = x[30] ^ x[145]
x[77] = x[77] ^ x[105]
x[87] = x[87] ^ x[95]
x[68] = x[68] ^ x[118]
x[18] = x[18] ^ x[151]
x[19] = x[19] ^ x[157]
x[75] = x[75] ^ x[120]
x[1] = x[1] ^ x[142]
x[3] = x[3] ^ x[138]
x[45] = x[45] ^ x[107]
x[78] = x[78] ^ x[123]
x[73] = x[73] ^ x[102]
x[31] = x[31] ^ x[153]
x[35] = x[35] ^ x[160]
x[16] = x[16] ^ x[159]
x[61] = x[61] ^ x[117]
x[29] = x[29] ^ x[140]
x[76] = x[76] ^ x[111]
x[32] = x[32] ^ x[96]
x[49] = x[49] ^ x[91]
x[69] = x[69] ^ x[98]
x[179] = x[179] ^ x[321]
x[191] = x[191] ^ x[162]
x[199] = x[199] ^ x[304]
x[205] = x[205] ^ x[301]
x[217] = x[217] ^ x[290]
x[186] = x[186] ^ x[306]
x[80] = x[80] ^ x[88]
x[71] = x[71] ^ x[86]
x[51] = x[51] ^ x[147]
x[226] = x[226] ^ x[247]
x[193] = x[193] ^ x[316]
x[202] = x[202] ^ x[263]
x[236] = x[236] ^ x[277]
x[185] = x[185] ^ x[315]
x[230] = x[230] ^ x[288]
x[206] = x[206] ^ x[323]
x[231] = x[231] ^ x[248]
x[177] = x[177] ^ x[294]
x[172] = x[172] ^ x[303]
x[239] = x[239] ^ x[267]
x[229] = x[229] ^ x[253]
x[227] = x[227] ^ x[243]
x[201] = x[201] ^ x[311]
x[219] = x[219] ^ x[324]
x[212] = x[212] ^ x[257]
x[241] = x[241] ^ x[308]
x[242] = x[242] ^ x[302]
x[237] = x[237] ^ x[265]
x[240] = x[240] ^ x[309]
x[238] = x[238] ^ x[299]
x[234] = x[234] ^ x[289]
x[232] = x[232] ^ x[298]
x[228] = x[228] ^ x[295]
x[220] = x[220] ^ x[256]
x[221] = x[221] ^ x[276]
x[235] = x[235] ^ x[254]
x[203] = x[203] ^ x[305]
x[198] = x[198] ^ x[320]
x[187] = x[187] ^ x[318]
x[178] = x[178] ^ x[313]
x[163] = x[163] ^ x[317]
x[210] = x[210] ^ x[314]
x[34] = x[34] ^ x[28]
x[11] = x[11] ^ x[17]
x[56] = x[56] ^ x[102]
x[24] = x[24] ^ x[132]
x[297] = x[297] ^ x[316]
x[246] = x[246] ^ x[250]
x[144] = x[144] ^ x[154]
x[64] = x[64] ^ x[86]
x[50] = x[50] ^ x[161]
x[21] = x[21] ^ x[143]
x[0] = x[0] ^ x[155]
x[65] = x[65] ^ x[116]
x[63] = x[63] ^ x[124]
x[41] = x[41] ^ x[149]
x[22] = x[22] ^ x[150]
x[283] = x[283] ^ x[282]
x[264] = x[264] ^ x[271]
x[66] = x[66] ^ x[99]
x[4] = x[4] ^ x[146]
x[15] = x[15] ^ x[158]
x[53] = x[53] ^ x[113]
x[37] = x[37] ^ x[123]
x[60] = x[60] ^ x[88]
x[57] = x[57] ^ x[94]
x[182] = x[182] ^ x[296]
x[48] = x[48] ^ x[157]
x[77] = x[77] ^ x[128]
x[68] = x[68] ^ x[90]
x[67] = x[67] ^ x[95]
x[47] = x[47] ^ x[114]
x[74] = x[74] ^ x[156]
x[44] = x[44] ^ x[142]
x[62] = x[62] ^ x[134]
x[75] = x[75] ^ x[145]
x[3] = x[3] ^ x[133]
x[45] = x[45] ^ x[103]
x[285] = x[285] ^ x[305]
x[79] = x[79] ^ x[151]
x[78] = x[78] ^ x[136]
x[72] = x[72] ^ x[125]
x[73] = x[73] ^ x[111]
x[33] = x[33] ^ x[160]
x[40] = x[40] ^ x[153]
x[16] = x[16] ^ x[152]
x[12] = x[12] ^ x[159]
x[61] = x[61] ^ x[98]
x[29] = x[29] ^ x[131]
x[76] = x[76] ^ x[106]
x[58] = x[58] ^ x[96]
x[218] = x[218] ^ x[307]
x[195] = x[195] ^ x[301]
x[80] = x[80] ^ x[89]
x[71] = x[71] ^ x[91]
x[14] = x[14] ^ x[147]
x[226] = x[226] ^ x[259]
x[205] = x[205] ^ x[273]
x[192] = x[192] ^ x[319]
x[211] = x[211] ^ x[243]
x[191] = x[191] ^ x[313]
x[208] = x[208] ^ x[281]
x[186] = x[186] ^ x[315]
x[167] = x[167] ^ x[306]
x[193] = x[193] ^ x[310]
x[204] = x[204] ^ x[298]
x[225] = x[225] ^ x[248]
x[233] = x[233] ^ x[288]
x[224] = x[224] ^ x[290]
x[172] = x[172] ^ x[294]
x[174] = x[174] ^ x[322]
x[173] = x[173] ^ x[321]
x[229] = x[229] ^ x[267]
x[227] = x[227] ^ x[292]
x[188] = x[188] ^ x[323]
x[212] = x[212] ^ x[269]
x[242] = x[242] ^ x[279]
x[241] = x[241] ^ x[263]
x[236] = x[236] ^ x[309]
x[237] = x[237] ^ x[272]
x[238] = x[238] ^ x[274]
x[234] = x[234] ^ x[275]
x[232] = x[232] ^ x[256]
x[228] = x[228] ^ x[277]
x[220] = x[220] ^ x[286]
x[221] = x[221] ^ x[266]
x[213] = x[213] ^ x[299]
x[199] = x[199] ^ x[302]
x[194] = x[194] ^ x[308]
x[216] = x[216] ^ x[320]
x[203] = x[203] ^ x[317]
x[187] = x[187] ^ x[311]
x[176] = x[176] ^ x[318]
x[178] = x[178] ^ x[324]
x[210] = x[210] ^ x[304]
x[219] = x[219] ^ x[254]
x[34] = x[34] ^ x[8]
x[121] = x[121] ^ x[140]
x[39] = x[39] ^ x[129]
x[56] = x[56] ^ x[118]
x[255] = x[255] ^ x[246]
x[50] = x[50] ^ x[117]
x[43] = x[43] ^ x[102]
x[21] = x[21] ^ x[154]
x[7] = x[7] ^ x[155]
x[59] = x[59] ^ x[82]
x[24] = x[24] ^ x[149]
x[30] = x[30] ^ x[136]
x[66] = x[66] ^ x[104]
x[18] = x[18] ^ x[139]
x[4] = x[4] ^ x[158]
x[0] = x[0] ^ x[146]
x[65] = x[65] ^ x[99]
x[53] = x[53] ^ x[86]
x[37] = x[37] ^ x[124]
x[57] = x[57] ^ x[87]
x[35] = x[35] ^ x[137]
x[31] = x[31] ^ x[135]
x[77] = x[77] ^ x[93]
x[68] = x[68] ^ x[130]
x[67] = x[67] ^ x[97]
x[47] = x[47] ^ x[90]
x[25] = x[25] ^ x[157]
x[75] = x[75] ^ x[123]
x[44] = x[44] ^ x[91]
x[1] = x[1] ^ x[141]
x[3] = x[3] ^ x[134]
x[171] = x[171] ^ x[321]
x[222] = x[222] ^ x[275]
x[168] = x[168] ^ x[319]
x[78] = x[78] ^ x[98]
x[72] = x[72] ^ x[106]
x[79] = x[79] ^ x[138]
x[54] = x[54] ^ x[160]
x[51] = x[51] ^ x[150]
x[20] = x[20] ^ x[159]
x[11] = x[11] ^ x[153]
x[16] = x[16] ^ x[156]
x[12] = x[12] ^ x[151]
x[73] = x[73] ^ x[88]
x[63] = x[63] ^ x[111]
x[29] = x[29] ^ x[148]
x[64] = x[64] ^ x[96]
x[182] = x[182] ^ x[316]
x[80] = x[80] ^ x[103]
x[71] = x[71] ^ x[116]
x[48] = x[48] ^ x[147]
x[14] = x[14] ^ x[142]
x[226] = x[226] ^ x[274]
x[200] = x[200] ^ x[308]
x[215] = x[215] ^ x[307]
x[239] = x[239] ^ x[293]
x[231] = x[231] ^ x[285]
x[201] = x[201] ^ x[310]
x[191] = x[191] ^ x[301]
x[214] = x[214] ^ x[311]
x[230] = x[230] ^ x[281]
x[225] = x[225] ^ x[264]
x[207] = x[207] ^ x[290]
x[205] = x[205] ^ x[322]
x[173] = x[173] ^ x[296]
x[169] = x[169] ^ x[313]
x[163] = x[163] ^ x[306]
x[229] = x[229] ^ x[243]
x[227] = x[227] ^ x[257]
x[192] = x[192] ^ x[323]
x[181] = x[181] ^ x[315]
x[242] = x[242] ^ x[269]
x[241] = x[241] ^ x[283]
x[236] = x[236] ^ x[279]
x[237] = x[237] ^ x[277]
x[240] = x[240] ^ x[302]
x[238] = x[238] ^ x[265]
x[234] = x[234] ^ x[254]
x[232] = x[232] ^ x[288]
x[228] = x[228] ^ x[263]
x[220] = x[220] ^ x[272]
x[221] = x[221] ^ x[291]
x[199] = x[199] ^ x[299]
x[194] = x[194] ^ x[298]
x[185] = x[185] ^ x[309]
x[187] = x[187] ^ x[320]
x[180] = x[180] ^ x[317]
x[174] = x[174] ^ x[318]
x[195] = x[195] ^ x[294]
x[178] = x[178] ^ x[295]
x[210] = x[210] ^ x[270]
x[27] = x[27] ^ x[145]
x[28] = x[28] ^ x[161]
x[26] = x[26] ^ x[137]
x[43] = x[43] ^ x[150]
x[196] = x[196] ^ x[303]
x[21] = x[21] ^ x[141]
x[50] = x[50] ^ x[120]
x[59] = x[59] ^ x[84]
x[30] = x[30] ^ x[133]
x[66] = x[66] ^ x[103]
x[70] = x[70] ^ x[95]
x[46] = x[46] ^ x[114]
x[18] = x[18] ^ x[138]
x[4] = x[4] ^ x[155]
x[36] = x[36] ^ x[158]
x[6] = x[6] ^ x[156]
x[0] = x[0] ^ x[149]
x[53] = x[53] ^ x[81]
x[37] = x[37] ^ x[113]
x[77] = x[77] ^ x[132]
x[61] = x[61] ^ x[127]
x[33] = x[33] ^ x[154]
x[31] = x[31] ^ x[125]
x[35] = x[35] ^ x[134]
x[162] = x[162] ^ x[324]
x[76] = x[76] ^ x[129]
x[67] = x[67] ^ x[92]
x[65] = x[65] ^ x[90]
x[8] = x[8] ^ x[157]
x[49] = x[49] ^ x[93]
x[1] = x[1] ^ x[136]
x[3] = x[3] ^ x[126]
x[57] = x[57] ^ x[104]
x[217] = x[217] ^ x[272]
x[78] = x[78] ^ x[97]
x[72] = x[72] ^ x[115]
x[79] = x[79] ^ x[118]
x[51] = x[51] ^ x[153]
x[20] = x[20] ^ x[151]
x[16] = x[16] ^ x[146]
x[13] = x[13] ^ x[160]
x[73] = x[73] ^ x[119]
x[68] = x[68] ^ x[88]
x[9] = x[9] ^ x[159]
x[29] = x[29] ^ x[122]
x[75] = x[75] ^ x[111]
x[44] = x[44] ^ x[96]
x[168] = x[168] ^ x[316]
x[80] = x[80] ^ x[98]
x[71] = x[71] ^ x[121]
x[14] = x[14] ^ x[143]
x[10] = x[10] ^ x[147]
x[167] = x[167] ^ x[315]
x[208] = x[208] ^ x[250]
x[215] = x[215] ^ x[312]
x[193] = x[193] ^ x[275]
x[235] = x[235] ^ x[284]
x[239] = x[239] ^ x[269]
x[233] = x[233] ^ x[281]
x[224] = x[224] ^ x[265]
x[201] = x[201] ^ x[321]
x[191] = x[191] ^ x[298]
x[188] = x[188] ^ x[314]
x[177] = x[177] ^ x[310]
x[170] = x[170] ^ x[301]
x[214] = x[214] ^ x[285]
x[212] = x[212] ^ x[258]
x[231] = x[231] ^ x[274]
x[223] = x[223] ^ x[290]
x[216] = x[216] ^ x[297]
x[179] = x[179] ^ x[322]
x[173] = x[173] ^ x[306]
x[218] = x[218] ^ x[323]
x[227] = x[227] ^ x[253]
x[181] = x[181] ^ x[313]
x[186] = x[186] ^ x[308]
x[219] = x[219] ^ x[248]
x[242] = x[242] ^ x[289]
x[241] = x[241] ^ x[246]
x[237] = x[237] ^ x[268]
x[240] = x[240] ^ x[271]
x[238] = x[238] ^ x[294]
x[234] = x[234] ^ x[244]
x[232] = x[232] ^ x[291]
x[228] = x[228] ^ x[254]
x[225] = x[225] ^ x[263]
x[220] = x[220] ^ x[270]
x[221] = x[221] ^ x[267]
x[206] = x[206] ^ x[302]
x[199] = x[199] ^ x[295]
x[194] = x[194] ^ x[307]
x[185] = x[185] ^ x[305]
x[169] = x[169] ^ x[309]
x[236] = x[236] ^ x[243]
x[198] = x[198] ^ x[317]
x[192] = x[192] ^ x[320]
x[174] = x[174] ^ x[319]
x[166] = x[166] ^ x[318]
x[172] = x[172] ^ x[299]
x[42] = x[42] ^ x[150]
x[26] = x[26] ^ x[129]
x[280] = x[280] ^ x[274]
x[17] = x[17] ^ x[143]
x[55] = x[55] ^ x[86]
x[22] = x[22] ^ x[119]
x[19] = x[19] ^ x[131]
x[39] = x[39] ^ x[154]
x[60] = x[60] ^ x[89]
x[43] = x[43] ^ x[85]
x[7] = x[7] ^ x[139]
x[69] = x[69] ^ x[104]
x[30] = x[30] ^ x[149]
x[66] = x[66] ^ x[95]
x[70] = x[70] ^ x[82]
x[47] = x[47] ^ x[140]
x[21] = x[21] ^ x[155]
x[36] = x[36] ^ x[144]
x[59] = x[59] ^ x[114]
x[50] = x[50] ^ x[81]
x[37] = x[37] ^ x[102]
x[189] = x[189] ^ x[301]
x[11] = x[11] ^ x[145]
x[12] = x[12] ^ x[128]
x[77] = x[77] ^ x[107]
x[74] = x[74] ^ x[106]
x[63] = x[63] ^ x[93]
x[61] = x[61] ^ x[99]
x[46] = x[46] ^ x[91]
x[31] = x[31] ^ x[120]
x[35] = x[35] ^ x[125]
x[18] = x[18] ^ x[132]
x[162] = x[162] ^ x[321]
x[76] = x[76] ^ x[90]
x[62] = x[62] ^ x[98]
x[40] = x[40] ^ x[157]
x[2] = x[2] ^ x[156]
x[57] = x[57] ^ x[83]
x[197] = x[197] ^ x[312]
x[78] = x[78] ^ x[92]
x[72] = x[72] ^ x[127]
x[51] = x[51] ^ x[118]
x[48] = x[48] ^ x[103]
x[33] = x[33] ^ x[136]
x[27] = x[27] ^ x[153]
x[20] = x[20] ^ x[152]
x[15] = x[15] ^ x[160]
x[16] = x[16] ^ x[151]
x[13] = x[13] ^ x[146]
x[226] = x[226] ^ x[271]
x[73] = x[73] ^ x[130]
x[68] = x[68] ^ x[135]
x[8] = x[8] ^ x[159]
x[75] = x[75] ^ x[109]
x[29] = x[29] ^ x[115]
x[3] = x[3] ^ x[122]
x[80] = x[80] ^ x[96]
x[71] = x[71] ^ x[84]
x[32] = x[32] ^ x[147]
x[14] = x[14] ^ x[161]
x[10] = x[10] ^ x[148]
x[213] = x[213] ^ x[243]
x[171] = x[171] ^ x[311]
x[239] = x[239] ^ x[305]
x[235] = x[235] ^ x[246]
x[215] = x[215] ^ x[310]
x[176] = x[176] ^ x[315]
x[167] = x[167] ^ x[304]
x[170] = x[170] ^ x[303]
x[214] = x[214] ^ x[281]
x[229] = x[229] ^ x[277]
x[231] = x[231] ^ x[275]
x[224] = x[224] ^ x[297]
x[217] = x[217] ^ x[322]
x[203] = x[203] ^ x[306]
x[201] = x[201] ^ x[290]
x[187] = x[187] ^ x[324]
x[180] = x[180] ^ x[314]
x[173] = x[173] ^ x[298]
x[175] = x[175] ^ x[323]
x[218] = x[218] ^ x[265]
x[195] = x[195] ^ x[284]
x[178] = x[178] ^ x[292]
x[219] = x[219] ^ x[316]
x[212] = x[212] ^ x[253]
x[202] = x[202] ^ x[248]
x[242] = x[242] ^ x[272]
x[241] = x[241] ^ x[276]
x[237] = x[237] ^ x[279]
x[240] = x[240] ^ x[244]
x[238] = x[238] ^ x[254]
x[234] = x[234] ^ x[247]
x[232] = x[232] ^ x[267]
x[228] = x[228] ^ x[257]
x[223] = x[223] ^ x[289]
x[225] = x[225] ^ x[288]
x[220] = x[220] ^ x[258]
x[221] = x[221] ^ x[264]
x[216] = x[216] ^ x[270]
x[208] = x[208] ^ x[263]
x[199] = x[199] ^ x[307]
x[194] = x[194] ^ x[299]
x[185] = x[185] ^ x[302]
x[177] = x[177] ^ x[309]
x[169] = x[169] ^ x[308]
x[236] = x[236] ^ x[296]
x[191] = x[191] ^ x[317]
x[183] = x[183] ^ x[320]
x[179] = x[179] ^ x[318]
x[174] = x[174] ^ x[313]
x[166] = x[166] ^ x[319]
x[110] = x[110] ^ x[101]
x[278] = x[278] ^ x[272]
x[249] = x[249] ^ x[259]
x[42] = x[42] ^ x[130]
x[56] = x[56] ^ x[99]
x[209] = x[209] ^ x[281]
x[251] = x[251] ^ x[248]
x[261] = x[261] ^ x[273]
x[22] = x[22] ^ x[152]
x[190] = x[190] ^ x[299]
x[17] = x[17] ^ x[154]
x[24] = x[24] ^ x[89]
x[19] = x[19] ^ x[135]
x[4] = x[4] ^ x[141]
x[196] = x[196] ^ x[312]
x[54] = x[54] ^ x[136]
x[67] = x[67] ^ x[84]
x[70] = x[70] ^ x[92]
x[55] = x[55] ^ x[95]
x[25] = x[25] ^ x[129]
x[6] = x[6] ^ x[155]
x[0] = x[0] ^ x[138]
x[65] = x[65] ^ x[105]
x[49] = x[49] ^ x[117]
x[59] = x[59] ^ x[94]
x[37] = x[37] ^ x[148]
x[77] = x[77] ^ x[104]
x[61] = x[61] ^ x[113]
x[31] = x[31] ^ x[132]
x[18] = x[18] ^ x[125]
x[12] = x[12] ^ x[134]
x[9] = x[9] ^ x[161]
x[76] = x[76] ^ x[83]
x[40] = x[40] ^ x[144]
x[53] = x[53] ^ x[96]
x[44] = x[44] ^ x[93]
x[79] = x[79] ^ x[121]
x[78] = x[78] ^ x[87]
x[51] = x[51] ^ x[81]
x[48] = x[48] ^ x[85]
x[47] = x[47] ^ x[146]
x[33] = x[33] ^ x[111]
x[35] = x[35] ^ x[127]
x[21] = x[21] ^ x[160]
x[20] = x[20] ^ x[145]
x[15] = x[15] ^ x[151]
x[16] = x[16] ^ x[139]
x[13] = x[13] ^ x[150]
x[5] = x[5] ^ x[153]
x[73] = x[73] ^ x[100]
x[68] = x[68] ^ x[120]
x[46] = x[46] ^ x[103]
x[8] = x[8] ^ x[156]
x[43] = x[43] ^ x[98]
x[29] = x[29] ^ x[126]
x[3] = x[3] ^ x[123]
x[57] = x[57] ^ x[109]
x[164] = x[164] ^ x[294]
x[230] = x[230] ^ x[267]
x[80] = x[80] ^ x[97]
x[71] = x[71] ^ x[106]
x[14] = x[14] ^ x[149]
x[7] = x[7] ^ x[147]
x[10] = x[10] ^ x[143]
x[188] = x[188] ^ x[285]
x[233] = x[233] ^ x[284]
x[215] = x[215] ^ x[266]
x[171] = x[171] ^ x[315]
x[168] = x[168] ^ x[311]
x[197] = x[197] ^ x[308]
x[217] = x[217] ^ x[316]
x[213] = x[213] ^ x[275]
x[203] = x[203] ^ x[250]
x[201] = x[201] ^ x[293]
x[192] = x[192] ^ x[321]
x[187] = x[187] ^ x[306]
x[180] = x[180] ^ x[301]
x[176] = x[176] ^ x[314]
x[181] = x[181] ^ x[290]
x[170] = x[170] ^ x[297]
x[173] = x[173] ^ x[295]
x[214] = x[214] ^ x[243]
x[195] = x[195] ^ x[265]
x[178] = x[178] ^ x[280]
x[172] = x[172] ^ x[292]
x[242] = x[242] ^ x[253]
x[241] = x[241] ^ x[274]
x[239] = x[239] ^ x[270]
x[237] = x[237] ^ x[289]
x[240] = x[240] ^ x[304]
x[235] = x[235] ^ x[302]
x[238] = x[238] ^ x[271]
x[229] = x[229] ^ x[288]
x[234] = x[234] ^ x[246]
x[231] = x[231] ^ x[276]
x[232] = x[232] ^ x[269]
x[228] = x[228] ^ x[260]
x[223] = x[223] ^ x[256]
x[225] = x[225] ^ x[254]
x[220] = x[220] ^ x[287]
x[221] = x[221] ^ x[244]
x[216] = x[216] ^ x[291]
x[205] = x[205] ^ x[263]
x[194] = x[194] ^ x[322]
x[185] = x[185] ^ x[277]
x[177] = x[177] ^ x[298]
x[169] = x[169] ^ x[307]
x[163] = x[163] ^ x[309]
x[211] = x[211] ^ x[318]
x[198] = x[198] ^ x[313]
x[191] = x[191] ^ x[296]
x[166] = x[166] ^ x[320]
x[202] = x[202] ^ x[323]
x[38] = x[38] ^ x[150]
x[28] = x[28] ^ x[158]
x[262] = x[262] ^ x[253]
x[26] = x[26] ^ x[130]
x[209] = x[209] ^ x[243]
x[184] = x[184] ^ x[315]
x[23] = x[23] ^ x[143]
x[17] = x[17] ^ x[161]
x[64] = x[64] ^ x[124]
x[36] = x[36] ^ x[140]
x[4] = x[4] ^ x[139]
x[30] = x[30] ^ x[152]
x[182] = x[182] ^ x[297]
x[63] = x[63] ^ x[101]
x[74] = x[74] ^ x[97]
x[70] = x[70] ^ x[119]
x[56] = x[56] ^ x[95]
x[55] = x[55] ^ x[82]
x[54] = x[54] ^ x[86]
x[41] = x[41] ^ x[157]
x[25] = x[25] ^ x[133]
x[19] = x[19] ^ x[128]
x[2] = x[2] ^ x[154]
x[65] = x[65] ^ x[108]
x[62] = x[62] ^ x[84]
x[50] = x[50] ^ x[111]
x[72] = x[72] ^ x[94]
x[11] = x[11] ^ x[136]
x[58] = x[58] ^ x[92]
x[31] = x[31] ^ x[131]
x[18] = x[18] ^ x[135]
x[12] = x[12] ^ x[125]
x[0] = x[0] ^ x[132]
x[53] = x[53] ^ x[104]
x[24] = x[24] ^ x[93]
x[222] = x[222] ^ x[248]
x[189] = x[189] ^ x[292]
x[78] = x[78] ^ x[89]
x[32] = x[32] ^ x[103]
x[77] = x[77] ^ x[87]
x[61] = x[61] ^ x[121]
x[51] = x[51] ^ x[116]
x[48] = x[48] ^ x[91]
x[47] = x[47] ^ x[137]
x[33] = x[33] ^ x[85]
x[42] = x[42] ^ x[151]
x[35] = x[35] ^ x[126]
x[21] = x[21] ^ x[115]
x[20] = x[20] ^ x[129]
x[15] = x[15] ^ x[145]
x[16] = x[16] ^ x[142]
x[5] = x[5] ^ x[155]
x[6] = x[6] ^ x[153]
x[9] = x[9] ^ x[148]
x[73] = x[73] ^ x[83]
x[40] = x[40] ^ x[156]
x[43] = x[43] ^ x[117]
x[29] = x[29] ^ x[98]
x[3] = x[3] ^ x[120]
x[230] = x[230] ^ x[268]
x[80] = x[80] ^ x[109]
x[71] = x[71] ^ x[122]
x[14] = x[14] ^ x[141]
x[7] = x[7] ^ x[138]
x[10] = x[10] ^ x[146]
x[13] = x[13] ^ x[149]
x[227] = x[227] ^ x[251]
x[186] = x[186] ^ x[300]
x[233] = x[233] ^ x[294]
x[224] = x[224] ^ x[286]
x[190] = x[190] ^ x[322]
x[188] = x[188] ^ x[277]
x[171] = x[171] ^ x[303]
x[165] = x[165] ^ x[323]
x[212] = x[212] ^ x[249]
x[208] = x[208] ^ x[257]
x[199] = x[199] ^ x[281]
x[218] = x[218] ^ x[258]
x[206] = x[206] ^ x[321]
x[192] = x[192] ^ x[316]
x[187] = x[187] ^ x[285]
x[179] = x[179] ^ x[317]
x[176] = x[176] ^ x[311]
x[181] = x[181] ^ x[310]
x[174] = x[174] ^ x[306]
x[170] = x[170] ^ x[282]
x[173] = x[173] ^ x[290]
x[242] = x[242] ^ x[266]
x[239] = x[239] ^ x[276]
x[236] = x[236] ^ x[256]
x[237] = x[237] ^ x[301]
x[240] = x[240] ^ x[279]
x[238] = x[238] ^ x[260]
x[229] = x[229] ^ x[269]
x[234] = x[234] ^ x[274]
x[231] = x[231] ^ x[246]
x[232] = x[232] ^ x[261]
x[228] = x[228] ^ x[287]
x[223] = x[223] ^ x[264]
x[225] = x[225] ^ x[247]
x[220] = x[220] ^ x[271]
x[221] = x[221] ^ x[265]
x[216] = x[216] ^ x[272]
x[213] = x[213] ^ x[304]
x[215] = x[215] ^ x[263]
x[203] = x[203] ^ x[244]
x[205] = x[205] ^ x[250]
x[200] = x[200] ^ x[309]
x[201] = x[201] ^ x[289]
x[194] = x[194] ^ x[288]
x[185] = x[185] ^ x[280]
x[180] = x[180] ^ x[298]
x[177] = x[177] ^ x[293]
x[167] = x[167] ^ x[302]
x[169] = x[169] ^ x[305]
x[168] = x[168] ^ x[307]
x[207] = x[207] ^ x[320]
x[197] = x[197] ^ x[318]
x[191] = x[191] ^ x[267]
x[214] = x[214] ^ x[313]
x[178] = x[178] ^ x[312]
x[172] = x[172] ^ x[270]
x[202] = x[202] ^ x[275]
x[34] = x[34] ^ x[154]
x[38] = x[38] ^ x[116]
x[60] = x[60] ^ x[92]
x[52] = x[52] ^ x[99]
x[39] = x[39] ^ x[150]
x[23] = x[23] ^ x[129]
x[69] = x[69] ^ x[103]
x[1] = x[1] ^ x[127]
x[196] = x[196] ^ x[260]
x[67] = x[67] ^ x[88]
x[64] = x[64] ^ x[87]
x[17] = x[17] ^ x[142]
x[4] = x[4] ^ x[140]
x[30] = x[30] ^ x[85]
x[226] = x[226] ^ x[273]
x[74] = x[74] ^ x[128]
x[70] = x[70] ^ x[118]
x[41] = x[41] ^ x[141]
x[28] = x[28] ^ x[159]
x[27] = x[27] ^ x[130]
x[19] = x[19] ^ x[134]
x[65] = x[65] ^ x[97]
x[62] = x[62] ^ x[124]
x[79] = x[79] ^ x[109]
x[63] = x[63] ^ x[94]
x[76] = x[76] ^ x[125]
x[72] = x[72] ^ x[82]
x[58] = x[58] ^ x[90]
x[56] = x[56] ^ x[100]
x[54] = x[54] ^ x[111]
x[46] = x[46] ^ x[86]
x[36] = x[36] ^ x[160]
x[31] = x[31] ^ x[122]
x[18] = x[18] ^ x[119]
x[11] = x[11] ^ x[161]
x[12] = x[12] ^ x[139]
x[193] = x[193] ^ x[257]
x[182] = x[182] ^ x[321]
x[32] = x[32] ^ x[93]
x[77] = x[77] ^ x[121]
x[61] = x[61] ^ x[105]
x[51] = x[51] ^ x[106]
x[48] = x[48] ^ x[98]
x[47] = x[47] ^ x[91]
x[33] = x[33] ^ x[95]
x[42] = x[42] ^ x[152]
x[35] = x[35] ^ x[157]
x[22] = x[22] ^ x[151]
x[25] = x[25] ^ x[147]
x[21] = x[21] ^ x[120]
x[20] = x[20] ^ x[131]
x[6] = x[6] ^ x[123]
x[9] = x[9] ^ x[143]
x[8] = x[8] ^ x[155]
x[2] = x[2] ^ x[153]
x[0] = x[0] ^ x[148]
x[73] = x[73] ^ x[107]
x[40] = x[40] ^ x[108]
x[53] = x[53] ^ x[89]
x[29] = x[29] ^ x[96]
x[80] = x[80] ^ x[132]
x[71] = x[71] ^ x[101]
x[14] = x[14] ^ x[133]
x[7] = x[7] ^ x[136]
x[15] = x[15] ^ x[149]
x[16] = x[16] ^ x[138]
x[10] = x[10] ^ x[145]
x[13] = x[13] ^ x[144]
x[3] = x[3] ^ x[117]
x[222] = x[222] ^ x[268]
x[210] = x[210] ^ x[266]
x[186] = x[186] ^ x[304]
x[175] = x[175] ^ x[310]
x[183] = x[183] ^ x[312]
x[171] = x[171] ^ x[308]
x[164] = x[164] ^ x[297]
x[212] = x[212] ^ x[245]
x[163] = x[163] ^ x[299]
x[218] = x[218] ^ x[251]
x[208] = x[208] ^ x[253]
x[211] = x[211] ^ x[319]
x[209] = x[209] ^ x[322]
x[192] = x[192] ^ x[314]
x[190] = x[190] ^ x[311]
x[176] = x[176] ^ x[306]
x[181] = x[181] ^ x[300]
x[173] = x[173] ^ x[285]
x[166] = x[166] ^ x[316]
x[165] = x[165] ^ x[317]
x[241] = x[241] ^ x[255]
x[242] = x[242] ^ x[280]
x[239] = x[239] ^ x[294]
x[236] = x[236] ^ x[247]
x[237] = x[237] ^ x[291]
x[233] = x[233] ^ x[287]
x[238] = x[238] ^ x[284]
x[229] = x[229] ^ x[249]
x[234] = x[234] ^ x[261]
x[231] = x[231] ^ x[270]
x[232] = x[232] ^ x[246]
x[224] = x[224] ^ x[256]
x[228] = x[228] ^ x[272]
x[223] = x[223] ^ x[275]
x[227] = x[227] ^ x[276]
x[220] = x[220] ^ x[282]
x[221] = x[221] ^ x[254]
x[217] = x[217] ^ x[271]
x[216] = x[216] ^ x[281]
x[213] = x[213] ^ x[258]
x[215] = x[215] ^ x[264]
x[203] = x[203] ^ x[259]
x[205] = x[205] ^ x[244]
x[206] = x[206] ^ x[250]
x[200] = x[200] ^ x[263]
x[201] = x[201] ^ x[286]
x[198] = x[198] ^ x[305]
x[194] = x[194] ^ x[293]
x[188] = x[188] ^ x[289]
x[189] = x[189] ^ x[302]
x[185] = x[185] ^ x[283]
x[187] = x[187] ^ x[309]
x[180] = x[180] ^ x[277]
x[177] = x[177] ^ x[288]
x[174] = x[174] ^ x[307]
x[167] = x[167] ^ x[290]
x[170] = x[170] ^ x[279]
x[169] = x[169] ^ x[303]
x[168] = x[168] ^ x[296]
x[195] = x[195] ^ x[318]
x[184] = x[184] ^ x[320]
x[214] = x[214] ^ x[267]
x[178] = x[178] ^ x[298]
x[240] = x[240] ^ x[295]
x[34] = x[34] ^ x[150]
x[52] = x[52] ^ x[86]
x[39] = x[39] ^ x[158]
x[45] = x[45] ^ x[99]
x[69] = x[69] ^ x[105]
x[26] = x[26] ^ x[156]
x[23] = x[23] ^ x[138]
x[204] = x[204] ^ x[244]
x[55] = x[55] ^ x[113]
x[49] = x[49] ^ x[82]
x[44] = x[44] ^ x[95]
x[17] = x[17] ^ x[137]
x[64] = x[64] ^ x[101]
x[37] = x[37] ^ x[152]
x[68] = x[68] ^ x[124]
x[74] = x[74] ^ x[118]
x[75] = x[75] ^ x[127]
x[41] = x[41] ^ x[114]
x[27] = x[27] ^ x[154]
x[4] = x[4] ^ x[136]
x[1] = x[1] ^ x[128]
x[63] = x[63] ^ x[97]
x[79] = x[79] ^ x[140]
x[72] = x[72] ^ x[110]
x[67] = x[67] ^ x[100]
x[70] = x[70] ^ x[83]
x[58] = x[58] ^ x[84]
x[56] = x[56] ^ x[92]
x[54] = x[54] ^ x[102]
x[46] = x[46] ^ x[81]
x[38] = x[38] ^ x[160]
x[19] = x[19] ^ x[115]
x[18] = x[18] ^ x[116]
x[12] = x[12] ^ x[119]
x[50] = x[50] ^ x[94]
x[24] = x[24] ^ x[85]
x[230] = x[230] ^ x[274]
x[193] = x[193] ^ x[250]
x[32] = x[32] ^ x[88]
x[61] = x[61] ^ x[90]
x[51] = x[51] ^ x[96]
x[48] = x[48] ^ x[93]
x[47] = x[47] ^ x[89]
x[33] = x[33] ^ x[91]
x[42] = x[42] ^ x[142]
x[36] = x[36] ^ x[155]
x[35] = x[35] ^ x[135]
x[22] = x[22] ^ x[125]
x[25] = x[25] ^ x[153]
x[21] = x[21] ^ x[134]
x[20] = x[20] ^ x[130]
x[11] = x[11] ^ x[147]
x[5] = x[5] ^ x[151]
x[6] = x[6] ^ x[120]
x[8] = x[8] ^ x[143]
x[2] = x[2] ^ x[146]
x[0] = x[0] ^ x[131]
x[40] = x[40] ^ x[107]
x[57] = x[57] ^ x[122]
x[196] = x[196] ^ x[311]
x[80] = x[80] ^ x[121]
x[71] = x[71] ^ x[117]
x[28] = x[28] ^ x[149]
x[14] = x[14] ^ x[139]
x[7] = x[7] ^ x[129]
x[15] = x[15] ^ x[157]
x[16] = x[16] ^ x[132]
x[10] = x[10] ^ x[141]
x[13] = x[13] ^ x[123]
x[9] = x[9] ^ x[133]
x[222] = x[222] ^ x[272]
x[210] = x[210] ^ x[251]
x[175] = x[175] ^ x[305]
x[179] = x[179] ^ x[315]
x[209] = x[209] ^ x[319]
x[192] = x[192] ^ x[312]
x[183] = x[183] ^ x[301]
x[176] = x[176] ^ x[308]
x[171] = x[171] ^ x[304]
x[164] = x[164] ^ x[322]
x[165] = x[165] ^ x[306]
x[241] = x[241] ^ x[252]
x[242] = x[242] ^ x[282]
x[239] = x[239] ^ x[279]
x[236] = x[236] ^ x[262]
x[237] = x[237] ^ x[293]
x[233] = x[233] ^ x[285]
x[238] = x[238] ^ x[288]
x[229] = x[229] ^ x[266]
x[231] = x[231] ^ x[249]
x[232] = x[232] ^ x[270]
x[224] = x[224] ^ x[261]
x[228] = x[228] ^ x[297]
x[223] = x[223] ^ x[269]
x[225] = x[225] ^ x[289]
x[227] = x[227] ^ x[247]
x[220] = x[220] ^ x[245]
x[221] = x[221] ^ x[259]
x[217] = x[217] ^ x[246]
x[216] = x[216] ^ x[254]
x[218] = x[218] ^ x[264]
x[208] = x[208] ^ x[275]
x[213] = x[213] ^ x[268]
x[215] = x[215] ^ x[253]
x[203] = x[203] ^ x[248]
x[205] = x[205] ^ x[317]
x[206] = x[206] ^ x[243]
x[200] = x[200] ^ x[257]
x[201] = x[201] ^ x[267]
x[198] = x[198] ^ x[295]
x[197] = x[197] ^ x[284]
x[194] = x[194] ^ x[265]
x[191] = x[191] ^ x[256]
x[190] = x[190] ^ x[291]
x[188] = x[188] ^ x[281]
x[189] = x[189] ^ x[324]
x[185] = x[185] ^ x[298]
x[187] = x[187] ^ x[310]
x[180] = x[180] ^ x[292]
x[182] = x[182] ^ x[302]
x[177] = x[177] ^ x[286]
x[181] = x[181] ^ x[307]
x[174] = x[174] ^ x[300]
x[167] = x[167] ^ x[303]
x[170] = x[170] ^ x[273]
x[173] = x[173] ^ x[277]
x[169] = x[169] ^ x[296]
x[168] = x[168] ^ x[290]
x[166] = x[166] ^ x[309]
x[163] = x[163] ^ x[294]
x[234] = x[234] ^ x[276]
x[219] = x[219] ^ x[318]
x[162] = x[162] ^ x[320]
x[214] = x[214] ^ x[263]
x[52] = x[52] ^ x[81]
x[23] = x[23] ^ x[140]
x[30] = x[30] ^ x[142]
x[55] = x[55] ^ x[88]
x[39] = x[39] ^ x[146]
x[68] = x[68] ^ x[101]
x[74] = x[74] ^ x[136]
x[60] = x[60] ^ x[103]
x[49] = x[49] ^ x[86]
x[26] = x[26] ^ x[126]
x[27] = x[27] ^ x[128]
x[17] = x[17] ^ x[129]
x[4] = x[4] ^ x[133]
x[226] = x[226] ^ x[269]
x[63] = x[63] ^ x[99]
x[79] = x[79] ^ x[102]
x[72] = x[72] ^ x[108]
x[73] = x[73] ^ x[159]
x[67] = x[67] ^ x[116]
x[65] = x[65] ^ x[109]
x[70] = x[70] ^ x[158]
x[59] = x[59] ^ x[97]
x[58] = x[58] ^ x[100]
x[54] = x[54] ^ x[105]
x[46] = x[46] ^ x[82]
x[44] = x[44] ^ x[83]
x[38] = x[38] ^ x[114]
x[41] = x[41] ^ x[95]
x[31] = x[31] ^ x[121]
x[19] = x[19] ^ x[118]
x[18] = x[18] ^ x[112]
x[12] = x[12] ^ x[154]
x[50] = x[50] ^ x[84]
x[43] = x[43] ^ x[87]
x[193] = x[193] ^ x[315]
x[32] = x[32] ^ x[85]
x[61] = x[61] ^ x[106]
x[56] = x[56] ^ x[96]
x[51] = x[51] ^ x[90]
x[48] = x[48] ^ x[92]
x[33] = x[33] ^ x[93]
x[42] = x[42] ^ x[91]
x[36] = x[36] ^ x[153]
x[35] = x[35] ^ x[124]
x[22] = x[22] ^ x[148]
x[25] = x[25] ^ x[145]
x[21] = x[21] ^ x[130]
x[20] = x[20] ^ x[125]
x[11] = x[11] ^ x[134]
x[5] = x[5] ^ x[144]
x[6] = x[6] ^ x[147]
x[8] = x[8] ^ x[150]
x[1] = x[1] ^ x[120]
x[0] = x[0] ^ x[122]
x[37] = x[37] ^ x[89]
x[3] = x[3] ^ x[107]
x[204] = x[204] ^ x[243]
x[186] = x[186] ^ x[303]
x[80] = x[80] ^ x[119]
x[71] = x[71] ^ x[110]
x[14] = x[14] ^ x[138]
x[7] = x[7] ^ x[135]
x[15] = x[15] ^ x[141]
x[16] = x[16] ^ x[127]
x[10] = x[10] ^ x[115]
x[13] = x[13] ^ x[137]
x[9] = x[9] ^ x[131]
x[2] = x[2] ^ x[149]
x[230] = x[230] ^ x[258]
x[211] = x[211] ^ x[257]
x[179] = x[179] ^ x[314]
x[209] = x[209] ^ x[306]
x[199] = x[199] ^ x[250]
x[196] = x[196] ^ x[304]
x[184] = x[184] ^ x[311]
x[176] = x[176] ^ x[280]
x[175] = x[175] ^ x[301]
x[236] = x[236] ^ x[282]
x[233] = x[233] ^ x[277]
x[238] = x[238] ^ x[279]
x[229] = x[229] ^ x[263]
x[231] = x[231] ^ x[272]
x[232] = x[232] ^ x[252]
x[224] = x[224] ^ x[275]
x[223] = x[223] ^ x[249]
x[225] = x[225] ^ x[271]
x[227] = x[227] ^ x[255]
x[220] = x[220] ^ x[247]
x[221] = x[221] ^ x[274]
x[222] = x[222] ^ x[246]
x[217] = x[217] ^ x[245]
x[216] = x[216] ^ x[268]
x[218] = x[218] ^ x[270]
x[210] = x[210] ^ x[264]
x[208] = x[208] ^ x[266]
x[213] = x[213] ^ x[323]
x[215] = x[215] ^ x[251]
x[207] = x[207] ^ x[254]
x[203] = x[203] ^ x[316]
x[206] = x[206] ^ x[288]
x[195] = x[195] ^ x[307]
x[201] = x[201] ^ x[244]
x[198] = x[198] ^ x[293]
x[194] = x[194] ^ x[284]
x[192] = x[192] ^ x[265]
x[191] = x[191] ^ x[260]
x[190] = x[190] ^ x[317]
x[188] = x[188] ^ x[286]
x[189] = x[189] ^ x[308]
x[185] = x[185] ^ x[281]
x[187] = x[187] ^ x[299]
x[180] = x[180] ^ x[297]
x[182] = x[182] ^ x[287]
x[177] = x[177] ^ x[285]
x[181] = x[181] ^ x[302]
x[174] = x[174] ^ x[298]
x[171] = x[171] ^ x[300]
x[167] = x[167] ^ x[283]
x[170] = x[170] ^ x[278]
x[173] = x[173] ^ x[319]
x[169] = x[169] ^ x[295]
x[168] = x[168] ^ x[291]
x[166] = x[166] ^ x[310]
x[164] = x[164] ^ x[290]
x[163] = x[163] ^ x[324]
x[165] = x[165] ^ x[309]
x[242] = x[242] ^ x[294]
x[237] = x[237] ^ x[262]
x[228] = x[228] ^ x[261]
x[205] = x[205] ^ x[321]
x[200] = x[200] ^ x[259]
x[197] = x[197] ^ x[305]
x[219] = x[219] ^ x[276]
x[162] = x[162] ^ x[296]
x[178] = x[178] ^ x[289]
x[52] = x[52] ^ x[157]
x[45] = x[45] ^ x[92]
x[23] = x[23] ^ x[159]
x[30] = x[30] ^ x[96]
x[78] = x[78] ^ x[117]
x[75] = x[75] ^ x[88]
x[55] = x[55] ^ x[87]
x[69] = x[69] ^ x[127]
x[60] = x[60] ^ x[113]
x[53] = x[53] ^ x[106]
x[27] = x[27] ^ x[126]
x[29] = x[29] ^ x[94]
x[226] = x[226] ^ x[260]
x[63] = x[63] ^ x[104]
x[47] = x[47] ^ x[84]
x[34] = x[34] ^ x[151]
x[79] = x[79] ^ x[111]
x[72] = x[72] ^ x[95]
x[73] = x[73] ^ x[98]
x[70] = x[70] ^ x[105]
x[64] = x[64] ^ x[83]
x[58] = x[58] ^ x[152]
x[49] = x[49] ^ x[100]
x[44] = x[44] ^ x[86]
x[38] = x[38] ^ x[154]
x[40] = x[40] ^ x[99]
x[31] = x[31] ^ x[103]
x[19] = x[19] ^ x[116]
x[18] = x[18] ^ x[110]
x[4] = x[4] ^ x[131]
x[43] = x[43] ^ x[82]
x[28] = x[28] ^ x[156]
x[67] = x[67] ^ x[85]
x[65] = x[65] ^ x[121]
x[61] = x[61] ^ x[101]
x[56] = x[56] ^ x[107]
x[51] = x[51] ^ x[97]
x[48] = x[48] ^ x[81]
x[33] = x[33] ^ x[150]
x[42] = x[42] ^ x[114]
x[41] = x[41] ^ x[91]
x[36] = x[36] ^ x[102]
x[32] = x[32] ^ x[90]
x[35] = x[35] ^ x[108]
x[26] = x[26] ^ x[144]
x[22] = x[22] ^ x[124]
x[25] = x[25] ^ x[132]
x[21] = x[21] ^ x[146]
x[17] = x[17] ^ x[145]
x[5] = x[5] ^ x[140]
x[6] = x[6] ^ x[130]
x[12] = x[12] ^ x[123]
x[37] = x[37] ^ x[155]
x[71] = x[71] ^ x[128]
x[20] = x[20] ^ x[135]
x[11] = x[11] ^ x[137]
x[14] = x[14] ^ x[129]
x[7] = x[7] ^ x[134]
x[15] = x[15] ^ x[143]
x[16] = x[16] ^ x[118]
x[10] = x[10] ^ x[136]
x[13] = x[13] ^ x[122]
x[9] = x[9] ^ x[125]
x[8] = x[8] ^ x[138]
x[2] = x[2] ^ x[141]
x[1] = x[1] ^ x[115]
x[0] = x[0] ^ x[119]
x[204] = x[204] ^ x[320]
x[176] = x[176] ^ x[292]
x[234] = x[234] ^ x[269]
x[235] = x[235] ^ x[304]
x[193] = x[193] ^ x[306]
x[179] = x[179] ^ x[301]
x[231] = x[231] ^ x[265]
x[232] = x[232] ^ x[253]
x[224] = x[224] ^ x[299]
x[223] = x[223] ^ x[284]
x[227] = x[227] ^ x[318]
x[221] = x[221] ^ x[243]
x[216] = x[216] ^ x[315]
x[210] = x[210] ^ x[245]
x[208] = x[208] ^ x[246]
x[213] = x[213] ^ x[271]
x[215] = x[215] ^ x[247]
x[207] = x[207] ^ x[316]
x[211] = x[211] ^ x[264]
x[209] = x[209] ^ x[268]
x[206] = x[206] ^ x[308]
x[199] = x[199] ^ x[275]
x[201] = x[201] ^ x[323]
x[198] = x[198] ^ x[312]
x[196] = x[196] ^ x[251]
x[194] = x[194] ^ x[303]
x[192] = x[192] ^ x[267]
x[190] = x[190] ^ x[272]
x[188] = x[188] ^ x[311]
x[189] = x[189] ^ x[291]
x[185] = x[185] ^ x[310]
x[187] = x[187] ^ x[297]
x[184] = x[184] ^ x[309]
x[183] = x[183] ^ x[302]
x[180] = x[180] ^ x[287]
x[177] = x[177] ^ x[279]
x[181] = x[181] ^ x[293]
x[175] = x[175] ^ x[277]
x[174] = x[174] ^ x[285]
x[171] = x[171] ^ x[295]
x[167] = x[167] ^ x[280]
x[170] = x[170] ^ x[274]
x[173] = x[173] ^ x[282]
x[169] = x[169] ^ x[286]
x[168] = x[168] ^ x[283]
x[166] = x[166] ^ x[307]
x[164] = x[164] ^ x[289]
x[163] = x[163] ^ x[290]
x[242] = x[242] ^ x[261]
x[238] = x[238] ^ x[262]
x[229] = x[229] ^ x[244]
x[228] = x[228] ^ x[252]
x[225] = x[225] ^ x[273]
x[220] = x[220] ^ x[255]
x[222] = x[222] ^ x[321]
x[217] = x[217] ^ x[248]
x[218] = x[218] ^ x[322]
x[203] = x[203] ^ x[266]
x[205] = x[205] ^ x[256]
x[200] = x[200] ^ x[313]
x[195] = x[195] ^ x[254]
x[197] = x[197] ^ x[259]
x[191] = x[191] ^ x[258]
x[186] = x[186] ^ x[288]
x[182] = x[182] ^ x[281]
x[165] = x[165] ^ x[305]
x[214] = x[214] ^ x[276]
x[172] = x[172] ^ x[296]
x[236] = x[236] ^ x[250]
x[233] = x[233] ^ x[257]
x[237] = x[237] ^ x[300]
x[52] = x[52] ^ x[154]
x[30] = x[30] ^ x[156]
x[77] = x[77] ^ x[86]
x[45] = x[45] ^ x[160]
x[78] = x[78] ^ x[112]
x[62] = x[62] ^ x[88]
x[54] = x[54] ^ x[94]
x[60] = x[60] ^ x[101]
x[59] = x[59] ^ x[161]
x[74] = x[74] ^ x[151]
x[63] = x[63] ^ x[109]
x[46] = x[46] ^ x[117]
x[47] = x[47] ^ x[82]
x[39] = x[39] ^ x[93]
x[34] = x[34] ^ x[148]
x[73] = x[73] ^ x[95]
x[70] = x[70] ^ x[159]
x[58] = x[58] ^ x[105]
x[55] = x[55] ^ x[106]
x[44] = x[44] ^ x[152]
x[38] = x[38] ^ x[103]
x[31] = x[31] ^ x[99]
x[43] = x[43] ^ x[83]
x[212] = x[212] ^ x[323]
x[28] = x[28] ^ x[147]
x[72] = x[72] ^ x[102]
x[61] = x[61] ^ x[104]
x[64] = x[64] ^ x[123]
x[56] = x[56] ^ x[84]
x[51] = x[51] ^ x[87]
x[49] = x[49] ^ x[114]
x[33] = x[33] ^ x[81]
x[42] = x[42] ^ x[111]
x[40] = x[40] ^ x[110]
x[36] = x[36] ^ x[145]
x[32] = x[32] ^ x[91]
x[35] = x[35] ^ x[133]
x[27] = x[27] ^ x[131]
x[22] = x[22] ^ x[144]
x[21] = x[21] ^ x[108]
x[19] = x[19] ^ x[121]
x[18] = x[18] ^ x[107]
x[12] = x[12] ^ x[120]
x[4] = x[4] ^ x[127]
x[37] = x[37] ^ x[85]
x[230] = x[230] ^ x[260]
x[41] = x[41] ^ x[143]
x[26] = x[26] ^ x[136]
x[25] = x[25] ^ x[128]
x[20] = x[20] ^ x[122]
x[11] = x[11] ^ x[98]
x[14] = x[14] ^ x[135]
x[7] = x[7] ^ x[119]
x[15] = x[15] ^ x[129]
x[16] = x[16] ^ x[130]
x[10] = x[10] ^ x[124]
x[13] = x[13] ^ x[113]
x[5] = x[5] ^ x[137]
x[6] = x[6] ^ x[118]
x[9] = x[9] ^ x[134]
x[8] = x[8] ^ x[125]
x[2] = x[2] ^ x[126]
x[1] = x[1] ^ x[116]
x[0] = x[0] ^ x[115]
x[193] = x[193] ^ x[324]
x[176] = x[176] ^ x[304]
x[224] = x[224] ^ x[243]
x[216] = x[216] ^ x[271]
x[210] = x[210] ^ x[310]
x[208] = x[208] ^ x[290]
x[213] = x[213] ^ x[246]
x[215] = x[215] ^ x[268]
x[207] = x[207] ^ x[253]
x[211] = x[211] ^ x[275]
x[206] = x[206] ^ x[264]
x[204] = x[204] ^ x[318]
x[201] = x[201] ^ x[303]
x[198] = x[198] ^ x[265]
x[196] = x[196] ^ x[320]
x[192] = x[192] ^ x[263]
x[190] = x[190] ^ x[257]
x[188] = x[188] ^ x[307]
x[189] = x[189] ^ x[283]
x[185] = x[185] ^ x[282]
x[183] = x[183] ^ x[309]
x[180] = x[180] ^ x[274]
x[181] = x[181] ^ x[284]
x[174] = x[174] ^ x[287]
x[171] = x[171] ^ x[292]
x[167] = x[167] ^ x[279]
x[170] = x[170] ^ x[270]
x[173] = x[173] ^ x[280]
x[169] = x[169] ^ x[297]
x[168] = x[168] ^ x[277]
x[166] = x[166] ^ x[302]
x[162] = x[162] ^ x[293]
x[164] = x[164] ^ x[286]
x[163] = x[163] ^ x[285]
x[239] = x[239] ^ x[289]
x[242] = x[242] ^ x[258]
x[238] = x[238] ^ x[251]
x[231] = x[231] ^ x[244]
x[232] = x[232] ^ x[295]
x[228] = x[228] ^ x[262]
x[223] = x[223] ^ x[288]
x[225] = x[225] ^ x[261]
x[227] = x[227] ^ x[272]
x[220] = x[220] ^ x[252]
x[221] = x[221] ^ x[273]
x[222] = x[222] ^ x[269]
x[219] = x[219] ^ x[255]
x[217] = x[217] ^ x[249]
x[218] = x[218] ^ x[256]
x[203] = x[203] ^ x[321]
x[209] = x[209] ^ x[267]
x[205] = x[205] ^ x[247]
x[200] = x[200] ^ x[311]
x[199] = x[199] ^ x[248]
x[195] = x[195] ^ x[314]
x[197] = x[197] ^ x[298]
x[194] = x[194] ^ x[254]
x[191] = x[191] ^ x[300]
x[187] = x[187] ^ x[308]
x[186] = x[186] ^ x[259]
x[184] = x[184] ^ x[312]
x[182] = x[182] ^ x[294]
x[177] = x[177] ^ x[281]
x[179] = x[179] ^ x[299]
x[175] = x[175] ^ x[291]
x[165] = x[165] ^ x[301]
x[226] = x[226] ^ x[276]
x[233] = x[233] ^ x[266]
x[229] = x[229] ^ x[250]
x[241] = x[241] ^ x[296]
x[66] = x[66] ^ x[87]
x[23] = x[23] ^ x[132]
x[69] = x[69] ^ x[138]
x[53] = x[53] ^ x[97]
x[50] = x[50] ^ x[142]
x[57] = x[57] ^ x[155]
x[54] = x[54] ^ x[88]
x[68] = x[68] ^ x[112]
x[45] = x[45] ^ x[84]
x[29] = x[29] ^ x[92]
x[77] = x[77] ^ x[139]
x[78] = x[78] ^ x[151]
x[48] = x[48] ^ x[90]
x[39] = x[39] ^ x[148]
x[34] = x[34] ^ x[93]
x[17] = x[17] ^ x[140]
x[70] = x[70] ^ x[161]
x[59] = x[59] ^ x[101]
x[52] = x[52] ^ x[105]
x[44] = x[44] ^ x[117]
x[38] = x[38] ^ x[100]
x[31] = x[31] ^ x[86]
x[43] = x[43] ^ x[146]
x[30] = x[30] ^ x[95]
x[3] = x[3] ^ x[106]
x[202] = x[202] ^ x[313]
x[47] = x[47] ^ x[141]
x[28] = x[28] ^ x[85]
x[71] = x[71] ^ x[154]
x[56] = x[56] ^ x[110]
x[51] = x[51] ^ x[104]
x[49] = x[49] ^ x[99]
x[42] = x[42] ^ x[145]
x[32] = x[32] ^ x[81]
x[21] = x[21] ^ x[103]
x[19] = x[19] ^ x[114]
x[18] = x[18] ^ x[109]
x[12] = x[12] ^ x[121]
x[61] = x[61] ^ x[123]
x[60] = x[60] ^ x[127]
x[212] = x[212] ^ x[271]
x[73] = x[73] ^ x[136]
x[41] = x[41] ^ x[82]
x[35] = x[35] ^ x[113]
x[26] = x[26] ^ x[131]
x[22] = x[22] ^ x[115]
x[25] = x[25] ^ x[111]
x[15] = x[15] ^ x[119]
x[16] = x[16] ^ x[135]
x[10] = x[10] ^ x[102]
x[13] = x[13] ^ x[98]
x[5] = x[5] ^ x[129]
x[6] = x[6] ^ x[122]
x[4] = x[4] ^ x[134]
x[8] = x[8] ^ x[120]
x[2] = x[2] ^ x[125]
x[0] = x[0] ^ x[116]
x[234] = x[234] ^ x[294]
x[210] = x[210] ^ x[293]
x[207] = x[207] ^ x[315]
x[204] = x[204] ^ x[264]
x[201] = x[201] ^ x[260]
x[198] = x[198] ^ x[243]
x[196] = x[196] ^ x[246]
x[190] = x[190] ^ x[263]
x[188] = x[188] ^ x[257]
x[189] = x[189] ^ x[290]
x[183] = x[183] ^ x[277]
x[180] = x[180] ^ x[278]
x[178] = x[178] ^ x[285]
x[181] = x[181] ^ x[282]
x[174] = x[174] ^ x[270]
x[167] = x[167] ^ x[274]
x[170] = x[170] ^ x[266]
x[173] = x[173] ^ x[268]
x[169] = x[169] ^ x[292]
x[168] = x[168] ^ x[284]
x[166] = x[166] ^ x[296]
x[162] = x[162] ^ x[286]
x[163] = x[163] ^ x[280]
x[238] = x[238] ^ x[304]
x[224] = x[224] ^ x[247]
x[228] = x[228] ^ x[298]
x[223] = x[223] ^ x[316]
x[227] = x[227] ^ x[269]
x[221] = x[221] ^ x[262]
x[222] = x[222] ^ x[255]
x[219] = x[219] ^ x[252]
x[217] = x[217] ^ x[289]
x[216] = x[216] ^ x[261]
x[218] = x[218] ^ x[319]
x[214] = x[214] ^ x[272]
x[213] = x[213] ^ x[256]
x[215] = x[215] ^ x[321]
x[203] = x[203] ^ x[308]
x[211] = x[211] ^ x[249]
x[209] = x[209] ^ x[258]
x[205] = x[205] ^ x[318]
x[206] = x[206] ^ x[253]
x[200] = x[200] ^ x[305]
x[199] = x[199] ^ x[324]
x[195] = x[195] ^ x[267]
x[197] = x[197] ^ x[244]
x[194] = x[194] ^ x[279]
x[192] = x[192] ^ x[259]
x[193] = x[193] ^ x[265]
x[191] = x[191] ^ x[254]
x[185] = x[185] ^ x[291]
x[187] = x[187] ^ x[288]
x[186] = x[186] ^ x[250]
x[184] = x[184] ^ x[307]
x[182] = x[182] ^ x[283]
x[177] = x[177] ^ x[273]
x[179] = x[179] ^ x[302]
x[172] = x[172] ^ x[295]
x[176] = x[176] ^ x[300]
x[175] = x[175] ^ x[281]
x[171] = x[171] ^ x[297]
x[164] = x[164] ^ x[287]
x[165] = x[165] ^ x[299]
x[240] = x[240] ^ x[276]
x[236] = x[236] ^ x[248]
x[242] = x[242] ^ x[245]
x[232] = x[232] ^ x[251]
x[66] = x[66] ^ x[110]
x[53] = x[53] ^ x[158]
x[79] = x[79] ^ x[96]
x[23] = x[23] ^ x[89]
x[65] = x[65] ^ x[92]
x[62] = x[62] ^ x[109]
x[74] = x[74] ^ x[139]
x[63] = x[63] ^ x[159]
x[58] = x[58] ^ x[150]
x[54] = x[54] ^ x[155]
x[50] = x[50] ^ x[97]
x[80] = x[80] ^ x[153]
x[67] = x[67] ^ x[152]
x[68] = x[68] ^ x[132]
x[75] = x[75] ^ x[151]
x[64] = x[64] ^ x[108]
x[48] = x[48] ^ x[142]
x[33] = x[33] ^ x[138]
x[34] = x[34] ^ x[95]
x[36] = x[36] ^ x[106]
x[27] = x[27] ^ x[87]
x[46] = x[46] ^ x[100]
x[72] = x[72] ^ x[88]
x[40] = x[40] ^ x[91]
x[38] = x[38] ^ x[105]
x[45] = x[45] ^ x[90]
x[37] = x[37] ^ x[112]
x[43] = x[43] ^ x[94]
x[24] = x[24] ^ x[131]
x[47] = x[47] ^ x[160]
x[39] = x[39] ^ x[137]
x[28] = x[28] ^ x[144]
x[17] = x[17] ^ x[124]
x[20] = x[20] ^ x[127]
x[11] = x[11] ^ x[126]
x[9] = x[9] ^ x[123]
x[1] = x[1] ^ x[118]
x[14] = x[14] ^ x[128]
x[7] = x[7] ^ x[130]
x[70] = x[70] ^ x[145]
x[56] = x[56] ^ x[101]
x[31] = x[31] ^ x[81]
x[18] = x[18] ^ x[103]
x[61] = x[61] ^ x[93]
x[30] = x[30] ^ x[114]
x[71] = x[71] ^ x[98]
x[41] = x[41] ^ x[136]
x[32] = x[32] ^ x[82]
x[26] = x[26] ^ x[125]
x[25] = x[25] ^ x[99]
x[19] = x[19] ^ x[111]
x[15] = x[15] ^ x[120]
x[16] = x[16] ^ x[104]
x[13] = x[13] ^ x[133]
x[5] = x[5] ^ x[102]
x[6] = x[6] ^ x[117]
x[12] = x[12] ^ x[116]
x[4] = x[4] ^ x[115]
x[8] = x[8] ^ x[113]
x[208] = x[208] ^ x[271]
x[239] = x[239] ^ x[313]
x[202] = x[202] ^ x[309]
x[230] = x[230] ^ x[264]
x[207] = x[207] ^ x[246]
x[201] = x[201] ^ x[251]
x[198] = x[198] ^ x[248]
x[188] = x[188] ^ x[293]
x[189] = x[189] ^ x[263]
x[180] = x[180] ^ x[282]
x[178] = x[178] ^ x[274]
x[174] = x[174] ^ x[280]
x[173] = x[173] ^ x[266]
x[169] = x[169] ^ x[277]
x[168] = x[168] ^ x[270]
x[166] = x[166] ^ x[276]
x[162] = x[162] ^ x[285]
x[224] = x[224] ^ x[302]
x[228] = x[228] ^ x[259]
x[223] = x[223] ^ x[295]
x[226] = x[226] ^ x[292]
x[227] = x[227] ^ x[287]
x[220] = x[220] ^ x[261]
x[221] = x[221] ^ x[298]
x[222] = x[222] ^ x[322]
x[219] = x[219] ^ x[262]
x[217] = x[217] ^ x[315]
x[216] = x[216] ^ x[252]
x[218] = x[218] ^ x[284]
x[214] = x[214] ^ x[269]
x[210] = x[210] ^ x[303]
x[213] = x[213] ^ x[305]
x[215] = x[215] ^ x[324]
x[203] = x[203] ^ x[254]
x[211] = x[211] ^ x[245]
x[209] = x[209] ^ x[255]
x[205] = x[205] ^ x[290]
x[206] = x[206] ^ x[258]
x[204] = x[204] ^ x[249]
x[200] = x[200] ^ x[301]
x[199] = x[199] ^ x[256]
x[195] = x[195] ^ x[247]
x[197] = x[197] ^ x[260]
x[196] = x[196] ^ x[243]
x[194] = x[194] ^ x[244]
x[192] = x[192] ^ x[304]
x[193] = x[193] ^ x[307]
x[191] = x[191] ^ x[253]
x[190] = x[190] ^ x[297]
x[185] = x[185] ^ x[286]
x[187] = x[187] ^ x[283]
x[186] = x[186] ^ x[323]
x[184] = x[184] ^ x[257]
x[183] = x[183] ^ x[299]
x[182] = x[182] ^ x[278]
x[177] = x[177] ^ x[275]
x[179] = x[179] ^ x[250]
x[172] = x[172] ^ x[272]
x[176] = x[176] ^ x[289]
x[181] = x[181] ^ x[268]
x[175] = x[175] ^ x[294]
x[171] = x[171] ^ x[291]
x[167] = x[167] ^ x[267]
x[170] = x[170] ^ x[265]
x[164] = x[164] ^ x[281]
x[163] = x[163] ^ x[273]
x[165] = x[165] ^ x[296]
x[225] = x[225] ^ x[279]
x[241] = x[241] ^ x[300]
x[76] = x[76] ^ x[112]
x[23] = x[23] ^ x[130]
x[57] = x[57] ^ x[158]
x[78] = x[78] ^ x[132]
x[74] = x[74] ^ x[140]
x[63] = x[63] ^ x[150]
x[55] = x[55] ^ x[159]
x[53] = x[53] ^ x[107]
x[54] = x[54] ^ x[144]
x[44] = x[44] ^ x[92]
x[64] = x[64] ^ x[121]
x[59] = x[59] ^ x[110]
x[58] = x[58] ^ x[154]
x[51] = x[51] ^ x[149]
x[52] = x[52] ^ x[151]
x[48] = x[48] ^ x[86]
x[29] = x[29] ^ x[87]
x[80] = x[80] ^ x[90]
x[49] = x[49] ^ x[97]
x[33] = x[33] ^ x[96]
x[42] = x[42] ^ x[83]
x[40] = x[40] ^ x[88]
x[34] = x[34] ^ x[91]
x[27] = x[27] ^ x[84]
x[50] = x[50] ^ x[118]
x[47] = x[47] ^ x[138]
x[36] = x[36] ^ x[137]
x[28] = x[28] ^ x[93]
x[22] = x[22] ^ x[94]
x[17] = x[17] ^ x[131]
x[11] = x[11] ^ x[135]
x[0] = x[0] ^ x[114]
x[72] = x[72] ^ x[134]
x[39] = x[39] ^ x[139]
x[35] = x[35] ^ x[100]
x[21] = x[21] ^ x[129]
x[20] = x[20] ^ x[89]
x[14] = x[14] ^ x[126]
x[7] = x[7] ^ x[143]
x[10] = x[10] ^ x[119]
x[9] = x[9] ^ x[124]
x[1] = x[1] ^ x[108]
x[70] = x[70] ^ x[152]
x[56] = x[56] ^ x[109]
x[212] = x[212] ^ x[319]
x[62] = x[62] ^ x[136]
x[31] = x[31] ^ x[82]
x[37] = x[37] ^ x[125]
x[25] = x[25] ^ x[103]
x[15] = x[15] ^ x[116]
x[16] = x[16] ^ x[105]
x[13] = x[13] ^ x[115]
x[5] = x[5] ^ x[127]
x[6] = x[6] ^ x[106]
x[12] = x[12] ^ x[98]
x[4] = x[4] ^ x[117]
x[8] = x[8] ^ x[111]
x[234] = x[234] ^ x[324]
x[233] = x[233] ^ x[317]
x[240] = x[240] ^ x[314]
x[237] = x[237] ^ x[308]
x[235] = x[235] ^ x[309]
x[207] = x[207] ^ x[251]
x[198] = x[198] ^ x[271]
x[188] = x[188] ^ x[280]
x[189] = x[189] ^ x[282]
x[180] = x[180] ^ x[264]
x[173] = x[173] ^ x[270]
x[166] = x[166] ^ x[274]
x[162] = x[162] ^ x[277]
x[239] = x[239] ^ x[243]
x[224] = x[224] ^ x[295]
x[228] = x[228] ^ x[286]
x[223] = x[223] ^ x[287]
x[220] = x[220] ^ x[284]
x[222] = x[222] ^ x[289]
x[219] = x[219] ^ x[311]
x[217] = x[217] ^ x[262]
x[216] = x[216] ^ x[313]
x[218] = x[218] ^ x[260]
x[214] = x[214] ^ x[303]
x[210] = x[210] ^ x[298]
x[208] = x[208] ^ x[255]
x[213] = x[213] ^ x[300]
x[215] = x[215] ^ x[299]
x[203] = x[203] ^ x[269]
x[211] = x[211] ^ x[316]
x[205] = x[205] ^ x[246]
x[206] = x[206] ^ x[296]
x[204] = x[204] ^ x[258]
x[200] = x[200] ^ x[267]
x[199] = x[199] ^ x[291]
x[195] = x[195] ^ x[249]
x[201] = x[201] ^ x[247]
x[197] = x[197] ^ x[248]
x[196] = x[196] ^ x[307]
x[194] = x[194] ^ x[259]
x[192] = x[192] ^ x[252]
x[193] = x[193] ^ x[304]
x[191] = x[191] ^ x[244]
x[190] = x[190] ^ x[256]
x[187] = x[187] ^ x[293]
x[186] = x[186] ^ x[253]
x[184] = x[184] ^ x[301]
x[183] = x[183] ^ x[297]
x[182] = x[182] ^ x[273]
x[177] = x[177] ^ x[278]
x[179] = x[179] ^ x[257]
x[172] = x[172] ^ x[285]
x[176] = x[176] ^ x[268]
x[181] = x[181] ^ x[265]
x[175] = x[175] ^ x[275]
x[174] = x[174] ^ x[281]
x[171] = x[171] ^ x[288]
x[167] = x[167] ^ x[263]
x[170] = x[170] ^ x[261]
x[169] = x[169] ^ x[283]
x[168] = x[168] ^ x[266]
x[164] = x[164] ^ x[276]
x[163] = x[163] ^ x[272]
x[165] = x[165] ^ x[292]
x[236] = x[236] ^ x[322]
x[230] = x[230] ^ x[294]
x[227] = x[227] ^ x[279]
x[221] = x[221] ^ x[323]
x[209] = x[209] ^ x[245]
x[185] = x[185] ^ x[254]
x[178] = x[178] ^ x[250]
x[225] = x[225] ^ x[290]
x[66] = x[66] ^ x[109]
x[76] = x[76] ^ x[153]
x[23] = x[23] ^ x[139]
x[3] = x[3] ^ x[101]
x[67] = x[67] ^ x[157]
x[77] = x[77] ^ x[133]
x[65] = x[65] ^ x[112]
x[74] = x[74] ^ x[138]
x[53] = x[53] ^ x[159]
x[46] = x[46] ^ x[94]
x[69] = x[69] ^ x[132]
x[38] = x[38] ^ x[147]
x[55] = x[55] ^ x[148]
x[2] = x[2] ^ x[122]
x[63] = x[63] ^ x[154]
x[64] = x[64] ^ x[158]
x[59] = x[59] ^ x[144]
x[58] = x[58] ^ x[121]
x[51] = x[51] ^ x[151]
x[45] = x[45] ^ x[86]
x[29] = x[29] ^ x[85]
x[73] = x[73] ^ x[155]
x[79] = x[79] ^ x[130]
x[60] = x[60] ^ x[91]
x[52] = x[52] ^ x[145]
x[49] = x[49] ^ x[88]
x[48] = x[48] ^ x[97]
x[33] = x[33] ^ x[92]
x[42] = x[42] ^ x[140]
x[40] = x[40] ^ x[83]
x[34] = x[34] ^ x[90]
x[27] = x[27] ^ x[141]
x[44] = x[44] ^ x[118]
x[36] = x[36] ^ x[135]
x[19] = x[19] ^ x[107]
x[72] = x[72] ^ x[87]
x[71] = x[71] ^ x[89]
x[54] = x[54] ^ x[134]
x[50] = x[50] ^ x[149]
x[47] = x[47] ^ x[110]
x[41] = x[41] ^ x[137]
x[39] = x[39] ^ x[108]
x[32] = x[32] ^ x[142]
x[28] = x[28] ^ x[143]
x[35] = x[35] ^ x[161]
x[26] = x[26] ^ x[81]
x[22] = x[22] ^ x[84]
x[21] = x[21] ^ x[96]
x[17] = x[17] ^ x[123]
x[18] = x[18] ^ x[99]
x[11] = x[11] ^ x[124]
x[14] = x[14] ^ x[104]
x[10] = x[10] ^ x[120]
x[1] = x[1] ^ x[102]
x[0] = x[0] ^ x[113]
x[61] = x[61] ^ x[119]
x[56] = x[56] ^ x[152]
x[62] = x[62] ^ x[127]
x[37] = x[37] ^ x[103]
x[24] = x[24] ^ x[82]
x[15] = x[15] ^ x[114]
x[13] = x[13] ^ x[105]
x[4] = x[4] ^ x[98]
x[8] = x[8] ^ x[106]
x[232] = x[232] ^ x[305]
x[234] = x[234] ^ x[321]
x[235] = x[235] ^ x[324]
x[207] = x[207] ^ x[274]
x[202] = x[202] ^ x[264]
x[198] = x[198] ^ x[251]
x[188] = x[188] ^ x[282]
x[162] = x[162] ^ x[270]
x[237] = x[237] ^ x[243]
x[233] = x[233] ^ x[275]
x[223] = x[223] ^ x[302]
x[226] = x[226] ^ x[277]
x[222] = x[222] ^ x[287]
x[219] = x[219] ^ x[314]
x[216] = x[216] ^ x[312]
x[214] = x[214] ^ x[304]
x[210] = x[210] ^ x[300]
x[208] = x[208] ^ x[269]
x[213] = x[213] ^ x[261]
x[212] = x[212] ^ x[262]
x[215] = x[215] ^ x[295]
x[203] = x[203] ^ x[271]
x[211] = x[211] ^ x[255]
x[205] = x[205] ^ x[284]
x[206] = x[206] ^ x[293]
x[204] = x[204] ^ x[252]
x[200] = x[200] ^ x[298]
x[199] = x[199] ^ x[258]
x[195] = x[195] ^ x[246]
x[201] = x[201] ^ x[292]
x[197] = x[197] ^ x[273]
x[196] = x[196] ^ x[316]
x[194] = x[194] ^ x[248]
x[192] = x[192] ^ x[244]
x[191] = x[191] ^ x[249]
x[190] = x[190] ^ x[289]
x[189] = x[189] ^ x[276]
x[187] = x[187] ^ x[291]
x[186] = x[186] ^ x[286]
x[184] = x[184] ^ x[283]
x[183] = x[183] ^ x[253]
x[180] = x[180] ^ x[256]
x[182] = x[182] ^ x[267]
x[176] = x[176] ^ x[285]
x[174] = x[174] ^ x[278]
x[171] = x[171] ^ x[290]
x[167] = x[167] ^ x[260]
x[170] = x[170] ^ x[257]
x[173] = x[173] ^ x[265]
x[169] = x[169] ^ x[280]
x[168] = x[168] ^ x[281]
x[166] = x[166] ^ x[272]
x[163] = x[163] ^ x[268]
x[236] = x[236] ^ x[315]
x[240] = x[240] ^ x[301]
x[230] = x[230] ^ x[323]
x[228] = x[228] ^ x[310]
x[227] = x[227] ^ x[294]
x[221] = x[221] ^ x[317]
x[217] = x[217] ^ x[311]
x[218] = x[218] ^ x[297]
x[209] = x[209] ^ x[254]
x[193] = x[193] ^ x[303]
x[185] = x[185] ^ x[245]
x[177] = x[177] ^ x[263]
x[179] = x[179] ^ x[259]
x[178] = x[178] ^ x[247]
x[172] = x[172] ^ x[250]
x[181] = x[181] ^ x[279]
x[175] = x[175] ^ x[307]
x[164] = x[164] ^ x[266]
x[165] = x[165] ^ x[288]
x[66] = x[66] ^ x[111]
x[76] = x[76] ^ x[99]
x[67] = x[67] ^ x[140]
x[74] = x[74] ^ x[84]
x[65] = x[65] ^ x[87]
x[53] = x[53] ^ x[101]
x[38] = x[38] ^ x[142]
x[9] = x[9] ^ x[112]
x[64] = x[64] ^ x[159]
x[59] = x[59] ^ x[138]
x[58] = x[58] ^ x[153]
x[45] = x[45] ^ x[154]
x[29] = x[29] ^ x[160]
x[20] = x[20] ^ x[126]
x[78] = x[78] ^ x[131]
x[73] = x[73] ^ x[150]
x[70] = x[70] ^ x[132]
x[51] = x[51] ^ x[139]
x[52] = x[52] ^ x[144]
x[49] = x[49] ^ x[121]
x[42] = x[42] ^ x[122]
x[30] = x[30] ^ x[86]
x[27] = x[27] ^ x[90]
x[80] = x[80] ^ x[100]
x[79] = x[79] ^ x[133]
x[44] = x[44] ^ x[151]
x[2] = x[2] ^ x[119]
x[72] = x[72] ^ x[92]
x[71] = x[71] ^ x[115]
x[69] = x[69] ^ x[89]
x[54] = x[54] ^ x[137]
x[50] = x[50] ^ x[109]
x[48] = x[48] ^ x[143]
x[47] = x[47] ^ x[130]
x[40] = x[40] ^ x[96]
x[41] = x[41] ^ x[129]
x[39] = x[39] ^ x[117]
x[36] = x[36] ^ x[116]
x[32] = x[32] ^ x[97]
x[31] = x[31] ^ x[158]
x[28] = x[28] ^ x[91]
x[35] = x[35] ^ x[94]
x[26] = x[26] ^ x[88]
x[22] = x[22] ^ x[149]
x[21] = x[21] ^ x[93]
x[23] = x[23] ^ x[120]
x[19] = x[19] ^ x[81]
x[17] = x[17] ^ x[125]
x[18] = x[18] ^ x[83]
x[11] = x[11] ^ x[123]
x[14] = x[14] ^ x[124]
x[16] = x[16] ^ x[113]
x[10] = x[10] ^ x[108]
x[5] = x[5] ^ x[134]
x[6] = x[6] ^ x[95]
x[12] = x[12] ^ x[118]
x[3] = x[3] ^ x[102]
x[0] = x[0] ^ x[110]
x[60] = x[60] ^ x[136]
x[55] = x[55] ^ x[152]
x[62] = x[62] ^ x[157]
x[24] = x[24] ^ x[114]
x[13] = x[13] ^ x[103]
x[4] = x[4] ^ x[104]
x[8] = x[8] ^ x[105]
x[238] = x[238] ^ x[321]
x[224] = x[224] ^ x[305]
x[234] = x[234] ^ x[296]
x[229] = x[229] ^ x[324]
x[202] = x[202] ^ x[270]
x[198] = x[198] ^ x[247]
x[188] = x[188] ^ x[274]
x[231] = x[231] ^ x[278]
x[216] = x[216] ^ x[293]
x[214] = x[214] ^ x[273]
x[210] = x[210] ^ x[291]
x[213] = x[213] ^ x[285]
x[203] = x[203] ^ x[295]
x[211] = x[211] ^ x[304]
x[205] = x[205] ^ x[268]
x[206] = x[206] ^ x[260]
x[204] = x[204] ^ x[302]
x[200] = x[200] ^ x[255]
x[199] = x[199] ^ x[280]
x[195] = x[195] ^ x[281]
x[201] = x[201] ^ x[258]
x[196] = x[196] ^ x[314]
x[194] = x[194] ^ x[243]
x[191] = x[191] ^ x[248]
x[190] = x[190] ^ x[284]
x[189] = x[189] ^ x[252]
x[187] = x[187] ^ x[277]
x[186] = x[186] ^ x[283]
x[184] = x[184] ^ x[287]
x[183] = x[183] ^ x[244]
x[180] = x[180] ^ x[272]
x[182] = x[182] ^ x[262]
x[176] = x[176] ^ x[261]
x[174] = x[174] ^ x[267]
x[171] = x[171] ^ x[286]
x[170] = x[170] ^ x[306]
x[173] = x[173] ^ x[271]
x[169] = x[169] ^ x[275]
x[166] = x[166] ^ x[269]
x[162] = x[162] ^ x[256]
x[240] = x[240] ^ x[300]
x[230] = x[230] ^ x[309]
x[223] = x[223] ^ x[317]
x[220] = x[220] ^ x[297]
x[221] = x[221] ^ x[310]
x[222] = x[222] ^ x[288]
x[219] = x[219] ^ x[282]
x[217] = x[217] ^ x[312]
x[208] = x[208] ^ x[316]
x[212] = x[212] ^ x[276]
x[215] = x[215] ^ x[294]
x[207] = x[207] ^ x[307]
x[209] = x[209] ^ x[266]
x[192] = x[192] ^ x[292]
x[185] = x[185] ^ x[279]
x[177] = x[177] ^ x[246]
x[179] = x[179] ^ x[303]
x[178] = x[178] ^ x[245]
x[172] = x[172] ^ x[315]
x[164] = x[164] ^ x[263]
x[163] = x[163] ^ x[265]
x[165] = x[165] ^ x[290]
x[227] = x[227] ^ x[319]
x[237] = x[237] ^ x[322]
x[218] = x[218] ^ x[289]
x[193] = x[193] ^ x[298]
x[168] = x[168] ^ x[264]
x[68] = x[68] ^ x[128]
x[7] = x[7] ^ x[95]
x[34] = x[34] ^ x[145]
x[33] = x[33] ^ x[141]
x[63] = x[63] ^ x[135]
x[1] = x[1] ^ x[112]
x[61] = x[61] ^ x[160]
x[45] = x[45] ^ x[140]
x[20] = x[20] ^ x[146]
x[9] = x[9] ^ x[111]
x[76] = x[76] ^ x[131]
x[73] = x[73] ^ x[139]
x[70] = x[70] ^ x[133]
x[53] = x[53] ^ x[142]
x[52] = x[52] ^ x[121]
x[30] = x[30] ^ x[132]
x[57] = x[57] ^ x[138]
x[64] = x[64] ^ x[151]
x[78] = x[78] ^ x[124]
x[74] = x[74] ^ x[149]
x[59] = x[59] ^ x[115]
x[56] = x[56] ^ x[134]
x[54] = x[54] ^ x[119]
x[51] = x[51] ^ x[123]
x[50] = x[50] ^ x[101]
x[44] = x[44] ^ x[148]
x[48] = x[48] ^ x[118]
x[47] = x[47] ^ x[97]
x[41] = x[41] ^ x[99]
x[39] = x[39] ^ x[126]
x[36] = x[36] ^ x[117]
x[32] = x[32] ^ x[83]
x[31] = x[31] ^ x[88]
x[28] = x[28] ^ x[86]
x[35] = x[35] ^ x[120]
x[26] = x[26] ^ x[87]
x[27] = x[27] ^ x[91]
x[37] = x[37] ^ x[92]
x[29] = x[29] ^ x[82]
x[22] = x[22] ^ x[85]
x[21] = x[21] ^ x[94]
x[23] = x[23] ^ x[116]
x[19] = x[19] ^ x[113]
x[17] = x[17] ^ x[122]
x[18] = x[18] ^ x[81]
x[11] = x[11] ^ x[159]
x[14] = x[14] ^ x[110]
x[15] = x[15] ^ x[89]
x[16] = x[16] ^ x[107]
x[5] = x[5] ^ x[93]
x[6] = x[6] ^ x[100]
x[12] = x[12] ^ x[108]
x[3] = x[3] ^ x[96]
x[60] = x[60] ^ x[150]
x[55] = x[55] ^ x[153]
x[62] = x[62] ^ x[152]
x[24] = x[24] ^ x[90]
x[4] = x[4] ^ x[103]
x[8] = x[8] ^ x[102]
x[235] = x[235] ^ x[320]
x[242] = x[242] ^ x[250]
x[239] = x[239] ^ x[257]
x[236] = x[236] ^ x[313]
x[238] = x[238] ^ x[323]
x[226] = x[226] ^ x[251]
x[197] = x[197] ^ x[249]
x[181] = x[181] ^ x[253]
x[175] = x[175] ^ x[259]
x[167] = x[167] ^ x[254]
x[229] = x[229] ^ x[296]
x[202] = x[202] ^ x[274]
x[198] = x[198] ^ x[292]
x[231] = x[231] ^ x[304]
x[232] = x[232] ^ x[248]
x[213] = x[213] ^ x[291]
x[203] = x[203] ^ x[262]
x[211] = x[211] ^ x[273]
x[205] = x[205] ^ x[269]
x[206] = x[206] ^ x[289]
x[204] = x[204] ^ x[268]
x[200] = x[200] ^ x[293]
x[199] = x[199] ^ x[270]
x[195] = x[195] ^ x[277]
x[201] = x[201] ^ x[281]
x[196] = x[196] ^ x[295]
x[190] = x[190] ^ x[275]
x[188] = x[188] ^ x[252]
x[189] = x[189] ^ x[243]
x[186] = x[186] ^ x[287]
x[184] = x[184] ^ x[284]
x[183] = x[183] ^ x[256]
x[174] = x[174] ^ x[261]
x[171] = x[171] ^ x[278]
x[170] = x[170] ^ x[267]
x[173] = x[173] ^ x[264]
x[169] = x[169] ^ x[272]
x[233] = x[233] ^ x[315]
x[228] = x[228] ^ x[317]
x[219] = x[219] ^ x[294]
x[216] = x[216] ^ x[288]
x[214] = x[214] ^ x[282]
x[210] = x[210] ^ x[297]
x[208] = x[208] ^ x[307]
x[212] = x[212] ^ x[285]
x[207] = x[207] ^ x[301]
x[209] = x[209] ^ x[310]
x[177] = x[177] ^ x[244]
x[178] = x[178] ^ x[303]
x[172] = x[172] ^ x[266]
x[176] = x[176] ^ x[263]
x[166] = x[166] ^ x[265]
x[164] = x[164] ^ x[260]
x[227] = x[227] ^ x[305]
x[237] = x[237] ^ x[314]
x[224] = x[224] ^ x[309]
x[221] = x[221] ^ x[308]
x[222] = x[222] ^ x[286]
x[217] = x[217] ^ x[279]
x[218] = x[218] ^ x[302]
x[193] = x[193] ^ x[290]
x[179] = x[179] ^ x[300]
x[43] = x[43] ^ x[107]
x[46] = x[46] ^ x[156]
x[77] = x[77] ^ x[147]
x[65] = x[65] ^ x[130]
x[67] = x[67] ^ x[151]
x[25] = x[25] ^ x[85]
x[7] = x[7] ^ x[100]
x[34] = x[34] ^ x[144]
x[38] = x[38] ^ x[141]
x[63] = x[63] ^ x[138]
x[66] = x[66] ^ x[125]
x[49] = x[49] ^ x[109]
x[61] = x[61] ^ x[112]
x[72] = x[72] ^ x[137]
x[71] = x[71] ^ x[145]
x[58] = x[58] ^ x[135]
x[33] = x[33] ^ x[129]
x[42] = x[42] ^ x[127]
x[40] = x[40] ^ x[146]
x[9] = x[9] ^ x[95]
x[1] = x[1] ^ x[98]
x[0] = x[0] ^ x[111]
x[30] = x[30] ^ x[131]
x[10] = x[10] ^ x[154]
x[57] = x[57] ^ x[136]
x[2] = x[2] ^ x[104]
x[68] = x[68] ^ x[149]
x[64] = x[64] ^ x[126]
x[59] = x[59] ^ x[119]
x[53] = x[53] ^ x[124]
x[52] = x[52] ^ x[134]
x[44] = x[44] ^ x[123]
x[36] = x[36] ^ x[110]
x[32] = x[32] ^ x[139]
x[31] = x[31] ^ x[117]
x[35] = x[35] ^ x[97]
x[26] = x[26] ^ x[115]
x[37] = x[37] ^ x[91]
x[29] = x[29] ^ x[161]
x[22] = x[22] ^ x[87]
x[21] = x[21] ^ x[99]
x[23] = x[23] ^ x[96]
x[19] = x[19] ^ x[105]
x[17] = x[17] ^ x[83]
x[18] = x[18] ^ x[86]
x[11] = x[11] ^ x[116]
x[16] = x[16] ^ x[89]
x[5] = x[5] ^ x[120]
x[6] = x[6] ^ x[101]
x[12] = x[12] ^ x[93]
x[45] = x[45] ^ x[118]
x[60] = x[60] ^ x[153]
x[14] = x[14] ^ x[106]
x[62] = x[62] ^ x[133]
x[24] = x[24] ^ x[103]
x[4] = x[4] ^ x[102]
x[225] = x[225] ^ x[318]
x[242] = x[242] ^ x[254]
x[230] = x[230] ^ x[280]
x[223] = x[223] ^ x[311]
x[220] = x[220] ^ x[324]
x[194] = x[194] ^ x[276]
x[192] = x[192] ^ x[258]
x[191] = x[191] ^ x[321]
x[185] = x[185] ^ x[312]
x[180] = x[180] ^ x[251]
x[181] = x[181] ^ x[250]
x[175] = x[175] ^ x[255]
x[167] = x[167] ^ x[246]
x[162] = x[162] ^ x[257]
x[163] = x[163] ^ x[271]
x[165] = x[165] ^ x[283]
x[236] = x[236] ^ x[306]
x[238] = x[238] ^ x[316]
x[240] = x[240] ^ x[313]
x[168] = x[168] ^ x[259]
x[182] = x[182] ^ x[253]
x[198] = x[198] ^ x[274]
x[241] = x[241] ^ x[278]
x[231] = x[231] ^ x[296]
x[206] = x[206] ^ x[262]
x[202] = x[202] ^ x[300]
x[200] = x[200] ^ x[268]
x[195] = x[195] ^ x[290]
x[201] = x[201] ^ x[277]
x[196] = x[196] ^ x[291]
x[190] = x[190] ^ x[273]
x[188] = x[188] ^ x[270]
x[189] = x[189] ^ x[275]
x[186] = x[186] ^ x[284]
x[184] = x[184] ^ x[279]
x[183] = x[183] ^ x[243]
x[171] = x[171] ^ x[261]
x[173] = x[173] ^ x[314]
x[169] = x[169] ^ x[267]
x[232] = x[232] ^ x[323]
x[239] = x[239] ^ x[265]
x[235] = x[235] ^ x[317]
x[216] = x[216] ^ x[292]
x[214] = x[214] ^ x[289]
x[208] = x[208] ^ x[298]
x[207] = x[207] ^ x[287]
x[211] = x[211] ^ x[285]
x[209] = x[209] ^ x[307]
x[205] = x[205] ^ x[294]
x[204] = x[204] ^ x[297]
x[199] = x[199] ^ x[269]
x[177] = x[177] ^ x[249]
x[176] = x[176] ^ x[266]
x[227] = x[227] ^ x[295]
x[213] = x[213] ^ x[303]
x[166] = x[166] ^ x[264]
x[222] = x[222] ^ x[319]
x[217] = x[217] ^ x[286]
x[218] = x[218] ^ x[288]
x[210] = x[210] ^ x[299]
x[203] = x[203] ^ x[282]
x[179] = x[179] ^ x[293]
x[221] = x[221] ^ x[309]
x[233] = x[233] ^ x[301]
x[219] = x[219] ^ x[308]
x[193] = x[193] ^ x[260]
x[43] = x[43] ^ x[153]
x[46] = x[46] ^ x[148]
x[77] = x[77] ^ x[83]
x[65] = x[65] ^ x[128]
x[69] = x[69] ^ x[102]
x[25] = x[25] ^ x[84]
x[63] = x[63] ^ x[151]
x[7] = x[7] ^ x[112]
x[73] = x[73] ^ x[85]
x[70] = x[70] ^ x[125]
x[54] = x[54] ^ x[113]
x[49] = x[49] ^ x[154]
x[34] = x[34] ^ x[138]
x[28] = x[28] ^ x[136]
x[15] = x[15] ^ x[108]
x[74] = x[74] ^ x[133]
x[58] = x[58] ^ x[127]
x[56] = x[56] ^ x[145]
x[51] = x[51] ^ x[135]
x[48] = x[48] ^ x[141]
x[38] = x[38] ^ x[122]
x[47] = x[47] ^ x[132]
x[42] = x[42] ^ x[121]
x[40] = x[40] ^ x[92]
x[41] = x[41] ^ x[107]
x[39] = x[39] ^ x[111]
x[66] = x[66] ^ x[159]
x[13] = x[13] ^ x[81]
x[9] = x[9] ^ x[109]
x[72] = x[72] ^ x[129]
x[67] = x[67] ^ x[143]
x[1] = x[1] ^ x[95]
x[78] = x[78] ^ x[137]
x[57] = x[57] ^ x[131]
x[2] = x[2] ^ x[106]
x[33] = x[33] ^ x[130]
x[68] = x[68] ^ x[89]
x[59] = x[59] ^ x[124]
x[55] = x[55] ^ x[119]
x[52] = x[52] ^ x[123]
x[32] = x[32] ^ x[110]
x[31] = x[31] ^ x[116]
x[30] = x[30] ^ x[99]
x[29] = x[29] ^ x[97]
x[22] = x[22] ^ x[91]
x[19] = x[19] ^ x[90]
x[17] = x[17] ^ x[156]
x[18] = x[18] ^ x[146]
x[11] = x[11] ^ x[114]
x[16] = x[16] ^ x[144]
x[5] = x[5] ^ x[101]
x[6] = x[6] ^ x[96]
x[8] = x[8] ^ x[93]
x[45] = x[45] ^ x[115]
x[60] = x[60] ^ x[149]
x[62] = x[62] ^ x[126]
x[24] = x[24] ^ x[88]
x[4] = x[4] ^ x[100]
x[187] = x[187] ^ x[249]
x[197] = x[197] ^ x[247]
x[234] = x[234] ^ x[322]
x[229] = x[229] ^ x[323]
x[226] = x[226] ^ x[304]
x[220] = x[220] ^ x[318]
x[194] = x[194] ^ x[251]
x[192] = x[192] ^ x[310]
x[191] = x[191] ^ x[311]
x[180] = x[180] ^ x[246]
x[172] = x[172] ^ x[256]
x[181] = x[181] ^ x[255]
x[175] = x[175] ^ x[252]
x[167] = x[167] ^ x[245]
x[238] = x[238] ^ x[306]
x[212] = x[212] ^ x[312]
x[174] = x[174] ^ x[254]
x[164] = x[164] ^ x[257]
x[230] = x[230] ^ x[316]
x[225] = x[225] ^ x[315]
x[170] = x[170] ^ x[263]
x[185] = x[185] ^ x[244]
x[165] = x[165] ^ x[272]
x[228] = x[228] ^ x[305]
x[168] = x[168] ^ x[253]
x[240] = x[240] ^ x[283]
x[163] = x[163] ^ x[259]
x[237] = x[237] ^ x[313]
x[198] = x[198] ^ x[269]
x[223] = x[223] ^ x[278]
x[202] = x[202] ^ x[268]
x[201] = x[201] ^ x[276]
x[190] = x[190] ^ x[260]
x[189] = x[189] ^ x[270]
x[186] = x[186] ^ x[281]
x[184] = x[184] ^ x[274]
x[183] = x[183] ^ x[280]
x[171] = x[171] ^ x[250]
x[173] = x[173] ^ x[267]
x[232] = x[232] ^ x[321]
x[195] = x[195] ^ x[262]
x[231] = x[231] ^ x[317]
x[208] = x[208] ^ x[284]
x[209] = x[209] ^ x[301]
x[205] = x[205] ^ x[261]
x[206] = x[206] ^ x[285]
x[200] = x[200] ^ x[266]
x[177] = x[177] ^ x[271]
x[239] = x[239] ^ x[303]
x[216] = x[216] ^ x[289]
x[213] = x[213] ^ x[294]
x[207] = x[207] ^ x[279]
x[169] = x[169] ^ x[264]
x[222] = x[222] ^ x[277]
x[214] = x[214] ^ x[287]
x[211] = x[211] ^ x[302]
x[204] = x[204] ^ x[292]
x[219] = x[219] ^ x[297]
x[210] = x[210] ^ x[288]
x[203] = x[203] ^ x[286]
x[179] = x[179] ^ x[291]
x[227] = x[227] ^ x[309]
x[193] = x[193] ^ x[273]
x[79] = x[79] ^ x[150]
x[43] = x[43] ^ x[143]
x[20] = x[20] ^ x[90]
x[76] = x[76] ^ x[158]
x[50] = x[50] ^ x[144]
x[61] = x[61] ^ x[130]
x[7] = x[7] ^ x[104]
x[73] = x[73] ^ x[131]
x[44] = x[44] ^ x[113]
x[28] = x[28] ^ x[138]
x[23] = x[23] ^ x[108]
x[15] = x[15] ^ x[105]
x[70] = x[70] ^ x[154]
x[58] = x[58] ^ x[132]
x[53] = x[53] ^ x[120]
x[54] = x[54] ^ x[112]
x[51] = x[51] ^ x[145]
x[49] = x[49] ^ x[155]
x[48] = x[48] ^ x[121]
x[38] = x[38] ^ x[139]
x[47] = x[47] ^ x[134]
x[40] = x[40] ^ x[141]
x[34] = x[34] ^ x[140]
x[36] = x[36] ^ x[126]
x[26] = x[26] ^ x[111]
x[66] = x[66] ^ x[86]
x[69] = x[69] ^ x[161]
x[56] = x[56] ^ x[142]
x[42] = x[42] ^ x[118]
x[41] = x[41] ^ x[127]
x[14] = x[14] ^ x[84]
x[13] = x[13] ^ x[148]
x[12] = x[12] ^ x[109]
x[74] = x[74] ^ x[129]
x[67] = x[67] ^ x[137]
x[9] = x[9] ^ x[94]
x[21] = x[21] ^ x[82]
x[1] = x[1] ^ x[100]
x[65] = x[65] ^ x[159]
x[46] = x[46] ^ x[149]
x[33] = x[33] ^ x[135]
x[35] = x[35] ^ x[106]
x[52] = x[52] ^ x[119]
x[31] = x[31] ^ x[107]
x[30] = x[30] ^ x[125]
x[29] = x[29] ^ x[117]
x[19] = x[19] ^ x[99]
x[18] = x[18] ^ x[91]
x[11] = x[11] ^ x[110]
x[16] = x[16] ^ x[83]
x[5] = x[5] ^ x[89]
x[6] = x[6] ^ x[98]
x[8] = x[8] ^ x[96]
x[45] = x[45] ^ x[136]
x[60] = x[60] ^ x[151]
x[62] = x[62] ^ x[156]
x[24] = x[24] ^ x[124]
x[4] = x[4] ^ x[92]
x[215] = x[215] ^ x[298]
x[242] = x[242] ^ x[271]
x[178] = x[178] ^ x[248]
x[187] = x[187] ^ x[280]
x[162] = x[162] ^ x[250]
x[229] = x[229] ^ x[321]
x[182] = x[182] ^ x[247]
x[236] = x[236] ^ x[258]
x[196] = x[196] ^ x[296]
x[226] = x[226] ^ x[283]
x[194] = x[194] ^ x[255]
x[172] = x[172] ^ x[265]
x[175] = x[175] ^ x[246]
x[167] = x[167] ^ x[318]
x[174] = x[174] ^ x[257]
x[235] = x[235] ^ x[313]
x[238] = x[238] ^ x[322]
x[234] = x[234] ^ x[316]
x[230] = x[230] ^ x[315]
x[220] = x[220] ^ x[314]
x[180] = x[180] ^ x[243]
x[170] = x[170] ^ x[252]
x[166] = x[166] ^ x[259]
x[224] = x[224] ^ x[304]
x[188] = x[188] ^ x[251]
x[221] = x[221] ^ x[305]
x[176] = x[176] ^ x[249]
x[181] = x[181] ^ x[244]
x[168] = x[168] ^ x[256]
x[241] = x[241] ^ x[245]
x[233] = x[233] ^ x[324]
x[225] = x[225] ^ x[308]
x[163] = x[163] ^ x[253]
x[165] = x[165] ^ x[263]
x[164] = x[164] ^ x[254]
x[198] = x[198] ^ x[291]
x[202] = x[202] ^ x[297]
x[201] = x[201] ^ x[287]
x[190] = x[190] ^ x[269]
x[186] = x[186] ^ x[275]
x[184] = x[184] ^ x[270]
x[171] = x[171] ^ x[267]
x[183] = x[183] ^ x[274]
x[218] = x[218] ^ x[278]
x[223] = x[223] ^ x[312]
x[209] = x[209] ^ x[290]
x[205] = x[205] ^ x[272]
x[200] = x[200] ^ x[288]
x[231] = x[231] ^ x[310]
x[232] = x[232] ^ x[306]
x[216] = x[216] ^ x[295]
x[208] = x[208] ^ x[294]
x[207] = x[207] ^ x[303]
x[177] = x[177] ^ x[268]
x[195] = x[195] ^ x[264]
x[204] = x[204] ^ x[285]
x[210] = x[210] ^ x[286]
x[227] = x[227] ^ x[302]
x[239] = x[239] ^ x[311]
x[206] = x[206] ^ x[273]
x[203] = x[203] ^ x[277]
x[75] = x[75] ^ x[155]
x[0] = x[0] ^ x[98]
x[77] = x[77] ^ x[146]
x[20] = x[20] ^ x[84]
x[3] = x[3] ^ x[94]
x[76] = x[76] ^ x[142]
x[79] = x[79] ^ x[157]
x[43] = x[43] ^ x[136]
x[61] = x[61] ^ x[151]
x[63] = x[63] ^ x[128]
x[64] = x[64] ^ x[147]
x[37] = x[37] ^ x[88]
x[50] = x[50] ^ x[104]
x[23] = x[23] ^ x[113]
x[15] = x[15] ^ x[103]
x[70] = x[70] ^ x[131]
x[73] = x[73] ^ x[156]
x[55] = x[55] ^ x[140]
x[53] = x[53] ^ x[145]
x[51] = x[51] ^ x[124]
x[17] = x[17] ^ x[90]
x[69] = x[69] ^ x[154]
x[54] = x[54] ^ x[132]
x[49] = x[49] ^ x[123]
x[44] = x[44] ^ x[120]
x[47] = x[47] ^ x[127]
x[40] = x[40] ^ x[115]
x[36] = x[36] ^ x[121]
x[32] = x[32] ^ x[109]
x[14] = x[14] ^ x[87]
x[74] = x[74] ^ x[85]
x[56] = x[56] ^ x[144]
x[38] = x[38] ^ x[129]
x[13] = x[13] ^ x[102]
x[12] = x[12] ^ x[81]
x[66] = x[66] ^ x[133]
x[9] = x[9] ^ x[97]
x[21] = x[21] ^ x[111]
x[1] = x[1] ^ x[159]
x[2] = x[2] ^ x[100]
x[7] = x[7] ^ x[107]
x[46] = x[46] ^ x[101]
x[33] = x[33] ^ x[134]
x[41] = x[41] ^ x[135]
x[35] = x[35] ^ x[86]
x[52] = x[52] ^ x[139]
x[11] = x[11] ^ x[91]
x[5] = x[5] ^ x[95]
x[6] = x[6] ^ x[83]
x[8] = x[8] ^ x[99]
x[45] = x[45] ^ x[125]
x[31] = x[31] ^ x[118]
x[60] = x[60] ^ x[137]
x[62] = x[62] ^ x[138]
x[24] = x[24] ^ x[117]
x[4] = x[4] ^ x[89]
x[197] = x[197] ^ x[281]
x[215] = x[215] ^ x[276]
x[192] = x[192] ^ x[290]
x[178] = x[178] ^ x[311]
x[212] = x[212] ^ x[306]
x[187] = x[187] ^ x[282]
x[228] = x[228] ^ x[299]
x[217] = x[217] ^ x[293]
x[199] = x[199] ^ x[298]
x[185] = x[185] ^ x[275]
x[242] = x[242] ^ x[323]
x[240] = x[240] ^ x[307]
x[237] = x[237] ^ x[310]
x[196] = x[196] ^ x[262]
x[226] = x[226] ^ x[321]
x[172] = x[172] ^ x[246]
x[235] = x[235] ^ x[319]
x[238] = x[238] ^ x[315]
x[234] = x[234] ^ x[314]
x[180] = x[180] ^ x[324]
x[167] = x[167] ^ x[247]
x[173] = x[173] ^ x[255]
x[169] = x[169] ^ x[257]
x[166] = x[166] ^ x[252]
x[175] = x[175] ^ x[249]
x[168] = x[168] ^ x[250]
x[229] = x[229] ^ x[283]
x[224] = x[224] ^ x[248]
x[222] = x[222] ^ x[317]
x[174] = x[174] ^ x[251]
x[225] = x[225] ^ x[301]
x[220] = x[220] ^ x[313]
x[219] = x[219] ^ x[305]
x[163] = x[163] ^ x[244]
x[236] = x[236] ^ x[245]
x[179] = x[179] ^ x[258]
x[241] = x[241] ^ x[320]
x[170] = x[170] ^ x[259]
x[165] = x[165] ^ x[254]
x[198] = x[198] ^ x[278]
x[202] = x[202] ^ x[285]
x[201] = x[201] ^ x[270]
x[190] = x[190] ^ x[267]
x[186] = x[186] ^ x[273]
x[183] = x[183] ^ x[269]
x[200] = x[200] ^ x[284]
x[223] = x[223] ^ x[304]
x[231] = x[231] ^ x[303]
x[232] = x[232] ^ x[312]
x[216] = x[216] ^ x[302]
x[207] = x[207] ^ x[294]
x[205] = x[205] ^ x[287]
x[195] = x[195] ^ x[268]
x[209] = x[209] ^ x[296]
x[239] = x[239] ^ x[316]
x[210] = x[210] ^ x[277]
x[80] = x[80] ^ x[126]
x[75] = x[75] ^ x[82]
x[10] = x[10] ^ x[114]
x[77] = x[77] ^ x[160]
x[20] = x[20] ^ x[85]
x[3] = x[3] ^ x[92]
x[0] = x[0] ^ x[95]
x[76] = x[76] ^ x[143]
x[59] = x[59] ^ x[157]
x[25] = x[25] ^ x[146]
x[68] = x[68] ^ x[147]
x[63] = x[63] ^ x[155]
x[64] = x[64] ^ x[130]
x[28] = x[28] ^ x[122]
x[37] = x[37] ^ x[116]
x[72] = x[72] ^ x[161]
x[65] = x[65] ^ x[150]
x[43] = x[43] ^ x[118]
x[42] = x[42] ^ x[105]
x[34] = x[34] ^ x[128]
x[48] = x[48] ^ x[137]
x[50] = x[50] ^ x[141]
x[23] = x[23] ^ x[111]
x[19] = x[19] ^ x[103]
x[61] = x[61] ^ x[131]
x[55] = x[55] ^ x[149]
x[51] = x[51] ^ x[112]
x[29] = x[29] ^ x[88]
x[17] = x[17] ^ x[104]
x[40] = x[40] ^ x[140]
x[14] = x[14] ^ x[109]
x[16] = x[16] ^ x[106]
x[74] = x[74] ^ x[102]
x[73] = x[73] ^ x[129]
x[12] = x[12] ^ x[96]
x[67] = x[67] ^ x[154]
x[66] = x[66] ^ x[152]
x[56] = x[56] ^ x[127]
x[49] = x[49] ^ x[145]
x[9] = x[9] ^ x[81]
x[1] = x[1] ^ x[94]
x[2] = x[2] ^ x[98]
x[7] = x[7] ^ x[84]
x[30] = x[30] ^ x[107]
x[41] = x[41] ^ x[121]
x[35] = x[35] ^ x[110]
x[5] = x[5] ^ x[91]
x[46] = x[46] ^ x[144]
x[13] = x[13] ^ x[100]
x[45] = x[45] ^ x[132]
x[31] = x[31] ^ x[108]
x[8] = x[8] ^ x[83]
x[60] = x[60] ^ x[139]
x[44] = x[44] ^ x[134]
x[62] = x[62] ^ x[153]
x[24] = x[24] ^ x[101]
x[4] = x[4] ^ x[93]
x[191] = x[191] ^ x[295]
x[197] = x[197] ^ x[272]
x[162] = x[162] ^ x[247]
x[178] = x[178] ^ x[271]
x[194] = x[194] ^ x[280]
x[221] = x[221] ^ x[299]
x[213] = x[213] ^ x[298]
x[212] = x[212] ^ x[296]
x[211] = x[211] ^ x[282]
x[233] = x[233] ^ x[322]
x[230] = x[230] ^ x[300]
x[228] = x[228] ^ x[307]
x[199] = x[199] ^ x[292]
x[192] = x[192] ^ x[289]
x[185] = x[185] ^ x[276]
x[240] = x[240] ^ x[243]
x[193] = x[193] ^ x[323]
x[196] = x[196] ^ x[281]
x[226] = x[226] ^ x[317]
x[172] = x[172] ^ x[261]
x[218] = x[218] ^ x[293]
x[177] = x[177] ^ x[251]
x[235] = x[235] ^ x[315]
x[238] = x[238] ^ x[314]
x[180] = x[180] ^ x[255]
x[171] = x[171] ^ x[244]
x[167] = x[167] ^ x[257]
x[173] = x[173] ^ x[252]
x[204] = x[204] ^ x[291]
x[169] = x[169] ^ x[249]
x[168] = x[168] ^ x[246]
x[184] = x[184] ^ x[263]
x[229] = x[229] ^ x[318]
x[225] = x[225] ^ x[305]
x[227] = x[227] ^ x[283]
x[220] = x[220] ^ x[308]
x[236] = x[236] ^ x[265]
x[206] = x[206] ^ x[290]
x[237] = x[237] ^ x[311]
x[170] = x[170] ^ x[254]
x[179] = x[179] ^ x[275]
x[198] = x[198] ^ x[284]
x[202] = x[202] ^ x[277]
x[186] = x[186] ^ x[267]
x[183] = x[183] ^ x[270]
x[214] = x[214] ^ x[278]
x[242] = x[242] ^ x[312]
x[232] = x[232] ^ x[303]
x[216] = x[216] ^ x[294]
x[200] = x[200] ^ x[285]
x[195] = x[195] ^ x[287]
x[223] = x[223] ^ x[309]
x[209] = x[209] ^ x[297]
x[176] = x[176] ^ x[248]
x[239] = x[239] ^ x[320]
x[27] = x[27] ^ x[88]
x[10] = x[10] ^ x[117]
x[78] = x[78] ^ x[153]
x[79] = x[79] ^ x[81]
x[77] = x[77] ^ x[141]
x[71] = x[71] ^ x[95]
x[20] = x[20] ^ x[82]
x[3] = x[3] ^ x[93]
x[0] = x[0] ^ x[92]
x[22] = x[22] ^ x[114]
x[57] = x[57] ^ x[142]
x[59] = x[59] ^ x[148]
x[64] = x[64] ^ x[116]
x[47] = x[47] ^ x[119]
x[43] = x[43] ^ x[132]
x[42] = x[42] ^ x[120]
x[32] = x[32] ^ x[123]
x[38] = x[38] ^ x[113]
x[34] = x[34] ^ x[126]
x[36] = x[36] ^ x[105]
x[28] = x[28] ^ x[115]
x[76] = x[76] ^ x[161]
x[72] = x[72] ^ x[146]
x[70] = x[70] ^ x[147]
x[48] = x[48] ^ x[128]
x[23] = x[23] ^ x[103]
x[6] = x[6] ^ x[99]
x[33] = x[33] ^ x[101]
x[65] = x[65] ^ x[154]
x[29] = x[29] ^ x[112]
x[54] = x[54] ^ x[135]
x[50] = x[50] ^ x[130]
x[16] = x[16] ^ x[109]
x[67] = x[67] ^ x[155]
x[66] = x[66] ^ x[150]
x[61] = x[61] ^ x[152]
x[56] = x[56] ^ x[133]
x[51] = x[51] ^ x[127]
x[52] = x[52] ^ x[140]
x[49] = x[49] ^ x[151]
x[11] = x[11] ^ x[111]
x[9] = x[9] ^ x[87]
x[2] = x[2] ^ x[94]
x[55] = x[55] ^ x[139]
x[17] = x[17] ^ x[107]
x[74] = x[74] ^ x[100]
x[46] = x[46] ^ x[129]
x[45] = x[45] ^ x[121]
x[31] = x[31] ^ x[110]
x[8] = x[8] ^ x[91]
x[44] = x[44] ^ x[145]
x[12] = x[12] ^ x[84]
x[215] = x[215] ^ x[300]
x[182] = x[182] ^ x[258]
x[60] = x[60] ^ x[24]
x[4] = x[4] ^ x[62]
x[191] = x[191] ^ x[266]
x[164] = x[164] ^ x[253]
x[188] = x[188] ^ x[260]
x[217] = x[217] ^ x[309]
x[178] = x[178] ^ x[262]
x[212] = x[212] ^ x[299]
x[224] = x[224] ^ x[282]
x[233] = x[233] ^ x[313]
x[234] = x[234] ^ x[310]
x[230] = x[230] ^ x[306]
x[222] = x[222] ^ x[307]
x[199] = x[199] ^ x[289]
x[162] = x[162] ^ x[245]
x[208] = x[208] ^ x[295]
x[174] = x[174] ^ x[248]
x[240] = x[240] ^ x[322]
x[192] = x[192] ^ x[280]
x[196] = x[196] ^ x[290]
x[213] = x[213] ^ x[293]
x[235] = x[235] ^ x[314]
x[180] = x[180] ^ x[252]
x[172] = x[172] ^ x[257]
x[171] = x[171] ^ x[255]
x[204] = x[204] ^ x[279]
x[167] = x[167] ^ x[244]
x[168] = x[168] ^ x[249]
x[184] = x[184] ^ x[275]
x[229] = x[229] ^ x[317]
x[220] = x[220] ^ x[283]
x[169] = x[169] ^ x[251]
x[218] = x[218] ^ x[292]
x[185] = x[185] ^ x[265]
x[237] = x[237] ^ x[324]
x[173] = x[173] ^ x[254]
x[198] = x[198] ^ x[226]
x[267] = x[267] ^ x[323]
x[270] = x[270] ^ x[277]
x[214] = x[214] ^ x[288]
x[242] = x[242] ^ x[319]
x[303] = x[303] ^ x[272]
x[287] = x[287] ^ x[294]
x[200] = x[200] ^ x[202]
x[223] = x[223] ^ x[305]
x[176] = x[176] ^ x[256]
x[320] = x[320] ^ x[297]
x[39] = x[39] ^ x[125]
x[27] = x[27] ^ x[122]
x[80] = x[80] ^ x[143]
x[58] = x[58] ^ x[139]
x[10] = x[10] ^ x[112]
x[79] = x[79] ^ x[158]
x[78] = x[78] ^ x[148]
x[53] = x[53] ^ x[138]
x[3] = x[3] ^ x[89]
x[0] = x[0] ^ x[93]
x[22] = x[22] ^ x[108]
x[15] = x[15] ^ x[87]
x[20] = x[20] ^ x[114]
x[18] = x[18] ^ x[85]
x[37] = x[37] ^ x[159]
x[71] = x[71] ^ x[157]
x[68] = x[68] ^ x[141]
x[59] = x[59] ^ x[128]
x[75] = x[75] ^ x[137]
x[26] = x[26] ^ x[106]
x[21] = x[21] ^ x[86]
x[64] = x[64] ^ x[153]
x[40] = x[40] ^ x[120]
x[38] = x[38] ^ x[119]
x[42] = x[42] ^ x[116]
x[34] = x[34] ^ x[118]
x[36] = x[36] ^ x[104]
x[28] = x[28] ^ x[102]
x[1] = x[1] ^ x[92]
x[73] = x[73] ^ x[149]
x[70] = x[70] ^ x[146]
x[14] = x[14] ^ x[97]
x[77] = x[77] ^ x[103]
x[5] = x[5] ^ x[99]
x[7] = x[7] ^ x[161]
x[65] = x[65] ^ x[155]
x[30] = x[30] ^ x[123]
x[41] = x[41] ^ x[113]
x[54] = x[54] ^ x[130]
x[33] = x[33] ^ x[124]
x[35] = x[35] ^ x[144]
x[66] = x[66] ^ x[154]
x[52] = x[52] ^ x[133]
x[49] = x[49] ^ x[132]
x[11] = x[11] ^ x[95]
x[29] = x[29] ^ x[107]
x[2] = x[2] ^ x[90]
x[55] = x[55] ^ x[129]
x[16] = x[16] ^ x[100]
x[8] = x[8] ^ x[76]
x[45] = x[45] ^ x[31]
x[61] = x[61] ^ x[145]
x[46] = x[46] ^ x[127]
x[9] = x[9] ^ x[84]
x[187] = x[187] ^ x[281]
x[189] = x[189] ^ x[279]
x[197] = x[197] ^ x[261]
x[182] = x[182] ^ x[256]
x[60] = x[60] ^ x[57]
x[4] = x[4] ^ x[67]
x[194] = x[194] ^ x[271]
x[211] = x[211] ^ x[276]
x[188] = x[188] ^ x[264]
x[163] = x[163] ^ x[247]
x[165] = x[165] ^ x[250]
x[217] = x[217] ^ x[301]
x[203] = x[203] ^ x[323]
x[221] = x[221] ^ x[304]
x[177] = x[177] ^ x[262]
x[207] = x[207] ^ x[280]
x[234] = x[234] ^ x[306]
x[164] = x[164] ^ x[245]
x[224] = x[224] ^ x[318]
x[222] = x[222] ^ x[313]
x[174] = x[174] ^ x[253]
x[206] = x[206] ^ x[282]
x[230] = x[230] ^ x[310]
x[231] = x[231] ^ x[322]
x[208] = x[208] ^ x[288]
x[170] = x[170] ^ x[243]
x[179] = x[179] ^ x[266]
x[201] = x[201] ^ x[272]
x[212] = x[212] ^ x[293]
x[252] = x[252] ^ x[255]
x[257] = x[257] ^ x[286]
x[213] = x[213] ^ x[289]
x[216] = x[216] ^ x[204]
x[244] = x[244] ^ x[249]
x[229] = x[229] ^ x[312]
x[283] = x[283] ^ x[309]
x[210] = x[210] ^ x[292]
x[190] = x[190] ^ x[265]
x[173] = x[173] ^ x[195]
x[237] = x[237] ^ x[209]
x[198] = x[198] ^ x[196]
x[314] = x[314] ^ x[270]
x[214] = x[214] ^ x[300]
x[242] = x[242] ^ x[321]
x[200] = x[200] ^ x[184]
x[267] = x[267] ^ x[297]
x[287] = x[287] ^ x[307]
x[251] = x[251] ^ x[303]
x[305] = x[305] ^ x[296]
x[176] = x[176] ^ x[260]
x[63] = x[63] ^ x[153]
x[80] = x[80] ^ x[142]
x[69] = x[69] ^ x[155]
x[58] = x[58] ^ x[133]
x[79] = x[79] ^ x[161]
x[20] = x[20] ^ x[105]
x[18] = x[18] ^ x[96]
x[53] = x[53] ^ x[122]
x[37] = x[37] ^ x[95]
x[22] = x[22] ^ x[88]
x[43] = x[43] ^ x[115]
x[0] = x[0] ^ x[85]
x[71] = x[71] ^ x[159]
x[32] = x[32] ^ x[126]
x[3] = x[3] ^ x[81]
x[59] = x[59] ^ x[141]
x[39] = x[39] ^ x[104]
x[15] = x[15] ^ x[98]
x[50] = x[50] ^ x[135]
x[26] = x[26] ^ x[97]
x[34] = x[34] ^ x[116]
x[48] = x[48] ^ x[134]
x[13] = x[13] ^ x[86]
x[51] = x[51] ^ x[138]
x[36] = x[36] ^ x[108]
x[28] = x[28] ^ x[120]
x[68] = x[68] ^ x[136]
x[73] = x[73] ^ x[146]
x[70] = x[70] ^ x[140]
x[64] = x[64] ^ x[143]
x[56] = x[56] ^ x[137]
x[99] = x[99] ^ x[103]
x[47] = x[47] ^ x[121]
x[21] = x[21] ^ x[110]
x[40] = x[40] ^ x[123]
x[41] = x[41] ^ x[112]
x[44] = x[44] ^ x[130]
x[12] = x[12] ^ x[92]
x[74] = x[74] ^ x[158]
x[65] = x[65] ^ x[149]
x[33] = x[33] ^ x[119]
x[14] = x[14] ^ x[144]
x[49] = x[49] ^ x[52]
x[78] = x[78] ^ x[11]
x[215] = x[215] ^ x[284]
x[181] = x[181] ^ x[263]
x[75] = x[75] ^ x[84]
x[107] = x[107] ^ x[156]
x[2] = x[2] ^ x[82]
x[45] = x[45] ^ x[55]
x[7] = x[7] ^ x[90]
x[127] = x[127] ^ x[152]
x[61] = x[61] ^ x[24]
x[9] = x[9] ^ x[66]
x[191] = x[191] ^ x[297]
x[197] = x[197] ^ x[279]
x[219] = x[219] ^ x[298]
x[182] = x[182] ^ x[260]
x[60] = x[60] ^ x[16]
x[8] = x[8] ^ x[57]
x[4] = x[4] ^ x[67]
x[194] = x[194] ^ x[261]
x[211] = x[211] ^ x[295]
x[316] = x[316] ^ x[315]
x[233] = x[233] ^ x[311]
x[162] = x[162] ^ x[259]
x[199] = x[199] ^ x[273]
x[165] = x[165] ^ x[247]
x[227] = x[227] ^ x[299]
x[192] = x[192] ^ x[276]
x[221] = x[221] ^ x[296]
x[241] = x[241] ^ x[318]
x[163] = x[163] ^ x[245]
x[174] = x[174] ^ x[222]
x[217] = x[217] ^ x[304]
x[185] = x[185] ^ x[264]
x[179] = x[179] ^ x[170]
x[262] = x[262] ^ x[323]
x[293] = x[293] ^ x[258]
x[257] = x[257] ^ x[255]
x[244] = x[244] ^ x[306]
x[249] = x[249] ^ x[281]
x[282] = x[282] ^ x[277]
x[229] = x[229] ^ x[186]
x[322] = x[322] ^ x[265]
x[319] = x[319] ^ x[288]
x[173] = x[173] ^ x[180]
x[230] = x[230] ^ x[210]
x[196] = x[196] ^ x[207]
x[314] = x[314] ^ x[272]
x[214] = x[214] ^ x[216]
x[321] = x[321] ^ x[289]
x[184] = x[184] ^ x[183]
x[287] = x[287] ^ x[246]
x[267] = x[267] ^ x[307]
x[283] = x[283] ^ x[305]
x[320] = x[320] ^ x[303]
x[292] = x[292] ^ x[251]
x[176] = x[176] ^ x[237]
x[27] = x[27] ^ x[108]
x[10] = x[10] ^ x[82]
x[19] = x[19] ^ x[94]
x[69] = x[69] ^ x[142]
x[72] = x[72] ^ x[158]
x[63] = x[63] ^ x[143]
x[58] = x[58] ^ x[147]
x[80] = x[80] ^ x[148]
x[25] = x[25] ^ x[87]
x[20] = x[20] ^ x[96]
x[22] = x[22] ^ x[117]
x[23] = x[23] ^ x[152]
x[53] = x[53] ^ x[128]
x[1] = x[1] ^ x[89]
x[18] = x[18] ^ x[90]
x[0] = x[0] ^ x[81]
x[39] = x[39] ^ x[122]
x[17] = x[17] ^ x[98]
x[38] = x[38] ^ x[135]
x[79] = x[79] ^ x[97]
x[43] = x[43] ^ x[134]
x[13] = x[13] ^ x[85]
x[138] = x[138] ^ x[161]
x[68] = x[68] ^ x[157]
x[54] = x[54] ^ x[126]
x[30] = x[30] ^ x[118]
x[35] = x[35] ^ x[111]
x[37] = x[37] ^ x[104]
x[15] = x[15] ^ x[88]
x[51] = x[51] ^ x[64]
x[141] = x[141] ^ x[103]
x[21] = x[21] ^ x[109]
x[121] = x[121] ^ x[116]
x[12] = x[12] ^ x[44]
x[14] = x[14] ^ x[74]
x[33] = x[33] ^ x[73]
x[52] = x[52] ^ x[41]
x[215] = x[215] ^ x[286]
x[189] = x[189] ^ x[266]
x[166] = x[166] ^ x[243]
x[228] = x[228] ^ x[300]
x[181] = x[181] ^ x[258]
x[175] = x[175] ^ x[253]
x[193] = x[193] ^ x[274]
x[2] = x[2] ^ x[83]
x[71] = x[71] ^ x[45]
x[7] = x[7] ^ x[86]
x[137] = x[137] ^ x[127]
x[46] = x[46] ^ x[24]
x[66] = x[66] ^ x[65]
x[107] = x[107] ^ x[139]
x[78] = x[78] ^ x[9]
x[40] = x[40] ^ x[75]
x[197] = x[197] ^ x[268]
x[219] = x[219] ^ x[307]
x[225] = x[225] ^ x[302]
x[182] = x[182] ^ x[263]
x[191] = x[191] ^ x[281]
x[238] = x[238] ^ x[308]
x[8] = x[8] ^ x[28]
x[4] = x[4] ^ x[36]
x[60] = x[60] ^ x[70]
x[188] = x[188] ^ x[278]
x[164] = x[164] ^ x[250]
x[224] = x[224] ^ x[211]
x[273] = x[273] ^ x[279]
x[313] = x[313] ^ x[306]
x[162] = x[162] ^ x[246]
x[192] = x[192] ^ x[171]
x[261] = x[261] ^ x[272]
x[311] = x[311] ^ x[289]
x[247] = x[247] ^ x[318]
x[245] = x[245] ^ x[301]
x[312] = x[312] ^ x[269]
x[317] = x[317] ^ x[259]
x[262] = x[262] ^ x[296]
x[252] = x[252] ^ x[323]
x[255] = x[255] ^ x[293]
x[310] = x[310] ^ x[244]
x[249] = x[249] ^ x[315]
x[186] = x[186] ^ x[208]
x[233] = x[233] ^ x[222]
x[265] = x[265] ^ x[319]
x[288] = x[288] ^ x[291]
x[180] = x[180] ^ x[170]
x[230] = x[230] ^ x[177]
x[299] = x[299] ^ x[257]
x[196] = x[196] ^ x[183]
x[314] = x[314] ^ x[316]
x[216] = x[216] ^ x[213]
x[321] = x[321] ^ x[294]
x[287] = x[287] ^ x[267]
x[304] = x[304] ^ x[303]
x[320] = x[320] ^ x[282]
x[264] = x[264] ^ x[305]
x[295] = x[295] ^ x[292]
x[237] = x[237] ^ x[195]
x[27] = x[27] ^ x[117]
x[10] = x[10] ^ x[93]
x[19] = x[19] ^ x[102]
x[72] = x[72] ^ x[160]
x[69] = x[69] ^ x[151]
x[63] = x[63] ^ x[147]
x[32] = x[32] ^ x[115]
x[3] = x[3] ^ x[82]
x[25] = x[25] ^ x[148]
x[89] = x[89] ^ x[116]
x[42] = x[42] ^ x[124]
x[0] = x[0] ^ x[18]
x[22] = x[22] ^ x[67]
x[39] = x[39] ^ x[101]
x[123] = x[123] ^ x[98]
x[47] = x[47] ^ x[122]
x[17] = x[17] ^ x[20]
x[134] = x[134] ^ x[161]
x[140] = x[140] ^ x[157]
x[30] = x[30] ^ x[56]
x[133] = x[133] ^ x[135]
x[64] = x[64] ^ x[77]
x[129] = x[129] ^ x[143]
x[11] = x[11] ^ x[62]
x[187] = x[187] ^ x[272]
x[103] = x[103] ^ x[141]
x[121] = x[121] ^ x[130]
x[74] = x[74] ^ x[55]
x[31] = x[31] ^ x[41]
x[54] = x[54] ^ x[21]
x[33] = x[33] ^ x[1]
x[205] = x[205] ^ x[286]
x[175] = x[175] ^ x[258]
x[189] = x[189] ^ x[274]
x[181] = x[181] ^ x[256]
x[203] = x[203] ^ x[301]
x[83] = x[83] ^ x[96]
x[61] = x[61] ^ x[16]
x[44] = x[44] ^ x[71]
x[127] = x[127] ^ x[105]
x[86] = x[86] ^ x[152]
x[66] = x[66] ^ x[15]
x[37] = x[37] ^ x[46]
x[139] = x[139] ^ x[97]
x[40] = x[40] ^ x[35]
x[236] = x[236] ^ x[324]
x[178] = x[178] ^ x[259]
x[166] = x[166] ^ x[248]
x[275] = x[275] ^ x[291]
x[28] = x[28] ^ x[13]
x[53] = x[53] ^ x[4]
x[70] = x[70] ^ x[34]
x[60] = x[60] ^ x[9]
x[240] = x[240] ^ x[183]
x[221] = x[221] ^ x[194]
x[224] = x[224] ^ x[163]
x[167] = x[167] ^ x[164]
x[302] = x[302] ^ x[279]
x[219] = x[219] ^ x[241]
x[174] = x[174] ^ x[162]
x[201] = x[201] ^ x[171]
x[179] = x[179] ^ x[207]
x[285] = x[285] ^ x[306]
x[318] = x[318] ^ x[263]
x[313] = x[313] ^ x[245]
x[312] = x[312] ^ x[253]
x[308] = x[308] ^ x[270]
x[317] = x[317] ^ x[311]
x[252] = x[252] ^ x[261]
x[268] = x[268] ^ x[296]
x[297] = x[297] ^ x[255]
x[310] = x[310] ^ x[244]
x[249] = x[249] ^ x[257]
x[186] = x[186] ^ x[197]
x[170] = x[170] ^ x[230]
x[233] = x[233] ^ x[212]
x[184] = x[184] ^ x[196]
x[278] = x[278] ^ x[314]
x[216] = x[216] ^ x[195]
x[294] = x[294] ^ x[289]
x[281] = x[281] ^ x[283]
x[264] = x[264] ^ x[265]
x[295] = x[295] ^ x[300]
x[303] = x[303] ^ x[287]
x[288] = x[288] ^ x[320]
x[80] = x[80] ^ x[150]
x[142] = x[142] ^ x[118]
x[58] = x[58] ^ x[136]
x[26] = x[26] ^ x[114]
x[160] = x[160] ^ x[146]
x[63] = x[63] ^ x[69]
x[10] = x[10] ^ x[87]
x[6] = x[6] ^ x[94]
x[89] = x[89] ^ x[131]
x[104] = x[104] ^ x[158]
x[3] = x[3] ^ x[79]
x[25] = x[25] ^ x[98]
x[112] = x[112] ^ x[135]
x[122] = x[122] ^ x[117]
x[39] = x[39] ^ x[113]
x[20] = x[20] ^ x[42]
x[147] = x[147] ^ x[116]
x[157] = x[157] ^ x[129]
x[84] = x[84] ^ x[138]
x[110] = x[110] ^ x[133]
x[30] = x[30] ^ x[11]
x[77] = x[77] ^ x[23]
x[155] = x[155] ^ x[161]
x[187] = x[187] ^ x[269]
x[102] = x[102] ^ x[103]
x[123] = x[123] ^ x[156]
x[1] = x[1] ^ x[33]
x[54] = x[54] ^ x[74]
x[31] = x[31] ^ x[9]
x[67] = x[67] ^ x[75]
x[18] = x[18] ^ x[7]
x[234] = x[234] ^ x[231]
x[218] = x[218] ^ x[298]
x[225] = x[225] ^ x[206]
x[17] = x[17] ^ x[16]
x[121] = x[121] ^ x[97]
x[61] = x[61] ^ x[29]
x[19] = x[19] ^ x[71]
x[127] = x[127] ^ x[137]
x[81] = x[81] ^ x[86]
x[0] = x[0] ^ x[66]
x[139] = x[139] ^ x[83]
x[46] = x[46] ^ x[32]
x[52] = x[52] ^ x[40]
x[232] = x[232] ^ x[222]
x[228] = x[228] ^ x[309]
x[178] = x[178] ^ x[236]
x[166] = x[166] ^ x[227]
x[286] = x[286] ^ x[291]
x[256] = x[256] ^ x[324]
x[53] = x[53] ^ x[28]
x[70] = x[70] ^ x[4]
x[60] = x[60] ^ x[65]
x[221] = x[221] ^ x[224]
x[205] = x[205] ^ x[163]
x[243] = x[243] ^ x[282]
x[167] = x[167] ^ x[229]
x[322] = x[322] ^ x[258]
x[219] = x[219] ^ x[202]
x[174] = x[174] ^ x[191]
x[171] = x[171] ^ x[209]
x[164] = x[164] ^ x[207]
x[276] = x[276] ^ x[283]
x[273] = x[273] ^ x[262]
x[274] = x[274] ^ x[251]
x[263] = x[263] ^ x[285]
x[319] = x[319] ^ x[302]
x[270] = x[270] ^ x[313]
x[316] = x[316] ^ x[257]
x[252] = x[252] ^ x[311]
x[297] = x[297] ^ x[268]
x[194] = x[194] ^ x[183]
x[310] = x[310] ^ x[304]
x[237] = x[237] ^ x[203]
x[296] = x[296] ^ x[255]
x[253] = x[253] ^ x[245]
x[230] = x[230] ^ x[186]
x[212] = x[212] ^ x[169]
x[196] = x[196] ^ x[235]
x[314] = x[314] ^ x[287]
x[216] = x[216] ^ x[223]
x[184] = x[184] ^ x[208]
x[278] = x[278] ^ x[294]
x[281] = x[281] ^ x[295]
x[264] = x[264] ^ x[288]
x[27] = x[27] ^ x[106]
x[154] = x[154] ^ x[150]
x[136] = x[136] ^ x[95]
x[26] = x[26] ^ x[105]
x[148] = x[148] ^ x[119]
x[59] = x[59] ^ x[13]
x[92] = x[92] ^ x[94]
x[5] = x[5] ^ x[6]
x[160] = x[160] ^ x[88]
x[149] = x[149] ^ x[142]
x[144] = x[144] ^ x[100]
x[109] = x[109] ^ x[156]
x[12] = x[12] ^ x[49]
x[87] = x[87] ^ x[158]
x[79] = x[79] ^ x[3]
x[145] = x[145] ^ x[135]
x[122] = x[122] ^ x[131]
x[25] = x[25] ^ x[125]
x[43] = x[43] ^ x[57]
x[38] = x[38] ^ x[39]
x[107] = x[107] ^ x[104]
x[147] = x[147] ^ x[143]
x[110] = x[110] ^ x[84]
x[157] = x[157] ^ x[114]
x[45] = x[45] ^ x[72]
x[30] = x[30] ^ x[63]
x[120] = x[120] ^ x[161]
x[284] = x[284] ^ x[307]
x[172] = x[172] ^ x[175]
x[8] = x[8] ^ x[69]
x[77] = x[77] ^ x[36]
x[64] = x[64] ^ x[1]
x[75] = x[75] ^ x[20]
x[123] = x[123] ^ x[103]
x[226] = x[226] ^ x[182]
x[181] = x[181] ^ x[234]
x[238] = x[238] ^ x[225]
x[146] = x[146] ^ x[83]
x[121] = x[121] ^ x[128]
x[16] = x[16] ^ x[29]
x[127] = x[127] ^ x[126]
x[139] = x[139] ^ x[89]
x[81] = x[81] ^ x[113]
x[9] = x[9] ^ x[33]
x[46] = x[46] ^ x[62]
x[54] = x[54] ^ x[0]
x[18] = x[18] ^ x[40]
x[34] = x[34] ^ x[51]
x[232] = x[232] ^ x[190]
x[217] = x[217] ^ x[178]
x[256] = x[256] ^ x[259]
x[286] = x[286] ^ x[271]
x[266] = x[266] ^ x[324]
x[71] = x[71] ^ x[28]
x[70] = x[70] ^ x[4]
x[60] = x[60] ^ x[78]
x[166] = x[166] ^ x[221]
x[239] = x[239] ^ x[222]
x[163] = x[163] ^ x[187]
x[290] = x[290] ^ x[245]
x[299] = x[299] ^ x[272]
x[229] = x[229] ^ x[171]
x[317] = x[317] ^ x[247]
x[273] = x[273] ^ x[275]
x[244] = x[244] ^ x[313]
x[318] = x[318] ^ x[261]
x[176] = x[176] ^ x[207]
x[321] = x[321] ^ x[250]
x[254] = x[254] ^ x[282]
x[267] = x[267] ^ x[246]
x[285] = x[285] ^ x[262]
x[315] = x[315] ^ x[302]
x[293] = x[293] ^ x[305]
x[252] = x[252] ^ x[255]
x[194] = x[194] ^ x[242]
x[258] = x[258] ^ x[283]
x[320] = x[320] ^ x[251]
x[257] = x[257] ^ x[300]
x[191] = x[191] ^ x[237]
x[301] = x[301] ^ x[303]
x[253] = x[253] ^ x[279]
x[312] = x[312] ^ x[304]
x[219] = x[219] ^ x[186]
x[212] = x[212] ^ x[240]
x[196] = x[196] ^ x[228]
x[268] = x[268] ^ x[314]
x[289] = x[289] ^ x[294]
x[223] = x[223] ^ x[168]
x[208] = x[208] ^ x[205]
x[298] = x[298] ^ x[287]
x[288] = x[288] ^ x[277]
x[311] = x[311] ^ x[295]
x[292] = x[292] ^ x[281]
x[48] = x[48] ^ x[125]
x[27] = x[27] ^ x[114]
x[80] = x[80] ^ x[68]
x[154] = x[154] ^ x[113]
x[111] = x[111] ^ x[150]
x[136] = x[136] ^ x[88]
x[118] = x[118] ^ x[89]
x[14] = x[14] ^ x[26]
x[134] = x[134] ^ x[152]
x[59] = x[59] ^ x[15]
x[101] = x[101] ^ x[94]
x[215] = x[215] ^ x[291]
x[193] = x[193] ^ x[271]
x[11] = x[11] ^ x[47]
x[102] = x[102] ^ x[161]
x[156] = x[156] ^ x[109]
x[159] = x[159] ^ x[135]
x[25] = x[25] ^ x[106]
x[112] = x[112] ^ x[104]
x[35] = x[35] ^ x[21]
x[10] = x[10] ^ x[38]
x[122] = x[122] ^ x[158]
x[143] = x[143] ^ x[100]
x[157] = x[157] ^ x[119]
x[67] = x[67] ^ x[56]
x[58] = x[58] ^ x[57]
x[84] = x[84] ^ x[97]
x[1] = x[1] ^ x[73]
x[72] = x[72] ^ x[36]
x[69] = x[69] ^ x[63]
x[30] = x[30] ^ x[17]
x[43] = x[43] ^ x[32]
x[74] = x[74] ^ x[19]
x[123] = x[123] ^ x[141]
x[198] = x[198] ^ x[220]
x[248] = x[248] ^ x[247]
x[226] = x[226] ^ x[234]
x[175] = x[175] ^ x[182]
x[146] = x[146] ^ x[115]
x[121] = x[121] ^ x[130]
x[145] = x[145] ^ x[83]
x[49] = x[49] ^ x[16]
x[81] = x[81] ^ x[93]
x[139] = x[139] ^ x[142]
x[128] = x[128] ^ x[127]
x[40] = x[40] ^ x[23]
x[54] = x[54] ^ x[76]
x[77] = x[77] ^ x[65]
x[46] = x[46] ^ x[61]
x[33] = x[33] ^ x[51]
x[0] = x[0] ^ x[5]
x[232] = x[232] ^ x[169]
x[214] = x[214] ^ x[180]
x[241] = x[241] ^ x[202]
x[306] = x[306] ^ x[260]
x[71] = x[71] ^ x[29]
x[70] = x[70] ^ x[53]
x[78] = x[78] ^ x[79]
x[44] = x[44] ^ x[4]
x[20] = x[20] ^ x[28]
x[164] = x[164] ^ x[188]
x[221] = x[221] ^ x[239]
x[197] = x[197] ^ x[181]
x[276] = x[276] ^ x[286]
x[274] = x[274] ^ x[280]
x[270] = x[270] ^ x[269]
x[190] = x[190] ^ x[229]
x[317] = x[317] ^ x[322]
x[244] = x[244] ^ x[246]
x[319] = x[319] ^ x[313]
x[250] = x[250] ^ x[272]
x[318] = x[318] ^ x[282]
x[323] = x[323] ^ x[262]
x[315] = x[315] ^ x[284]
x[296] = x[296] ^ x[302]
x[310] = x[310] ^ x[305]
x[235] = x[235] ^ x[207]
x[163] = x[163] ^ x[216]
x[273] = x[273] ^ x[278]
x[259] = x[259] ^ x[258]
x[242] = x[242] ^ x[225]
x[324] = x[324] ^ x[255]
x[243] = x[243] ^ x[320]
x[257] = x[257] ^ x[261]
x[264] = x[264] ^ x[275]
x[237] = x[237] ^ x[218]
x[300] = x[300] ^ x[285]
x[263] = x[263] ^ x[304]
x[186] = x[186] ^ x[240]
x[217] = x[217] ^ x[196]
x[290] = x[290] ^ x[268]
x[231] = x[231] ^ x[223]
x[208] = x[208] ^ x[173]
x[308] = x[308] ^ x[289]
x[298] = x[298] ^ x[297]
x[251] = x[251] ^ x[294]
x[266] = x[266] ^ x[287]
x[303] = x[303] ^ x[277]
x[281] = x[281] ^ x[279]
x[295] = x[295] ^ x[288]
x[50] = x[50] ^ x[131]
x[151] = x[151] ^ x[106]
x[124] = x[124] ^ x[126]
x[88] = x[88] ^ x[133]
x[148] = x[148] ^ x[89]
x[68] = x[68] ^ x[24]
x[129] = x[129] ^ x[111]
x[125] = x[125] ^ x[154]
x[136] = x[136] ^ x[107]
x[120] = x[120] ^ x[94]
x[211] = x[211] ^ x[202]
x[206] = x[206] ^ x[193]
x[185] = x[185] ^ x[192]
x[109] = x[109] ^ x[161]
x[159] = x[159] ^ x[150]
x[156] = x[156] ^ x[115]
x[155] = x[155] ^ x[86]
x[27] = x[27] ^ x[25]
x[147] = x[147] ^ x[157]
x[104] = x[104] ^ x[153]
x[135] = x[135] ^ x[152]
x[38] = x[38] ^ x[14]
x[35] = x[35] ^ x[39]
x[57] = x[57] ^ x[56]
x[45] = x[45] ^ x[67]
x[15] = x[15] ^ x[64]
x[66] = x[66] ^ x[47]
x[100] = x[100] ^ x[82]
x[215] = x[215] ^ x[210]
x[172] = x[172] ^ x[238]
x[137] = x[137] ^ x[97]
x[10] = x[10] ^ x[1]
x[19] = x[19] ^ x[62]
x[63] = x[63] ^ x[34]
x[30] = x[30] ^ x[59]
x[11] = x[11] ^ x[18]
x[123] = x[123] ^ x[91]
x[167] = x[167] ^ x[182]
x[177] = x[177] ^ x[218]
x[234] = x[234] ^ x[174]
x[90] = x[90] ^ x[121]
x[146] = x[146] ^ x[145]
x[49] = x[49] ^ x[37]
x[93] = x[93] ^ x[143]
x[158] = x[158] ^ x[127]
x[81] = x[81] ^ x[102]
x[139] = x[139] ^ x[114]
x[31] = x[31] ^ x[40]
x[43] = x[43] ^ x[46]
x[54] = x[54] ^ x[77]
x[33] = x[33] ^ x[16]
x[128] = x[128] ^ x[149]
x[0] = x[0] ^ x[60]
x[241] = x[241] ^ x[222]
x[214] = x[214] ^ x[204]
x[53] = x[53] ^ x[36]
x[76] = x[76] ^ x[70]
x[41] = x[41] ^ x[4]
x[13] = x[13] ^ x[20]
x[71] = x[71] ^ x[79]
x[69] = x[69] ^ x[28]
x[309] = x[309] ^ x[249]
x[200] = x[200] ^ x[164]
x[162] = x[162] ^ x[207]
x[239] = x[239] ^ x[170]
x[195] = x[195] ^ x[220]
x[178] = x[178] ^ x[176]
x[181] = x[181] ^ x[233]
x[221] = x[221] ^ x[198]
x[267] = x[267] ^ x[261]
x[280] = x[280] ^ x[316]
x[291] = x[291] ^ x[274]
x[265] = x[265] ^ x[271]
x[254] = x[254] ^ x[283]
x[253] = x[253] ^ x[318]
x[313] = x[313] ^ x[248]
x[296] = x[296] ^ x[301]
x[293] = x[293] ^ x[272]
x[244] = x[244] ^ x[312]
x[166] = x[166] ^ x[216]
x[235] = x[235] ^ x[240]
x[273] = x[273] ^ x[260]
x[314] = x[314] ^ x[286]
x[187] = x[187] ^ x[242]
x[163] = x[163] ^ x[228]
x[320] = x[320] ^ x[247]
x[256] = x[256] ^ x[278]
x[258] = x[258] ^ x[323]
x[243] = x[243] ^ x[252]
x[292] = x[292] ^ x[302]
x[269] = x[269] ^ x[324]
x[311] = x[311] ^ x[275]
x[237] = x[237] ^ x[190]
x[285] = x[285] ^ x[317]
x[217] = x[217] ^ x[188]
x[197] = x[197] ^ x[196]
x[290] = x[290] ^ x[304]
x[203] = x[203] ^ x[223]
x[232] = x[232] ^ x[208]
x[297] = x[297] ^ x[246]
x[298] = x[298] ^ x[257]
x[251] = x[251] ^ x[245]
x[268] = x[268] ^ x[287]
x[315] = x[315] ^ x[308]
x[288] = x[288] ^ x[281]
x[303] = x[303] ^ x[310]
x[124] = x[124] ^ x[160]
x[144] = x[144] ^ x[140]
x[117] = x[117] ^ x[142]
x[3] = x[3] ^ x[29]
x[50] = x[50] ^ x[26]
x[101] = x[101] ^ x[138]
x[87] = x[87] ^ x[92]
x[80] = x[80] ^ x[14]
x[133] = x[133] ^ x[116]
x[96] = x[96] ^ x[130]
x[118] = x[118] ^ x[152]
x[111] = x[111] ^ x[99]
x[68] = x[68] ^ x[61]
x[120] = x[120] ^ x[107]
x[150] = x[150] ^ x[86]
x[109] = x[109] ^ x[103]
x[6] = x[6] ^ x[27]
x[135] = x[135] ^ x[151]
x[153] = x[153] ^ x[129]
x[148] = x[148] ^ x[147]
x[104] = x[104] ^ x[157]
x[32] = x[32] ^ x[21]
x[24] = x[24] ^ x[17]
x[74] = x[74] ^ x[75]
x[38] = x[38] ^ x[64]
x[25] = x[25] ^ x[35]
x[106] = x[106] ^ x[100]
x[215] = x[215] ^ x[211]
x[226] = x[226] ^ x[198]
x[209] = x[209] ^ x[193]
x[97] = x[97] ^ x[83]
x[10] = x[10] ^ x[9]
x[59] = x[59] ^ x[2]
x[51] = x[51] ^ x[63]
x[45] = x[45] ^ x[19]
x[167] = x[167] ^ x[182]
x[236] = x[236] ^ x[170]
x[90] = x[90] ^ x[115]
x[98] = x[98] ^ x[146]
x[145] = x[145] ^ x[125]
x[121] = x[121] ^ x[95]
x[127] = x[127] ^ x[154]
x[102] = x[102] ^ x[93]
x[114] = x[114] ^ x[161]
x[72] = x[72] ^ x[46]
x[18] = x[18] ^ x[49]
x[16] = x[16] ^ x[56]
x[128] = x[128] ^ x[123]
x[66] = x[66] ^ x[0]
x[33] = x[33] ^ x[23]
x[321] = x[321] ^ x[276]
x[20] = x[20] ^ x[78]
x[41] = x[41] ^ x[40]
x[53] = x[53] ^ x[79]
x[70] = x[70] ^ x[69]
x[77] = x[77] ^ x[4]
x[7] = x[7] ^ x[71]
x[239] = x[239] ^ x[175]
x[284] = x[284] ^ x[282]
x[221] = x[221] ^ x[206]
x[185] = x[185] ^ x[212]
x[241] = x[241] ^ x[178]
x[262] = x[262] ^ x[322]
x[291] = x[291] ^ x[299]
x[254] = x[254] ^ x[249]
x[207] = x[207] ^ x[224]
x[263] = x[263] ^ x[264]
x[309] = x[309] ^ x[253]
x[173] = x[173] ^ x[184]
x[233] = x[233] ^ x[163]
x[222] = x[222] ^ x[242]
x[238] = x[238] ^ x[235]
x[323] = x[323] ^ x[286]
x[247] = x[247] ^ x[319]
x[320] = x[320] ^ x[278]
x[279] = x[279] ^ x[267]
x[261] = x[261] ^ x[260]
x[269] = x[269] ^ x[306]
x[272] = x[272] ^ x[256]
x[277] = x[277] ^ x[296]
x[302] = x[302] ^ x[293]
x[187] = x[187] ^ x[234]
x[289] = x[289] ^ x[244]
x[271] = x[271] ^ x[311]
x[317] = x[317] ^ x[186]
x[196] = x[196] ^ x[195]
x[164] = x[164] ^ x[217]
x[273] = x[273] ^ x[290]
x[223] = x[223] ^ x[177]
x[197] = x[197] ^ x[232]
x[204] = x[204] ^ x[166]
x[324] = x[324] ^ x[298]
x[316] = x[316] ^ x[297]
x[287] = x[287] ^ x[243]
x[313] = x[313] ^ x[315]
x[245] = x[245] ^ x[318]
x[281] = x[281] ^ x[181]
x[303] = x[303] ^ x[237]
x[117] = x[117] ^ x[149]
x[22] = x[22] ^ x[3]
x[105] = x[105] ^ x[103]
x[52] = x[52] ^ x[42]
x[119] = x[119] ^ x[136]
x[110] = x[110] ^ x[99]
x[144] = x[144] ^ x[96]
x[8] = x[8] ^ x[73]
x[84] = x[84] ^ x[138]
x[152] = x[152] ^ x[118]
x[159] = x[159] ^ x[148]
x[150] = x[150] ^ x[151]
x[142] = x[142] ^ x[92]
x[57] = x[57] ^ x[30]
x[67] = x[67] ^ x[64]
x[17] = x[17] ^ x[80]
x[74] = x[74] ^ x[65]
x[21] = x[21] ^ x[38]
x[1] = x[1] ^ x[25]
x[34] = x[34] ^ x[48]
x[100] = x[100] ^ x[68]
x[31] = x[31] ^ x[12]
x[81] = x[81] ^ x[85]
x[153] = x[153] ^ x[97]
x[112] = x[112] ^ x[139]
x[60] = x[60] ^ x[26]
x[29] = x[29] ^ x[43]
x[44] = x[44] ^ x[24]
x[19] = x[19] ^ x[54]
x[183] = x[183] ^ x[213]
x[230] = x[230] ^ x[202]
x[89] = x[89] ^ x[98]
x[13] = x[13] ^ x[39]
x[47] = x[47] ^ x[76]
x[116] = x[116] ^ x[146]
x[161] = x[161] ^ x[130]
x[102] = x[102] ^ x[156]
x[154] = x[154] ^ x[160]
x[129] = x[129] ^ x[90]
x[95] = x[95] ^ x[107]
x[127] = x[127] ^ x[109]
x[104] = x[104] ^ x[93]
x[125] = x[125] ^ x[86]
x[6] = x[6] ^ x[16]
x[2] = x[2] ^ x[72]
x[123] = x[123] ^ x[101]
x[23] = x[23] ^ x[66]
x[200] = x[200] ^ x[167]
x[194] = x[194] ^ x[199]
x[219] = x[219] ^ x[177]
x[71] = x[71] ^ x[10]
x[78] = x[78] ^ x[55]
x[40] = x[40] ^ x[18]
x[32] = x[32] ^ x[77]
x[14] = x[14] ^ x[53]
x[63] = x[63] ^ x[70]
x[274] = x[274] ^ x[300]
x[168] = x[168] ^ x[176]
x[307] = x[307] ^ x[312]
x[322] = x[322] ^ x[226]
x[305] = x[305] ^ x[304]
x[215] = x[215] ^ x[166]
x[250] = x[250] ^ x[314]
x[284] = x[284] ^ x[266]
x[295] = x[295] ^ x[248]
x[249] = x[249] ^ x[275]
x[309] = x[309] ^ x[175]
x[208] = x[208] ^ x[234]
x[184] = x[184] ^ x[236]
x[246] = x[246] ^ x[283]
x[270] = x[270] ^ x[308]
x[320] = x[320] ^ x[209]
x[319] = x[319] ^ x[220]
x[306] = x[306] ^ x[173]
x[293] = x[293] ^ x[180]
x[291] = x[291] ^ x[235]
x[286] = x[286] ^ x[241]
x[285] = x[285] ^ x[233]
x[277] = x[277] ^ x[185]
x[261] = x[261] ^ x[240]
x[267] = x[267] ^ x[238]
x[256] = x[256] ^ x[242]
x[280] = x[280] ^ x[251]
x[264] = x[264] ^ x[289]
x[311] = x[311] ^ x[186]
x[196] = x[196] ^ x[181]
x[239] = x[239] ^ x[164]
x[290] = x[290] ^ x[321]
x[231] = x[231] ^ x[197]
x[324] = x[324] ^ x[178]
x[318] = x[318] ^ x[221]
x[316] = x[316] ^ x[207]
x[313] = x[313] ^ x[204]
x[287] = x[287] ^ x[237]
x[272] = x[272] ^ x[223]
x[132] = x[132] ^ x[138]
x[105] = x[105] ^ x[94]
x[144] = x[144] ^ x[110]
x[141] = x[141] ^ x[103]
x[5] = x[5] ^ x[26]
x[61] = x[61] ^ x[15]
x[155] = x[155] ^ x[137]
x[147] = x[147] ^ x[52]
x[174] = x[174] ^ x[202]
x[73] = x[73] ^ x[65]
x[37] = x[37] ^ x[3]
x[136] = x[136] ^ x[83]
x[75] = x[75] ^ x[57]
x[142] = x[142] ^ x[1]
x[87] = x[87] ^ x[67]
x[120] = x[120] ^ x[158]
x[169] = x[169] ^ x[188]
x[58] = x[58] ^ x[49]
x[113] = x[113] ^ x[145]
x[85] = x[85] ^ x[131]
x[46] = x[46] ^ x[51]
x[42] = x[42] ^ x[60]
x[159] = x[159] ^ x[19]
x[152] = x[152] ^ x[29]
x[150] = x[150] ^ x[12]
x[151] = x[151] ^ x[44]
x[139] = x[139] ^ x[80]
x[28] = x[28] ^ x[48]
x[122] = x[122] ^ x[90]
x[214] = x[214] ^ x[191]
x[126] = x[126] ^ x[98]
x[69] = x[69] ^ x[31]
x[56] = x[56] ^ x[13]
x[39] = x[39] ^ x[68]
x[81] = x[81] ^ x[116]
x[160] = x[160] ^ x[45]
x[156] = x[156] ^ x[38]
x[153] = x[153] ^ x[16]
x[149] = x[149] ^ x[2]
x[125] = x[125] ^ x[72]
x[104] = x[104] ^ x[76]
x[95] = x[95] ^ x[74]
x[123] = x[123] ^ x[66]
x[172] = x[172] ^ x[200]
x[213] = x[213] ^ x[225]
x[161] = x[161] ^ x[14]
x[129] = x[129] ^ x[40]
x[127] = x[127] ^ x[71]
x[135] = x[135] ^ x[70]
x[111] = x[111] ^ x[77]
x[84] = x[84] ^ x[78]
x[294] = x[294] ^ x[254]
x[168] = x[168] ^ x[226]
x[312] = x[312] ^ x[292]
x[322] = x[322] ^ x[190]
x[259] = x[259] ^ x[314]
x[300] = x[300] ^ x[215]
x[257] = x[257] ^ x[276]
x[250] = x[250] ^ x[252]
x[288] = x[288] ^ x[163]
x[275] = x[275] ^ x[221]
x[279] = x[279] ^ x[219]
x[208] = x[208] ^ x[175]
x[268] = x[268] ^ x[273]
x[284] = x[284] ^ x[236]
x[228] = x[228] ^ x[217]
x[270] = x[270] ^ x[230]
x[319] = x[319] ^ x[173]
x[293] = x[293] ^ x[238]
x[277] = x[277] ^ x[234]
x[271] = x[271] ^ x[241]
x[261] = x[261] ^ x[242]
x[280] = x[280] ^ x[235]
x[311] = x[311] ^ x[185]
x[269] = x[269] ^ x[240]
x[304] = x[304] ^ x[166]
x[321] = x[321] ^ x[186]
x[283] = x[283] ^ x[239]
x[229] = x[229] ^ x[223]
x[324] = x[324] ^ x[220]
x[318] = x[318] ^ x[209]
x[316] = x[316] ^ x[194]
x[313] = x[313] ^ x[237]
x[302] = x[302] ^ x[181]
x[295] = x[295] ^ x[231]
x[287] = x[287] ^ x[233]
x[289] = x[289] ^ x[180]
x[82] = x[82] ^ x[88]
x[94] = x[94] ^ x[140]
x[96] = x[96] ^ x[141]
x[147] = x[147] ^ x[21]
x[118] = x[118] ^ x[59]
x[144] = x[144] ^ x[52]
x[182] = x[182] ^ x[211]
x[43] = x[43] ^ x[3]
x[83] = x[83] ^ x[75]
x[155] = x[155] ^ x[33]
x[87] = x[87] ^ x[74]
x[171] = x[171] ^ x[183]
x[103] = x[103] ^ x[146]
x[58] = x[58] ^ x[15]
x[26] = x[26] ^ x[7]
x[73] = x[73] ^ x[41]
x[157] = x[157] ^ x[42]
x[139] = x[139] ^ x[12]
x[158] = x[158] ^ x[23]
x[282] = x[282] ^ x[244]
x[205] = x[205] ^ x[220]
x[117] = x[117] ^ x[122]
x[98] = x[98] ^ x[56]
x[136] = x[136] ^ x[39]
x[160] = x[160] ^ x[0]
x[159] = x[159] ^ x[45]
x[152] = x[152] ^ x[63]
x[156] = x[156] ^ x[48]
x[153] = x[153] ^ x[24]
x[151] = x[151] ^ x[53]
x[149] = x[149] ^ x[46]
x[145] = x[145] ^ x[16]
x[107] = x[107] ^ x[76]
x[102] = x[102] ^ x[72]
x[95] = x[95] ^ x[69]
x[81] = x[81] ^ x[65]
x[100] = x[100] ^ x[66]
x[213] = x[213] ^ x[176]
x[225] = x[225] ^ x[227]
x[305] = x[305] ^ x[216]
x[161] = x[161] ^ x[2]
x[150] = x[150] ^ x[14]
x[148] = x[148] ^ x[40]
x[129] = x[129] ^ x[1]
x[132] = x[132] ^ x[71]
x[131] = x[131] ^ x[77]
x[135] = x[135] ^ x[61]
x[84] = x[84] ^ x[80]
x[254] = x[254] ^ x[263]
x[310] = x[310] ^ x[200]
x[203] = x[203] ^ x[169]
x[322] = x[322] ^ x[194]
x[317] = x[317] ^ x[187]
x[314] = x[314] ^ x[202]
x[300] = x[300] ^ x[180]
x[232] = x[232] ^ x[193]
x[308] = x[308] ^ x[199]
x[320] = x[320] ^ x[226]
x[286] = x[286] ^ x[219]
x[275] = x[275] ^ x[212]
x[279] = x[279] ^ x[214]
x[306] = x[306] ^ x[175]
x[272] = x[272] ^ x[235]
x[266] = x[266] ^ x[236]
x[276] = x[276] ^ x[234]
x[319] = x[319] ^ x[185]
x[288] = x[288] ^ x[238]
x[277] = x[277] ^ x[230]
x[261] = x[261] ^ x[217]
x[257] = x[257] ^ x[242]
x[304] = x[304] ^ x[177]
x[321] = x[321] ^ x[215]
x[283] = x[283] ^ x[240]
x[273] = x[273] ^ x[239]
x[281] = x[281] ^ x[229]
x[324] = x[324] ^ x[209]
x[316] = x[316] ^ x[223]
x[313] = x[313] ^ x[196]
x[312] = x[312] ^ x[181]
x[287] = x[287] ^ x[228]
x[252] = x[252] ^ x[237]
x[289] = x[289] ^ x[233]
x[271] = x[271] ^ x[231]
x[8] = x[8] ^ x[55]
x[34] = x[34] ^ x[45]
x[143] = x[143] ^ x[119]
x[30] = x[30] ^ x[22]
x[121] = x[121] ^ x[91]
x[141] = x[141] ^ x[31]
x[118] = x[118] ^ x[68]
x[112] = x[112] ^ x[61]
x[115] = x[115] ^ x[86]
x[211] = x[211] ^ x[174]
x[154] = x[154] ^ x[21]
x[49] = x[49] ^ x[79]
x[130] = x[130] ^ x[64]
x[101] = x[101] ^ x[48]
x[218] = x[218] ^ x[221]
x[146] = x[146] ^ x[52]
x[35] = x[35] ^ x[58]
x[157] = x[157] ^ x[19]
x[104] = x[104] ^ x[73]
x[147] = x[147] ^ x[26]
x[139] = x[139] ^ x[2]
x[116] = x[116] ^ x[80]
x[158] = x[158] ^ x[7]
x[299] = x[299] ^ x[180]
x[307] = x[307] ^ x[255]
x[88] = x[88] ^ x[78]
x[122] = x[122] ^ x[114]
x[62] = x[62] ^ x[76]
x[83] = x[83] ^ x[70]
x[160] = x[160] ^ x[23]
x[159] = x[159] ^ x[3]
x[152] = x[152] ^ x[54]
x[156] = x[156] ^ x[25]
x[155] = x[155] ^ x[39]
x[145] = x[145] ^ x[46]
x[140] = x[140] ^ x[16]
x[107] = x[107] ^ x[69]
x[95] = x[95] ^ x[65]
x[81] = x[81] ^ x[63]
x[100] = x[100] ^ x[72]
x[294] = x[294] ^ x[301]
x[253] = x[253] ^ x[216]
x[278] = x[278] ^ x[230]
x[161] = x[161] ^ x[40]
x[150] = x[150] ^ x[1]
x[151] = x[151] ^ x[14]
x[148] = x[148] ^ x[24]
x[129] = x[129] ^ x[33]
x[132] = x[132] ^ x[56]
x[135] = x[135] ^ x[71]
x[123] = x[123] ^ x[77]
x[84] = x[84] ^ x[74]
x[195] = x[195] ^ x[182]
x[322] = x[322] ^ x[191]
x[317] = x[317] ^ x[209]
x[314] = x[314] ^ x[197]
x[310] = x[310] ^ x[202]
x[296] = x[296] ^ x[241]
x[308] = x[308] ^ x[203]
x[320] = x[320] ^ x[166]
x[286] = x[286] ^ x[226]
x[275] = x[275] ^ x[163]
x[311] = x[311] ^ x[183]
x[256] = x[256] ^ x[240]
x[303] = x[303] ^ x[164]
x[318] = x[318] ^ x[172]
x[270] = x[270] ^ x[220]
x[263] = x[263] ^ x[236]
x[276] = x[276] ^ x[225]
x[272] = x[272] ^ x[232]
x[319] = x[319] ^ x[200]
x[302] = x[302] ^ x[175]
x[300] = x[300] ^ x[235]
x[277] = x[277] ^ x[227]
x[261] = x[261] ^ x[214]
x[250] = x[250] ^ x[242]
x[321] = x[321] ^ x[177]
x[283] = x[283] ^ x[231]
x[273] = x[273] ^ x[233]
x[324] = x[324] ^ x[213]
x[316] = x[316] ^ x[181]
x[313] = x[313] ^ x[167]
x[287] = x[287] ^ x[229]
x[282] = x[282] ^ x[239]
x[252] = x[252] ^ x[238]
x[312] = x[312] ^ x[169]
x[50] = x[50] ^ x[22]
x[179] = x[179] ^ x[201]
x[110] = x[110] ^ x[80]
x[36] = x[36] ^ x[11]
x[198] = x[198] ^ x[165]
x[8] = x[8] ^ x[47]
x[141] = x[141] ^ x[44]
x[142] = x[142] ^ x[3]
x[93] = x[93] ^ x[68]
x[115] = x[115] ^ x[61]
x[143] = x[143] ^ x[31]
x[154] = x[154] ^ x[25]
x[130] = x[130] ^ x[67]
x[121] = x[121] ^ x[64]
x[265] = x[265] ^ x[258]
x[119] = x[119] ^ x[56]
x[87] = x[87] ^ x[58]
x[136] = x[136] ^ x[12]
x[157] = x[157] ^ x[52]
x[149] = x[149] ^ x[24]
x[139] = x[139] ^ x[34]
x[116] = x[116] ^ x[79]
x[104] = x[104] ^ x[57]
x[146] = x[146] ^ x[26]
x[158] = x[158] ^ x[30]
x[307] = x[307] ^ x[211]
x[114] = x[114] ^ x[69]
x[111] = x[111] ^ x[76]
x[160] = x[160] ^ x[21]
x[156] = x[156] ^ x[53]
x[155] = x[155] ^ x[45]
x[147] = x[147] ^ x[39]
x[137] = x[137] ^ x[16]
x[131] = x[131] ^ x[65]
x[124] = x[124] ^ x[70]
x[107] = x[107] ^ x[48]
x[292] = x[292] ^ x[171]
x[95] = x[95] ^ x[59]
x[253] = x[253] ^ x[218]
x[309] = x[309] ^ x[200]
x[245] = x[245] ^ x[233]
x[298] = x[298] ^ x[169]
x[161] = x[161] ^ x[54]
x[159] = x[159] ^ x[14]
x[148] = x[148] ^ x[46]
x[145] = x[145] ^ x[40]
x[140] = x[140] ^ x[1]
x[129] = x[129] ^ x[77]
x[132] = x[132] ^ x[74]
x[123] = x[123] ^ x[78]
x[84] = x[84] ^ x[71]
x[81] = x[81] ^ x[72]
x[280] = x[280] ^ x[232]
x[314] = x[314] ^ x[183]
x[310] = x[310] ^ x[186]
x[308] = x[308] ^ x[202]
x[322] = x[322] ^ x[217]
x[320] = x[320] ^ x[164]
x[290] = x[290] ^ x[238]
x[296] = x[296] ^ x[177]
x[295] = x[295] ^ x[240]
x[270] = x[270] ^ x[234]
x[249] = x[249] ^ x[236]
x[318] = x[318] ^ x[196]
x[319] = x[319] ^ x[193]
x[305] = x[305] ^ x[209]
x[301] = x[301] ^ x[175]
x[277] = x[277] ^ x[214]
x[276] = x[276] ^ x[228]
x[272] = x[272] ^ x[219]
x[271] = x[271] ^ x[230]
x[263] = x[263] ^ x[242]
x[250] = x[250] ^ x[241]
x[244] = x[244] ^ x[235]
x[289] = x[289] ^ x[224]
x[299] = x[299] ^ x[163]
x[321] = x[321] ^ x[172]
x[267] = x[267] ^ x[229]
x[324] = x[324] ^ x[226]
x[316] = x[316] ^ x[221]
x[313] = x[313] ^ x[195]
x[287] = x[287] ^ x[220]
x[273] = x[273] ^ x[181]
x[257] = x[257] ^ x[239]
x[252] = x[252] ^ x[231]
x[312] = x[312] ^ x[167]
x[134] = x[134] ^ x[74]
x[37] = x[37] ^ x[59]
x[162] = x[162] ^ x[181]
x[89] = x[89] ^ x[128]
x[11] = x[11] ^ x[5]
x[4] = x[4] ^ x[50]
x[144] = x[144] ^ x[46]
x[141] = x[141] ^ x[42]
x[96] = x[96] ^ x[79]
x[154] = x[154] ^ x[19]
x[121] = x[121] ^ x[60]
x[88] = x[88] ^ x[72]
x[83] = x[83] ^ x[62]
x[127] = x[127] ^ x[63]
x[108] = x[108] ^ x[58]
x[157] = x[157] ^ x[41]
x[152] = x[152] ^ x[57]
x[143] = x[143] ^ x[3]
x[139] = x[139] ^ x[43]
x[136] = x[136] ^ x[22]
x[116] = x[116] ^ x[52]
x[118] = x[118] ^ x[78]
x[104] = x[104] ^ x[66]
x[90] = x[90] ^ x[80]
x[158] = x[158] ^ x[26]
x[160] = x[160] ^ x[56]
x[156] = x[156] ^ x[23]
x[155] = x[155] ^ x[21]
x[153] = x[153] ^ x[39]
x[151] = x[151] ^ x[15]
x[147] = x[147] ^ x[53]
x[135] = x[135] ^ x[73]
x[115] = x[115] ^ x[70]
x[124] = x[124] ^ x[64]
x[103] = x[103] ^ x[65]
x[97] = x[97] ^ x[76]
x[95] = x[95] ^ x[48]
x[307] = x[307] ^ x[173]
x[317] = x[317] ^ x[179]
x[161] = x[161] ^ x[6]
x[159] = x[159] ^ x[47]
x[148] = x[148] ^ x[16]
x[145] = x[145] ^ x[24]
x[129] = x[129] ^ x[32]
x[132] = x[132] ^ x[1]
x[130] = x[130] ^ x[40]
x[123] = x[123] ^ x[68]
x[107] = x[107] ^ x[71]
x[92] = x[92] ^ x[77]
x[84] = x[84] ^ x[69]
x[81] = x[81] ^ x[61]
x[279] = x[279] ^ x[215]
x[311] = x[311] ^ x[168]
x[309] = x[309] ^ x[203]
x[291] = x[291] ^ x[234]
x[286] = x[286] ^ x[198]
x[284] = x[284] ^ x[241]
x[280] = x[280] ^ x[226]
x[253] = x[253] ^ x[230]
x[310] = x[310] ^ x[172]
x[261] = x[261] ^ x[205]
x[306] = x[306] ^ x[186]
x[300] = x[300] ^ x[187]
x[275] = x[275] ^ x[227]
x[322] = x[322] ^ x[178]
x[265] = x[265] ^ x[237]
x[298] = x[298] ^ x[164]
x[314] = x[314] ^ x[177]
x[282] = x[282] ^ x[236]
x[270] = x[270] ^ x[213]
x[319] = x[319] ^ x[180]
x[308] = x[308] ^ x[196]
x[297] = x[297] ^ x[175]
x[283] = x[283] ^ x[235]
x[277] = x[277] ^ x[183]
x[272] = x[272] ^ x[240]
x[262] = x[262] ^ x[242]
x[244] = x[244] ^ x[233]
x[245] = x[245] ^ x[238]
x[289] = x[289] ^ x[219]
x[271] = x[271] ^ x[217]
x[299] = x[299] ^ x[201]
x[321] = x[321] ^ x[167]
x[267] = x[267] ^ x[221]
x[324] = x[324] ^ x[171]
x[316] = x[316] ^ x[176]
x[313] = x[313] ^ x[193]
x[305] = x[305] ^ x[195]
x[273] = x[273] ^ x[228]
x[276] = x[276] ^ x[220]
x[266] = x[266] ^ x[229]
x[257] = x[257] ^ x[231]
x[252] = x[252] ^ x[232]
x[250] = x[250] ^ x[239]
x[110] = x[110] ^ x[67]
x[105] = x[105] ^ x[65]
x[170] = x[170] ^ x[210]
x[20] = x[20] ^ x[33]
x[82] = x[82] ^ x[80]
x[162] = x[162] ^ x[189]
x[142] = x[142] ^ x[23]
x[112] = x[112] ^ x[55]
x[126] = x[126] ^ x[74]
x[138] = x[138] ^ x[31]
x[101] = x[101] ^ x[68]
x[146] = x[146] ^ x[18]
x[86] = x[86] ^ x[79]
x[121] = x[121] ^ x[34]
x[315] = x[315] ^ x[163]
x[83] = x[83] ^ x[44]
x[109] = x[109] ^ x[69]
x[157] = x[157] ^ x[25]
x[150] = x[150] ^ x[6]
x[141] = x[141] ^ x[3]
x[139] = x[139] ^ x[28]
x[136] = x[136] ^ x[4]
x[118] = x[118] ^ x[52]
x[104] = x[104] ^ x[62]
x[122] = x[122] ^ x[24]
x[293] = x[293] ^ x[182]
x[278] = x[278] ^ x[214]
x[87] = x[87] ^ x[56]
x[152] = x[152] ^ x[46]
x[156] = x[156] ^ x[54]
x[155] = x[155] ^ x[11]
x[153] = x[153] ^ x[42]
x[151] = x[151] ^ x[19]
x[147] = x[147] ^ x[37]
x[119] = x[119] ^ x[53]
x[124] = x[124] ^ x[0]
x[117] = x[117] ^ x[78]
x[103] = x[103] ^ x[58]
x[89] = x[89] ^ x[76]
x[95] = x[95] ^ x[70]
x[158] = x[158] ^ x[21]
x[161] = x[161] ^ x[15]
x[160] = x[160] ^ x[47]
x[159] = x[159] ^ x[41]
x[145] = x[145] ^ x[12]
x[129] = x[129] ^ x[26]
x[132] = x[132] ^ x[16]
x[131] = x[131] ^ x[1]
x[130] = x[130] ^ x[39]
x[127] = x[127] ^ x[40]
x[123] = x[123] ^ x[73]
x[99] = x[99] ^ x[71]
x[90] = x[90] ^ x[77]
x[84] = x[84] ^ x[72]
x[81] = x[81] ^ x[64]
x[320] = x[320] ^ x[223]
x[311] = x[311] ^ x[176]
x[269] = x[269] ^ x[226]
x[253] = x[253] ^ x[232]
x[303] = x[303] ^ x[173]
x[304] = x[304] ^ x[168]
x[279] = x[279] ^ x[208]
x[295] = x[295] ^ x[241]
x[318] = x[318] ^ x[190]
x[302] = x[302] ^ x[209]
x[261] = x[261] ^ x[204]
x[275] = x[275] ^ x[222]
x[322] = x[322] ^ x[193]
x[300] = x[300] ^ x[186]
x[286] = x[286] ^ x[224]
x[256] = x[256] ^ x[230]
x[292] = x[292] ^ x[164]
x[314] = x[314] ^ x[199]
x[310] = x[310] ^ x[177]
x[270] = x[270] ^ x[212]
x[259] = x[259] ^ x[236]
x[317] = x[317] ^ x[175]
x[312] = x[312] ^ x[185]
x[282] = x[282] ^ x[234]
x[281] = x[281] ^ x[233]
x[272] = x[272] ^ x[203]
x[265] = x[265] ^ x[235]
x[255] = x[255] ^ x[242]
x[244] = x[244] ^ x[238]
x[289] = x[289] ^ x[227]
x[248] = x[248] ^ x[240]
x[299] = x[299] ^ x[174]
x[321] = x[321] ^ x[217]
x[324] = x[324] ^ x[215]
x[316] = x[316] ^ x[200]
x[313] = x[313] ^ x[221]
x[305] = x[305] ^ x[196]
x[277] = x[277] ^ x[180]
x[273] = x[273] ^ x[220]
x[262] = x[262] ^ x[239]
x[252] = x[252] ^ x[225]
x[254] = x[254] ^ x[231]
x[245] = x[245] ^ x[229]
x[120] = x[120] ^ x[64]
x[94] = x[94] ^ x[57]
x[144] = x[144] ^ x[18]
x[125] = x[125] ^ x[44]
x[98] = x[98] ^ x[74]
x[142] = x[142] ^ x[4]
x[110] = x[110] ^ x[55]
x[138] = x[138] ^ x[29]
x[206] = x[206] ^ x[216]
x[294] = x[294] ^ x[171]
x[143] = x[143] ^ x[43]
x[154] = x[154] ^ x[41]
x[146] = x[146] ^ x[11]
x[116] = x[116] ^ x[60]
x[108] = x[108] ^ x[61]
x[112] = x[112] ^ x[16]
x[315] = x[315] ^ x[213]
x[157] = x[157] ^ x[36]
x[150] = x[150] ^ x[45]
x[139] = x[139] ^ x[22]
x[136] = x[136] ^ x[3]
x[118] = x[118] ^ x[73]
x[96] = x[96] ^ x[72]
x[93] = x[93] ^ x[65]
x[121] = x[121] ^ x[23]
x[274] = x[274] ^ x[163]
x[307] = x[307] ^ x[208]
x[293] = x[293] ^ x[190]
x[140] = x[140] ^ x[24]
x[107] = x[107] ^ x[70]
x[83] = x[83] ^ x[68]
x[156] = x[156] ^ x[33]
x[155] = x[155] ^ x[6]
x[153] = x[153] ^ x[35]
x[151] = x[151] ^ x[21]
x[147] = x[147] ^ x[7]
x[141] = x[141] ^ x[19]
x[133] = x[133] ^ x[56]
x[119] = x[119] ^ x[50]
x[124] = x[124] ^ x[54]
x[111] = x[111] ^ x[78]
x[104] = x[104] ^ x[69]
x[103] = x[103] ^ x[67]
x[89] = x[89] ^ x[80]
x[87] = x[87] ^ x[53]
x[82] = x[82] ^ x[76]
x[161] = x[161] ^ x[32]
x[160] = x[160] ^ x[40]
x[159] = x[159] ^ x[38]
x[152] = x[152] ^ x[47]
x[148] = x[148] ^ x[15]
x[145] = x[145] ^ x[39]
x[129] = x[129] ^ x[12]
x[132] = x[132] ^ x[0]
x[131] = x[131] ^ x[66]
x[130] = x[130] ^ x[34]
x[127] = x[127] ^ x[2]
x[123] = x[123] ^ x[63]
x[106] = x[106] ^ x[77]
x[99] = x[99] ^ x[75]
x[90] = x[90] ^ x[71]
x[84] = x[84] ^ x[79]
x[81] = x[81] ^ x[59]
x[291] = x[291] ^ x[185]
x[320] = x[320] ^ x[191]
x[280] = x[280] ^ x[228]
x[269] = x[269] ^ x[214]
x[296] = x[296] ^ x[173]
x[304] = x[304] ^ x[162]
x[295] = x[295] ^ x[180]
x[318] = x[318] ^ x[201]
x[319] = x[319] ^ x[204]
x[302] = x[302] ^ x[168]
x[290] = x[290] ^ x[172]
x[261] = x[261] ^ x[210]
x[275] = x[275] ^ x[197]
x[322] = x[322] ^ x[179]
x[298] = x[298] ^ x[186]
x[286] = x[286] ^ x[196]
x[256] = x[256] ^ x[223]
x[292] = x[292] ^ x[198]
x[306] = x[306] ^ x[195]
x[310] = x[310] ^ x[205]
x[309] = x[309] ^ x[167]
x[283] = x[283] ^ x[236]
x[270] = x[270] ^ x[207]
x[257] = x[257] ^ x[237]
x[250] = x[250] ^ x[240]
x[317] = x[317] ^ x[176]
x[312] = x[312] ^ x[194]
x[308] = x[308] ^ x[193]
x[285] = x[285] ^ x[175]
x[282] = x[282] ^ x[242]
x[263] = x[263] ^ x[238]
x[259] = x[259] ^ x[232]
x[251] = x[251] ^ x[241]
x[249] = x[249] ^ x[233]
x[289] = x[289] ^ x[203]
x[279] = x[279] ^ x[235]
x[321] = x[321] ^ x[174]
x[314] = x[314] ^ x[217]
x[324] = x[324] ^ x[222]
x[316] = x[316] ^ x[178]
x[305] = x[305] ^ x[187]
x[277] = x[277] ^ x[189]
x[287] = x[287] ^ x[221]
x[266] = x[266] ^ x[239]
x[255] = x[255] ^ x[231]
x[252] = x[252] ^ x[220]
x[254] = x[254] ^ x[225]
x[244] = x[244] ^ x[229]
x[245] = x[245] ^ x[230]
x[192] = x[192] ^ x[180]
x[27] = x[27] ^ x[52]
x[105] = x[105] ^ x[67]
x[144] = x[144] ^ x[32]
x[260] = x[260] ^ x[227]
x[149] = x[149] ^ x[25]
x[120] = x[120] ^ x[2]
x[100] = x[100] ^ x[57]
x[138] = x[138] ^ x[38]
x[110] = x[110] ^ x[45]
x[122] = x[122] ^ x[79]
x[116] = x[116] ^ x[55]
x[108] = x[108] ^ x[44]
x[114] = x[114] ^ x[64]
x[97] = x[97] ^ x[75]
x[143] = x[143] ^ x[46]
x[150] = x[150] ^ x[3]
x[154] = x[154] ^ x[22]
x[139] = x[139] ^ x[14]
x[315] = x[315] ^ x[194]
x[156] = x[156] ^ x[8]
x[155] = x[155] ^ x[10]
x[153] = x[153] ^ x[11]
x[151] = x[151] ^ x[36]
x[147] = x[147] ^ x[48]
x[146] = x[146] ^ x[6]
x[140] = x[140] ^ x[19]
x[133] = x[133] ^ x[31]
x[135] = x[135] ^ x[76]
x[134] = x[134] ^ x[72]
x[125] = x[125] ^ x[16]
x[119] = x[119] ^ x[54]
x[117] = x[117] ^ x[50]
x[111] = x[111] ^ x[61]
x[104] = x[104] ^ x[49]
x[103] = x[103] ^ x[41]
x[96] = x[96] ^ x[78]
x[95] = x[95] ^ x[68]
x[92] = x[92] ^ x[80]
x[93] = x[93] ^ x[69]
x[89] = x[89] ^ x[70]
x[87] = x[87] ^ x[51]
x[86] = x[86] ^ x[73]
x[82] = x[82] ^ x[74]
x[121] = x[121] ^ x[21]
x[301] = x[301] ^ x[187]
x[311] = x[311] ^ x[171]
x[253] = x[253] ^ x[207]
x[243] = x[243] ^ x[237]
x[161] = x[161] ^ x[37]
x[160] = x[160] ^ x[33]
x[157] = x[157] ^ x[39]
x[159] = x[159] ^ x[30]
x[152] = x[152] ^ x[5]
x[148] = x[148] ^ x[0]
x[145] = x[145] ^ x[4]
x[141] = x[141] ^ x[40]
x[129] = x[129] ^ x[7]
x[132] = x[132] ^ x[12]
x[131] = x[131] ^ x[71]
x[130] = x[130] ^ x[26]
x[127] = x[127] ^ x[15]
x[123] = x[123] ^ x[53]
x[118] = x[118] ^ x[47]
x[99] = x[99] ^ x[66]
x[90] = x[90] ^ x[59]
x[91] = x[91] ^ x[77]
x[84] = x[84] ^ x[65]
x[81] = x[81] ^ x[58]
x[320] = x[320] ^ x[206]
x[269] = x[269] ^ x[218]
x[271] = x[271] ^ x[214]
x[276] = x[276] ^ x[219]
x[318] = x[318] ^ x[174]
x[319] = x[319] ^ x[162]
x[281] = x[281] ^ x[234]
x[274] = x[274] ^ x[228]
x[265] = x[265] ^ x[224]
x[261] = x[261] ^ x[202]
x[267] = x[267] ^ x[210]
x[295] = x[295] ^ x[177]
x[293] = x[293] ^ x[186]
x[286] = x[286] ^ x[185]
x[292] = x[292] ^ x[189]
x[313] = x[313] ^ x[182]
x[310] = x[310] ^ x[212]
x[309] = x[309] ^ x[168]
x[307] = x[307] ^ x[167]
x[273] = x[273] ^ x[172]
x[272] = x[272] ^ x[195]
x[270] = x[270] ^ x[211]
x[262] = x[262] ^ x[236]
x[257] = x[257] ^ x[226]
x[250] = x[250] ^ x[235]
x[312] = x[312] ^ x[176]
x[308] = x[308] ^ x[179]
x[302] = x[302] ^ x[232]
x[290] = x[290] ^ x[240]
x[282] = x[282] ^ x[175]
x[259] = x[259] ^ x[238]
x[246] = x[246] ^ x[241]
x[298] = x[298] ^ x[242]
x[289] = x[289] ^ x[173]
x[314] = x[314] ^ x[170]
x[321] = x[321] ^ x[165]
x[324] = x[324] ^ x[197]
x[305] = x[305] ^ x[183]
x[277] = x[277] ^ x[178]
x[280] = x[280] ^ x[221]
x[252] = x[252] ^ x[223]
x[254] = x[254] ^ x[239]
x[244] = x[244] ^ x[231]
x[249] = x[249] ^ x[220]
x[245] = x[245] ^ x[225]
x[105] = x[105] ^ x[42]
x[98] = x[98] ^ x[44]
x[128] = x[128] ^ x[80]
x[120] = x[120] ^ x[0]
x[113] = x[113] ^ x[2]
x[142] = x[142] ^ x[14]
x[138] = x[138] ^ x[5]
x[115] = x[115] ^ x[63]
x[102] = x[102] ^ x[74]
x[100] = x[100] ^ x[50]
x[278] = x[278] ^ x[216]
x[158] = x[158] ^ x[17]
x[149] = x[149] ^ x[11]
x[136] = x[136] ^ x[8]
x[108] = x[108] ^ x[79]
x[97] = x[97] ^ x[62]
x[150] = x[150] ^ x[30]
x[144] = x[144] ^ x[3]
x[139] = x[139] ^ x[4]
x[110] = x[110] ^ x[56]
x[284] = x[284] ^ x[169]
x[83] = x[83] ^ x[48]
x[156] = x[156] ^ x[35]
x[154] = x[154] ^ x[38]
x[155] = x[155] ^ x[22]
x[153] = x[153] ^ x[10]
x[151] = x[151] ^ x[29]
x[146] = x[146] ^ x[25]
x[143] = x[143] ^ x[32]
x[140] = x[140] ^ x[45]
x[135] = x[135] ^ x[18]
x[134] = x[134] ^ x[73]
x[122] = x[122] ^ x[78]
x[119] = x[119] ^ x[21]
x[112] = x[112] ^ x[76]
x[111] = x[111] ^ x[46]
x[107] = x[107] ^ x[54]
x[106] = x[106] ^ x[16]
x[101] = x[101] ^ x[72]
x[109] = x[109] ^ x[70]
x[103] = x[103] ^ x[55]
x[95] = x[95] ^ x[41]
x[92] = x[92] ^ x[69]
x[93] = x[93] ^ x[64]
x[89] = x[89] ^ x[60]
x[87] = x[87] ^ x[49]
x[86] = x[86] ^ x[68]
x[82] = x[82] ^ x[75]
x[264] = x[264] ^ x[241]
x[300] = x[300] ^ x[164]
x[253] = x[253] ^ x[211]
x[297] = x[297] ^ x[173]
x[291] = x[291] ^ x[226]
x[304] = x[304] ^ x[163]
x[161] = x[161] ^ x[13]
x[160] = x[160] ^ x[51]
x[157] = x[157] ^ x[20]
x[159] = x[159] ^ x[43]
x[152] = x[152] ^ x[67]
x[147] = x[147] ^ x[47]
x[148] = x[148] ^ x[33]
x[145] = x[145] ^ x[26]
x[141] = x[141] ^ x[28]
x[137] = x[137] ^ x[40]
x[133] = x[133] ^ x[39]
x[129] = x[129] ^ x[6]
x[132] = x[132] ^ x[36]
x[130] = x[130] ^ x[12]
x[127] = x[127] ^ x[37]
x[123] = x[123] ^ x[59]
x[125] = x[125] ^ x[15]
x[118] = x[118] ^ x[19]
x[117] = x[117] ^ x[58]
x[96] = x[96] ^ x[65]
x[94] = x[94] ^ x[77]
x[88] = x[88] ^ x[71]
x[90] = x[90] ^ x[57]
x[91] = x[91] ^ x[66]
x[84] = x[84] ^ x[61]
x[81] = x[81] ^ x[52]
x[322] = x[322] ^ x[201]
x[311] = x[311] ^ x[212]
x[248] = x[248] ^ x[230]
x[306] = x[306] ^ x[180]
x[320] = x[320] ^ x[202]
x[317] = x[317] ^ x[162]
x[281] = x[281] ^ x[193]
x[274] = x[274] ^ x[233]
x[265] = x[265] ^ x[214]
x[256] = x[256] ^ x[228]
x[269] = x[269] ^ x[210]
x[315] = x[315] ^ x[186]
x[292] = x[292] ^ x[185]
x[319] = x[319] ^ x[174]
x[316] = x[316] ^ x[206]
x[310] = x[310] ^ x[199]
x[309] = x[309] ^ x[194]
x[307] = x[307] ^ x[172]
x[301] = x[301] ^ x[167]
x[303] = x[303] ^ x[236]
x[285] = x[285] ^ x[222]
x[283] = x[283] ^ x[217]
x[287] = x[287] ^ x[213]
x[266] = x[266] ^ x[242]
x[262] = x[262] ^ x[235]
x[257] = x[257] ^ x[219]
x[255] = x[255] ^ x[229]
x[250] = x[250] ^ x[234]
x[251] = x[251] ^ x[237]
x[270] = x[270] ^ x[209]
x[312] = x[312] ^ x[203]
x[302] = x[302] ^ x[177]
x[293] = x[293] ^ x[240]
x[275] = x[275] ^ x[207]
x[289] = x[289] ^ x[238]
x[314] = x[314] ^ x[200]
x[313] = x[313] ^ x[170]
x[321] = x[321] ^ x[190]
x[308] = x[308] ^ x[178]
x[305] = x[305] ^ x[166]
x[277] = x[277] ^ x[171]
x[268] = x[268] ^ x[239]
x[252] = x[252] ^ x[195]
x[246] = x[246] ^ x[231]
x[244] = x[244] ^ x[220]
x[245] = x[245] ^ x[227]
x[324] = x[324] ^ x[182]
x[280] = x[280] ^ x[175]
x[294] = x[294] ^ x[168]
x[260] = x[260] ^ x[218]
x[188] = x[188] ^ x[173]
x[288] = x[288] ^ x[182]
x[142] = x[142] ^ x[38]
x[138] = x[138] ^ x[36]
x[116] = x[116] ^ x[37]
x[100] = x[100] ^ x[59]
x[278] = x[278] ^ x[212]
x[149] = x[149] ^ x[5]
x[136] = x[136] ^ x[24]
x[98] = x[98] ^ x[46]
x[158] = x[158] ^ x[3]
x[150] = x[150] ^ x[17]
x[108] = x[108] ^ x[80]
x[97] = x[97] ^ x[56]
x[121] = x[121] ^ x[6]
x[156] = x[156] ^ x[44]
x[154] = x[154] ^ x[29]
x[155] = x[155] ^ x[30]
x[151] = x[151] ^ x[22]
x[146] = x[146] ^ x[2]
x[139] = x[139] ^ x[18]
x[131] = x[131] ^ x[78]
x[135] = x[135] ^ x[14]
x[128] = x[128] ^ x[72]
x[122] = x[122] ^ x[76]
x[119] = x[119] ^ x[79]
x[112] = x[112] ^ x[75]
x[111] = x[111] ^ x[64]
x[104] = x[104] ^ x[45]
x[107] = x[107] ^ x[55]
x[101] = x[101] ^ x[16]
x[95] = x[95] ^ x[50]
x[99] = x[99] ^ x[70]
x[93] = x[93] ^ x[54]
x[87] = x[87] ^ x[41]
x[86] = x[86] ^ x[69]
x[82] = x[82] ^ x[73]
x[300] = x[300] ^ x[169]
x[253] = x[253] ^ x[206]
x[297] = x[297] ^ x[164]
x[161] = x[161] ^ x[27]
x[160] = x[160] ^ x[34]
x[157] = x[157] ^ x[32]
x[159] = x[159] ^ x[20]
x[152] = x[152] ^ x[42]
x[153] = x[153] ^ x[13]
x[147] = x[147] ^ x[35]
x[148] = x[148] ^ x[10]
x[145] = x[145] ^ x[25]
x[144] = x[144] ^ x[26]
x[143] = x[143] ^ x[19]
x[141] = x[141] ^ x[7]
x[137] = x[137] ^ x[12]
x[133] = x[133] ^ x[40]
x[129] = x[129] ^ x[8]
x[132] = x[132] ^ x[4]
x[127] = x[127] ^ x[68]
x[123] = x[123] ^ x[11]
x[124] = x[124] ^ x[15]
x[120] = x[120] ^ x[77]
x[118] = x[118] ^ x[0]
x[117] = x[117] ^ x[62]
x[110] = x[110] ^ x[39]
x[106] = x[106] ^ x[61]
x[103] = x[103] ^ x[33]
x[102] = x[102] ^ x[71]
x[96] = x[96] ^ x[63]
x[94] = x[94] ^ x[74]
x[92] = x[92] ^ x[57]
x[88] = x[88] ^ x[66]
x[90] = x[90] ^ x[53]
x[89] = x[89] ^ x[58]
x[91] = x[91] ^ x[65]
x[84] = x[84] ^ x[60]
x[81] = x[81] ^ x[48]
x[299] = x[299] ^ x[183]
x[264] = x[264] ^ x[237]
x[318] = x[318] ^ x[207]
x[267] = x[267] ^ x[197]
x[263] = x[263] ^ x[234]
x[311] = x[311] ^ x[196]
x[276] = x[276] ^ x[216]
x[272] = x[272] ^ x[163]
x[261] = x[261] ^ x[195]
x[322] = x[322] ^ x[202]
x[306] = x[306] ^ x[214]
x[295] = x[295] ^ x[176]
x[286] = x[286] ^ x[193]
x[282] = x[282] ^ x[186]
x[273] = x[273] ^ x[230]
x[265] = x[265] ^ x[215]
x[247] = x[247] ^ x[241]
x[248] = x[248] ^ x[226]
x[281] = x[281] ^ x[185]
x[310] = x[310] ^ x[174]
x[301] = x[301] ^ x[194]
x[296] = x[296] ^ x[167]
x[290] = x[290] ^ x[235]
x[283] = x[283] ^ x[233]
x[266] = x[266] ^ x[224]
x[262] = x[262] ^ x[229]
x[256] = x[256] ^ x[225]
x[257] = x[257] ^ x[238]
x[259] = x[259] ^ x[223]
x[254] = x[254] ^ x[219]
x[250] = x[250] ^ x[222]
x[251] = x[251] ^ x[236]
x[249] = x[249] ^ x[213]
x[317] = x[317] ^ x[172]
x[287] = x[287] ^ x[180]
x[270] = x[270] ^ x[228]
x[255] = x[255] ^ x[232]
x[298] = x[298] ^ x[177]
x[312] = x[312] ^ x[184]
x[275] = x[275] ^ x[211]
x[314] = x[314] ^ x[179]
x[307] = x[307] ^ x[200]
x[303] = x[303] ^ x[170]
x[316] = x[316] ^ x[190]
x[313] = x[313] ^ x[209]
x[277] = x[277] ^ x[166]
x[269] = x[269] ^ x[221]
x[268] = x[268] ^ x[231]
x[252] = x[252] ^ x[240]
x[245] = x[245] ^ x[220]
x[324] = x[324] ^ x[175]
x[315] = x[315] ^ x[178]
x[126] = x[126] ^ x[26]
x[113] = x[113] ^ x[0]
x[294] = x[294] ^ x[203]
x[323] = x[323] ^ x[217]
x[142] = x[142] ^ x[13]
x[138] = x[138] ^ x[22]
x[100] = x[100] ^ x[55]
x[116] = x[116] ^ x[2]
x[158] = x[158] ^ x[27]
x[150] = x[150] ^ x[53]
x[288] = x[288] ^ x[173]
x[140] = x[140] ^ x[6]
x[156] = x[156] ^ x[28]
x[146] = x[146] ^ x[38]
x[136] = x[136] ^ x[30]
x[131] = x[131] ^ x[76]
x[134] = x[134] ^ x[64]
x[115] = x[115] ^ x[78]
x[108] = x[108] ^ x[51]
x[112] = x[112] ^ x[73]
x[104] = x[104] ^ x[44]
x[107] = x[107] ^ x[56]
x[109] = x[109] ^ x[16]
x[98] = x[98] ^ x[45]
x[95] = x[95] ^ x[49]
x[97] = x[97] ^ x[50]
x[93] = x[93] ^ x[80]
x[83] = x[83] ^ x[79]
x[86] = x[86] ^ x[54]
x[82] = x[82] ^ x[67]
x[253] = x[253] ^ x[204]
x[304] = x[304] ^ x[200]
x[161] = x[161] ^ x[43]
x[160] = x[160] ^ x[17]
x[157] = x[157] ^ x[48]
x[159] = x[159] ^ x[31]
x[152] = x[152] ^ x[41]
x[154] = x[154] ^ x[34]
x[155] = x[155] ^ x[35]
x[153] = x[153] ^ x[23]
x[151] = x[151] ^ x[20]
x[147] = x[147] ^ x[14]
x[148] = x[148] ^ x[19]
x[149] = x[149] ^ x[40]
x[145] = x[145] ^ x[32]
x[144] = x[144] ^ x[25]
x[143] = x[143] ^ x[11]
x[141] = x[141] ^ x[18]
x[139] = x[139] ^ x[10]
x[137] = x[137] ^ x[5]
x[133] = x[133] ^ x[37]
x[129] = x[129] ^ x[3]
x[132] = x[132] ^ x[75]
x[130] = x[130] ^ x[7]
x[127] = x[127] ^ x[29]
x[135] = x[135] ^ x[4]
x[128] = x[128] ^ x[42]
x[123] = x[123] ^ x[8]
x[125] = x[125] ^ x[12]
x[122] = x[122] ^ x[71]
x[119] = x[119] ^ x[33]
x[124] = x[124] ^ x[21]
x[120] = x[120] ^ x[72]
x[118] = x[118] ^ x[77]
x[114] = x[114] ^ x[15]
x[117] = x[117] ^ x[60]
x[110] = x[110] ^ x[70]
x[111] = x[111] ^ x[39]
x[106] = x[106] ^ x[74]
x[101] = x[101] ^ x[66]
x[103] = x[103] ^ x[36]
x[102] = x[102] ^ x[68]
x[96] = x[96] ^ x[69]
x[99] = x[99] ^ x[63]
x[94] = x[94] ^ x[61]
x[92] = x[92] ^ x[59]
x[88] = x[88] ^ x[65]
x[90] = x[90] ^ x[52]
x[89] = x[89] ^ x[62]
x[91] = x[91] ^ x[58]
x[84] = x[84] ^ x[57]
x[81] = x[81] ^ x[47]
x[318] = x[318] ^ x[191]
x[267] = x[267] ^ x[212]
x[263] = x[263] ^ x[210]
x[311] = x[311] ^ x[182]
x[297] = x[297] ^ x[196]
x[291] = x[291] ^ x[232]
x[292] = x[292] ^ x[168]
x[274] = x[274] ^ x[221]
x[309] = x[309] ^ x[183]
x[302] = x[302] ^ x[187]
x[300] = x[300] ^ x[176]
x[286] = x[286] ^ x[186]
x[264] = x[264] ^ x[214]
x[247] = x[247] ^ x[208]
x[319] = x[319] ^ x[201]
x[306] = x[306] ^ x[169]
x[276] = x[276] ^ x[230]
x[321] = x[321] ^ x[184]
x[308] = x[308] ^ x[174]
x[305] = x[305] ^ x[241]
x[301] = x[301] ^ x[202]
x[290] = x[290] ^ x[242]
x[283] = x[283] ^ x[223]
x[282] = x[282] ^ x[167]
x[273] = x[273] ^ x[171]
x[278] = x[278] ^ x[195]
x[265] = x[265] ^ x[238]
x[262] = x[262] ^ x[218]
x[256] = x[256] ^ x[219]
x[257] = x[257] ^ x[197]
x[259] = x[259] ^ x[227]
x[254] = x[254] ^ x[213]
x[251] = x[251] ^ x[233]
x[246] = x[246] ^ x[222]
x[244] = x[244] ^ x[224]
x[249] = x[249] ^ x[215]
x[243] = x[243] ^ x[229]
x[248] = x[248] ^ x[225]
x[322] = x[322] ^ x[172]
x[287] = x[287] ^ x[185]
x[280] = x[280] ^ x[237]
x[281] = x[281] ^ x[180]
x[266] = x[266] ^ x[226]
x[255] = x[255] ^ x[228]
x[250] = x[250] ^ x[216]
x[275] = x[275] ^ x[206]
x[310] = x[310] ^ x[179]
x[307] = x[307] ^ x[165]
x[296] = x[296] ^ x[170]
x[316] = x[316] ^ x[193]
x[314] = x[314] ^ x[178]
x[313] = x[313] ^ x[190]
x[298] = x[298] ^ x[240]
x[277] = x[277] ^ x[236]
x[269] = x[269] ^ x[235]
x[268] = x[268] ^ x[163]
x[245] = x[245] ^ x[209]
x[324] = x[324] ^ x[192]
x[105] = x[105] ^ x[0]
x[294] = x[294] ^ x[166]
x[142] = x[142] ^ x[28]
x[284] = x[284] ^ x[217]
x[121] = x[121] ^ x[4]
x[116] = x[116] ^ x[21]
x[113] = x[113] ^ x[80]
x[140] = x[140] ^ x[26]
x[299] = x[299] ^ x[194]
x[158] = x[158] ^ x[54]
x[115] = x[115] ^ x[6]
x[112] = x[112] ^ x[51]
x[104] = x[104] ^ x[38]
x[95] = x[95] ^ x[44]
x[97] = x[97] ^ x[55]
x[83] = x[83] ^ x[78]
x[320] = x[320] ^ x[187]
x[161] = x[161] ^ x[49]
x[160] = x[160] ^ x[36]
x[157] = x[157] ^ x[60]
x[159] = x[159] ^ x[27]
x[156] = x[156] ^ x[41]
x[154] = x[154] ^ x[43]
x[153] = x[153] ^ x[53]
x[151] = x[151] ^ x[47]
x[147] = x[147] ^ x[17]
x[146] = x[146] ^ x[20]
x[148] = x[148] ^ x[13]
x[145] = x[145] ^ x[35]
x[143] = x[143] ^ x[40]
x[141] = x[141] ^ x[25]
x[139] = x[139] ^ x[29]
x[136] = x[136] ^ x[32]
x[137] = x[137] ^ x[19]
x[133] = x[133] ^ x[22]
x[129] = x[129] ^ x[11]
x[132] = x[132] ^ x[77]
x[131] = x[131] ^ x[14]
x[130] = x[130] ^ x[3]
x[127] = x[127] ^ x[7]
x[135] = x[135] ^ x[10]
x[128] = x[128] ^ x[5]
x[134] = x[134] ^ x[23]
x[123] = x[123] ^ x[12]
x[125] = x[125] ^ x[8]
x[122] = x[122] ^ x[30]
x[119] = x[119] ^ x[31]
x[124] = x[124] ^ x[24]
x[120] = x[120] ^ x[68]
x[118] = x[118] ^ x[2]
x[108] = x[108] ^ x[74]
x[117] = x[117] ^ x[37]
x[110] = x[110] ^ x[76]
x[111] = x[111] ^ x[15]
x[107] = x[107] ^ x[72]
x[106] = x[106] ^ x[69]
x[101] = x[101] ^ x[65]
x[109] = x[109] ^ x[58]
x[103] = x[103] ^ x[16]
x[102] = x[102] ^ x[67]
x[98] = x[98] ^ x[71]
x[100] = x[100] ^ x[33]
x[96] = x[96] ^ x[52]
x[99] = x[99] ^ x[61]
x[94] = x[94] ^ x[34]
x[92] = x[92] ^ x[64]
x[93] = x[93] ^ x[59]
x[88] = x[88] ^ x[70]
x[90] = x[90] ^ x[39]
x[89] = x[89] ^ x[50]
x[87] = x[87] ^ x[66]
x[91] = x[91] ^ x[46]
x[84] = x[84] ^ x[56]
x[81] = x[81] ^ x[45]
x[82] = x[82] ^ x[57]
x[293] = x[293] ^ x[162]
x[318] = x[318] ^ x[206]
x[295] = x[295] ^ x[168]
x[267] = x[267] ^ x[199]
x[279] = x[279] ^ x[242]
x[260] = x[260] ^ x[241]
x[271] = x[271] ^ x[207]
x[285] = x[285] ^ x[236]
x[317] = x[317] ^ x[191]
x[270] = x[270] ^ x[198]
x[302] = x[302] ^ x[165]
x[286] = x[286] ^ x[164]
x[306] = x[306] ^ x[182]
x[297] = x[297] ^ x[177]
x[291] = x[291] ^ x[186]
x[276] = x[276] ^ x[208]
x[274] = x[274] ^ x[232]
x[264] = x[264] ^ x[203]
x[261] = x[261] ^ x[200]
x[301] = x[301] ^ x[183]
x[290] = x[290] ^ x[233]
x[283] = x[283] ^ x[171]
x[262] = x[262] ^ x[234]
x[256] = x[256] ^ x[218]
x[257] = x[257] ^ x[210]
x[259] = x[259] ^ x[220]
x[254] = x[254] ^ x[205]
x[253] = x[253] ^ x[195]
x[244] = x[244] ^ x[221]
x[247] = x[247] ^ x[215]
x[249] = x[249] ^ x[202]
x[243] = x[243] ^ x[227]
x[248] = x[248] ^ x[222]
x[287] = x[287] ^ x[172]
x[280] = x[280] ^ x[169]
x[281] = x[281] ^ x[175]
x[278] = x[278] ^ x[211]
x[272] = x[272] ^ x[225]
x[266] = x[266] ^ x[180]
x[265] = x[265] ^ x[226]
x[255] = x[255] ^ x[219]
x[252] = x[252] ^ x[197]
x[250] = x[250] ^ x[230]
x[251] = x[251] ^ x[216]
x[246] = x[246] ^ x[228]
x[273] = x[273] ^ x[173]
x[263] = x[263] ^ x[229]
x[275] = x[275] ^ x[201]
x[308] = x[308] ^ x[184]
x[305] = x[305] ^ x[179]
x[300] = x[300] ^ x[170]
x[310] = x[310] ^ x[204]
x[307] = x[307] ^ x[178]
x[296] = x[296] ^ x[190]
x[298] = x[298] ^ x[235]
x[277] = x[277] ^ x[167]
x[268] = x[268] ^ x[238]
x[303] = x[303] ^ x[209]
x[324] = x[324] ^ x[193]
x[9] = x[9] ^ x[12]
x[116] = x[116] ^ x[5]
x[150] = x[150] ^ x[27]
x[121] = x[121] ^ x[80]
x[152] = x[152] ^ x[48]
x[144] = x[144] ^ x[0]
x[114] = x[114] ^ x[79]
x[140] = x[140] ^ x[28]
x[126] = x[126] ^ x[78]
x[161] = x[161] ^ x[8]
x[157] = x[157] ^ x[49]
x[159] = x[159] ^ x[26]
x[156] = x[156] ^ x[24]
x[151] = x[151] ^ x[42]
x[147] = x[147] ^ x[4]
x[146] = x[146] ^ x[21]
x[145] = x[145] ^ x[13]
x[143] = x[143] ^ x[38]
x[141] = x[141] ^ x[30]
x[139] = x[139] ^ x[25]
x[136] = x[136] ^ x[20]
x[137] = x[137] ^ x[74]
x[133] = x[133] ^ x[29]
x[129] = x[129] ^ x[68]
x[132] = x[132] ^ x[22]
x[131] = x[131] ^ x[18]
x[130] = x[130] ^ x[31]
x[127] = x[127] ^ x[1]
x[135] = x[135] ^ x[77]
x[128] = x[128] ^ x[7]
x[134] = x[134] ^ x[11]
x[123] = x[123] ^ x[55]
x[122] = x[122] ^ x[66]
x[119] = x[119] ^ x[23]
x[115] = x[115] ^ x[72]
x[124] = x[124] ^ x[14]
x[120] = x[120] ^ x[6]
x[118] = x[118] ^ x[53]
x[108] = x[108] ^ x[19]
x[117] = x[117] ^ x[69]
x[112] = x[112] ^ x[2]
x[110] = x[110] ^ x[37]
x[111] = x[111] ^ x[71]
x[104] = x[104] ^ x[47]
x[107] = x[107] ^ x[32]
x[106] = x[106] ^ x[63]
x[101] = x[101] ^ x[40]
x[109] = x[109] ^ x[43]
x[103] = x[103] ^ x[59]
x[102] = x[102] ^ x[61]
x[98] = x[98] ^ x[39]
x[100] = x[100] ^ x[35]
x[96] = x[96] ^ x[50]
x[95] = x[95] ^ x[36]
x[97] = x[97] ^ x[52]
x[99] = x[99] ^ x[62]
x[94] = x[94] ^ x[58]
x[92] = x[92] ^ x[56]
x[93] = x[93] ^ x[33]
x[88] = x[88] ^ x[60]
x[90] = x[90] ^ x[34]
x[89] = x[89] ^ x[46]
x[87] = x[87] ^ x[45]
x[91] = x[91] ^ x[44]
x[84] = x[84] ^ x[54]
x[81] = x[81] ^ x[41]
x[82] = x[82] ^ x[51]
x[311] = x[311] ^ x[194]
x[312] = x[312] ^ x[212]
x[318] = x[318] ^ x[188]
x[288] = x[288] ^ x[176]
x[293] = x[293] ^ x[167]
x[309] = x[309] ^ x[164]
x[321] = x[321] ^ x[168]
x[317] = x[317] ^ x[198]
x[294] = x[294] ^ x[174]
x[322] = x[322] ^ x[189]
x[285] = x[285] ^ x[224]
x[282] = x[282] ^ x[162]
x[270] = x[270] ^ x[196]
x[291] = x[291] ^ x[177]
x[279] = x[279] ^ x[232]
x[276] = x[276] ^ x[217]
x[297] = x[297] ^ x[187]
x[260] = x[260] ^ x[231]
x[271] = x[271] ^ x[213]
x[316] = x[316] ^ x[184]
x[313] = x[313] ^ x[191]
x[261] = x[261] ^ x[201]
x[295] = x[295] ^ x[165]
x[290] = x[290] ^ x[229]
x[289] = x[289] ^ x[171]
x[283] = x[283] ^ x[173]
x[269] = x[269] ^ x[233]
x[262] = x[262] ^ x[222]
x[256] = x[256] ^ x[227]
x[259] = x[259] ^ x[210]
x[254] = x[254] ^ x[195]
x[244] = x[244] ^ x[214]
x[249] = x[249] ^ x[200]
x[245] = x[245] ^ x[202]
x[287] = x[287] ^ x[181]
x[280] = x[280] ^ x[220]
x[281] = x[281] ^ x[169]
x[278] = x[278] ^ x[206]
x[274] = x[274] ^ x[230]
x[272] = x[272] ^ x[211]
x[257] = x[257] ^ x[215]
x[255] = x[255] ^ x[226]
x[252] = x[252] ^ x[219]
x[243] = x[243] ^ x[221]
x[248] = x[248] ^ x[208]
x[265] = x[265] ^ x[216]
x[263] = x[263] ^ x[228]
x[253] = x[253] ^ x[197]
x[250] = x[250] ^ x[203]
x[299] = x[299] ^ x[172]
x[315] = x[315] ^ x[183]
x[302] = x[302] ^ x[170]
x[300] = x[300] ^ x[236]
x[286] = x[286] ^ x[179]
x[314] = x[314] ^ x[204]
x[305] = x[305] ^ x[182]
x[296] = x[296] ^ x[180]
x[307] = x[307] ^ x[199]
x[277] = x[277] ^ x[235]
x[268] = x[268] ^ x[234]
x[303] = x[303] ^ x[193]
x[105] = x[105] ^ x[63]
x[138] = x[138] ^ x[18]
x[86] = x[86] ^ x[64]
x[113] = x[113] ^ x[76]
x[83] = x[83] ^ x[38]
x[284] = x[284] ^ x[185]
x[158] = x[158] ^ x[10]
x[152] = x[152] ^ x[16]
x[114] = x[114] ^ x[70]
x[320] = x[320] ^ x[205]
x[155] = x[155] ^ x[27]
x[148] = x[148] ^ x[12]
x[161] = x[161] ^ x[41]
x[159] = x[159] ^ x[34]
x[156] = x[156] ^ x[21]
x[150] = x[150] ^ x[8]
x[154] = x[154] ^ x[23]
x[146] = x[146] ^ x[43]
x[145] = x[145] ^ x[2]
x[143] = x[143] ^ x[35]
x[141] = x[141] ^ x[15]
x[139] = x[139] ^ x[26]
x[136] = x[136] ^ x[13]
x[137] = x[137] ^ x[69]
x[129] = x[129] ^ x[29]
x[132] = x[132] ^ x[65]
x[131] = x[131] ^ x[61]
x[130] = x[130] ^ x[25]
x[127] = x[127] ^ x[80]
x[135] = x[135] ^ x[40]
x[128] = x[128] ^ x[22]
x[134] = x[134] ^ x[39]
x[123] = x[123] ^ x[7]
x[119] = x[119] ^ x[17]
x[115] = x[115] ^ x[53]
x[124] = x[124] ^ x[4]
x[120] = x[120] ^ x[11]
x[108] = x[108] ^ x[49]
x[117] = x[117] ^ x[24]
x[112] = x[112] ^ x[71]
x[111] = x[111] ^ x[5]
x[104] = x[104] ^ x[33]
x[107] = x[107] ^ x[51]
x[106] = x[106] ^ x[56]
x[101] = x[101] ^ x[36]
x[109] = x[109] ^ x[60]
x[103] = x[103] ^ x[0]
x[102] = x[102] ^ x[14]
x[98] = x[98] ^ x[30]
x[100] = x[100] ^ x[37]
x[96] = x[96] ^ x[54]
x[95] = x[95] ^ x[32]
x[97] = x[97] ^ x[42]
x[99] = x[99] ^ x[59]
x[94] = x[94] ^ x[66]
x[92] = x[92] ^ x[44]
x[93] = x[93] ^ x[28]
x[88] = x[88] ^ x[62]
x[90] = x[90] ^ x[31]
x[89] = x[89] ^ x[52]
x[87] = x[87] ^ x[47]
x[91] = x[91] ^ x[48]
x[84] = x[84] ^ x[45]
x[81] = x[81] ^ x[78]
x[82] = x[82] ^ x[46]
x[312] = x[312] ^ x[188]
x[306] = x[306] ^ x[191]
x[304] = x[304] ^ x[194]
x[247] = x[247] ^ x[199]
x[309] = x[309] ^ x[187]
x[246] = x[246] ^ x[213]
x[317] = x[317] ^ x[189]
x[301] = x[301] ^ x[163]
x[288] = x[288] ^ x[224]
x[285] = x[285] ^ x[186]
x[282] = x[282] ^ x[166]
x[273] = x[273] ^ x[162]
x[270] = x[270] ^ x[164]
x[264] = x[264] ^ x[240]
x[251] = x[251] ^ x[218]
x[294] = x[294] ^ x[232]
x[260] = x[260] ^ x[207]
x[316] = x[316] ^ x[212]
x[313] = x[313] ^ x[192]
x[293] = x[293] ^ x[178]
x[261] = x[261] ^ x[198]
x[290] = x[290] ^ x[165]
x[289] = x[289] ^ x[168]
x[283] = x[283] ^ x[238]
x[269] = x[269] ^ x[222]
x[256] = x[256] ^ x[216]
x[259] = x[259] ^ x[214]
x[244] = x[244] ^ x[203]
x[245] = x[245] ^ x[195]
x[311] = x[311] ^ x[190]
x[310] = x[310] ^ x[196]
x[267] = x[267] ^ x[209]
x[291] = x[291] ^ x[230]
x[278] = x[278] ^ x[169]
x[276] = x[276] ^ x[181]
x[272] = x[272] ^ x[202]
x[262] = x[262] ^ x[217]
x[257] = x[257] ^ x[220]
x[252] = x[252] ^ x[208]
x[254] = x[254] ^ x[206]
x[243] = x[243] ^ x[219]
x[287] = x[287] ^ x[176]
x[265] = x[265] ^ x[227]
x[263] = x[263] ^ x[226]
x[248] = x[248] ^ x[211]
x[299] = x[299] ^ x[200]
x[300] = x[300] ^ x[183]
x[286] = x[286] ^ x[174]
x[324] = x[324] ^ x[179]
x[305] = x[305] ^ x[239]
x[298] = x[298] ^ x[204]
x[307] = x[307] ^ x[201]
x[277] = x[277] ^ x[173]
x[268] = x[268] ^ x[180]
x[296] = x[296] ^ x[184]
x[295] = x[295] ^ x[170]
x[253] = x[253] ^ x[193]
x[323] = x[323] ^ x[209]
x[113] = x[113] ^ x[75]
x[258] = x[258] ^ x[240]
x[144] = x[144] ^ x[15]
x[153] = x[153] ^ x[57]
x[149] = x[149] ^ x[78]
x[158] = x[158] ^ x[58]
x[125] = x[125] ^ x[77]
x[122] = x[122] ^ x[12]
x[121] = x[121] ^ x[72]
x[114] = x[114] ^ x[6]
x[86] = x[86] ^ x[50]
x[157] = x[157] ^ x[9]
x[140] = x[140] ^ x[20]
x[126] = x[126] ^ x[18]
x[116] = x[116] ^ x[74]
x[118] = x[118] ^ x[10]
x[110] = x[110] ^ x[19]
x[150] = x[150] ^ x[62]
x[154] = x[154] ^ x[63]
x[151] = x[151] ^ x[4]
x[146] = x[146] ^ x[17]
x[141] = x[141] ^ x[35]
x[139] = x[139] ^ x[0]
x[136] = x[136] ^ x[80]
x[137] = x[137] ^ x[27]
x[133] = x[133] ^ x[25]
x[129] = x[129] ^ x[31]
x[132] = x[132] ^ x[29]
x[131] = x[131] ^ x[32]
x[130] = x[130] ^ x[65]
x[135] = x[135] ^ x[1]
x[128] = x[128] ^ x[71]
x[123] = x[123] ^ x[23]
x[120] = x[120] ^ x[69]
x[117] = x[117] ^ x[56]
x[112] = x[112] ^ x[54]
x[111] = x[111] ^ x[2]
x[104] = x[104] ^ x[41]
x[101] = x[101] ^ x[60]
x[102] = x[102] ^ x[16]
x[98] = x[98] ^ x[24]
x[100] = x[100] ^ x[21]
x[96] = x[96] ^ x[38]
x[95] = x[95] ^ x[30]
x[97] = x[97] ^ x[36]
x[99] = x[99] ^ x[53]
x[94] = x[94] ^ x[55]
x[92] = x[92] ^ x[28]
x[88] = x[88] ^ x[49]
x[90] = x[90] ^ x[26]
x[89] = x[89] ^ x[43]
x[87] = x[87] ^ x[39]
x[83] = x[83] ^ x[47]
x[91] = x[91] ^ x[40]
x[84] = x[84] ^ x[51]
x[81] = x[81] ^ x[34]
x[82] = x[82] ^ x[45]
x[321] = x[321] ^ x[205]
x[304] = x[304] ^ x[196]
x[297] = x[297] ^ x[182]
x[292] = x[292] ^ x[180]
x[284] = x[284] ^ x[188]
x[275] = x[275] ^ x[185]
x[266] = x[266] ^ x[172]
x[288] = x[288] ^ x[177]
x[285] = x[285] ^ x[189]
x[280] = x[280] ^ x[166]
x[279] = x[279] ^ x[186]
x[273] = x[273] ^ x[225]
x[274] = x[274] ^ x[167]
x[270] = x[270] ^ x[163]
x[264] = x[264] ^ x[231]
x[250] = x[250] ^ x[210]
x[251] = x[251] ^ x[228]
x[246] = x[246] ^ x[215]
x[249] = x[249] ^ x[197]
x[302] = x[302] ^ x[200]
x[316] = x[316] ^ x[171]
x[293] = x[293] ^ x[233]
x[261] = x[261] ^ x[192]
x[255] = x[255] ^ x[212]
x[289] = x[289] ^ x[165]
x[269] = x[269] ^ x[199]
x[256] = x[256] ^ x[214]
x[259] = x[259] ^ x[213]
x[244] = x[244] ^ x[211]
x[303] = x[303] ^ x[242]
x[311] = x[311] ^ x[241]
x[281] = x[281] ^ x[236]
x[267] = x[267] ^ x[187]
x[247] = x[247] ^ x[190]
x[276] = x[276] ^ x[169]
x[252] = x[252] ^ x[206]
x[243] = x[243] ^ x[217]
x[310] = x[310] ^ x[198]
x[291] = x[291] ^ x[178]
x[287] = x[287] ^ x[227]
x[263] = x[263] ^ x[220]
x[262] = x[262] ^ x[203]
x[257] = x[257] ^ x[207]
x[248] = x[248] ^ x[195]
x[260] = x[260] ^ x[202]
x[286] = x[286] ^ x[170]
x[283] = x[283] ^ x[183]
x[314] = x[314] ^ x[173]
x[313] = x[313] ^ x[201]
x[305] = x[305] ^ x[204]
x[294] = x[294] ^ x[179]
x[307] = x[307] ^ x[191]
x[268] = x[268] ^ x[223]
x[298] = x[298] ^ x[193]
x[295] = x[295] ^ x[184]
x[105] = x[105] ^ x[7]
x[147] = x[147] ^ x[16]
x[113] = x[113] ^ x[68]
x[155] = x[155] ^ x[57]
x[158] = x[158] ^ x[44]
x[159] = x[159] ^ x[5]
x[127] = x[127] ^ x[13]
x[134] = x[134] ^ x[46]
x[122] = x[122] ^ x[70]
x[115] = x[115] ^ x[58]
x[108] = x[108] ^ x[76]
x[114] = x[114] ^ x[77]
x[106] = x[106] ^ x[50]
x[109] = x[109] ^ x[48]
x[103] = x[103] ^ x[72]
x[93] = x[93] ^ x[37]
x[161] = x[161] ^ x[59]
x[160] = x[160] ^ x[19]
x[153] = x[153] ^ x[33]
x[145] = x[145] ^ x[9]
x[140] = x[140] ^ x[79]
x[126] = x[126] ^ x[10]
x[125] = x[125] ^ x[22]
x[119] = x[119] ^ x[18]
x[121] = x[121] ^ x[14]
x[124] = x[124] ^ x[73]
x[116] = x[116] ^ x[8]
x[118] = x[118] ^ x[12]
x[110] = x[110] ^ x[75]
x[107] = x[107] ^ x[15]
x[86] = x[86] ^ x[52]
x[156] = x[156] ^ x[11]
x[150] = x[150] ^ x[51]
x[151] = x[151] ^ x[41]
x[139] = x[139] ^ x[27]
x[136] = x[136] ^ x[78]
x[137] = x[137] ^ x[20]
x[133] = x[133] ^ x[23]
x[129] = x[129] ^ x[35]
x[132] = x[132] ^ x[60]
x[131] = x[131] ^ x[62]
x[130] = x[130] ^ x[63]
x[135] = x[135] ^ x[25]
x[128] = x[128] ^ x[67]
x[120] = x[120] ^ x[4]
x[117] = x[117] ^ x[6]
x[111] = x[111] ^ x[69]
x[101] = x[101] ^ x[56]
x[102] = x[102] ^ x[0]
x[98] = x[98] ^ x[36]
x[100] = x[100] ^ x[17]
x[99] = x[99] ^ x[54]
x[94] = x[94] ^ x[42]
x[92] = x[92] ^ x[38]
x[88] = x[88] ^ x[26]
x[89] = x[89] ^ x[45]
x[87] = x[87] ^ x[28]
x[83] = x[83] ^ x[40]
x[91] = x[91] ^ x[30]
x[84] = x[84] ^ x[43]
x[81] = x[81] ^ x[39]
x[82] = x[82] ^ x[34]
x[282] = x[282] ^ x[237]
x[312] = x[312] ^ x[162]
x[306] = x[306] ^ x[188]
x[297] = x[297] ^ x[241]
x[292] = x[292] ^ x[174]
x[258] = x[258] ^ x[224]
x[309] = x[309] ^ x[176]
x[301] = x[301] ^ x[172]
x[266] = x[266] ^ x[164]
x[288] = x[288] ^ x[223]
x[290] = x[290] ^ x[168]
x[285] = x[285] ^ x[225]
x[284] = x[284] ^ x[177]
x[280] = x[280] ^ x[219]
x[279] = x[279] ^ x[175]
x[273] = x[273] ^ x[231]
x[278] = x[278] ^ x[182]
x[274] = x[274] ^ x[209]
x[275] = x[275] ^ x[167]
x[272] = x[272] ^ x[181]
x[265] = x[265] ^ x[189]
x[271] = x[271] ^ x[216]
x[264] = x[264] ^ x[222]
x[250] = x[250] ^ x[196]
x[251] = x[251] ^ x[210]
x[246] = x[246] ^ x[205]
x[245] = x[245] ^ x[200]
x[300] = x[300] ^ x[194]
x[293] = x[293] ^ x[230]
x[277] = x[277] ^ x[220]
x[256] = x[256] ^ x[199]
x[244] = x[244] ^ x[202]
x[324] = x[324] ^ x[187]
x[311] = x[311] ^ x[163]
x[302] = x[302] ^ x[229]
x[303] = x[303] ^ x[232]
x[296] = x[296] ^ x[242]
x[281] = x[281] ^ x[166]
x[270] = x[270] ^ x[233]
x[255] = x[255] ^ x[236]
x[254] = x[254] ^ x[192]
x[247] = x[247] ^ x[197]
x[249] = x[249] ^ x[190]
x[269] = x[269] ^ x[213]
x[267] = x[267] ^ x[239]
x[257] = x[257] ^ x[203]
x[286] = x[286] ^ x[165]
x[283] = x[283] ^ x[198]
x[315] = x[315] ^ x[204]
x[314] = x[314] ^ x[235]
x[253] = x[253] ^ x[191]
x[305] = x[305] ^ x[206]
x[276] = x[276] ^ x[171]
x[307] = x[307] ^ x[214]
x[294] = x[294] ^ x[201]
x[268] = x[268] ^ x[217]
x[291] = x[291] ^ x[184]
x[248] = x[248] ^ x[193]
x[287] = x[287] ^ x[173]
x[148] = x[148] ^ x[1]
x[323] = x[323] ^ x[176]
x[158] = x[158] ^ x[72]
x[159] = x[159] ^ x[16]
x[152] = x[152] ^ x[50]
x[154] = x[154] ^ x[58]
x[149] = x[149] ^ x[53]
x[127] = x[127] ^ x[32]
x[134] = x[134] ^ x[70]
x[123] = x[123] ^ x[37]
x[108] = x[108] ^ x[7]
x[114] = x[114] ^ x[11]
x[109] = x[109] ^ x[44]
x[96] = x[96] ^ x[49]
x[95] = x[95] ^ x[21]
x[97] = x[97] ^ x[31]
x[160] = x[160] ^ x[59]
x[147] = x[147] ^ x[10]
x[146] = x[146] ^ x[12]
x[145] = x[145] ^ x[33]
x[144] = x[144] ^ x[9]
x[143] = x[143] ^ x[2]
x[141] = x[141] ^ x[8]
x[140] = x[140] ^ x[47]
x[126] = x[126] ^ x[76]
x[125] = x[125] ^ x[55]
x[122] = x[122] ^ x[64]
x[115] = x[115] ^ x[13]
x[121] = x[121] ^ x[61]
x[124] = x[124] ^ x[46]
x[116] = x[116] ^ x[75]
x[118] = x[118] ^ x[80]
x[113] = x[113] ^ x[52]
x[112] = x[112] ^ x[19]
x[110] = x[110] ^ x[14]
x[104] = x[104] ^ x[5]
x[107] = x[107] ^ x[18]
x[105] = x[105] ^ x[15]
x[106] = x[106] ^ x[22]
x[93] = x[93] ^ x[24]
x[90] = x[90] ^ x[29]
x[86] = x[86] ^ x[48]
x[103] = x[103] ^ x[71]
x[317] = x[317] ^ x[221]
x[150] = x[150] ^ x[56]
x[136] = x[136] ^ x[68]
x[137] = x[137] ^ x[34]
x[133] = x[133] ^ x[17]
x[132] = x[132] ^ x[26]
x[131] = x[131] ^ x[57]
x[130] = x[130] ^ x[27]
x[135] = x[135] ^ x[42]
x[128] = x[128] ^ x[40]
x[120] = x[120] ^ x[60]
x[117] = x[117] ^ x[38]
x[111] = x[111] ^ x[54]
x[102] = x[102] ^ x[73]
x[94] = x[94] ^ x[36]
x[92] = x[92] ^ x[43]
x[89] = x[89] ^ x[35]
x[83] = x[83] ^ x[39]
x[91] = x[91] ^ x[28]
x[84] = x[84] ^ x[41]
x[282] = x[282] ^ x[240]
x[320] = x[320] ^ x[215]
x[308] = x[308] ^ x[162]
x[261] = x[261] ^ x[171]
x[259] = x[259] ^ x[212]
x[316] = x[316] ^ x[226]
x[312] = x[312] ^ x[164]
x[266] = x[266] ^ x[238]
x[301] = x[301] ^ x[188]
x[288] = x[288] ^ x[231]
x[290] = x[290] ^ x[227]
x[285] = x[285] ^ x[174]
x[284] = x[284] ^ x[186]
x[280] = x[280] ^ x[172]
x[275] = x[275] ^ x[181]
x[265] = x[265] ^ x[209]
x[271] = x[271] ^ x[180]
x[264] = x[264] ^ x[219]
x[263] = x[263] ^ x[216]
x[252] = x[252] ^ x[189]
x[251] = x[251] ^ x[208]
x[246] = x[246] ^ x[207]
x[243] = x[243] ^ x[205]
x[274] = x[274] ^ x[169]
x[272] = x[272] ^ x[175]
x[258] = x[258] ^ x[210]
x[300] = x[300] ^ x[179]
x[293] = x[293] ^ x[194]
x[277] = x[277] ^ x[170]
x[256] = x[256] ^ x[202]
x[244] = x[244] ^ x[200]
x[311] = x[311] ^ x[192]
x[302] = x[302] ^ x[195]
x[298] = x[298] ^ x[233]
x[295] = x[295] ^ x[232]
x[279] = x[279] ^ x[166]
x[278] = x[278] ^ x[183]
x[254] = x[254] ^ x[182]
x[250] = x[250] ^ x[197]
x[247] = x[247] ^ x[196]
x[249] = x[249] ^ x[187]
x[245] = x[245] ^ x[190]
x[270] = x[270] ^ x[167]
x[267] = x[267] ^ x[185]
x[283] = x[283] ^ x[165]
x[309] = x[309] ^ x[191]
x[313] = x[313] ^ x[198]
x[314] = x[314] ^ x[242]
x[303] = x[303] ^ x[235]
x[297] = x[297] ^ x[201]
x[255] = x[255] ^ x[204]
x[253] = x[253] ^ x[177]
x[276] = x[276] ^ x[213]
x[307] = x[307] ^ x[206]
x[294] = x[294] ^ x[230]
x[268] = x[268] ^ x[203]
x[287] = x[287] ^ x[225]
x[248] = x[248] ^ x[184]
x[319] = x[319] ^ x[207]
x[142] = x[142] ^ x[78]
x[148] = x[148] ^ x[42]
x[119] = x[119] ^ x[1]
x[85] = x[85] ^ x[77]
x[152] = x[152] ^ x[49]
x[155] = x[155] ^ x[58]
x[153] = x[153] ^ x[70]
x[151] = x[151] ^ x[16]
x[139] = x[139] ^ x[74]
x[134] = x[134] ^ x[7]
x[108] = x[108] ^ x[4]
x[114] = x[114] ^ x[53]
x[95] = x[95] ^ x[72]
x[99] = x[99] ^ x[44]
x[88] = x[88] ^ x[37]
x[81] = x[81] ^ x[31]
x[82] = x[82] ^ x[32]
x[158] = x[158] ^ x[50]
x[159] = x[159] ^ x[21]
x[147] = x[147] ^ x[12]
x[149] = x[149] ^ x[47]
x[144] = x[144] ^ x[80]
x[141] = x[141] ^ x[79]
x[140] = x[140] ^ x[9]
x[129] = x[129] ^ x[19]
x[127] = x[127] ^ x[61]
x[126] = x[126] ^ x[20]
x[123] = x[123] ^ x[10]
x[125] = x[125] ^ x[18]
x[122] = x[122] ^ x[29]
x[115] = x[115] ^ x[55]
x[121] = x[121] ^ x[13]
x[124] = x[124] ^ x[25]
x[116] = x[116] ^ x[3]
x[118] = x[118] ^ x[67]
x[113] = x[113] ^ x[51]
x[112] = x[112] ^ x[6]
x[110] = x[110] ^ x[11]
x[104] = x[104] ^ x[8]
x[107] = x[107] ^ x[2]
x[105] = x[105] ^ x[5]
x[106] = x[106] ^ x[46]
x[101] = x[101] ^ x[30]
x[109] = x[109] ^ x[52]
x[100] = x[100] ^ x[15]
x[96] = x[96] ^ x[45]
x[97] = x[97] ^ x[14]
x[93] = x[93] ^ x[22]
x[90] = x[90] ^ x[23]
x[87] = x[87] ^ x[24]
x[86] = x[86] ^ x[33]
x[146] = x[146] ^ x[0]
x[103] = x[103] ^ x[48]
x[304] = x[304] ^ x[208]
x[136] = x[136] ^ x[54]
x[132] = x[132] ^ x[17]
x[131] = x[131] ^ x[38]
x[135] = x[135] ^ x[27]
x[128] = x[128] ^ x[34]
x[120] = x[120] ^ x[59]
x[102] = x[102] ^ x[56]
x[92] = x[92] ^ x[36]
x[91] = x[91] ^ x[35]
x[84] = x[84] ^ x[39]
x[282] = x[282] ^ x[224]
x[273] = x[273] ^ x[241]
x[306] = x[306] ^ x[176]
x[262] = x[262] ^ x[214]
x[317] = x[317] ^ x[212]
x[296] = x[296] ^ x[237]
x[289] = x[289] ^ x[236]
x[261] = x[261] ^ x[163]
x[312] = x[312] ^ x[221]
x[281] = x[281] ^ x[225]
x[266] = x[266] ^ x[234]
x[260] = x[260] ^ x[178]
x[299] = x[299] ^ x[239]
x[288] = x[288] ^ x[226]
x[290] = x[290] ^ x[230]
x[269] = x[269] ^ x[181]
x[264] = x[264] ^ x[211]
x[258] = x[258] ^ x[203]
x[324] = x[324] ^ x[168]
x[256] = x[256] ^ x[200]
x[292] = x[292] ^ x[170]
x[298] = x[298] ^ x[231]
x[295] = x[295] ^ x[187]
x[280] = x[280] ^ x[193]
x[279] = x[279] ^ x[205]
x[275] = x[275] ^ x[182]
x[252] = x[252] ^ x[192]
x[251] = x[251] ^ x[197]
x[247] = x[247] ^ x[188]
x[249] = x[249] ^ x[186]
x[245] = x[245] ^ x[189]
x[243] = x[243] ^ x[195]
x[274] = x[274] ^ x[171]
x[272] = x[272] ^ x[167]
x[270] = x[270] ^ x[169]
x[267] = x[267] ^ x[180]
x[263] = x[263] ^ x[185]
x[254] = x[254] ^ x[175]
x[283] = x[283] ^ x[179]
x[277] = x[277] ^ x[165]
x[313] = x[313] ^ x[162]
x[303] = x[303] ^ x[206]
x[297] = x[297] ^ x[183]
x[293] = x[293] ^ x[242]
x[285] = x[285] ^ x[198]
x[253] = x[253] ^ x[229]
x[246] = x[246] ^ x[204]
x[307] = x[307] ^ x[213]
x[294] = x[294] ^ x[209]
x[268] = x[268] ^ x[215]
x[257] = x[257] ^ x[194]
x[250] = x[250] ^ x[191]
x[287] = x[287] ^ x[184]
x[138] = x[138] ^ x[17]
x[319] = x[319] ^ x[223]
x[161] = x[161] ^ x[75]
x[119] = x[119] ^ x[69]
x[143] = x[143] ^ x[76]
x[160] = x[160] ^ x[62]
x[152] = x[152] ^ x[70]
x[150] = x[150] ^ x[77]
x[153] = x[153] ^ x[58]
x[151] = x[151] ^ x[72]
x[142] = x[142] ^ x[53]
x[139] = x[139] ^ x[66]
x[130] = x[130] ^ x[32]
x[134] = x[134] ^ x[63]
x[111] = x[111] ^ x[4]
x[88] = x[88] ^ x[44]
x[83] = x[83] ^ x[41]
x[81] = x[81] ^ x[28]
x[98] = x[98] ^ x[0]
x[158] = x[158] ^ x[8]
x[144] = x[144] ^ x[47]
x[140] = x[140] ^ x[43]
x[137] = x[137] ^ x[33]
x[133] = x[133] ^ x[9]
x[129] = x[129] ^ x[42]
x[127] = x[127] ^ x[21]
x[126] = x[126] ^ x[40]
x[123] = x[123] ^ x[24]
x[125] = x[125] ^ x[64]
x[122] = x[122] ^ x[25]
x[115] = x[115] ^ x[45]
x[121] = x[121] ^ x[12]
x[116] = x[116] ^ x[13]
x[118] = x[118] ^ x[1]
x[114] = x[114] ^ x[49]
x[117] = x[117] ^ x[29]
x[113] = x[113] ^ x[46]
x[112] = x[112] ^ x[50]
x[110] = x[110] ^ x[3]
x[107] = x[107] ^ x[11]
x[101] = x[101] ^ x[6]
x[109] = x[109] ^ x[5]
x[100] = x[100] ^ x[7]
x[96] = x[96] ^ x[16]
x[95] = x[95] ^ x[15]
x[97] = x[97] ^ x[67]
x[99] = x[99] ^ x[51]
x[93] = x[93] ^ x[19]
x[90] = x[90] ^ x[20]
x[87] = x[87] ^ x[22]
x[85] = x[85] ^ x[79]
x[82] = x[82] ^ x[26]
x[149] = x[149] ^ x[52]
x[106] = x[106] ^ x[48]
x[323] = x[323] ^ x[162]
x[136] = x[136] ^ x[35]
x[132] = x[132] ^ x[59]
x[131] = x[131] ^ x[36]
x[135] = x[135] ^ x[60]
x[102] = x[102] ^ x[38]
x[84] = x[84] ^ x[34]
x[308] = x[308] ^ x[217]
x[259] = x[259] ^ x[199]
x[282] = x[282] ^ x[227]
x[284] = x[284] ^ x[240]
x[271] = x[271] ^ x[174]
x[265] = x[265] ^ x[164]
x[262] = x[262] ^ x[172]
x[316] = x[316] ^ x[210]
x[320] = x[320] ^ x[190]
x[305] = x[305] ^ x[218]
x[304] = x[304] ^ x[212]
x[296] = x[296] ^ x[238]
x[300] = x[300] ^ x[224]
x[286] = x[286] ^ x[168]
x[273] = x[273] ^ x[236]
x[261] = x[261] ^ x[219]
x[317] = x[317] ^ x[220]
x[311] = x[311] ^ x[237]
x[306] = x[306] ^ x[163]
x[291] = x[291] ^ x[179]
x[289] = x[289] ^ x[196]
x[281] = x[281] ^ x[176]
x[278] = x[278] ^ x[178]
x[266] = x[266] ^ x[221]
x[260] = x[260] ^ x[166]
x[290] = x[290] ^ x[226]
x[264] = x[264] ^ x[181]
x[302] = x[302] ^ x[207]
x[258] = x[258] ^ x[209]
x[314] = x[314] ^ x[222]
x[309] = x[309] ^ x[216]
x[312] = x[312] ^ x[192]
x[299] = x[299] ^ x[235]
x[298] = x[298] ^ x[228]
x[276] = x[276] ^ x[186]
x[244] = x[244] ^ x[193]
x[247] = x[247] ^ x[189]
x[245] = x[245] ^ x[182]
x[243] = x[243] ^ x[197]
x[288] = x[288] ^ x[187]
x[272] = x[272] ^ x[171]
x[270] = x[270] ^ x[175]
x[254] = x[254] ^ x[170]
x[248] = x[248] ^ x[177]
x[315] = x[315] ^ x[165]
x[283] = x[283] ^ x[184]
x[277] = x[277] ^ x[208]
x[313] = x[313] ^ x[233]
x[255] = x[255] ^ x[215]
x[293] = x[293] ^ x[183]
x[253] = x[253] ^ x[188]
x[246] = x[246] ^ x[198]
x[307] = x[307] ^ x[205]
x[294] = x[294] ^ x[200]
x[268] = x[268] ^ x[206]
x[257] = x[257] ^ x[185]
x[250] = x[250] ^ x[180]
x[138] = x[138] ^ x[20]
x[318] = x[318] ^ x[175]
x[156] = x[156] ^ x[1]
x[321] = x[321] ^ x[230]
x[119] = x[119] ^ x[10]
x[124] = x[124] ^ x[23]
x[108] = x[108] ^ x[55]
x[104] = x[104] ^ x[74]
x[105] = x[105] ^ x[2]
x[94] = x[94] ^ x[18]
x[103] = x[103] ^ x[31]
x[310] = x[310] ^ x[185]
x[151] = x[151] ^ x[70]
x[147] = x[147] ^ x[41]
x[146] = x[146] ^ x[77]
x[143] = x[143] ^ x[53]
x[139] = x[139] ^ x[58]
x[130] = x[130] ^ x[57]
x[128] = x[128] ^ x[66]
x[111] = x[111] ^ x[65]
x[88] = x[88] ^ x[28]
x[98] = x[98] ^ x[69]
x[158] = x[158] ^ x[79]
x[150] = x[150] ^ x[63]
x[154] = x[154] ^ x[51]
x[144] = x[144] ^ x[45]
x[141] = x[141] ^ x[47]
x[140] = x[140] ^ x[30]
x[137] = x[137] ^ x[43]
x[129] = x[129] ^ x[9]
x[127] = x[127] ^ x[56]
x[126] = x[126] ^ x[39]
x[125] = x[125] ^ x[67]
x[115] = x[115] ^ x[33]
x[121] = x[121] ^ x[62]
x[120] = x[120] ^ x[22]
x[118] = x[118] ^ x[27]
x[113] = x[113] ^ x[44]
x[112] = x[112] ^ x[46]
x[107] = x[107] ^ x[3]
x[101] = x[101] ^ x[24]
x[109] = x[109] ^ x[42]
x[100] = x[100] ^ x[13]
x[96] = x[96] ^ x[40]
x[95] = x[95] ^ x[6]
x[97] = x[97] ^ x[16]
x[99] = x[99] ^ x[0]
x[92] = x[92] ^ x[14]
x[93] = x[93] ^ x[21]
x[90] = x[90] ^ x[7]
x[87] = x[87] ^ x[15]
x[83] = x[83] ^ x[37]
x[91] = x[91] ^ x[25]
x[85] = x[85] ^ x[49]
x[81] = x[81] ^ x[19]
x[82] = x[82] ^ x[29]
x[142] = x[142] ^ x[68]
x[145] = x[145] ^ x[75]
x[149] = x[149] ^ x[48]
x[301] = x[301] ^ x[208]
x[131] = x[131] ^ x[35]
x[135] = x[135] ^ x[59]
x[102] = x[102] ^ x[8]
x[84] = x[84] ^ x[26]
x[259] = x[259] ^ x[194]
x[284] = x[284] ^ x[216]
x[296] = x[296] ^ x[224]
x[300] = x[300] ^ x[190]
x[295] = x[295] ^ x[219]
x[282] = x[282] ^ x[168]
x[249] = x[249] ^ x[174]
x[311] = x[311] ^ x[240]
x[304] = x[304] ^ x[202]
x[291] = x[291] ^ x[223]
x[286] = x[286] ^ x[225]
x[280] = x[280] ^ x[217]
x[281] = x[281] ^ x[178]
x[279] = x[279] ^ x[176]
x[274] = x[274] ^ x[218]
x[269] = x[269] ^ x[201]
x[266] = x[266] ^ x[232]
x[271] = x[271] ^ x[169]
x[261] = x[261] ^ x[231]
x[267] = x[267] ^ x[173]
x[260] = x[260] ^ x[234]
x[262] = x[262] ^ x[167]
x[251] = x[251] ^ x[205]
x[264] = x[264] ^ x[236]
x[317] = x[317] ^ x[210]
x[258] = x[258] ^ x[199]
x[292] = x[292] ^ x[209]
x[305] = x[305] ^ x[229]
x[303] = x[303] ^ x[195]
x[285] = x[285] ^ x[227]
x[273] = x[273] ^ x[222]
x[314] = x[314] ^ x[220]
x[309] = x[309] ^ x[163]
x[297] = x[297] ^ x[239]
x[278] = x[278] ^ x[162]
x[275] = x[275] ^ x[204]
x[265] = x[265] ^ x[242]
x[298] = x[298] ^ x[192]
x[276] = x[276] ^ x[189]
x[243] = x[243] ^ x[193]
x[270] = x[270] ^ x[171]
x[245] = x[245] ^ x[177]
x[248] = x[248] ^ x[172]
x[287] = x[287] ^ x[170]
x[315] = x[315] ^ x[207]
x[283] = x[283] ^ x[187]
x[277] = x[277] ^ x[212]
x[313] = x[313] ^ x[214]
x[263] = x[263] ^ x[215]
x[299] = x[299] ^ x[188]
x[293] = x[293] ^ x[226]
x[246] = x[246] ^ x[197]
x[268] = x[268] ^ x[200]
x[307] = x[307] ^ x[241]
x[257] = x[257] ^ x[196]
x[250] = x[250] ^ x[182]
x[157] = x[157] ^ x[6]
x[89] = x[89] ^ x[37]
x[86] = x[86] ^ x[30]
x[161] = x[161] ^ x[80]
x[318] = x[318] ^ x[186]
x[319] = x[319] ^ x[178]
x[134] = x[134] ^ x[31]
x[138] = x[138] ^ x[4]
x[133] = x[133] ^ x[78]
x[116] = x[116] ^ x[54]
x[108] = x[108] ^ x[10]
x[117] = x[117] ^ x[11]
x[110] = x[110] ^ x[1]
x[104] = x[104] ^ x[32]
x[105] = x[105] ^ x[64]
x[94] = x[94] ^ x[5]
x[148] = x[148] ^ x[50]
x[123] = x[123] ^ x[17]
x[122] = x[122] ^ x[20]
x[119] = x[119] ^ x[73]
x[114] = x[114] ^ x[52]
x[103] = x[103] ^ x[12]
x[146] = x[146] ^ x[70]
x[130] = x[130] ^ x[58]
x[310] = x[310] ^ x[215]
x[98] = x[98] ^ x[2]
x[158] = x[158] ^ x[55]
x[150] = x[150] ^ x[61]
x[154] = x[154] ^ x[56]
x[153] = x[153] ^ x[63]
x[151] = x[151] ^ x[62]
x[144] = x[144] ^ x[67]
x[139] = x[139] ^ x[65]
x[140] = x[140] ^ x[44]
x[136] = x[136] ^ x[47]
x[137] = x[137] ^ x[60]
x[129] = x[129] ^ x[69]
x[128] = x[128] ^ x[33]
x[126] = x[126] ^ x[43]
x[121] = x[121] ^ x[57]
x[120] = x[120] ^ x[53]
x[118] = x[118] ^ x[13]
x[95] = x[95] ^ x[29]
x[99] = x[99] ^ x[42]
x[88] = x[88] ^ x[18]
x[90] = x[90] ^ x[16]
x[83] = x[83] ^ x[21]
x[85] = x[85] ^ x[46]
x[81] = x[81] ^ x[15]
x[142] = x[142] ^ x[75]
x[132] = x[132] ^ x[9]
x[112] = x[112] ^ x[14]
x[96] = x[96] ^ x[7]
x[91] = x[91] ^ x[23]
x[141] = x[141] ^ x[48]
x[301] = x[301] ^ x[233]
x[145] = x[145] ^ x[41]
x[131] = x[131] ^ x[59]
x[102] = x[102] ^ x[3]
x[84] = x[84] ^ x[24]
x[316] = x[316] ^ x[211]
x[259] = x[259] ^ x[200]
x[323] = x[323] ^ x[196]
x[302] = x[302] ^ x[208]
x[308] = x[308] ^ x[212]
x[252] = x[252] ^ x[191]
x[295] = x[295] ^ x[224]
x[282] = x[282] ^ x[174]
x[321] = x[321] ^ x[236]
x[306] = x[306] ^ x[213]
x[311] = x[311] ^ x[223]
x[312] = x[312] ^ x[173]
x[304] = x[304] ^ x[181]
x[296] = x[296] ^ x[232]
x[300] = x[300] ^ x[221]
x[291] = x[291] ^ x[201]
x[288] = x[288] ^ x[225]
x[290] = x[290] ^ x[187]
x[279] = x[279] ^ x[207]
x[269] = x[269] ^ x[168]
x[266] = x[266] ^ x[169]
x[244] = x[244] ^ x[194]
x[249] = x[249] ^ x[167]
x[271] = x[271] ^ x[164]
x[317] = x[317] ^ x[241]
x[255] = x[255] ^ x[199]
x[303] = x[303] ^ x[229]
x[292] = x[292] ^ x[190]
x[284] = x[284] ^ x[183]
x[273] = x[273] ^ x[227]
x[314] = x[314] ^ x[218]
x[309] = x[309] ^ x[237]
x[286] = x[286] ^ x[220]
x[280] = x[280] ^ x[165]
x[281] = x[281] ^ x[198]
x[278] = x[278] ^ x[176]
x[274] = x[274] ^ x[206]
x[272] = x[272] ^ x[204]
x[265] = x[265] ^ x[175]
x[261] = x[261] ^ x[162]
x[260] = x[260] ^ x[195]
x[262] = x[262] ^ x[205]
x[247] = x[247] ^ x[185]
x[243] = x[243] ^ x[189]
x[294] = x[294] ^ x[202]
x[324] = x[324] ^ x[177]
x[276] = x[276] ^ x[172]
x[283] = x[283] ^ x[216]
x[277] = x[277] ^ x[182]
x[315] = x[315] ^ x[226]
x[305] = x[305] ^ x[214]
x[263] = x[263] ^ x[203]
x[293] = x[293] ^ x[192]
x[246] = x[246] ^ x[188]
x[268] = x[268] ^ x[170]
x[307] = x[307] ^ x[239]
x[270] = x[270] ^ x[180]
x[257] = x[257] ^ x[193]
x[322] = x[322] ^ x[218]
x[155] = x[155] ^ x[75]
x[160] = x[160] ^ x[14]
x[156] = x[156] ^ x[71]
x[159] = x[159] ^ x[60]
x[124] = x[124] ^ x[55]
x[106] = x[106] ^ x[8]
x[89] = x[89] ^ x[26]
x[86] = x[86] ^ x[23]
x[111] = x[111] ^ x[41]
x[319] = x[319] ^ x[219]
x[138] = x[138] ^ x[78]
x[127] = x[127] ^ x[31]
x[116] = x[116] ^ x[10]
x[117] = x[117] ^ x[49]
x[110] = x[110] ^ x[64]
x[104] = x[104] ^ x[27]
x[107] = x[107] ^ x[38]
x[101] = x[101] ^ x[4]
x[97] = x[97] ^ x[6]
x[92] = x[92] ^ x[0]
x[93] = x[93] ^ x[5]
x[87] = x[87] ^ x[25]
x[82] = x[82] ^ x[22]
x[147] = x[147] ^ x[1]
x[148] = x[148] ^ x[54]
x[133] = x[133] ^ x[36]
x[123] = x[123] ^ x[52]
x[125] = x[125] ^ x[45]
x[122] = x[122] ^ x[50]
x[119] = x[119] ^ x[20]
x[108] = x[108] ^ x[12]
x[114] = x[114] ^ x[34]
x[109] = x[109] ^ x[39]
x[100] = x[100] ^ x[2]
x[158] = x[158] ^ x[61]
x[146] = x[146] ^ x[56]
x[139] = x[139] ^ x[53]
x[140] = x[140] ^ x[73]
x[137] = x[137] ^ x[44]
x[129] = x[129] ^ x[63]
x[130] = x[130] ^ x[62]
x[135] = x[135] ^ x[57]
x[126] = x[126] ^ x[28]
x[118] = x[118] ^ x[33]
x[99] = x[99] ^ x[37]
x[88] = x[88] ^ x[29]
x[90] = x[90] ^ x[15]
x[83] = x[83] ^ x[18]
x[85] = x[85] ^ x[48]
x[142] = x[142] ^ x[67]
x[153] = x[153] ^ x[9]
x[151] = x[151] ^ x[74]
x[144] = x[144] ^ x[68]
x[112] = x[112] ^ x[17]
x[95] = x[95] ^ x[7]
x[91] = x[91] ^ x[11]
x[141] = x[141] ^ x[80]
x[256] = x[256] ^ x[211]
x[320] = x[320] ^ x[172]
x[145] = x[145] ^ x[70]
x[131] = x[131] ^ x[58]
x[102] = x[102] ^ x[47]
x[84] = x[84] ^ x[21]
x[318] = x[318] ^ x[164]
x[254] = x[254] ^ x[166]
x[302] = x[302] ^ x[216]
x[289] = x[289] ^ x[210]
x[252] = x[252] ^ x[186]
x[251] = x[251] ^ x[180]
x[275] = x[275] ^ x[179]
x[264] = x[264] ^ x[209]
x[323] = x[323] ^ x[242]
x[297] = x[297] ^ x[191]
x[267] = x[267] ^ x[163]
x[311] = x[311] ^ x[238]
x[296] = x[296] ^ x[213]
x[298] = x[298] ^ x[194]
x[295] = x[295] ^ x[203]
x[290] = x[290] ^ x[222]
x[266] = x[266] ^ x[171]
x[249] = x[249] ^ x[173]
x[321] = x[321] ^ x[240]
x[271] = x[271] ^ x[168]
x[317] = x[317] ^ x[234]
x[255] = x[255] ^ x[202]
x[303] = x[303] ^ x[224]
x[284] = x[284] ^ x[174]
x[314] = x[314] ^ x[225]
x[301] = x[301] ^ x[204]
x[304] = x[304] ^ x[199]
x[299] = x[299] ^ x[229]
x[292] = x[292] ^ x[237]
x[291] = x[291] ^ x[220]
x[279] = x[279] ^ x[198]
x[273] = x[273] ^ x[165]
x[265] = x[265] ^ x[207]
x[260] = x[260] ^ x[181]
x[262] = x[262] ^ x[231]
x[259] = x[259] ^ x[162]
x[247] = x[247] ^ x[184]
x[245] = x[245] ^ x[178]
x[248] = x[248] ^ x[176]
x[250] = x[250] ^ x[177]
x[243] = x[243] ^ x[187]
x[276] = x[276] ^ x[215]
x[294] = x[294] ^ x[205]
x[283] = x[283] ^ x[212]
x[277] = x[277] ^ x[200]
x[300] = x[300] ^ x[226]
x[278] = x[278] ^ x[170]
x[274] = x[274] ^ x[214]
x[263] = x[263] ^ x[175]
x[293] = x[293] ^ x[217]
x[268] = x[268] ^ x[188]
x[307] = x[307] ^ x[227]
x[270] = x[270] ^ x[193]
x[160] = x[160] ^ x[71]
x[152] = x[152] ^ x[2]
x[134] = x[134] ^ x[28]
x[94] = x[94] ^ x[32]
x[149] = x[149] ^ x[80]
x[124] = x[124] ^ x[19]
x[105] = x[105] ^ x[51]
x[106] = x[106] ^ x[11]
x[103] = x[103] ^ x[3]
x[86] = x[86] ^ x[72]
x[157] = x[157] ^ x[55]
x[156] = x[156] ^ x[64]
x[117] = x[117] ^ x[27]
x[110] = x[110] ^ x[78]
x[111] = x[111] ^ x[26]
x[104] = x[104] ^ x[10]
x[107] = x[107] ^ x[31]
x[101] = x[101] ^ x[22]
x[92] = x[92] ^ x[5]
x[87] = x[87] ^ x[6]
x[136] = x[136] ^ x[60]
x[132] = x[132] ^ x[69]
x[127] = x[127] ^ x[36]
x[128] = x[128] ^ x[43]
x[121] = x[121] ^ x[20]
x[120] = x[120] ^ x[52]
x[116] = x[116] ^ x[38]
x[114] = x[114] ^ x[46]
x[93] = x[93] ^ x[0]
x[81] = x[81] ^ x[16]
x[119] = x[119] ^ x[39]
x[122] = x[122] ^ x[45]
x[108] = x[108] ^ x[13]
x[109] = x[109] ^ x[8]
x[96] = x[96] ^ x[35]
x[125] = x[125] ^ x[40]
x[98] = x[98] ^ x[37]
x[138] = x[138] ^ x[67]
x[140] = x[140] ^ x[53]
x[137] = x[137] ^ x[30]
x[129] = x[129] ^ x[59]
x[130] = x[130] ^ x[54]
x[135] = x[135] ^ x[56]
x[126] = x[126] ^ x[75]
x[85] = x[85] ^ x[33]
x[100] = x[100] ^ x[12]
x[88] = x[88] ^ x[25]
x[153] = x[153] ^ x[61]
x[144] = x[144] ^ x[49]
x[83] = x[83] ^ x[15]
x[147] = x[147] ^ x[57]
x[141] = x[141] ^ x[74]
x[95] = x[95] ^ x[23]
x[112] = x[112] ^ x[44]
x[91] = x[91] ^ x[7]
x[256] = x[256] ^ x[179]
x[320] = x[320] ^ x[240]
x[142] = x[142] ^ x[70]
x[145] = x[145] ^ x[58]
x[102] = x[102] ^ x[34]
x[84] = x[84] ^ x[18]
x[285] = x[285] ^ x[219]
x[253] = x[253] ^ x[178]
x[282] = x[282] ^ x[221]
x[308] = x[308] ^ x[216]
x[302] = x[302] ^ x[211]
x[254] = x[254] ^ x[164]
x[313] = x[313] ^ x[227]
x[281] = x[281] ^ x[210]
x[272] = x[272] ^ x[196]
x[269] = x[269] ^ x[197]
x[252] = x[252] ^ x[183]
x[244] = x[244] ^ x[185]
x[286] = x[286] ^ x[208]
x[323] = x[323] ^ x[201]
x[297] = x[297] ^ x[195]
x[280] = x[280] ^ x[218]
x[261] = x[261] ^ x[169]
x[267] = x[267] ^ x[236]
x[258] = x[258] ^ x[191]
x[309] = x[309] ^ x[228]
x[296] = x[296] ^ x[212]
x[298] = x[298] ^ x[223]
x[321] = x[321] ^ x[235]
x[255] = x[255] ^ x[166]
x[251] = x[251] ^ x[182]
x[305] = x[305] ^ x[234]
x[303] = x[303] ^ x[205]
x[284] = x[284] ^ x[190]
x[246] = x[246] ^ x[189]
x[275] = x[275] ^ x[239]
x[292] = x[292] ^ x[213]
x[265] = x[265] ^ x[171]
x[262] = x[262] ^ x[199]
x[259] = x[259] ^ x[181]
x[248] = x[248] ^ x[173]
x[290] = x[290] ^ x[220]
x[295] = x[295] ^ x[207]
x[279] = x[279] ^ x[184]
x[271] = x[271] ^ x[224]
x[257] = x[257] ^ x[167]
x[243] = x[243] ^ x[186]
x[287] = x[287] ^ x[215]
x[283] = x[283] ^ x[209]
x[277] = x[277] ^ x[192]
x[311] = x[311] ^ x[226]
x[299] = x[299] ^ x[214]
x[278] = x[278] ^ x[165]
x[263] = x[263] ^ x[206]
x[268] = x[268] ^ x[204]
x[245] = x[245] ^ x[175]
x[307] = x[307] ^ x[217]
x[293] = x[293] ^ x[225]
x[270] = x[270] ^ x[177]
x[322] = x[322] ^ x[211]
x[161] = x[161] ^ x[18]
x[159] = x[159] ^ x[76]
x[143] = x[143] ^ x[66]
x[115] = x[115] ^ x[40]
x[113] = x[113] ^ x[17]
x[89] = x[89] ^ x[24]
x[155] = x[155] ^ x[77]
x[134] = x[134] ^ x[58]
x[94] = x[94] ^ x[30]
x[82] = x[82] ^ x[25]
x[150] = x[150] ^ x[49]
x[149] = x[149] ^ x[51]
x[124] = x[124] ^ x[50]
x[106] = x[106] ^ x[42]
x[133] = x[133] ^ x[47]
x[123] = x[123] ^ x[54]
x[86] = x[86] ^ x[19]
x[148] = x[148] ^ x[72]
x[97] = x[97] ^ x[2]
x[158] = x[158] ^ x[6]
x[110] = x[110] ^ x[29]
x[111] = x[111] ^ x[27]
x[101] = x[101] ^ x[1]
x[99] = x[99] ^ x[3]
x[87] = x[87] ^ x[80]
x[118] = x[118] ^ x[45]
x[107] = x[107] ^ x[10]
x[316] = x[316] ^ x[163]
x[156] = x[156] ^ x[60]
x[146] = x[146] ^ x[71]
x[127] = x[127] ^ x[62]
x[116] = x[116] ^ x[20]
x[93] = x[93] ^ x[11]
x[128] = x[128] ^ x[32]
x[139] = x[139] ^ x[46]
x[122] = x[122] ^ x[35]
x[109] = x[109] ^ x[34]
x[81] = x[81] ^ x[13]
x[125] = x[125] ^ x[39]
x[138] = x[138] ^ x[52]
x[151] = x[151] ^ x[55]
x[137] = x[137] ^ x[53]
x[129] = x[129] ^ x[57]
x[131] = x[131] ^ x[44]
x[130] = x[130] ^ x[56]
x[126] = x[126] ^ x[64]
x[85] = x[85] ^ x[31]
x[88] = x[88] ^ x[5]
x[98] = x[98] ^ x[4]
x[144] = x[144] ^ x[61]
x[141] = x[141] ^ x[73]
x[91] = x[91] ^ x[15]
x[288] = x[288] ^ x[217]
x[320] = x[320] ^ x[235]
x[142] = x[142] ^ x[59]
x[145] = x[145] ^ x[69]
x[102] = x[102] ^ x[28]
x[84] = x[84] ^ x[0]
x[95] = x[95] ^ x[12]
x[306] = x[306] ^ x[242]
x[266] = x[266] ^ x[222]
x[308] = x[308] ^ x[221]
x[302] = x[302] ^ x[234]
x[256] = x[256] ^ x[194]
x[317] = x[317] ^ x[219]
x[324] = x[324] ^ x[164]
x[318] = x[318] ^ x[173]
x[315] = x[315] ^ x[233]
x[301] = x[301] ^ x[225]
x[282] = x[282] ^ x[198]
x[281] = x[281] ^ x[183]
x[247] = x[247] ^ x[180]
x[313] = x[313] ^ x[197]
x[250] = x[250] ^ x[179]
x[297] = x[297] ^ x[203]
x[291] = x[291] ^ x[192]
x[261] = x[261] ^ x[168]
x[267] = x[267] ^ x[191]
x[252] = x[252] ^ x[178]
x[304] = x[304] ^ x[237]
x[309] = x[309] ^ x[165]
x[273] = x[273] ^ x[176]
x[321] = x[321] ^ x[229]
x[280] = x[280] ^ x[210]
x[272] = x[272] ^ x[170]
x[264] = x[264] ^ x[188]
x[251] = x[251] ^ x[162]
x[284] = x[284] ^ x[202]
x[246] = x[246] ^ x[185]
x[289] = x[289] ^ x[212]
x[323] = x[323] ^ x[239]
x[305] = x[305] ^ x[232]
x[262] = x[262] ^ x[171]
x[295] = x[295] ^ x[218]
x[292] = x[292] ^ x[216]
x[244] = x[244] ^ x[186]
x[303] = x[303] ^ x[208]
x[257] = x[257] ^ x[189]
x[243] = x[243] ^ x[181]
x[283] = x[283] ^ x[205]
x[277] = x[277] ^ x[215]
x[274] = x[274] ^ x[204]
x[296] = x[296] ^ x[214]
x[298] = x[298] ^ x[226]
x[248] = x[248] ^ x[166]
x[245] = x[245] ^ x[174]
x[307] = x[307] ^ x[220]
x[271] = x[271] ^ x[209]
x[293] = x[293] ^ x[206]
x[278] = x[278] ^ x[238]
x[270] = x[270] ^ x[184]
x[143] = x[143] ^ x[70]
x[115] = x[115] ^ x[32]
x[310] = x[310] ^ x[164]
x[113] = x[113] ^ x[23]
x[105] = x[105] ^ x[34]
x[89] = x[89] ^ x[21]
x[104] = x[104] ^ x[4]
x[90] = x[90] ^ x[5]
x[94] = x[94] ^ x[24]
x[132] = x[132] ^ x[51]
x[134] = x[134] ^ x[42]
x[119] = x[119] ^ x[26]
x[120] = x[120] ^ x[48]
x[150] = x[150] ^ x[76]
x[136] = x[136] ^ x[41]
x[133] = x[133] ^ x[73]
x[108] = x[108] ^ x[36]
x[106] = x[106] ^ x[28]
x[86] = x[86] ^ x[0]
x[82] = x[82] ^ x[18]
x[154] = x[154] ^ x[14]
x[92] = x[92] ^ x[66]
x[124] = x[124] ^ x[9]
x[158] = x[158] ^ x[46]
x[87] = x[87] ^ x[7]
x[100] = x[100] ^ x[16]
x[118] = x[118] ^ x[25]
x[99] = x[99] ^ x[1]
x[97] = x[97] ^ x[77]
x[153] = x[153] ^ x[59]
x[148] = x[148] ^ x[71]
x[110] = x[110] ^ x[20]
x[83] = x[83] ^ x[11]
x[96] = x[96] ^ x[12]
x[135] = x[135] ^ x[54]
x[128] = x[128] ^ x[63]
x[125] = x[125] ^ x[33]
x[109] = x[109] ^ x[10]
x[122] = x[122] ^ x[43]
x[322] = x[322] ^ x[167]
x[127] = x[127] ^ x[52]
x[129] = x[129] ^ x[55]
x[131] = x[131] ^ x[53]
x[130] = x[130] ^ x[44]
x[126] = x[126] ^ x[62]
x[85] = x[85] ^ x[37]
x[88] = x[88] ^ x[2]
x[98] = x[98] ^ x[8]
x[144] = x[144] ^ x[50]
x[141] = x[141] ^ x[57]
x[91] = x[91] ^ x[13]
x[285] = x[285] ^ x[190]
x[254] = x[254] ^ x[163]
x[320] = x[320] ^ x[230]
x[142] = x[142] ^ x[65]
x[145] = x[145] ^ x[60]
x[102] = x[102] ^ x[27]
x[84] = x[84] ^ x[3]
x[95] = x[95] ^ x[19]
x[260] = x[260] ^ x[196]
x[306] = x[306] ^ x[240]
x[269] = x[269] ^ x[174]
x[258] = x[258] ^ x[172]
x[276] = x[276] ^ x[195]
x[288] = x[288] ^ x[201]
x[300] = x[300] ^ x[219]
x[314] = x[314] ^ x[227]
x[301] = x[301] ^ x[236]
x[282] = x[282] ^ x[179]
x[281] = x[281] ^ x[184]
x[265] = x[265] ^ x[203]
x[267] = x[267] ^ x[168]
x[247] = x[247] ^ x[178]
x[313] = x[313] ^ x[241]
x[304] = x[304] ^ x[233]
x[291] = x[291] ^ x[221]
x[321] = x[321] ^ x[242]
x[273] = x[273] ^ x[194]
x[315] = x[315] ^ x[211]
x[280] = x[280] ^ x[213]
x[324] = x[324] ^ x[224]
x[272] = x[272] ^ x[173]
x[264] = x[264] ^ x[169]
x[284] = x[284] ^ x[208]
x[246] = x[246] ^ x[180]
x[268] = x[268] ^ x[183]
x[251] = x[251] ^ x[181]
x[289] = x[289] ^ x[202]
x[266] = x[266] ^ x[217]
x[305] = x[305] ^ x[223]
x[323] = x[323] ^ x[231]
x[275] = x[275] ^ x[177]
x[299] = x[299] ^ x[232]
x[302] = x[302] ^ x[212]
x[292] = x[292] ^ x[222]
x[244] = x[244] ^ x[187]
x[257] = x[257] ^ x[186]
x[283] = x[283] ^ x[206]
x[277] = x[277] ^ x[197]
x[274] = x[274] ^ x[199]
x[296] = x[296] ^ x[205]
x[309] = x[309] ^ x[226]
x[295] = x[295] ^ x[220]
x[308] = x[308] ^ x[166]
x[245] = x[245] ^ x[171]
x[287] = x[287] ^ x[209]
x[270] = x[270] ^ x[182]
x[278] = x[278] ^ x[198]
x[103] = x[103] ^ x[14]
x[319] = x[319] ^ x[229]
x[161] = x[161] ^ x[1]
x[155] = x[155] ^ x[55]
x[143] = x[143] ^ x[64]
x[115] = x[115] ^ x[31]
x[149] = x[149] ^ x[63]
x[121] = x[121] ^ x[50]
x[114] = x[114] ^ x[38]
x[123] = x[123] ^ x[40]
x[113] = x[113] ^ x[37]
x[104] = x[104] ^ x[17]
x[101] = x[101] ^ x[29]
x[90] = x[90] ^ x[3]
x[111] = x[111] ^ x[24]
x[107] = x[107] ^ x[30]
x[134] = x[134] ^ x[32]
x[116] = x[116] ^ x[48]
x[157] = x[157] ^ x[80]
x[150] = x[150] ^ x[60]
x[147] = x[147] ^ x[67]
x[108] = x[108] ^ x[21]
x[93] = x[93] ^ x[2]
x[120] = x[120] ^ x[39]
x[106] = x[106] ^ x[19]
x[86] = x[86] ^ x[66]
x[81] = x[81] ^ x[6]
x[154] = x[154] ^ x[78]
x[140] = x[140] ^ x[51]
x[92] = x[92] ^ x[35]
x[133] = x[133] ^ x[69]
x[112] = x[112] ^ x[41]
x[82] = x[82] ^ x[8]
x[156] = x[156] ^ x[76]
x[138] = x[138] ^ x[45]
x[158] = x[158] ^ x[75]
x[99] = x[99] ^ x[7]
x[97] = x[97] ^ x[23]
x[151] = x[151] ^ x[65]
x[110] = x[110] ^ x[27]
x[96] = x[96] ^ x[4]
x[153] = x[153] ^ x[71]
x[137] = x[137] ^ x[54]
x[128] = x[128] ^ x[56]
x[118] = x[118] ^ x[26]
x[100] = x[100] ^ x[9]
x[125] = x[125] ^ x[34]
x[129] = x[129] ^ x[46]
x[131] = x[131] ^ x[49]
x[126] = x[126] ^ x[57]
x[85] = x[85] ^ x[18]
x[83] = x[83] ^ x[16]
x[130] = x[130] ^ x[47]
x[88] = x[88] ^ x[13]
x[98] = x[98] ^ x[22]
x[122] = x[122] ^ x[52]
x[285] = x[285] ^ x[208]
x[249] = x[249] ^ x[169]
x[286] = x[286] ^ x[218]
x[294] = x[294] ^ x[228]
x[322] = x[322] ^ x[163]
x[320] = x[320] ^ x[241]
x[102] = x[102] ^ x[142]
x[145] = x[145] ^ x[84]
x[144] = x[144] ^ x[70]
x[95] = x[95] ^ x[10]
x[290] = x[290] ^ x[201]
x[297] = x[297] ^ x[237]
x[279] = x[279] ^ x[182]
x[260] = x[260] ^ x[193]
x[254] = x[254] ^ x[240]
x[269] = x[269] ^ x[183]
x[261] = x[261] ^ x[180]
x[250] = x[250] ^ x[164]
x[255] = x[255] ^ x[185]
x[263] = x[263] ^ x[196]
x[256] = x[256] ^ x[175]
x[259] = x[259] ^ x[192]
x[267] = x[267] ^ x[178]
x[262] = x[262] ^ x[165]
x[314] = x[314] ^ x[210]
x[313] = x[313] ^ x[225]
x[317] = x[317] ^ x[233]
x[281] = x[281] ^ x[191]
x[243] = x[243] ^ x[171]
x[273] = x[273] ^ x[207]
x[247] = x[247] ^ x[176]
x[324] = x[324] ^ x[239]
x[288] = x[288] ^ x[211]
x[301] = x[301] ^ x[214]
x[264] = x[264] ^ x[173]
x[284] = x[284] ^ x[187]
x[246] = x[246] ^ x[179]
x[289] = x[289] ^ x[195]
x[311] = x[311] ^ x[215]
x[298] = x[298] ^ x[200]
x[303] = x[303] ^ x[223]
x[293] = x[293] ^ x[203]
x[291] = x[291] ^ x[217]
x[251] = x[251] ^ x[172]
x[321] = x[321] ^ x[238]
x[302] = x[302] ^ x[222]
x[276] = x[276] ^ x[232]
x[271] = x[271] ^ x[194]
x[265] = x[265] ^ x[177]
x[266] = x[266] ^ x[213]
x[283] = x[283] ^ x[268]
x[307] = x[307] ^ x[277]
x[300] = x[300] ^ x[206]
x[274] = x[274] ^ x[197]
x[323] = x[323] ^ x[190]
x[296] = x[296] ^ x[216]
x[295] = x[295] ^ x[202]
x[309] = x[309] ^ x[219]
x[245] = x[245] ^ x[166]
x[287] = x[287] ^ x[198]
x[270] = x[270] ^ x[186]
x[152] = x[152] ^ x[66]
x[103] = x[103] ^ x[22]
x[105] = x[105] ^ x[19]
x[89] = x[89] ^ x[17]
x[155] = x[155] ^ x[65]
x[115] = x[115] ^ x[27]
x[143] = x[143] ^ x[50]
x[132] = x[132] ^ x[49]
x[149] = x[149] ^ x[75]
x[146] = x[146] ^ x[72]
x[139] = x[139] ^ x[68]
x[119] = x[119] ^ x[40]
x[114] = x[114] ^ x[47]
x[121] = x[121] ^ x[36]
x[312] = x[312] ^ x[233]
x[104] = x[104] ^ x[21]
x[94] = x[94] ^ x[16]
x[107] = x[107] ^ x[29]
x[87] = x[87] ^ x[3]
x[113] = x[113] ^ x[38]
x[134] = x[134] ^ x[48]
x[150] = x[150] ^ x[74]
x[148] = x[148] ^ x[67]
x[109] = x[109] ^ x[31]
x[86] = x[86] ^ x[14]
x[154] = x[154] ^ x[76]
x[135] = x[135] ^ x[51]
x[92] = x[92] ^ x[24]
x[93] = x[93] ^ x[6]
x[133] = x[133] ^ x[58]
x[82] = x[82] ^ x[1]
x[253] = x[253] ^ x[186]
x[138] = x[138] ^ x[70]
x[127] = x[127] ^ x[41]
x[158] = x[158] ^ x[80]
x[99] = x[99] ^ x[25]
x[106] = x[106] ^ x[23]
x[151] = x[151] ^ x[71]
x[137] = x[137] ^ x[56]
x[128] = x[128] ^ x[53]
x[118] = x[118] ^ x[39]
x[153] = x[153] ^ x[15]
x[125] = x[125] ^ x[42]
x[141] = x[141] ^ x[64]
x[110] = x[110] ^ x[26]
x[91] = x[91] ^ x[5]
x[129] = x[129] ^ x[85]
x[83] = x[83] ^ x[4]
x[130] = x[130] ^ x[126]
x[98] = x[98] ^ x[9]
x[122] = x[122] ^ x[44]
x[252] = x[252] ^ x[167]
x[285] = x[285] ^ x[207]
x[316] = x[316] ^ x[220]
x[142] = x[142] ^ x[131]
x[145] = x[145] ^ x[88]
x[95] = x[95] ^ x[144]
x[306] = x[306] ^ x[227]
x[290] = x[290] ^ x[219]
x[258] = x[258] ^ x[188]
x[297] = x[297] ^ x[240]
x[254] = x[254] ^ x[241]
x[249] = x[249] ^ x[162]
x[269] = x[269] ^ x[189]
x[250] = x[250] ^ x[163]
x[315] = x[315] ^ x[229]
x[275] = x[275] ^ x[176]
x[260] = x[260] ^ x[175]
x[256] = x[256] ^ x[169]
x[244] = x[244] ^ x[183]
x[305] = x[305] ^ x[221]
x[279] = x[279] ^ x[202]
x[261] = x[261] ^ x[174]
x[257] = x[257] ^ x[178]
x[320] = x[320] ^ x[239]
x[263] = x[263] ^ x[179]
x[301] = x[301] ^ x[234]
x[284] = x[284] ^ x[205]
x[246] = x[246] ^ x[173]
x[289] = x[289] ^ x[204]
x[304] = x[304] ^ x[215]
x[314] = x[314] ^ x[238]
x[299] = x[299] ^ x[199]
x[294] = x[294] ^ x[226]
x[293] = x[293] ^ x[213]
x[251] = x[251] ^ x[164]
x[292] = x[292] ^ x[195]
x[281] = x[281] ^ x[209]
x[264] = x[264] ^ x[200]
x[317] = x[317] ^ x[237]
x[308] = x[308] ^ x[232]
x[291] = x[291] ^ x[218]
x[278] = x[278] ^ x[191]
x[302] = x[302] ^ x[217]
x[273] = x[273] ^ x[185]
x[265] = x[265] ^ x[170]
x[271] = x[271] ^ x[192]
x[313] = x[313] ^ x[223]
x[307] = x[307] ^ x[268]
x[259] = x[259] ^ x[190]
x[323] = x[323] ^ x[165]
x[300] = x[300] ^ x[211]
x[296] = x[296] ^ x[208]
x[295] = x[295] ^ x[214]
x[309] = x[309] ^ x[222]
x[274] = x[274] ^ x[194]
x[243] = x[243] ^ x[166]
x[262] = x[262] ^ x[198]
x[270] = x[270] ^ x[324]
x[160] = x[160] ^ x[30]
x[159] = x[159] ^ x[65]
x[161] = x[161] ^ x[69]
x[117] = x[117] ^ x[43]
x[103] = x[103] ^ x[26]
x[89] = x[89] ^ x[14]
x[310] = x[310] ^ x[197]
x[136] = x[136] ^ x[62]
x[124] = x[124] ^ x[28]
x[111] = x[111] ^ x[25]
x[149] = x[149] ^ x[60]
x[143] = x[143] ^ x[49]
x[146] = x[146] ^ x[64]
x[90] = x[90] ^ x[73]
x[147] = x[147] ^ x[72]
x[155] = x[155] ^ x[68]
x[139] = x[139] ^ x[63]
x[120] = x[120] ^ x[35]
x[132] = x[132] ^ x[47]
x[108] = x[108] ^ x[39]
x[121] = x[121] ^ x[32]
x[114] = x[114] ^ x[22]
x[116] = x[116] ^ x[33]
x[112] = x[112] ^ x[36]
x[156] = x[156] ^ x[78]
x[104] = x[104] ^ x[29]
x[96] = x[96] ^ x[17]
x[113] = x[113] ^ x[40]
x[81] = x[81] ^ x[4]
x[100] = x[100] ^ x[8]
x[154] = x[154] ^ x[74]
x[93] = x[93] ^ x[7]
x[133] = x[133] ^ x[54]
x[87] = x[87] ^ x[9]
x[150] = x[150] ^ x[67]
x[82] = x[82] ^ x[0]
x[312] = x[312] ^ x[242]
x[127] = x[127] ^ x[48]
x[3] = x[3] ^ x[80]
x[27] = x[27] ^ x[21]
x[319] = x[319] ^ x[222]
x[97] = x[97] ^ x[18]
x[109] = x[109] ^ x[19]
x[138] = x[138] ^ x[51]
x[106] = x[106] ^ x[20]
x[92] = x[92] ^ x[16]
x[86] = x[86] ^ x[12]
x[128] = x[128] ^ x[137]
x[153] = x[153] ^ x[125]
x[91] = x[91] ^ x[141]
x[99] = x[99] ^ x[110]
x[253] = x[253] ^ x[166]
x[129] = x[129] ^ x[85]
x[151] = x[151] ^ x[83]
x[130] = x[130] ^ x[118]
x[98] = x[98] ^ x[11]
x[122] = x[122] ^ x[126]
x[285] = x[285] ^ x[218]
x[322] = x[322] ^ x[224]
x[252] = x[252] ^ x[170]
x[142] = x[142] ^ x[144]
x[145] = x[145] ^ x[152]
x[255] = x[255] ^ x[190]
x[306] = x[306] ^ x[237]
x[258] = x[258] ^ x[185]
x[297] = x[297] ^ x[229]
x[248] = x[248] ^ x[162]
x[254] = x[254] ^ x[168]
x[250] = x[250] ^ x[181]
x[316] = x[316] ^ x[231]
x[288] = x[288] ^ x[204]
x[290] = x[290] ^ x[214]
x[311] = x[311] ^ x[210]
x[282] = x[282] ^ x[187]
x[260] = x[260] ^ x[180]
x[256] = x[256] ^ x[188]
x[267] = x[267] ^ x[183]
x[275] = x[275] ^ x[193]
x[272] = x[272] ^ x[182]
x[261] = x[261] ^ x[189]
x[247] = x[247] ^ x[175]
x[244] = x[244] ^ x[176]
x[257] = x[257] ^ x[174]
x[266] = x[266] ^ x[177]
x[263] = x[263] ^ x[173]
x[301] = x[301] ^ x[227]
x[321] = x[321] ^ x[284]
x[289] = x[289] ^ x[201]
x[299] = x[299] ^ x[221]
x[294] = x[294] ^ x[225]
x[283] = x[283] ^ x[277]
x[314] = x[314] ^ x[233]
x[251] = x[251] ^ x[167]
x[292] = x[292] ^ x[200]
x[281] = x[281] ^ x[202]
x[317] = x[317] ^ x[232]
x[308] = x[308] ^ x[223]
x[291] = x[291] ^ x[215]
x[245] = x[245] ^ x[163]
x[287] = x[287] ^ x[196]
x[298] = x[298] ^ x[213]
x[265] = x[265] ^ x[192]
x[239] = x[239] ^ x[234]
x[268] = x[268] ^ x[246]
x[293] = x[293] ^ x[323]
x[300] = x[300] ^ x[208]
x[259] = x[259] ^ x[169]
x[295] = x[295] ^ x[296]
x[278] = x[278] ^ x[194]
x[302] = x[302] ^ x[243]
x[273] = x[273] ^ x[198]
x[324] = x[324] ^ x[309]
x[160] = x[160] ^ x[79]
x[123] = x[123] ^ x[42]
x[159] = x[159] ^ x[0]
x[117] = x[117] ^ x[13]
x[103] = x[103] ^ x[10]
x[119] = x[119] ^ x[43]
x[115] = x[115] ^ x[30]
x[161] = x[161] ^ x[77]
x[94] = x[94] ^ x[12]
x[105] = x[105] ^ x[37]
x[146] = x[146] ^ x[73]
x[147] = x[147] ^ x[62]
x[155] = x[155] ^ x[69]
x[148] = x[148] ^ x[55]
x[149] = x[149] ^ x[68]
x[143] = x[143] ^ x[63]
x[124] = x[124] ^ x[45]
x[121] = x[121] ^ x[33]
x[108] = x[108] ^ x[35]
x[112] = x[112] ^ x[24]
x[114] = x[114] ^ x[32]
x[156] = x[156] ^ x[66]
x[25] = x[25] ^ x[29]
x[96] = x[96] ^ x[14]
x[120] = x[120] ^ x[40]
x[132] = x[132] ^ x[52]
x[113] = x[113] ^ x[34]
x[107] = x[107] ^ x[17]
x[150] = x[150] ^ x[131]
x[87] = x[87] ^ x[82]
x[312] = x[312] ^ x[234]
x[286] = x[286] ^ x[191]
x[48] = x[48] ^ x[72]
x[27] = x[27] ^ x[80]
x[97] = x[97] ^ x[8]
x[57] = x[57] ^ x[18]
x[51] = x[51] ^ x[71]
x[4] = x[4] ^ x[61]
x[93] = x[93] ^ x[86]
x[137] = x[137] ^ x[92]
x[153] = x[153] ^ x[91]
x[253] = x[253] ^ x[172]
x[109] = x[109] ^ x[85]
x[98] = x[98] ^ x[133]
x[151] = x[151] ^ x[154]
x[110] = x[110] ^ x[126]
x[285] = x[285] ^ x[228]
x[315] = x[315] ^ x[224]
x[269] = x[269] ^ x[184]
x[118] = x[118] ^ x[144]
x[152] = x[152] ^ x[106]
x[303] = x[303] ^ x[225]
x[255] = x[255] ^ x[167]
x[297] = x[297] ^ x[231]
x[248] = x[248] ^ x[165]
x[305] = x[305] ^ x[220]
x[249] = x[249] ^ x[168]
x[276] = x[276] ^ x[201]
x[279] = x[279] ^ x[196]
x[306] = x[306] ^ x[210]
x[256] = x[256] ^ x[180]
x[304] = x[304] ^ x[238]
x[275] = x[275] ^ x[186]
x[282] = x[282] ^ x[207]
x[261] = x[261] ^ x[177]
x[258] = x[258] ^ x[174]
x[260] = x[260] ^ x[182]
x[247] = x[247] ^ x[162]
x[272] = x[272] ^ x[193]
x[271] = x[271] ^ x[189]
x[183] = x[183] ^ x[178]
x[250] = x[250] ^ x[170]
x[313] = x[313] ^ x[235]
x[288] = x[288] ^ x[199]
x[321] = x[321] ^ x[301]
x[290] = x[290] ^ x[211]
x[263] = x[263] ^ x[187]
x[289] = x[289] ^ x[197]
x[311] = x[311] ^ x[227]
x[299] = x[299] ^ x[216]
x[200] = x[200] ^ x[202]
x[232] = x[232] ^ x[219]
x[291] = x[291] ^ x[308]
x[283] = x[283] ^ x[245]
x[318] = x[318] ^ x[166]
x[287] = x[287] ^ x[206]
x[192] = x[192] ^ x[213]
x[239] = x[239] ^ x[222]
x[268] = x[268] ^ x[309]
x[293] = x[293] ^ x[294]
x[259] = x[259] ^ x[171]
x[296] = x[296] ^ x[251]
x[300] = x[300] ^ x[212]
x[194] = x[194] ^ x[176]
x[277] = x[277] ^ x[302]
x[198] = x[198] ^ x[233]
x[79] = x[79] ^ x[74]
x[140] = x[140] ^ x[61]
x[159] = x[159] ^ x[15]
x[136] = x[136] ^ x[46]
x[89] = x[89] ^ x[5]
x[123] = x[123] ^ x[38]
x[135] = x[135] ^ x[50]
x[115] = x[115] ^ x[43]
x[90] = x[90] ^ x[6]
x[73] = x[73] ^ x[47]
x[94] = x[94] ^ x[22]
x[63] = x[63] ^ x[53]
x[119] = x[119] ^ x[45]
x[124] = x[124] ^ x[31]
x[146] = x[146] ^ x[112]
x[29] = x[29] ^ x[56]
x[319] = x[319] ^ x[195]
x[60] = x[60] ^ x[21]
x[105] = x[105] ^ x[20]
x[62] = x[62] ^ x[14]
x[120] = x[120] ^ x[155]
x[3] = x[3] ^ x[32]
x[10] = x[10] ^ x[55]
x[113] = x[113] ^ x[82]
x[280] = x[280] ^ x[203]
x[286] = x[286] ^ x[216]
x[83] = x[83] ^ x[149]
x[35] = x[35] ^ x[57]
x[77] = x[77] ^ x[18]
x[137] = x[137] ^ x[86]
x[93] = x[93] ^ x[88]
x[51] = x[51] ^ x[41]
x[8] = x[8] ^ x[13]
x[17] = x[17] ^ x[4]
x[131] = x[131] ^ x[156]
x[114] = x[114] ^ x[91]
x[253] = x[253] ^ x[164]
x[125] = x[125] ^ x[85]
x[33] = x[33] ^ x[48]
x[64] = x[64] ^ x[80]
x[98] = x[98] ^ x[148]
x[126] = x[126] ^ x[154]
x[254] = x[254] ^ x[181]
x[316] = x[316] ^ x[242]
x[106] = x[106] ^ x[128]
x[132] = x[132] ^ x[144]
x[244] = x[244] ^ x[175]
x[255] = x[255] ^ x[172]
x[285] = x[285] ^ x[209]
x[276] = x[276] ^ x[188]
x[264] = x[264] ^ x[184]
x[267] = x[267] ^ x[176]
x[306] = x[306] ^ x[233]
x[303] = x[303] ^ x[221]
x[249] = x[249] ^ x[163]
x[282] = x[282] ^ x[204]
x[262] = x[262] ^ x[178]
x[298] = x[298] ^ x[218]
x[248] = x[248] ^ x[234]
x[284] = x[284] ^ x[247]
x[274] = x[274] ^ x[193]
x[314] = x[314] ^ x[229]
x[304] = x[304] ^ x[224]
x[275] = x[275] ^ x[191]
x[174] = x[174] ^ x[189]
x[279] = x[279] ^ x[201]
x[170] = x[170] ^ x[235]
x[165] = x[165] ^ x[168]
x[321] = x[321] ^ x[256]
x[257] = x[257] ^ x[263]
x[297] = x[297] ^ x[323]
x[299] = x[299] ^ x[301]
x[258] = x[258] ^ x[169]
x[197] = x[197] ^ x[167]
x[291] = x[291] ^ x[308]
x[220] = x[220] ^ x[232]
x[227] = x[227] ^ x[225]
x[324] = x[324] ^ x[245]
x[318] = x[318] ^ x[217]
x[287] = x[287] ^ x[199]
x[239] = x[239] ^ x[179]
x[177] = x[177] ^ x[192]
x[311] = x[311] ^ x[228]
x[268] = x[268] ^ x[290]
x[251] = x[251] ^ x[260]
x[171] = x[171] ^ x[200]
x[202] = x[202] ^ x[212]
x[194] = x[194] ^ x[183]
x[302] = x[302] ^ x[294]
x[198] = x[198] ^ x[185]
x[101] = x[101] ^ x[11]
x[117] = x[117] ^ x[42]
x[139] = x[139] ^ x[61]
x[159] = x[159] ^ x[75]
x[89] = x[89] ^ x[1]
x[157] = x[157] ^ x[78]
x[116] = x[116] ^ x[36]
x[123] = x[123] ^ x[41]
x[100] = x[100] ^ x[76]
x[81] = x[81] ^ x[2]
x[24] = x[24] ^ x[59]
x[43] = x[43] ^ x[58]
x[134] = x[134] ^ x[38]
x[103] = x[103] ^ x[37]
x[6] = x[6] ^ x[13]
x[135] = x[135] ^ x[149]
x[52] = x[52] ^ x[47]
x[22] = x[22] ^ x[74]
x[34] = x[34] ^ x[53]
x[50] = x[50] ^ x[70]
x[119] = x[119] ^ x[160]
x[124] = x[124] ^ x[112]
x[63] = x[63] ^ x[40]
x[15] = x[15] ^ x[16]
x[29] = x[29] ^ x[80]
x[312] = x[312] ^ x[230]
x[20] = x[20] ^ x[19]
x[120] = x[120] ^ x[147]
x[9] = x[9] ^ x[3]
x[55] = x[55] ^ x[21]
x[49] = x[49] ^ x[14]
x[10] = x[10] ^ x[73]
x[105] = x[105] ^ x[30]
x[32] = x[32] ^ x[46]
x[82] = x[82] ^ x[108]
x[286] = x[286] ^ x[212]
x[280] = x[280] ^ x[211]
x[83] = x[83] ^ x[138]
x[35] = x[35] ^ x[12]
x[142] = x[142] ^ x[97]
x[86] = x[86] ^ x[93]
x[66] = x[66] ^ x[8]
x[18] = x[18] ^ x[69]
x[121] = x[121] ^ x[91]
x[252] = x[252] ^ x[162]
x[133] = x[133] ^ x[85]
x[17] = x[17] ^ x[48]
x[64] = x[64] ^ x[51]
x[156] = x[156] ^ x[154]
x[315] = x[315] ^ x[237]
x[266] = x[266] ^ x[195]
x[322] = x[322] ^ x[316]
x[305] = x[305] ^ x[219]
x[106] = x[106] ^ x[148]
x[87] = x[87] ^ x[144]
x[272] = x[272] ^ x[185]
x[255] = x[255] ^ x[179]
x[253] = x[253] ^ x[167]
x[188] = x[188] ^ x[203]
x[288] = x[288] ^ x[210]
x[261] = x[261] ^ x[306]
x[282] = x[282] ^ x[285]
x[273] = x[273] ^ x[262]
x[218] = x[218] ^ x[242]
x[289] = x[289] ^ x[207]
x[209] = x[209] ^ x[221]
x[249] = x[249] ^ x[164]
x[184] = x[184] ^ x[213]
x[275] = x[275] ^ x[313]
x[304] = x[304] ^ x[284]
x[254] = x[254] ^ x[323]
x[256] = x[256] ^ x[259]
x[309] = x[309] ^ x[257]
x[297] = x[297] ^ x[303]
x[293] = x[293] ^ x[246]
x[270] = x[270] ^ x[300]
x[205] = x[205] ^ x[197]
x[319] = x[319] ^ x[299]
x[189] = x[189] ^ x[225]
x[169] = x[169] ^ x[168]
x[181] = x[181] ^ x[220]
x[245] = x[245] ^ x[324]
x[217] = x[217] ^ x[201]
x[222] = x[222] ^ x[239]
x[287] = x[287] ^ x[247]
x[228] = x[228] ^ x[192]
x[176] = x[176] ^ x[177]
x[290] = x[290] ^ x[244]
x[248] = x[248] ^ x[251]
x[193] = x[193] ^ x[202]
x[238] = x[238] ^ x[171]
x[308] = x[308] ^ x[294]
x[183] = x[183] ^ x[229]
x[200] = x[200] ^ x[226]
x[198] = x[198] ^ x[170]
x[310] = x[310] ^ x[240]
x[117] = x[117] ^ x[28]
x[111] = x[111] ^ x[23]
x[0] = x[0] ^ x[26]
x[90] = x[90] ^ x[116]
x[67] = x[67] ^ x[45]
x[76] = x[76] ^ x[75]
x[1] = x[1] ^ x[59]
x[24] = x[24] ^ x[60]
x[74] = x[74] ^ x[61]
x[52] = x[52] ^ x[50]
x[53] = x[53] ^ x[43]
x[150] = x[150] ^ x[160]
x[40] = x[40] ^ x[63]
x[71] = x[71] ^ x[72]
x[103] = x[103] ^ x[155]
x[104] = x[104] ^ x[124]
x[47] = x[47] ^ x[14]
x[147] = x[147] ^ x[100]
x[20] = x[20] ^ x[41]
x[9] = x[9] ^ x[55]
x[49] = x[49] ^ x[79]
x[73] = x[73] ^ x[11]
x[120] = x[120] ^ x[145]
x[16] = x[16] ^ x[13]
x[36] = x[36] ^ x[21]
x[30] = x[30] ^ x[7]
x[127] = x[127] ^ x[149]
x[286] = x[286] ^ x[203]
x[83] = x[83] ^ x[81]
x[109] = x[109] ^ x[118]
x[80] = x[80] ^ x[39]
x[95] = x[95] ^ x[93]
x[142] = x[142] ^ x[157]
x[8] = x[8] ^ x[37]
x[19] = x[19] ^ x[35]
x[108] = x[108] ^ x[91]
x[312] = x[312] ^ x[226]
x[134] = x[134] ^ x[85]
x[64] = x[64] ^ x[18]
x[46] = x[46] ^ x[48]
x[133] = x[133] ^ x[154]
x[280] = x[280] ^ x[190]
x[252] = x[252] ^ x[172]
x[264] = x[264] ^ x[292]
x[144] = x[144] ^ x[125]
x[148] = x[148] ^ x[112]
x[253] = x[253] ^ x[168]
x[188] = x[188] ^ x[204]
x[174] = x[174] ^ x[216]
x[182] = x[182] ^ x[170]
x[272] = x[272] ^ x[314]
x[306] = x[306] ^ x[281]
x[262] = x[262] ^ x[244]
x[218] = x[218] ^ x[210]
x[263] = x[263] ^ x[255]
x[215] = x[215] ^ x[213]
x[164] = x[164] ^ x[207]
x[277] = x[277] ^ x[279]
x[243] = x[243] ^ x[304]
x[275] = x[275] ^ x[322]
x[249] = x[249] ^ x[289]
x[258] = x[258] ^ x[276]
x[318] = x[318] ^ x[233]
x[274] = x[274] ^ x[282]
x[313] = x[313] ^ x[278]
x[254] = x[254] ^ x[250]
x[256] = x[256] ^ x[247]
x[297] = x[297] ^ x[271]
x[257] = x[257] ^ x[261]
x[300] = x[300] ^ x[266]
x[205] = x[205] ^ x[175]
x[180] = x[180] ^ x[169]
x[273] = x[273] ^ x[259]
x[225] = x[225] ^ x[185]
x[315] = x[315] ^ x[293]
x[217] = x[217] ^ x[177]
x[179] = x[179] ^ x[239]
x[309] = x[309] ^ x[284]
x[219] = x[219] ^ x[197]
x[290] = x[290] ^ x[323]
x[224] = x[224] ^ x[238]
x[202] = x[202] ^ x[236]
x[221] = x[221] ^ x[193]
x[299] = x[299] ^ x[294]
x[229] = x[229] ^ x[192]
x[200] = x[200] ^ x[181]
x[324] = x[324] ^ x[248]
x[222] = x[222] ^ x[198]
x[101] = x[101] ^ x[21]
x[140] = x[140] ^ x[58]
x[310] = x[310] ^ x[230]
x[111] = x[111] ^ x[149]
x[26] = x[26] ^ x[23]
x[96] = x[96] ^ x[117]
x[68] = x[68] ^ x[48]
x[15] = x[15] ^ x[2]
x[65] = x[65] ^ x[34]
x[5] = x[5] ^ x[60]
x[75] = x[75] ^ x[10]
x[61] = x[61] ^ x[0]
x[4] = x[4] ^ x[39]
x[29] = x[29] ^ x[44]
x[40] = x[40] ^ x[42]
x[70] = x[70] ^ x[74]
x[62] = x[62] ^ x[57]
x[38] = x[38] ^ x[63]
x[90] = x[90] ^ x[124]
x[139] = x[139] ^ x[103]
x[147] = x[147] ^ x[107]
x[99] = x[99] ^ x[86]
x[49] = x[49] ^ x[79]
x[77] = x[77] ^ x[69]
x[9] = x[9] ^ x[25]
x[73] = x[73] ^ x[72]
x[53] = x[53] ^ x[41]
x[45] = x[45] ^ x[14]
x[160] = x[160] ^ x[145]
x[13] = x[13] ^ x[16]
x[12] = x[12] ^ x[36]
x[1] = x[1] ^ x[55]
x[127] = x[127] ^ x[89]
x[132] = x[132] ^ x[83]
x[50] = x[50] ^ x[17]
x[95] = x[95] ^ x[88]
x[30] = x[30] ^ x[33]
x[76] = x[76] ^ x[80]
x[37] = x[37] ^ x[19]
x[138] = x[138] ^ x[142]
x[91] = x[91] ^ x[81]
x[269] = x[269] ^ x[196]
x[115] = x[115] ^ x[85]
x[98] = x[98] ^ x[109]
x[47] = x[47] ^ x[46]
x[64] = x[64] ^ x[31]
x[320] = x[320] ^ x[292]
x[286] = x[286] ^ x[279]
x[307] = x[307] ^ x[252]
x[165] = x[165] ^ x[203]
x[154] = x[154] ^ x[144]
x[112] = x[112] ^ x[87]
x[188] = x[188] ^ x[234]
x[199] = x[199] ^ x[167]
x[174] = x[174] ^ x[226]
x[245] = x[245] ^ x[267]
x[281] = x[281] ^ x[260]
x[285] = x[285] ^ x[270]
x[213] = x[213] ^ x[237]
x[277] = x[277] ^ x[312]
x[322] = x[322] ^ x[255]
x[249] = x[249] ^ x[263]
x[318] = x[318] ^ x[235]
x[272] = x[272] ^ x[243]
x[278] = x[278] ^ x[262]
x[254] = x[254] ^ x[282]
x[261] = x[261] ^ x[284]
x[253] = x[253] ^ x[300]
x[164] = x[164] ^ x[205]
x[308] = x[308] ^ x[280]
x[264] = x[264] ^ x[293]
x[239] = x[239] ^ x[210]
x[183] = x[183] ^ x[182]
x[257] = x[257] ^ x[258]
x[170] = x[170] ^ x[177]
x[271] = x[271] ^ x[290]
x[256] = x[256] ^ x[248]
x[223] = x[223] ^ x[193]
x[238] = x[238] ^ x[218]
x[169] = x[169] ^ x[202]
x[273] = x[273] ^ x[294]
x[186] = x[186] ^ x[200]
x[225] = x[225] ^ x[229]
x[247] = x[247] ^ x[324]
x[228] = x[228] ^ x[222]
x[224] = x[224] ^ x[219]
x[28] = x[28] ^ x[44]
x[94] = x[94] ^ x[128]
x[146] = x[146] ^ x[135]
x[123] = x[123] ^ x[111]
x[27] = x[27] ^ x[78]
x[26] = x[26] ^ x[15]
x[114] = x[114] ^ x[117]
x[56] = x[56] ^ x[2]
x[3] = x[3] ^ x[33]
x[68] = x[68] ^ x[11]
x[5] = x[5] ^ x[58]
x[52] = x[52] ^ x[4]
x[0] = x[0] ^ x[60]
x[70] = x[70] ^ x[62]
x[137] = x[137] ^ x[109]
x[310] = x[310] ^ x[246]
x[230] = x[230] ^ x[168]
x[231] = x[231] ^ x[240]
x[147] = x[147] ^ x[107]
x[157] = x[157] ^ x[116]
x[86] = x[86] ^ x[153]
x[25] = x[25] ^ x[73]
x[79] = x[79] ^ x[41]
x[51] = x[51] ^ x[59]
x[8] = x[8] ^ x[75]
x[23] = x[23] ^ x[14]
x[29] = x[29] ^ x[35]
x[53] = x[53] ^ x[9]
x[49] = x[49] ^ x[77]
x[57] = x[57] ^ x[72]
x[12] = x[12] ^ x[1]
x[65] = x[65] ^ x[16]
x[124] = x[124] ^ x[156]
x[141] = x[141] ^ x[106]
x[132] = x[132] ^ x[89]
x[69] = x[69] ^ x[18]
x[17] = x[17] ^ x[21]
x[95] = x[95] ^ x[152]
x[42] = x[42] ^ x[80]
x[19] = x[19] ^ x[66]
x[30] = x[30] ^ x[38]
x[139] = x[139] ^ x[142]
x[283] = x[283] ^ x[305]
x[83] = x[83] ^ x[85]
x[145] = x[145] ^ x[98]
x[46] = x[46] ^ x[43]
x[71] = x[71] ^ x[64]
x[196] = x[196] ^ x[216]
x[311] = x[311] ^ x[298]
x[204] = x[204] ^ x[166]
x[112] = x[112] ^ x[91]
x[144] = x[144] ^ x[127]
x[274] = x[274] ^ x[316]
x[167] = x[167] ^ x[201]
x[165] = x[165] ^ x[218]
x[266] = x[266] ^ x[243]
x[245] = x[245] ^ x[262]
x[260] = x[260] ^ x[289]
x[295] = x[295] ^ x[263]
x[279] = x[279] ^ x[312]
x[174] = x[174] ^ x[179]
x[213] = x[213] ^ x[184]
x[249] = x[249] ^ x[320]
x[235] = x[235] ^ x[233]
x[191] = x[191] ^ x[171]
x[304] = x[304] ^ x[315]
x[254] = x[254] ^ x[276]
x[281] = x[281] ^ x[323]
x[285] = x[285] ^ x[293]
x[253] = x[253] ^ x[265]
x[180] = x[180] ^ x[236]
x[181] = x[181] ^ x[226]
x[232] = x[232] ^ x[164]
x[261] = x[261] ^ x[309]
x[280] = x[280] ^ x[296]
x[255] = x[255] ^ x[264]
x[297] = x[297] ^ x[284]
x[307] = x[307] ^ x[299]
x[210] = x[210] ^ x[239]
x[290] = x[290] ^ x[258]
x[256] = x[256] ^ x[267]
x[187] = x[187] ^ x[202]
x[223] = x[223] ^ x[238]
x[207] = x[207] ^ x[169]
x[294] = x[294] ^ x[292]
x[193] = x[193] ^ x[229]
x[188] = x[188] ^ x[186]
x[237] = x[237] ^ x[200]
x[247] = x[247] ^ x[319]
x[313] = x[313] ^ x[324]
x[224] = x[224] ^ x[177]
x[222] = x[222] ^ x[183]
x[122] = x[122] ^ x[140]
x[143] = x[143] ^ x[119]
x[22] = x[22] ^ x[67]
x[146] = x[146] ^ x[111]
x[20] = x[20] ^ x[2]
x[34] = x[34] ^ x[11]
x[160] = x[160] ^ x[94]
x[40] = x[40] ^ x[39]
x[58] = x[58] ^ x[6]
x[4] = x[4] ^ x[5]
x[117] = x[117] ^ x[152]
x[310] = x[310] ^ x[250]
x[107] = x[107] ^ x[100]
x[158] = x[158] ^ x[157]
x[29] = x[29] ^ x[61]
x[50] = x[50] ^ x[78]
x[13] = x[13] ^ x[53]
x[8] = x[8] ^ x[44]
x[51] = x[51] ^ x[7]
x[48] = x[48] ^ x[9]
x[33] = x[33] ^ x[3]
x[24] = x[24] ^ x[76]
x[15] = x[15] ^ x[25]
x[41] = x[41] ^ x[36]
x[75] = x[75] ^ x[60]
x[14] = x[14] ^ x[52]
x[37] = x[37] ^ x[27]
x[16] = x[16] ^ x[63]
x[72] = x[72] ^ x[0]
x[81] = x[81] ^ x[156]
x[109] = x[109] ^ x[153]
x[125] = x[125] ^ x[161]
x[17] = x[17] ^ x[69]
x[35] = x[35] ^ x[21]
x[47] = x[47] ^ x[45]
x[95] = x[95] ^ x[127]
x[80] = x[80] ^ x[49]
x[38] = x[38] ^ x[66]
x[142] = x[142] ^ x[114]
x[141] = x[141] ^ x[106]
x[98] = x[98] ^ x[132]
x[147] = x[147] ^ x[85]
x[43] = x[43] ^ x[62]
x[12] = x[12] ^ x[71]
x[214] = x[214] ^ x[220]
x[287] = x[287] ^ x[306]
x[208] = x[208] ^ x[194]
x[311] = x[311] ^ x[252]
x[144] = x[144] ^ x[241]
x[91] = x[91] ^ x[291]
x[217] = x[217] ^ x[201]
x[244] = x[244] ^ x[265]
x[259] = x[259] ^ x[246]
x[278] = x[278] ^ x[302]
x[245] = x[245] ^ x[315]
x[196] = x[196] ^ x[205]
x[176] = x[176] ^ x[221]
x[179] = x[179] ^ x[195]
x[168] = x[168] ^ x[183]
x[213] = x[213] ^ x[231]
x[283] = x[283] ^ x[243]
x[300] = x[300] ^ x[301]
x[320] = x[320] ^ x[257]
x[165] = x[165] ^ x[171]
x[235] = x[235] ^ x[170]
x[185] = x[185] ^ x[225]
x[323] = x[323] ^ x[269]
x[253] = x[253] ^ x[274]
x[316] = x[316] ^ x[293]
x[271] = x[271] ^ x[263]
x[181] = x[181] ^ x[167]
x[232] = x[232] ^ x[164]
x[295] = x[295] ^ x[299]
x[264] = x[264] ^ x[284]
x[289] = x[289] ^ x[296]
x[309] = x[309] ^ x[248]
x[273] = x[273] ^ x[276]
x[226] = x[226] ^ x[228]
x[290] = x[290] ^ x[305]
x[180] = x[180] ^ x[187]
x[242] = x[242] ^ x[223]
x[207] = x[207] ^ x[234]
x[172] = x[172] ^ x[229]
x[237] = x[237] ^ x[186]
x[298] = x[298] ^ x[247]
x[294] = x[294] ^ x[268]
x[312] = x[312] ^ x[313]
x[267] = x[267] ^ x[251]
x[224] = x[224] ^ x[239]
x[166] = x[166] ^ x[222]
x[136] = x[136] ^ x[59]
x[129] = x[129] ^ x[113]
x[131] = x[131] ^ x[84]
x[104] = x[104] ^ x[161]
x[143] = x[143] ^ x[128]
x[130] = x[130] ^ x[121]
x[74] = x[74] ^ x[32]
x[101] = x[101] ^ x[99]
x[20] = x[20] ^ x[78]
x[67] = x[67] ^ x[70]
x[126] = x[126] ^ x[87]
x[133] = x[133] ^ x[82]
x[134] = x[134] ^ x[105]
x[94] = x[94] ^ x[93]
x[11] = x[11] ^ x[28]
x[26] = x[26] ^ x[40]
x[77] = x[77] ^ x[56]
x[137] = x[137] ^ x[88]
x[163] = x[163] ^ x[240]
x[110] = x[110] ^ x[106]
x[31] = x[31] ^ x[0]
x[149] = x[149] ^ x[107]
x[157] = x[157] ^ x[86]
x[5] = x[5] ^ x[42]
x[48] = x[48] ^ x[4]
x[39] = x[39] ^ x[13]
x[76] = x[76] ^ x[68]
x[50] = x[50] ^ x[36]
x[60] = x[60] ^ x[1]
x[44] = x[44] ^ x[18]
x[52] = x[52] ^ x[25]
x[23] = x[23] ^ x[63]
x[118] = x[118] ^ x[115]
x[153] = x[153] ^ x[102]
x[111] = x[111] ^ x[125]
x[46] = x[46] ^ x[58]
x[51] = x[51] ^ x[35]
x[21] = x[21] ^ x[47]
x[33] = x[33] ^ x[64]
x[29] = x[29] ^ x[69]
x[37] = x[37] ^ x[45]
x[66] = x[66] ^ x[80]
x[141] = x[141] ^ x[140]
x[132] = x[132] ^ x[85]
x[62] = x[62] ^ x[12]
x[204] = x[204] ^ x[192]
x[216] = x[216] ^ x[162]
x[318] = x[318] ^ x[276]
x[190] = x[190] ^ x[214]
x[277] = x[277] ^ x[268]
x[282] = x[282] ^ x[302]
x[233] = x[233] ^ x[227]
x[211] = x[211] ^ x[198]
x[230] = x[230] ^ x[191]
x[304] = x[304] ^ x[319]
x[244] = x[244] ^ x[322]
x[201] = x[201] ^ x[195]
x[208] = x[208] ^ x[210]
x[243] = x[243] ^ x[315]
x[310] = x[310] ^ x[254]
x[311] = x[311] ^ x[281]
x[300] = x[300] ^ x[266]
x[259] = x[259] ^ x[307]
x[165] = x[165] ^ x[213]
x[156] = x[156] ^ x[297]
x[142] = x[142] ^ x[235]
x[225] = x[225] ^ x[228]
x[238] = x[238] ^ x[206]
x[188] = x[188] ^ x[241]
x[324] = x[324] ^ x[270]
x[196] = x[196] ^ x[200]
x[181] = x[181] ^ x[169]
x[185] = x[185] ^ x[176]
x[273] = x[273] ^ x[258]
x[253] = x[253] ^ x[292]
x[309] = x[309] ^ x[316]
x[289] = x[289] ^ x[256]
x[274] = x[274] ^ x[291]
x[257] = x[257] ^ x[296]
x[272] = x[272] ^ x[264]
x[306] = x[306] ^ x[271]
x[248] = x[248] ^ x[293]
x[290] = x[290] ^ x[261]
x[207] = x[207] ^ x[234]
x[237] = x[237] ^ x[231]
x[168] = x[168] ^ x[180]
x[167] = x[167] ^ x[242]
x[229] = x[229] ^ x[232]
x[305] = x[305] ^ x[279]
x[247] = x[247] ^ x[295]
x[298] = x[298] ^ x[260]
x[294] = x[294] ^ x[314]
x[323] = x[323] ^ x[267]
x[313] = x[313] ^ x[320]
x[127] = x[127] ^ x[166]
x[117] = x[117] ^ x[224]
x[122] = x[122] ^ x[89]
x[159] = x[159] ^ x[123]
x[103] = x[103] ^ x[129]
x[90] = x[90] ^ x[136]
x[84] = x[84] ^ x[143]
x[130] = x[130] ^ x[96]
x[146] = x[146] ^ x[160]
x[126] = x[126] ^ x[113]
x[120] = x[120] ^ x[94]
x[121] = x[121] ^ x[133]
x[6] = x[6] ^ x[15]
x[22] = x[22] ^ x[16]
x[75] = x[75] ^ x[54]
x[9] = x[9] ^ x[56]
x[92] = x[92] ^ x[110]
x[158] = x[158] ^ x[161]
x[149] = x[149] ^ x[107]
x[157] = x[157] ^ x[101]
x[87] = x[87] ^ x[104]
x[31] = x[31] ^ x[65]
x[42] = x[42] ^ x[20]
x[60] = x[60] ^ x[40]
x[44] = x[44] ^ x[24]
x[36] = x[36] ^ x[26]
x[13] = x[13] ^ x[74]
x[23] = x[23] ^ x[2]
x[68] = x[68] ^ x[63]
x[109] = x[109] ^ x[137]
x[106] = x[106] ^ x[115]
x[102] = x[102] ^ x[105]
x[111] = x[111] ^ x[150]
x[153] = x[153] ^ x[95]
x[147] = x[147] ^ x[138]
x[52] = x[52] ^ x[58]
x[69] = x[69] ^ x[76]
x[71] = x[71] ^ x[39]
x[47] = x[47] ^ x[48]
x[11] = x[11] ^ x[33]
x[72] = x[72] ^ x[51]
x[45] = x[45] ^ x[67]
x[80] = x[80] ^ x[301]
x[140] = x[140] ^ x[141]
x[131] = x[131] ^ x[85]
x[199] = x[199] ^ x[197]
x[175] = x[175] ^ x[234]
x[318] = x[318] ^ x[303]
x[308] = x[308] ^ x[246]
x[321] = x[321] ^ x[282]
x[288] = x[288] ^ x[245]
x[236] = x[236] ^ x[162]
x[62] = x[62] ^ x[304]
x[263] = x[263] ^ x[297]
x[269] = x[269] ^ x[266]
x[240] = x[240] ^ x[193]
x[230] = x[230] ^ x[201]
x[322] = x[322] ^ x[243]
x[302] = x[302] ^ x[310]
x[142] = x[142] ^ x[192]
x[174] = x[174] ^ x[188]
x[225] = x[225] ^ x[215]
x[206] = x[206] ^ x[241]
x[190] = x[190] ^ x[172]
x[270] = x[270] ^ x[284]
x[179] = x[179] ^ x[186]
x[184] = x[184] ^ x[196]
x[251] = x[251] ^ x[265]
x[198] = x[198] ^ x[200]
x[185] = x[185] ^ x[181]
x[258] = x[258] ^ x[277]
x[296] = x[296] ^ x[289]
x[319] = x[319] ^ x[268]
x[254] = x[254] ^ x[306]
x[316] = x[316] ^ x[300]
x[256] = x[256] ^ x[291]
x[293] = x[293] ^ x[274]
x[299] = x[299] ^ x[312]
x[223] = x[223] ^ x[202]
x[290] = x[290] ^ x[307]
x[231] = x[231] ^ x[226]
x[207] = x[207] ^ x[187]
x[210] = x[210] ^ x[180]
x[242] = x[242] ^ x[233]
x[229] = x[229] ^ x[171]
x[295] = x[295] ^ x[315]
x[292] = x[292] ^ x[267]
x[271] = x[271] ^ x[298]
x[320] = x[320] ^ x[309]
x[305] = x[305] ^ x[272]
x[314] = x[314] ^ x[287]
x[317] = x[317] ^ x[323]
x[281] = x[281] ^ x[313]
x[127] = x[127] ^ x[170]
x[117] = x[117] ^ x[165]
x[128] = x[128] ^ x[103]
x[55] = x[55] ^ x[49]
x[139] = x[139] ^ x[148]
x[7] = x[7] ^ x[14]
x[34] = x[34] ^ x[28]
x[3] = x[3] ^ x[57]
x[61] = x[61] ^ x[53]
x[126] = x[126] ^ x[134]
x[15] = x[15] ^ x[10]
x[78] = x[78] ^ x[75]
x[27] = x[27] ^ x[17]
x[110] = x[110] ^ x[96]
x[18] = x[18] ^ x[31]
x[133] = x[133] ^ x[246]
x[74] = x[74] ^ x[303]
x[56] = x[56] ^ x[23]
x[109] = x[109] ^ x[122]
x[106] = x[106] ^ x[98]
x[147] = x[147] ^ x[219]
x[91] = x[91] ^ x[301]
x[68] = x[68] ^ x[291]
x[182] = x[182] ^ x[173]
x[153] = x[153] ^ x[278]
x[275] = x[275] ^ x[261]
x[155] = x[155] ^ x[211]
x[120] = x[120] ^ x[170]
x[93] = x[93] ^ x[318]
x[60] = x[60] ^ x[308]
x[175] = x[175] ^ x[227]
x[282] = x[282] ^ x[304]
x[276] = x[276] ^ x[245]
x[250] = x[250] ^ x[288]
x[203] = x[203] ^ x[202]
x[146] = x[146] ^ x[259]
x[95] = x[95] ^ x[321]
x[39] = x[39] ^ x[315]
x[162] = x[162] ^ x[199]
x[218] = x[218] ^ x[238]
x[249] = x[249] ^ x[253]
x[255] = x[255] ^ x[324]
x[150] = x[150] ^ x[269]
x[115] = x[115] ^ x[230]
x[58] = x[58] ^ x[302]
x[36] = x[36] ^ x[309]
x[24] = x[24] ^ x[322]
x[12] = x[12] ^ x[310]
x[247] = x[247] ^ x[297]
x[174] = x[174] ^ x[225]
x[168] = x[168] ^ x[193]
x[251] = x[251] ^ x[280]
x[157] = x[157] ^ x[270]
x[159] = x[159] ^ x[258]
x[154] = x[154] ^ x[256]
x[151] = x[151] ^ x[198]
x[143] = x[143] ^ x[254]
x[136] = x[136] ^ x[237]
x[138] = x[138] ^ x[185]
x[132] = x[132] ^ x[184]
x[123] = x[123] ^ x[179]
x[119] = x[119] ^ x[190]
x[102] = x[102] ^ x[316]
x[89] = x[89] ^ x[293]
x[87] = x[87] ^ x[296]
x[82] = x[82] ^ x[299]
x[69] = x[69] ^ x[306]
x[20] = x[20] ^ x[319]
x[45] = x[45] ^ x[312]
x[142] = x[142] ^ x[279]
x[223] = x[223] ^ x[192]
x[262] = x[262] ^ x[290]
x[161] = x[161] ^ x[229]
x[158] = x[158] ^ x[267]
x[160] = x[160] ^ x[231]
x[149] = x[149] ^ x[242]
x[145] = x[145] ^ x[271]
x[141] = x[141] ^ x[210]
x[140] = x[140] ^ x[207]
x[107] = x[107] ^ x[320]
x[92] = x[92] ^ x[298]
x[72] = x[72] ^ x[317]
x[51] = x[51] ^ x[314]
x[48] = x[48] ^ x[305]
x[11] = x[11] ^ x[313]
x[16] = x[16] ^ x[323]
x[85] = x[85] ^ x[295]
x[127] = x[127] ^ x[241]
x[117] = x[117] ^ x[235]
x[97] = x[97] ^ x[152]
x[55] = x[55] ^ x[79]
x[83] = x[83] ^ x[114]
x[113] = x[113] ^ x[135]
x[57] = x[57] ^ x[61]
x[99] = x[99] ^ x[125]
x[21] = x[21] ^ x[7]
x[27] = x[27] ^ x[34]
x[217] = x[217] ^ x[216]
x[147] = x[147] ^ x[241]
x[129] = x[129] ^ x[219]
x[130] = x[130] ^ x[244]
x[100] = x[100] ^ x[300]
x[155] = x[155] ^ x[170]
x[93] = x[93] ^ x[204]
x[60] = x[60] ^ x[303]
x[175] = x[175] ^ x[214]
x[240] = x[240] ^ x[239]
x[263] = x[263] ^ x[257]
x[245] = x[245] ^ x[275]
x[144] = x[144] ^ x[203]
x[62] = x[62] ^ x[315]
x[39] = x[39] ^ x[308]
x[91] = x[91] ^ x[318]
x[56] = x[56] ^ x[304]
x[109] = x[109] ^ x[162]
x[284] = x[284] ^ x[252]
x[206] = x[206] ^ x[211]
x[294] = x[294] ^ x[288]
x[238] = x[238] ^ x[182]
x[43] = x[43] ^ x[302]
x[31] = x[31] ^ x[322]
x[10] = x[10] ^ x[310]
x[248] = x[248] ^ x[270]
x[131] = x[131] ^ x[247]
x[134] = x[134] ^ x[174]
x[157] = x[157] ^ x[278]
x[159] = x[159] ^ x[279]
x[154] = x[154] ^ x[272]
x[151] = x[151] ^ x[249]
x[146] = x[146] ^ x[184]
x[133] = x[133] ^ x[198]
x[128] = x[128] ^ x[237]
x[119] = x[119] ^ x[165]
x[115] = x[115] ^ x[168]
x[89] = x[89] ^ x[296]
x[80] = x[80] ^ x[306]
x[74] = x[74] ^ x[316]
x[82] = x[82] ^ x[307]
x[58] = x[58] ^ x[309]
x[24] = x[24] ^ x[319]
x[75] = x[75] ^ x[312]
x[161] = x[161] ^ x[259]
x[158] = x[158] ^ x[262]
x[160] = x[160] ^ x[256]
x[156] = x[156] ^ x[271]
x[150] = x[150] ^ x[233]
x[153] = x[153] ^ x[267]
x[148] = x[148] ^ x[231]
x[149] = x[149] ^ x[251]
x[145] = x[145] ^ x[235]
x[143] = x[143] ^ x[210]
x[141] = x[141] ^ x[255]
x[140] = x[140] ^ x[254]
x[138] = x[138] ^ x[207]
x[123] = x[123] ^ x[242]
x[102] = x[102] ^ x[317]
x[98] = x[98] ^ x[323]
x[96] = x[96] ^ x[314]
x[95] = x[95] ^ x[320]
x[87] = x[87] ^ x[298]
x[51] = x[51] ^ x[292]
x[40] = x[40] ^ x[305]
x[12] = x[12] ^ x[313]
x[72] = x[72] ^ x[295]
x[68] = x[68] ^ x[299]
x[127] = x[127] ^ x[223]
x[59] = x[59] ^ x[32]
x[73] = x[73] ^ x[77]
x[41] = x[41] ^ x[8]
x[1] = x[1] ^ x[50]
x[86] = x[86] ^ x[83]
x[64] = x[64] ^ x[65]
x[17] = x[17] ^ x[55]
x[57] = x[57] ^ x[303]
x[285] = x[285] ^ x[286]
x[81] = x[81] ^ x[318]
x[139] = x[139] ^ x[165]
x[18] = x[18] ^ x[321]
x[129] = x[129] ^ x[250]
x[90] = x[90] ^ x[297]
x[144] = x[144] ^ x[235]
x[91] = x[91] ^ x[268]
x[60] = x[60] ^ x[300]
x[218] = x[218] ^ x[233]
x[66] = x[66] ^ x[284]
x[99] = x[99] ^ x[299]
x[76] = x[76] ^ x[294]
x[228] = x[228] ^ x[238]
x[152] = x[152] ^ x[258]
x[147] = x[147] ^ x[251]
x[100] = x[100] ^ x[302]
x[54] = x[54] ^ x[315]
x[31] = x[31] ^ x[310]
x[7] = x[7] ^ x[322]
x[48] = x[48] ^ x[304]
x[132] = x[132] ^ x[174]
x[131] = x[131] ^ x[185]
x[116] = x[116] ^ x[248]
x[157] = x[157] ^ x[263]
x[159] = x[159] ^ x[272]
x[154] = x[154] ^ x[217]
x[151] = x[151] ^ x[206]
x[146] = x[146] ^ x[214]
x[133] = x[133] ^ x[244]
x[135] = x[135] ^ x[237]
x[128] = x[128] ^ x[172]
x[119] = x[119] ^ x[162]
x[115] = x[115] ^ x[184]
x[120] = x[120] ^ x[168]
x[85] = x[85] ^ x[290]
x[80] = x[80] ^ x[324]
x[58] = x[58] ^ x[308]
x[52] = x[52] ^ x[316]
x[45] = x[45] ^ x[306]
x[43] = x[43] ^ x[319]
x[11] = x[11] ^ x[307]
x[34] = x[34] ^ x[309]
x[39] = x[39] ^ x[312]
x[117] = x[117] ^ x[229]
x[161] = x[161] ^ x[240]
x[158] = x[158] ^ x[211]
x[160] = x[160] ^ x[222]
x[156] = x[156] ^ x[267]
x[150] = x[150] ^ x[231]
x[155] = x[155] ^ x[271]
x[153] = x[153] ^ x[198]
x[149] = x[149] ^ x[249]
x[145] = x[145] ^ x[259]
x[143] = x[143] ^ x[241]
x[141] = x[141] ^ x[207]
x[140] = x[140] ^ x[210]
x[138] = x[138] ^ x[245]
x[123] = x[123] ^ x[254]
x[102] = x[102] ^ x[311]
x[93] = x[93] ^ x[320]
x[89] = x[89] ^ x[314]
x[84] = x[84] ^ x[317]
x[78] = x[78] ^ x[323]
x[74] = x[74] ^ x[298]
x[62] = x[62] ^ x[305]
x[51] = x[51] ^ x[301]
x[16] = x[16] ^ x[313]
x[72] = x[72] ^ x[279]
x[68] = x[68] ^ x[292]
x[127] = x[127] ^ x[187]
x[163] = x[163] ^ x[241]
x[14] = x[14] ^ x[41]
x[32] = x[32] ^ x[3]
x[38] = x[38] ^ x[6]
x[63] = x[63] ^ x[291]
x[173] = x[173] ^ x[182]
x[286] = x[286] ^ x[261]
x[189] = x[189] ^ x[170]
x[118] = x[118] ^ x[165]
x[36] = x[36] ^ x[308]
x[17] = x[17] ^ x[318]
x[142] = x[142] ^ x[259]
x[144] = x[144] ^ x[185]
x[130] = x[130] ^ x[254]
x[91] = x[91] ^ x[287]
x[109] = x[109] ^ x[226]
x[218] = x[218] ^ x[209]
x[92] = x[92] ^ x[300]
x[147] = x[147] ^ x[278]
x[125] = x[125] ^ x[247]
x[86] = x[86] ^ x[296]
x[82] = x[82] ^ x[294]
x[54] = x[54] ^ x[310]
x[1] = x[1] ^ x[322]
x[87] = x[87] ^ x[309]
x[48] = x[48] ^ x[293]
x[131] = x[131] ^ x[242]
x[64] = x[64] ^ x[284]
x[157] = x[157] ^ x[256]
x[159] = x[159] ^ x[270]
x[154] = x[154] ^ x[229]
x[146] = x[146] ^ x[258]
x[136] = x[136] ^ x[184]
x[133] = x[133] ^ x[235]
x[132] = x[132] ^ x[179]
x[134] = x[134] ^ x[237]
x[115] = x[115] ^ x[238]
x[116] = x[116] ^ x[246]
x[85] = x[85] ^ x[312]
x[80] = x[80] ^ x[285]
x[11] = x[11] ^ x[302]
x[7] = x[7] ^ x[319]
x[60] = x[60] ^ x[295]
x[57] = x[57] ^ x[299]
x[24] = x[24] ^ x[316]
x[39] = x[39] ^ x[307]
x[27] = x[27] ^ x[306]
x[117] = x[117] ^ x[166]
x[161] = x[161] ^ x[228]
x[158] = x[158] ^ x[201]
x[160] = x[160] ^ x[245]
x[156] = x[156] ^ x[281]
x[150] = x[150] ^ x[217]
x[155] = x[155] ^ x[233]
x[153] = x[153] ^ x[206]
x[151] = x[151] ^ x[267]
x[149] = x[149] ^ x[231]
x[145] = x[145] ^ x[220]
x[143] = x[143] ^ x[251]
x[141] = x[141] ^ x[249]
x[140] = x[140] ^ x[172]
x[138] = x[138] ^ x[203]
x[129] = x[129] ^ x[271]
x[123] = x[123] ^ x[207]
x[119] = x[119] ^ x[210]
x[120] = x[120] ^ x[222]
x[102] = x[102] ^ x[314]
x[95] = x[95] ^ x[313]
x[93] = x[93] ^ x[317]
x[90] = x[90] ^ x[323]
x[89] = x[89] ^ x[304]
x[74] = x[74] ^ x[282]
x[73] = x[73] ^ x[298]
x[58] = x[58] ^ x[320]
x[51] = x[51] ^ x[297]
x[18] = x[18] ^ x[305]
x[72] = x[72] ^ x[315]
x[68] = x[68] ^ x[280]
x[127] = x[127] ^ x[175]
x[35] = x[35] ^ x[46]
x[283] = x[283] ^ x[303]
x[212] = x[212] ^ x[187]
x[276] = x[276] ^ x[269]
x[196] = x[196] ^ x[186]
x[215] = x[215] ^ x[195]
x[6] = x[6] ^ x[321]
x[121] = x[121] ^ x[162]
x[37] = x[37] ^ x[304]
x[113] = x[113] ^ x[170]
x[163] = x[163] ^ x[190]
x[63] = x[63] ^ x[318]
x[69] = x[69] ^ x[284]
x[31] = x[31] ^ x[293]
x[33] = x[33] ^ x[315]
x[130] = x[130] ^ x[203]
x[148] = x[148] ^ x[220]
x[139] = x[139] ^ x[218]
x[137] = x[137] ^ x[185]
x[75] = x[75] ^ x[294]
x[142] = x[142] ^ x[255]
x[128] = x[128] ^ x[173]
x[114] = x[114] ^ x[248]
x[36] = x[36] ^ x[322]
x[14] = x[14] ^ x[310]
x[78] = x[78] ^ x[316]
x[62] = x[62] ^ x[299]
x[48] = x[48] ^ x[307]
x[12] = x[12] ^ x[292]
x[157] = x[157] ^ x[226]
x[146] = x[146] ^ x[192]
x[144] = x[144] ^ x[184]
x[136] = x[136] ^ x[241]
x[131] = x[131] ^ x[258]
x[125] = x[125] ^ x[235]
x[115] = x[115] ^ x[165]
x[116] = x[116] ^ x[229]
x[92] = x[92] ^ x[319]
x[80] = x[80] ^ x[268]
x[82] = x[82] ^ x[279]
x[64] = x[64] ^ x[309]
x[60] = x[60] ^ x[302]
x[117] = x[117] ^ x[181]
x[161] = x[161] ^ x[201]
x[158] = x[158] ^ x[270]
x[160] = x[160] ^ x[228]
x[159] = x[159] ^ x[267]
x[152] = x[152] ^ x[271]
x[156] = x[156] ^ x[249]
x[150] = x[150] ^ x[262]
x[154] = x[154] ^ x[210]
x[155] = x[155] ^ x[256]
x[153] = x[153] ^ x[217]
x[151] = x[151] ^ x[233]
x[147] = x[147] ^ x[231]
x[149] = x[149] ^ x[253]
x[145] = x[145] ^ x[232]
x[143] = x[143] ^ x[250]
x[141] = x[141] ^ x[245]
x[140] = x[140] ^ x[225]
x[138] = x[138] ^ x[180]
x[133] = x[133] ^ x[222]
x[129] = x[129] ^ x[246]
x[123] = x[123] ^ x[237]
x[119] = x[119] ^ x[179]
x[96] = x[96] ^ x[317]
x[89] = x[89] ^ x[306]
x[85] = x[85] ^ x[314]
x[74] = x[74] ^ x[300]
x[73] = x[73] ^ x[296]
x[61] = x[61] ^ x[320]
x[58] = x[58] ^ x[311]
x[54] = x[54] ^ x[323]
x[51] = x[51] ^ x[286]
x[21] = x[21] ^ x[305]
x[3] = x[3] ^ x[313]
x[72] = x[72] ^ x[287]
x[68] = x[68] ^ x[295]
x[127] = x[127] ^ x[206]
x[77] = x[77] ^ x[70]
x[49] = x[49] ^ x[79]
x[8] = x[8] ^ x[59]
x[178] = x[178] ^ x[221]
x[112] = x[112] ^ x[246]
x[110] = x[110] ^ x[235]
x[189] = x[189] ^ x[224]
x[265] = x[265] ^ x[311]
x[71] = x[71] ^ x[276]
x[94] = x[94] ^ x[162]
x[99] = x[99] ^ x[301]
x[91] = x[91] ^ x[297]
x[66] = x[66] ^ x[279]
x[118] = x[118] ^ x[163]
x[109] = x[109] ^ x[170]
x[52] = x[52] ^ x[315]
x[45] = x[45] ^ x[318]
x[107] = x[107] ^ x[174]
x[100] = x[100] ^ x[308]
x[81] = x[81] ^ x[296]
x[31] = x[31] ^ x[303]
x[16] = x[16] ^ x[306]
x[43] = x[43] ^ x[293]
x[148] = x[148] ^ x[187]
x[142] = x[142] ^ x[218]
x[121] = x[121] ^ x[237]
x[87] = x[87] ^ x[322]
x[84] = x[84] ^ x[300]
x[44] = x[44] ^ x[294]
x[13] = x[13] ^ x[312]
x[6] = x[6] ^ x[310]
x[139] = x[139] ^ x[203]
x[102] = x[102] ^ x[302]
x[93] = x[93] ^ x[307]
x[90] = x[90] ^ x[291]
x[78] = x[78] ^ x[304]
x[12] = x[12] ^ x[290]
x[157] = x[157] ^ x[243]
x[144] = x[144] ^ x[193]
x[131] = x[131] ^ x[229]
x[115] = x[115] ^ x[248]
x[120] = x[120] ^ x[213]
x[80] = x[80] ^ x[282]
x[50] = x[50] ^ x[309]
x[46] = x[46] ^ x[284]
x[17] = x[17] ^ x[316]
x[11] = x[11] ^ x[299]
x[10] = x[10] ^ x[319]
x[161] = x[161] ^ x[257]
x[158] = x[158] ^ x[261]
x[160] = x[160] ^ x[201]
x[159] = x[159] ^ x[250]
x[156] = x[156] ^ x[242]
x[150] = x[150] ^ x[214]
x[154] = x[154] ^ x[181]
x[155] = x[155] ^ x[222]
x[153] = x[153] ^ x[233]
x[151] = x[151] ^ x[196]
x[147] = x[147] ^ x[254]
x[146] = x[146] ^ x[256]
x[149] = x[149] ^ x[215]
x[145] = x[145] ^ x[225]
x[143] = x[143] ^ x[206]
x[141] = x[141] ^ x[244]
x[140] = x[140] ^ x[258]
x[136] = x[136] ^ x[180]
x[129] = x[129] ^ x[175]
x[132] = x[132] ^ x[271]
x[128] = x[128] ^ x[210]
x[123] = x[123] ^ x[173]
x[125] = x[125] ^ x[245]
x[119] = x[119] ^ x[185]
x[116] = x[116] ^ x[231]
x[95] = x[95] ^ x[317]
x[92] = x[92] ^ x[313]
x[89] = x[89] ^ x[292]
x[74] = x[74] ^ x[269]
x[82] = x[82] ^ x[314]
x[73] = x[73] ^ x[285]
x[58] = x[58] ^ x[281]
x[51] = x[51] ^ x[280]
x[42] = x[42] ^ x[323]
x[24] = x[24] ^ x[320]
x[3] = x[3] ^ x[305]
x[68] = x[68] ^ x[287]
x[53] = x[53] ^ x[28]
x[9] = x[9] ^ x[5]
x[47] = x[47] ^ x[291]
x[178] = x[178] ^ x[199]
x[266] = x[266] ^ x[273]
x[110] = x[110] ^ x[233]
x[79] = x[79] ^ x[321]
x[59] = x[59] ^ x[276]
x[108] = x[108] ^ x[168]
x[66] = x[66] ^ x[280]
x[40] = x[40] ^ x[304]
x[118] = x[118] ^ x[162]
x[70] = x[70] ^ x[284]
x[107] = x[107] ^ x[170]
x[103] = x[103] ^ x[174]
x[135] = x[135] ^ x[185]
x[98] = x[98] ^ x[235]
x[67] = x[67] ^ x[294]
x[20] = x[20] ^ x[312]
x[45] = x[45] ^ x[298]
x[142] = x[142] ^ x[214]
x[137] = x[137] ^ x[241]
x[134] = x[134] ^ x[258]
x[60] = x[60] ^ x[292]
x[43] = x[43] ^ x[297]
x[36] = x[36] ^ x[315]
x[1] = x[1] ^ x[310]
x[148] = x[148] ^ x[246]
x[139] = x[139] ^ x[187]
x[114] = x[114] ^ x[203]
x[90] = x[90] ^ x[318]
x[93] = x[93] ^ x[301]
x[78] = x[78] ^ x[303]
x[152] = x[152] ^ x[251]
x[144] = x[144] ^ x[213]
x[96] = x[96] ^ x[306]
x[87] = x[87] ^ x[290]
x[91] = x[91] ^ x[302]
x[84] = x[84] ^ x[311]
x[80] = x[80] ^ x[274]
x[72] = x[72] ^ x[300]
x[61] = x[61] ^ x[296]
x[46] = x[46] ^ x[279]
x[44] = x[44] ^ x[316]
x[34] = x[34] ^ x[307]
x[17] = x[17] ^ x[308]
x[13] = x[13] ^ x[309]
x[6] = x[6] ^ x[319]
x[161] = x[161] ^ x[223]
x[158] = x[158] ^ x[229]
x[160] = x[160] ^ x[262]
x[157] = x[157] ^ x[231]
x[159] = x[159] ^ x[261]
x[150] = x[150] ^ x[267]
x[154] = x[154] ^ x[269]
x[155] = x[155] ^ x[202]
x[153] = x[153] ^ x[201]
x[151] = x[151] ^ x[189]
x[147] = x[147] ^ x[181]
x[146] = x[146] ^ x[218]
x[149] = x[149] ^ x[210]
x[145] = x[145] ^ x[215]
x[143] = x[143] ^ x[271]
x[141] = x[141] ^ x[256]
x[140] = x[140] ^ x[206]
x[136] = x[136] ^ x[220]
x[133] = x[133] ^ x[245]
x[129] = x[129] ^ x[247]
x[132] = x[132] ^ x[175]
x[131] = x[131] ^ x[180]
x[123] = x[123] ^ x[166]
x[125] = x[125] ^ x[243]
x[119] = x[119] ^ x[196]
x[115] = x[115] ^ x[242]
x[121] = x[121] ^ x[320]
x[120] = x[120] ^ x[173]
x[89] = x[89] ^ x[299]
x[85] = x[85] ^ x[285]
x[77] = x[77] ^ x[317]
x[73] = x[73] ^ x[287]
x[58] = x[58] ^ x[324]
x[51] = x[51] ^ x[278]
x[50] = x[50] ^ x[313]
x[41] = x[41] ^ x[305]
x[24] = x[24] ^ x[293]
x[10] = x[10] ^ x[323]
x[2] = x[2] ^ x[314]
x[4] = x[4] ^ x[30]
x[88] = x[88] ^ x[83]
x[183] = x[183] ^ x[204]
x[32] = x[32] ^ x[324]
x[236] = x[236] ^ x[178]
x[112] = x[112] ^ x[166]
x[126] = x[126] ^ x[180]
x[15] = x[15] ^ x[318]
x[130] = x[130] ^ x[247]
x[113] = x[113] ^ x[163]
x[75] = x[75] ^ x[295]
x[86] = x[86] ^ x[311]
x[48] = x[48] ^ x[303]
x[70] = x[70] ^ x[276]
x[108] = x[108] ^ x[170]
x[64] = x[64] ^ x[308]
x[117] = x[117] ^ x[175]
x[104] = x[104] ^ x[165]
x[102] = x[102] ^ x[162]
x[52] = x[52] ^ x[304]
x[11] = x[11] ^ x[294]
x[135] = x[135] ^ x[241]
x[134] = x[134] ^ x[218]
x[60] = x[60] ^ x[288]
x[53] = x[53] ^ x[315]
x[21] = x[21] ^ x[321]
x[40] = x[40] ^ x[284]
x[93] = x[93] ^ x[322]
x[148] = x[148] ^ x[235]
x[137] = x[137] ^ x[203]
x[100] = x[100] ^ x[222]
x[95] = x[95] ^ x[174]
x[90] = x[90] ^ x[289]
x[91] = x[91] ^ x[286]
x[84] = x[84] ^ x[298]
x[72] = x[72] ^ x[277]
x[74] = x[74] ^ x[307]
x[82] = x[82] ^ x[302]
x[66] = x[66] ^ x[300]
x[69] = x[69] ^ x[292]
x[61] = x[61] ^ x[280]
x[44] = x[44] ^ x[279]
x[45] = x[45] ^ x[291]
x[33] = x[33] ^ x[316]
x[18] = x[18] ^ x[306]
x[16] = x[16] ^ x[296]
x[13] = x[13] ^ x[310]
x[5] = x[5] ^ x[319]
x[6] = x[6] ^ x[309]
x[139] = x[139] ^ x[169]
x[78] = x[78] ^ x[301]
x[68] = x[68] ^ x[272]
x[161] = x[161] ^ x[209]
x[158] = x[158] ^ x[266]
x[160] = x[160] ^ x[259]
x[157] = x[157] ^ x[196]
x[159] = x[159] ^ x[217]
x[152] = x[152] ^ x[278]
x[156] = x[156] ^ x[261]
x[150] = x[150] ^ x[201]
x[154] = x[154] ^ x[258]
x[155] = x[155] ^ x[269]
x[153] = x[153] ^ x[215]
x[151] = x[151] ^ x[184]
x[147] = x[147] ^ x[271]
x[146] = x[146] ^ x[249]
x[142] = x[142] ^ x[256]
x[149] = x[149] ^ x[208]
x[145] = x[145] ^ x[189]
x[144] = x[144] ^ x[231]
x[143] = x[143] ^ x[246]
x[141] = x[141] ^ x[243]
x[140] = x[140] ^ x[244]
x[136] = x[136] ^ x[242]
x[138] = x[138] ^ x[206]
x[133] = x[133] ^ x[233]
x[129] = x[129] ^ x[187]
x[132] = x[132] ^ x[181]
x[131] = x[131] ^ x[226]
x[128] = x[128] ^ x[245]
x[123] = x[123] ^ x[214]
x[125] = x[125] ^ x[232]
x[122] = x[122] ^ x[210]
x[121] = x[121] ^ x[172]
x[116] = x[116] ^ x[173]
x[89] = x[89] ^ x[290]
x[85] = x[85] ^ x[320]
x[80] = x[80] ^ x[305]
x[73] = x[73] ^ x[297]
x[58] = x[58] ^ x[299]
x[56] = x[56] ^ x[313]
x[55] = x[55] ^ x[323]
x[51] = x[51] ^ x[274]
x[46] = x[46] ^ x[285]
x[24] = x[24] ^ x[314]
x[17] = x[17] ^ x[293]
x[7] = x[7] ^ x[317]
x[2] = x[2] ^ x[312]
x[205] = x[205] ^ x[208]
x[227] = x[227] ^ x[164]
x[167] = x[167] ^ x[169]
x[234] = x[234] ^ x[212]
x[110] = x[110] ^ x[166]
x[197] = x[197] ^ x[165]
x[126] = x[126] ^ x[179]
x[79] = x[79] ^ x[290]
x[124] = x[124] ^ x[247]
x[83] = x[83] ^ x[322]
x[107] = x[107] ^ x[163]
x[103] = x[103] ^ x[173]
x[86] = x[86] ^ x[286]
x[12] = x[12] ^ x[289]
x[117] = x[117] ^ x[168]
x[104] = x[104] ^ x[235]
x[98] = x[98] ^ x[162]
x[52] = x[52] ^ x[284]
x[39] = x[39] ^ x[304]
x[1] = x[1] ^ x[308]
x[130] = x[130] ^ x[258]
x[99] = x[99] ^ x[311]
x[87] = x[87] ^ x[312]
x[65] = x[65] ^ x[294]
x[48] = x[48] ^ x[318]
x[43] = x[43] ^ x[303]
x[32] = x[32] ^ x[315]
x[119] = x[119] ^ x[219]
x[77] = x[77] ^ x[301]
x[50] = x[50] ^ x[276]
x[148] = x[148] ^ x[190]
x[134] = x[134] ^ x[175]
x[120] = x[120] ^ x[238]
x[100] = x[100] ^ x[229]
x[95] = x[95] ^ x[170]
x[90] = x[90] ^ x[324]
x[91] = x[91] ^ x[273]
x[84] = x[84] ^ x[302]
x[72] = x[72] ^ x[298]
x[74] = x[74] ^ x[268]
x[82] = x[82] ^ x[295]
x[60] = x[60] ^ x[280]
x[57] = x[57] ^ x[300]
x[45] = x[45] ^ x[277]
x[21] = x[21] ^ x[306]
x[10] = x[10] ^ x[307]
x[4] = x[4] ^ x[319]
x[3] = x[3] ^ x[296]
x[139] = x[139] ^ x[183]
x[127] = x[127] ^ x[279]
x[161] = x[161] ^ x[232]
x[158] = x[158] ^ x[274]
x[160] = x[160] ^ x[251]
x[157] = x[157] ^ x[203]
x[159] = x[159] ^ x[259]
x[152] = x[152] ^ x[256]
x[156] = x[156] ^ x[270]
x[150] = x[150] ^ x[213]
x[154] = x[154] ^ x[209]
x[155] = x[155] ^ x[249]
x[153] = x[153] ^ x[255]
x[151] = x[151] ^ x[178]
x[146] = x[146] ^ x[248]
x[142] = x[142] ^ x[243]
x[149] = x[149] ^ x[201]
x[145] = x[145] ^ x[196]
x[144] = x[144] ^ x[215]
x[143] = x[143] ^ x[257]
x[141] = x[141] ^ x[233]
x[140] = x[140] ^ x[242]
x[136] = x[136] ^ x[189]
x[138] = x[138] ^ x[187]
x[133] = x[133] ^ x[230]
x[132] = x[132] ^ x[250]
x[131] = x[131] ^ x[236]
x[135] = x[135] ^ x[245]
x[128] = x[128] ^ x[241]
x[123] = x[123] ^ x[218]
x[125] = x[125] ^ x[181]
x[115] = x[115] ^ x[210]
x[121] = x[121] ^ x[246]
x[116] = x[116] ^ x[174]
x[111] = x[111] ^ x[317]
x[97] = x[97] ^ x[231]
x[93] = x[93] ^ x[217]
x[89] = x[89] ^ x[291]
x[85] = x[85] ^ x[292]
x[71] = x[71] ^ x[314]
x[73] = x[73] ^ x[272]
x[69] = x[69] ^ x[278]
x[54] = x[54] ^ x[313]
x[51] = x[51] ^ x[271]
x[46] = x[46] ^ x[309]
x[36] = x[36] ^ x[320]
x[24] = x[24] ^ x[285]
x[17] = x[17] ^ x[305]
x[11] = x[11] ^ x[293]
x[7] = x[7] ^ x[316]
x[13] = x[13] ^ x[299]
x[5] = x[5] ^ x[323]
x[2] = x[2] ^ x[310]
x[0] = x[0] ^ x[19]
x[28] = x[28] ^ x[308]
x[264] = x[264] ^ x[278]
x[105] = x[105] ^ x[234]
x[94] = x[94] ^ x[163]
x[81] = x[81] ^ x[322]
x[124] = x[124] ^ x[179]
x[63] = x[63] ^ x[295]
x[64] = x[64] ^ x[277]
x[86] = x[86] ^ x[282]
x[117] = x[117] ^ x[164]
x[52] = x[52] ^ x[318]
x[114] = x[114] ^ x[162]
x[137] = x[137] ^ x[198]
x[31] = x[31] ^ x[284]
x[99] = x[99] ^ x[316]
x[87] = x[87] ^ x[288]
x[79] = x[79] ^ x[311]
x[78] = x[78] ^ x[289]
x[41] = x[41] ^ x[303]
x[35] = x[35] ^ x[315]
x[12] = x[12] ^ x[286]
x[98] = x[98] ^ x[218]
x[129] = x[129] ^ x[183]
x[119] = x[119] ^ x[186]
x[80] = x[80] ^ x[261]
x[18] = x[18] ^ x[297]
x[147] = x[147] ^ x[262]
x[148] = x[148] ^ x[211]
x[120] = x[120] ^ x[169]
x[107] = x[107] ^ x[319]
x[102] = x[102] ^ x[173]
x[100] = x[100] ^ x[321]
x[95] = x[95] ^ x[312]
x[92] = x[92] ^ x[296]
x[67] = x[67] ^ x[301]
x[60] = x[60] ^ x[287]
x[57] = x[57] ^ x[302]
x[55] = x[55] ^ x[280]
x[44] = x[44] ^ x[300]
x[43] = x[43] ^ x[290]
x[21] = x[21] ^ x[294]
x[1] = x[1] ^ x[307]
x[3] = x[3] ^ x[298]
x[161] = x[161] ^ x[255]
x[158] = x[158] ^ x[224]
x[160] = x[160] ^ x[254]
x[157] = x[157] ^ x[192]
x[159] = x[159] ^ x[220]
x[152] = x[152] ^ x[263]
x[156] = x[156] ^ x[257]
x[150] = x[150] ^ x[228]
x[154] = x[154] ^ x[235]
x[155] = x[155] ^ x[258]
x[153] = x[153] ^ x[210]
x[151] = x[151] ^ x[174]
x[146] = x[146] ^ x[208]
x[142] = x[142] ^ x[201]
x[149] = x[149] ^ x[197]
x[145] = x[145] ^ x[190]
x[144] = x[144] ^ x[259]
x[143] = x[143] ^ x[215]
x[141] = x[141] ^ x[251]
x[140] = x[140] ^ x[202]
x[136] = x[136] ^ x[271]
x[138] = x[138] ^ x[184]
x[133] = x[133] ^ x[243]
x[132] = x[132] ^ x[219]
x[131] = x[131] ^ x[196]
x[130] = x[130] ^ x[246]
x[135] = x[135] ^ x[248]
x[128] = x[128] ^ x[166]
x[134] = x[134] ^ x[187]
x[126] = x[126] ^ x[231]
x[123] = x[123] ^ x[245]
x[125] = x[125] ^ x[175]
x[115] = x[115] ^ x[207]
x[121] = x[121] ^ x[247]
x[116] = x[116] ^ x[232]
x[111] = x[111] ^ x[170]
x[93] = x[93] ^ x[314]
x[90] = x[90] ^ x[203]
x[91] = x[91] ^ x[274]
x[74] = x[74] ^ x[270]
x[75] = x[75] ^ x[317]
x[82] = x[82] ^ x[272]
x[73] = x[73] ^ x[268]
x[69] = x[69] ^ x[291]
x[51] = x[51] ^ x[267]
x[46] = x[46] ^ x[276]
x[48] = x[48] ^ x[313]
x[45] = x[45] ^ x[279]
x[34] = x[34] ^ x[323]
x[32] = x[32] ^ x[320]
x[24] = x[24] ^ x[292]
x[20] = x[20] ^ x[305]
x[11] = x[11] ^ x[285]
x[7] = x[7] ^ x[304]
x[13] = x[13] ^ x[306]
x[6] = x[6] ^ x[299]
x[4] = x[4] ^ x[310]
x[2] = x[2] ^ x[309]
x[191] = x[191] ^ x[221]
x[105] = x[105] ^ x[232]
x[0] = x[0] ^ x[321]
x[109] = x[109] ^ x[234]
x[101] = x[101] ^ x[170]
x[8] = x[8] ^ x[318]
x[76] = x[76] ^ x[293]
x[88] = x[88] ^ x[207]
x[118] = x[118] ^ x[181]
x[110] = x[110] ^ x[218]
x[103] = x[103] ^ x[163]
x[124] = x[124] ^ x[172]
x[64] = x[64] ^ x[295]
x[63] = x[63] ^ x[287]
x[14] = x[14] ^ x[309]
x[59] = x[59] ^ x[322]
x[68] = x[68] ^ x[275]
x[50] = x[50] ^ x[279]
x[122] = x[122] ^ x[229]
x[114] = x[114] ^ x[247]
x[86] = x[86] ^ x[288]
x[27] = x[27] ^ x[284]
x[61] = x[61] ^ x[311]
x[19] = x[19] ^ x[306]
x[98] = x[98] ^ x[166]
x[97] = x[97] ^ x[162]
x[147] = x[147] ^ x[211]
x[148] = x[148] ^ x[186]
x[137] = x[137] ^ x[189]
x[108] = x[108] ^ x[173]
x[107] = x[107] ^ x[238]
x[100] = x[100] ^ x[169]
x[89] = x[89] ^ x[273]
x[80] = x[80] ^ x[290]
x[66] = x[66] ^ x[298]
x[60] = x[60] ^ x[278]
x[57] = x[57] ^ x[282]
x[56] = x[56] ^ x[319]
x[52] = x[52] ^ x[312]
x[43] = x[43] ^ x[286]
x[36] = x[36] ^ x[301]
x[21] = x[21] ^ x[303]
x[18] = x[18] ^ x[296]
x[16] = x[16] ^ x[300]
x[5] = x[5] ^ x[315]
x[3] = x[3] ^ x[297]
x[161] = x[161] ^ x[252]
x[158] = x[158] ^ x[220]
x[160] = x[160] ^ x[214]
x[157] = x[157] ^ x[208]
x[159] = x[159] ^ x[262]
x[152] = x[152] ^ x[228]
x[156] = x[156] ^ x[263]
x[150] = x[150] ^ x[195]
x[154] = x[154] ^ x[281]
x[155] = x[155] ^ x[217]
x[153] = x[153] ^ x[202]
x[151] = x[151] ^ x[266]
x[146] = x[146] ^ x[178]
x[142] = x[142] ^ x[203]
x[149] = x[149] ^ x[193]
x[145] = x[145] ^ x[240]
x[144] = x[144] ^ x[190]
x[143] = x[143] ^ x[258]
x[141] = x[141] ^ x[201]
x[139] = x[139] ^ x[259]
x[140] = x[140] ^ x[215]
x[136] = x[136] ^ x[167]
x[138] = x[138] ^ x[183]
x[133] = x[133] ^ x[219]
x[132] = x[132] ^ x[198]
x[131] = x[131] ^ x[246]
x[130] = x[130] ^ x[243]
x[135] = x[135] ^ x[235]
x[128] = x[128] ^ x[242]
x[134] = x[134] ^ x[236]
x[126] = x[126] ^ x[164]
x[123] = x[123] ^ x[233]
x[125] = x[125] ^ x[187]
x[115] = x[115] ^ x[253]
x[121] = x[121] ^ x[224]
x[120] = x[120] ^ x[231]
x[116] = x[116] ^ x[179]
x[113] = x[113] ^ x[245]
x[112] = x[112] ^ x[210]
x[111] = x[111] ^ x[316]
x[99] = x[99] ^ x[174]
x[93] = x[93] ^ x[226]
x[90] = x[90] ^ x[299]
x[84] = x[84] ^ x[292]
x[78] = x[78] ^ x[314]
x[72] = x[72] ^ x[274]
x[74] = x[74] ^ x[265]
x[75] = x[75] ^ x[302]
x[82] = x[82] ^ x[261]
x[71] = x[71] ^ x[270]
x[73] = x[73] ^ x[289]
x[69] = x[69] ^ x[268]
x[55] = x[55] ^ x[317]
x[53] = x[53] ^ x[323]
x[51] = x[51] ^ x[255]
x[46] = x[46] ^ x[277]
x[48] = x[48] ^ x[291]
x[45] = x[45] ^ x[276]
x[41] = x[41] ^ x[310]
x[31] = x[31] ^ x[313]
x[37] = x[37] ^ x[320]
x[24] = x[24] ^ x[280]
x[7] = x[7] ^ x[308]
x[13] = x[13] ^ x[307]
x[12] = x[12] ^ x[285]
x[4] = x[4] ^ x[294]
x[2] = x[2] ^ x[305]
x[1] = x[1] ^ x[304]
x[28] = x[28] ^ x[297]
x[88] = x[88] ^ x[217]
x[70] = x[70] ^ x[272]
x[110] = x[110] ^ x[229]
x[118] = x[118] ^ x[179]
x[101] = x[101] ^ x[163]
x[49] = x[49] ^ x[294]
x[42] = x[42] ^ x[318]
x[10] = x[10] ^ x[322]
x[127] = x[127] ^ x[172]
x[124] = x[124] ^ x[175]
x[83] = x[83] ^ x[162]
x[64] = x[64] ^ x[289]
x[14] = x[14] ^ x[303]
x[15] = x[15] ^ x[315]
x[119] = x[119] ^ x[164]
x[67] = x[67] ^ x[311]
x[129] = x[129] ^ x[167]
x[122] = x[122] ^ x[237]
x[79] = x[79] ^ x[302]
x[17] = x[17] ^ x[284]
x[68] = x[68] ^ x[256]
x[77] = x[77] ^ x[218]
x[91] = x[91] ^ x[275]
x[32] = x[32] ^ x[321]
x[20] = x[20] ^ x[306]
x[97] = x[97] ^ x[222]
x[114] = x[114] ^ x[169]
x[95] = x[95] ^ x[173]
x[85] = x[85] ^ x[286]
x[58] = x[58] ^ x[278]
x[33] = x[33] ^ x[279]
x[36] = x[36] ^ x[319]
x[27] = x[27] ^ x[309]
x[21] = x[21] ^ x[296]
x[3] = x[3] ^ x[290]
x[34] = x[34] ^ x[295]
x[161] = x[161] ^ x[244]
x[158] = x[158] ^ x[223]
x[160] = x[160] ^ x[252]
x[157] = x[157] ^ x[281]
x[159] = x[159] ^ x[236]
x[152] = x[152] ^ x[266]
x[156] = x[156] ^ x[262]
x[150] = x[150] ^ x[202]
x[154] = x[154] ^ x[257]
x[155] = x[155] ^ x[220]
x[153] = x[153] ^ x[199]
x[151] = x[151] ^ x[205]
x[147] = x[147] ^ x[258]
x[146] = x[146] ^ x[228]
x[142] = x[142] ^ x[208]
x[148] = x[148] ^ x[240]
x[149] = x[149] ^ x[211]
x[145] = x[145] ^ x[219]
x[144] = x[144] ^ x[201]
x[143] = x[143] ^ x[193]
x[141] = x[141] ^ x[178]
x[139] = x[139] ^ x[243]
x[140] = x[140] ^ x[192]
x[136] = x[136] ^ x[225]
x[138] = x[138] ^ x[186]
x[137] = x[137] ^ x[246]
x[133] = x[133] ^ x[215]
x[132] = x[132] ^ x[190]
x[131] = x[131] ^ x[198]
x[130] = x[130] ^ x[253]
x[135] = x[135] ^ x[226]
x[128] = x[128] ^ x[183]
x[134] = x[134] ^ x[196]
x[126] = x[126] ^ x[174]
x[123] = x[123] ^ x[187]
x[125] = x[125] ^ x[180]
x[115] = x[115] ^ x[245]
x[121] = x[121] ^ x[232]
x[120] = x[120] ^ x[233]
x[116] = x[116] ^ x[234]
x[113] = x[113] ^ x[181]
x[112] = x[112] ^ x[165]
x[111] = x[111] ^ x[166]
x[107] = x[107] ^ x[235]
x[99] = x[99] ^ x[320]
x[93] = x[93] ^ x[221]
x[90] = x[90] ^ x[285]
x[89] = x[89] ^ x[203]
x[78] = x[78] ^ x[307]
x[76] = x[76] ^ x[317]
x[72] = x[72] ^ x[282]
x[74] = x[74] ^ x[255]
x[75] = x[75] ^ x[288]
x[82] = x[82] ^ x[292]
x[73] = x[73] ^ x[270]
x[69] = x[69] ^ x[273]
x[63] = x[63] ^ x[305]
x[60] = x[60] ^ x[261]
x[57] = x[57] ^ x[274]
x[55] = x[55] ^ x[287]
x[51] = x[51] ^ x[251]
x[48] = x[48] ^ x[300]
x[45] = x[45] ^ x[313]
x[43] = x[43] ^ x[276]
x[41] = x[41] ^ x[316]
x[31] = x[31] ^ x[277]
x[35] = x[35] ^ x[323]
x[24] = x[24] ^ x[291]
x[7] = x[7] ^ x[312]
x[13] = x[13] ^ x[301]
x[5] = x[5] ^ x[310]
x[6] = x[6] ^ x[308]
x[4] = x[4] ^ x[298]
x[2] = x[2] ^ x[304]
x[1] = x[1] ^ x[299]
x[105] = x[105] ^ x[165]
x[109] = x[109] ^ x[219]
x[62] = x[62] ^ x[291]
x[40] = x[40] ^ x[276]
x[118] = x[118] ^ x[169]
x[88] = x[88] ^ x[179]
x[102] = x[102] ^ x[163]
x[103] = x[103] ^ x[229]
x[124] = x[124] ^ x[253]
x[19] = x[19] ^ x[316]
x[14] = x[14] ^ x[308]
x[98] = x[98] ^ x[226]
x[122] = x[122] ^ x[180]
x[65] = x[65] ^ x[311]
x[64] = x[64] ^ x[272]
x[11] = x[11] ^ x[284]
x[10] = x[10] ^ x[301]
x[8] = x[8] ^ x[315]
x[77] = x[77] ^ x[162]
x[108] = x[108] ^ x[164]
x[100] = x[100] ^ x[294]
x[46] = x[46] ^ x[295]
x[54] = x[54] ^ x[314]
x[18] = x[18] ^ x[280]
x[127] = x[127] ^ x[167]
x[114] = x[114] ^ x[214]
x[71] = x[71] ^ x[289]
x[59] = x[59] ^ x[296]
x[58] = x[58] ^ x[271]
x[53] = x[53] ^ x[321]
x[42] = x[42] ^ x[279]
x[32] = x[32] ^ x[318]
x[37] = x[37] ^ x[302]
x[21] = x[21] ^ x[297]
x[17] = x[17] ^ x[306]
x[15] = x[15] ^ x[309]
x[68] = x[68] ^ x[290]
x[161] = x[161] ^ x[221]
x[158] = x[158] ^ x[234]
x[160] = x[160] ^ x[212]
x[159] = x[159] ^ x[293]
x[152] = x[152] ^ x[255]
x[156] = x[156] ^ x[258]
x[150] = x[150] ^ x[270]
x[154] = x[154] ^ x[228]
x[155] = x[155] ^ x[208]
x[153] = x[153] ^ x[195]
x[151] = x[151] ^ x[254]
x[147] = x[147] ^ x[204]
x[146] = x[146] ^ x[209]
x[142] = x[142] ^ x[202]
x[148] = x[148] ^ x[205]
x[149] = x[149] ^ x[199]
x[145] = x[145] ^ x[250]
x[144] = x[144] ^ x[267]
x[143] = x[143] ^ x[190]
x[141] = x[141] ^ x[203]
x[139] = x[139] ^ x[192]
x[140] = x[140] ^ x[201]
x[136] = x[136] ^ x[172]
x[138] = x[138] ^ x[189]
x[137] = x[137] ^ x[220]
x[133] = x[133] ^ x[186]
x[129] = x[129] ^ x[245]
x[132] = x[132] ^ x[183]
x[131] = x[131] ^ x[206]
x[130] = x[130] ^ x[240]
x[135] = x[135] ^ x[198]
x[128] = x[128] ^ x[178]
x[134] = x[134] ^ x[193]
x[126] = x[126] ^ x[185]
x[123] = x[123] ^ x[243]
x[125] = x[125] ^ x[233]
x[115] = x[115] ^ x[211]
x[121] = x[121] ^ x[235]
x[120] = x[120] ^ x[232]
x[116] = x[116] ^ x[175]
x[113] = x[113] ^ x[168]
x[112] = x[112] ^ x[181]
x[111] = x[111] ^ x[173]
x[107] = x[107] ^ x[230]
x[97] = x[97] ^ x[225]
x[93] = x[93] ^ x[174]
x[90] = x[90] ^ x[215]
x[89] = x[89] ^ x[310]
x[80] = x[80] ^ x[281]
x[72] = x[72] ^ x[275]
x[74] = x[74] ^ x[305]
x[82] = x[82] ^ x[266]
x[69] = x[69] ^ x[269]
x[61] = x[61] ^ x[274]
x[60] = x[60] ^ x[273]
x[57] = x[57] ^ x[261]
x[51] = x[51] ^ x[244]
x[50] = x[50] ^ x[317]
x[44] = x[44] ^ x[285]
x[48] = x[48] ^ x[292]
x[45] = x[45] ^ x[286]
x[33] = x[33] ^ x[323]
x[43] = x[43] ^ x[278]
x[41] = x[41] ^ x[319]
x[36] = x[36] ^ x[300]
x[31] = x[31] ^ x[320]
x[35] = x[35] ^ x[322]
x[27] = x[27] ^ x[312]
x[24] = x[24] ^ x[287]
x[7] = x[7] ^ x[307]
x[13] = x[13] ^ x[304]
x[6] = x[6] ^ x[303]
x[12] = x[12] ^ x[282]
x[4] = x[4] ^ x[288]
x[2] = x[2] ^ x[299]
x[1] = x[1] ^ x[298]
x[3] = x[3] ^ x[277]
x[0] = x[0] ^ x[313]
x[25] = x[25] ^ x[29]
x[176] = x[176] ^ x[194]
x[28] = x[28] ^ x[285]
x[105] = x[105] ^ x[185]
x[62] = x[62] ^ x[268]
x[110] = x[110] ^ x[164]
x[118] = x[118] ^ x[170]
x[83] = x[83] ^ x[179]
x[70] = x[70] ^ x[261]
x[87] = x[87] ^ x[181]
x[103] = x[103] ^ x[166]
x[16] = x[16] ^ x[293]
x[117] = x[117] ^ x[232]
x[96] = x[96] ^ x[312]
x[85] = x[85] ^ x[162]
x[109] = x[109] ^ x[210]
x[88] = x[88] ^ x[173]
x[91] = x[91] ^ x[322]
x[52] = x[52] ^ x[272]
x[19] = x[19] ^ x[315]
x[75] = x[75] ^ x[290]
x[157] = x[157] ^ x[219]
x[119] = x[119] ^ x[180]
x[108] = x[108] ^ x[169]
x[114] = x[114] ^ x[213]
x[78] = x[78] ^ x[222]
x[63] = x[63] ^ x[256]
x[55] = x[55] ^ x[321]
x[32] = x[32] ^ x[311]
x[37] = x[37] ^ x[316]
x[21] = x[21] ^ x[291]
x[17] = x[17] ^ x[295]
x[5] = x[5] ^ x[309]
x[8] = x[8] ^ x[314]
x[161] = x[161] ^ x[266]
x[158] = x[158] ^ x[245]
x[160] = x[160] ^ x[242]
x[159] = x[159] ^ x[238]
x[152] = x[152] ^ x[225]
x[156] = x[156] ^ x[241]
x[150] = x[150] ^ x[212]
x[154] = x[154] ^ x[211]
x[155] = x[155] ^ x[201]
x[153] = x[153] ^ x[192]
x[151] = x[151] ^ x[217]
x[147] = x[147] ^ x[191]
x[146] = x[146] ^ x[250]
x[142] = x[142] ^ x[258]
x[148] = x[148] ^ x[214]
x[149] = x[149] ^ x[223]
x[145] = x[145] ^ x[199]
x[144] = x[144] ^ x[202]
x[143] = x[143] ^ x[208]
x[141] = x[141] ^ x[236]
x[139] = x[139] ^ x[174]
x[140] = x[140] ^ x[246]
x[136] = x[136] ^ x[190]
x[138] = x[138] ^ x[195]
x[137] = x[137] ^ x[215]
x[133] = x[133] ^ x[207]
x[132] = x[132] ^ x[178]
x[131] = x[131] ^ x[183]
x[130] = x[130] ^ x[235]
x[127] = x[127] ^ x[186]
x[135] = x[135] ^ x[206]
x[128] = x[128] ^ x[167]
x[134] = x[134] ^ x[233]
x[126] = x[126] ^ x[193]
x[123] = x[123] ^ x[205]
x[125] = x[125] ^ x[196]
x[122] = x[122] ^ x[234]
x[121] = x[121] ^ x[229]
x[124] = x[124] ^ x[243]
x[120] = x[120] ^ x[198]
x[116] = x[116] ^ x[172]
x[113] = x[113] ^ x[175]
x[112] = x[112] ^ x[230]
x[111] = x[111] ^ x[163]
x[107] = x[107] ^ x[168]
x[97] = x[97] ^ x[221]
x[90] = x[90] ^ x[165]
x[89] = x[89] ^ x[226]
x[80] = x[80] ^ x[320]
x[72] = x[72] ^ x[286]
x[74] = x[74] ^ x[264]
x[82] = x[82] ^ x[265]
x[71] = x[71] ^ x[273]
x[73] = x[73] ^ x[319]
x[69] = x[69] ^ x[275]
x[61] = x[61] ^ x[270]
x[64] = x[64] ^ x[288]
x[60] = x[60] ^ x[255]
x[57] = x[57] ^ x[262]
x[58] = x[58] ^ x[287]
x[56] = x[56] ^ x[317]
x[54] = x[54] ^ x[282]
x[51] = x[51] ^ x[247]
x[50] = x[50] ^ x[278]
x[49] = x[49] ^ x[313]
x[46] = x[46] ^ x[298]
x[44] = x[44] ^ x[303]
x[48] = x[48] ^ x[299]
x[45] = x[45] ^ x[281]
x[33] = x[33] ^ x[274]
x[43] = x[43] ^ x[269]
x[40] = x[40] ^ x[323]
x[41] = x[41] ^ x[301]
x[34] = x[34] ^ x[300]
x[36] = x[36] ^ x[276]
x[31] = x[31] ^ x[308]
x[35] = x[35] ^ x[318]
x[27] = x[27] ^ x[307]
x[24] = x[24] ^ x[279]
x[18] = x[18] ^ x[310]
x[11] = x[11] ^ x[277]
x[7] = x[7] ^ x[302]
x[15] = x[15] ^ x[305]
x[10] = x[10] ^ x[304]
x[13] = x[13] ^ x[297]
x[6] = x[6] ^ x[294]
x[12] = x[12] ^ x[284]
x[4] = x[4] ^ x[289]
x[2] = x[2] ^ x[296]
x[1] = x[1] ^ x[292]
x[3] = x[3] ^ x[280]
x[0] = x[0] ^ x[306]
x[47] = x[47] ^ x[270]
x[28] = x[28] ^ x[296]
x[105] = x[105] ^ x[164]
x[104] = x[104] ^ x[166]
x[62] = x[62] ^ x[266]
x[39] = x[39] ^ x[322]
x[118] = x[118] ^ x[185]
x[92] = x[92] ^ x[163]
x[110] = x[110] ^ x[211]
x[98] = x[98] ^ x[168]
x[84] = x[84] ^ x[162]
x[109] = x[109] ^ x[227]
x[91] = x[91] ^ x[218]
x[85] = x[85] ^ x[217]
x[14] = x[14] ^ x[289]
x[16] = x[16] ^ x[297]
x[103] = x[103] ^ x[181]
x[157] = x[157] ^ x[254]
x[115] = x[115] ^ x[222]
x[114] = x[114] ^ x[179]
x[99] = x[99] ^ x[173]
x[78] = x[78] ^ x[219]
x[70] = x[70] ^ x[321]
x[63] = x[63] ^ x[259]
x[55] = x[55] ^ x[316]
x[52] = x[52] ^ x[261]
x[161] = x[161] ^ x[230]
x[158] = x[158] ^ x[252]
x[160] = x[160] ^ x[182]
x[159] = x[159] ^ x[244]
x[152] = x[152] ^ x[231]
x[156] = x[156] ^ x[212]
x[150] = x[150] ^ x[246]
x[154] = x[154] ^ x[223]
x[155] = x[155] ^ x[213]
x[153] = x[153] ^ x[189]
x[151] = x[151] ^ x[208]
x[147] = x[147] ^ x[233]
x[146] = x[146] ^ x[191]
x[142] = x[142] ^ x[204]
x[148] = x[148] ^ x[209]
x[149] = x[149] ^ x[194]
x[145] = x[145] ^ x[205]
x[144] = x[144] ^ x[180]
x[143] = x[143] ^ x[199]
x[141] = x[141] ^ x[214]
x[139] = x[139] ^ x[201]
x[140] = x[140] ^ x[171]
x[136] = x[136] ^ x[278]
x[138] = x[138] ^ x[250]
x[137] = x[137] ^ x[243]
x[133] = x[133] ^ x[220]
x[129] = x[129] ^ x[215]
x[132] = x[132] ^ x[241]
x[131] = x[131] ^ x[186]
x[130] = x[130] ^ x[195]
x[127] = x[127] ^ x[176]
x[135] = x[135] ^ x[190]
x[128] = x[128] ^ x[202]
x[134] = x[134] ^ x[238]
x[126] = x[126] ^ x[183]
x[123] = x[123] ^ x[193]
x[125] = x[125] ^ x[167]
x[122] = x[122] ^ x[253]
x[121] = x[121] ^ x[206]
x[124] = x[124] ^ x[178]
x[120] = x[120] ^ x[247]
x[116] = x[116] ^ x[196]
x[117] = x[117] ^ x[234]
x[113] = x[113] ^ x[169]
x[112] = x[112] ^ x[225]
x[111] = x[111] ^ x[172]
x[107] = x[107] ^ x[175]
x[97] = x[97] ^ x[210]
x[93] = x[93] ^ x[198]
x[90] = x[90] ^ x[314]
x[89] = x[89] ^ x[207]
x[83] = x[83] ^ x[174]
x[74] = x[74] ^ x[286]
x[82] = x[82] ^ x[284]
x[71] = x[71] ^ x[267]
x[68] = x[68] ^ x[269]
x[69] = x[69] ^ x[264]
x[61] = x[61] ^ x[324]
x[64] = x[64] ^ x[290]
x[60] = x[60] ^ x[275]
x[59] = x[59] ^ x[255]
x[58] = x[58] ^ x[262]
x[56] = x[56] ^ x[318]
x[53] = x[53] ^ x[305]
x[51] = x[51] ^ x[245]
x[50] = x[50] ^ x[256]
x[49] = x[49] ^ x[320]
x[46] = x[46] ^ x[301]
x[44] = x[44] ^ x[311]
x[48] = x[48] ^ x[273]
x[45] = x[45] ^ x[287]
x[33] = x[33] ^ x[317]
x[43] = x[43] ^ x[268]
x[42] = x[42] ^ x[319]
x[40] = x[40] ^ x[288]
x[41] = x[41] ^ x[298]
x[34] = x[34] ^ x[312]
x[36] = x[36] ^ x[291]
x[32] = x[32] ^ x[294]
x[31] = x[31] ^ x[279]
x[35] = x[35] ^ x[310]
x[27] = x[27] ^ x[274]
x[37] = x[37] ^ x[299]
x[24] = x[24] ^ x[272]
x[29] = x[29] ^ x[323]
x[21] = x[21] ^ x[282]
x[19] = x[19] ^ x[313]
x[17] = x[17] ^ x[302]
x[20] = x[20] ^ x[307]
x[18] = x[18] ^ x[276]
x[7] = x[7] ^ x[292]
x[15] = x[15] ^ x[304]
x[10] = x[10] ^ x[303]
x[13] = x[13] ^ x[293]
x[5] = x[5] ^ x[308]
x[6] = x[6] ^ x[295]
x[12] = x[12] ^ x[281]
x[4] = x[4] ^ x[277]
x[8] = x[8] ^ x[306]
x[2] = x[2] ^ x[300]
x[1] = x[1] ^ x[285]
x[3] = x[3] ^ x[315]
x[0] = x[0] ^ x[309]
x[260] = x[260] ^ x[250]
x[38] = x[38] ^ x[261]
x[30] = x[30] ^ x[321]
x[177] = x[177] ^ x[237]
x[28] = x[28] ^ x[293]
x[81] = x[81] ^ x[174]
x[86] = x[86] ^ x[165]
x[118] = x[118] ^ x[196]
x[105] = x[105] ^ x[175]
x[96] = x[96] ^ x[169]
x[88] = x[88] ^ x[163]
x[102] = x[102] ^ x[164]
x[62] = x[62] ^ x[246]
x[91] = x[91] ^ x[210]
x[39] = x[39] ^ x[309]
x[16] = x[16] ^ x[285]
x[103] = x[103] ^ x[168]
x[114] = x[114] ^ x[216]
x[110] = x[110] ^ x[221]
x[99] = x[99] ^ x[162]
x[85] = x[85] ^ x[211]
x[78] = x[78] ^ x[218]
x[57] = x[57] ^ x[322]
x[11] = x[11] ^ x[289]
x[161] = x[161] ^ x[238]
x[158] = x[158] ^ x[236]
x[160] = x[160] ^ x[244]
x[157] = x[157] ^ x[241]
x[159] = x[159] ^ x[230]
x[152] = x[152] ^ x[253]
x[156] = x[156] ^ x[234]
x[150] = x[150] ^ x[203]
x[154] = x[154] ^ x[212]
x[155] = x[155] ^ x[191]
x[153] = x[153] ^ x[245]
x[151] = x[151] ^ x[242]
x[147] = x[147] ^ x[188]
x[146] = x[146] ^ x[197]
x[142] = x[142] ^ x[190]
x[148] = x[148] ^ x[217]
x[149] = x[149] ^ x[182]
x[145] = x[145] ^ x[249]
x[144] = x[144] ^ x[214]
x[143] = x[143] ^ x[200]
x[141] = x[141] ^ x[208]
x[139] = x[139] ^ x[199]
x[140] = x[140] ^ x[223]
x[136] = x[136] ^ x[205]
x[138] = x[138] ^ x[247]
x[137] = x[137] ^ x[201]
x[133] = x[133] ^ x[192]
x[129] = x[129] ^ x[220]
x[132] = x[132] ^ x[233]
x[131] = x[131] ^ x[184]
x[130] = x[130] ^ x[222]
x[127] = x[127] ^ x[195]
x[135] = x[135] ^ x[202]
x[128] = x[128] ^ x[171]
x[134] = x[134] ^ x[226]
x[126] = x[126] ^ x[206]
x[123] = x[123] ^ x[178]
x[125] = x[125] ^ x[227]
x[122] = x[122] ^ x[231]
x[115] = x[115] ^ x[180]
x[121] = x[121] ^ x[167]
x[124] = x[124] ^ x[176]
x[120] = x[120] ^ x[193]
x[116] = x[116] ^ x[219]
x[108] = x[108] ^ x[186]
x[117] = x[117] ^ x[185]
x[113] = x[113] ^ x[166]
x[112] = x[112] ^ x[179]
x[111] = x[111] ^ x[318]
x[107] = x[107] ^ x[172]
x[109] = x[109] ^ x[207]
x[97] = x[97] ^ x[215]
x[93] = x[93] ^ x[173]
x[90] = x[90] ^ x[198]
x[89] = x[89] ^ x[204]
x[83] = x[83] ^ x[181]
x[80] = x[80] ^ x[314]
x[74] = x[74] ^ x[213]
x[75] = x[75] ^ x[310]
x[82] = x[82] ^ x[275]
x[71] = x[71] ^ x[281]
x[68] = x[68] ^ x[267]
x[69] = x[69] ^ x[266]
x[70] = x[70] ^ x[268]
x[63] = x[63] ^ x[319]
x[64] = x[64] ^ x[264]
x[60] = x[60] ^ x[265]
x[59] = x[59] ^ x[259]
x[58] = x[58] ^ x[276]
x[56] = x[56] ^ x[306]
x[55] = x[55] ^ x[315]
x[53] = x[53] ^ x[311]
x[54] = x[54] ^ x[255]
x[51] = x[51] ^ x[252]
x[50] = x[50] ^ x[262]
x[52] = x[52] ^ x[302]
x[49] = x[49] ^ x[256]
x[46] = x[46] ^ x[312]
x[44] = x[44] ^ x[287]
x[48] = x[48] ^ x[316]
x[45] = x[45] ^ x[278]
x[33] = x[33] ^ x[313]
x[43] = x[43] ^ x[270]
x[42] = x[42] ^ x[317]
x[40] = x[40] ^ x[295]
x[41] = x[41] ^ x[280]
x[34] = x[34] ^ x[288]
x[36] = x[36] ^ x[307]
x[32] = x[32] ^ x[305]
x[31] = x[31] ^ x[269]
x[26] = x[26] ^ x[320]
x[27] = x[27] ^ x[296]
x[37] = x[37] ^ x[298]
x[24] = x[24] ^ x[274]
x[29] = x[29] ^ x[324]
x[21] = x[21] ^ x[290]
x[19] = x[19] ^ x[308]
x[17] = x[17] ^ x[272]
x[20] = x[20] ^ x[303]
x[14] = x[14] ^ x[277]
x[7] = x[7] ^ x[286]
x[15] = x[15] ^ x[300]
x[10] = x[10] ^ x[294]
x[13] = x[13] ^ x[292]
x[5] = x[5] ^ x[299]
x[6] = x[6] ^ x[297]
x[12] = x[12] ^ x[273]
x[4] = x[4] ^ x[284]
x[8] = x[8] ^ x[304]
x[2] = x[2] ^ x[291]
x[1] = x[1] ^ x[282]
x[3] = x[3] ^ x[279]
x[0] = x[0] ^ x[301]
x[101] = x[101] ^ x[234]
x[105] = x[105] ^ x[238]
x[98] = x[98] ^ x[217]
x[30] = x[30] ^ x[311]
x[100] = x[100] ^ x[166]
x[118] = x[118] ^ x[253]
x[76] = x[76] ^ x[308]
x[67] = x[67] ^ x[306]
x[102] = x[102] ^ x[324]
x[95] = x[95] ^ x[164]
x[88] = x[88] ^ x[169]
x[81] = x[81] ^ x[162]
x[92] = x[92] ^ x[181]
x[119] = x[119] ^ x[236]
x[103] = x[103] ^ x[170]
x[96] = x[96] ^ x[168]
x[99] = x[99] ^ x[309]
x[85] = x[85] ^ x[165]
x[57] = x[57] ^ x[246]
x[161] = x[161] ^ x[224]
x[158] = x[158] ^ x[227]
x[160] = x[160] ^ x[240]
x[157] = x[157] ^ x[210]
x[159] = x[159] ^ x[221]
x[152] = x[152] ^ x[218]
x[156] = x[156] ^ x[251]
x[150] = x[150] ^ x[200]
x[154] = x[154] ^ x[263]
x[155] = x[155] ^ x[245]
x[153] = x[153] ^ x[230]
x[151] = x[151] ^ x[241]
x[147] = x[147] ^ x[212]
x[146] = x[146] ^ x[257]
x[142] = x[142] ^ x[215]
x[148] = x[148] ^ x[204]
x[149] = x[149] ^ x[244]
x[145] = x[145] ^ x[182]
x[144] = x[144] ^ x[208]
x[143] = x[143] ^ x[191]
x[141] = x[141] ^ x[188]
x[139] = x[139] ^ x[197]
x[140] = x[140] ^ x[220]
x[136] = x[136] ^ x[214]
x[138] = x[138] ^ x[194]
x[137] = x[137] ^ x[207]
x[133] = x[133] ^ x[205]
x[129] = x[129] ^ x[237]
x[132] = x[132] ^ x[202]
x[131] = x[131] ^ x[250]
x[130] = x[130] ^ x[201]
x[127] = x[127] ^ x[225]
x[135] = x[135] ^ x[184]
x[128] = x[128] ^ x[176]
x[134] = x[134] ^ x[199]
x[126] = x[126] ^ x[175]
x[123] = x[123] ^ x[171]
x[125] = x[125] ^ x[195]
x[122] = x[122] ^ x[223]
x[115] = x[115] ^ x[178]
x[121] = x[121] ^ x[180]
x[124] = x[124] ^ x[167]
x[120] = x[120] ^ x[216]
x[116] = x[116] ^ x[190]
x[108] = x[108] ^ x[247]
x[114] = x[114] ^ x[206]
x[117] = x[117] ^ x[186]
x[113] = x[113] ^ x[231]
x[112] = x[112] ^ x[196]
x[110] = x[110] ^ x[219]
x[111] = x[111] ^ x[185]
x[107] = x[107] ^ x[222]
x[109] = x[109] ^ x[172]
x[97] = x[97] ^ x[179]
x[93] = x[93] ^ x[193]
x[90] = x[90] ^ x[174]
x[89] = x[89] ^ x[198]
x[83] = x[83] ^ x[163]
x[91] = x[91] ^ x[276]
x[80] = x[80] ^ x[321]
x[78] = x[78] ^ x[213]
x[72] = x[72] ^ x[281]
x[74] = x[74] ^ x[211]
x[71] = x[71] ^ x[262]
x[68] = x[68] ^ x[258]
x[69] = x[69] ^ x[267]
x[70] = x[70] ^ x[278]
x[61] = x[61] ^ x[275]
x[64] = x[64] ^ x[301]
x[60] = x[60] ^ x[264]
x[62] = x[62] ^ x[298]
x[59] = x[59] ^ x[269]
x[58] = x[58] ^ x[259]
x[56] = x[56] ^ x[268]
x[55] = x[55] ^ x[318]
x[53] = x[53] ^ x[316]
x[54] = x[54] ^ x[322]
x[51] = x[51] ^ x[243]
x[50] = x[50] ^ x[255]
x[52] = x[52] ^ x[317]
x[49] = x[49] ^ x[315]
x[46] = x[46] ^ x[286]
x[44] = x[44] ^ x[256]
x[48] = x[48] ^ x[312]
x[45] = x[45] ^ x[261]
x[33] = x[33] ^ x[307]
x[43] = x[43] ^ x[265]
x[42] = x[42] ^ x[283]
x[40] = x[40] ^ x[319]
x[41] = x[41] ^ x[291]
x[39] = x[39] ^ x[287]
x[34] = x[34] ^ x[302]
x[36] = x[36] ^ x[280]
x[32] = x[32] ^ x[313]
x[31] = x[31] ^ x[266]
x[28] = x[28] ^ x[299]
x[35] = x[35] ^ x[314]
x[27] = x[27] ^ x[294]
x[37] = x[37] ^ x[288]
x[24] = x[24] ^ x[273]
x[29] = x[29] ^ x[320]
x[21] = x[21] ^ x[270]
x[19] = x[19] ^ x[305]
x[17] = x[17] ^ x[279]
x[20] = x[20] ^ x[300]
x[11] = x[11] ^ x[295]
x[14] = x[14] ^ x[296]
x[7] = x[7] ^ x[277]
x[15] = x[15] ^ x[289]
x[16] = x[16] ^ x[292]
x[10] = x[10] ^ x[297]
x[13] = x[13] ^ x[285]
x[5] = x[5] ^ x[303]
x[6] = x[6] ^ x[293]
x[12] = x[12] ^ x[272]
x[4] = x[4] ^ x[282]
x[8] = x[8] ^ x[310]
x[2] = x[2] ^ x[290]
x[1] = x[1] ^ x[284]
x[3] = x[3] ^ x[274]
x[0] = x[0] ^ x[304]
x[38] = x[38] ^ x[278]
x[106] = x[106] ^ x[174]
x[104] = x[104] ^ x[322]
x[86] = x[86] ^ x[163]
x[9] = x[9] ^ x[315]
x[100] = x[100] ^ x[170]
x[105] = x[105] ^ x[235]
x[98] = x[98] ^ x[219]
x[95] = x[95] ^ x[166]
x[87] = x[87] ^ x[164]
x[81] = x[81] ^ x[165]
x[22] = x[22] ^ x[316]
x[92] = x[92] ^ x[175]
x[76] = x[76] ^ x[210]
x[65] = x[65] ^ x[323]
x[99] = x[99] ^ x[229]
x[84] = x[84] ^ x[324]
x[82] = x[82] ^ x[271]
x[57] = x[57] ^ x[309]
x[161] = x[161] ^ x[206]
x[158] = x[158] ^ x[263]
x[160] = x[160] ^ x[257]
x[157] = x[157] ^ x[251]
x[159] = x[159] ^ x[209]
x[152] = x[152] ^ x[237]
x[156] = x[156] ^ x[221]
x[150] = x[150] ^ x[244]
x[154] = x[154] ^ x[236]
x[155] = x[155] ^ x[247]
x[153] = x[153] ^ x[213]
x[151] = x[151] ^ x[246]
x[147] = x[147] ^ x[249]
x[146] = x[146] ^ x[242]
x[142] = x[142] ^ x[180]
x[148] = x[148] ^ x[250]
x[149] = x[149] ^ x[240]
x[145] = x[145] ^ x[228]
x[144] = x[144] ^ x[200]
x[143] = x[143] ^ x[182]
x[141] = x[141] ^ x[230]
x[139] = x[139] ^ x[208]
x[140] = x[140] ^ x[197]
x[136] = x[136] ^ x[191]
x[138] = x[138] ^ x[243]
x[137] = x[137] ^ x[188]
x[133] = x[133] ^ x[214]
x[129] = x[129] ^ x[203]
x[132] = x[132] ^ x[226]
x[131] = x[131] ^ x[189]
x[130] = x[130] ^ x[194]
x[127] = x[127] ^ x[192]
x[135] = x[135] ^ x[227]
x[128] = x[128] ^ x[184]
x[134] = x[134] ^ x[198]
x[126] = x[126] ^ x[162]
x[123] = x[123] ^ x[183]
x[125] = x[125] ^ x[201]
x[122] = x[122] ^ x[202]
x[119] = x[119] ^ x[205]
x[115] = x[115] ^ x[171]
x[121] = x[121] ^ x[253]
x[124] = x[124] ^ x[195]
x[120] = x[120] ^ x[176]
x[116] = x[116] ^ x[167]
x[118] = x[118] ^ x[245]
x[108] = x[108] ^ x[178]
x[114] = x[114] ^ x[190]
x[117] = x[117] ^ x[233]
x[113] = x[113] ^ x[193]
x[112] = x[112] ^ x[223]
x[110] = x[110] ^ x[196]
x[111] = x[111] ^ x[168]
x[107] = x[107] ^ x[186]
x[101] = x[101] ^ x[215]
x[109] = x[109] ^ x[220]
x[103] = x[103] ^ x[185]
x[102] = x[102] ^ x[172]
x[96] = x[96] ^ x[305]
x[97] = x[97] ^ x[204]
x[93] = x[93] ^ x[312]
x[88] = x[88] ^ x[199]
x[90] = x[90] ^ x[173]
x[89] = x[89] ^ x[179]
x[83] = x[83] ^ x[169]
x[91] = x[91] ^ x[320]
x[85] = x[85] ^ x[218]
x[80] = x[80] ^ x[217]
x[78] = x[78] ^ x[181]
x[72] = x[72] ^ x[297]
x[74] = x[74] ^ x[216]
x[75] = x[75] ^ x[207]
x[73] = x[73] ^ x[262]
x[70] = x[70] ^ x[280]
x[63] = x[63] ^ x[258]
x[61] = x[61] ^ x[269]
x[64] = x[64] ^ x[286]
x[62] = x[62] ^ x[265]
x[59] = x[59] ^ x[266]
x[58] = x[58] ^ x[254]
x[55] = x[55] ^ x[268]
x[53] = x[53] ^ x[299]
x[54] = x[54] ^ x[319]
x[51] = x[51] ^ x[241]
x[50] = x[50] ^ x[259]
x[52] = x[52] ^ x[255]
x[49] = x[49] ^ x[314]
x[46] = x[46] ^ x[260]
x[48] = x[48] ^ x[296]
x[45] = x[45] ^ x[270]
x[33] = x[33] ^ x[310]
x[43] = x[43] ^ x[256]
x[42] = x[42] ^ x[306]
x[40] = x[40] ^ x[301]
x[41] = x[41] ^ x[292]
x[39] = x[39] ^ x[282]
x[34] = x[34] ^ x[298]
x[36] = x[36] ^ x[303]
x[32] = x[32] ^ x[307]
x[31] = x[31] ^ x[264]
x[30] = x[30] ^ x[313]
x[28] = x[28] ^ x[261]
x[35] = x[35] ^ x[308]
x[26] = x[26] ^ x[318]
x[27] = x[27] ^ x[291]
x[37] = x[37] ^ x[287]
x[24] = x[24] ^ x[275]
x[29] = x[29] ^ x[311]
x[21] = x[21] ^ x[267]
x[23] = x[23] ^ x[317]
x[19] = x[19] ^ x[304]
x[17] = x[17] ^ x[290]
x[20] = x[20] ^ x[293]
x[11] = x[11] ^ x[274]
x[14] = x[14] ^ x[284]
x[7] = x[7] ^ x[281]
x[15] = x[15] ^ x[294]
x[16] = x[16] ^ x[288]
x[10] = x[10] ^ x[277]
x[13] = x[13] ^ x[283]
x[5] = x[5] ^ x[295]
x[6] = x[6] ^ x[285]
x[12] = x[12] ^ x[276]
x[4] = x[4] ^ x[279]
x[8] = x[8] ^ x[300]
x[2] = x[2] ^ x[289]
x[1] = x[1] ^ x[273]
x[3] = x[3] ^ x[272]
x[0] = x[0] ^ x[302]
x[47] = x[47] ^ x[324]
x[38] = x[38] ^ x[321]
x[77] = x[77] ^ x[170]
x[106] = x[106] ^ x[173]
x[104] = x[104] ^ x[181]
x[95] = x[95] ^ x[168]
x[67] = x[67] ^ x[308]
x[22] = x[22] ^ x[311]
x[98] = x[98] ^ x[210]
x[161] = x[161] ^ x[248]
x[158] = x[158] ^ x[249]
x[160] = x[160] ^ x[232]
x[157] = x[157] ^ x[242]
x[159] = x[159] ^ x[245]
x[152] = x[152] ^ x[257]
x[156] = x[156] ^ x[236]
x[150] = x[150] ^ x[230]
x[154] = x[154] ^ x[221]
x[155] = x[155] ^ x[224]
x[153] = x[153] ^ x[228]
x[151] = x[151] ^ x[238]
x[147] = x[147] ^ x[223]
x[146] = x[146] ^ x[219]
x[142] = x[142] ^ x[207]
x[148] = x[148] ^ x[251]
x[149] = x[149] ^ x[227]
x[145] = x[145] ^ x[212]
x[144] = x[144] ^ x[253]
x[143] = x[143] ^ x[217]
x[141] = x[141] ^ x[220]
x[139] = x[139] ^ x[191]
x[140] = x[140] ^ x[222]
x[136] = x[136] ^ x[182]
x[138] = x[138] ^ x[241]
x[137] = x[137] ^ x[208]
x[133] = x[133] ^ x[203]
x[129] = x[129] ^ x[201]
x[132] = x[132] ^ x[206]
x[131] = x[131] ^ x[188]
x[130] = x[130] ^ x[189]
x[127] = x[127] ^ x[197]
x[135] = x[135] ^ x[192]
x[128] = x[128] ^ x[209]
x[134] = x[134] ^ x[225]
x[126] = x[126] ^ x[194]
x[123] = x[123] ^ x[231]
x[125] = x[125] ^ x[183]
x[122] = x[122] ^ x[218]
x[119] = x[119] ^ x[213]
x[115] = x[115] ^ x[195]
x[121] = x[121] ^ x[204]
x[124] = x[124] ^ x[171]
x[120] = x[120] ^ x[184]
x[116] = x[116] ^ x[178]
x[118] = x[118] ^ x[198]
x[108] = x[108] ^ x[176]
x[114] = x[114] ^ x[167]
x[117] = x[117] ^ x[196]
x[113] = x[113] ^ x[190]
x[112] = x[112] ^ x[180]
x[110] = x[110] ^ x[179]
x[111] = x[111] ^ x[169]
x[107] = x[107] ^ x[214]
x[105] = x[105] ^ x[186]
x[101] = x[101] ^ x[164]
x[109] = x[109] ^ x[216]
x[103] = x[103] ^ x[235]
x[102] = x[102] ^ x[165]
x[100] = x[100] ^ x[193]
x[96] = x[96] ^ x[163]
x[97] = x[97] ^ x[166]
x[99] = x[99] ^ x[226]
x[93] = x[93] ^ x[185]
x[88] = x[88] ^ x[175]
x[90] = x[90] ^ x[211]
x[89] = x[89] ^ x[172]
x[91] = x[91] ^ x[205]
x[85] = x[85] ^ x[199]
x[84] = x[84] ^ x[318]
x[79] = x[79] ^ x[320]
x[80] = x[80] ^ x[162]
x[78] = x[78] ^ x[174]
x[76] = x[76] ^ x[202]
x[74] = x[74] ^ x[273]
x[75] = x[75] ^ x[200]
x[71] = x[71] ^ x[260]
x[66] = x[66] ^ x[292]
x[69] = x[69] ^ x[263]
x[65] = x[65] ^ x[301]
x[70] = x[70] ^ x[314]
x[63] = x[63] ^ x[307]
x[61] = x[61] ^ x[304]
x[64] = x[64] ^ x[275]
x[60] = x[60] ^ x[258]
x[62] = x[62] ^ x[243]
x[59] = x[59] ^ x[306]
x[57] = x[57] ^ x[276]
x[58] = x[58] ^ x[215]
x[56] = x[56] ^ x[269]
x[55] = x[55] ^ x[319]
x[53] = x[53] ^ x[246]
x[54] = x[54] ^ x[268]
x[51] = x[51] ^ x[237]
x[50] = x[50] ^ x[323]
x[52] = x[52] ^ x[267]
x[49] = x[49] ^ x[309]
x[46] = x[46] ^ x[255]
x[44] = x[44] ^ x[312]
x[48] = x[48] ^ x[259]
x[45] = x[45] ^ x[290]
x[33] = x[33] ^ x[281]
x[43] = x[43] ^ x[271]
x[42] = x[42] ^ x[302]
x[40] = x[40] ^ x[279]
x[41] = x[41] ^ x[283]
x[39] = x[39] ^ x[303]
x[34] = x[34] ^ x[282]
x[36] = x[36] ^ x[294]
x[32] = x[32] ^ x[296]
x[31] = x[31] ^ x[262]
x[30] = x[30] ^ x[317]
x[28] = x[28] ^ x[264]
x[35] = x[35] ^ x[305]
x[26] = x[26] ^ x[313]
x[27] = x[27] ^ x[293]
x[37] = x[37] ^ x[297]
x[24] = x[24] ^ x[270]
x[29] = x[29] ^ x[316]
x[21] = x[21] ^ x[256]
x[23] = x[23] ^ x[315]
x[19] = x[19] ^ x[300]
x[17] = x[17] ^ x[261]
x[20] = x[20] ^ x[288]
x[11] = x[11] ^ x[280]
x[14] = x[14] ^ x[285]
x[7] = x[7] ^ x[272]
x[15] = x[15] ^ x[291]
x[16] = x[16] ^ x[284]
x[10] = x[10] ^ x[289]
x[13] = x[13] ^ x[277]
x[5] = x[5] ^ x[298]
x[6] = x[6] ^ x[287]
x[12] = x[12] ^ x[266]
x[9] = x[9] ^ x[310]
x[4] = x[4] ^ x[278]
x[8] = x[8] ^ x[295]
x[2] = x[2] ^ x[286]
x[1] = x[1] ^ x[274]
x[3] = x[3] ^ x[265]
x[0] = x[0] ^ x[299]
x[38] = x[38] ^ x[255]
x[25] = x[25] ^ x[321]
x[47] = x[47] ^ x[315]
x[106] = x[106] ^ x[162]
x[92] = x[92] ^ x[166]
x[86] = x[86] ^ x[306]
x[81] = x[81] ^ x[323]
x[22] = x[22] ^ x[308]
x[161] = x[161] ^ x[254]
x[158] = x[158] ^ x[248]
x[160] = x[160] ^ x[237]
x[157] = x[157] ^ x[249]
x[159] = x[159] ^ x[242]
x[152] = x[152] ^ x[226]
x[156] = x[156] ^ x[224]
x[150] = x[150] ^ x[218]
x[154] = x[154] ^ x[227]
x[155] = x[155] ^ x[221]
x[153] = x[153] ^ x[236]
x[151] = x[151] ^ x[230]
x[147] = x[147] ^ x[177]
x[146] = x[146] ^ x[229]
x[142] = x[142] ^ x[240]
x[148] = x[148] ^ x[228]
x[149] = x[149] ^ x[212]
x[145] = x[145] ^ x[211]
x[144] = x[144] ^ x[192]
x[143] = x[143] ^ x[209]
x[141] = x[141] ^ x[200]
x[139] = x[139] ^ x[244]
x[140] = x[140] ^ x[241]
x[136] = x[136] ^ x[217]
x[138] = x[138] ^ x[213]
x[137] = x[137] ^ x[191]
x[133] = x[133] ^ x[197]
x[129] = x[129] ^ x[182]
x[132] = x[132] ^ x[225]
x[131] = x[131] ^ x[220]
x[130] = x[130] ^ x[231]
x[127] = x[127] ^ x[188]
x[135] = x[135] ^ x[247]
x[128] = x[128] ^ x[189]
x[134] = x[134] ^ x[203]
x[126] = x[126] ^ x[219]
x[123] = x[123] ^ x[170]
x[125] = x[125] ^ x[214]
x[122] = x[122] ^ x[204]
x[119] = x[119] ^ x[184]
x[115] = x[115] ^ x[183]
x[121] = x[121] ^ x[187]
x[124] = x[124] ^ x[194]
x[120] = x[120] ^ x[171]
x[116] = x[116] ^ x[195]
x[118] = x[118] ^ x[222]
x[108] = x[108] ^ x[199]
x[114] = x[114] ^ x[178]
x[117] = x[117] ^ x[190]
x[113] = x[113] ^ x[176]
x[112] = x[112] ^ x[201]
x[110] = x[110] ^ x[202]
x[111] = x[111] ^ x[196]
x[104] = x[104] ^ x[167]
x[107] = x[107] ^ x[210]
x[105] = x[105] ^ x[223]
x[101] = x[101] ^ x[186]
x[109] = x[109] ^ x[180]
x[103] = x[103] ^ x[234]
x[102] = x[102] ^ x[185]
x[98] = x[98] ^ x[208]
x[100] = x[100] ^ x[179]
x[96] = x[96] ^ x[172]
x[95] = x[95] ^ x[169]
x[97] = x[97] ^ x[168]
x[99] = x[99] ^ x[207]
x[93] = x[93] ^ x[175]
x[90] = x[90] ^ x[193]
x[89] = x[89] ^ x[173]
x[83] = x[83] ^ x[164]
x[91] = x[91] ^ x[206]
x[85] = x[85] ^ x[163]
x[84] = x[84] ^ x[322]
x[79] = x[79] ^ x[216]
x[80] = x[80] ^ x[165]
x[78] = x[78] ^ x[215]
x[76] = x[76] ^ x[181]
x[72] = x[72] ^ x[319]
x[74] = x[74] ^ x[174]
x[75] = x[75] ^ x[198]
x[73] = x[73] ^ x[317]
x[68] = x[68] ^ x[320]
x[67] = x[67] ^ x[296]
x[69] = x[69] ^ x[307]
x[65] = x[65] ^ x[300]
x[70] = x[70] ^ x[318]
x[63] = x[63] ^ x[263]
x[61] = x[61] ^ x[297]
x[64] = x[64] ^ x[311]
x[60] = x[60] ^ x[267]
x[62] = x[62] ^ x[245]
x[59] = x[59] ^ x[265]
x[57] = x[57] ^ x[278]
x[58] = x[58] ^ x[205]
x[56] = x[56] ^ x[301]
x[55] = x[55] ^ x[277]
x[53] = x[53] ^ x[262]
x[54] = x[54] ^ x[316]
x[51] = x[51] ^ x[235]
x[50] = x[50] ^ x[243]
x[52] = x[52] ^ x[246]
x[49] = x[49] ^ x[302]
x[46] = x[46] ^ x[258]
x[44] = x[44] ^ x[266]
x[48] = x[48] ^ x[295]
x[45] = x[45] ^ x[268]
x[33] = x[33] ^ x[304]
x[43] = x[43] ^ x[260]
x[42] = x[42] ^ x[294]
x[40] = x[40] ^ x[256]
x[41] = x[41] ^ x[299]
x[39] = x[39] ^ x[292]
x[34] = x[34] ^ x[279]
x[36] = x[36] ^ x[290]
x[32] = x[32] ^ x[287]
x[31] = x[31] ^ x[253]
x[30] = x[30] ^ x[312]
x[28] = x[28] ^ x[286]
x[35] = x[35] ^ x[313]
x[26] = x[26] ^ x[310]
x[27] = x[27] ^ x[289]
x[37] = x[37] ^ x[259]
x[24] = x[24] ^ x[269]
x[29] = x[29] ^ x[305]
x[21] = x[21] ^ x[257]
x[23] = x[23] ^ x[314]
x[19] = x[19] ^ x[298]
x[17] = x[17] ^ x[275]
x[20] = x[20] ^ x[291]
x[18] = x[18] ^ x[264]
x[11] = x[11] ^ x[281]
x[14] = x[14] ^ x[270]
x[7] = x[7] ^ x[274]
x[15] = x[15] ^ x[285]
x[16] = x[16] ^ x[273]
x[10] = x[10] ^ x[280]
x[13] = x[13] ^ x[282]
x[5] = x[5] ^ x[288]
x[6] = x[6] ^ x[284]
x[12] = x[12] ^ x[261]
x[9] = x[9] ^ x[309]
x[4] = x[4] ^ x[276]
x[8] = x[8] ^ x[293]
x[2] = x[2] ^ x[283]
x[1] = x[1] ^ x[272]
x[3] = x[3] ^ x[271]
x[0] = x[0] ^ x[303]
x[38] = x[38] ^ x[273]
x[94] = x[94] ^ x[185]
x[25] = x[25] ^ x[322]
x[77] = x[77] ^ x[163]
x[47] = x[47] ^ x[243]
x[92] = x[92] ^ x[316]
x[87] = x[87] ^ x[175]
x[106] = x[106] ^ x[168]
x[161] = x[161] ^ x[222]
x[158] = x[158] ^ x[188]
x[160] = x[160] ^ x[173]
x[157] = x[157] ^ x[237]
x[159] = x[159] ^ x[252]
x[152] = x[152] ^ x[240]
x[156] = x[156] ^ x[293]
x[150] = x[150] ^ x[254]
x[154] = x[154] ^ x[226]
x[155] = x[155] ^ x[242]
x[153] = x[153] ^ x[181]
x[151] = x[151] ^ x[232]
x[147] = x[147] ^ x[236]
x[146] = x[146] ^ x[239]
x[142] = x[142] ^ x[233]
x[148] = x[148] ^ x[177]
x[149] = x[149] ^ x[228]
x[145] = x[145] ^ x[221]
x[144] = x[144] ^ x[250]
x[143] = x[143] ^ x[248]
x[141] = x[141] ^ x[212]
x[139] = x[139] ^ x[211]
x[140] = x[140] ^ x[208]
x[136] = x[136] ^ x[223]
x[138] = x[138] ^ x[225]
x[137] = x[137] ^ x[200]
x[133] = x[133] ^ x[213]
x[129] = x[129] ^ x[217]
x[132] = x[132] ^ x[182]
x[131] = x[131] ^ x[227]
x[130] = x[130] ^ x[215]
x[127] = x[127] ^ x[253]
x[135] = x[135] ^ x[203]
x[128] = x[128] ^ x[191]
x[134] = x[134] ^ x[189]
x[126] = x[126] ^ x[229]
x[123] = x[123] ^ x[219]
x[125] = x[125] ^ x[205]
x[122] = x[122] ^ x[207]
x[119] = x[119] ^ x[202]
x[115] = x[115] ^ x[192]
x[121] = x[121] ^ x[195]
x[124] = x[124] ^ x[187]
x[120] = x[120] ^ x[183]
x[116] = x[116] ^ x[194]
x[118] = x[118] ^ x[247]
x[108] = x[108] ^ x[198]
x[114] = x[114] ^ x[193]
x[117] = x[117] ^ x[230]
x[113] = x[113] ^ x[171]
x[112] = x[112] ^ x[209]
x[110] = x[110] ^ x[180]
x[111] = x[111] ^ x[184]
x[104] = x[104] ^ x[234]
x[107] = x[107] ^ x[190]
x[105] = x[105] ^ x[196]
x[101] = x[101] ^ x[204]
x[109] = x[109] ^ x[167]
x[103] = x[103] ^ x[224]
x[102] = x[102] ^ x[176]
x[98] = x[98] ^ x[186]
x[100] = x[100] ^ x[178]
x[96] = x[96] ^ x[235]
x[95] = x[95] ^ x[324]
x[97] = x[97] ^ x[310]
x[99] = x[99] ^ x[206]
x[93] = x[93] ^ x[170]
x[88] = x[88] ^ x[172]
x[90] = x[90] ^ x[166]
x[89] = x[89] ^ x[216]
x[91] = x[91] ^ x[164]
x[85] = x[85] ^ x[169]
x[84] = x[84] ^ x[321]
x[81] = x[81] ^ x[179]
x[79] = x[79] ^ x[218]
x[80] = x[80] ^ x[214]
x[78] = x[78] ^ x[319]
x[76] = x[76] ^ x[162]
x[72] = x[72] ^ x[312]
x[74] = x[74] ^ x[201]
x[75] = x[75] ^ x[197]
x[82] = x[82] ^ x[318]
x[73] = x[73] ^ x[174]
x[68] = x[68] ^ x[315]
x[66] = x[66] ^ x[165]
x[67] = x[67] ^ x[320]
x[69] = x[69] ^ x[210]
x[65] = x[65] ^ x[302]
x[70] = x[70] ^ x[317]
x[63] = x[63] ^ x[286]
x[61] = x[61] ^ x[260]
x[64] = x[64] ^ x[271]
x[60] = x[60] ^ x[263]
x[62] = x[62] ^ x[297]
x[57] = x[57] ^ x[265]
x[58] = x[58] ^ x[199]
x[56] = x[56] ^ x[307]
x[55] = x[55] ^ x[314]
x[53] = x[53] ^ x[306]
x[54] = x[54] ^ x[257]
x[51] = x[51] ^ x[231]
x[50] = x[50] ^ x[299]
x[52] = x[52] ^ x[241]
x[49] = x[49] ^ x[245]
x[46] = x[46] ^ x[246]
x[44] = x[44] ^ x[272]
x[48] = x[48] ^ x[262]
x[45] = x[45] ^ x[255]
x[33] = x[33] ^ x[298]
x[43] = x[43] ^ x[258]
x[42] = x[42] ^ x[285]
x[40] = x[40] ^ x[311]
x[41] = x[41] ^ x[295]
x[39] = x[39] ^ x[300]
x[34] = x[34] ^ x[256]
x[36] = x[36] ^ x[292]
x[32] = x[32] ^ x[303]
x[31] = x[31] ^ x[244]
x[30] = x[30] ^ x[309]
x[28] = x[28] ^ x[282]
x[35] = x[35] ^ x[296]
x[26] = x[26] ^ x[301]
x[27] = x[27] ^ x[283]
x[37] = x[37] ^ x[291]
x[24] = x[24] ^ x[268]
x[29] = x[29] ^ x[304]
x[22] = x[22] ^ x[305]
x[21] = x[21] ^ x[259]
x[23] = x[23] ^ x[313]
x[19] = x[19] ^ x[275]
x[17] = x[17] ^ x[267]
x[20] = x[20] ^ x[290]
x[18] = x[18] ^ x[288]
x[11] = x[11] ^ x[279]
x[14] = x[14] ^ x[276]
x[7] = x[7] ^ x[266]
x[15] = x[15] ^ x[277]
x[16] = x[16] ^ x[274]
x[10] = x[10] ^ x[284]
x[13] = x[13] ^ x[278]
x[5] = x[5] ^ x[280]
x[6] = x[6] ^ x[281]
x[12] = x[12] ^ x[264]
x[9] = x[9] ^ x[308]
x[4] = x[4] ^ x[270]
x[8] = x[8] ^ x[289]
x[2] = x[2] ^ x[287]
x[1] = x[1] ^ x[269]
x[3] = x[3] ^ x[261]
x[0] = x[0] ^ x[294]
x[38] = x[38] ^ x[251]
x[77] = x[77] ^ x[173]
x[87] = x[87] ^ x[170]
x[106] = x[106] ^ x[233]
x[86] = x[86] ^ x[175]
x[161] = x[161] ^ x[269]
x[158] = x[158] ^ x[259]
x[160] = x[160] ^ x[172]
x[157] = x[157] ^ x[193]
x[159] = x[159] ^ x[214]
x[152] = x[152] ^ x[244]
x[156] = x[156] ^ x[220]
x[150] = x[150] ^ x[249]
x[154] = x[154] ^ x[248]
x[155] = x[155] ^ x[229]
x[153] = x[153] ^ x[224]
x[151] = x[151] ^ x[236]
x[147] = x[147] ^ x[226]
x[146] = x[146] ^ x[222]
x[142] = x[142] ^ x[247]
x[148] = x[148] ^ x[253]
x[149] = x[149] ^ x[239]
x[145] = x[145] ^ x[242]
x[144] = x[144] ^ x[212]
x[143] = x[143] ^ x[221]
x[141] = x[141] ^ x[177]
x[139] = x[139] ^ x[237]
x[140] = x[140] ^ x[211]
x[136] = x[136] ^ x[230]
x[138] = x[138] ^ x[217]
x[133] = x[133] ^ x[208]
x[129] = x[129] ^ x[200]
x[132] = x[132] ^ x[215]
x[131] = x[131] ^ x[203]
x[130] = x[130] ^ x[182]
x[127] = x[127] ^ x[228]
x[135] = x[135] ^ x[197]
x[128] = x[128] ^ x[225]
x[134] = x[134] ^ x[188]
x[126] = x[126] ^ x[218]
x[123] = x[123] ^ x[191]
x[125] = x[125] ^ x[238]
x[122] = x[122] ^ x[189]
x[119] = x[119] ^ x[240]
x[115] = x[115] ^ x[201]
x[121] = x[121] ^ x[209]
x[124] = x[124] ^ x[192]
x[120] = x[120] ^ x[204]
x[116] = x[116] ^ x[206]
x[118] = x[118] ^ x[195]
x[108] = x[108] ^ x[235]
x[114] = x[114] ^ x[183]
x[117] = x[117] ^ x[227]
x[113] = x[113] ^ x[234]
x[112] = x[112] ^ x[171]
x[110] = x[110] ^ x[205]
x[111] = x[111] ^ x[187]
x[104] = x[104] ^ x[231]
x[107] = x[107] ^ x[318]
x[105] = x[105] ^ x[194]
x[101] = x[101] ^ x[184]
x[109] = x[109] ^ x[213]
x[103] = x[103] ^ x[223]
x[102] = x[102] ^ x[310]
x[98] = x[98] ^ x[207]
x[100] = x[100] ^ x[167]
x[96] = x[96] ^ x[178]
x[95] = x[95] ^ x[186]
x[97] = x[97] ^ x[202]
x[99] = x[99] ^ x[180]
x[92] = x[92] ^ x[190]
x[93] = x[93] ^ x[168]
x[88] = x[88] ^ x[216]
x[90] = x[90] ^ x[290]
x[89] = x[89] ^ x[181]
x[83] = x[83] ^ x[166]
x[91] = x[91] ^ x[176]
x[85] = x[85] ^ x[198]
x[84] = x[84] ^ x[314]
x[81] = x[81] ^ x[317]
x[79] = x[79] ^ x[179]
x[80] = x[80] ^ x[210]
x[78] = x[78] ^ x[163]
x[76] = x[76] ^ x[169]
x[72] = x[72] ^ x[162]
x[74] = x[74] ^ x[164]
x[75] = x[75] ^ x[196]
x[82] = x[82] ^ x[219]
x[71] = x[71] ^ x[257]
x[73] = x[73] ^ x[311]
x[68] = x[68] ^ x[174]
x[66] = x[66] ^ x[324]
x[67] = x[67] ^ x[165]
x[69] = x[69] ^ x[199]
x[65] = x[65] ^ x[312]
x[70] = x[70] ^ x[288]
x[63] = x[63] ^ x[271]
x[61] = x[61] ^ x[293]
x[64] = x[64] ^ x[263]
x[60] = x[60] ^ x[250]
x[62] = x[62] ^ x[319]
x[59] = x[59] ^ x[315]
x[57] = x[57] ^ x[301]
x[58] = x[58] ^ x[185]
x[56] = x[56] ^ x[299]
x[55] = x[55] ^ x[313]
x[53] = x[53] ^ x[292]
x[54] = x[54] ^ x[258]
x[51] = x[51] ^ x[232]
x[50] = x[50] ^ x[297]
x[52] = x[52] ^ x[306]
x[49] = x[49] ^ x[246]
x[46] = x[46] ^ x[241]
x[44] = x[44] ^ x[262]
x[48] = x[48] ^ x[255]
x[47] = x[47] ^ x[298]
x[45] = x[45] ^ x[245]
x[33] = x[33] ^ x[243]
x[43] = x[43] ^ x[254]
x[42] = x[42] ^ x[304]
x[40] = x[40] ^ x[286]
x[41] = x[41] ^ x[285]
x[39] = x[39] ^ x[291]
x[34] = x[34] ^ x[273]
x[36] = x[36] ^ x[265]
x[32] = x[32] ^ x[309]
x[31] = x[31] ^ x[321]
x[30] = x[30] ^ x[308]
x[28] = x[28] ^ x[272]
x[35] = x[35] ^ x[302]
x[26] = x[26] ^ x[294]
x[27] = x[27] ^ x[279]
x[37] = x[37] ^ x[274]
x[24] = x[24] ^ x[323]
x[29] = x[29] ^ x[303]
x[22] = x[22] ^ x[307]
x[25] = x[25] ^ x[320]
x[21] = x[21] ^ x[316]
x[23] = x[23] ^ x[305]
x[19] = x[19] ^ x[287]
x[17] = x[17] ^ x[260]
x[20] = x[20] ^ x[289]
x[18] = x[18] ^ x[277]
x[11] = x[11] ^ x[261]
x[14] = x[14] ^ x[282]
x[7] = x[7] ^ x[267]
x[15] = x[15] ^ x[278]
x[16] = x[16] ^ x[268]
x[10] = x[10] ^ x[281]
x[13] = x[13] ^ x[275]
x[5] = x[5] ^ x[283]
x[6] = x[6] ^ x[276]
x[12] = x[12] ^ x[256]
x[9] = x[9] ^ x[300]
x[4] = x[4] ^ x[266]
x[8] = x[8] ^ x[280]
x[2] = x[2] ^ x[284]
x[1] = x[1] ^ x[270]
x[3] = x[3] ^ x[264]
x[0] = x[0] ^ x[296]
x[94] = x[94] ^ x[223]
x[38] = x[38] ^ x[319]
x[161] = x[161] ^ x[270]
x[160] = x[160] ^ x[185]
x[157] = x[157] ^ x[197]
x[159] = x[159] ^ x[218]
x[152] = x[152] ^ x[252]
x[156] = x[156] ^ x[210]
x[150] = x[150] ^ x[199]
x[154] = x[154] ^ x[244]
x[155] = x[155] ^ x[239]
x[153] = x[153] ^ x[234]
x[151] = x[151] ^ x[224]
x[147] = x[147] ^ x[248]
x[146] = x[146] ^ x[226]
x[142] = x[142] ^ x[236]
x[148] = x[148] ^ x[198]
x[149] = x[149] ^ x[238]
x[145] = x[145] ^ x[229]
x[144] = x[144] ^ x[240]
x[143] = x[143] ^ x[231]
x[141] = x[141] ^ x[232]
x[139] = x[139] ^ x[235]
x[140] = x[140] ^ x[237]
x[136] = x[136] ^ x[212]
x[138] = x[138] ^ x[227]
x[137] = x[137] ^ x[186]
x[133] = x[133] ^ x[177]
x[129] = x[129] ^ x[209]
x[132] = x[132] ^ x[222]
x[131] = x[131] ^ x[208]
x[130] = x[130] ^ x[217]
x[127] = x[127] ^ x[242]
x[128] = x[128] ^ x[182]
x[134] = x[134] ^ x[215]
x[126] = x[126] ^ x[188]
x[123] = x[123] ^ x[221]
x[125] = x[125] ^ x[220]
x[122] = x[122] ^ x[191]
x[119] = x[119] ^ x[228]
x[115] = x[115] ^ x[189]
x[121] = x[121] ^ x[200]
x[124] = x[124] ^ x[173]
x[120] = x[120] ^ x[192]
x[116] = x[116] ^ x[216]
x[118] = x[118] ^ x[213]
x[108] = x[108] ^ x[203]
x[114] = x[114] ^ x[195]
x[117] = x[117] ^ x[194]
x[113] = x[113] ^ x[201]
x[112] = x[112] ^ x[193]
x[110] = x[110] ^ x[171]
x[111] = x[111] ^ x[219]
x[104] = x[104] ^ x[205]
x[107] = x[107] ^ x[321]
x[105] = x[105] ^ x[183]
x[106] = x[106] ^ x[225]
x[101] = x[101] ^ x[187]
x[109] = x[109] ^ x[211]
x[103] = x[103] ^ x[202]
x[102] = x[102] ^ x[312]
x[98] = x[98] ^ x[204]
x[100] = x[100] ^ x[180]
x[96] = x[96] ^ x[233]
x[95] = x[95] ^ x[318]
x[97] = x[97] ^ x[190]
x[99] = x[99] ^ x[167]
x[92] = x[92] ^ x[176]
x[93] = x[93] ^ x[178]
x[88] = x[88] ^ x[214]
x[90] = x[90] ^ x[168]
x[89] = x[89] ^ x[320]
x[87] = x[87] ^ x[172]
x[83] = x[83] ^ x[206]
x[86] = x[86] ^ x[166]
x[91] = x[91] ^ x[181]
x[85] = x[85] ^ x[184]
x[84] = x[84] ^ x[175]
x[77] = x[77] ^ x[313]
x[81] = x[81] ^ x[314]
x[79] = x[79] ^ x[324]
x[80] = x[80] ^ x[170]
x[78] = x[78] ^ x[169]
x[76] = x[76] ^ x[163]
x[72] = x[72] ^ x[306]
x[74] = x[74] ^ x[196]
x[75] = x[75] ^ x[179]
x[82] = x[82] ^ x[162]
x[71] = x[71] ^ x[283]
x[73] = x[73] ^ x[308]
x[68] = x[68] ^ x[263]
x[66] = x[66] ^ x[174]
x[67] = x[67] ^ x[291]
x[69] = x[69] ^ x[316]
x[65] = x[65] ^ x[295]
x[70] = x[70] ^ x[165]
x[63] = x[63] ^ x[164]
x[61] = x[61] ^ x[310]
x[64] = x[64] ^ x[207]
x[60] = x[60] ^ x[249]
x[62] = x[62] ^ x[282]
x[59] = x[59] ^ x[250]
x[57] = x[57] ^ x[254]
x[58] = x[58] ^ x[323]
x[56] = x[56] ^ x[305]
x[55] = x[55] ^ x[292]
x[53] = x[53] ^ x[290]
x[54] = x[54] ^ x[269]
x[51] = x[51] ^ x[230]
x[50] = x[50] ^ x[268]
x[52] = x[52] ^ x[309]
x[49] = x[49] ^ x[307]
x[46] = x[46] ^ x[271]
x[44] = x[44] ^ x[304]
x[48] = x[48] ^ x[285]
x[47] = x[47] ^ x[245]
x[45] = x[45] ^ x[241]
x[33] = x[33] ^ x[299]
x[43] = x[43] ^ x[246]
x[42] = x[42] ^ x[243]
x[40] = x[40] ^ x[262]
x[41] = x[41] ^ x[259]
x[39] = x[39] ^ x[251]
x[34] = x[34] ^ x[281]
x[36] = x[36] ^ x[286]
x[32] = x[32] ^ x[302]
x[31] = x[31] ^ x[247]
x[30] = x[30] ^ x[294]
x[28] = x[28] ^ x[255]
x[35] = x[35] ^ x[297]
x[26] = x[26] ^ x[296]
x[27] = x[27] ^ x[277]
x[37] = x[37] ^ x[258]
x[24] = x[24] ^ x[256]
x[29] = x[29] ^ x[298]
x[22] = x[22] ^ x[293]
x[25] = x[25] ^ x[311]
x[21] = x[21] ^ x[253]
x[23] = x[23] ^ x[301]
x[19] = x[19] ^ x[265]
x[17] = x[17] ^ x[289]
x[20] = x[20] ^ x[287]
x[18] = x[18] ^ x[278]
x[11] = x[11] ^ x[273]
x[14] = x[14] ^ x[274]
x[7] = x[7] ^ x[275]
x[15] = x[15] ^ x[267]
x[16] = x[16] ^ x[264]
x[10] = x[10] ^ x[276]
x[13] = x[13] ^ x[266]
x[5] = x[5] ^ x[279]
x[6] = x[6] ^ x[272]
x[12] = x[12] ^ x[257]
x[9] = x[9] ^ x[303]
x[4] = x[4] ^ x[261]
x[8] = x[8] ^ x[284]
x[2] = x[2] ^ x[280]
x[1] = x[1] ^ x[315]
x[3] = x[3] ^ x[260]
x[0] = x[0] ^ x[300]
x[94] = x[94] ^ x[225]
x[161] = x[161] ^ x[251]
x[158] = x[158] ^ x[216]
x[160] = x[160] ^ x[184]
x[159] = x[159] ^ x[235]
x[152] = x[152] ^ x[207]
x[156] = x[156] ^ x[230]
x[150] = x[150] ^ x[247]
x[154] = x[154] ^ x[200]
x[155] = x[155] ^ x[238]
x[153] = x[153] ^ x[193]
x[151] = x[151] ^ x[234]
x[147] = x[147] ^ x[179]
x[146] = x[146] ^ x[170]
x[142] = x[142] ^ x[239]
x[148] = x[148] ^ x[174]
x[149] = x[149] ^ x[224]
x[145] = x[145] ^ x[226]
x[144] = x[144] ^ x[271]
x[143] = x[143] ^ x[253]
x[141] = x[141] ^ x[190]
x[139] = x[139] ^ x[228]
x[140] = x[140] ^ x[178]
x[136] = x[136] ^ x[240]
x[138] = x[138] ^ x[211]
x[137] = x[137] ^ x[227]
x[133] = x[133] ^ x[242]
x[129] = x[129] ^ x[236]
x[132] = x[132] ^ x[212]
x[131] = x[131] ^ x[177]
x[130] = x[130] ^ x[221]
x[127] = x[127] ^ x[213]
x[135] = x[135] ^ x[208]
x[128] = x[128] ^ x[231]
x[134] = x[134] ^ x[220]
x[126] = x[126] ^ x[197]
x[123] = x[123] ^ x[217]
x[125] = x[125] ^ x[218]
x[122] = x[122] ^ x[209]
x[119] = x[119] ^ x[182]
x[115] = x[115] ^ x[191]
x[121] = x[121] ^ x[324]
x[124] = x[124] ^ x[248]
x[120] = x[120] ^ x[206]
x[116] = x[116] ^ x[188]
x[118] = x[118] ^ x[192]
x[108] = x[108] ^ x[222]
x[114] = x[114] ^ x[199]
x[117] = x[117] ^ x[210]
x[113] = x[113] ^ x[189]
x[112] = x[112] ^ x[183]
x[110] = x[110] ^ x[195]
x[111] = x[111] ^ x[205]
x[104] = x[104] ^ x[194]
x[107] = x[107] ^ x[201]
x[105] = x[105] ^ x[171]
x[106] = x[106] ^ x[223]
x[101] = x[101] ^ x[232]
x[109] = x[109] ^ x[196]
x[103] = x[103] ^ x[204]
x[102] = x[102] ^ x[301]
x[98] = x[98] ^ x[187]
x[100] = x[100] ^ x[219]
x[96] = x[96] ^ x[309]
x[95] = x[95] ^ x[229]
x[97] = x[97] ^ x[317]
x[99] = x[99] ^ x[202]
x[92] = x[92] ^ x[167]
x[93] = x[93] ^ x[303]
x[88] = x[88] ^ x[180]
x[90] = x[90] ^ x[321]
x[89] = x[89] ^ x[168]
x[87] = x[87] ^ x[307]
x[83] = x[83] ^ x[172]
x[86] = x[86] ^ x[283]
x[91] = x[91] ^ x[185]
x[85] = x[85] ^ x[315]
x[84] = x[84] ^ x[308]
x[77] = x[77] ^ x[318]
x[81] = x[81] ^ x[166]
x[79] = x[79] ^ x[214]
x[80] = x[80] ^ x[173]
x[78] = x[78] ^ x[203]
x[76] = x[76] ^ x[176]
x[72] = x[72] ^ x[311]
x[74] = x[74] ^ x[163]
x[75] = x[75] ^ x[320]
x[82] = x[82] ^ x[181]
x[71] = x[71] ^ x[162]
x[73] = x[73] ^ x[293]
x[68] = x[68] ^ x[313]
x[66] = x[66] ^ x[319]
x[67] = x[67] ^ x[175]
x[69] = x[69] ^ x[198]
x[65] = x[65] ^ x[169]
x[70] = x[70] ^ x[294]
x[63] = x[63] ^ x[165]
x[61] = x[61] ^ x[215]
x[64] = x[64] ^ x[260]
x[60] = x[60] ^ x[164]
x[62] = x[62] ^ x[306]
x[59] = x[59] ^ x[310]
x[57] = x[57] ^ x[286]
x[58] = x[58] ^ x[186]
x[56] = x[56] ^ x[302]
x[55] = x[55] ^ x[298]
x[53] = x[53] ^ x[291]
x[54] = x[54] ^ x[305]
x[51] = x[51] ^ x[316]
x[50] = x[50] ^ x[304]
x[52] = x[52] ^ x[237]
x[49] = x[49] ^ x[249]
x[46] = x[46] ^ x[233]
x[44] = x[44] ^ x[246]
x[48] = x[48] ^ x[290]
x[38] = x[38] ^ x[292]
x[47] = x[47] ^ x[280]
x[45] = x[45] ^ x[258]
x[33] = x[33] ^ x[284]
x[43] = x[43] ^ x[241]
x[42] = x[42] ^ x[277]
x[40] = x[40] ^ x[243]
x[41] = x[41] ^ x[279]
x[39] = x[39] ^ x[323]
x[34] = x[34] ^ x[270]
x[36] = x[36] ^ x[256]
x[32] = x[32] ^ x[285]
x[31] = x[31] ^ x[245]
x[30] = x[30] ^ x[296]
x[28] = x[28] ^ x[252]
x[35] = x[35] ^ x[288]
x[26] = x[26] ^ x[300]
x[27] = x[27] ^ x[244]
x[37] = x[37] ^ x[254]
x[24] = x[24] ^ x[257]
x[29] = x[29] ^ x[295]
x[22] = x[22] ^ x[287]
x[25] = x[25] ^ x[312]
x[21] = x[21] ^ x[250]
x[23] = x[23] ^ x[299]
x[19] = x[19] ^ x[272]
x[17] = x[17] ^ x[259]
x[20] = x[20] ^ x[282]
x[18] = x[18] ^ x[266]
x[11] = x[11] ^ x[275]
x[14] = x[14] ^ x[261]
x[7] = x[7] ^ x[263]
x[15] = x[15] ^ x[274]
x[16] = x[16] ^ x[269]
x[10] = x[10] ^ x[278]
x[13] = x[13] ^ x[267]
x[5] = x[5] ^ x[276]
x[6] = x[6] ^ x[268]
x[12] = x[12] ^ x[255]
x[9] = x[9] ^ x[289]
x[4] = x[4] ^ x[264]
x[8] = x[8] ^ x[281]
x[2] = x[2] ^ x[273]
x[1] = x[1] ^ x[265]
x[3] = x[3] ^ x[262]
x[0] = x[0] ^ x[297]
x[94] = x[94] ^ x[222]
x[161] = x[161] ^ x[272]
x[160] = x[160] ^ x[219]
x[157] = x[157] ^ x[185]
x[159] = x[159] ^ x[202]
x[152] = x[152] ^ x[235]
x[150] = x[150] ^ x[196]
x[154] = x[154] ^ x[252]
x[155] = x[155] ^ x[187]
x[153] = x[153] ^ x[170]
x[147] = x[147] ^ x[239]
x[146] = x[146] ^ x[236]
x[142] = x[142] ^ x[229]
x[148] = x[148] ^ x[238]
x[149] = x[149] ^ x[204]
x[145] = x[145] ^ x[224]
x[144] = x[144] ^ x[226]
x[143] = x[143] ^ x[169]
x[141] = x[141] ^ x[231]
x[139] = x[139] ^ x[232]
x[140] = x[140] ^ x[240]
x[136] = x[136] ^ x[228]
x[138] = x[138] ^ x[172]
x[137] = x[137] ^ x[182]
x[133] = x[133] ^ x[193]
x[129] = x[129] ^ x[208]
x[132] = x[132] ^ x[220]
x[131] = x[131] ^ x[212]
x[130] = x[130] ^ x[218]
x[127] = x[127] ^ x[221]
x[135] = x[135] ^ x[213]
x[128] = x[128] ^ x[230]
x[134] = x[134] ^ x[214]
x[126] = x[126] ^ x[207]
x[123] = x[123] ^ x[209]
x[125] = x[125] ^ x[197]
x[122] = x[122] ^ x[177]
x[119] = x[119] ^ x[319]
x[115] = x[115] ^ x[200]
x[121] = x[121] ^ x[191]
x[124] = x[124] ^ x[168]
x[120] = x[120] ^ x[199]
x[116] = x[116] ^ x[223]
x[118] = x[118] ^ x[206]
x[108] = x[108] ^ x[195]
x[114] = x[114] ^ x[188]
x[117] = x[117] ^ x[216]
x[113] = x[113] ^ x[225]
x[112] = x[112] ^ x[189]
x[110] = x[110] ^ x[192]
x[111] = x[111] ^ x[217]
x[104] = x[104] ^ x[184]
x[107] = x[107] ^ x[211]
x[105] = x[105] ^ x[205]
x[106] = x[106] ^ x[227]
x[101] = x[101] ^ x[183]
x[109] = x[109] ^ x[171]
x[103] = x[103] ^ x[201]
x[102] = x[102] ^ x[234]
x[98] = x[98] ^ x[320]
x[100] = x[100] ^ x[301]
x[96] = x[96] ^ x[321]
x[95] = x[95] ^ x[178]
x[97] = x[97] ^ x[186]
x[99] = x[99] ^ x[313]
x[92] = x[92] ^ x[303]
x[93] = x[93] ^ x[167]
x[88] = x[88] ^ x[190]
x[90] = x[90] ^ x[180]
x[89] = x[89] ^ x[294]
x[87] = x[87] ^ x[299]
x[83] = x[83] ^ x[323]
x[86] = x[86] ^ x[215]
x[91] = x[91] ^ x[308]
x[85] = x[85] ^ x[176]
x[84] = x[84] ^ x[307]
x[77] = x[77] ^ x[210]
x[81] = x[81] ^ x[175]
x[79] = x[79] ^ x[203]
x[80] = x[80] ^ x[315]
x[78] = x[78] ^ x[166]
x[76] = x[76] ^ x[173]
x[72] = x[72] ^ x[302]
x[74] = x[74] ^ x[194]
x[75] = x[75] ^ x[324]
x[82] = x[82] ^ x[316]
x[71] = x[71] ^ x[293]
x[73] = x[73] ^ x[283]
x[68] = x[68] ^ x[163]
x[66] = x[66] ^ x[314]
x[67] = x[67] ^ x[162]
x[69] = x[69] ^ x[181]
x[65] = x[65] ^ x[306]
x[70] = x[70] ^ x[298]
x[63] = x[63] ^ x[304]
x[61] = x[61] ^ x[174]
x[64] = x[64] ^ x[164]
x[60] = x[60] ^ x[165]
x[62] = x[62] ^ x[242]
x[59] = x[59] ^ x[305]
x[57] = x[57] ^ x[253]
x[58] = x[58] ^ x[179]
x[56] = x[56] ^ x[288]
x[55] = x[55] ^ x[275]
x[53] = x[53] ^ x[295]
x[54] = x[54] ^ x[244]
x[51] = x[51] ^ x[198]
x[50] = x[50] ^ x[257]
x[52] = x[52] ^ x[280]
x[49] = x[49] ^ x[296]
x[46] = x[46] ^ x[290]
x[44] = x[44] ^ x[318]
x[48] = x[48] ^ x[246]
x[38] = x[38] ^ x[311]
x[47] = x[47] ^ x[268]
x[45] = x[45] ^ x[249]
x[33] = x[33] ^ x[282]
x[43] = x[43] ^ x[247]
x[42] = x[42] ^ x[233]
x[40] = x[40] ^ x[255]
x[41] = x[41] ^ x[262]
x[39] = x[39] ^ x[243]
x[34] = x[34] ^ x[237]
x[36] = x[36] ^ x[241]
x[32] = x[32] ^ x[297]
x[31] = x[31] ^ x[248]
x[30] = x[30] ^ x[300]
x[28] = x[28] ^ x[250]
x[35] = x[35] ^ x[286]
x[26] = x[26] ^ x[291]
x[27] = x[27] ^ x[245]
x[37] = x[37] ^ x[279]
x[24] = x[24] ^ x[254]
x[29] = x[29] ^ x[292]
x[22] = x[22] ^ x[277]
x[25] = x[25] ^ x[310]
x[21] = x[21] ^ x[251]
x[23] = x[23] ^ x[287]
x[19] = x[19] ^ x[269]
x[17] = x[17] ^ x[256]
x[20] = x[20] ^ x[265]
x[18] = x[18] ^ x[273]
x[11] = x[11] ^ x[266]
x[14] = x[14] ^ x[281]
x[7] = x[7] ^ x[261]
x[15] = x[15] ^ x[284]
x[16] = x[16] ^ x[263]
x[10] = x[10] ^ x[274]
x[13] = x[13] ^ x[271]
x[5] = x[5] ^ x[278]
x[6] = x[6] ^ x[270]
x[12] = x[12] ^ x[258]
x[9] = x[9] ^ x[285]
x[4] = x[4] ^ x[267]
x[8] = x[8] ^ x[276]
x[2] = x[2] ^ x[260]
x[1] = x[1] ^ x[264]
x[3] = x[3] ^ x[259]
x[0] = x[0] ^ x[289]
x[94] = x[94] ^ x[210]
x[156] = x[156] ^ x[222]
x[161] = x[161] ^ x[308]
x[160] = x[160] ^ x[166]
x[159] = x[159] ^ x[215]
x[152] = x[152] ^ x[216]
x[150] = x[150] ^ x[197]
x[154] = x[154] ^ x[202]
x[155] = x[155] ^ x[184]
x[153] = x[153] ^ x[180]
x[147] = x[147] ^ x[234]
x[146] = x[146] ^ x[174]
x[142] = x[142] ^ x[179]
x[149] = x[149] ^ x[191]
x[145] = x[145] ^ x[178]
x[144] = x[144] ^ x[167]
x[141] = x[141] ^ x[175]
x[139] = x[139] ^ x[238]
x[140] = x[140] ^ x[173]
x[136] = x[136] ^ x[236]
x[138] = x[138] ^ x[253]
x[137] = x[137] ^ x[170]
x[133] = x[133] ^ x[247]
x[129] = x[129] ^ x[228]
x[132] = x[132] ^ x[240]
x[131] = x[131] ^ x[235]
x[130] = x[130] ^ x[212]
x[127] = x[127] ^ x[220]
x[135] = x[135] ^ x[217]
x[128] = x[128] ^ x[232]
x[134] = x[134] ^ x[219]
x[126] = x[126] ^ x[208]
x[123] = x[123] ^ x[182]
x[125] = x[125] ^ x[221]
x[122] = x[122] ^ x[224]
x[119] = x[119] ^ x[177]
x[115] = x[115] ^ x[229]
x[121] = x[121] ^ x[319]
x[124] = x[124] ^ x[231]
x[120] = x[120] ^ x[200]
x[116] = x[116] ^ x[207]
x[118] = x[118] ^ x[230]
x[108] = x[108] ^ x[227]
x[114] = x[114] ^ x[192]
x[117] = x[117] ^ x[188]
x[113] = x[113] ^ x[223]
x[112] = x[112] ^ x[204]
x[110] = x[110] ^ x[189]
x[111] = x[111] ^ x[199]
x[104] = x[104] ^ x[195]
x[107] = x[107] ^ x[323]
x[105] = x[105] ^ x[225]
x[106] = x[106] ^ x[209]
x[101] = x[101] ^ x[201]
x[109] = x[109] ^ x[194]
x[103] = x[103] ^ x[193]
x[102] = x[102] ^ x[218]
x[98] = x[98] ^ x[183]
x[100] = x[100] ^ x[186]
x[96] = x[96] ^ x[211]
x[95] = x[95] ^ x[306]
x[97] = x[97] ^ x[171]
x[99] = x[99] ^ x[321]
x[92] = x[92] ^ x[226]
x[93] = x[93] ^ x[316]
x[88] = x[88] ^ x[185]
x[90] = x[90] ^ x[315]
x[89] = x[89] ^ x[187]
x[87] = x[87] ^ x[168]
x[83] = x[83] ^ x[214]
x[86] = x[86] ^ x[324]
x[91] = x[91] ^ x[172]
x[85] = x[85] ^ x[313]
x[84] = x[84] ^ x[176]
x[77] = x[77] ^ x[206]
x[81] = x[81] ^ x[304]
x[79] = x[79] ^ x[213]
x[80] = x[80] ^ x[273]
x[78] = x[78] ^ x[305]
x[76] = x[76] ^ x[307]
x[72] = x[72] ^ x[310]
x[74] = x[74] ^ x[190]
x[75] = x[75] ^ x[322]
x[82] = x[82] ^ x[203]
x[71] = x[71] ^ x[196]
x[73] = x[73] ^ x[181]
x[68] = x[68] ^ x[293]
x[66] = x[66] ^ x[311]
x[67] = x[67] ^ x[169]
x[69] = x[69] ^ x[163]
x[65] = x[65] ^ x[162]
x[70] = x[70] ^ x[312]
x[63] = x[63] ^ x[303]
x[61] = x[61] ^ x[318]
x[64] = x[64] ^ x[205]
x[60] = x[60] ^ x[239]
x[62] = x[62] ^ x[198]
x[59] = x[59] ^ x[297]
x[57] = x[57] ^ x[165]
x[58] = x[58] ^ x[264]
x[56] = x[56] ^ x[296]
x[55] = x[55] ^ x[288]
x[53] = x[53] ^ x[294]
x[54] = x[54] ^ x[290]
x[51] = x[51] ^ x[164]
x[50] = x[50] ^ x[281]
x[52] = x[52] ^ x[269]
x[49] = x[49] ^ x[298]
x[46] = x[46] ^ x[282]
x[44] = x[44] ^ x[250]
x[48] = x[48] ^ x[278]
x[38] = x[38] ^ x[276]
x[47] = x[47] ^ x[271]
x[45] = x[45] ^ x[275]
x[33] = x[33] ^ x[245]
x[43] = x[43] ^ x[242]
x[42] = x[42] ^ x[300]
x[40] = x[40] ^ x[246]
x[41] = x[41] ^ x[289]
x[39] = x[39] ^ x[284]
x[34] = x[34] ^ x[241]
x[36] = x[36] ^ x[248]
x[32] = x[32] ^ x[280]
x[31] = x[31] ^ x[233]
x[30] = x[30] ^ x[292]
x[28] = x[28] ^ x[251]
x[35] = x[35] ^ x[285]
x[26] = x[26] ^ x[295]
x[27] = x[27] ^ x[237]
x[37] = x[37] ^ x[267]
x[24] = x[24] ^ x[243]
x[29] = x[29] ^ x[291]
x[22] = x[22] ^ x[283]
x[25] = x[25] ^ x[302]
x[21] = x[21] ^ x[244]
x[23] = x[23] ^ x[277]
x[19] = x[19] ^ x[263]
x[17] = x[17] ^ x[252]
x[20] = x[20] ^ x[279]
x[18] = x[18] ^ x[254]
x[11] = x[11] ^ x[265]
x[14] = x[14] ^ x[268]
x[7] = x[7] ^ x[259]
x[15] = x[15] ^ x[255]
x[16] = x[16] ^ x[262]
x[10] = x[10] ^ x[261]
x[13] = x[13] ^ x[257]
x[5] = x[5] ^ x[270]
x[6] = x[6] ^ x[266]
x[12] = x[12] ^ x[249]
x[9] = x[9] ^ x[287]
x[4] = x[4] ^ x[256]
x[8] = x[8] ^ x[272]
x[2] = x[2] ^ x[274]
x[1] = x[1] ^ x[260]
x[3] = x[3] ^ x[258]
x[0] = x[0] ^ x[286]
x[161] = x[161] ^ x[249]
x[160] = x[160] ^ x[264]
x[159] = x[159] ^ x[274]
x[150] = x[150] ^ x[229]
x[154] = x[154] ^ x[206]
x[155] = x[155] ^ x[186]
x[153] = x[153] ^ x[252]
x[147] = x[147] ^ x[193]
x[146] = x[146] ^ x[201]
x[142] = x[142] ^ x[181]
x[149] = x[149] ^ x[177]
x[145] = x[145] ^ x[176]
x[144] = x[144] ^ x[172]
x[141] = x[141] ^ x[224]
x[140] = x[140] ^ x[234]
x[136] = x[136] ^ x[169]
x[138] = x[138] ^ x[223]
x[137] = x[137] ^ x[167]
x[133] = x[133] ^ x[231]
x[129] = x[129] ^ x[240]
x[132] = x[132] ^ x[216]
x[131] = x[131] ^ x[179]
x[130] = x[130] ^ x[232]
x[127] = x[127] ^ x[212]
x[135] = x[135] ^ x[187]
x[128] = x[128] ^ x[228]
x[134] = x[134] ^ x[242]
x[126] = x[126] ^ x[230]
x[123] = x[123] ^ x[208]
x[125] = x[125] ^ x[225]
x[122] = x[122] ^ x[219]
x[119] = x[119] ^ x[321]
x[115] = x[115] ^ x[218]
x[121] = x[121] ^ x[222]
x[124] = x[124] ^ x[197]
x[120] = x[120] ^ x[214]
x[116] = x[116] ^ x[200]
x[118] = x[118] ^ x[203]
x[108] = x[108] ^ x[182]
x[114] = x[114] ^ x[211]
x[117] = x[117] ^ x[191]
x[113] = x[113] ^ x[195]
x[112] = x[112] ^ x[227]
x[110] = x[110] ^ x[188]
x[111] = x[111] ^ x[192]
x[104] = x[104] ^ x[198]
x[107] = x[107] ^ x[199]
x[105] = x[105] ^ x[220]
x[106] = x[106] ^ x[217]
x[101] = x[101] ^ x[323]
x[109] = x[109] ^ x[205]
x[103] = x[103] ^ x[184]
x[102] = x[102] ^ x[210]
x[98] = x[98] ^ x[194]
x[100] = x[100] ^ x[324]
x[96] = x[96] ^ x[183]
x[95] = x[95] ^ x[322]
x[97] = x[97] ^ x[178]
x[99] = x[99] ^ x[305]
x[94] = x[94] ^ x[207]
x[92] = x[92] ^ x[221]
x[93] = x[93] ^ x[313]
x[88] = x[88] ^ x[171]
x[90] = x[90] ^ x[185]
x[89] = x[89] ^ x[285]
x[87] = x[87] ^ x[226]
x[83] = x[83] ^ x[213]
x[86] = x[86] ^ x[289]
x[91] = x[91] ^ x[319]
x[85] = x[85] ^ x[168]
x[84] = x[84] ^ x[320]
x[77] = x[77] ^ x[304]
x[81] = x[81] ^ x[302]
x[79] = x[79] ^ x[209]
x[80] = x[80] ^ x[175]
x[78] = x[78] ^ x[190]
x[76] = x[76] ^ x[170]
x[72] = x[72] ^ x[166]
x[74] = x[74] ^ x[189]
x[75] = x[75] ^ x[173]
x[82] = x[82] ^ x[202]
x[71] = x[71] ^ x[180]
x[73] = x[73] ^ x[310]
x[68] = x[68] ^ x[296]
x[66] = x[66] ^ x[215]
x[67] = x[67] ^ x[316]
x[69] = x[69] ^ x[174]
x[65] = x[65] ^ x[163]
x[70] = x[70] ^ x[306]
x[63] = x[63] ^ x[294]
x[61] = x[61] ^ x[162]
x[64] = x[64] ^ x[204]
x[60] = x[60] ^ x[260]
x[62] = x[62] ^ x[164]
x[59] = x[59] ^ x[239]
x[57] = x[57] ^ x[196]
x[58] = x[58] ^ x[307]
x[56] = x[56] ^ x[293]
x[55] = x[55] ^ x[286]
x[53] = x[53] ^ x[300]
x[54] = x[54] ^ x[236]
x[51] = x[51] ^ x[165]
x[50] = x[50] ^ x[298]
x[52] = x[52] ^ x[290]
x[49] = x[49] ^ x[295]
x[46] = x[46] ^ x[238]
x[44] = x[44] ^ x[247]
x[48] = x[48] ^ x[269]
x[38] = x[38] ^ x[308]
x[47] = x[47] ^ x[297]
x[45] = x[45] ^ x[315]
x[33] = x[33] ^ x[271]
x[43] = x[43] ^ x[235]
x[42] = x[42] ^ x[275]
x[40] = x[40] ^ x[273]
x[41] = x[41] ^ x[287]
x[39] = x[39] ^ x[281]
x[34] = x[34] ^ x[246]
x[36] = x[36] ^ x[277]
x[32] = x[32] ^ x[276]
x[31] = x[31] ^ x[243]
x[30] = x[30] ^ x[279]
x[28] = x[28] ^ x[233]
x[35] = x[35] ^ x[282]
x[26] = x[26] ^ x[292]
x[27] = x[27] ^ x[257]
x[37] = x[37] ^ x[244]
x[24] = x[24] ^ x[237]
x[29] = x[29] ^ x[288]
x[22] = x[22] ^ x[256]
x[25] = x[25] ^ x[291]
x[21] = x[21] ^ x[248]
x[23] = x[23] ^ x[284]
x[19] = x[19] ^ x[270]
x[17] = x[17] ^ x[251]
x[20] = x[20] ^ x[278]
x[18] = x[18] ^ x[258]
x[11] = x[11] ^ x[254]
x[14] = x[14] ^ x[266]
x[7] = x[7] ^ x[265]
x[15] = x[15] ^ x[272]
x[16] = x[16] ^ x[255]
x[10] = x[10] ^ x[263]
x[13] = x[13] ^ x[253]
x[5] = x[5] ^ x[261]
x[6] = x[6] ^ x[267]
x[12] = x[12] ^ x[241]
x[9] = x[9] ^ x[280]
x[4] = x[4] ^ x[259]
x[8] = x[8] ^ x[268]
x[2] = x[2] ^ x[245]
x[1] = x[1] ^ x[262]
x[3] = x[3] ^ x[250]
x[0] = x[0] ^ x[283]
x[161] = x[161] ^ x[218]
x[160] = x[160] ^ x[167]
x[159] = x[159] ^ x[196]
x[156] = x[156] ^ x[201]
x[154] = x[154] ^ x[178]
x[155] = x[155] ^ x[175]
x[151] = x[151] ^ x[252]
x[146] = x[146] ^ x[173]
x[142] = x[142] ^ x[172]
x[149] = x[149] ^ x[189]
x[145] = x[145] ^ x[181]
x[144] = x[144] ^ x[168]
x[141] = x[141] ^ x[170]
x[140] = x[140] ^ x[165]
x[136] = x[136] ^ x[232]
x[138] = x[138] ^ x[229]
x[137] = x[137] ^ x[211]
x[133] = x[133] ^ x[180]
x[129] = x[129] ^ x[242]
x[131] = x[131] ^ x[224]
x[130] = x[130] ^ x[230]
x[127] = x[127] ^ x[240]
x[135] = x[135] ^ x[171]
x[128] = x[128] ^ x[227]
x[134] = x[134] ^ x[212]
x[126] = x[126] ^ x[223]
x[123] = x[123] ^ x[226]
x[125] = x[125] ^ x[222]
x[122] = x[122] ^ x[225]
x[119] = x[119] ^ x[235]
x[115] = x[115] ^ x[177]
x[121] = x[121] ^ x[208]
x[124] = x[124] ^ x[209]
x[120] = x[120] ^ x[202]
x[116] = x[116] ^ x[220]
x[118] = x[118] ^ x[200]
x[108] = x[108] ^ x[197]
x[114] = x[114] ^ x[182]
x[117] = x[117] ^ x[203]
x[113] = x[113] ^ x[213]
x[112] = x[112] ^ x[195]
x[110] = x[110] ^ x[191]
x[111] = x[111] ^ x[228]
x[104] = x[104] ^ x[190]
x[107] = x[107] ^ x[188]
x[105] = x[105] ^ x[198]
x[106] = x[106] ^ x[204]
x[101] = x[101] ^ x[324]
x[109] = x[109] ^ x[199]
x[103] = x[103] ^ x[194]
x[102] = x[102] ^ x[219]
x[98] = x[98] ^ x[184]
x[100] = x[100] ^ x[216]
x[96] = x[96] ^ x[187]
x[95] = x[95] ^ x[205]
x[97] = x[97] ^ x[313]
x[99] = x[99] ^ x[192]
x[94] = x[94] ^ x[214]
x[92] = x[92] ^ x[185]
x[93] = x[93] ^ x[319]
x[88] = x[88] ^ x[320]
x[90] = x[90] ^ x[183]
x[89] = x[89] ^ x[186]
x[87] = x[87] ^ x[221]
x[83] = x[83] ^ x[193]
x[86] = x[86] ^ x[287]
x[91] = x[91] ^ x[304]
x[85] = x[85] ^ x[310]
x[84] = x[84] ^ x[296]
x[77] = x[77] ^ x[323]
x[81] = x[81] ^ x[217]
x[79] = x[79] ^ x[206]
x[80] = x[80] ^ x[176]
x[78] = x[78] ^ x[179]
x[76] = x[76] ^ x[322]
x[72] = x[72] ^ x[210]
x[74] = x[74] ^ x[306]
x[75] = x[75] ^ x[316]
x[82] = x[82] ^ x[166]
x[71] = x[71] ^ x[305]
x[73] = x[73] ^ x[267]
x[68] = x[68] ^ x[207]
x[66] = x[66] ^ x[299]
x[67] = x[67] ^ x[321]
x[69] = x[69] ^ x[303]
x[65] = x[65] ^ x[298]
x[70] = x[70] ^ x[285]
x[63] = x[63] ^ x[163]
x[61] = x[61] ^ x[292]
x[64] = x[64] ^ x[174]
x[60] = x[60] ^ x[215]
x[62] = x[62] ^ x[169]
x[59] = x[59] ^ x[300]
x[57] = x[57] ^ x[315]
x[58] = x[58] ^ x[164]
x[56] = x[56] ^ x[272]
x[55] = x[55] ^ x[162]
x[53] = x[53] ^ x[286]
x[54] = x[54] ^ x[293]
x[51] = x[51] ^ x[307]
x[50] = x[50] ^ x[295]
x[52] = x[52] ^ x[234]
x[49] = x[49] ^ x[297]
x[46] = x[46] ^ x[249]
x[44] = x[44] ^ x[238]
x[48] = x[48] ^ x[247]
x[38] = x[38] ^ x[288]
x[47] = x[47] ^ x[266]
x[45] = x[45] ^ x[236]
x[33] = x[33] ^ x[290]
x[43] = x[43] ^ x[231]
x[42] = x[42] ^ x[268]
x[40] = x[40] ^ x[283]
x[41] = x[41] ^ x[274]
x[39] = x[39] ^ x[280]
x[34] = x[34] ^ x[277]
x[36] = x[36] ^ x[270]
x[32] = x[32] ^ x[273]
x[31] = x[31] ^ x[239]
x[30] = x[30] ^ x[278]
x[28] = x[28] ^ x[246]
x[35] = x[35] ^ x[241]
x[26] = x[26] ^ x[275]
x[27] = x[27] ^ x[233]
x[37] = x[37] ^ x[253]
x[24] = x[24] ^ x[271]
x[29] = x[29] ^ x[289]
x[22] = x[22] ^ x[269]
x[25] = x[25] ^ x[279]
x[21] = x[21] ^ x[237]
x[23] = x[23] ^ x[282]
x[19] = x[19] ^ x[261]
x[17] = x[17] ^ x[250]
x[20] = x[20] ^ x[276]
x[18] = x[18] ^ x[243]
x[11] = x[11] ^ x[262]
x[14] = x[14] ^ x[254]
x[7] = x[7] ^ x[264]
x[15] = x[15] ^ x[260]
x[16] = x[16] ^ x[258]
x[10] = x[10] ^ x[255]
x[13] = x[13] ^ x[251]
x[5] = x[5] ^ x[263]
x[6] = x[6] ^ x[256]
x[12] = x[12] ^ x[248]
x[9] = x[9] ^ x[281]
x[4] = x[4] ^ x[257]
x[8] = x[8] ^ x[265]
x[2] = x[2] ^ x[259]
x[1] = x[1] ^ x[244]
x[3] = x[3] ^ x[245]
x[0] = x[0] ^ x[284]
x[161] = x[161] ^ x[199]
x[160] = x[160] ^ x[210]
x[157] = x[157] ^ x[264]
x[156] = x[156] ^ x[215]
x[154] = x[154] ^ x[192]
x[155] = x[155] ^ x[206]
x[146] = x[146] ^ x[181]
x[142] = x[142] ^ x[169]
x[149] = x[149] ^ x[186]
x[145] = x[145] ^ x[175]
x[144] = x[144] ^ x[162]
x[141] = x[141] ^ x[173]
x[140] = x[140] ^ x[163]
x[133] = x[133] ^ x[174]
x[131] = x[131] ^ x[178]
x[130] = x[130] ^ x[234]
x[127] = x[127] ^ x[318]
x[135] = x[135] ^ x[165]
x[128] = x[128] ^ x[164]
x[134] = x[134] ^ x[167]
x[126] = x[126] ^ x[226]
x[123] = x[123] ^ x[212]
x[125] = x[125] ^ x[170]
x[122] = x[122] ^ x[217]
x[119] = x[119] ^ x[221]
x[115] = x[115] ^ x[219]
x[121] = x[121] ^ x[230]
x[124] = x[124] ^ x[225]
x[120] = x[120] ^ x[177]
x[116] = x[116] ^ x[202]
x[118] = x[118] ^ x[208]
x[108] = x[108] ^ x[228]
x[114] = x[114] ^ x[220]
x[117] = x[117] ^ x[223]
x[113] = x[113] ^ x[216]
x[112] = x[112] ^ x[182]
x[110] = x[110] ^ x[197]
x[111] = x[111] ^ x[191]
x[104] = x[104] ^ x[200]
x[107] = x[107] ^ x[324]
x[105] = x[105] ^ x[203]
x[106] = x[106] ^ x[195]
x[101] = x[101] ^ x[188]
x[109] = x[109] ^ x[201]
x[103] = x[103] ^ x[196]
x[102] = x[102] ^ x[209]
x[98] = x[98] ^ x[198]
x[100] = x[100] ^ x[207]
x[96] = x[96] ^ x[227]
x[95] = x[95] ^ x[316]
x[97] = x[97] ^ x[314]
x[99] = x[99] ^ x[322]
x[94] = x[94] ^ x[193]
x[92] = x[92] ^ x[194]
x[93] = x[93] ^ x[277]
x[88] = x[88] ^ x[184]
x[90] = x[90] ^ x[171]
x[89] = x[89] ^ x[180]
x[87] = x[87] ^ x[189]
x[83] = x[83] ^ x[183]
x[86] = x[86] ^ x[204]
x[91] = x[91] ^ x[214]
x[85] = x[85] ^ x[172]
x[84] = x[84] ^ x[168]
x[77] = x[77] ^ x[213]
x[81] = x[81] ^ x[218]
x[79] = x[79] ^ x[315]
x[80] = x[80] ^ x[319]
x[78] = x[78] ^ x[211]
x[76] = x[76] ^ x[296]
x[72] = x[72] ^ x[176]
x[74] = x[74] ^ x[187]
x[75] = x[75] ^ x[303]
x[82] = x[82] ^ x[190]
x[71] = x[71] ^ x[179]
x[73] = x[73] ^ x[286]
x[68] = x[68] ^ x[166]
x[66] = x[66] ^ x[281]
x[67] = x[67] ^ x[305]
x[69] = x[69] ^ x[323]
x[65] = x[65] ^ x[297]
x[70] = x[70] ^ x[222]
x[63] = x[63] ^ x[265]
x[61] = x[61] ^ x[205]
x[64] = x[64] ^ x[302]
x[60] = x[60] ^ x[321]
x[62] = x[62] ^ x[307]
x[59] = x[59] ^ x[235]
x[57] = x[57] ^ x[185]
x[58] = x[58] ^ x[260]
x[56] = x[56] ^ x[283]
x[55] = x[55] ^ x[306]
x[53] = x[53] ^ x[285]
x[54] = x[54] ^ x[288]
x[51] = x[51] ^ x[304]
x[50] = x[50] ^ x[266]
x[52] = x[52] ^ x[224]
x[49] = x[49] ^ x[250]
x[46] = x[46] ^ x[232]
x[44] = x[44] ^ x[249]
x[48] = x[48] ^ x[280]
x[38] = x[38] ^ x[290]
x[47] = x[47] ^ x[236]
x[45] = x[45] ^ x[240]
x[33] = x[33] ^ x[269]
x[43] = x[43] ^ x[238]
x[42] = x[42] ^ x[284]
x[40] = x[40] ^ x[231]
x[41] = x[41] ^ x[273]
x[39] = x[39] ^ x[247]
x[34] = x[34] ^ x[276]
x[36] = x[36] ^ x[246]
x[32] = x[32] ^ x[272]
x[31] = x[31] ^ x[242]
x[30] = x[30] ^ x[291]
x[28] = x[28] ^ x[229]
x[35] = x[35] ^ x[262]
x[26] = x[26] ^ x[289]
x[27] = x[27] ^ x[270]
x[37] = x[37] ^ x[282]
x[24] = x[24] ^ x[233]
x[29] = x[29] ^ x[287]
x[22] = x[22] ^ x[268]
x[25] = x[25] ^ x[275]
x[21] = x[21] ^ x[241]
x[23] = x[23] ^ x[279]
x[19] = x[19] ^ x[271]
x[17] = x[17] ^ x[244]
x[20] = x[20] ^ x[263]
x[18] = x[18] ^ x[237]
x[11] = x[11] ^ x[252]
x[14] = x[14] ^ x[267]
x[7] = x[7] ^ x[253]
x[15] = x[15] ^ x[254]
x[16] = x[16] ^ x[257]
x[10] = x[10] ^ x[256]
x[13] = x[13] ^ x[243]
x[5] = x[5] ^ x[259]
x[6] = x[6] ^ x[255]
x[12] = x[12] ^ x[239]
x[9] = x[9] ^ x[278]
x[4] = x[4] ^ x[258]
x[8] = x[8] ^ x[261]
x[2] = x[2] ^ x[251]
x[1] = x[1] ^ x[245]
x[3] = x[3] ^ x[248]
x[0] = x[0] ^ x[274]
x[160] = x[160] ^ x[174]
x[154] = x[154] ^ x[201]
x[155] = x[155] ^ x[162]
x[147] = x[147] ^ x[185]
x[142] = x[142] ^ x[194]
x[149] = x[149] ^ x[183]
x[144] = x[144] ^ x[165]
x[133] = x[133] ^ x[171]
x[129] = x[129] ^ x[173]
x[132] = x[132] ^ x[169]
x[130] = x[130] ^ x[191]
x[127] = x[127] ^ x[224]
x[128] = x[128] ^ x[163]
x[126] = x[126] ^ x[228]
x[123] = x[123] ^ x[215]
x[125] = x[125] ^ x[217]
x[122] = x[122] ^ x[212]
x[119] = x[119] ^ x[227]
x[115] = x[115] ^ x[232]
x[121] = x[121] ^ x[218]
x[124] = x[124] ^ x[164]
x[120] = x[120] ^ x[226]
x[116] = x[116] ^ x[222]
x[118] = x[118] ^ x[219]
x[108] = x[108] ^ x[177]
x[114] = x[114] ^ x[234]
x[117] = x[117] ^ x[221]
x[113] = x[113] ^ x[208]
x[112] = x[112] ^ x[220]
x[110] = x[110] ^ x[182]
x[111] = x[111] ^ x[323]
x[104] = x[104] ^ x[211]
x[107] = x[107] ^ x[322]
x[105] = x[105] ^ x[209]
x[106] = x[106] ^ x[200]
x[101] = x[101] ^ x[197]
x[109] = x[109] ^ x[189]
x[103] = x[103] ^ x[188]
x[102] = x[102] ^ x[195]
x[98] = x[98] ^ x[324]
x[100] = x[100] ^ x[214]
x[96] = x[96] ^ x[196]
x[95] = x[95] ^ x[187]
x[97] = x[97] ^ x[184]
x[99] = x[99] ^ x[225]
x[94] = x[94] ^ x[203]
x[92] = x[92] ^ x[192]
x[93] = x[93] ^ x[216]
x[88] = x[88] ^ x[178]
x[90] = x[90] ^ x[307]
x[89] = x[89] ^ x[167]
x[87] = x[87] ^ x[186]
x[83] = x[83] ^ x[320]
x[86] = x[86] ^ x[193]
x[91] = x[91] ^ x[284]
x[85] = x[85] ^ x[180]
x[84] = x[84] ^ x[297]
x[77] = x[77] ^ x[172]
x[81] = x[81] ^ x[210]
x[79] = x[79] ^ x[168]
x[80] = x[80] ^ x[213]
x[78] = x[78] ^ x[198]
x[76] = x[76] ^ x[206]
x[72] = x[72] ^ x[179]
x[74] = x[74] ^ x[170]
x[75] = x[75] ^ x[315]
x[82] = x[82] ^ x[205]
x[71] = x[71] ^ x[176]
x[73] = x[73] ^ x[190]
x[68] = x[68] ^ x[181]
x[66] = x[66] ^ x[207]
x[67] = x[67] ^ x[290]
x[69] = x[69] ^ x[166]
x[65] = x[65] ^ x[292]
x[70] = x[70] ^ x[204]
x[63] = x[63] ^ x[285]
x[61] = x[61] ^ x[199]
x[64] = x[64] ^ x[321]
x[60] = x[60] ^ x[202]
x[62] = x[62] ^ x[286]
x[59] = x[59] ^ x[263]
x[57] = x[57] ^ x[175]
x[58] = x[58] ^ x[296]
x[56] = x[56] ^ x[277]
x[55] = x[55] ^ x[305]
x[53] = x[53] ^ x[283]
x[54] = x[54] ^ x[280]
x[51] = x[51] ^ x[319]
x[50] = x[50] ^ x[270]
x[52] = x[52] ^ x[223]
x[49] = x[49] ^ x[293]
x[46] = x[46] ^ x[230]
x[44] = x[44] ^ x[282]
x[48] = x[48] ^ x[272]
x[38] = x[38] ^ x[264]
x[47] = x[47] ^ x[250]
x[45] = x[45] ^ x[265]
x[33] = x[33] ^ x[273]
x[43] = x[43] ^ x[261]
x[42] = x[42] ^ x[281]
x[40] = x[40] ^ x[266]
x[41] = x[41] ^ x[257]
x[39] = x[39] ^ x[259]
x[34] = x[34] ^ x[271]
x[36] = x[36] ^ x[255]
x[32] = x[32] ^ x[268]
x[31] = x[31] ^ x[240]
x[30] = x[30] ^ x[287]
x[28] = x[28] ^ x[238]
x[35] = x[35] ^ x[276]
x[26] = x[26] ^ x[279]
x[27] = x[27] ^ x[235]
x[37] = x[37] ^ x[246]
x[24] = x[24] ^ x[248]
x[29] = x[29] ^ x[278]
x[22] = x[22] ^ x[244]
x[25] = x[25] ^ x[269]
x[21] = x[21] ^ x[229]
x[23] = x[23] ^ x[256]
x[19] = x[19] ^ x[262]
x[17] = x[17] ^ x[245]
x[20] = x[20] ^ x[260]
x[18] = x[18] ^ x[236]
x[11] = x[11] ^ x[247]
x[14] = x[14] ^ x[258]
x[7] = x[7] ^ x[242]
x[15] = x[15] ^ x[241]
x[16] = x[16] ^ x[251]
x[10] = x[10] ^ x[254]
x[13] = x[13] ^ x[233]
x[5] = x[5] ^ x[252]
x[6] = x[6] ^ x[253]
x[12] = x[12] ^ x[237]
x[9] = x[9] ^ x[274]
x[4] = x[4] ^ x[249]
x[8] = x[8] ^ x[267]
x[2] = x[2] ^ x[243]
x[1] = x[1] ^ x[239]
x[3] = x[3] ^ x[231]
x[0] = x[0] ^ x[275]
x[158] = x[158] ^ x[295]
x[152] = x[152] ^ x[274]
x[156] = x[156] ^ x[218]
x[155] = x[155] ^ x[193]
x[147] = x[147] ^ x[174]
x[149] = x[149] ^ x[184]
x[144] = x[144] ^ x[166]
x[133] = x[133] ^ x[167]
x[129] = x[129] ^ x[164]
x[132] = x[132] ^ x[168]
x[130] = x[130] ^ x[183]
x[128] = x[128] ^ x[165]
x[126] = x[126] ^ x[318]
x[125] = x[125] ^ x[240]
x[122] = x[122] ^ x[175]
x[119] = x[119] ^ x[212]
x[115] = x[115] ^ x[221]
x[121] = x[121] ^ x[323]
x[124] = x[124] ^ x[217]
x[120] = x[120] ^ x[321]
x[116] = x[116] ^ x[225]
x[118] = x[118] ^ x[214]
x[108] = x[108] ^ x[219]
x[114] = x[114] ^ x[210]
x[117] = x[117] ^ x[177]
x[113] = x[113] ^ x[220]
x[112] = x[112] ^ x[203]
x[110] = x[110] ^ x[213]
x[111] = x[111] ^ x[208]
x[104] = x[104] ^ x[315]
x[107] = x[107] ^ x[209]
x[105] = x[105] ^ x[191]
x[106] = x[106] ^ x[182]
x[101] = x[101] ^ x[200]
x[109] = x[109] ^ x[195]
x[103] = x[103] ^ x[197]
x[102] = x[102] ^ x[201]
x[98] = x[98] ^ x[188]
x[100] = x[100] ^ x[189]
x[96] = x[96] ^ x[226]
x[95] = x[95] ^ x[227]
x[97] = x[97] ^ x[187]
x[99] = x[99] ^ x[222]
x[94] = x[94] ^ x[211]
x[92] = x[92] ^ x[216]
x[93] = x[93] ^ x[196]
x[88] = x[88] ^ x[204]
x[90] = x[90] ^ x[199]
x[89] = x[89] ^ x[311]
x[87] = x[87] ^ x[178]
x[83] = x[83] ^ x[319]
x[86] = x[86] ^ x[322]
x[91] = x[91] ^ x[215]
x[85] = x[85] ^ x[307]
x[84] = x[84] ^ x[180]
x[77] = x[77] ^ x[171]
x[81] = x[81] ^ x[185]
x[79] = x[79] ^ x[296]
x[80] = x[80] ^ x[186]
x[78] = x[78] ^ x[192]
x[76] = x[76] ^ x[207]
x[72] = x[72] ^ x[202]
x[74] = x[74] ^ x[179]
x[75] = x[75] ^ x[176]
x[82] = x[82] ^ x[173]
x[71] = x[71] ^ x[170]
x[73] = x[73] ^ x[206]
x[68] = x[68] ^ x[205]
x[66] = x[66] ^ x[172]
x[67] = x[67] ^ x[181]
x[69] = x[69] ^ x[286]
x[65] = x[65] ^ x[293]
x[70] = x[70] ^ x[190]
x[63] = x[63] ^ x[169]
x[61] = x[61] ^ x[198]
x[64] = x[64] ^ x[324]
x[60] = x[60] ^ x[194]
x[62] = x[62] ^ x[163]
x[59] = x[59] ^ x[281]
x[57] = x[57] ^ x[284]
x[58] = x[58] ^ x[273]
x[56] = x[56] ^ x[287]
x[55] = x[55] ^ x[265]
x[53] = x[53] ^ x[282]
x[54] = x[54] ^ x[264]
x[51] = x[51] ^ x[277]
x[50] = x[50] ^ x[261]
x[52] = x[52] ^ x[229]
x[49] = x[49] ^ x[292]
x[46] = x[46] ^ x[239]
x[44] = x[44] ^ x[162]
x[48] = x[48] ^ x[267]
x[38] = x[38] ^ x[257]
x[47] = x[47] ^ x[283]
x[45] = x[45] ^ x[228]
x[33] = x[33] ^ x[272]
x[43] = x[43] ^ x[230]
x[42] = x[42] ^ x[255]
x[40] = x[40] ^ x[250]
x[41] = x[41] ^ x[249]
x[39] = x[39] ^ x[266]
x[34] = x[34] ^ x[260]
x[36] = x[36] ^ x[252]
x[32] = x[32] ^ x[270]
x[31] = x[31] ^ x[232]
x[30] = x[30] ^ x[276]
x[28] = x[28] ^ x[234]
x[35] = x[35] ^ x[259]
x[26] = x[26] ^ x[280]
x[27] = x[27] ^ x[253]
x[37] = x[37] ^ x[251]
x[24] = x[24] ^ x[245]
x[29] = x[29] ^ x[271]
x[22] = x[22] ^ x[279]
x[25] = x[25] ^ x[278]
x[21] = x[21] ^ x[223]
x[23] = x[23] ^ x[269]
x[19] = x[19] ^ x[247]
x[17] = x[17] ^ x[231]
x[20] = x[20] ^ x[238]
x[18] = x[18] ^ x[256]
x[11] = x[11] ^ x[237]
x[14] = x[14] ^ x[263]
x[7] = x[7] ^ x[243]
x[15] = x[15] ^ x[246]
x[16] = x[16] ^ x[244]
x[10] = x[10] ^ x[258]
x[13] = x[13] ^ x[235]
x[5] = x[5] ^ x[254]
x[6] = x[6] ^ x[241]
x[12] = x[12] ^ x[233]
x[9] = x[9] ^ x[275]
x[4] = x[4] ^ x[242]
x[8] = x[8] ^ x[262]
x[2] = x[2] ^ x[248]
x[1] = x[1] ^ x[236]
x[3] = x[3] ^ x[224]
x[0] = x[0] ^ x[268]
x[160] = x[160] ^ x[295]
x[157] = x[157] ^ x[286]
x[152] = x[152] ^ x[260]
x[156] = x[156] ^ x[199]
x[155] = x[155] ^ x[178]
x[147] = x[147] ^ x[187]
x[149] = x[149] ^ x[179]
x[145] = x[145] ^ x[164]
x[140] = x[140] ^ x[324]
x[133] = x[133] ^ x[162]
x[131] = x[131] ^ x[174]
x[130] = x[130] ^ x[172]
x[127] = x[127] ^ x[169]
x[126] = x[126] ^ x[322]
x[125] = x[125] ^ x[323]
x[122] = x[122] ^ x[166]
x[119] = x[119] ^ x[225]
x[121] = x[121] ^ x[317]
x[124] = x[124] ^ x[212]
x[120] = x[120] ^ x[318]
x[116] = x[116] ^ x[221]
x[118] = x[118] ^ x[207]
x[117] = x[117] ^ x[222]
x[113] = x[113] ^ x[177]
x[112] = x[112] ^ x[218]
x[110] = x[110] ^ x[214]
x[111] = x[111] ^ x[216]
x[104] = x[104] ^ x[219]
x[107] = x[107] ^ x[195]
x[105] = x[105] ^ x[213]
x[106] = x[106] ^ x[191]
x[101] = x[101] ^ x[203]
x[109] = x[109] ^ x[182]
x[103] = x[103] ^ x[209]
x[102] = x[102] ^ x[197]
x[98] = x[98] ^ x[201]
x[100] = x[100] ^ x[194]
x[96] = x[96] ^ x[220]
x[95] = x[95] ^ x[211]
x[97] = x[97] ^ x[217]
x[99] = x[99] ^ x[205]
x[94] = x[94] ^ x[188]
x[92] = x[92] ^ x[189]
x[93] = x[93] ^ x[208]
x[88] = x[88] ^ x[200]
x[90] = x[90] ^ x[202]
x[89] = x[89] ^ x[315]
x[87] = x[87] ^ x[305]
x[83] = x[83] ^ x[167]
x[86] = x[86] ^ x[226]
x[91] = x[91] ^ x[204]
x[85] = x[85] ^ x[321]
x[84] = x[84] ^ x[184]
x[77] = x[77] ^ x[198]
x[81] = x[81] ^ x[171]
x[79] = x[79] ^ x[183]
x[80] = x[80] ^ x[196]
x[78] = x[78] ^ x[168]
x[76] = x[76] ^ x[185]
x[72] = x[72] ^ x[186]
x[74] = x[74] ^ x[180]
x[75] = x[75] ^ x[313]
x[82] = x[82] ^ x[170]
x[71] = x[71] ^ x[173]
x[73] = x[73] ^ x[215]
x[68] = x[68] ^ x[206]
x[66] = x[66] ^ x[302]
x[67] = x[67] ^ x[277]
x[69] = x[69] ^ x[314]
x[65] = x[65] ^ x[175]
x[70] = x[70] ^ x[176]
x[63] = x[63] ^ x[280]
x[61] = x[61] ^ x[193]
x[64] = x[64] ^ x[319]
x[60] = x[60] ^ x[190]
x[62] = x[62] ^ x[296]
x[59] = x[59] ^ x[258]
x[57] = x[57] ^ x[163]
x[58] = x[58] ^ x[181]
x[56] = x[56] ^ x[284]
x[55] = x[55] ^ x[266]
x[53] = x[53] ^ x[252]
x[54] = x[54] ^ x[210]
x[51] = x[51] ^ x[287]
x[50] = x[50] ^ x[165]
x[52] = x[52] ^ x[278]
x[49] = x[49] ^ x[291]
x[46] = x[46] ^ x[254]
x[44] = x[44] ^ x[276]
x[48] = x[48] ^ x[274]
x[38] = x[38] ^ x[192]
x[47] = x[47] ^ x[263]
x[45] = x[45] ^ x[235]
x[33] = x[33] ^ x[250]
x[43] = x[43] ^ x[224]
x[42] = x[42] ^ x[273]
x[40] = x[40] ^ x[228]
x[41] = x[41] ^ x[270]
x[39] = x[39] ^ x[271]
x[34] = x[34] ^ x[262]
x[36] = x[36] ^ x[230]
x[32] = x[32] ^ x[261]
x[31] = x[31] ^ x[227]
x[30] = x[30] ^ x[275]
x[28] = x[28] ^ x[242]
x[35] = x[35] ^ x[257]
x[26] = x[26] ^ x[272]
x[27] = x[27] ^ x[234]
x[37] = x[37] ^ x[233]
x[24] = x[24] ^ x[232]
x[29] = x[29] ^ x[255]
x[22] = x[22] ^ x[265]
x[25] = x[25] ^ x[268]
x[21] = x[21] ^ x[243]
x[23] = x[23] ^ x[267]
x[19] = x[19] ^ x[245]
x[17] = x[17] ^ x[229]
x[20] = x[20] ^ x[259]
x[18] = x[18] ^ x[239]
x[11] = x[11] ^ x[244]
x[14] = x[14] ^ x[249]
x[7] = x[7] ^ x[248]
x[15] = x[15] ^ x[251]
x[16] = x[16] ^ x[247]
x[10] = x[10] ^ x[246]
x[13] = x[13] ^ x[238]
x[5] = x[5] ^ x[253]
x[6] = x[6] ^ x[236]
x[12] = x[12] ^ x[231]
x[9] = x[9] ^ x[269]
x[4] = x[4] ^ x[241]
x[8] = x[8] ^ x[256]
x[2] = x[2] ^ x[237]
x[1] = x[1] ^ x[240]
x[3] = x[3] ^ x[223]
x[0] = x[0] ^ x[264]
x[144] = x[144] ^ x[311]
x[161] = x[161] ^ x[273]
x[157] = x[157] ^ x[295]
x[152] = x[152] ^ x[215]
x[150] = x[150] ^ x[286]
x[155] = x[155] ^ x[172]
x[153] = x[153] ^ x[296]
x[151] = x[151] ^ x[179]
x[147] = x[147] ^ x[280]
x[149] = x[149] ^ x[170]
x[132] = x[132] ^ x[324]
x[130] = x[130] ^ x[176]
x[127] = x[127] ^ x[162]
x[126] = x[126] ^ x[319]
x[125] = x[125] ^ x[321]
x[119] = x[119] ^ x[224]
x[115] = x[115] ^ x[318]
x[121] = x[121] ^ x[226]
x[120] = x[120] ^ x[212]
x[116] = x[116] ^ x[323]
x[118] = x[118] ^ x[322]
x[114] = x[114] ^ x[217]
x[117] = x[117] ^ x[225]
x[112] = x[112] ^ x[177]
x[110] = x[110] ^ x[222]
x[111] = x[111] ^ x[218]
x[104] = x[104] ^ x[309]
x[107] = x[107] ^ x[219]
x[105] = x[105] ^ x[208]
x[106] = x[106] ^ x[214]
x[101] = x[101] ^ x[207]
x[109] = x[109] ^ x[203]
x[103] = x[103] ^ x[220]
x[102] = x[102] ^ x[182]
x[98] = x[98] ^ x[205]
x[100] = x[100] ^ x[191]
x[96] = x[96] ^ x[213]
x[95] = x[95] ^ x[195]
x[97] = x[97] ^ x[211]
x[99] = x[99] ^ x[196]
x[94] = x[94] ^ x[197]
x[92] = x[92] ^ x[202]
x[93] = x[93] ^ x[194]
x[88] = x[88] ^ x[206]
x[90] = x[90] ^ x[192]
x[89] = x[89] ^ x[200]
x[87] = x[87] ^ x[188]
x[83] = x[83] ^ x[187]
x[86] = x[86] ^ x[209]
x[91] = x[91] ^ x[193]
x[85] = x[85] ^ x[167]
x[84] = x[84] ^ x[186]
x[77] = x[77] ^ x[185]
x[81] = x[81] ^ x[184]
x[79] = x[79] ^ x[178]
x[80] = x[80] ^ x[180]
x[78] = x[78] ^ x[183]
x[76] = x[76] ^ x[171]
x[72] = x[72] ^ x[314]
x[74] = x[74] ^ x[168]
x[75] = x[75] ^ x[308]
x[82] = x[82] ^ x[201]
x[71] = x[71] ^ x[284]
x[73] = x[73] ^ x[204]
x[68] = x[68] ^ x[173]
x[66] = x[66] ^ x[316]
x[67] = x[67] ^ x[282]
x[69] = x[69] ^ x[276]
x[65] = x[65] ^ x[166]
x[70] = x[70] ^ x[181]
x[63] = x[63] ^ x[253]
x[61] = x[61] ^ x[175]
x[64] = x[64] ^ x[199]
x[60] = x[60] ^ x[189]
x[62] = x[62] ^ x[279]
x[59] = x[59] ^ x[272]
x[57] = x[57] ^ x[174]
x[58] = x[58] ^ x[169]
x[56] = x[56] ^ x[163]
x[55] = x[55] ^ x[310]
x[53] = x[53] ^ x[278]
x[54] = x[54] ^ x[274]
x[51] = x[51] ^ x[261]
x[50] = x[50] ^ x[164]
x[52] = x[52] ^ x[198]
x[49] = x[49] ^ x[287]
x[46] = x[46] ^ x[240]
x[44] = x[44] ^ x[165]
x[48] = x[48] ^ x[254]
x[38] = x[38] ^ x[190]
x[47] = x[47] ^ x[258]
x[45] = x[45] ^ x[223]
x[33] = x[33] ^ x[265]
x[43] = x[43] ^ x[210]
x[42] = x[42] ^ x[270]
x[40] = x[40] ^ x[242]
x[41] = x[41] ^ x[264]
x[39] = x[39] ^ x[275]
x[34] = x[34] ^ x[266]
x[36] = x[36] ^ x[260]
x[32] = x[32] ^ x[252]
x[31] = x[31] ^ x[230]
x[30] = x[30] ^ x[269]
x[28] = x[28] ^ x[243]
x[35] = x[35] ^ x[271]
x[26] = x[26] ^ x[268]
x[27] = x[27] ^ x[250]
x[37] = x[37] ^ x[235]
x[24] = x[24] ^ x[231]
x[29] = x[29] ^ x[257]
x[22] = x[22] ^ x[241]
x[25] = x[25] ^ x[267]
x[21] = x[21] ^ x[227]
x[23] = x[23] ^ x[262]
x[19] = x[19] ^ x[255]
x[17] = x[17] ^ x[228]
x[20] = x[20] ^ x[247]
x[18] = x[18] ^ x[234]
x[11] = x[11] ^ x[245]
x[14] = x[14] ^ x[251]
x[7] = x[7] ^ x[236]
x[15] = x[15] ^ x[239]
x[16] = x[16] ^ x[249]
x[10] = x[10] ^ x[244]
x[13] = x[13] ^ x[229]
x[5] = x[5] ^ x[246]
x[6] = x[6] ^ x[237]
x[12] = x[12] ^ x[232]
x[9] = x[9] ^ x[256]
x[4] = x[4] ^ x[248]
x[8] = x[8] ^ x[259]
x[2] = x[2] ^ x[238]
x[1] = x[1] ^ x[233]
x[3] = x[3] ^ x[216]
x[0] = x[0] ^ x[263]
x[113] = x[113] ^ x[221]
x[139] = x[139] ^ x[281]
x[161] = x[161] ^ x[296]
x[158] = x[158] ^ x[284]
x[157] = x[157] ^ x[204]
x[159] = x[159] ^ x[199]
x[152] = x[152] ^ x[213]
x[150] = x[150] ^ x[274]
x[155] = x[155] ^ x[169]
x[153] = x[153] ^ x[272]
x[147] = x[147] ^ x[295]
x[149] = x[149] ^ x[174]
x[145] = x[145] ^ x[269]
x[136] = x[136] ^ x[265]
x[129] = x[129] ^ x[323]
x[131] = x[131] ^ x[170]
x[130] = x[130] ^ x[164]
x[127] = x[127] ^ x[163]
x[126] = x[126] ^ x[311]
x[125] = x[125] ^ x[313]
x[119] = x[119] ^ x[254]
x[115] = x[115] ^ x[314]
x[121] = x[121] ^ x[308]
x[116] = x[116] ^ x[218]
x[118] = x[118] ^ x[318]
x[112] = x[112] ^ x[212]
x[110] = x[110] ^ x[206]
x[111] = x[111] ^ x[177]
x[104] = x[104] ^ x[226]
x[107] = x[107] ^ x[317]
x[105] = x[105] ^ x[324]
x[106] = x[106] ^ x[220]
x[101] = x[101] ^ x[321]
x[109] = x[109] ^ x[215]
x[103] = x[103] ^ x[200]
x[102] = x[102] ^ x[208]
x[98] = x[98] ^ x[182]
x[100] = x[100] ^ x[209]
x[96] = x[96] ^ x[310]
x[95] = x[95] ^ x[201]
x[97] = x[97] ^ x[195]
x[99] = x[99] ^ x[191]
x[94] = x[94] ^ x[217]
x[92] = x[92] ^ x[214]
x[93] = x[93] ^ x[188]
x[88] = x[88] ^ x[189]
x[90] = x[90] ^ x[207]
x[89] = x[89] ^ x[194]
x[87] = x[87] ^ x[187]
x[83] = x[83] ^ x[178]
x[86] = x[86] ^ x[183]
x[91] = x[91] ^ x[306]
x[85] = x[85] ^ x[203]
x[84] = x[84] ^ x[291]
x[77] = x[77] ^ x[197]
x[81] = x[81] ^ x[193]
x[79] = x[79] ^ x[167]
x[80] = x[80] ^ x[211]
x[78] = x[78] ^ x[180]
x[76] = x[76] ^ x[184]
x[72] = x[72] ^ x[171]
x[74] = x[74] ^ x[172]
x[75] = x[75] ^ x[186]
x[82] = x[82] ^ x[176]
x[71] = x[71] ^ x[304]
x[73] = x[73] ^ x[196]
x[68] = x[68] ^ x[190]
x[66] = x[66] ^ x[168]
x[67] = x[67] ^ x[280]
x[69] = x[69] ^ x[202]
x[65] = x[65] ^ x[287]
x[70] = x[70] ^ x[173]
x[63] = x[63] ^ x[205]
x[61] = x[61] ^ x[166]
x[64] = x[64] ^ x[322]
x[60] = x[60] ^ x[179]
x[62] = x[62] ^ x[267]
x[59] = x[59] ^ x[242]
x[57] = x[57] ^ x[316]
x[58] = x[58] ^ x[319]
x[56] = x[56] ^ x[275]
x[55] = x[55] ^ x[175]
x[53] = x[53] ^ x[181]
x[54] = x[54] ^ x[239]
x[51] = x[51] ^ x[192]
x[50] = x[50] ^ x[300]
x[52] = x[52] ^ x[225]
x[49] = x[49] ^ x[266]
x[46] = x[46] ^ x[198]
x[44] = x[44] ^ x[248]
x[48] = x[48] ^ x[162]
x[38] = x[38] ^ x[185]
x[47] = x[47] ^ x[262]
x[45] = x[45] ^ x[257]
x[33] = x[33] ^ x[263]
x[43] = x[43] ^ x[216]
x[42] = x[42] ^ x[271]
x[40] = x[40] ^ x[165]
x[41] = x[41] ^ x[250]
x[39] = x[39] ^ x[264]
x[34] = x[34] ^ x[251]
x[36] = x[36] ^ x[219]
x[32] = x[32] ^ x[260]
x[31] = x[31] ^ x[222]
x[30] = x[30] ^ x[268]
x[28] = x[28] ^ x[224]
x[35] = x[35] ^ x[253]
x[26] = x[26] ^ x[270]
x[27] = x[27] ^ x[230]
x[37] = x[37] ^ x[223]
x[24] = x[24] ^ x[227]
x[29] = x[29] ^ x[258]
x[22] = x[22] ^ x[245]
x[25] = x[25] ^ x[259]
x[21] = x[21] ^ x[221]
x[23] = x[23] ^ x[255]
x[19] = x[19] ^ x[241]
x[17] = x[17] ^ x[236]
x[20] = x[20] ^ x[252]
x[18] = x[18] ^ x[233]
x[11] = x[11] ^ x[232]
x[14] = x[14] ^ x[243]
x[7] = x[7] ^ x[240]
x[15] = x[15] ^ x[234]
x[16] = x[16] ^ x[246]
x[10] = x[10] ^ x[249]
x[13] = x[13] ^ x[231]
x[5] = x[5] ^ x[244]
x[6] = x[6] ^ x[235]
x[12] = x[12] ^ x[228]
x[9] = x[9] ^ x[261]
x[4] = x[4] ^ x[237]
x[8] = x[8] ^ x[247]
x[2] = x[2] ^ x[229]
x[1] = x[1] ^ x[238]
x[3] = x[3] ^ x[210]
x[0] = x[0] ^ x[256]
x[160] = x[160] ^ x[282]
x[142] = x[142] ^ x[281]
x[122] = x[122] ^ x[301]
x[154] = x[154] ^ x[286]
x[161] = x[161] ^ x[195]
x[158] = x[158] ^ x[273]
x[157] = x[157] ^ x[280]
x[159] = x[159] ^ x[312]
x[152] = x[152] ^ x[284]
x[156] = x[156] ^ x[260]
x[150] = x[150] ^ x[295]
x[155] = x[155] ^ x[165]
x[151] = x[151] ^ x[263]
x[147] = x[147] ^ x[270]
x[146] = x[146] ^ x[168]
x[148] = x[148] ^ x[179]
x[149] = x[149] ^ x[173]
x[145] = x[145] ^ x[265]
x[139] = x[139] ^ x[269]
x[136] = x[136] ^ x[261]
x[133] = x[133] ^ x[272]
x[129] = x[129] ^ x[321]
x[132] = x[132] ^ x[257]
x[130] = x[130] ^ x[174]
x[128] = x[128] ^ x[324]
x[126] = x[126] ^ x[307]
x[125] = x[125] ^ x[310]
x[119] = x[119] ^ x[316]
x[121] = x[121] ^ x[311]
x[120] = x[120] ^ x[322]
x[118] = x[118] ^ x[305]
x[114] = x[114] ^ x[313]
x[110] = x[110] ^ x[212]
x[111] = x[111] ^ x[314]
x[104] = x[104] ^ x[308]
x[107] = x[107] ^ x[315]
x[105] = x[105] ^ x[318]
x[101] = x[101] ^ x[214]
x[109] = x[109] ^ x[164]
x[103] = x[103] ^ x[323]
x[102] = x[102] ^ x[303]
x[98] = x[98] ^ x[177]
x[100] = x[100] ^ x[208]
x[96] = x[96] ^ x[209]
x[95] = x[95] ^ x[206]
x[97] = x[97] ^ x[319]
x[99] = x[99] ^ x[182]
x[94] = x[94] ^ x[202]
x[92] = x[92] ^ x[191]
x[93] = x[93] ^ x[213]
x[88] = x[88] ^ x[197]
x[90] = x[90] ^ x[200]
x[89] = x[89] ^ x[201]
x[87] = x[87] ^ x[215]
x[83] = x[83] ^ x[188]
x[86] = x[86] ^ x[194]
x[91] = x[91] ^ x[190]
x[85] = x[85] ^ x[204]
x[84] = x[84] ^ x[218]
x[77] = x[77] ^ x[187]
x[81] = x[81] ^ x[203]
x[79] = x[79] ^ x[184]
x[80] = x[80] ^ x[205]
x[78] = x[78] ^ x[185]
x[76] = x[76] ^ x[183]
x[72] = x[72] ^ x[180]
x[74] = x[74] ^ x[171]
x[75] = x[75] ^ x[189]
x[82] = x[82] ^ x[172]
x[71] = x[71] ^ x[300]
x[73] = x[73] ^ x[178]
x[68] = x[68] ^ x[186]
x[66] = x[66] ^ x[297]
x[67] = x[67] ^ x[192]
x[69] = x[69] ^ x[176]
x[65] = x[65] ^ x[207]
x[70] = x[70] ^ x[292]
x[63] = x[63] ^ x[199]
x[61] = x[61] ^ x[167]
x[64] = x[64] ^ x[166]
x[60] = x[60] ^ x[170]
x[62] = x[62] ^ x[264]
x[59] = x[59] ^ x[254]
x[57] = x[57] ^ x[277]
x[58] = x[58] ^ x[175]
x[56] = x[56] ^ x[198]
x[55] = x[55] ^ x[163]
x[53] = x[53] ^ x[268]
x[54] = x[54] ^ x[169]
x[51] = x[51] ^ x[193]
x[50] = x[50] ^ x[289]
x[52] = x[52] ^ x[181]
x[49] = x[49] ^ x[274]
x[46] = x[46] ^ x[196]
x[44] = x[44] ^ x[242]
x[48] = x[48] ^ x[244]
x[38] = x[38] ^ x[162]
x[47] = x[47] ^ x[237]
x[45] = x[45] ^ x[248]
x[33] = x[33] ^ x[259]
x[43] = x[43] ^ x[221]
x[42] = x[42] ^ x[262]
x[40] = x[40] ^ x[294]
x[41] = x[41] ^ x[246]
x[39] = x[39] ^ x[239]
x[34] = x[34] ^ x[235]
x[36] = x[36] ^ x[216]
x[32] = x[32] ^ x[256]
x[31] = x[31] ^ x[219]
x[30] = x[30] ^ x[267]
x[28] = x[28] ^ x[236]
x[35] = x[35] ^ x[251]
x[26] = x[26] ^ x[266]
x[27] = x[27] ^ x[228]
x[37] = x[37] ^ x[226]
x[24] = x[24] ^ x[220]
x[29] = x[29] ^ x[227]
x[22] = x[22] ^ x[223]
x[25] = x[25] ^ x[252]
x[21] = x[21] ^ x[210]
x[23] = x[23] ^ x[258]
x[19] = x[19] ^ x[250]
x[17] = x[17] ^ x[217]
x[20] = x[20] ^ x[253]
x[18] = x[18] ^ x[229]
x[11] = x[11] ^ x[238]
x[14] = x[14] ^ x[224]
x[7] = x[7] ^ x[230]
x[15] = x[15] ^ x[240]
x[16] = x[16] ^ x[245]
x[10] = x[10] ^ x[243]
x[13] = x[13] ^ x[234]
x[5] = x[5] ^ x[247]
x[6] = x[6] ^ x[222]
x[12] = x[12] ^ x[225]
x[9] = x[9] ^ x[255]
x[4] = x[4] ^ x[233]
x[8] = x[8] ^ x[249]
x[2] = x[2] ^ x[232]
x[1] = x[1] ^ x[231]
x[3] = x[3] ^ x[211]
x[0] = x[0] ^ x[241]
x[135] = x[135] ^ x[281]
x[116] = x[116] ^ x[301]
x[161] = x[161] ^ x[290]
x[158] = x[158] ^ x[296]
x[157] = x[157] ^ x[282]
x[159] = x[159] ^ x[280]
x[152] = x[152] ^ x[210]
x[150] = x[150] ^ x[293]
x[154] = x[154] ^ x[274]
x[153] = x[153] ^ x[270]
x[151] = x[151] ^ x[169]
x[147] = x[147] ^ x[267]
x[146] = x[146] ^ x[284]
x[142] = x[142] ^ x[295]
x[148] = x[148] ^ x[178]
x[149] = x[149] ^ x[263]
x[145] = x[145] ^ x[239]
x[144] = x[144] ^ x[262]
x[140] = x[140] ^ x[256]
x[136] = x[136] ^ x[259]
x[137] = x[137] ^ x[261]
x[133] = x[133] ^ x[269]
x[129] = x[129] ^ x[320]
x[131] = x[131] ^ x[165]
x[126] = x[126] ^ x[323]
x[125] = x[125] ^ x[308]
x[122] = x[122] ^ x[258]
x[119] = x[119] ^ x[311]
x[121] = x[121] ^ x[307]
x[120] = x[120] ^ x[314]
x[118] = x[118] ^ x[319]
x[108] = x[108] ^ x[324]
x[112] = x[112] ^ x[318]
x[111] = x[111] ^ x[212]
x[104] = x[104] ^ x[304]
x[107] = x[107] ^ x[305]
x[105] = x[105] ^ x[231]
x[101] = x[101] ^ x[322]
x[103] = x[103] ^ x[316]
x[102] = x[102] ^ x[300]
x[98] = x[98] ^ x[313]
x[100] = x[100] ^ x[177]
x[96] = x[96] ^ x[208]
x[95] = x[95] ^ x[309]
x[97] = x[97] ^ x[203]
x[99] = x[99] ^ x[297]
x[94] = x[94] ^ x[209]
x[92] = x[92] ^ x[182]
x[93] = x[93] ^ x[195]
x[88] = x[88] ^ x[211]
x[90] = x[90] ^ x[191]
x[89] = x[89] ^ x[202]
x[87] = x[87] ^ x[201]
x[83] = x[83] ^ x[315]
x[86] = x[86] ^ x[199]
x[91] = x[91] ^ x[188]
x[85] = x[85] ^ x[189]
x[84] = x[84] ^ x[196]
x[77] = x[77] ^ x[294]
x[81] = x[81] ^ x[187]
x[79] = x[79] ^ x[204]
x[80] = x[80] ^ x[193]
x[78] = x[78] ^ x[197]
x[76] = x[76] ^ x[200]
x[72] = x[72] ^ x[183]
x[74] = x[74] ^ x[167]
x[75] = x[75] ^ x[184]
x[82] = x[82] ^ x[192]
x[71] = x[71] ^ x[186]
x[73] = x[73] ^ x[275]
x[68] = x[68] ^ x[170]
x[66] = x[66] ^ x[273]
x[67] = x[67] ^ x[179]
x[69] = x[69] ^ x[171]
x[65] = x[65] ^ x[215]
x[70] = x[70] ^ x[194]
x[63] = x[63] ^ x[168]
x[61] = x[61] ^ x[173]
x[64] = x[64] ^ x[185]
x[60] = x[60] ^ x[166]
x[62] = x[62] ^ x[205]
x[59] = x[59] ^ x[190]
x[57] = x[57] ^ x[176]
x[58] = x[58] ^ x[172]
x[56] = x[56] ^ x[266]
x[55] = x[55] ^ x[198]
x[53] = x[53] ^ x[163]
x[54] = x[54] ^ x[277]
x[51] = x[51] ^ x[181]
x[50] = x[50] ^ x[244]
x[52] = x[52] ^ x[174]
x[49] = x[49] ^ x[253]
x[46] = x[46] ^ x[164]
x[44] = x[44] ^ x[252]
x[48] = x[48] ^ x[175]
x[38] = x[38] ^ x[180]
x[47] = x[47] ^ x[162]
x[45] = x[45] ^ x[214]
x[33] = x[33] ^ x[247]
x[43] = x[43] ^ x[310]
x[42] = x[42] ^ x[236]
x[40] = x[40] ^ x[268]
x[41] = x[41] ^ x[255]
x[39] = x[39] ^ x[233]
x[34] = x[34] ^ x[257]
x[36] = x[36] ^ x[243]
x[32] = x[32] ^ x[246]
x[31] = x[31] ^ x[218]
x[30] = x[30] ^ x[260]
x[28] = x[28] ^ x[221]
x[35] = x[35] ^ x[229]
x[26] = x[26] ^ x[265]
x[27] = x[27] ^ x[225]
x[37] = x[37] ^ x[219]
x[24] = x[24] ^ x[217]
x[29] = x[29] ^ x[249]
x[22] = x[22] ^ x[228]
x[25] = x[25] ^ x[250]
x[21] = x[21] ^ x[207]
x[23] = x[23] ^ x[251]
x[19] = x[19] ^ x[232]
x[17] = x[17] ^ x[213]
x[20] = x[20] ^ x[245]
x[18] = x[18] ^ x[223]
x[11] = x[11] ^ x[216]
x[14] = x[14] ^ x[237]
x[7] = x[7] ^ x[238]
x[15] = x[15] ^ x[230]
x[16] = x[16] ^ x[242]
x[10] = x[10] ^ x[248]
x[13] = x[13] ^ x[224]
x[5] = x[5] ^ x[241]
x[6] = x[6] ^ x[226]
x[12] = x[12] ^ x[220]
x[9] = x[9] ^ x[254]
x[4] = x[4] ^ x[234]
x[8] = x[8] ^ x[235]
x[2] = x[2] ^ x[222]
x[1] = x[1] ^ x[227]
x[3] = x[3] ^ x[206]
x[0] = x[0] ^ x[240]
x[127] = x[127] ^ x[287]
x[116] = x[116] ^ x[302]
x[114] = x[114] ^ x[321]
x[161] = x[161] ^ x[178]
x[158] = x[158] ^ x[206]
x[157] = x[157] ^ x[186]
x[159] = x[159] ^ x[273]
x[152] = x[152] ^ x[282]
x[156] = x[156] ^ x[277]
x[150] = x[150] ^ x[284]
x[154] = x[154] ^ x[175]
x[153] = x[153] ^ x[274]
x[151] = x[151] ^ x[162]
x[147] = x[147] ^ x[167]
x[146] = x[146] ^ x[269]
x[142] = x[142] ^ x[252]
x[148] = x[148] ^ x[172]
x[149] = x[149] ^ x[272]
x[145] = x[145] ^ x[267]
x[144] = x[144] ^ x[260]
x[143] = x[143] ^ x[174]
x[141] = x[141] ^ x[262]
x[139] = x[139] ^ x[251]
x[140] = x[140] ^ x[280]
x[136] = x[136] ^ x[256]
x[138] = x[138] ^ x[259]
x[137] = x[137] ^ x[266]
x[133] = x[133] ^ x[263]
x[130] = x[130] ^ x[257]
x[128] = x[128] ^ x[244]
x[126] = x[126] ^ x[316]
x[125] = x[125] ^ x[309]
x[122] = x[122] ^ x[164]
x[119] = x[119] ^ x[306]
x[121] = x[121] ^ x[312]
x[124] = x[124] ^ x[237]
x[120] = x[120] ^ x[299]
x[118] = x[118] ^ x[320]
x[117] = x[117] ^ x[324]
x[110] = x[110] ^ x[323]
x[111] = x[111] ^ x[313]
x[104] = x[104] ^ x[301]
x[107] = x[107] ^ x[304]
x[105] = x[105] ^ x[317]
x[106] = x[106] ^ x[212]
x[101] = x[101] ^ x[318]
x[109] = x[109] ^ x[314]
x[103] = x[103] ^ x[308]
x[102] = x[102] ^ x[295]
x[98] = x[98] ^ x[311]
x[100] = x[100] ^ x[289]
x[96] = x[96] ^ x[307]
x[95] = x[95] ^ x[305]
x[97] = x[97] ^ x[209]
x[99] = x[99] ^ x[195]
x[94] = x[94] ^ x[177]
x[92] = x[92] ^ x[208]
x[93] = x[93] ^ x[182]
x[88] = x[88] ^ x[319]
x[90] = x[90] ^ x[222]
x[89] = x[89] ^ x[191]
x[87] = x[87] ^ x[200]
x[83] = x[83] ^ x[201]
x[86] = x[86] ^ x[192]
x[91] = x[91] ^ x[221]
x[85] = x[85] ^ x[188]
x[84] = x[84] ^ x[194]
x[77] = x[77] ^ x[296]
x[81] = x[81] ^ x[204]
x[79] = x[79] ^ x[189]
x[80] = x[80] ^ x[203]
x[78] = x[78] ^ x[193]
x[76] = x[76] ^ x[197]
x[72] = x[72] ^ x[270]
x[74] = x[74] ^ x[293]
x[75] = x[75] ^ x[187]
x[82] = x[82] ^ x[184]
x[71] = x[71] ^ x[202]
x[73] = x[73] ^ x[294]
x[68] = x[68] ^ x[300]
x[66] = x[66] ^ x[276]
x[67] = x[67] ^ x[185]
x[69] = x[69] ^ x[196]
x[65] = x[65] ^ x[281]
x[70] = x[70] ^ x[171]
x[63] = x[63] ^ x[176]
x[61] = x[61] ^ x[168]
x[64] = x[64] ^ x[265]
x[60] = x[60] ^ x[180]
x[62] = x[62] ^ x[183]
x[59] = x[59] ^ x[215]
x[57] = x[57] ^ x[170]
x[58] = x[58] ^ x[268]
x[56] = x[56] ^ x[190]
x[55] = x[55] ^ x[264]
x[53] = x[53] ^ x[199]
x[54] = x[54] ^ x[166]
x[51] = x[51] ^ x[173]
x[50] = x[50] ^ x[181]
x[52] = x[52] ^ x[169]
x[49] = x[49] ^ x[163]
x[46] = x[46] ^ x[297]
x[44] = x[44] ^ x[198]
x[48] = x[48] ^ x[298]
x[38] = x[38] ^ x[179]
x[47] = x[47] ^ x[288]
x[45] = x[45] ^ x[234]
x[33] = x[33] ^ x[255]
x[43] = x[43] ^ x[214]
x[42] = x[42] ^ x[240]
x[40] = x[40] ^ x[226]
x[41] = x[41] ^ x[258]
x[39] = x[39] ^ x[236]
x[34] = x[34] ^ x[165]
x[36] = x[36] ^ x[245]
x[32] = x[32] ^ x[247]
x[31] = x[31] ^ x[216]
x[30] = x[30] ^ x[254]
x[28] = x[28] ^ x[219]
x[35] = x[35] ^ x[242]
x[26] = x[26] ^ x[271]
x[27] = x[27] ^ x[231]
x[37] = x[37] ^ x[211]
x[24] = x[24] ^ x[224]
x[29] = x[29] ^ x[253]
x[22] = x[22] ^ x[235]
x[25] = x[25] ^ x[246]
x[21] = x[21] ^ x[213]
x[23] = x[23] ^ x[249]
x[19] = x[19] ^ x[239]
x[17] = x[17] ^ x[205]
x[20] = x[20] ^ x[233]
x[18] = x[18] ^ x[207]
x[11] = x[11] ^ x[210]
x[14] = x[14] ^ x[228]
x[7] = x[7] ^ x[227]
x[15] = x[15] ^ x[232]
x[16] = x[16] ^ x[243]
x[10] = x[10] ^ x[241]
x[13] = x[13] ^ x[230]
x[5] = x[5] ^ x[248]
x[6] = x[6] ^ x[218]
x[12] = x[12] ^ x[223]
x[9] = x[9] ^ x[250]
x[4] = x[4] ^ x[225]
x[8] = x[8] ^ x[238]
x[2] = x[2] ^ x[217]
x[1] = x[1] ^ x[220]
x[3] = x[3] ^ x[303]
x[0] = x[0] ^ x[229]
x[132] = x[132] ^ x[261]
x[135] = x[135] ^ x[271]
x[127] = x[127] ^ x[272]
x[114] = x[114] ^ x[310]
x[161] = x[161] ^ x[197]
x[158] = x[158] ^ x[189]
x[157] = x[157] ^ x[292]
x[159] = x[159] ^ x[188]
x[152] = x[152] ^ x[206]
x[156] = x[156] ^ x[273]
x[150] = x[150] ^ x[187]
x[155] = x[155] ^ x[164]
x[153] = x[153] ^ x[265]
x[151] = x[151] ^ x[281]
x[147] = x[147] ^ x[274]
x[146] = x[146] ^ x[280]
x[142] = x[142] ^ x[270]
x[148] = x[148] ^ x[284]
x[145] = x[145] ^ x[252]
x[144] = x[144] ^ x[293]
x[143] = x[143] ^ x[267]
x[141] = x[141] ^ x[169]
x[136] = x[136] ^ x[249]
x[138] = x[138] ^ x[255]
x[137] = x[137] ^ x[269]
x[129] = x[129] ^ x[263]
x[131] = x[131] ^ x[257]
x[134] = x[134] ^ x[170]
x[126] = x[126] ^ x[317]
x[123] = x[123] ^ x[241]
x[125] = x[125] ^ x[312]
x[122] = x[122] ^ x[324]
x[119] = x[119] ^ x[313]
x[115] = x[115] ^ x[162]
x[121] = x[121] ^ x[303]
x[120] = x[120] ^ x[254]
x[116] = x[116] ^ x[168]
x[118] = x[118] ^ x[307]
x[108] = x[108] ^ x[320]
x[117] = x[117] ^ x[321]
x[112] = x[112] ^ x[316]
x[110] = x[110] ^ x[245]
x[111] = x[111] ^ x[299]
x[104] = x[104] ^ x[306]
x[107] = x[107] ^ x[302]
x[105] = x[105] ^ x[311]
x[106] = x[106] ^ x[323]
x[101] = x[101] ^ x[212]
x[103] = x[103] ^ x[314]
x[102] = x[102] ^ x[282]
x[98] = x[98] ^ x[309]
x[100] = x[100] ^ x[286]
x[96] = x[96] ^ x[304]
x[95] = x[95] ^ x[301]
x[97] = x[97] ^ x[308]
x[99] = x[99] ^ x[220]
x[92] = x[92] ^ x[295]
x[93] = x[93] ^ x[296]
x[88] = x[88] ^ x[182]
x[89] = x[89] ^ x[214]
x[87] = x[87] ^ x[177]
x[83] = x[83] ^ x[195]
x[86] = x[86] ^ x[191]
x[91] = x[91] ^ x[207]
x[85] = x[85] ^ x[319]
x[77] = x[77] ^ x[205]
x[81] = x[81] ^ x[289]
x[79] = x[79] ^ x[201]
x[80] = x[80] ^ x[204]
x[78] = x[78] ^ x[194]
x[76] = x[76] ^ x[297]
x[72] = x[72] ^ x[266]
x[74] = x[74] ^ x[283]
x[75] = x[75] ^ x[300]
x[82] = x[82] ^ x[183]
x[71] = x[71] ^ x[184]
x[73] = x[73] ^ x[199]
x[68] = x[68] ^ x[294]
x[66] = x[66] ^ x[180]
x[67] = x[67] ^ x[279]
x[69] = x[69] ^ x[172]
x[65] = x[65] ^ x[167]
x[70] = x[70] ^ x[178]
x[63] = x[63] ^ x[186]
x[61] = x[61] ^ x[268]
x[64] = x[64] ^ x[192]
x[60] = x[60] ^ x[171]
x[62] = x[62] ^ x[179]
x[59] = x[59] ^ x[196]
x[57] = x[57] ^ x[285]
x[58] = x[58] ^ x[176]
x[56] = x[56] ^ x[173]
x[55] = x[55] ^ x[260]
x[53] = x[53] ^ x[174]
x[54] = x[54] ^ x[253]
x[51] = x[51] ^ x[166]
x[50] = x[50] ^ x[190]
x[52] = x[52] ^ x[298]
x[49] = x[49] ^ x[181]
x[46] = x[46] ^ x[288]
x[44] = x[44] ^ x[163]
x[48] = x[48] ^ x[193]
x[38] = x[38] ^ x[175]
x[47] = x[47] ^ x[305]
x[45] = x[45] ^ x[185]
x[33] = x[33] ^ x[235]
x[43] = x[43] ^ x[213]
x[42] = x[42] ^ x[246]
x[40] = x[40] ^ x[248]
x[41] = x[41] ^ x[242]
x[39] = x[39] ^ x[234]
x[34] = x[34] ^ x[275]
x[36] = x[36] ^ x[229]
x[32] = x[32] ^ x[243]
x[31] = x[31] ^ x[236]
x[30] = x[30] ^ x[251]
x[28] = x[28] ^ x[230]
x[35] = x[35] ^ x[203]
x[27] = x[27] ^ x[223]
x[37] = x[37] ^ x[208]
x[24] = x[24] ^ x[222]
x[29] = x[29] ^ x[216]
x[22] = x[22] ^ x[198]
x[25] = x[25] ^ x[244]
x[21] = x[21] ^ x[211]
x[23] = x[23] ^ x[239]
x[19] = x[19] ^ x[238]
x[17] = x[17] ^ x[200]
x[20] = x[20] ^ x[226]
x[18] = x[18] ^ x[209]
x[11] = x[11] ^ x[215]
x[14] = x[14] ^ x[233]
x[7] = x[7] ^ x[210]
x[15] = x[15] ^ x[225]
x[16] = x[16] ^ x[232]
x[10] = x[10] ^ x[240]
x[13] = x[13] ^ x[228]
x[5] = x[5] ^ x[237]
x[6] = x[6] ^ x[219]
x[12] = x[12] ^ x[217]
x[9] = x[9] ^ x[247]
x[4] = x[4] ^ x[227]
x[8] = x[8] ^ x[231]
x[3] = x[3] ^ x[202]
x[0] = x[0] ^ x[224]
x[154] = x[154] ^ x[278]
x[149] = x[149] ^ x[165]
x[139] = x[139] ^ x[262]
x[140] = x[140] ^ x[259]
x[133] = x[133] ^ x[256]
x[130] = x[130] ^ x[250]
x[90] = x[90] ^ x[277]
x[84] = x[84] ^ x[290]
x[26] = x[26] ^ x[261]
x[2] = x[2] ^ x[218]
x[1] = x[1] ^ x[221]
x[94] = x[94] ^ x[322]
x[127] = x[127] ^ x[271]
x[161] = x[161] ^ x[196]
x[158] = x[158] ^ x[287]
x[157] = x[157] ^ x[279]
x[159] = x[159] ^ x[264]
x[152] = x[152] ^ x[204]
x[153] = x[153] ^ x[276]
x[147] = x[147] ^ x[272]
x[146] = x[146] ^ x[295]
x[142] = x[142] ^ x[273]
x[148] = x[148] ^ x[281]
x[145] = x[145] ^ x[173]
x[141] = x[141] ^ x[252]
x[136] = x[136] ^ x[251]
x[138] = x[138] ^ x[249]
x[137] = x[137] ^ x[263]
x[131] = x[131] ^ x[320]
x[134] = x[134] ^ x[244]
x[126] = x[126] ^ x[303]
x[125] = x[125] ^ x[305]
x[122] = x[122] ^ x[309]
x[119] = x[119] ^ x[258]
x[124] = x[124] ^ x[236]
x[120] = x[120] ^ x[164]
x[118] = x[118] ^ x[254]
x[108] = x[108] ^ x[253]
x[114] = x[114] ^ x[324]
x[117] = x[117] ^ x[319]
x[113] = x[113] ^ x[323]
x[112] = x[112] ^ x[321]
x[110] = x[110] ^ x[316]
x[111] = x[111] ^ x[310]
x[104] = x[104] ^ x[302]
x[107] = x[107] ^ x[300]
x[105] = x[105] ^ x[313]
x[106] = x[106] ^ x[238]
x[101] = x[101] ^ x[174]
x[109] = x[109] ^ x[311]
x[103] = x[103] ^ x[299]
x[98] = x[98] ^ x[212]
x[100] = x[100] ^ x[282]
x[96] = x[96] ^ x[301]
x[95] = x[95] ^ x[304]
x[97] = x[97] ^ x[296]
x[99] = x[99] ^ x[293]
x[92] = x[92] ^ x[297]
x[93] = x[93] ^ x[235]
x[88] = x[88] ^ x[314]
x[89] = x[89] ^ x[274]
x[87] = x[87] ^ x[220]
x[83] = x[83] ^ x[191]
x[86] = x[86] ^ x[177]
x[85] = x[85] ^ x[283]
x[77] = x[77] ^ x[188]
x[81] = x[81] ^ x[201]
x[79] = x[79] ^ x[182]
x[80] = x[80] ^ x[317]
x[78] = x[78] ^ x[292]
x[76] = x[76] ^ x[195]
x[72] = x[72] ^ x[265]
x[74] = x[74] ^ x[193]
x[75] = x[75] ^ x[289]
x[82] = x[82] ^ x[197]
x[71] = x[71] ^ x[189]
x[68] = x[68] ^ x[215]
x[66] = x[66] ^ x[184]
x[67] = x[67] ^ x[180]
x[69] = x[69] ^ x[179]
x[65] = x[65] ^ x[194]
x[70] = x[70] ^ x[172]
x[63] = x[63] ^ x[183]
x[61] = x[61] ^ x[178]
x[64] = x[64] ^ x[202]
x[60] = x[60] ^ x[168]
x[62] = x[62] ^ x[176]
x[59] = x[59] ^ x[185]
x[57] = x[57] ^ x[294]
x[58] = x[58] ^ x[167]
x[56] = x[56] ^ x[267]
x[55] = x[55] ^ x[205]
x[53] = x[53] ^ x[247]
x[54] = x[54] ^ x[190]
x[51] = x[51] ^ x[298]
x[50] = x[50] ^ x[175]
x[52] = x[52] ^ x[307]
x[49] = x[49] ^ x[166]
x[46] = x[46] ^ x[275]
x[44] = x[44] ^ x[169]
x[48] = x[48] ^ x[171]
x[38] = x[38] ^ x[163]
x[47] = x[47] ^ x[192]
x[45] = x[45] ^ x[186]
x[33] = x[33] ^ x[181]
x[43] = x[43] ^ x[217]
x[42] = x[42] ^ x[162]
x[40] = x[40] ^ x[245]
x[41] = x[41] ^ x[241]
x[39] = x[39] ^ x[224]
x[34] = x[34] ^ x[268]
x[36] = x[36] ^ x[231]
x[32] = x[32] ^ x[206]
x[31] = x[31] ^ x[187]
x[30] = x[30] ^ x[246]
x[28] = x[28] ^ x[208]
x[35] = x[35] ^ x[248]
x[37] = x[37] ^ x[203]
x[29] = x[29] ^ x[211]
x[22] = x[22] ^ x[230]
x[25] = x[25] ^ x[243]
x[23] = x[23] ^ x[233]
x[19] = x[19] ^ x[234]
x[17] = x[17] ^ x[199]
x[20] = x[20] ^ x[228]
x[18] = x[18] ^ x[198]
x[11] = x[11] ^ x[207]
x[14] = x[14] ^ x[226]
x[16] = x[16] ^ x[229]
x[10] = x[10] ^ x[237]
x[13] = x[13] ^ x[225]
x[5] = x[5] ^ x[240]
x[6] = x[6] ^ x[210]
x[12] = x[12] ^ x[214]
x[9] = x[9] ^ x[242]
x[4] = x[4] ^ x[222]
x[8] = x[8] ^ x[232]
x[3] = x[3] ^ x[200]
x[0] = x[0] ^ x[223]
x[128] = x[128] ^ x[322]
x[155] = x[155] ^ x[278]
x[149] = x[149] ^ x[261]
x[144] = x[144] ^ x[255]
x[143] = x[143] ^ x[262]
x[140] = x[140] ^ x[269]
x[133] = x[133] ^ x[259]
x[129] = x[129] ^ x[260]
x[132] = x[132] ^ x[256]
x[135] = x[135] ^ x[250]
x[121] = x[121] ^ x[270]
x[116] = x[116] ^ x[306]
x[102] = x[102] ^ x[280]
x[90] = x[90] ^ x[284]
x[91] = x[91] ^ x[266]
x[84] = x[84] ^ x[286]
x[73] = x[73] ^ x[291]
x[26] = x[26] ^ x[257]
x[27] = x[27] ^ x[221]
x[24] = x[24] ^ x[218]
x[21] = x[21] ^ x[209]
x[7] = x[7] ^ x[216]
x[15] = x[15] ^ x[227]
x[2] = x[2] ^ x[213]
x[1] = x[1] ^ x[219]
x[156] = x[156] ^ x[165]
x[154] = x[154] ^ x[170]
x[139] = x[139] ^ x[239]
x[160] = x[160] ^ x[296]
x[150] = x[150] ^ x[285]
x[161] = x[161] ^ x[187]
x[158] = x[158] ^ x[194]
x[157] = x[157] ^ x[290]
x[159] = x[159] ^ x[183]
x[152] = x[152] ^ x[303]
x[153] = x[153] ^ x[273]
x[151] = x[151] ^ x[279]
x[148] = x[148] ^ x[168]
x[141] = x[141] ^ x[272]
x[138] = x[138] ^ x[251]
x[134] = x[134] ^ x[271]
x[123] = x[123] ^ x[321]
x[122] = x[122] ^ x[241]
x[115] = x[115] ^ x[317]
x[124] = x[124] ^ x[240]
x[120] = x[120] ^ x[295]
x[118] = x[118] ^ x[277]
x[114] = x[114] ^ x[254]
x[117] = x[117] ^ x[258]
x[113] = x[113] ^ x[253]
x[112] = x[112] ^ x[320]
x[110] = x[110] ^ x[246]
x[111] = x[111] ^ x[307]
x[104] = x[104] ^ x[245]
x[105] = x[105] ^ x[305]
x[106] = x[106] ^ x[318]
x[101] = x[101] ^ x[316]
x[109] = x[109] ^ x[324]
x[103] = x[103] ^ x[313]
x[98] = x[98] ^ x[302]
x[96] = x[96] ^ x[299]
x[95] = x[95] ^ x[289]
x[97] = x[97] ^ x[300]
x[99] = x[99] ^ x[231]
x[94] = x[94] ^ x[314]
x[92] = x[92] ^ x[288]
x[93] = x[93] ^ x[274]
x[88] = x[88] ^ x[311]
x[87] = x[87] ^ x[283]
x[83] = x[83] ^ x[308]
x[85] = x[85] ^ x[191]
x[81] = x[81] ^ x[205]
x[79] = x[79] ^ x[200]
x[80] = x[80] ^ x[182]
x[78] = x[78] ^ x[282]
x[76] = x[76] ^ x[188]
x[72] = x[72] ^ x[195]
x[75] = x[75] ^ x[199]
x[82] = x[82] ^ x[310]
x[71] = x[71] ^ x[206]
x[68] = x[68] ^ x[202]
x[67] = x[67] ^ x[215]
x[69] = x[69] ^ x[184]
x[65] = x[65] ^ x[315]
x[70] = x[70] ^ x[185]
x[63] = x[63] ^ x[178]
x[61] = x[61] ^ x[172]
x[64] = x[64] ^ x[171]
x[62] = x[62] ^ x[177]
x[59] = x[59] ^ x[167]
x[57] = x[57] ^ x[186]
x[58] = x[58] ^ x[170]
x[56] = x[56] ^ x[263]
x[55] = x[55] ^ x[193]
x[53] = x[53] ^ x[176]
x[54] = x[54] ^ x[223]
x[51] = x[51] ^ x[179]
x[50] = x[50] ^ x[239]
x[52] = x[52] ^ x[175]
x[49] = x[49] ^ x[169]
x[46] = x[46] ^ x[166]
x[44] = x[44] ^ x[164]
x[48] = x[48] ^ x[173]
x[38] = x[38] ^ x[309]
x[47] = x[47] ^ x[190]
x[45] = x[45] ^ x[174]
x[33] = x[33] ^ x[248]
x[43] = x[43] ^ x[222]
x[42] = x[42] ^ x[238]
x[40] = x[40] ^ x[207]
x[41] = x[41] ^ x[162]
x[39] = x[39] ^ x[181]
x[34] = x[34] ^ x[234]
x[36] = x[36] ^ x[232]
x[32] = x[32] ^ x[165]
x[31] = x[31] ^ x[268]
x[28] = x[28] ^ x[180]
x[35] = x[35] ^ x[237]
x[22] = x[22] ^ x[203]
x[25] = x[25] ^ x[247]
x[19] = x[19] ^ x[225]
x[17] = x[17] ^ x[192]
x[20] = x[20] ^ x[224]
x[18] = x[18] ^ x[196]
x[11] = x[11] ^ x[211]
x[16] = x[16] ^ x[230]
x[10] = x[10] ^ x[233]
x[5] = x[5] ^ x[229]
x[6] = x[6] ^ x[208]
x[12] = x[12] ^ x[210]
x[9] = x[9] ^ x[243]
x[8] = x[8] ^ x[228]
x[0] = x[0] ^ x[226]
x[147] = x[147] ^ x[276]
x[146] = x[146] ^ x[163]
x[142] = x[142] ^ x[264]
x[149] = x[149] ^ x[278]
x[143] = x[143] ^ x[260]
x[140] = x[140] ^ x[270]
x[136] = x[136] ^ x[255]
x[137] = x[137] ^ x[252]
x[133] = x[133] ^ x[261]
x[129] = x[129] ^ x[259]
x[132] = x[132] ^ x[262]
x[131] = x[131] ^ x[269]
x[127] = x[127] ^ x[257]
x[135] = x[135] ^ x[256]
x[128] = x[128] ^ x[319]
x[126] = x[126] ^ x[244]
x[125] = x[125] ^ x[301]
x[119] = x[119] ^ x[267]
x[121] = x[121] ^ x[242]
x[116] = x[116] ^ x[297]
x[108] = x[108] ^ x[322]
x[107] = x[107] ^ x[298]
x[102] = x[102] ^ x[292]
x[100] = x[100] ^ x[287]
x[90] = x[90] ^ x[280]
x[89] = x[89] ^ x[275]
x[86] = x[86] ^ x[281]
x[91] = x[91] ^ x[265]
x[84] = x[84] ^ x[284]
x[77] = x[77] ^ x[209]
x[74] = x[74] ^ x[204]
x[73] = x[73] ^ x[197]
x[66] = x[66] ^ x[189]
x[60] = x[60] ^ x[294]
x[30] = x[30] ^ x[249]
x[26] = x[26] ^ x[250]
x[27] = x[27] ^ x[218]
x[37] = x[37] ^ x[221]
x[24] = x[24] ^ x[214]
x[29] = x[29] ^ x[236]
x[21] = x[21] ^ x[198]
x[23] = x[23] ^ x[235]
x[14] = x[14] ^ x[220]
x[7] = x[7] ^ x[213]
x[15] = x[15] ^ x[217]
x[13] = x[13] ^ x[227]
x[4] = x[4] ^ x[219]
x[2] = x[2] ^ x[212]
x[1] = x[1] ^ x[216]
x[3] = x[3] ^ x[201]
x[139] = x[139] ^ x[266]
x[160] = x[160] ^ x[287]
x[144] = x[144] ^ x[286]
x[161] = x[161] ^ x[303]
x[158] = x[158] ^ x[174]
x[153] = x[153] ^ x[179]
x[151] = x[151] ^ x[272]
x[141] = x[141] ^ x[263]
x[138] = x[138] ^ x[266]
x[123] = x[123] ^ x[164]
x[122] = x[122] ^ x[271]
x[115] = x[115] ^ x[309]
x[124] = x[124] ^ x[321]
x[120] = x[120] ^ x[243]
x[118] = x[118] ^ x[296]
x[114] = x[114] ^ x[317]
x[117] = x[117] ^ x[254]
x[112] = x[112] ^ x[253]
x[110] = x[110] ^ x[313]
x[111] = x[111] ^ x[311]
x[104] = x[104] ^ x[295]
x[105] = x[105] ^ x[230]
x[106] = x[106] ^ x[310]
x[101] = x[101] ^ x[315]
x[109] = x[109] ^ x[312]
x[96] = x[96] ^ x[302]
x[97] = x[97] ^ x[232]
x[99] = x[99] ^ x[290]
x[94] = x[94] ^ x[231]
x[92] = x[92] ^ x[289]
x[93] = x[93] ^ x[300]
x[87] = x[87] ^ x[282]
x[83] = x[83] ^ x[299]
x[81] = x[81] ^ x[206]
x[79] = x[79] ^ x[191]
x[76] = x[76] ^ x[182]
x[72] = x[72] ^ x[188]
x[75] = x[75] ^ x[277]
x[82] = x[82] ^ x[247]
x[71] = x[71] ^ x[199]
x[68] = x[68] ^ x[200]
x[69] = x[69] ^ x[187]
x[65] = x[65] ^ x[192]
x[63] = x[63] ^ x[185]
x[61] = x[61] ^ x[194]
x[64] = x[64] ^ x[183]
x[62] = x[62] ^ x[172]
x[59] = x[59] ^ x[318]
x[57] = x[57] ^ x[168]
x[58] = x[58] ^ x[291]
x[56] = x[56] ^ x[205]
x[55] = x[55] ^ x[177]
x[54] = x[54] ^ x[245]
x[51] = x[51] ^ x[178]
x[50] = x[50] ^ x[184]
x[52] = x[52] ^ x[173]
x[49] = x[49] ^ x[186]
x[46] = x[46] ^ x[190]
x[44] = x[44] ^ x[268]
x[48] = x[48] ^ x[166]
x[38] = x[38] ^ x[169]
x[47] = x[47] ^ x[171]
x[33] = x[33] ^ x[238]
x[43] = x[43] ^ x[181]
x[42] = x[42] ^ x[175]
x[40] = x[40] ^ x[224]
x[39] = x[39] ^ x[162]
x[34] = x[34] ^ x[228]
x[36] = x[36] ^ x[226]
x[32] = x[32] ^ x[283]
x[28] = x[28] ^ x[176]
x[35] = x[35] ^ x[240]
x[19] = x[19] ^ x[215]
x[17] = x[17] ^ x[193]
x[18] = x[18] ^ x[210]
x[11] = x[11] ^ x[203]
x[16] = x[16] ^ x[223]
x[10] = x[10] ^ x[234]
x[5] = x[5] ^ x[208]
x[8] = x[8] ^ x[225]
x[159] = x[159] ^ x[292]
x[152] = x[152] ^ x[298]
x[156] = x[156] ^ x[197]
x[150] = x[150] ^ x[297]
x[154] = x[154] ^ x[167]
x[147] = x[147] ^ x[261]
x[142] = x[142] ^ x[165]
x[149] = x[149] ^ x[264]
x[145] = x[145] ^ x[278]
x[143] = x[143] ^ x[170]
x[140] = x[140] ^ x[276]
x[136] = x[136] ^ x[262]
x[137] = x[137] ^ x[249]
x[133] = x[133] ^ x[260]
x[129] = x[129] ^ x[255]
x[132] = x[132] ^ x[259]
x[131] = x[131] ^ x[270]
x[130] = x[130] ^ x[252]
x[127] = x[127] ^ x[269]
x[135] = x[135] ^ x[257]
x[128] = x[128] ^ x[251]
x[126] = x[126] ^ x[265]
x[125] = x[125] ^ x[244]
x[119] = x[119] ^ x[250]
x[121] = x[121] ^ x[258]
x[116] = x[116] ^ x[242]
x[108] = x[108] ^ x[316]
x[113] = x[113] ^ x[320]
x[107] = x[107] ^ x[293]
x[103] = x[103] ^ x[307]
x[102] = x[102] ^ x[288]
x[98] = x[98] ^ x[305]
x[100] = x[100] ^ x[284]
x[95] = x[95] ^ x[285]
x[88] = x[88] ^ x[233]
x[90] = x[90] ^ x[279]
x[89] = x[89] ^ x[281]
x[86] = x[86] ^ x[274]
x[91] = x[91] ^ x[267]
x[85] = x[85] ^ x[273]
x[84] = x[84] ^ x[275]
x[77] = x[77] ^ x[195]
x[80] = x[80] ^ x[256]
x[78] = x[78] ^ x[280]
x[74] = x[74] ^ x[214]
x[73] = x[73] ^ x[323]
x[66] = x[66] ^ x[201]
x[67] = x[67] ^ x[189]
x[70] = x[70] ^ x[202]
x[60] = x[60] ^ x[324]
x[53] = x[53] ^ x[322]
x[45] = x[45] ^ x[163]
x[41] = x[41] ^ x[239]
x[31] = x[31] ^ x[180]
x[30] = x[30] ^ x[237]
x[26] = x[26] ^ x[246]
x[27] = x[27] ^ x[220]
x[37] = x[37] ^ x[204]
x[24] = x[24] ^ x[212]
x[29] = x[29] ^ x[248]
x[22] = x[22] ^ x[222]
x[25] = x[25] ^ x[236]
x[21] = x[21] ^ x[235]
x[23] = x[23] ^ x[229]
x[20] = x[20] ^ x[227]
x[14] = x[14] ^ x[216]
x[7] = x[7] ^ x[207]
x[15] = x[15] ^ x[196]
x[13] = x[13] ^ x[219]
x[6] = x[6] ^ x[213]
x[12] = x[12] ^ x[211]
x[9] = x[9] ^ x[241]
x[4] = x[4] ^ x[217]
x[2] = x[2] ^ x[209]
x[1] = x[1] ^ x[218]
x[3] = x[3] ^ x[198]
x[0] = x[0] ^ x[221]
x[155] = x[155] ^ x[293]
x[161] = x[161] ^ x[268]
x[157] = x[157] ^ x[194]
x[151] = x[151] ^ x[172]
x[141] = x[141] ^ x[162]
x[138] = x[138] ^ x[174]
x[120] = x[120] ^ x[291]
x[114] = x[114] ^ x[243]
x[117] = x[117] ^ x[253]
x[104] = x[104] ^ x[228]
x[106] = x[106] ^ x[309]
x[101] = x[101] ^ x[313]
x[109] = x[109] ^ x[245]
x[96] = x[96] ^ x[224]
x[99] = x[99] ^ x[282]
x[94] = x[94] ^ x[311]
x[93] = x[93] ^ x[283]
x[83] = x[83] ^ x[296]
x[81] = x[81] ^ x[286]
x[79] = x[79] ^ x[277]
x[76] = x[76] ^ x[289]
x[72] = x[72] ^ x[271]
x[75] = x[75] ^ x[182]
x[82] = x[82] ^ x[200]
x[61] = x[61] ^ x[184]
x[64] = x[64] ^ x[187]
x[59] = x[59] ^ x[179]
x[58] = x[58] ^ x[294]
x[55] = x[55] ^ x[168]
x[54] = x[54] ^ x[192]
x[51] = x[51] ^ x[176]
x[52] = x[52] ^ x[193]
x[49] = x[49] ^ x[190]
x[46] = x[46] ^ x[173]
x[44] = x[44] ^ x[185]
x[48] = x[48] ^ x[169]
x[38] = x[38] ^ x[166]
x[47] = x[47] ^ x[164]
x[33] = x[33] ^ x[177]
x[43] = x[43] ^ x[186]
x[42] = x[42] ^ x[181]
x[34] = x[34] ^ x[223]
x[32] = x[32] ^ x[238]
x[28] = x[28] ^ x[175]
x[35] = x[35] ^ x[205]
x[19] = x[19] ^ x[226]
x[17] = x[17] ^ x[188]
x[18] = x[18] ^ x[199]
x[11] = x[11] ^ x[321]
x[16] = x[16] ^ x[225]
x[10] = x[10] ^ x[232]
x[5] = x[5] ^ x[230]
x[158] = x[158] ^ x[203]
x[159] = x[159] ^ x[300]
x[152] = x[152] ^ x[211]
x[150] = x[150] ^ x[287]
x[153] = x[153] ^ x[297]
x[147] = x[147] ^ x[170]
x[142] = x[142] ^ x[276]
x[148] = x[148] ^ x[295]
x[144] = x[144] ^ x[284]
x[143] = x[143] ^ x[264]
x[139] = x[139] ^ x[267]
x[140] = x[140] ^ x[265]
x[136] = x[136] ^ x[239]
x[133] = x[133] ^ x[270]
x[129] = x[129] ^ x[319]
x[132] = x[132] ^ x[251]
x[131] = x[131] ^ x[260]
x[130] = x[130] ^ x[263]
x[127] = x[127] ^ x[252]
x[128] = x[128] ^ x[249]
x[134] = x[134] ^ x[269]
x[126] = x[126] ^ x[261]
x[123] = x[123] ^ x[250]
x[125] = x[125] ^ x[257]
x[122] = x[122] ^ x[302]
x[119] = x[119] ^ x[244]
x[115] = x[115] ^ x[315]
x[121] = x[121] ^ x[256]
x[124] = x[124] ^ x[258]
x[116] = x[116] ^ x[237]
x[118] = x[118] ^ x[298]
x[108] = x[108] ^ x[314]
x[113] = x[113] ^ x[248]
x[112] = x[112] ^ x[247]
x[110] = x[110] ^ x[254]
x[111] = x[111] ^ x[305]
x[107] = x[107] ^ x[266]
x[105] = x[105] ^ x[307]
x[103] = x[103] ^ x[303]
x[102] = x[102] ^ x[285]
x[98] = x[98] ^ x[299]
x[100] = x[100] ^ x[278]
x[95] = x[95] ^ x[233]
x[97] = x[97] ^ x[227]
x[92] = x[92] ^ x[290]
x[88] = x[88] ^ x[231]
x[90] = x[90] ^ x[229]
x[89] = x[89] ^ x[235]
x[87] = x[87] ^ x[279]
x[86] = x[86] ^ x[280]
x[91] = x[91] ^ x[262]
x[85] = x[85] ^ x[221]
x[84] = x[84] ^ x[272]
x[77] = x[77] ^ x[292]
x[80] = x[80] ^ x[191]
x[78] = x[78] ^ x[281]
x[74] = x[74] ^ x[246]
x[71] = x[71] ^ x[210]
x[73] = x[73] ^ x[255]
x[68] = x[68] ^ x[197]
x[66] = x[66] ^ x[274]
x[67] = x[67] ^ x[273]
x[69] = x[69] ^ x[180]
x[65] = x[65] ^ x[275]
x[70] = x[70] ^ x[324]
x[63] = x[63] ^ x[189]
x[60] = x[60] ^ x[178]
x[62] = x[62] ^ x[322]
x[57] = x[57] ^ x[167]
x[56] = x[56] ^ x[259]
x[53] = x[53] ^ x[183]
x[50] = x[50] ^ x[171]
x[45] = x[45] ^ x[323]
x[40] = x[40] ^ x[214]
x[41] = x[41] ^ x[163]
x[39] = x[39] ^ x[316]
x[36] = x[36] ^ x[222]
x[31] = x[31] ^ x[165]
x[30] = x[30] ^ x[240]
x[26] = x[26] ^ x[242]
x[27] = x[27] ^ x[201]
x[37] = x[37] ^ x[212]
x[24] = x[24] ^ x[202]
x[29] = x[29] ^ x[207]
x[22] = x[22] ^ x[320]
x[25] = x[25] ^ x[241]
x[21] = x[21] ^ x[195]
x[23] = x[23] ^ x[234]
x[20] = x[20] ^ x[220]
x[14] = x[14] ^ x[218]
x[7] = x[7] ^ x[209]
x[15] = x[15] ^ x[198]
x[13] = x[13] ^ x[216]
x[6] = x[6] ^ x[215]
x[12] = x[12] ^ x[206]
x[9] = x[9] ^ x[236]
x[4] = x[4] ^ x[208]
x[8] = x[8] ^ x[219]
x[2] = x[2] ^ x[204]
x[1] = x[1] ^ x[213]
x[3] = x[3] ^ x[196]
x[0] = x[0] ^ x[217]
x[160] = x[160] ^ x[275]
x[157] = x[157] ^ x[268]
x[151] = x[151] ^ x[176]
x[114] = x[114] ^ x[301]
x[101] = x[101] ^ x[253]
x[109] = x[109] ^ x[309]
x[99] = x[99] ^ x[228]
x[94] = x[94] ^ x[310]
x[83] = x[83] ^ x[225]
x[81] = x[81] ^ x[277]
x[72] = x[72] ^ x[226]
x[82] = x[82] ^ x[182]
x[64] = x[64] ^ x[283]
x[58] = x[58] ^ x[184]
x[54] = x[54] ^ x[168]
x[52] = x[52] ^ x[187]
x[49] = x[49] ^ x[243]
x[48] = x[48] ^ x[289]
x[38] = x[38] ^ x[291]
x[33] = x[33] ^ x[179]
x[43] = x[43] ^ x[164]
x[42] = x[42] ^ x[173]
x[34] = x[34] ^ x[162]
x[32] = x[32] ^ x[223]
x[28] = x[28] ^ x[174]
x[35] = x[35] ^ x[224]
x[17] = x[17] ^ x[185]
x[11] = x[11] ^ x[199]
x[10] = x[10] ^ x[230]
x[161] = x[161] ^ x[190]
x[158] = x[158] ^ x[290]
x[159] = x[159] ^ x[198]
x[152] = x[152] ^ x[192]
x[156] = x[156] ^ x[196]
x[155] = x[155] ^ x[285]
x[153] = x[153] ^ x[287]
x[142] = x[142] ^ x[319]
x[148] = x[148] ^ x[314]
x[145] = x[145] ^ x[279]
x[143] = x[143] ^ x[323]
x[141] = x[141] ^ x[281]
x[139] = x[139] ^ x[264]
x[140] = x[140] ^ x[267]
x[136] = x[136] ^ x[274]
x[138] = x[138] ^ x[166]
x[137] = x[137] ^ x[169]
x[133] = x[133] ^ x[165]
x[129] = x[129] ^ x[266]
x[132] = x[132] ^ x[321]
x[131] = x[131] ^ x[262]
x[130] = x[130] ^ x[265]
x[127] = x[127] ^ x[249]
x[135] = x[135] ^ x[251]
x[128] = x[128] ^ x[239]
x[134] = x[134] ^ x[324]
x[126] = x[126] ^ x[252]
x[123] = x[123] ^ x[322]
x[125] = x[125] ^ x[263]
x[122] = x[122] ^ x[293]
x[119] = x[119] ^ x[241]
x[115] = x[115] ^ x[311]
x[121] = x[121] ^ x[244]
x[124] = x[124] ^ x[256]
x[120] = x[120] ^ x[270]
x[116] = x[116] ^ x[269]
x[118] = x[118] ^ x[300]
x[108] = x[108] ^ x[312]
x[117] = x[117] ^ x[316]
x[113] = x[113] ^ x[258]
x[112] = x[112] ^ x[313]
x[110] = x[110] ^ x[236]
x[111] = x[111] ^ x[296]
x[104] = x[104] ^ x[303]
x[107] = x[107] ^ x[247]
x[105] = x[105] ^ x[304]
x[106] = x[106] ^ x[254]
x[103] = x[103] ^ x[246]
x[102] = x[102] ^ x[245]
x[98] = x[98] ^ x[295]
x[100] = x[100] ^ x[280]
x[96] = x[96] ^ x[298]
x[95] = x[95] ^ x[234]
x[97] = x[97] ^ x[297]
x[92] = x[92] ^ x[286]
x[93] = x[93] ^ x[219]
x[88] = x[88] ^ x[307]
x[90] = x[90] ^ x[233]
x[89] = x[89] ^ x[208]
x[87] = x[87] ^ x[271]
x[86] = x[86] ^ x[272]
x[91] = x[91] ^ x[257]
x[85] = x[85] ^ x[276]
x[84] = x[84] ^ x[221]
x[77] = x[77] ^ x[288]
x[79] = x[79] ^ x[217]
x[80] = x[80] ^ x[218]
x[78] = x[78] ^ x[191]
x[76] = x[76] ^ x[282]
x[74] = x[74] ^ x[188]
x[75] = x[75] ^ x[284]
x[71] = x[71] ^ x[255]
x[73] = x[73] ^ x[177]
x[68] = x[68] ^ x[248]
x[66] = x[66] ^ x[261]
x[67] = x[67] ^ x[278]
x[69] = x[69] ^ x[260]
x[65] = x[65] ^ x[193]
x[70] = x[70] ^ x[259]
x[63] = x[63] ^ x[197]
x[61] = x[61] ^ x[189]
x[60] = x[60] ^ x[183]
x[62] = x[62] ^ x[178]
x[59] = x[59] ^ x[180]
x[57] = x[57] ^ x[194]
x[56] = x[56] ^ x[250]
x[55] = x[55] ^ x[172]
x[53] = x[53] ^ x[170]
x[51] = x[51] ^ x[315]
x[50] = x[50] ^ x[167]
x[46] = x[46] ^ x[186]
x[44] = x[44] ^ x[235]
x[47] = x[47] ^ x[320]
x[45] = x[45] ^ x[171]
x[40] = x[40] ^ x[212]
x[41] = x[41] ^ x[175]
x[39] = x[39] ^ x[232]
x[36] = x[36] ^ x[163]
x[31] = x[31] ^ x[299]
x[30] = x[30] ^ x[242]
x[26] = x[26] ^ x[240]
x[27] = x[27] ^ x[181]
x[37] = x[37] ^ x[206]
x[24] = x[24] ^ x[204]
x[29] = x[29] ^ x[229]
x[22] = x[22] ^ x[210]
x[25] = x[25] ^ x[238]
x[21] = x[21] ^ x[202]
x[23] = x[23] ^ x[231]
x[19] = x[19] ^ x[227]
x[20] = x[20] ^ x[222]
x[18] = x[18] ^ x[205]
x[14] = x[14] ^ x[207]
x[7] = x[7] ^ x[201]
x[15] = x[15] ^ x[317]
x[16] = x[16] ^ x[220]
x[13] = x[13] ^ x[203]
x[5] = x[5] ^ x[211]
x[6] = x[6] ^ x[209]
x[12] = x[12] ^ x[195]
x[9] = x[9] ^ x[237]
x[4] = x[4] ^ x[213]
x[8] = x[8] ^ x[216]
x[2] = x[2] ^ x[200]
x[1] = x[1] ^ x[215]
x[3] = x[3] ^ x[294]
x[0] = x[0] ^ x[214]
x[149] = x[149] ^ x[273]
x[154] = x[154] ^ x[292]
x[150] = x[150] ^ x[275]
x[157] = x[157] ^ x[179]
x[101] = x[101] ^ x[301]
x[109] = x[109] ^ x[310]
x[94] = x[94] ^ x[309]
x[81] = x[81] ^ x[225]
x[82] = x[82] ^ x[226]
x[64] = x[64] ^ x[184]
x[52] = x[52] ^ x[168]
x[49] = x[49] ^ x[174]
x[48] = x[48] ^ x[185]
x[38] = x[38] ^ x[176]
x[43] = x[43] ^ x[187]
x[34] = x[34] ^ x[173]
x[35] = x[35] ^ x[223]
x[11] = x[11] ^ x[230]
x[10] = x[10] ^ x[228]
x[159] = x[159] ^ x[290]
x[152] = x[152] ^ x[196]
x[153] = x[153] ^ x[167]
x[151] = x[151] ^ x[287]
x[148] = x[148] ^ x[276]
x[145] = x[145] ^ x[324]
x[144] = x[144] ^ x[279]
x[143] = x[143] ^ x[318]
x[139] = x[139] ^ x[323]
x[140] = x[140] ^ x[264]
x[133] = x[133] ^ x[281]
x[129] = x[129] ^ x[317]
x[132] = x[132] ^ x[266]
x[131] = x[131] ^ x[272]
x[135] = x[135] ^ x[252]
x[128] = x[128] ^ x[321]
x[126] = x[126] ^ x[249]
x[123] = x[123] ^ x[256]
x[125] = x[125] ^ x[299]
x[122] = x[122] ^ x[322]
x[119] = x[119] ^ x[263]
x[115] = x[115] ^ x[271]
x[121] = x[121] ^ x[251]
x[124] = x[124] ^ x[244]
x[120] = x[120] ^ x[241]
x[116] = x[116] ^ x[307]
x[118] = x[118] ^ x[242]
x[108] = x[108] ^ x[246]
x[114] = x[114] ^ x[314]
x[117] = x[117] ^ x[247]
x[113] = x[113] ^ x[319]
x[112] = x[112] ^ x[240]
x[110] = x[110] ^ x[237]
x[111] = x[111] ^ x[298]
x[104] = x[104] ^ x[243]
x[107] = x[107] ^ x[236]
x[105] = x[105] ^ x[288]
x[106] = x[106] ^ x[313]
x[103] = x[103] ^ x[238]
x[102] = x[102] ^ x[278]
x[98] = x[98] ^ x[289]
x[100] = x[100] ^ x[254]
x[96] = x[96] ^ x[212]
x[95] = x[95] ^ x[277]
x[97] = x[97] ^ x[293]
x[99] = x[99] ^ x[232]
x[92] = x[92] ^ x[283]
x[93] = x[93] ^ x[282]
x[88] = x[88] ^ x[302]
x[90] = x[90] ^ x[227]
x[89] = x[89] ^ x[233]
x[87] = x[87] ^ x[208]
x[83] = x[83] ^ x[297]
x[86] = x[86] ^ x[268]
x[91] = x[91] ^ x[255]
x[85] = x[85] ^ x[274]
x[84] = x[84] ^ x[269]
x[77] = x[77] ^ x[285]
x[79] = x[79] ^ x[265]
x[80] = x[80] ^ x[257]
x[78] = x[78] ^ x[217]
x[76] = x[76] ^ x[284]
x[74] = x[74] ^ x[191]
x[75] = x[75] ^ x[273]
x[71] = x[71] ^ x[195]
x[73] = x[73] ^ x[200]
x[68] = x[68] ^ x[188]
x[66] = x[66] ^ x[267]
x[67] = x[67] ^ x[270]
x[69] = x[69] ^ x[253]
x[65] = x[65] ^ x[182]
x[70] = x[70] ^ x[258]
x[63] = x[63] ^ x[250]
x[61] = x[61] ^ x[197]
x[60] = x[60] ^ x[248]
x[62] = x[62] ^ x[180]
x[59] = x[59] ^ x[178]
x[57] = x[57] ^ x[245]
x[58] = x[58] ^ x[183]
x[56] = x[56] ^ x[192]
x[55] = x[55] ^ x[262]
x[53] = x[53] ^ x[177]
x[54] = x[54] ^ x[170]
x[51] = x[51] ^ x[172]
x[50] = x[50] ^ x[294]
x[46] = x[46] ^ x[189]
x[44] = x[44] ^ x[190]
x[47] = x[47] ^ x[169]
x[45] = x[45] ^ x[166]
x[42] = x[42] ^ x[193]
x[40] = x[40] ^ x[181]
x[41] = x[41] ^ x[164]
x[39] = x[39] ^ x[171]
x[36] = x[36] ^ x[218]
x[32] = x[32] ^ x[231]
x[31] = x[31] ^ x[162]
x[30] = x[30] ^ x[175]
x[28] = x[28] ^ x[163]
x[26] = x[26] ^ x[234]
x[27] = x[27] ^ x[165]
x[37] = x[37] ^ x[205]
x[24] = x[24] ^ x[209]
x[29] = x[29] ^ x[221]
x[22] = x[22] ^ x[220]
x[25] = x[25] ^ x[229]
x[21] = x[21] ^ x[194]
x[23] = x[23] ^ x[224]
x[19] = x[19] ^ x[222]
x[17] = x[17] ^ x[186]
x[20] = x[20] ^ x[219]
x[18] = x[18] ^ x[204]
x[14] = x[14] ^ x[210]
x[7] = x[7] ^ x[206]
x[15] = x[15] ^ x[216]
x[16] = x[16] ^ x[198]
x[13] = x[13] ^ x[214]
x[5] = x[5] ^ x[213]
x[6] = x[6] ^ x[202]
x[12] = x[12] ^ x[201]
x[9] = x[9] ^ x[235]
x[4] = x[4] ^ x[203]
x[8] = x[8] ^ x[207]
x[2] = x[2] ^ x[199]
x[1] = x[1] ^ x[211]
x[3] = x[3] ^ x[312]
x[0] = x[0] ^ x[215]
x[158] = x[158] ^ x[308]
x[156] = x[156] ^ x[311]
x[155] = x[155] ^ x[286]
x[72] = x[72] ^ x[261]
x[33] = x[33] ^ x[291]
x[142] = x[142] ^ x[280]
x[130] = x[130] ^ x[260]
x[127] = x[127] ^ x[259]
x[134] = x[134] ^ x[239]
x[147] = x[147] ^ x[292]
x[154] = x[154] ^ x[173]
x[137] = x[137] ^ x[168]
x[109] = x[109] ^ x[230]
x[94] = x[94] ^ x[301]
x[81] = x[81] ^ x[226]
x[48] = x[48] ^ x[184]
x[38] = x[38] ^ x[174]
x[43] = x[43] ^ x[179]
x[10] = x[10] ^ x[223]
x[157] = x[157] ^ x[191]
x[159] = x[159] ^ x[303]
x[152] = x[152] ^ x[268]
x[150] = x[150] ^ x[186]
x[151] = x[151] ^ x[163]
x[146] = x[146] ^ x[313]
x[148] = x[148] ^ x[320]
x[145] = x[145] ^ x[273]
x[143] = x[143] ^ x[166]
x[141] = x[141] ^ x[278]
x[139] = x[139] ^ x[276]
x[136] = x[136] ^ x[264]
x[138] = x[138] ^ x[265]
x[129] = x[129] ^ x[267]
x[131] = x[131] ^ x[319]
x[135] = x[135] ^ x[323]
x[128] = x[128] ^ x[252]
x[122] = x[122] ^ x[263]
x[119] = x[119] ^ x[249]
x[124] = x[124] ^ x[315]
x[116] = x[116] ^ x[241]
x[118] = x[118] ^ x[297]
x[108] = x[108] ^ x[302]
x[114] = x[114] ^ x[309]
x[117] = x[117] ^ x[314]
x[112] = x[112] ^ x[300]
x[110] = x[110] ^ x[307]
x[111] = x[111] ^ x[254]
x[104] = x[104] ^ x[258]
x[107] = x[107] ^ x[285]
x[106] = x[106] ^ x[236]
x[103] = x[103] ^ x[294]
x[102] = x[102] ^ x[238]
x[98] = x[98] ^ x[290]
x[100] = x[100] ^ x[247]
x[96] = x[96] ^ x[295]
x[95] = x[95] ^ x[283]
x[97] = x[97] ^ x[289]
x[99] = x[99] ^ x[281]
x[92] = x[92] ^ x[277]
x[93] = x[93] ^ x[232]
x[88] = x[88] ^ x[299]
x[90] = x[90] ^ x[231]
x[89] = x[89] ^ x[257]
x[87] = x[87] ^ x[227]
x[86] = x[86] ^ x[220]
x[91] = x[91] ^ x[245]
x[85] = x[85] ^ x[272]
x[84] = x[84] ^ x[270]
x[77] = x[77] ^ x[284]
x[79] = x[79] ^ x[221]
x[80] = x[80] ^ x[208]
x[78] = x[78] ^ x[279]
x[76] = x[76] ^ x[214]
x[74] = x[74] ^ x[324]
x[75] = x[75] ^ x[211]
x[82] = x[82] ^ x[213]
x[71] = x[71] ^ x[217]
x[73] = x[73] ^ x[201]
x[68] = x[68] ^ x[244]
x[66] = x[66] ^ x[188]
x[67] = x[67] ^ x[266]
x[69] = x[69] ^ x[262]
x[65] = x[65] ^ x[269]
x[70] = x[70] ^ x[253]
x[63] = x[63] ^ x[246]
x[61] = x[61] ^ x[256]
x[64] = x[64] ^ x[182]
x[60] = x[60] ^ x[233]
x[62] = x[62] ^ x[192]
x[59] = x[59] ^ x[237]
x[57] = x[57] ^ x[242]
x[58] = x[58] ^ x[251]
x[56] = x[56] ^ x[189]
x[55] = x[55] ^ x[183]
x[53] = x[53] ^ x[172]
x[54] = x[54] ^ x[177]
x[51] = x[51] ^ x[170]
x[50] = x[50] ^ x[248]
x[49] = x[49] ^ x[240]
x[46] = x[46] ^ x[187]
x[44] = x[44] ^ x[234]
x[47] = x[47] ^ x[193]
x[45] = x[45] ^ x[288]
x[40] = x[40] ^ x[215]
x[41] = x[41] ^ x[235]
x[39] = x[39] ^ x[164]
x[34] = x[34] ^ x[305]
x[32] = x[32] ^ x[210]
x[30] = x[30] ^ x[162]
x[35] = x[35] ^ x[219]
x[26] = x[26] ^ x[171]
x[27] = x[27] ^ x[178]
x[37] = x[37] ^ x[185]
x[24] = x[24] ^ x[205]
x[29] = x[29] ^ x[165]
x[22] = x[22] ^ x[197]
x[25] = x[25] ^ x[224]
x[23] = x[23] ^ x[228]
x[20] = x[20] ^ x[216]
x[18] = x[18] ^ x[202]
x[11] = x[11] ^ x[206]
x[14] = x[14] ^ x[203]
x[7] = x[7] ^ x[190]
x[15] = x[15] ^ x[218]
x[16] = x[16] ^ x[222]
x[13] = x[13] ^ x[200]
x[5] = x[5] ^ x[204]
x[6] = x[6] ^ x[199]
x[12] = x[12] ^ x[198]
x[9] = x[9] ^ x[229]
x[4] = x[4] ^ x[209]
x[8] = x[8] ^ x[212]
x[2] = x[2] ^ x[196]
x[1] = x[1] ^ x[195]
x[3] = x[3] ^ x[194]
x[0] = x[0] ^ x[207]
x[158] = x[158] ^ x[310]
x[160] = x[160] ^ x[311]
x[156] = x[156] ^ x[298]
x[140] = x[140] ^ x[274]
x[132] = x[132] ^ x[318]
x[120] = x[120] ^ x[271]
x[113] = x[113] ^ x[316]
x[72] = x[72] ^ x[225]
x[52] = x[52] ^ x[291]
x[33] = x[33] ^ x[169]
x[42] = x[42] ^ x[180]
x[36] = x[36] ^ x[175]
x[31] = x[31] ^ x[176]
x[28] = x[28] ^ x[321]
x[21] = x[21] ^ x[167]
x[19] = x[19] ^ x[181]
x[17] = x[17] ^ x[304]
x[155] = x[155] ^ x[275]
x[142] = x[142] ^ x[287]
x[144] = x[144] ^ x[280]
x[127] = x[127] ^ x[255]
x[134] = x[134] ^ x[259]
x[126] = x[126] ^ x[239]
x[123] = x[123] ^ x[260]
x[125] = x[125] ^ x[250]
x[115] = x[115] ^ x[312]
x[121] = x[121] ^ x[296]
x[105] = x[105] ^ x[243]
x[101] = x[101] ^ x[306]
x[83] = x[83] ^ x[292]
x[153] = x[153] ^ x[286]
x[154] = x[154] ^ x[168]
x[109] = x[109] ^ x[301]
x[48] = x[48] ^ x[322]
x[38] = x[38] ^ x[167]
x[43] = x[43] ^ x[174]
x[10] = x[10] ^ x[226]
x[151] = x[151] ^ x[295]
x[148] = x[148] ^ x[275]
x[145] = x[145] ^ x[314]
x[143] = x[143] ^ x[319]
x[141] = x[141] ^ x[282]
x[138] = x[138] ^ x[264]
x[137] = x[137] ^ x[278]
x[129] = x[129] ^ x[313]
x[131] = x[131] ^ x[267]
x[135] = x[135] ^ x[262]
x[119] = x[119] ^ x[256]
x[124] = x[124] ^ x[252]
x[116] = x[116] ^ x[303]
x[118] = x[118] ^ x[285]
x[114] = x[114] ^ x[302]
x[117] = x[117] ^ x[241]
x[110] = x[110] ^ x[300]
x[107] = x[107] ^ x[281]
x[106] = x[106] ^ x[307]
x[103] = x[103] ^ x[242]
x[102] = x[102] ^ x[237]
x[98] = x[98] ^ x[238]
x[100] = x[100] ^ x[276]
x[97] = x[97] ^ x[212]
x[94] = x[94] ^ x[299]
x[89] = x[89] ^ x[272]
x[91] = x[91] ^ x[233]
x[85] = x[85] ^ x[235]
x[84] = x[84] ^ x[266]
x[77] = x[77] ^ x[277]
x[81] = x[81] ^ x[269]
x[76] = x[76] ^ x[208]
x[74] = x[74] ^ x[253]
x[75] = x[75] ^ x[216]
x[82] = x[82] ^ x[191]
x[71] = x[71] ^ x[227]
x[73] = x[73] ^ x[217]
x[68] = x[68] ^ x[236]
x[66] = x[66] ^ x[263]
x[69] = x[69] ^ x[200]
x[65] = x[65] ^ x[268]
x[70] = x[70] ^ x[245]
x[63] = x[63] ^ x[188]
x[64] = x[64] ^ x[254]
x[60] = x[60] ^ x[182]
x[62] = x[62] ^ x[248]
x[59] = x[59] ^ x[187]
x[57] = x[57] ^ x[240]
x[58] = x[58] ^ x[249]
x[55] = x[55] ^ x[189]
x[53] = x[53] ^ x[194]
x[54] = x[54] ^ x[183]
x[51] = x[51] ^ x[320]
x[50] = x[50] ^ x[179]
x[44] = x[44] ^ x[231]
x[45] = x[45] ^ x[193]
x[39] = x[39] ^ x[294]
x[34] = x[34] ^ x[186]
x[32] = x[32] ^ x[232]
x[35] = x[35] ^ x[222]
x[26] = x[26] ^ x[162]
x[27] = x[27] ^ x[213]
x[37] = x[37] ^ x[195]
x[29] = x[29] ^ x[214]
x[22] = x[22] ^ x[211]
x[25] = x[25] ^ x[223]
x[23] = x[23] ^ x[219]
x[18] = x[18] ^ x[215]
x[11] = x[11] ^ x[197]
x[14] = x[14] ^ x[204]
x[7] = x[7] ^ x[199]
x[15] = x[15] ^ x[205]
x[16] = x[16] ^ x[207]
x[13] = x[13] ^ x[198]
x[5] = x[5] ^ x[202]
x[6] = x[6] ^ x[190]
x[12] = x[12] ^ x[196]
x[4] = x[4] ^ x[206]
x[8] = x[8] ^ x[209]
x[2] = x[2] ^ x[192]
x[1] = x[1] ^ x[201]
x[3] = x[3] ^ x[185]
x[0] = x[0] ^ x[203]
x[158] = x[158] ^ x[305]
x[157] = x[157] ^ x[172]
x[159] = x[159] ^ x[181]
x[152] = x[152] ^ x[311]
x[156] = x[156] ^ x[308]
x[150] = x[150] ^ x[184]
x[140] = x[140] ^ x[273]
x[136] = x[136] ^ x[163]
x[132] = x[132] ^ x[315]
x[128] = x[128] ^ x[261]
x[120] = x[120] ^ x[251]
x[108] = x[108] ^ x[309]
x[113] = x[113] ^ x[244]
x[104] = x[104] ^ x[297]
x[90] = x[90] ^ x[228]
x[87] = x[87] ^ x[274]
x[86] = x[86] ^ x[271]
x[78] = x[78] ^ x[221]
x[72] = x[72] ^ x[218]
x[67] = x[67] ^ x[265]
x[52] = x[52] ^ x[321]
x[49] = x[49] ^ x[177]
x[46] = x[46] ^ x[176]
x[47] = x[47] ^ x[180]
x[33] = x[33] ^ x[166]
x[42] = x[42] ^ x[170]
x[40] = x[40] ^ x[169]
x[41] = x[41] ^ x[229]
x[36] = x[36] ^ x[171]
x[31] = x[31] ^ x[173]
x[30] = x[30] ^ x[225]
x[28] = x[28] ^ x[283]
x[24] = x[24] ^ x[175]
x[21] = x[21] ^ x[165]
x[19] = x[19] ^ x[324]
x[17] = x[17] ^ x[178]
x[20] = x[20] ^ x[210]
x[160] = x[160] ^ x[164]
x[130] = x[130] ^ x[261]
x[149] = x[149] ^ x[282]
x[144] = x[144] ^ x[287]
x[133] = x[133] ^ x[323]
x[127] = x[127] ^ x[260]
x[134] = x[134] ^ x[279]
x[126] = x[126] ^ x[255]
x[123] = x[123] ^ x[239]
x[125] = x[125] ^ x[259]
x[115] = x[115] ^ x[270]
x[121] = x[121] ^ x[250]
x[105] = x[105] ^ x[289]
x[101] = x[101] ^ x[258]
x[96] = x[96] ^ x[247]
x[95] = x[95] ^ x[243]
x[99] = x[99] ^ x[224]
x[92] = x[92] ^ x[234]
x[93] = x[93] ^ x[280]
x[83] = x[83] ^ x[290]
x[79] = x[79] ^ x[284]
x[80] = x[80] ^ x[220]
x[61] = x[61] ^ x[257]
x[56] = x[56] ^ x[246]
x[9] = x[9] ^ x[230]
x[161] = x[161] ^ x[310]
x[153] = x[153] ^ x[298]
x[147] = x[147] ^ x[286]
x[146] = x[146] ^ x[292]
x[142] = x[142] ^ x[291]
x[139] = x[139] ^ x[317]
x[122] = x[122] ^ x[316]
x[112] = x[112] ^ x[306]
x[111] = x[111] ^ x[293]
x[88] = x[88] ^ x[296]
x[155] = x[155] ^ x[312]
x[48] = x[48] ^ x[168]
x[38] = x[38] ^ x[170]
x[43] = x[43] ^ x[301]
x[10] = x[10] ^ x[221]
x[145] = x[145] ^ x[295]
x[129] = x[129] ^ x[264]
x[114] = x[114] ^ x[294]
x[110] = x[110] ^ x[299]
x[106] = x[106] ^ x[303]
x[100] = x[100] ^ x[238]
x[89] = x[89] ^ x[231]
x[85] = x[85] ^ x[266]
x[81] = x[81] ^ x[223]
x[74] = x[74] ^ x[208]
x[82] = x[82] ^ x[216]
x[71] = x[71] ^ x[219]
x[73] = x[73] ^ x[252]
x[68] = x[68] ^ x[213]
x[66] = x[66] ^ x[256]
x[70] = x[70] ^ x[235]
x[63] = x[63] ^ x[222]
x[64] = x[64] ^ x[200]
x[60] = x[60] ^ x[188]
x[62] = x[62] ^ x[237]
x[59] = x[59] ^ x[233]
x[57] = x[57] ^ x[236]
x[58] = x[58] ^ x[241]
x[55] = x[55] ^ x[186]
x[54] = x[54] ^ x[194]
x[50] = x[50] ^ x[240]
x[44] = x[44] ^ x[232]
x[35] = x[35] ^ x[207]
x[26] = x[26] ^ x[164]
x[27] = x[27] ^ x[167]
x[29] = x[29] ^ x[203]
x[22] = x[22] ^ x[192]
x[23] = x[23] ^ x[212]
x[18] = x[18] ^ x[206]
x[11] = x[11] ^ x[204]
x[16] = x[16] ^ x[196]
x[13] = x[13] ^ x[185]
x[5] = x[5] ^ x[199]
x[6] = x[6] ^ x[195]
x[12] = x[12] ^ x[190]
x[4] = x[4] ^ x[198]
x[8] = x[8] ^ x[205]
x[2] = x[2] ^ x[191]
x[1] = x[1] ^ x[193]
x[3] = x[3] ^ x[187]
x[0] = x[0] ^ x[211]
x[156] = x[156] ^ x[178]
x[150] = x[150] ^ x[277]
x[151] = x[151] ^ x[297]
x[143] = x[143] ^ x[322]
x[141] = x[141] ^ x[163]
x[140] = x[140] ^ x[275]
x[136] = x[136] ^ x[324]
x[132] = x[132] ^ x[305]
x[131] = x[131] ^ x[321]
x[128] = x[128] ^ x[311]
x[118] = x[118] ^ x[251]
x[108] = x[108] ^ x[263]
x[113] = x[113] ^ x[242]
x[107] = x[107] ^ x[283]
x[86] = x[86] ^ x[229]
x[78] = x[78] ^ x[274]
x[72] = x[72] ^ x[262]
x[75] = x[75] ^ x[218]
x[67] = x[67] ^ x[201]
x[65] = x[65] ^ x[265]
x[51] = x[51] ^ x[189]
x[52] = x[52] ^ x[179]
x[49] = x[49] ^ x[183]
x[46] = x[46] ^ x[177]
x[47] = x[47] ^ x[184]
x[45] = x[45] ^ x[180]
x[33] = x[33] ^ x[176]
x[42] = x[42] ^ x[166]
x[40] = x[40] ^ x[227]
x[41] = x[41] ^ x[228]
x[39] = x[39] ^ x[172]
x[34] = x[34] ^ x[169]
x[36] = x[36] ^ x[215]
x[32] = x[32] ^ x[226]
x[31] = x[31] ^ x[181]
x[30] = x[30] ^ x[171]
x[28] = x[28] ^ x[288]
x[37] = x[37] ^ x[175]
x[24] = x[24] ^ x[162]
x[25] = x[25] ^ x[217]
x[21] = x[21] ^ x[173]
x[19] = x[19] ^ x[165]
x[17] = x[17] ^ x[309]
x[20] = x[20] ^ x[214]
x[14] = x[14] ^ x[202]
x[7] = x[7] ^ x[197]
x[15] = x[15] ^ x[210]
x[137] = x[137] ^ x[318]
x[148] = x[148] ^ x[287]
x[133] = x[133] ^ x[282]
x[130] = x[130] ^ x[267]
x[127] = x[127] ^ x[278]
x[135] = x[135] ^ x[320]
x[134] = x[134] ^ x[319]
x[126] = x[126] ^ x[269]
x[123] = x[123] ^ x[270]
x[125] = x[125] ^ x[255]
x[121] = x[121] ^ x[249]
x[124] = x[124] ^ x[314]
x[109] = x[109] ^ x[253]
x[103] = x[103] ^ x[230]
x[102] = x[102] ^ x[258]
x[98] = x[98] ^ x[245]
x[95] = x[95] ^ x[254]
x[97] = x[97] ^ x[285]
x[99] = x[99] ^ x[243]
x[92] = x[92] ^ x[224]
x[93] = x[93] ^ x[268]
x[83] = x[83] ^ x[289]
x[91] = x[91] ^ x[220]
x[77] = x[77] ^ x[281]
x[79] = x[79] ^ x[272]
x[80] = x[80] ^ x[209]
x[69] = x[69] ^ x[247]
x[61] = x[61] ^ x[246]
x[56] = x[56] ^ x[239]
x[53] = x[53] ^ x[182]
x[157] = x[157] ^ x[310]
x[152] = x[152] ^ x[174]
x[153] = x[153] ^ x[291]
x[147] = x[147] ^ x[293]
x[146] = x[146] ^ x[308]
x[142] = x[142] ^ x[286]
x[144] = x[144] ^ x[273]
x[139] = x[139] ^ x[284]
x[122] = x[122] ^ x[261]
x[119] = x[119] ^ x[260]
x[115] = x[115] ^ x[257]
x[120] = x[120] ^ x[250]
x[116] = x[116] ^ x[244]
x[117] = x[117] ^ x[312]
x[112] = x[112] ^ x[307]
x[111] = x[111] ^ x[248]
x[104] = x[104] ^ x[259]
x[105] = x[105] ^ x[290]
x[101] = x[101] ^ x[302]
x[96] = x[96] ^ x[292]
x[94] = x[94] ^ x[300]
x[88] = x[88] ^ x[298]
x[90] = x[90] ^ x[234]
x[87] = x[87] ^ x[280]
x[84] = x[84] ^ x[271]
x[76] = x[76] ^ x[279]
x[9] = x[9] ^ x[225]
x[138] = x[138] ^ x[276]
x[155] = x[155] ^ x[296]
x[38] = x[38] ^ x[168]
x[43] = x[43] ^ x[322]
x[10] = x[10] ^ x[214]
x[110] = x[110] ^ x[295]
x[106] = x[106] ^ x[294]
x[81] = x[81] ^ x[219]
x[73] = x[73] ^ x[203]
x[68] = x[68] ^ x[208]
x[66] = x[66] ^ x[264]
x[63] = x[63] ^ x[195]
x[62] = x[62] ^ x[235]
x[57] = x[57] ^ x[199]
x[58] = x[58] ^ x[194]
x[48] = x[48] ^ x[167]
x[26] = x[26] ^ x[231]
x[23] = x[23] ^ x[207]
x[11] = x[11] ^ x[192]
x[16] = x[16] ^ x[206]
x[6] = x[6] ^ x[196]
x[12] = x[12] ^ x[318]
x[1] = x[1] ^ x[191]
x[0] = x[0] ^ x[205]
x[159] = x[159] ^ x[169]
x[156] = x[156] ^ x[190]
x[150] = x[150] ^ x[181]
x[154] = x[154] ^ x[162]
x[151] = x[151] ^ x[311]
x[145] = x[145] ^ x[165]
x[136] = x[136] ^ x[321]
x[132] = x[132] ^ x[306]
x[113] = x[113] ^ x[251]
x[86] = x[86] ^ x[223]
x[85] = x[85] ^ x[226]
x[74] = x[74] ^ x[262]
x[75] = x[75] ^ x[217]
x[71] = x[71] ^ x[216]
x[67] = x[67] ^ x[263]
x[65] = x[65] ^ x[256]
x[70] = x[70] ^ x[210]
x[59] = x[59] ^ x[188]
x[51] = x[51] ^ x[228]
x[50] = x[50] ^ x[238]
x[52] = x[52] ^ x[172]
x[46] = x[46] ^ x[178]
x[44] = x[44] ^ x[183]
x[45] = x[45] ^ x[221]
x[33] = x[33] ^ x[229]
x[42] = x[42] ^ x[222]
x[40] = x[40] ^ x[179]
x[41] = x[41] ^ x[176]
x[39] = x[39] ^ x[166]
x[34] = x[34] ^ x[283]
x[36] = x[36] ^ x[186]
x[32] = x[32] ^ x[213]
x[31] = x[31] ^ x[288]
x[28] = x[28] ^ x[173]
x[27] = x[27] ^ x[170]
x[37] = x[37] ^ x[163]
x[29] = x[29] ^ x[177]
x[22] = x[22] ^ x[204]
x[25] = x[25] ^ x[218]
x[21] = x[21] ^ x[164]
x[19] = x[19] ^ x[309]
x[17] = x[17] ^ x[171]
x[20] = x[20] ^ x[215]
x[18] = x[18] ^ x[197]
x[14] = x[14] ^ x[200]
x[7] = x[7] ^ x[180]
x[13] = x[13] ^ x[201]
x[4] = x[4] ^ x[202]
x[2] = x[2] ^ x[193]
x[3] = x[3] ^ x[184]
x[158] = x[158] ^ x[299]
x[140] = x[140] ^ x[323]
x[137] = x[137] ^ x[274]
x[127] = x[127] ^ x[267]
x[135] = x[135] ^ x[282]
x[134] = x[134] ^ x[272]
x[126] = x[126] ^ x[266]
x[124] = x[124] ^ x[249]
x[103] = x[103] ^ x[236]
x[102] = x[102] ^ x[281]
x[100] = x[100] ^ x[237]
x[95] = x[95] ^ x[245]
x[97] = x[97] ^ x[254]
x[99] = x[99] ^ x[276]
x[93] = x[93] ^ x[270]
x[89] = x[89] ^ x[232]
x[83] = x[83] ^ x[287]
x[91] = x[91] ^ x[224]
x[77] = x[77] ^ x[278]
x[80] = x[80] ^ x[247]
x[82] = x[82] ^ x[211]
x[61] = x[61] ^ x[255]
x[64] = x[64] ^ x[246]
x[60] = x[60] ^ x[240]
x[56] = x[56] ^ x[233]
x[55] = x[55] ^ x[253]
x[53] = x[53] ^ x[187]
x[5] = x[5] ^ x[185]
x[8] = x[8] ^ x[198]
x[161] = x[161] ^ x[289]
x[160] = x[160] ^ x[225]
x[157] = x[157] ^ x[174]
x[152] = x[152] ^ x[290]
x[153] = x[153] ^ x[285]
x[146] = x[146] ^ x[316]
x[142] = x[142] ^ x[292]
x[148] = x[148] ^ x[317]
x[143] = x[143] ^ x[314]
x[139] = x[139] ^ x[315]
x[133] = x[133] ^ x[280]
x[129] = x[129] ^ x[308]
x[131] = x[131] ^ x[313]
x[130] = x[130] ^ x[324]
x[128] = x[128] ^ x[279]
x[123] = x[123] ^ x[265]
x[125] = x[125] ^ x[239]
x[122] = x[122] ^ x[298]
x[119] = x[119] ^ x[252]
x[115] = x[115] ^ x[304]
x[121] = x[121] ^ x[260]
x[120] = x[120] ^ x[257]
x[116] = x[116] ^ x[296]
x[118] = x[118] ^ x[250]
x[108] = x[108] ^ x[277]
x[114] = x[114] ^ x[259]
x[117] = x[117] ^ x[305]
x[112] = x[112] ^ x[241]
x[111] = x[111] ^ x[291]
x[104] = x[104] ^ x[244]
x[107] = x[107] ^ x[242]
x[105] = x[105] ^ x[286]
x[101] = x[101] ^ x[248]
x[109] = x[109] ^ x[302]
x[98] = x[98] ^ x[258]
x[96] = x[96] ^ x[230]
x[94] = x[94] ^ x[297]
x[92] = x[92] ^ x[284]
x[88] = x[88] ^ x[293]
x[90] = x[90] ^ x[273]
x[87] = x[87] ^ x[275]
x[84] = x[84] ^ x[261]
x[79] = x[79] ^ x[271]
x[78] = x[78] ^ x[212]
x[76] = x[76] ^ x[269]
x[72] = x[72] ^ x[320]
x[69] = x[69] ^ x[243]
x[54] = x[54] ^ x[182]
x[49] = x[49] ^ x[234]
x[47] = x[47] ^ x[189]
x[30] = x[30] ^ x[227]
x[35] = x[35] ^ x[175]
x[24] = x[24] ^ x[307]
x[15] = x[15] ^ x[209]
x[9] = x[9] ^ x[220]
x[144] = x[144] ^ x[268]
x[147] = x[147] ^ x[312]
x[43] = x[43] ^ x[168]
x[10] = x[10] ^ x[216]
x[110] = x[110] ^ x[294]
x[66] = x[66] ^ x[206]
x[23] = x[23] ^ x[205]
x[11] = x[11] ^ x[195]
x[6] = x[6] ^ x[192]
x[12] = x[12] ^ x[194]
x[159] = x[159] ^ x[283]
x[145] = x[145] ^ x[321]
x[136] = x[136] ^ x[322]
x[138] = x[138] ^ x[162]
x[113] = x[113] ^ x[311]
x[74] = x[74] ^ x[222]
x[67] = x[67] ^ x[208]
x[65] = x[65] ^ x[219]
x[63] = x[63] ^ x[217]
x[62] = x[62] ^ x[238]
x[59] = x[59] ^ x[204]
x[50] = x[50] ^ x[226]
x[52] = x[52] ^ x[199]
x[46] = x[46] ^ x[228]
x[33] = x[33] ^ x[186]
x[41] = x[41] ^ x[221]
x[39] = x[39] ^ x[176]
x[34] = x[34] ^ x[170]
x[36] = x[36] ^ x[179]
x[32] = x[32] ^ x[169]
x[31] = x[31] ^ x[167]
x[26] = x[26] ^ x[223]
x[27] = x[27] ^ x[164]
x[37] = x[37] ^ x[173]
x[29] = x[29] ^ x[202]
x[22] = x[22] ^ x[177]
x[25] = x[25] ^ x[210]
x[21] = x[21] ^ x[163]
x[19] = x[19] ^ x[207]
x[17] = x[17] ^ x[165]
x[20] = x[20] ^ x[203]
x[18] = x[18] ^ x[171]
x[14] = x[14] ^ x[181]
x[16] = x[16] ^ x[201]
x[13] = x[13] ^ x[197]
x[4] = x[4] ^ x[196]
x[2] = x[2] ^ x[190]
x[1] = x[1] ^ x[188]
x[3] = x[3] ^ x[180]
x[0] = x[0] ^ x[200]
x[137] = x[137] ^ x[323]
x[51] = x[51] ^ x[215]
x[44] = x[44] ^ x[172]
x[158] = x[158] ^ x[306]
x[127] = x[127] ^ x[281]
x[135] = x[135] ^ x[272]
x[100] = x[100] ^ x[236]
x[97] = x[97] ^ x[245]
x[99] = x[99] ^ x[266]
x[93] = x[93] ^ x[224]
x[89] = x[89] ^ x[270]
x[83] = x[83] ^ x[232]
x[77] = x[77] ^ x[274]
x[81] = x[81] ^ x[287]
x[80] = x[80] ^ x[249]
x[73] = x[73] ^ x[191]
x[68] = x[68] ^ x[211]
x[61] = x[61] ^ x[253]
x[64] = x[64] ^ x[247]
x[60] = x[60] ^ x[237]
x[57] = x[57] ^ x[235]
x[56] = x[56] ^ x[231]
x[48] = x[48] ^ x[187]
x[38] = x[38] ^ x[240]
x[5] = x[5] ^ x[198]
x[157] = x[157] ^ x[289]
x[152] = x[152] ^ x[175]
x[156] = x[156] ^ x[174]
x[150] = x[150] ^ x[290]
x[146] = x[146] ^ x[297]
x[142] = x[142] ^ x[285]
x[148] = x[148] ^ x[292]
x[143] = x[143] ^ x[286]
x[139] = x[139] ^ x[314]
x[133] = x[133] ^ x[284]
x[129] = x[129] ^ x[276]
x[132] = x[132] ^ x[282]
x[131] = x[131] ^ x[275]
x[128] = x[128] ^ x[298]
x[134] = x[134] ^ x[267]
x[126] = x[126] ^ x[310]
x[123] = x[123] ^ x[318]
x[125] = x[125] ^ x[261]
x[122] = x[122] ^ x[239]
x[119] = x[119] ^ x[262]
x[115] = x[115] ^ x[263]
x[121] = x[121] ^ x[280]
x[124] = x[124] ^ x[259]
x[120] = x[120] ^ x[260]
x[116] = x[116] ^ x[252]
x[118] = x[118] ^ x[279]
x[108] = x[108] ^ x[255]
x[114] = x[114] ^ x[250]
x[117] = x[117] ^ x[307]
x[112] = x[112] ^ x[301]
x[111] = x[111] ^ x[295]
x[104] = x[104] ^ x[241]
x[107] = x[107] ^ x[244]
x[105] = x[105] ^ x[242]
x[106] = x[106] ^ x[300]
x[101] = x[101] ^ x[293]
x[109] = x[109] ^ x[303]
x[103] = x[103] ^ x[248]
x[102] = x[102] ^ x[273]
x[98] = x[98] ^ x[254]
x[96] = x[96] ^ x[288]
x[95] = x[95] ^ x[230]
x[94] = x[94] ^ x[277]
x[92] = x[92] ^ x[265]
x[88] = x[88] ^ x[291]
x[90] = x[90] ^ x[278]
x[87] = x[87] ^ x[257]
x[86] = x[86] ^ x[234]
x[91] = x[91] ^ x[227]
x[85] = x[85] ^ x[271]
x[84] = x[84] ^ x[258]
x[79] = x[79] ^ x[264]
x[78] = x[78] ^ x[269]
x[76] = x[76] ^ x[212]
x[72] = x[72] ^ x[256]
x[75] = x[75] ^ x[225]
x[82] = x[82] ^ x[218]
x[71] = x[71] ^ x[209]
x[69] = x[69] ^ x[251]
x[70] = x[70] ^ x[213]
x[58] = x[58] ^ x[229]
x[55] = x[55] ^ x[246]
x[53] = x[53] ^ x[243]
x[54] = x[54] ^ x[233]
x[49] = x[49] ^ x[182]
x[47] = x[47] ^ x[183]
x[45] = x[45] ^ x[220]
x[42] = x[42] ^ x[178]
x[40] = x[40] ^ x[189]
x[30] = x[30] ^ x[166]
x[28] = x[28] ^ x[313]
x[35] = x[35] ^ x[324]
x[24] = x[24] ^ x[315]
x[7] = x[7] ^ x[184]
x[15] = x[15] ^ x[193]
x[9] = x[9] ^ x[214]
x[8] = x[8] ^ x[185]
x[141] = x[141] ^ x[268]
x[140] = x[140] ^ x[317]
x[130] = x[130] ^ x[319]
x[149] = x[149] ^ x[312]
x[155] = x[155] ^ x[304]
x[151] = x[151] ^ x[296]
x[43] = x[43] ^ x[323]
x[10] = x[10] ^ x[207]
x[12] = x[12] ^ x[192]
x[159] = x[159] ^ x[163]
x[113] = x[113] ^ x[294]
x[66] = x[66] ^ x[217]
x[67] = x[67] ^ x[221]
x[65] = x[65] ^ x[203]
x[62] = x[62] ^ x[200]
x[46] = x[46] ^ x[226]
x[31] = x[31] ^ x[179]
x[26] = x[26] ^ x[169]
x[37] = x[37] ^ x[170]
x[29] = x[29] ^ x[162]
x[22] = x[22] ^ x[173]
x[25] = x[25] ^ x[164]
x[21] = x[21] ^ x[322]
x[23] = x[23] ^ x[204]
x[19] = x[19] ^ x[176]
x[17] = x[17] ^ x[167]
x[20] = x[20] ^ x[205]
x[18] = x[18] ^ x[165]
x[14] = x[14] ^ x[194]
x[16] = x[16] ^ x[321]
x[13] = x[13] ^ x[196]
x[2] = x[2] ^ x[188]
x[161] = x[161] ^ x[168]
x[51] = x[51] ^ x[222]
x[34] = x[34] ^ x[172]
x[32] = x[32] ^ x[186]
x[11] = x[11] ^ x[180]
x[158] = x[158] ^ x[199]
x[154] = x[154] ^ x[299]
x[147] = x[147] ^ x[308]
x[99] = x[99] ^ x[245]
x[83] = x[83] ^ x[281]
x[77] = x[77] ^ x[272]
x[81] = x[81] ^ x[270]
x[80] = x[80] ^ x[237]
x[68] = x[68] ^ x[191]
x[61] = x[61] ^ x[211]
x[64] = x[64] ^ x[206]
x[60] = x[60] ^ x[235]
x[57] = x[57] ^ x[224]
x[56] = x[56] ^ x[240]
x[48] = x[48] ^ x[236]
x[5] = x[5] ^ x[195]
x[152] = x[152] ^ x[201]
x[156] = x[156] ^ x[302]
x[150] = x[150] ^ x[175]
x[142] = x[142] ^ x[283]
x[148] = x[148] ^ x[311]
x[145] = x[145] ^ x[320]
x[144] = x[144] ^ x[297]
x[143] = x[143] ^ x[287]
x[136] = x[136] ^ x[318]
x[129] = x[129] ^ x[284]
x[127] = x[127] ^ x[274]
x[135] = x[135] ^ x[264]
x[126] = x[126] ^ x[267]
x[123] = x[123] ^ x[262]
x[122] = x[122] ^ x[296]
x[119] = x[119] ^ x[255]
x[115] = x[115] ^ x[239]
x[121] = x[121] ^ x[295]
x[124] = x[124] ^ x[271]
x[120] = x[120] ^ x[249]
x[116] = x[116] ^ x[257]
x[118] = x[118] ^ x[269]
x[108] = x[108] ^ x[252]
x[114] = x[114] ^ x[260]
x[117] = x[117] ^ x[250]
x[112] = x[112] ^ x[304]
x[110] = x[110] ^ x[292]
x[111] = x[111] ^ x[286]
x[104] = x[104] ^ x[293]
x[107] = x[107] ^ x[280]
x[105] = x[105] ^ x[241]
x[106] = x[106] ^ x[298]
x[101] = x[101] ^ x[251]
x[109] = x[109] ^ x[300]
x[103] = x[103] ^ x[253]
x[102] = x[102] ^ x[275]
x[98] = x[98] ^ x[285]
x[100] = x[100] ^ x[248]
x[96] = x[96] ^ x[238]
x[95] = x[95] ^ x[282]
x[97] = x[97] ^ x[273]
x[94] = x[94] ^ x[230]
x[92] = x[92] ^ x[279]
x[93] = x[93] ^ x[265]
x[88] = x[88] ^ x[289]
x[90] = x[90] ^ x[266]
x[89] = x[89] ^ x[228]
x[87] = x[87] ^ x[234]
x[86] = x[86] ^ x[232]
x[91] = x[91] ^ x[229]
x[85] = x[85] ^ x[259]
x[84] = x[84] ^ x[256]
x[79] = x[79] ^ x[254]
x[78] = x[78] ^ x[261]
x[76] = x[76] ^ x[263]
x[74] = x[74] ^ x[243]
x[75] = x[75] ^ x[214]
x[82] = x[82] ^ x[246]
x[71] = x[71] ^ x[247]
x[73] = x[73] ^ x[258]
x[69] = x[69] ^ x[209]
x[70] = x[70] ^ x[242]
x[63] = x[63] ^ x[216]
x[59] = x[59] ^ x[227]
x[58] = x[58] ^ x[202]
x[55] = x[55] ^ x[244]
x[53] = x[53] ^ x[233]
x[54] = x[54] ^ x[225]
x[50] = x[50] ^ x[197]
x[52] = x[52] ^ x[324]
x[49] = x[49] ^ x[231]
x[38] = x[38] ^ x[219]
x[47] = x[47] ^ x[220]
x[45] = x[45] ^ x[210]
x[42] = x[42] ^ x[177]
x[40] = x[40] ^ x[193]
x[41] = x[41] ^ x[174]
x[39] = x[39] ^ x[184]
x[36] = x[36] ^ x[208]
x[30] = x[30] ^ x[218]
x[28] = x[28] ^ x[166]
x[35] = x[35] ^ x[307]
x[24] = x[24] ^ x[171]
x[7] = x[7] ^ x[181]
x[15] = x[15] ^ x[183]
x[6] = x[6] ^ x[185]
x[9] = x[9] ^ x[213]
x[4] = x[4] ^ x[190]
x[8] = x[8] ^ x[182]
x[1] = x[1] ^ x[189]
x[3] = x[3] ^ x[178]
x[0] = x[0] ^ x[198]
x[157] = x[157] ^ x[291]
x[133] = x[133] ^ x[268]
x[132] = x[132] ^ x[278]
x[131] = x[131] ^ x[276]
x[134] = x[134] ^ x[314]
x[153] = x[153] ^ x[288]
x[146] = x[146] ^ x[277]
x[139] = x[139] ^ x[313]
x[140] = x[140] ^ x[316]
x[130] = x[130] ^ x[305]
x[125] = x[125] ^ x[303]
x[44] = x[44] ^ x[223]
x[33] = x[33] ^ x[187]
x[27] = x[27] ^ x[215]
x[137] = x[137] ^ x[315]
x[128] = x[128] ^ x[312]
x[155] = x[155] ^ x[290]
x[138] = x[138] ^ x[317]
x[72] = x[72] ^ x[212]
x[43] = x[43] ^ x[294]
x[10] = x[10] ^ x[205]
x[46] = x[46] ^ x[194]
x[31] = x[31] ^ x[170]
x[29] = x[29] ^ x[196]
x[21] = x[21] ^ x[162]
x[23] = x[23] ^ x[199]
x[19] = x[19] ^ x[163]
x[17] = x[17] ^ x[164]
x[20] = x[20] ^ x[200]
x[18] = x[18] ^ x[173]
x[16] = x[16] ^ x[192]
x[67] = x[67] ^ x[217]
x[51] = x[51] ^ x[203]
x[34] = x[34] ^ x[168]
x[37] = x[37] ^ x[169]
x[11] = x[11] ^ x[186]
x[12] = x[12] ^ x[188]
x[160] = x[160] ^ x[305]
x[99] = x[99] ^ x[236]
x[83] = x[83] ^ x[270]
x[77] = x[77] ^ x[235]
x[68] = x[68] ^ x[237]
x[64] = x[64] ^ x[195]
x[57] = x[57] ^ x[211]
x[48] = x[48] ^ x[240]
x[152] = x[152] ^ x[198]
x[150] = x[150] ^ x[174]
x[154] = x[154] ^ x[307]
x[145] = x[145] ^ x[296]
x[141] = x[141] ^ x[321]
x[123] = x[123] ^ x[269]
x[119] = x[119] ^ x[261]
x[115] = x[115] ^ x[302]
x[124] = x[124] ^ x[308]
x[116] = x[116] ^ x[249]
x[108] = x[108] ^ x[239]
x[114] = x[114] ^ x[282]
x[117] = x[117] ^ x[271]
x[113] = x[113] ^ x[298]
x[112] = x[112] ^ x[256]
x[110] = x[110] ^ x[250]
x[111] = x[111] ^ x[287]
x[107] = x[107] ^ x[274]
x[106] = x[106] ^ x[297]
x[101] = x[101] ^ x[299]
x[109] = x[109] ^ x[293]
x[103] = x[103] ^ x[289]
x[102] = x[102] ^ x[253]
x[98] = x[98] ^ x[241]
x[100] = x[100] ^ x[242]
x[96] = x[96] ^ x[290]
x[95] = x[95] ^ x[284]
x[97] = x[97] ^ x[251]
x[94] = x[94] ^ x[258]
x[92] = x[92] ^ x[246]
x[93] = x[93] ^ x[266]
x[90] = x[90] ^ x[260]
x[89] = x[89] ^ x[265]
x[87] = x[87] ^ x[252]
x[91] = x[91] ^ x[231]
x[81] = x[81] ^ x[262]
x[79] = x[79] ^ x[234]
x[80] = x[80] ^ x[248]
x[78] = x[78] ^ x[267]
x[76] = x[76] ^ x[259]
x[74] = x[74] ^ x[245]
x[82] = x[82] ^ x[220]
x[73] = x[73] ^ x[218]
x[66] = x[66] ^ x[213]
x[69] = x[69] ^ x[221]
x[65] = x[65] ^ x[243]
x[70] = x[70] ^ x[209]
x[63] = x[63] ^ x[208]
x[61] = x[61] ^ x[244]
x[62] = x[62] ^ x[233]
x[59] = x[59] ^ x[202]
x[58] = x[58] ^ x[191]
x[56] = x[56] ^ x[232]
x[55] = x[55] ^ x[247]
x[53] = x[53] ^ x[238]
x[54] = x[54] ^ x[204]
x[50] = x[50] ^ x[229]
x[52] = x[52] ^ x[227]
x[38] = x[38] ^ x[226]
x[47] = x[47] ^ x[216]
x[45] = x[45] ^ x[190]
x[40] = x[40] ^ x[210]
x[39] = x[39] ^ x[178]
x[36] = x[36] ^ x[212]
x[30] = x[30] ^ x[214]
x[28] = x[28] ^ x[324]
x[35] = x[35] ^ x[201]
x[26] = x[26] ^ x[179]
x[24] = x[24] ^ x[318]
x[22] = x[22] ^ x[175]
x[25] = x[25] ^ x[207]
x[14] = x[14] ^ x[165]
x[13] = x[13] ^ x[181]
x[5] = x[5] ^ x[322]
x[6] = x[6] ^ x[189]
x[4] = x[4] ^ x[183]
x[8] = x[8] ^ x[177]
x[2] = x[2] ^ x[185]
x[1] = x[1] ^ x[184]
x[0] = x[0] ^ x[193]
x[149] = x[149] ^ x[291]
x[133] = x[133] ^ x[278]
x[131] = x[131] ^ x[273]
x[127] = x[127] ^ x[275]
x[135] = x[135] ^ x[317]
x[134] = x[134] ^ x[311]
x[126] = x[126] ^ x[279]
x[121] = x[121] ^ x[276]
x[105] = x[105] ^ x[281]
x[88] = x[88] ^ x[283]
x[161] = x[161] ^ x[323]
x[159] = x[159] ^ x[171]
x[156] = x[156] ^ x[303]
x[142] = x[142] ^ x[277]
x[148] = x[148] ^ x[285]
x[144] = x[144] ^ x[295]
x[143] = x[143] ^ x[292]
x[139] = x[139] ^ x[286]
x[136] = x[136] ^ x[316]
x[130] = x[130] ^ x[301]
x[125] = x[125] ^ x[264]
x[122] = x[122] ^ x[272]
x[120] = x[120] ^ x[288]
x[104] = x[104] ^ x[255]
x[86] = x[86] ^ x[230]
x[84] = x[84] ^ x[254]
x[71] = x[71] ^ x[225]
x[60] = x[60] ^ x[206]
x[49] = x[49] ^ x[228]
x[44] = x[44] ^ x[197]
x[33] = x[33] ^ x[223]
x[42] = x[42] ^ x[167]
x[41] = x[41] ^ x[219]
x[32] = x[32] ^ x[176]
x[27] = x[27] ^ x[166]
x[7] = x[7] ^ x[182]
x[15] = x[15] ^ x[180]
x[3] = x[3] ^ x[172]
x[147] = x[147] ^ x[304]
x[140] = x[140] ^ x[320]
x[137] = x[137] ^ x[313]
x[129] = x[129] ^ x[280]
x[132] = x[132] ^ x[268]
x[128] = x[128] ^ x[309]
x[118] = x[118] ^ x[263]
x[85] = x[85] ^ x[224]
x[75] = x[75] ^ x[222]
x[158] = x[158] ^ x[187]
x[72] = x[72] ^ x[257]
x[151] = x[151] ^ x[312]
x[10] = x[10] ^ x[186]
x[43] = x[43] ^ x[192]
x[23] = x[23] ^ x[162]
x[20] = x[20] ^ x[199]
x[18] = x[18] ^ x[164]
x[67] = x[67] ^ x[203]
x[51] = x[51] ^ x[194]
x[31] = x[31] ^ x[168]
x[29] = x[29] ^ x[169]
x[17] = x[17] ^ x[163]
x[11] = x[11] ^ x[188]
x[9] = x[9] ^ x[215]
x[83] = x[83] ^ x[236]
x[68] = x[68] ^ x[219]
x[64] = x[64] ^ x[211]
x[48] = x[48] ^ x[235]
x[145] = x[145] ^ x[322]
x[115] = x[115] ^ x[267]
x[124] = x[124] ^ x[307]
x[114] = x[114] ^ x[249]
x[117] = x[117] ^ x[239]
x[111] = x[111] ^ x[250]
x[107] = x[107] ^ x[256]
x[102] = x[102] ^ x[242]
x[100] = x[100] ^ x[243]
x[96] = x[96] ^ x[237]
x[95] = x[95] ^ x[248]
x[97] = x[97] ^ x[258]
x[99] = x[99] ^ x[241]
x[94] = x[94] ^ x[245]
x[92] = x[92] ^ x[269]
x[93] = x[93] ^ x[246]
x[89] = x[89] ^ x[261]
x[87] = x[87] ^ x[231]
x[91] = x[91] ^ x[232]
x[81] = x[81] ^ x[259]
x[79] = x[79] ^ x[260]
x[80] = x[80] ^ x[238]
x[74] = x[74] ^ x[226]
x[82] = x[82] ^ x[214]
x[66] = x[66] ^ x[212]
x[69] = x[69] ^ x[218]
x[70] = x[70] ^ x[233]
x[62] = x[62] ^ x[224]
x[59] = x[59] ^ x[234]
x[55] = x[55] ^ x[202]
x[53] = x[53] ^ x[227]
x[50] = x[50] ^ x[210]
x[38] = x[38] ^ x[198]
x[39] = x[39] ^ x[177]
x[36] = x[36] ^ x[178]
x[30] = x[30] ^ x[208]
x[28] = x[28] ^ x[213]
x[35] = x[35] ^ x[174]
x[26] = x[26] ^ x[222]
x[24] = x[24] ^ x[179]
x[22] = x[22] ^ x[170]
x[25] = x[25] ^ x[209]
x[19] = x[19] ^ x[205]
x[14] = x[14] ^ x[321]
x[16] = x[16] ^ x[187]
x[13] = x[13] ^ x[193]
x[5] = x[5] ^ x[190]
x[6] = x[6] ^ x[181]
x[4] = x[4] ^ x[185]
x[1] = x[1] ^ x[183]
x[0] = x[0] ^ x[191]
x[135] = x[135] ^ x[273]
x[134] = x[134] ^ x[275]
x[121] = x[121] ^ x[281]
x[116] = x[116] ^ x[274]
x[113] = x[113] ^ x[263]
x[105] = x[105] ^ x[244]
x[106] = x[106] ^ x[291]
x[101] = x[101] ^ x[284]
x[109] = x[109] ^ x[276]
x[103] = x[103] ^ x[278]
x[98] = x[98] ^ x[283]
x[88] = x[88] ^ x[279]
x[78] = x[78] ^ x[262]
x[47] = x[47] ^ x[240]
x[161] = x[161] ^ x[316]
x[157] = x[157] ^ x[165]
x[159] = x[159] ^ x[166]
x[156] = x[156] ^ x[300]
x[154] = x[154] ^ x[305]
x[153] = x[153] ^ x[173]
x[142] = x[142] ^ x[297]
x[148] = x[148] ^ x[293]
x[144] = x[144] ^ x[285]
x[139] = x[139] ^ x[287]
x[130] = x[130] ^ x[302]
x[123] = x[123] ^ x[266]
x[125] = x[125] ^ x[294]
x[122] = x[122] ^ x[292]
x[119] = x[119] ^ x[310]
x[120] = x[120] ^ x[277]
x[112] = x[112] ^ x[298]
x[110] = x[110] ^ x[290]
x[104] = x[104] ^ x[288]
x[86] = x[86] ^ x[257]
x[84] = x[84] ^ x[253]
x[77] = x[77] ^ x[265]
x[76] = x[76] ^ x[221]
x[71] = x[71] ^ x[251]
x[73] = x[73] ^ x[254]
x[65] = x[65] ^ x[201]
x[63] = x[63] ^ x[229]
x[61] = x[61] ^ x[247]
x[60] = x[60] ^ x[195]
x[57] = x[57] ^ x[204]
x[52] = x[52] ^ x[217]
x[49] = x[49] ^ x[225]
x[44] = x[44] ^ x[230]
x[45] = x[45] ^ x[189]
x[33] = x[33] ^ x[228]
x[42] = x[42] ^ x[223]
x[40] = x[40] ^ x[167]
x[41] = x[41] ^ x[216]
x[34] = x[34] ^ x[220]
x[32] = x[32] ^ x[207]
x[27] = x[27] ^ x[315]
x[7] = x[7] ^ x[175]
x[15] = x[15] ^ x[171]
x[12] = x[12] ^ x[180]
x[8] = x[8] ^ x[172]
x[2] = x[2] ^ x[184]
x[150] = x[150] ^ x[303]
x[147] = x[147] ^ x[323]
x[146] = x[146] ^ x[311]
x[141] = x[141] ^ x[320]
x[136] = x[136] ^ x[314]
x[138] = x[138] ^ x[313]
x[137] = x[137] ^ x[286]
x[133] = x[133] ^ x[324]
x[129] = x[129] ^ x[304]
x[132] = x[132] ^ x[280]
x[131] = x[131] ^ x[312]
x[127] = x[127] ^ x[282]
x[128] = x[128] ^ x[268]
x[126] = x[126] ^ x[296]
x[108] = x[108] ^ x[270]
x[37] = x[37] ^ x[197]
x[152] = x[152] ^ x[289]
x[118] = x[118] ^ x[272]
x[90] = x[90] ^ x[271]
x[85] = x[85] ^ x[252]
x[75] = x[75] ^ x[264]
x[46] = x[46] ^ x[182]
x[3] = x[3] ^ x[176]
x[155] = x[155] ^ x[299]
x[143] = x[143] ^ x[308]
x[140] = x[140] ^ x[295]
x[72] = x[72] ^ x[255]
x[10] = x[10] ^ x[206]
x[43] = x[43] ^ x[203]
x[20] = x[20] ^ x[162]
x[29] = x[29] ^ x[194]
x[18] = x[18] ^ x[163]
x[11] = x[11] ^ x[168]
x[160] = x[160] ^ x[310]
x[54] = x[54] ^ x[196]
x[58] = x[58] ^ x[200]
x[56] = x[56] ^ x[215]
x[9] = x[9] ^ x[206]
x[21] = x[21] ^ x[318]
x[83] = x[83] ^ x[266]
x[68] = x[68] ^ x[235]
x[145] = x[145] ^ x[307]
x[117] = x[117] ^ x[252]
x[100] = x[100] ^ x[272]
x[96] = x[96] ^ x[258]
x[97] = x[97] ^ x[242]
x[99] = x[99] ^ x[250]
x[94] = x[94] ^ x[243]
x[92] = x[92] ^ x[248]
x[93] = x[93] ^ x[237]
x[89] = x[89] ^ x[260]
x[81] = x[81] ^ x[232]
x[80] = x[80] ^ x[227]
x[82] = x[82] ^ x[249]
x[66] = x[66] ^ x[255]
x[70] = x[70] ^ x[208]
x[64] = x[64] ^ x[209]
x[62] = x[62] ^ x[231]
x[55] = x[55] ^ x[239]
x[50] = x[50] ^ x[234]
x[38] = x[38] ^ x[218]
x[35] = x[35] ^ x[176]
x[26] = x[26] ^ x[178]
x[22] = x[22] ^ x[179]
x[14] = x[14] ^ x[164]
x[5] = x[5] ^ x[186]
x[6] = x[6] ^ x[187]
x[4] = x[4] ^ x[177]
x[1] = x[1] ^ x[182]
x[0] = x[0] ^ x[190]
x[135] = x[135] ^ x[274]
x[121] = x[121] ^ x[262]
x[116] = x[116] ^ x[271]
x[113] = x[113] ^ x[291]
x[107] = x[107] ^ x[275]
x[101] = x[101] ^ x[240]
x[109] = x[109] ^ x[281]
x[103] = x[103] ^ x[244]
x[102] = x[102] ^ x[269]
x[98] = x[98] ^ x[246]
x[88] = x[88] ^ x[276]
x[78] = x[78] ^ x[259]
x[74] = x[74] ^ x[241]
x[28] = x[28] ^ x[198]
x[161] = x[161] ^ x[302]
x[154] = x[154] ^ x[298]
x[142] = x[142] ^ x[167]
x[149] = x[149] ^ x[321]
x[123] = x[123] ^ x[316]
x[122] = x[122] ^ x[265]
x[119] = x[119] ^ x[308]
x[124] = x[124] ^ x[301]
x[95] = x[95] ^ x[238]
x[87] = x[87] ^ x[245]
x[86] = x[86] ^ x[267]
x[84] = x[84] ^ x[229]
x[77] = x[77] ^ x[256]
x[71] = x[71] ^ x[214]
x[73] = x[73] ^ x[216]
x[67] = x[67] ^ x[247]
x[65] = x[65] ^ x[217]
x[61] = x[61] ^ x[221]
x[60] = x[60] ^ x[207]
x[57] = x[57] ^ x[188]
x[51] = x[51] ^ x[223]
x[44] = x[44] ^ x[222]
x[33] = x[33] ^ x[226]
x[39] = x[39] ^ x[228]
x[36] = x[36] ^ x[172]
x[31] = x[31] ^ x[193]
x[30] = x[30] ^ x[212]
x[27] = x[27] ^ x[174]
x[25] = x[25] ^ x[205]
x[19] = x[19] ^ x[173]
x[17] = x[17] ^ x[170]
x[7] = x[7] ^ x[165]
x[15] = x[15] ^ x[169]
x[13] = x[13] ^ x[184]
x[12] = x[12] ^ x[189]
x[8] = x[8] ^ x[175]
x[2] = x[2] ^ x[180]
x[146] = x[146] ^ x[304]
x[144] = x[144] ^ x[296]
x[141] = x[141] ^ x[293]
x[139] = x[139] ^ x[297]
x[138] = x[138] ^ x[311]
x[129] = x[129] ^ x[286]
x[132] = x[132] ^ x[284]
x[131] = x[131] ^ x[305]
x[130] = x[130] ^ x[282]
x[127] = x[127] ^ x[280]
x[128] = x[128] ^ x[295]
x[134] = x[134] ^ x[268]
x[126] = x[126] ^ x[273]
x[125] = x[125] ^ x[300]
x[120] = x[120] ^ x[261]
x[108] = x[108] ^ x[303]
x[114] = x[114] ^ x[270]
x[112] = x[112] ^ x[292]
x[110] = x[110] ^ x[279]
x[106] = x[106] ^ x[283]
x[47] = x[47] ^ x[323]
x[34] = x[34] ^ x[192]
x[37] = x[37] ^ x[166]
x[24] = x[24] ^ x[199]
x[152] = x[152] ^ x[294]
x[156] = x[156] ^ x[289]
x[153] = x[153] ^ x[290]
x[111] = x[111] ^ x[277]
x[104] = x[104] ^ x[287]
x[91] = x[91] ^ x[236]
x[46] = x[46] ^ x[225]
x[23] = x[23] ^ x[171]
x[3] = x[3] ^ x[181]
x[151] = x[151] ^ x[288]
x[147] = x[147] ^ x[324]
x[137] = x[137] ^ x[314]
x[118] = x[118] ^ x[278]
x[79] = x[79] ^ x[257]
x[75] = x[75] ^ x[263]
x[143] = x[143] ^ x[285]
x[115] = x[115] ^ x[299]
x[76] = x[76] ^ x[253]
x[140] = x[140] ^ x[312]
x[72] = x[72] ^ x[254]
x[43] = x[43] ^ x[211]
x[10] = x[10] ^ x[194]
x[11] = x[11] ^ x[162]
x[18] = x[18] ^ x[322]
x[160] = x[160] ^ x[306]
x[158] = x[158] ^ x[309]
x[59] = x[59] ^ x[211]
x[48] = x[48] ^ x[196]
x[159] = x[159] ^ x[322]
x[69] = x[69] ^ x[219]
x[58] = x[58] ^ x[195]
x[56] = x[56] ^ x[200]
x[53] = x[53] ^ x[220]
x[52] = x[52] ^ x[215]
x[49] = x[49] ^ x[224]
x[42] = x[42] ^ x[210]
x[40] = x[40] ^ x[185]
x[32] = x[32] ^ x[204]
x[16] = x[16] ^ x[191]
x[9] = x[9] ^ x[202]
x[136] = x[136] ^ x[317]
x[133] = x[133] ^ x[313]
x[105] = x[105] ^ x[251]
x[45] = x[45] ^ x[197]
x[21] = x[21] ^ x[320]
x[148] = x[148] ^ x[319]
x[90] = x[90] ^ x[264]
x[63] = x[63] ^ x[213]
x[54] = x[54] ^ x[230]
x[41] = x[41] ^ x[201]
x[85] = x[85] ^ x[233]
x[83] = x[83] ^ x[267]
x[68] = x[68] ^ x[238]
x[100] = x[100] ^ x[250]
x[81] = x[81] ^ x[258]
x[80] = x[80] ^ x[235]
x[66] = x[66] ^ x[218]
x[70] = x[70] ^ x[234]
x[14] = x[14] ^ x[171]
x[6] = x[6] ^ x[178]
x[4] = x[4] ^ x[186]
x[1] = x[1] ^ x[179]
x[121] = x[121] ^ x[275]
x[113] = x[113] ^ x[290]
x[107] = x[107] ^ x[255]
x[101] = x[101] ^ x[244]
x[102] = x[102] ^ x[260]
x[97] = x[97] ^ x[276]
x[94] = x[94] ^ x[287]
x[78] = x[78] ^ x[254]
x[64] = x[64] ^ x[208]
x[35] = x[35] ^ x[198]
x[145] = x[145] ^ x[288]
x[109] = x[109] ^ x[285]
x[74] = x[74] ^ x[239]
x[116] = x[116] ^ x[266]
x[117] = x[117] ^ x[249]
x[98] = x[98] ^ x[278]
x[92] = x[92] ^ x[263]
x[88] = x[88] ^ x[274]
x[161] = x[161] ^ x[301]
x[119] = x[119] ^ x[265]
x[89] = x[89] ^ x[248]
x[87] = x[87] ^ x[237]
x[86] = x[86] ^ x[228]
x[82] = x[82] ^ x[243]
x[71] = x[71] ^ x[226]
x[67] = x[67] ^ x[242]
x[65] = x[65] ^ x[216]
x[61] = x[61] ^ x[245]
x[60] = x[60] ^ x[209]
x[39] = x[39] ^ x[223]
x[31] = x[31] ^ x[172]
x[27] = x[27] ^ x[180]
x[29] = x[29] ^ x[170]
x[19] = x[19] ^ x[189]
x[17] = x[17] ^ x[173]
x[20] = x[20] ^ x[176]
x[15] = x[15] ^ x[165]
x[5] = x[5] ^ x[184]
x[12] = x[12] ^ x[167]
x[2] = x[2] ^ x[177]
x[146] = x[146] ^ x[298]
x[149] = x[149] ^ x[283]
x[144] = x[144] ^ x[312]
x[131] = x[131] ^ x[293]
x[128] = x[128] ^ x[273]
x[134] = x[134] ^ x[280]
x[126] = x[126] ^ x[268]
x[123] = x[123] ^ x[311]
x[125] = x[125] ^ x[297]
x[120] = x[120] ^ x[286]
x[114] = x[114] ^ x[271]
x[112] = x[112] ^ x[291]
x[110] = x[110] ^ x[256]
x[106] = x[106] ^ x[259]
x[96] = x[96] ^ x[282]
x[95] = x[95] ^ x[281]
x[99] = x[99] ^ x[247]
x[30] = x[30] ^ x[168]
x[37] = x[37] ^ x[174]
x[24] = x[24] ^ x[166]
x[0] = x[0] ^ x[183]
x[103] = x[103] ^ x[240]
x[34] = x[34] ^ x[222]
x[8] = x[8] ^ x[323]
x[129] = x[129] ^ x[305]
x[108] = x[108] ^ x[261]
x[150] = x[150] ^ x[302]
x[157] = x[157] ^ x[181]
x[152] = x[152] ^ x[190]
x[156] = x[156] ^ x[175]
x[154] = x[154] ^ x[294]
x[104] = x[104] ^ x[277]
x[91] = x[91] ^ x[252]
x[57] = x[57] ^ x[225]
x[137] = x[137] ^ x[295]
x[132] = x[132] ^ x[304]
x[130] = x[130] ^ x[303]
x[118] = x[118] ^ x[270]
x[93] = x[93] ^ x[241]
x[79] = x[79] ^ x[231]
x[153] = x[153] ^ x[299]
x[143] = x[143] ^ x[316]
x[77] = x[77] ^ x[229]
x[73] = x[73] ^ x[253]
x[46] = x[46] ^ x[227]
x[151] = x[151] ^ x[289]
x[141] = x[141] ^ x[292]
x[140] = x[140] ^ x[308]
x[147] = x[147] ^ x[300]
x[115] = x[115] ^ x[272]
x[36] = x[36] ^ x[192]
x[43] = x[43] ^ x[205]
x[10] = x[10] ^ x[193]
x[18] = x[18] ^ x[162]
x[160] = x[160] ^ x[183]
x[62] = x[62] ^ x[206]
x[59] = x[59] ^ x[232]
x[28] = x[28] ^ x[196]
x[58] = x[58] ^ x[188]
x[55] = x[55] ^ x[195]
x[53] = x[53] ^ x[224]
x[51] = x[51] ^ x[321]
x[49] = x[49] ^ x[217]
x[44] = x[44] ^ x[221]
x[42] = x[42] ^ x[220]
x[40] = x[40] ^ x[202]
x[26] = x[26] ^ x[219]
x[22] = x[22] ^ x[169]
x[25] = x[25] ^ x[204]
x[16] = x[16] ^ x[185]
x[135] = x[135] ^ x[315]
x[105] = x[105] ^ x[284]
x[52] = x[52] ^ x[200]
x[48] = x[48] ^ x[233]
x[38] = x[38] ^ x[182]
x[32] = x[32] ^ x[193]
x[21] = x[21] ^ x[197]
x[133] = x[133] ^ x[317]
x[158] = x[158] ^ x[215]
x[159] = x[159] ^ x[309]
x[90] = x[90] ^ x[230]
x[63] = x[63] ^ x[214]
x[56] = x[56] ^ x[207]
x[41] = x[41] ^ x[210]
x[7] = x[7] ^ x[164]
x[13] = x[13] ^ x[187]
x[142] = x[142] ^ x[320]
x[139] = x[139] ^ x[319]
x[136] = x[136] ^ x[296]
x[138] = x[138] ^ x[314]
x[111] = x[111] ^ x[279]
x[84] = x[84] ^ x[257]
x[75] = x[75] ^ x[262]
x[54] = x[54] ^ x[213]
x[47] = x[47] ^ x[191]
x[45] = x[45] ^ x[324]
x[33] = x[33] ^ x[205]
x[23] = x[23] ^ x[201]
x[9] = x[9] ^ x[199]
x[122] = x[122] ^ x[264]
x[3] = x[3] ^ x[307]
x[127] = x[127] ^ x[313]
x[76] = x[76] ^ x[251]
x[50] = x[50] ^ x[203]
x[69] = x[69] ^ x[212]
x[72] = x[72] ^ x[246]
x[83] = x[83] ^ x[237]
x[68] = x[68] ^ x[225]
x[80] = x[80] ^ x[229]
x[102] = x[102] ^ x[270]
x[100] = x[100] ^ x[244]
x[97] = x[97] ^ x[272]
x[94] = x[94] ^ x[275]
x[78] = x[78] ^ x[253]
x[66] = x[66] ^ x[258]
x[64] = x[64] ^ x[241]
x[4] = x[4] ^ x[179]
x[145] = x[145] ^ x[303]
x[113] = x[113] ^ x[285]
x[121] = x[121] ^ x[267]
x[116] = x[116] ^ x[276]
x[117] = x[117] ^ x[269]
x[107] = x[107] ^ x[249]
x[109] = x[109] ^ x[252]
x[98] = x[98] ^ x[239]
x[92] = x[92] ^ x[254]
x[88] = x[88] ^ x[266]
x[82] = x[82] ^ x[234]
x[65] = x[65] ^ x[245]
x[19] = x[19] ^ x[167]
x[20] = x[20] ^ x[173]
x[11] = x[11] ^ x[163]
x[5] = x[5] ^ x[172]
x[146] = x[146] ^ x[300]
x[128] = x[128] ^ x[280]
x[126] = x[126] ^ x[292]
x[120] = x[120] ^ x[287]
x[112] = x[112] ^ x[290]
x[86] = x[86] ^ x[236]
x[37] = x[37] ^ x[176]
x[29] = x[29] ^ x[166]
x[15] = x[15] ^ x[322]
x[0] = x[0] ^ x[177]
x[74] = x[74] ^ x[240]
x[8] = x[8] ^ x[174]
x[144] = x[144] ^ x[283]
x[129] = x[129] ^ x[293]
x[123] = x[123] ^ x[278]
x[125] = x[125] ^ x[288]
x[108] = x[108] ^ x[265]
x[99] = x[99] ^ x[268]
x[148] = x[148] ^ x[302]
x[156] = x[156] ^ x[170]
x[119] = x[119] ^ x[301]
x[71] = x[71] ^ x[242]
x[2] = x[2] ^ x[181]
x[1] = x[1] ^ x[178]
x[132] = x[132] ^ x[295]
x[130] = x[130] ^ x[294]
x[134] = x[134] ^ x[281]
x[110] = x[110] ^ x[271]
x[96] = x[96] ^ x[255]
x[89] = x[89] ^ x[259]
x[79] = x[79] ^ x[223]
x[27] = x[27] ^ x[198]
x[104] = x[104] ^ x[263]
x[93] = x[93] ^ x[260]
x[152] = x[152] ^ x[171]
x[143] = x[143] ^ x[299]
x[61] = x[61] ^ x[243]
x[30] = x[30] ^ x[209]
x[141] = x[141] ^ x[318]
x[46] = x[46] ^ x[222]
x[140] = x[140] ^ x[305]
x[149] = x[149] ^ x[289]
x[115] = x[115] ^ x[298]
x[36] = x[36] ^ x[211]
x[43] = x[43] ^ x[190]
x[10] = x[10] ^ x[162]
x[124] = x[124] ^ x[269]
x[160] = x[160] ^ x[163]
x[85] = x[85] ^ x[236]
x[6] = x[6] ^ x[186]
x[59] = x[59] ^ x[206]
x[35] = x[35] ^ x[196]
x[14] = x[14] ^ x[187]
x[81] = x[81] ^ x[224]
x[67] = x[67] ^ x[248]
x[70] = x[70] ^ x[217]
x[60] = x[60] ^ x[232]
x[62] = x[62] ^ x[227]
x[58] = x[58] ^ x[221]
x[55] = x[55] ^ x[204]
x[51] = x[51] ^ x[220]
x[39] = x[39] ^ x[226]
x[16] = x[16] ^ x[180]
x[161] = x[161] ^ x[183]
x[131] = x[131] ^ x[284]
x[135] = x[135] ^ x[313]
x[106] = x[106] ^ x[282]
x[95] = x[95] ^ x[273]
x[87] = x[87] ^ x[251]
x[48] = x[48] ^ x[238]
x[38] = x[38] ^ x[200]
x[40] = x[40] ^ x[182]
x[32] = x[32] ^ x[184]
x[26] = x[26] ^ x[216]
x[21] = x[21] ^ x[192]
x[31] = x[31] ^ x[203]
x[28] = x[28] ^ x[212]
x[114] = x[114] ^ x[286]
x[103] = x[103] ^ x[261]
x[150] = x[150] ^ x[317]
x[158] = x[158] ^ x[175]
x[91] = x[91] ^ x[230]
x[63] = x[63] ^ x[210]
x[56] = x[56] ^ x[188]
x[49] = x[49] ^ x[218]
x[25] = x[25] ^ x[202]
x[13] = x[13] ^ x[165]
x[139] = x[139] ^ x[311]
x[137] = x[137] ^ x[297]
x[101] = x[101] ^ x[279]
x[54] = x[54] ^ x[199]
x[52] = x[52] ^ x[191]
x[45] = x[45] ^ x[207]
x[33] = x[33] ^ x[190]
x[24] = x[24] ^ x[194]
x[17] = x[17] ^ x[320]
x[7] = x[7] ^ x[324]
x[159] = x[159] ^ x[306]
x[57] = x[57] ^ x[201]
x[41] = x[41] ^ x[189]
x[34] = x[34] ^ x[185]
x[111] = x[111] ^ x[274]
x[153] = x[153] ^ x[307]
x[3] = x[3] ^ x[169]
x[136] = x[136] ^ x[312]
x[127] = x[127] ^ x[296]
x[118] = x[118] ^ x[262]
x[76] = x[76] ^ x[235]
x[23] = x[23] ^ x[197]
x[9] = x[9] ^ x[195]
x[133] = x[133] ^ x[315]
x[122] = x[122] ^ x[291]
x[142] = x[142] ^ x[304]
x[138] = x[138] ^ x[308]
x[69] = x[69] ^ x[214]
x[147] = x[147] ^ x[316]
x[77] = x[77] ^ x[231]
x[72] = x[72] ^ x[247]
x[42] = x[42] ^ x[208]
x[73] = x[73] ^ x[250]
x[84] = x[84] ^ x[233]
x[68] = x[68] ^ x[234]
x[83] = x[83] ^ x[255]
x[66] = x[66] ^ x[244]
x[145] = x[145] ^ x[289]
x[64] = x[64] ^ x[222]
x[116] = x[116] ^ x[272]
x[117] = x[117] ^ x[267]
x[113] = x[113] ^ x[275]
x[109] = x[109] ^ x[256]
x[102] = x[102] ^ x[266]
x[100] = x[100] ^ x[239]
x[92] = x[92] ^ x[271]
x[88] = x[88] ^ x[263]
x[78] = x[78] ^ x[249]
x[65] = x[65] ^ x[237]
x[11] = x[11] ^ x[314]
x[5] = x[5] ^ x[173]
x[146] = x[146] ^ x[290]
x[15] = x[15] ^ x[167]
x[4] = x[4] ^ x[176]
x[0] = x[0] ^ x[179]
x[29] = x[29] ^ x[174]
x[129] = x[129] ^ x[283]
x[126] = x[126] ^ x[278]
x[125] = x[125] ^ x[287]
x[121] = x[121] ^ x[265]
x[8] = x[8] ^ x[168]
x[148] = x[148] ^ x[277]
x[71] = x[71] ^ x[229]
x[1] = x[1] ^ x[181]
x[134] = x[134] ^ x[298]
x[86] = x[86] ^ x[259]
x[79] = x[79] ^ x[253]
x[18] = x[18] ^ x[170]
x[132] = x[132] ^ x[294]
x[98] = x[98] ^ x[240]
x[99] = x[99] ^ x[260]
x[143] = x[143] ^ x[301]
x[2] = x[2] ^ x[171]
x[128] = x[128] ^ x[300]
x[61] = x[61] ^ x[241]
x[140] = x[140] ^ x[299]
x[36] = x[36] ^ x[209]
x[141] = x[141] ^ x[285]
x[93] = x[93] ^ x[245]
x[43] = x[43] ^ x[198]
x[10] = x[10] ^ x[164]
x[22] = x[22] ^ x[168]
x[47] = x[47] ^ x[321]
x[124] = x[124] ^ x[264]
x[154] = x[154] ^ x[309]
x[12] = x[12] ^ x[164]
x[53] = x[53] ^ x[213]
x[151] = x[151] ^ x[323]
x[50] = x[50] ^ x[215]
x[90] = x[90] ^ x[246]
x[59] = x[59] ^ x[223]
x[35] = x[35] ^ x[206]
x[14] = x[14] ^ x[186]
x[67] = x[67] ^ x[225]
x[70] = x[70] ^ x[219]
x[60] = x[60] ^ x[220]
x[62] = x[62] ^ x[214]
x[51] = x[51] ^ x[204]
x[6] = x[6] ^ x[172]
x[135] = x[135] ^ x[296]
x[120] = x[120] ^ x[280]
x[106] = x[106] ^ x[284]
x[97] = x[97] ^ x[270]
x[94] = x[94] ^ x[250]
x[87] = x[87] ^ x[238]
x[80] = x[80] ^ x[231]
x[82] = x[82] ^ x[235]
x[40] = x[40] ^ x[183]
x[32] = x[32] ^ x[200]
x[74] = x[74] ^ x[233]
x[58] = x[58] ^ x[224]
x[39] = x[39] ^ x[216]
x[123] = x[123] ^ x[268]
x[108] = x[108] ^ x[262]
x[112] = x[112] ^ x[286]
x[107] = x[107] ^ x[261]
x[103] = x[103] ^ x[252]
x[95] = x[95] ^ x[269]
x[31] = x[31] ^ x[192]
x[28] = x[28] ^ x[205]
x[155] = x[155] ^ x[317]
x[63] = x[63] ^ x[230]
x[49] = x[49] ^ x[221]
x[19] = x[19] ^ x[175]
x[130] = x[130] ^ x[297]
x[110] = x[110] ^ x[282]
x[55] = x[55] ^ x[188]
x[45] = x[45] ^ x[199]
x[33] = x[33] ^ x[191]
x[26] = x[26] ^ x[196]
x[37] = x[37] ^ x[198]
x[24] = x[24] ^ x[180]
x[21] = x[21] ^ x[193]
x[7] = x[7] ^ x[166]
x[13] = x[13] ^ x[322]
x[161] = x[161] ^ x[189]
x[34] = x[34] ^ x[182]
x[20] = x[20] ^ x[201]
x[119] = x[119] ^ x[293]
x[111] = x[111] ^ x[281]
x[27] = x[27] ^ x[194]
x[25] = x[25] ^ x[177]
x[104] = x[104] ^ x[274]
x[96] = x[96] ^ x[279]
x[16] = x[16] ^ x[178]
x[152] = x[152] ^ x[163]
x[139] = x[139] ^ x[292]
x[133] = x[133] ^ x[311]
x[30] = x[30] ^ x[187]
x[9] = x[9] ^ x[197]
x[142] = x[142] ^ x[310]
x[131] = x[131] ^ x[308]
x[3] = x[3] ^ x[318]
x[127] = x[127] ^ x[305]
x[122] = x[122] ^ x[288]
x[158] = x[158] ^ x[169]
x[153] = x[153] ^ x[165]
x[149] = x[149] ^ x[316]
x[159] = x[159] ^ x[320]
x[46] = x[46] ^ x[211]
x[42] = x[42] ^ x[212]
x[72] = x[72] ^ x[232]
x[41] = x[41] ^ x[324]
x[81] = x[81] ^ x[228]
x[77] = x[77] ^ x[254]
x[68] = x[68] ^ x[229]
x[83] = x[83] ^ x[259]
x[145] = x[145] ^ x[300]
x[116] = x[116] ^ x[267]
x[113] = x[113] ^ x[276]
x[109] = x[109] ^ x[272]
x[102] = x[102] ^ x[257]
x[92] = x[92] ^ x[243]
x[88] = x[88] ^ x[256]
x[78] = x[78] ^ x[236]
x[66] = x[66] ^ x[245]
x[64] = x[64] ^ x[239]
x[65] = x[65] ^ x[226]
x[5] = x[5] ^ x[314]
x[0] = x[0] ^ x[174]
x[126] = x[126] ^ x[285]
x[125] = x[125] ^ x[289]
x[121] = x[121] ^ x[283]
x[4] = x[4] ^ x[162]
x[150] = x[150] ^ x[167]
x[136] = x[136] ^ x[277]
x[11] = x[11] ^ x[176]
x[99] = x[99] ^ x[253]
x[71] = x[71] ^ x[240]
x[8] = x[8] ^ x[181]
x[128] = x[128] ^ x[290]
x[61] = x[61] ^ x[210]
x[2] = x[2] ^ x[170]
x[143] = x[143] ^ x[298]
x[140] = x[140] ^ x[294]
x[43] = x[43] ^ x[209]
x[10] = x[10] ^ x[179]
x[44] = x[44] ^ x[219]
x[75] = x[75] ^ x[257]
x[85] = x[85] ^ x[228]
x[91] = x[91] ^ x[248]
x[54] = x[54] ^ x[227]
x[57] = x[57] ^ x[208]
x[47] = x[47] ^ x[218]
x[124] = x[124] ^ x[302]
x[114] = x[114] ^ x[264]
x[156] = x[156] ^ x[164]
x[53] = x[53] ^ x[207]
x[23] = x[23] ^ x[195]
x[17] = x[17] ^ x[184]
x[137] = x[137] ^ x[291]
x[50] = x[50] ^ x[213]
x[52] = x[52] ^ x[203]
x[22] = x[22] ^ x[185]
x[154] = x[154] ^ x[303]
x[138] = x[138] ^ x[312]
x[160] = x[160] ^ x[323]
x[90] = x[90] ^ x[247]
x[147] = x[147] ^ x[321]
x[89] = x[89] ^ x[251]
x[73] = x[73] ^ x[226]
x[115] = x[115] ^ x[295]
x[84] = x[84] ^ x[246]
x[59] = x[59] ^ x[212]
x[14] = x[14] ^ x[182]
x[70] = x[70] ^ x[220]
x[6] = x[6] ^ x[165]
x[80] = x[80] ^ x[232]
x[82] = x[82] ^ x[238]
x[74] = x[74] ^ x[224]
x[39] = x[39] ^ x[204]
x[35] = x[35] ^ x[183]
x[146] = x[146] ^ x[306]
x[112] = x[112] ^ x[270]
x[107] = x[107] ^ x[263]
x[106] = x[106] ^ x[249]
x[103] = x[103] ^ x[280]
x[95] = x[95] ^ x[268]
x[94] = x[94] ^ x[271]
x[87] = x[87] ^ x[258]
x[28] = x[28] ^ x[172]
x[155] = x[155] ^ x[320]
x[148] = x[148] ^ x[309]
x[134] = x[134] ^ x[297]
x[120] = x[120] ^ x[282]
x[97] = x[97] ^ x[244]
x[79] = x[79] ^ x[230]
x[33] = x[33] ^ x[188]
x[40] = x[40] ^ x[209]
x[26] = x[26] ^ x[200]
x[67] = x[67] ^ x[235]
x[60] = x[60] ^ x[222]
x[37] = x[37] ^ x[193]
x[29] = x[29] ^ x[199]
x[20] = x[20] ^ x[196]
x[7] = x[7] ^ x[169]
x[132] = x[132] ^ x[286]
x[123] = x[123] ^ x[296]
x[98] = x[98] ^ x[281]
x[32] = x[32] ^ x[202]
x[27] = x[27] ^ x[324]
x[24] = x[24] ^ x[192]
x[18] = x[18] ^ x[189]
x[119] = x[119] ^ x[279]
x[110] = x[110] ^ x[265]
x[104] = x[104] ^ x[262]
x[152] = x[152] ^ x[178]
x[15] = x[15] ^ x[166]
x[49] = x[49] ^ x[214]
x[9] = x[9] ^ x[187]
x[142] = x[142] ^ x[308]
x[117] = x[117] ^ x[260]
x[30] = x[30] ^ x[186]
x[13] = x[13] ^ x[177]
x[3] = x[3] ^ x[168]
x[86] = x[86] ^ x[255]
x[127] = x[127] ^ x[304]
x[122] = x[122] ^ x[287]
x[96] = x[96] ^ x[278]
x[158] = x[158] ^ x[173]
x[141] = x[141] ^ x[316]
x[36] = x[36] ^ x[197]
x[46] = x[46] ^ x[217]
x[93] = x[93] ^ x[242]
x[42] = x[42] ^ x[215]
x[72] = x[72] ^ x[223]
x[81] = x[81] ^ x[231]
x[145] = x[145] ^ x[311]
x[113] = x[113] ^ x[267]
x[109] = x[109] ^ x[261]
x[102] = x[102] ^ x[256]
x[92] = x[92] ^ x[239]
x[78] = x[78] ^ x[234]
x[66] = x[66] ^ x[233]
x[65] = x[65] ^ x[225]
x[5] = x[5] ^ x[175]
x[126] = x[126] ^ x[284]
x[125] = x[125] ^ x[283]
x[88] = x[88] ^ x[259]
x[4] = x[4] ^ x[322]
x[0] = x[0] ^ x[167]
x[161] = x[161] ^ x[176]
x[99] = x[99] ^ x[254]
x[136] = x[136] ^ x[307]
x[71] = x[71] ^ x[241]
x[61] = x[61] ^ x[229]
x[2] = x[2] ^ x[313]
x[143] = x[143] ^ x[289]
x[140] = x[140] ^ x[292]
x[128] = x[128] ^ x[285]
x[11] = x[11] ^ x[181]
x[43] = x[43] ^ x[206]
x[10] = x[10] ^ x[180]
x[105] = x[105] ^ x[256]
x[44] = x[44] ^ x[217]
x[118] = x[118] ^ x[257]
x[151] = x[151] ^ x[307]
x[56] = x[56] ^ x[202]
x[101] = x[101] ^ x[273]
x[12] = x[12] ^ x[315]
x[75] = x[75] ^ x[258]
x[62] = x[62] ^ x[225]
x[51] = x[51] ^ x[219]
x[135] = x[135] ^ x[284]
x[108] = x[108] ^ x[266]
x[31] = x[31] ^ x[205]
x[34] = x[34] ^ x[218]
x[91] = x[91] ^ x[254]
x[57] = x[57] ^ x[227]
x[157] = x[157] ^ x[301]
x[16] = x[16] ^ x[171]
x[53] = x[53] ^ x[206]
x[54] = x[54] ^ x[195]
x[45] = x[45] ^ x[191]
x[21] = x[21] ^ x[179]
x[58] = x[58] ^ x[216]
x[50] = x[50] ^ x[208]
x[52] = x[52] ^ x[207]
x[139] = x[139] ^ x[312]
x[138] = x[138] ^ x[305]
x[133] = x[133] ^ x[295]
x[111] = x[111] ^ x[275]
x[25] = x[25] ^ x[185]
x[23] = x[23] ^ x[194]
x[129] = x[129] ^ x[291]
x[144] = x[144] ^ x[288]
x[131] = x[131] ^ x[299]
x[63] = x[63] ^ x[221]
x[1] = x[1] ^ x[175]
x[90] = x[90] ^ x[250]
x[154] = x[154] ^ x[302]
x[147] = x[147] ^ x[310]
x[100] = x[100] ^ x[261]
x[159] = x[159] ^ x[318]
x[153] = x[153] ^ x[323]
x[89] = x[89] ^ x[252]
x[149] = x[149] ^ x[322]
x[73] = x[73] ^ x[246]
x[41] = x[41] ^ x[190]
x[77] = x[77] ^ x[247]
x[68] = x[68] ^ x[226]
x[83] = x[83] ^ x[248]
x[59] = x[59] ^ x[214]
x[14] = x[14] ^ x[168]
x[70] = x[70] ^ x[228]
x[6] = x[6] ^ x[173]
x[82] = x[82] ^ x[223]
x[112] = x[112] ^ x[264]
x[103] = x[103] ^ x[249]
x[94] = x[94] ^ x[260]
x[87] = x[87] ^ x[243]
x[80] = x[80] ^ x[224]
x[35] = x[35] ^ x[172]
x[155] = x[155] ^ x[306]
x[130] = x[130] ^ x[277]
x[40] = x[40] ^ x[188]
x[60] = x[60] ^ x[231]
x[39] = x[39] ^ x[197]
x[123] = x[123] ^ x[286]
x[120] = x[120] ^ x[281]
x[116] = x[116] ^ x[293]
x[32] = x[32] ^ x[189]
x[28] = x[28] ^ x[192]
x[20] = x[20] ^ x[193]
x[110] = x[110] ^ x[269]
x[106] = x[106] ^ x[279]
x[97] = x[97] ^ x[265]
x[26] = x[26] ^ x[199]
x[15] = x[15] ^ x[178]
x[27] = x[27] ^ x[184]
x[24] = x[24] ^ x[186]
x[13] = x[13] ^ x[164]
x[9] = x[9] ^ x[169]
x[3] = x[3] ^ x[162]
x[142] = x[142] ^ x[298]
x[8] = x[8] ^ x[166]
x[127] = x[127] ^ x[300]
x[122] = x[122] ^ x[278]
x[107] = x[107] ^ x[271]
x[96] = x[96] ^ x[262]
x[141] = x[141] ^ x[314]
x[37] = x[37] ^ x[196]
x[46] = x[46] ^ x[203]
x[93] = x[93] ^ x[255]
x[42] = x[42] ^ x[201]
x[64] = x[64] ^ x[240]
x[145] = x[145] ^ x[313]
x[109] = x[109] ^ x[267]
x[102] = x[102] ^ x[263]
x[78] = x[78] ^ x[238]
x[66] = x[66] ^ x[239]
x[65] = x[65] ^ x[235]
x[113] = x[113] ^ x[268]
x[126] = x[126] ^ x[283]
x[5] = x[5] ^ x[181]
x[4] = x[4] ^ x[167]
x[99] = x[99] ^ x[259]
x[136] = x[136] ^ x[309]
x[71] = x[71] ^ x[230]
x[140] = x[140] ^ x[289]
x[128] = x[128] ^ x[297]
x[61] = x[61] ^ x[232]
x[43] = x[43] ^ x[200]
x[10] = x[10] ^ x[176]
x[38] = x[38] ^ x[210]
x[69] = x[69] ^ x[236]
x[48] = x[48] ^ x[215]
x[105] = x[105] ^ x[276]
x[76] = x[76] ^ x[242]
x[85] = x[85] ^ x[243]
x[124] = x[124] ^ x[293]
x[114] = x[114] ^ x[269]
x[22] = x[22] ^ x[184]
x[44] = x[44] ^ x[201]
x[56] = x[56] ^ x[228]
x[118] = x[118] ^ x[273]
x[12] = x[12] ^ x[163]
x[101] = x[101] ^ x[274]
x[115] = x[115] ^ x[292]
x[75] = x[75] ^ x[233]
x[84] = x[84] ^ x[251]
x[62] = x[62] ^ x[221]
x[108] = x[108] ^ x[268]
x[51] = x[51] ^ x[217]
x[31] = x[31] ^ x[204]
x[156] = x[156] ^ x[309]
x[134] = x[134] ^ x[282]
x[7] = x[7] ^ x[174]
x[148] = x[148] ^ x[303]
x[57] = x[57] ^ x[218]
x[160] = x[160] ^ x[324]
x[54] = x[54] ^ x[206]
x[53] = x[53] ^ x[208]
x[29] = x[29] ^ x[187]
x[139] = x[139] ^ x[308]
x[91] = x[91] ^ x[238]
x[157] = x[157] ^ x[319]
x[119] = x[119] ^ x[297]
x[111] = x[111] ^ x[270]
x[67] = x[67] ^ x[227]
x[58] = x[58] ^ x[212]
x[49] = x[49] ^ x[202]
x[30] = x[30] ^ x[205]
x[21] = x[21] ^ x[191]
x[18] = x[18] ^ x[185]
x[121] = x[121] ^ x[287]
x[150] = x[150] ^ x[170]
x[144] = x[144] ^ x[304]
x[52] = x[52] ^ x[195]
x[23] = x[23] ^ x[190]
x[158] = x[158] ^ x[171]
x[79] = x[79] ^ x[250]
x[33] = x[33] ^ x[220]
x[34] = x[34] ^ x[213]
x[147] = x[147] ^ x[317]
x[117] = x[117] ^ x[302]
x[159] = x[159] ^ x[316]
x[153] = x[153] ^ x[321]
x[100] = x[100] ^ x[252]
x[86] = x[86] ^ x[253]
x[36] = x[36] ^ x[182]
x[25] = x[25] ^ x[194]
x[131] = x[131] ^ x[294]
x[89] = x[89] ^ x[258]
x[149] = x[149] ^ x[290]
x[152] = x[152] ^ x[323]
x[77] = x[77] ^ x[246]
x[83] = x[83] ^ x[244]
x[68] = x[68] ^ x[223]
x[59] = x[59] ^ x[314]
x[14] = x[14] ^ x[177]
x[70] = x[70] ^ x[226]
x[6] = x[6] ^ x[175]
x[112] = x[112] ^ x[284]
x[94] = x[94] ^ x[257]
x[87] = x[87] ^ x[249]
x[82] = x[82] ^ x[224]
x[135] = x[135] ^ x[277]
x[125] = x[125] ^ x[281]
x[116] = x[116] ^ x[286]
x[28] = x[28] ^ x[188]
x[35] = x[35] ^ x[193]
x[106] = x[106] ^ x[255]
x[97] = x[97] ^ x[260]
x[138] = x[138] ^ x[307]
x[161] = x[161] ^ x[315]
x[39] = x[39] ^ x[199]
x[32] = x[32] ^ x[192]
x[20] = x[20] ^ x[189]
x[3] = x[3] ^ x[164]
x[120] = x[120] ^ x[279]
x[9] = x[9] ^ x[165]
x[130] = x[130] ^ x[295]
x[127] = x[127] ^ x[291]
x[107] = x[107] ^ x[262]
x[143] = x[143] ^ x[300]
x[110] = x[110] ^ x[278]
x[11] = x[11] ^ x[178]
x[2] = x[2] ^ x[166]
x[27] = x[27] ^ x[196]
x[24] = x[24] ^ x[172]
x[42] = x[42] ^ x[203]
x[96] = x[96] ^ x[240]
x[145] = x[145] ^ x[306]
x[109] = x[109] ^ x[263]
x[102] = x[102] ^ x[259]
x[78] = x[78] ^ x[239]
x[65] = x[65] ^ x[231]
x[113] = x[113] ^ x[283]
x[5] = x[5] ^ x[167]
x[136] = x[136] ^ x[298]
x[128] = x[128] ^ x[289]
x[61] = x[61] ^ x[230]
x[43] = x[43] ^ x[10]
x[69] = x[69] ^ x[237]
x[19] = x[19] ^ x[180]
x[48] = x[48] ^ x[211]
x[47] = x[47] ^ x[213]
x[105] = x[105] ^ x[264]
x[38] = x[38] ^ x[203]
x[85] = x[85] ^ x[248]
x[17] = x[17] ^ x[313]
x[76] = x[76] ^ x[241]
x[74] = x[74] ^ x[230]
x[22] = x[22] ^ x[183]
x[133] = x[133] ^ x[296]
x[114] = x[114] ^ x[280]
x[95] = x[95] ^ x[266]
x[124] = x[124] ^ x[291]
x[129] = x[129] ^ x[299]
x[63] = x[63] ^ x[219]
x[151] = x[151] ^ x[320]
x[56] = x[56] ^ x[216]
x[50] = x[50] ^ x[207]
x[90] = x[90] ^ x[257]
x[16] = x[16] ^ x[163]
x[118] = x[118] ^ x[275]
x[101] = x[101] ^ x[276]
x[12] = x[12] ^ x[165]
x[41] = x[41] ^ x[198]
x[75] = x[75] ^ x[242]
x[84] = x[84] ^ x[236]
x[81] = x[81] ^ x[251]
x[72] = x[72] ^ x[245]
x[62] = x[62] ^ x[222]
x[51] = x[51] ^ x[205]
x[31] = x[31] ^ x[182]
x[134] = x[134] ^ x[290]
x[132] = x[132] ^ x[303]
x[7] = x[7] ^ x[168]
x[156] = x[156] ^ x[301]
x[154] = x[154] ^ x[324]
x[1] = x[1] ^ x[170]
x[13] = x[13] ^ x[169]
x[67] = x[67] ^ x[229]
x[57] = x[57] ^ x[209]
x[54] = x[54] ^ x[218]
x[49] = x[49] ^ x[212]
x[30] = x[30] ^ x[191]
x[29] = x[29] ^ x[186]
x[18] = x[18] ^ x[323]
x[119] = x[119] ^ x[282]
x[121] = x[121] ^ x[273]
x[103] = x[103] ^ x[274]
x[123] = x[123] ^ x[287]
x[52] = x[52] ^ x[208]
x[23] = x[23] ^ x[184]
x[0] = x[0] ^ x[173]
x[34] = x[34] ^ x[197]
x[37] = x[37] ^ x[187]
x[46] = x[46] ^ x[210]
x[157] = x[157] ^ x[322]
x[153] = x[153] ^ x[317]
x[25] = x[25] ^ x[201]
x[8] = x[8] ^ x[162]
x[21] = x[21] ^ x[185]
x[144] = x[144] ^ x[316]
x[141] = x[141] ^ x[311]
x[131] = x[131] ^ x[292]
x[89] = x[89] ^ x[246]
x[91] = x[91] ^ x[253]
x[100] = x[100] ^ x[270]
x[93] = x[93] ^ x[254]
x[60] = x[60] ^ x[228]
x[83] = x[83] ^ x[250]
x[68] = x[68] ^ x[232]
x[14] = x[14] ^ x[172]
x[70] = x[70] ^ x[225]
x[6] = x[6] ^ x[171]
x[160] = x[160] ^ x[314]
x[112] = x[112] ^ x[268]
x[94] = x[94] ^ x[249]
x[66] = x[66] ^ x[224]
x[125] = x[125] ^ x[286]
x[35] = x[35] ^ x[188]
x[106] = x[106] ^ x[260]
x[71] = x[71] ^ x[238]
x[139] = x[139] ^ x[307]
x[138] = x[138] ^ x[304]
x[161] = x[161] ^ x[181]
x[116] = x[116] ^ x[281]
x[32] = x[32] ^ x[199]
x[135] = x[135] ^ x[295]
x[97] = x[97] ^ x[262]
x[140] = x[140] ^ x[300]
x[120] = x[120] ^ x[278]
x[9] = x[9] ^ x[178]
x[2] = x[2] ^ x[164]
x[142] = x[142] ^ x[305]
x[42] = x[42] ^ x[196]
x[87] = x[87] ^ x[240]
x[27] = x[27] ^ x[193]
x[306] = x[306] ^ x[220]
x[102] = x[102] ^ x[109]
x[239] = x[239] ^ x[189]
x[167] = x[167] ^ x[259]
x[283] = x[283] ^ x[319]
x[289] = x[289] ^ x[302]
x[127] = x[127] ^ x[298]
x[61] = x[61] ^ x[65]
x[43] = x[43] ^ x[10]
x[137] = x[137] ^ x[311]
x[55] = x[55] ^ x[234]
x[104] = x[104] ^ x[272]
x[69] = x[69] ^ x[235]
x[105] = x[105] ^ x[263]
x[38] = x[38] ^ x[211]
x[19] = x[19] ^ x[177]
x[85] = x[85] ^ x[237]
x[73] = x[73] ^ x[244]
x[146] = x[146] ^ x[310]
x[98] = x[98] ^ x[274]
x[45] = x[45] ^ x[200]
x[17] = x[17] ^ x[180]
x[76] = x[76] ^ x[247]
x[47] = x[47] ^ x[215]
x[115] = x[115] ^ x[273]
x[74] = x[74] ^ x[231]
x[22] = x[22] ^ x[174]
x[111] = x[111] ^ x[265]
x[122] = x[122] ^ x[280]
x[63] = x[63] ^ x[225]
x[56] = x[56] ^ x[220]
x[147] = x[147] ^ x[302]
x[159] = x[159] ^ x[319]
x[79] = x[79] ^ x[241]
x[80] = x[80] ^ x[236]
x[58] = x[58] ^ x[217]
x[118] = x[118] ^ x[276]
x[148] = x[148] ^ x[312]
x[90] = x[90] ^ x[251]
x[16] = x[16] ^ x[320]
x[50] = x[50] ^ x[227]
x[36] = x[36] ^ x[190]
x[26] = x[26] ^ x[198]
x[101] = x[101] ^ x[264]
x[86] = x[86] ^ x[252]
x[72] = x[72] ^ x[242]
x[12] = x[12] ^ x[179]
x[77] = x[77] ^ x[245]
x[59] = x[59] ^ x[221]
x[62] = x[62] ^ x[210]
x[51] = x[51] ^ x[218]
x[31] = x[31] ^ x[201]
x[134] = x[134] ^ x[277]
x[132] = x[132] ^ x[296]
x[129] = x[129] ^ x[303]
x[150] = x[150] ^ x[168]
x[154] = x[154] ^ x[301]
x[133] = x[133] ^ x[309]
x[49] = x[49] ^ x[209]
x[29] = x[29] ^ x[191]
x[4] = x[4] ^ x[170]
x[121] = x[121] ^ x[282]
x[103] = x[103] ^ x[266]
x[57] = x[57] ^ x[214]
x[123] = x[123] ^ x[291]
x[119] = x[119] ^ x[284]
x[67] = x[67] ^ x[223]
x[54] = x[54] ^ x[208]
x[23] = x[23] ^ x[182]
x[0] = x[0] ^ x[169]
x[34] = x[34] ^ x[207]
x[37] = x[37] ^ x[189]
x[157] = x[157] ^ x[323]
x[8] = x[8] ^ x[165]
x[24] = x[24] ^ x[185]
x[141] = x[141] ^ x[290]
x[89] = x[89] ^ x[253]
x[25] = x[25] ^ x[184]
x[107] = x[107] ^ x[270]
x[93] = x[93] ^ x[257]
x[60] = x[60] ^ x[226]
x[68] = x[68] ^ x[83]
x[6] = x[6] ^ x[70]
x[224] = x[224] ^ x[249]
x[156] = x[156] ^ x[171]
x[286] = x[286] ^ x[193]
x[188] = x[188] ^ x[313]
x[260] = x[260] ^ x[216]
x[143] = x[143] ^ x[304]
x[116] = x[116] ^ x[161]
x[199] = x[199] ^ x[314]
x[144] = x[144] ^ x[307]
x[97] = x[97] ^ x[71]
x[131] = x[131] ^ x[295]
x[178] = x[178] ^ x[164]
x[300] = x[300] ^ x[222]
x[278] = x[278] ^ x[292]
x[142] = x[142] ^ x[317]
x[306] = x[306] ^ x[268]
x[239] = x[239] ^ x[269]
x[109] = x[109] ^ x[65]
x[259] = x[259] ^ x[167]
x[283] = x[283] ^ x[204]
x[196] = x[196] ^ x[289]
x[240] = x[240] ^ x[298]
x[10] = x[10] ^ x[14]
x[48] = x[48] ^ x[222]
x[137] = x[137] ^ x[288]
x[55] = x[55] ^ x[232]
x[44] = x[44] ^ x[210]
x[104] = x[104] ^ x[269]
x[15] = x[15] ^ x[176]
x[151] = x[151] ^ x[305]
x[105] = x[105] ^ x[271]
x[69] = x[69] ^ x[233]
x[149] = x[149] ^ x[308]
x[158] = x[158] ^ x[214]
x[75] = x[75] ^ x[243]
x[146] = x[146] ^ x[294]
x[98] = x[98] ^ x[272]
x[95] = x[95] ^ x[261]
x[40] = x[40] ^ x[200]
x[92] = x[92] ^ x[256]
x[81] = x[81] ^ x[248]
x[76] = x[76] ^ x[237]
x[17] = x[17] ^ x[183]
x[152] = x[152] ^ x[321]
x[84] = x[84] ^ x[247]
x[45] = x[45] ^ x[195]
x[47] = x[47] ^ x[211]
x[20] = x[20] ^ x[180]
x[18] = x[18] ^ x[177]
x[74] = x[74] ^ x[235]
x[22] = x[22] ^ x[187]
x[46] = x[46] ^ x[213]
x[80] = x[80] ^ x[241]
x[118] = x[118] ^ x[274]
x[79] = x[79] ^ x[244]
x[39] = x[39] ^ x[194]
x[148] = x[148] ^ x[299]
x[21] = x[21] ^ x[186]
x[7] = x[7] ^ x[320]
x[110] = x[110] ^ x[276]
x[90] = x[90] ^ x[255]
x[63] = x[63] ^ x[227]
x[56] = x[56] ^ x[219]
x[30] = x[30] ^ x[197]
x[13] = x[13] ^ x[324]
x[36] = x[36] ^ x[198]
x[101] = x[101] ^ x[267]
x[52] = x[52] ^ x[205]
x[77] = x[77] ^ x[242]
x[28] = x[28] ^ x[190]
x[147] = x[147] ^ x[311]
x[51] = x[51] ^ x[31]
x[132] = x[132] ^ x[297]
x[139] = x[139] ^ x[303]
x[168] = x[168] ^ x[280]
x[153] = x[153] ^ x[301]
x[209] = x[209] ^ x[217]
x[191] = x[191] ^ x[229]
x[57] = x[57] ^ x[103]
x[223] = x[223] ^ x[234]
x[169] = x[169] ^ x[163]
x[182] = x[182] ^ x[265]
x[291] = x[291] ^ x[179]
x[257] = x[257] ^ x[270]
x[238] = x[238] ^ x[285]
x[115] = x[115] ^ x[277]
x[185] = x[185] ^ x[184]
x[68] = x[68] ^ x[59]
x[6] = x[6] ^ x[134]
x[249] = x[249] ^ x[174]
x[156] = x[156] ^ x[319]
x[224] = x[224] ^ x[252]
x[188] = x[188] ^ x[170]
x[282] = x[282] ^ x[220]
x[116] = x[116] ^ x[35]
x[284] = x[284] ^ x[193]
x[314] = x[314] ^ x[260]
x[135] = x[135] ^ x[292]
x[253] = x[253] ^ x[307]
x[4] = x[4] ^ x[71]
x[164] = x[164] ^ x[302]
x[165] = x[165] ^ x[309]
x[295] = x[295] ^ x[226]
x[189] = x[189] ^ x[207]
x[300] = x[300] ^ x[318]
x[268] = x[268] ^ x[279]
x[109] = x[109] ^ x[65]
x[239] = x[239] ^ x[298]
x[304] = x[304] ^ x[167]
x[283] = x[283] ^ x[208]
x[317] = x[317] ^ x[323]
x[289] = x[289] ^ x[290]
x[10] = x[10] ^ x[62]
x[114] = x[114] ^ x[266]
x[48] = x[48] ^ x[207]
x[38] = x[38] ^ x[213]
x[53] = x[53] ^ x[221]
x[117] = x[117] ^ x[293]
x[33] = x[33] ^ x[202]
x[85] = x[85] ^ x[250]
x[88] = x[88] ^ x[258]
x[55] = x[55] ^ x[216]
x[73] = x[73] ^ x[234]
x[19] = x[19] ^ x[194]
x[122] = x[122] ^ x[285]
x[130] = x[130] ^ x[288]
x[105] = x[105] ^ x[275]
x[69] = x[69] ^ x[228]
x[15] = x[15] ^ x[321]
x[151] = x[151] ^ x[310]
x[111] = x[111] ^ x[269]
x[91] = x[91] ^ x[251]
x[137] = x[137] ^ x[312]
x[158] = x[158] ^ x[166]
x[98] = x[98] ^ x[261]
x[149] = x[149] ^ x[302]
x[72] = x[72] ^ x[237]
x[84] = x[84] ^ x[243]
x[11] = x[11] ^ x[175]
x[100] = x[100] ^ x[256]
x[81] = x[81] ^ x[246]
x[47] = x[47] ^ x[203]
x[45] = x[45] ^ x[211]
x[12] = x[12] ^ x[173]
x[86] = x[86] ^ x[247]
x[177] = x[177] ^ x[309]
x[34] = x[34] ^ x[22]
x[39] = x[39] ^ x[24]
x[136] = x[136] ^ x[294]
x[21] = x[21] ^ x[67]
x[232] = x[232] ^ x[230]
x[263] = x[263] ^ x[210]
x[140] = x[140] ^ x[60]
x[276] = x[276] ^ x[180]
x[154] = x[154] ^ x[316]
x[13] = x[13] ^ x[94]
x[79] = x[79] ^ x[101]
x[200] = x[200] ^ x[274]
x[190] = x[190] ^ x[255]
x[311] = x[311] ^ x[242]
x[303] = x[303] ^ x[235]
x[132] = x[132] ^ x[0]
x[301] = x[301] ^ x[241]
x[191] = x[191] ^ x[323]
x[97] = x[97] ^ x[161]
x[7] = x[7] ^ x[103]
x[225] = x[225] ^ x[223]
x[197] = x[197] ^ x[217]
x[169] = x[169] ^ x[320]
x[291] = x[291] ^ x[278]
x[205] = x[205] ^ x[305]
x[238] = x[238] ^ x[183]
x[115] = x[115] ^ x[287]
x[185] = x[185] ^ x[184]
x[68] = x[68] ^ x[160]
x[249] = x[249] ^ x[248]
x[43] = x[43] ^ x[46]
x[224] = x[224] ^ x[193]
x[227] = x[227] ^ x[319]
x[56] = x[56] ^ x[116]
x[170] = x[170] ^ x[314]
x[209] = x[209] ^ x[260]
x[307] = x[307] ^ x[299]
x[165] = x[165] ^ x[272]
x[118] = x[118] ^ x[71]
x[189] = x[189] ^ x[226]
x[270] = x[270] ^ x[252]
x[292] = x[292] ^ x[198]
x[182] = x[182] ^ x[300]
x[164] = x[164] ^ x[231]
x[6] = x[6] ^ x[65]
x[109] = x[109] ^ x[20]
x[168] = x[168] ^ x[268]
x[239] = x[239] ^ x[298]
x[262] = x[262] ^ x[304]
x[208] = x[208] ^ x[290]
x[167] = x[167] ^ x[282]
x[317] = x[317] ^ x[313]
x[10] = x[10] ^ x[31]
x[108] = x[108] ^ x[275]
x[41] = x[41] ^ x[204]
x[124] = x[124] ^ x[285]
x[44] = x[44] ^ x[215]
x[104] = x[104] ^ x[265]
x[53] = x[53] ^ x[216]
x[117] = x[117] ^ x[280]
x[95] = x[95] ^ x[264]
x[1] = x[1] ^ x[163]
x[48] = x[48] ^ x[217]
x[16] = x[16] ^ x[179]
x[82] = x[82] ^ x[233]
x[159] = x[159] ^ x[315]
x[152] = x[152] ^ x[322]
x[88] = x[88] ^ x[254]
x[26] = x[26] ^ x[192]
x[114] = x[114] ^ x[279]
x[58] = x[58] ^ x[222]
x[19] = x[19] ^ x[183]
x[92] = x[92] ^ x[252]
x[73] = x[73] ^ x[229]
x[76] = x[76] ^ x[248]
x[266] = x[266] ^ x[237]
x[148] = x[148] ^ x[308]
x[133] = x[133] ^ x[305]
x[228] = x[228] ^ x[231]
x[54] = x[54] ^ x[113]
x[105] = x[105] ^ x[157]
x[15] = x[15] ^ x[25]
x[137] = x[137] ^ x[310]
x[126] = x[126] ^ x[288]
x[52] = x[52] ^ x[0]
x[251] = x[251] ^ x[273]
x[214] = x[214] ^ x[202]
x[247] = x[247] ^ x[175]
x[286] = x[286] ^ x[243]
x[24] = x[24] ^ x[122]
x[186] = x[186] ^ x[177]
x[21] = x[21] ^ x[5]
x[158] = x[158] ^ x[83]
x[261] = x[261] ^ x[230]
x[140] = x[140] ^ x[36]
x[153] = x[153] ^ x[12]
x[79] = x[79] ^ x[127]
x[321] = x[321] ^ x[210]
x[267] = x[267] ^ x[242]
x[188] = x[188] ^ x[274]
x[213] = x[213] ^ x[282]
x[303] = x[303] ^ x[259]
x[132] = x[132] ^ x[94]
x[235] = x[235] ^ x[284]
x[191] = x[191] ^ x[250]
x[61] = x[61] ^ x[161]
x[232] = x[232] ^ x[225]
x[294] = x[294] ^ x[278]
x[241] = x[241] ^ x[269]
x[178] = x[178] ^ x[223]
x[211] = x[211] ^ x[295]
x[166] = x[166] ^ x[240]
x[238] = x[238] ^ x[205]
x[68] = x[68] ^ x[71]
x[249] = x[249] ^ x[174]
x[43] = x[43] ^ x[8]
x[116] = x[116] ^ x[103]
x[319] = x[319] ^ x[180]
x[170] = x[170] ^ x[197]
x[224] = x[224] ^ x[221]
x[297] = x[297] ^ x[193]
x[256] = x[256] ^ x[292]
x[270] = x[270] ^ x[203]
x[260] = x[260] ^ x[172]
x[189] = x[189] ^ x[312]
x[246] = x[246] ^ x[300]
x[276] = x[276] ^ x[307]
x[171] = x[171] ^ x[164]
x[255] = x[255] ^ x[165]
x[287] = x[287] ^ x[302]
x[244] = x[244] ^ x[268]
x[120] = x[120] ^ x[109]
x[239] = x[239] ^ x[316]
x[168] = x[168] ^ x[187]
x[34] = x[34] ^ x[65]
x[169] = x[169] ^ x[304]
x[208] = x[208] ^ x[290]
x[306] = x[306] ^ x[167]
x[185] = x[185] ^ x[317]
x[31] = x[31] ^ x[10]
x[64] = x[64] ^ x[219]
x[33] = x[33] ^ x[204]
x[155] = x[155] ^ x[313]
x[40] = x[40] ^ x[195]
x[41] = x[41] ^ x[202]
x[55] = x[55] ^ x[220]
x[85] = x[85] ^ x[245]
x[44] = x[44] ^ x[206]
x[50] = x[50] ^ x[212]
x[130] = x[130] ^ x[293]
x[78] = x[78] ^ x[117]
x[1] = x[1] ^ x[162]
x[92] = x[92] ^ x[5]
x[73] = x[73] ^ x[26]
x[266] = x[266] ^ x[265]
x[113] = x[113] ^ x[53]
x[133] = x[133] ^ x[105]
x[15] = x[15] ^ x[25]
x[310] = x[310] ^ x[315]
x[45] = x[45] ^ x[94]
x[18] = x[18] ^ x[102]
x[277] = x[277] ^ x[322]
x[275] = x[275] ^ x[237]
x[285] = x[285] ^ x[272]
x[194] = x[194] ^ x[180]
x[60] = x[60] ^ x[30]
x[196] = x[196] ^ x[218]
x[324] = x[324] ^ x[302]
x[151] = x[151] ^ x[309]
x[82] = x[82] ^ x[103]
x[16] = x[16] ^ x[24]
x[52] = x[52] ^ x[0]
x[288] = x[288] ^ x[261]
x[243] = x[243] ^ x[216]
x[21] = x[21] ^ x[88]
x[12] = x[12] ^ x[154]
x[303] = x[303] ^ x[228]
x[132] = x[132] ^ x[95]
x[188] = x[188] ^ x[236]
x[286] = x[286] ^ x[284]
x[301] = x[301] ^ x[248]
x[191] = x[191] ^ x[186]
x[176] = x[176] ^ x[278]
x[232] = x[232] ^ x[251]
x[213] = x[213] ^ x[242]
x[269] = x[269] ^ x[323]
x[240] = x[240] ^ x[205]
x[183] = x[183] ^ x[289]
x[214] = x[214] ^ x[210]
x[43] = x[43] ^ x[20]
x[6] = x[6] ^ x[83]
x[116] = x[116] ^ x[51]
x[319] = x[319] ^ x[227]
x[71] = x[71] ^ x[161]
x[170] = x[170] ^ x[224]
x[200] = x[200] ^ x[282]
x[193] = x[193] ^ x[234]
x[295] = x[295] ^ x[174]
x[260] = x[260] ^ x[226]
x[203] = x[203] ^ x[173]
x[256] = x[256] ^ x[241]
x[178] = x[178] ^ x[164]
x[189] = x[189] ^ x[307]
x[246] = x[246] ^ x[182]
x[270] = x[270] ^ x[279]
x[287] = x[287] ^ x[222]
x[308] = x[308] ^ x[244]
x[109] = x[109] ^ x[127]
x[168] = x[168] ^ x[187]
x[34] = x[34] ^ x[36]
x[208] = x[208] ^ x[215]
x[316] = x[316] ^ x[165]
x[304] = x[304] ^ x[175]
x[290] = x[290] ^ x[318]
x[306] = x[306] ^ x[198]
x[185] = x[185] ^ x[217]
x[90] = x[90] ^ x[31]
x[108] = x[108] ^ x[272]
x[75] = x[75] ^ x[236]
x[17] = x[17] ^ x[174]
x[64] = x[64] ^ x[234]
x[96] = x[96] ^ x[271]
x[99] = x[99] ^ x[258]
x[146] = x[146] ^ x[312]
x[72] = x[72] ^ x[55]
x[138] = x[138] ^ x[299]
x[123] = x[123] ^ x[160]
x[3] = x[3] ^ x[163]
x[40] = x[40] ^ x[137]
x[13] = x[13] ^ x[155]
x[57] = x[57] ^ x[2]
x[139] = x[139] ^ x[85]
x[1] = x[1] ^ x[149]
x[80] = x[80] ^ x[157]
x[199] = x[199] ^ x[195]
x[264] = x[264] ^ x[202]
x[212] = x[212] ^ x[175]
x[74] = x[74] ^ x[117]
x[130] = x[130] ^ x[156]
x[265] = x[265] ^ x[210]
x[113] = x[113] ^ x[62]
x[158] = x[158] ^ x[11]
x[140] = x[140] ^ x[30]
x[133] = x[133] ^ x[87]
x[179] = x[179] ^ x[266]
x[48] = x[48] ^ x[15]
x[91] = x[91] ^ x[25]
x[115] = x[115] ^ x[26]
x[315] = x[315] ^ x[285]
x[253] = x[253] ^ x[296]
x[206] = x[206] ^ x[275]
x[254] = x[254] ^ x[237]
x[153] = x[153] ^ x[142]
x[143] = x[143] ^ x[83]
x[16] = x[16] ^ x[51]
x[52] = x[52] ^ x[136]
x[18] = x[18] ^ x[151]
x[118] = x[118] ^ x[5]
x[21] = x[21] ^ x[152]
x[288] = x[288] ^ x[274]
x[243] = x[243] ^ x[216]
x[231] = x[231] ^ x[305]
x[250] = x[250] ^ x[281]
x[249] = x[249] ^ x[172]
x[132] = x[132] ^ x[154]
x[196] = x[196] ^ x[284]
x[103] = x[103] ^ x[27]
x[261] = x[261] ^ x[186]
x[188] = x[188] ^ x[221]
x[180] = x[180] ^ x[277]
x[297] = x[297] ^ x[192]
x[293] = x[293] ^ x[269]
x[298] = x[298] ^ x[215]
x[247] = x[247] ^ x[205]
x[302] = x[302] ^ x[242]
x[239] = x[239] ^ x[222]
x[169] = x[169] ^ x[241]
x[6] = x[6] ^ x[161]
x[116] = x[116] ^ x[45]
x[79] = x[79] ^ x[43]
x[232] = x[232] ^ x[319]
x[148] = x[148] ^ x[71]
x[170] = x[170] ^ x[235]
x[191] = x[191] ^ x[307]
x[224] = x[224] ^ x[278]
x[214] = x[214] ^ x[282]
x[189] = x[189] ^ x[248]
x[286] = x[286] ^ x[246]
x[226] = x[226] ^ x[203]
x[295] = x[295] ^ x[164]
x[279] = x[279] ^ x[204]
x[209] = x[209] ^ x[244]
x[303] = x[303] ^ x[168]
x[34] = x[34] ^ x[128]
x[109] = x[109] ^ x[114]
x[171] = x[171] ^ x[304]
x[208] = x[208] ^ x[181]
x[193] = x[193] ^ x[162]
x[165] = x[165] ^ x[251]
x[290] = x[290] ^ x[183]
x[198] = x[198] ^ x[185]
x[90] = x[90] ^ x[33]
x[124] = x[124] ^ x[273]
x[119] = x[119] ^ x[104]
x[147] = x[147] ^ x[14]
x[32] = x[32] ^ x[86]
x[93] = x[93] ^ x[99]
x[75] = x[75] ^ x[9]
x[77] = x[77] ^ x[76]
x[271] = x[271] ^ x[233]
x[146] = x[146] ^ x[160]
x[150] = x[150] ^ x[92]
x[89] = x[89] ^ x[137]
x[58] = x[58] ^ x[57]
x[2] = x[2] ^ x[127]
x[155] = x[155] ^ x[33]
x[149] = x[149] ^ x[23]
x[106] = x[106] ^ x[80]
x[98] = x[98] ^ x[22]
x[321] = x[321] ^ x[202]
x[291] = x[291] ^ x[305]
x[134] = x[134] ^ x[139]
x[177] = x[177] ^ x[318]
x[130] = x[130] ^ x[117]
x[11] = x[11] ^ x[108]
x[66] = x[66] ^ x[156]
x[101] = x[101] ^ x[48]
x[179] = x[179] ^ x[207]
x[30] = x[30] ^ x[60]
x[25] = x[25] ^ x[44]
x[223] = x[223] ^ x[245]
x[199] = x[199] ^ x[309]
x[272] = x[272] ^ x[264]
x[275] = x[275] ^ x[254]
x[91] = x[91] ^ x[94]
x[97] = x[97] ^ x[142]
x[299] = x[299] ^ x[294]
x[24] = x[24] ^ x[157]
x[73] = x[73] ^ x[143]
x[3] = x[3] ^ x[62]
x[176] = x[176] ^ x[265]
x[16] = x[16] ^ x[64]
x[18] = x[18] ^ x[72]
x[136] = x[136] ^ x[4]
x[152] = x[152] ^ x[87]
x[243] = x[243] ^ x[253]
x[250] = x[250] ^ x[216]
x[211] = x[211] ^ x[284]
x[172] = x[172] ^ x[162]
x[8] = x[8] ^ x[65]
x[103] = x[103] ^ x[1]
x[227] = x[227] ^ x[288]
x[289] = x[289] ^ x[188]
x[311] = x[311] ^ x[317]
x[184] = x[184] ^ x[178]
x[173] = x[173] ^ x[174]
x[238] = x[238] ^ x[186]
x[293] = x[293] ^ x[256]
x[263] = x[263] ^ x[298]
x[242] = x[242] ^ x[205]
x[239] = x[239] ^ x[236]
x[148] = x[148] ^ x[81]
x[118] = x[118] ^ x[161]
x[79] = x[79] ^ x[154]
x[324] = x[324] ^ x[170]
x[306] = x[306] ^ x[204]
x[169] = x[169] ^ x[323]
x[237] = x[237] ^ x[282]
x[190] = x[190] ^ x[308]
x[214] = x[214] ^ x[163]
x[287] = x[287] ^ x[215]
x[203] = x[203] ^ x[281]
x[307] = x[307] ^ x[180]
x[175] = x[175] ^ x[248]
x[286] = x[286] ^ x[246]
x[231] = x[231] ^ x[295]
x[133] = x[133] ^ x[31]
x[244] = x[244] ^ x[278]
x[276] = x[276] ^ x[303]
x[301] = x[301] ^ x[209]
x[128] = x[128] ^ x[47]
x[109] = x[109] ^ x[116]
x[181] = x[181] ^ x[194]
x[229] = x[229] ^ x[168]
x[208] = x[208] ^ x[319]
x[285] = x[285] ^ x[304]
x[165] = x[165] ^ x[192]
x[247] = x[247] ^ x[193]
x[185] = x[185] ^ x[183]
x[90] = x[90] ^ x[26]
x[129] = x[129] ^ x[296]
x[96] = x[96] ^ x[124]
x[111] = x[111] ^ x[22]
x[131] = x[131] ^ x[17]
x[119] = x[119] ^ x[14]
x[77] = x[77] ^ x[20]
x[86] = x[86] ^ x[110]
x[150] = x[150] ^ x[19]
x[54] = x[54] ^ x[102]
x[113] = x[113] ^ x[69]
x[29] = x[29] ^ x[127]
x[57] = x[57] ^ x[50]
x[320] = x[320] ^ x[235]
x[35] = x[35] ^ x[87]
x[32] = x[32] ^ x[15]
x[106] = x[106] ^ x[53]
x[74] = x[74] ^ x[149]
x[158] = x[158] ^ x[137]
x[155] = x[155] ^ x[27]
x[139] = x[139] ^ x[9]
x[95] = x[95] ^ x[42]
x[85] = x[85] ^ x[48]
x[156] = x[156] ^ x[135]
x[292] = x[292] ^ x[266]
x[213] = x[213] ^ x[300]
x[145] = x[145] ^ x[117]
x[23] = x[23] ^ x[44]
x[223] = x[223] ^ x[199]
x[264] = x[264] ^ x[310]
x[91] = x[91] ^ x[5]
x[157] = x[157] ^ x[30]   y[158]
x[143] = x[143] ^ x[142]
x[228] = x[228] ^ x[275]
x[63] = x[63] ^ x[3]
x[218] = x[218] ^ x[268]
x[176] = x[176] ^ x[265]
x[252] = x[252] ^ x[249]
x[210] = x[210] ^ x[277]
x[138] = x[138] ^ x[152]
x[16] = x[16] ^ x[160]
x[72] = x[72] ^ x[39]
x[200] = x[200] ^ x[221]
x[243] = x[243] ^ x[272]
x[10] = x[10] ^ x[108]
x[167] = x[167] ^ x[318]
x[182] = x[182] ^ x[172]
x[196] = x[196] ^ x[211]
x[98] = x[98] ^ x[8]
x[136] = x[136] ^ x[1]
x[315] = x[315] ^ x[232]
x[184] = x[184] ^ x[201]
x[297] = x[297] ^ x[217]
x[189] = x[189] ^ x[227]
x[260] = x[260] ^ x[226]
x[222] = x[222] ^ x[289]
x[164] = x[164] ^ x[267]
x[187] = x[187] ^ x[257]
x[317] = x[317] ^ x[207]
x[205] = x[205] ^ x[263]
x[236] = x[236] ^ x[323]
x[114] = x[114] ^ x[26]
x[171] = x[171] ^ x[256]
x[179] = x[179] ^ x[239]
x[148] = x[148] ^ x[99]
x[161] = x[161] ^ x[154]
x[324] = x[324] ^ x[322]
x[321] = x[321] ^ x[306]
x[291] = x[291] ^ x[169]
x[294] = x[294] ^ x[190]
x[282] = x[282] ^ x[279]
x[281] = x[281] ^ x[224]
x[298] = x[298] ^ x[286]
x[287] = x[287] ^ x[248]
x[295] = x[295] ^ x[307]
x[133] = x[133] ^ x[49]
x[33] = x[33] ^ x[141]
x[274] = x[274] ^ x[244]
x[258] = x[258] ^ x[303]
x[209] = x[209] ^ x[216]
x[276] = x[276] ^ x[233]
x[47] = x[47] ^ x[104]
x[261] = x[261] ^ x[168]
x[181] = x[181] ^ x[202]
x[238] = x[238] ^ x[285]
x[259] = x[259] ^ x[208]
x[173] = x[173] ^ x[301]
x[319] = x[319] ^ x[178]
x[116] = x[116] ^ x[65]
x[192] = x[192] ^ x[163]
x[193] = x[193] ^ x[250]
x[183] = x[183] ^ x[219]
x[90] = x[90] ^ x[147]
x[100] = x[100] ^ x[9]
x[59] = x[59] ^ x[117]
x[131] = x[131] ^ x[110]
x[75] = x[75] ^ x[4]
x[126] = x[126] ^ x[7]
x[0] = x[0] ^ x[111]
x[46] = x[46] ^ x[78]
x[58] = x[58] ^ x[141]
x[166] = x[166] ^ x[265]
x[56] = x[56] ^ x[28]
x[102] = x[102] ^ x[135]
x[69] = x[69] ^ x[76]
x[101] = x[101] ^ x[50]
x[230] = x[230] ^ x[309]
x[313] = x[313] ^ x[162]
x[296] = x[296] ^ x[251]
x[17] = x[17] ^ x[137]
x[82] = x[82] ^ x[94]
x[158] = x[158] ^ x[93]
x[106] = x[106] ^ x[32]
x[245] = x[245] ^ x[255]
x[140] = x[140] ^ x[62]
x[42] = x[42] ^ x[19]
x[85] = x[85] ^ x[52]
x[270] = x[270] ^ x[312]
x[220] = x[220] ^ x[269]
x[206] = x[206] ^ x[213]
x[44] = x[44] ^ x[30]
x[156] = x[156] ^ x[99]
x[155] = x[155] ^ x[5]
x[96] = x[96] ^ x[63]
x[119] = x[119] ^ x[43]
x[45] = x[45] ^ x[21]   y[43]
x[127] = x[127] ^ x[68]
x[234] = x[234] ^ x[249]
x[240] = x[240] ^ x[210]
x[266] = x[266] ^ x[218]
x[235] = x[235] ^ x[188]
x[72] = x[72] ^ x[87]
x[264] = x[264] ^ x[176]
x[130] = x[130] ^ x[152]
x[61] = x[61] ^ x[118]
x[10] = x[10] ^ x[65]
x[172] = x[172] ^ x[268]
x[122] = x[122] ^ x[136]
x[145] = x[145] ^ x[98]
x[1] = x[1] ^ x[74]
x[267] = x[267] ^ x[223]
x[260] = x[260] ^ x[186]
x[189] = x[189] ^ x[283]
x[222] = x[222] ^ x[232]
x[184] = x[184] ^ x[284]
x[257] = x[257] ^ x[317]
x[263] = x[263] ^ x[228]
x[31] = x[31] ^ x[124]
x[196] = x[196] ^ x[179]
x[314] = x[314] ^ x[239]
x[171] = x[171] ^ x[275]
x[304] = x[304] ^ x[323]
x[300] = x[300] ^ x[229]
x[154] = x[154] ^ x[142]
x[35] = x[35] ^ x[148]
x[306] = x[306] ^ x[318]
x[175] = x[175] ^ x[236]
x[177] = x[177] ^ x[324]
x[170] = x[170] ^ x[291]
x[294] = x[294] ^ x[316]
x[224] = x[224] ^ x[254]
x[286] = x[286] ^ x[217]
x[279] = x[279] ^ x[195]
x[133] = x[133] ^ x[49]
x[244] = x[244] ^ x[182]
x[311] = x[311] ^ x[303]
x[258] = x[258] ^ x[278]
x[47] = x[47] ^ x[41]
x[160] = x[160] ^ x[33]
x[26] = x[26] ^ x[134]
x[202] = x[202] ^ x[302]
x[168] = x[168] ^ x[277]
x[165] = x[165] ^ x[216]
x[173] = x[173] ^ x[310]
x[221] = x[221] ^ x[238]
x[208] = x[208] ^ x[293]
x[319] = x[319] ^ x[297]
x[233] = x[233] ^ x[243]
x[116] = x[116] ^ x[77]
x[193] = x[193] ^ x[295]
x[163] = x[163] ^ x[198]
x[248] = x[248] ^ x[181]
x[183] = x[183] ^ x[139]
x[147] = x[147] ^ x[108]
x[38] = x[38] ^ x[215]
x[125] = x[125] ^ x[19]
x[144] = x[144] ^ x[110]
x[84] = x[84] ^ x[46]
x[150] = x[150] ^ x[78]
x[120] = x[120] ^ x[137]
x[15] = x[15] ^ x[95]
x[83] = x[83] ^ x[153]
x[4] = x[4] ^ x[50]
x[88] = x[88] ^ x[69]   y[91]
x[97] = x[97] ^ x[51]
x[117] = x[117] ^ x[101]
x[151] = x[151] ^ x[20]
x[82] = x[82] ^ x[92]
x[91] = x[91] ^ x[41]
x[255] = x[255] ^ x[201]
x[288] = x[288] ^ x[253]
x[107] = x[107] ^ x[85]
x[11] = x[11] ^ x[103]
x[262] = x[262] ^ x[269]
x[312] = x[312] ^ x[292]
x[191] = x[191] ^ x[245]
x[270] = x[270] ^ x[309]
x[111] = x[111] ^ x[96]
x[43] = x[43] ^ x[119]
x[21] = x[21] ^ x[152]
x[127] = x[127] ^ x[149]
x[230] = x[230] ^ x[210]
x[240] = x[240] ^ x[218]
x[204] = x[204] ^ x[162]
x[249] = x[249] ^ x[180]
x[235] = x[235] ^ x[174]
x[266] = x[266] ^ x[203]
x[207] = x[207] ^ x[237]
x[109] = x[109] ^ x[30]
x[118] = x[118] ^ x[135]
x[140] = x[140] ^ x[10]
x[188] = x[188] ^ x[194]
x[246] = x[246] ^ x[172]
x[206] = x[206] ^ x[247]
x[315] = x[315] ^ x[268]
x[256] = x[256] ^ x[296]
x[44] = x[44] ^ x[145]
x[158] = x[158] ^ x[1]
x[122] = x[122] ^ x[100]
x[283] = x[283] ^ x[264]
x[284] = x[284] ^ x[267]
x[307] = x[307] ^ x[305]
x[169] = x[169] ^ x[299]
x[257] = x[257] ^ x[161]
x[263] = x[263] ^ x[155]
x[141] = x[141] ^ x[52]
x[42] = x[42] ^ x[31]
x[209] = x[209] ^ x[195]
x[314] = x[314] ^ x[219]
x[290] = x[290] ^ x[196]
x[178] = x[178] ^ x[320]
x[251] = x[251] ^ x[276]
x[289] = x[289] ^ x[304]
x[265] = x[265] ^ x[239]
x[322] = x[322] ^ x[171]
x[229] = x[229] ^ x[273]
x[35] = x[35] ^ x[72]
x[324] = x[324] ^ x[226]
x[186] = x[186] ^ x[306]
x[294] = x[294] ^ x[80]
x[286] = x[286] ^ x[71]
x[254] = x[254] ^ x[56]
x[133] = x[133] ^ x[57]
x[159] = x[159] ^ x[90]
x[261] = x[261] ^ x[278]
x[164] = x[164] ^ x[258]
x[182] = x[182] ^ x[308]
x[244] = x[244] ^ x[167]
x[303] = x[303] ^ x[300]
x[313] = x[313] ^ x[311]
x[106] = x[106] ^ x[160]
x[146] = x[146] ^ x[26]
x[173] = x[173] ^ x[216]
x[232] = x[232] ^ x[208]
x[291] = x[291] ^ x[168]
x[238] = x[238] ^ x[179]
x[277] = x[277] ^ x[202]
x[243] = x[243] ^ x[323]
x[297] = x[297] ^ x[175]
x[47] = x[47] ^ x[126]
x[248] = x[248] ^ x[116]
x[198] = x[198] ^ x[156]
x[193] = x[193] ^ x[154]
x[233] = x[233] ^ x[187]
x[183] = x[183] ^ x[143]
x[131] = x[131] ^ x[147]
x[108] = x[108] ^ x[70]
x[37] = x[37] ^ x[110]
x[29] = x[29] ^ x[112]
x[0] = x[0] ^ x[135]
x[84] = x[84] ^ x[38]
x[46] = x[46] ^ x[129]
x[53] = x[53] ^ x[62]
x[95] = x[95] ^ x[80]
x[69] = x[69] ^ x[97]
x[101] = x[101] ^ x[124]
x[120] = x[120] ^ x[92]
x[34] = x[34] ^ x[41]
x[253] = x[253] ^ x[227]
x[153] = x[153] ^ x[103]
x[234] = x[234] ^ x[272]
x[242] = x[242] ^ x[214]
x[280] = x[280] ^ x[231]
x[205] = x[205] ^ x[191]
x[43] = x[43] ^ x[60]
x[136] = x[136] ^ x[125]
x[74] = x[74] ^ x[85]   y[75]
x[94] = x[94] ^ x[61]
x[321] = x[321] ^ x[199]
x[218] = x[218] ^ x[212]
x[162] = x[162] ^ x[312]
x[245] = x[245] ^ x[204]
x[203] = x[203] ^ x[255]
x[111] = x[111] ^ x[109]
x[27] = x[27] ^ x[118]
x[140] = x[140] ^ x[66]
x[149] = x[149] ^ x[10]
x[50] = x[50] ^ x[154]
x[318] = x[318] ^ x[223]
x[192] = x[192] ^ x[235]
x[296] = x[296] ^ x[177]
x[194] = x[194] ^ x[206]
x[264] = x[264] ^ x[158]
x[237] = x[237] ^ x[148]
x[257] = x[257] ^ x[157]
x[52] = x[52] ^ x[117]
x[7] = x[7] ^ x[42]
x[302] = x[302] ^ x[256]
x[289] = x[289] ^ x[251]
x[310] = x[310] ^ x[298]
x[172] = x[172] ^ x[290]
x[239] = x[239] ^ x[200]
x[320] = x[320] ^ x[222]
x[269] = x[269] ^ x[322]
x[319] = x[319] ^ x[230]
x[229] = x[229] ^ x[209]
x[304] = x[304] ^ x[287]
x[176] = x[176] ^ x[165]
x[273] = x[273] ^ x[314]
x[324] = x[324] ^ x[122]
x[307] = x[307] ^ x[72]
x[186] = x[186] ^ x[150]
x[196] = x[196] ^ x[169]
x[294] = x[294] ^ x[100]
x[286] = x[286] ^ x[77]
x[68] = x[68] ^ x[159]
x[132] = x[132] ^ x[133]
x[258] = x[258] ^ x[303]
x[167] = x[167] ^ x[221]
x[278] = x[278] ^ x[313]
x[311] = x[311] ^ x[315]
x[308] = x[308] ^ x[249]
x[300] = x[300] ^ x[262]
x[292] = x[292] ^ x[244]
x[291] = x[291] ^ x[86]
x[270] = x[270] ^ x[146]
x[267] = x[267] ^ x[141]
x[243] = x[243] ^ x[144]
x[238] = x[238] ^ x[151]
x[232] = x[232] ^ x[139]
x[202] = x[202] ^ x[155]
x[175] = x[175] ^ x[145]
x[173] = x[173] ^ x[152]
x[254] = x[254] ^ x[160]
x[248] = x[248] ^ x[127]
x[193] = x[193] ^ x[156]
x[279] = x[279] ^ x[47]
x[233] = x[233] ^ x[143]
x[137] = x[137] ^ x[131]
x[70] = x[70] ^ x[57]
x[17] = x[17] ^ x[66]
x[83] = x[83] ^ x[112]
x[241] = x[241] ^ x[271]
x[84] = x[84] ^ x[113]
x[220] = x[220] ^ x[213]
x[82] = x[82] ^ x[121]
x[81] = x[81] ^ x[14]
x[215] = x[215] ^ x[197]
x[252] = x[252] ^ x[288]
x[95] = x[95] ^ x[62]
x[114] = x[114] ^ x[64]
x[253] = x[253] ^ x[282]
x[242] = x[242] ^ x[234]
x[174] = x[174] ^ x[166]
x[211] = x[211] ^ x[259]
x[185] = x[185] ^ x[236]
x[246] = x[246] ^ x[240]
x[268] = x[268] ^ x[285]
x[312] = x[312] ^ x[30]
x[305] = x[305] ^ x[93]
x[207] = x[207] ^ x[136]
x[204] = x[204] ^ x[155]
x[231] = x[231] ^ x[274]
x[49] = x[49] ^ x[141]
x[321] = x[321] ^ x[111]
x[306] = x[306] ^ x[24]
x[296] = x[296] ^ x[35]
x[206] = x[206] ^ x[140]
x[192] = x[192] ^ x[149]
x[134] = x[134] ^ x[29]
x[171] = x[171] ^ x[265]
x[223] = x[223] ^ x[148]
x[205] = x[205] ^ x[158]
x[322] = x[322] ^ x[103]
x[320] = x[320] ^ x[94]
x[319] = x[319] ^ x[107]
x[316] = x[316] ^ x[90]
x[314] = x[314] ^ x[91]
x[310] = x[310] ^ x[18]
x[304] = x[304] ^ x[117]
x[302] = x[302] ^ x[34]
x[295] = x[295] ^ x[7]
x[297] = x[297] ^ x[11]
x[290] = x[290] ^ x[74]
x[289] = x[289] ^ x[97]
x[222] = x[222] ^ x[124]
x[176] = x[176] ^ x[161]
x[324] = x[324] ^ x[72]
x[251] = x[251] ^ x[126]
x[294] = x[294] ^ x[71]
x[208] = x[208] ^ x[129]
x[286] = x[286] ^ x[37]
x[0] = x[0] ^ x[147]
x[315] = x[315] ^ x[92]
x[313] = x[313] ^ x[102]
x[311] = x[311] ^ x[44]
x[308] = x[308] ^ x[69]
x[303] = x[303] ^ x[27]
x[300] = x[300] ^ x[60]
x[298] = x[298] ^ x[68]
x[292] = x[292] ^ x[77]
x[262] = x[262] ^ x[160]
x[244] = x[244] ^ x[127]
x[249] = x[249] ^ x[157]
x[229] = x[229] ^ x[133]
x[210] = x[210] ^ x[159]
x[212] = x[212] ^ x[132]
x[167] = x[167] ^ x[153]
x[258] = x[258] ^ x[143]
x[267] = x[267] ^ x[154]
x[255] = x[255] ^ x[146]
x[243] = x[243] ^ x[116]
x[238] = x[238] ^ x[150]
x[202] = x[202] ^ x[139]
x[175] = x[175] ^ x[152]
x[169] = x[169] ^ x[156]
x[279] = x[279] ^ x[86]
x[318] = x[318] ^ x[70]
x[239] = x[239] ^ x[131]
x[9] = x[9] ^ x[86]
x[58] = x[58] ^ x[28]
x[76] = x[76] ^ x[112]
x[83] = x[83] ^ x[63]
x[271] = x[271] ^ x[281]
x[197] = x[197] ^ x[266]
x[317] = x[317] ^ x[62]
x[81] = x[81] ^ x[104]
x[54] = x[54] ^ x[114]
x[188] = x[188] ^ x[260]
x[247] = x[247] ^ x[220]
x[299] = x[299] ^ x[252]
x[166] = x[166] ^ x[161]
x[301] = x[301] ^ x[178]
x[109] = x[109] ^ x[80]
x[276] = x[276] ^ x[259]
x[285] = x[285] ^ x[11]
x[284] = x[284] ^ x[56]
x[185] = x[185] ^ x[145]
x[274] = x[274] ^ x[37]
x[191] = x[191] ^ x[155]
x[214] = x[214] ^ x[164]
x[253] = x[253] ^ x[49]
x[288] = x[288] ^ x[182]
x[250] = x[250] ^ x[261]
x[321] = x[321] ^ x[93]
x[307] = x[307] ^ x[84]
x[277] = x[277] ^ x[149]
x[265] = x[265] ^ x[82]
x[174] = x[174] ^ x[158]
x[221] = x[221] ^ x[129]
x[4] = x[4] ^ x[90]
x[108] = x[108] ^ x[39]
x[322] = x[322] ^ x[74]
x[320] = x[320] ^ x[122]
x[319] = x[319] ^ x[96]
x[316] = x[316] ^ x[50]
x[306] = x[306] ^ x[103]
x[310] = x[310] ^ x[24]
x[305] = x[305] ^ x[117]
x[304] = x[304] ^ x[66]
x[296] = x[296] ^ x[97]
x[297] = x[297] ^ x[34]
x[291] = x[291] ^ x[85]
x[242] = x[242] ^ x[141]
x[232] = x[232] ^ x[148]
x[222] = x[222] ^ x[135]
x[198] = x[198] ^ x[144]
x[176] = x[176] ^ x[151]
x[294] = x[294] ^ x[29]
x[286] = x[286] ^ x[72]
x[33] = x[33] ^ x[0]
x[315] = x[315] ^ x[48]
x[314] = x[314] ^ x[92]
x[313] = x[313] ^ x[53]
x[311] = x[311] ^ x[30]
x[308] = x[308] ^ x[60]
x[302] = x[302] ^ x[27]
x[303] = x[303] ^ x[71]
x[300] = x[300] ^ x[88]
x[298] = x[298] ^ x[21]
x[292] = x[292] ^ x[7]
x[289] = x[289] ^ x[77]
x[249] = x[249] ^ x[121]
x[229] = x[229] ^ x[136]
x[226] = x[226] ^ x[159]
x[210] = x[210] ^ x[140]
x[209] = x[209] ^ x[132]
x[167] = x[167] ^ x[157]
x[267] = x[267] ^ x[146]
x[244] = x[244] ^ x[126]
x[243] = x[243] ^ x[127]
x[237] = x[237] ^ x[160]
x[264] = x[264] ^ x[156]
x[169] = x[169] ^ x[150]
x[279] = x[279] ^ x[1]
x[257] = x[257] ^ x[139]
x[238] = x[238] ^ x[143]
x[172] = x[172] ^ x[152]
x[318] = x[318] ^ x[101]
x[312] = x[312] ^ x[70]
x[246] = x[246] ^ x[131]
x[89] = x[89] ^ x[125]
x[28] = x[28] ^ x[55]
x[19] = x[19] ^ x[93]
x[309] = x[309] ^ x[225]
x[20] = x[20] ^ x[45]
x[281] = x[281] ^ x[86]
x[64] = x[64] ^ x[48]
x[234] = x[234] ^ x[124]
x[81] = x[81] ^ x[51]
x[188] = x[188] ^ x[136]
x[299] = x[299] ^ x[96]
x[301] = x[301] ^ x[54]
x[213] = x[213] ^ x[148]
x[187] = x[187] ^ x[157]
x[162] = x[162] ^ x[154]
x[253] = x[253] ^ x[61]
x[321] = x[321] ^ x[101]
x[295] = x[295] ^ x[100]
x[288] = x[288] ^ x[8]
x[290] = x[290] ^ x[37]
x[270] = x[270] ^ x[56]
x[259] = x[259] ^ x[155]
x[193] = x[193] ^ x[140]
x[254] = x[254] ^ x[53]
x[171] = x[171] ^ x[161]
x[233] = x[233] ^ x[107]
x[207] = x[207] ^ x[145]
x[256] = x[256] ^ x[7]
x[274] = x[274] ^ x[18]
x[200] = x[200] ^ x[158]
x[266] = x[266] ^ x[147]
x[214] = x[214] ^ x[129]
x[322] = x[322] ^ x[80]
x[320] = x[320] ^ x[117]
x[319] = x[319] ^ x[68]
x[316] = x[316] ^ x[63]
x[306] = x[306] ^ x[44]
x[310] = x[310] ^ x[31]
x[305] = x[305] ^ x[34]
x[304] = x[304] ^ x[29]
x[296] = x[296] ^ x[52]
x[248] = x[248] ^ x[133]
x[232] = x[232] ^ x[137]
x[222] = x[222] ^ x[108]
x[199] = x[199] ^ x[141]
x[198] = x[198] ^ x[151]
x[176] = x[176] ^ x[149]
x[317] = x[317] ^ x[33]
x[315] = x[315] ^ x[90]
x[314] = x[314] ^ x[62]
x[313] = x[313] ^ x[72]
x[311] = x[311] ^ x[122]
x[308] = x[308] ^ x[11]
x[307] = x[307] ^ x[60]
x[302] = x[302] ^ x[35]
x[303] = x[303] ^ x[43]
x[300] = x[300] ^ x[85]
x[298] = x[298] ^ x[103]
x[297] = x[297] ^ x[92]
x[292] = x[292] ^ x[97]
x[291] = x[291] ^ x[27]
x[289] = x[289] ^ x[76]
x[249] = x[249] ^ x[152]
x[229] = x[229] ^ x[139]
x[210] = x[210] ^ x[150]
x[204] = x[204] ^ x[132]
x[167] = x[167] ^ x[159]
x[247] = x[247] ^ x[146]
x[243] = x[243] ^ x[126]
x[226] = x[226] ^ x[143]
x[264] = x[264] ^ x[73]
x[279] = x[279] ^ x[82]
x[238] = x[238] ^ x[120]
x[196] = x[196] ^ x[160]
x[318] = x[318] ^ x[74]
x[312] = x[312] ^ x[66]
x[250] = x[250] ^ x[131]
x[40] = x[40] ^ x[105]
x[16] = x[16] ^ x[36]
x[6] = x[6] ^ x[75]
x[227] = x[227] ^ x[241]
x[215] = x[215] ^ x[184]
x[224] = x[224] ^ x[127]
x[282] = x[282] ^ x[86]
x[201] = x[201] ^ x[211]
x[231] = x[231] ^ x[121]
x[309] = x[309] ^ x[109]
x[284] = x[284] ^ x[80]
x[223] = x[223] ^ x[130]
x[183] = x[183] ^ x[142]
x[324] = x[324] ^ x[93]
x[285] = x[285] ^ x[71]
x[251] = x[251] ^ x[134]
x[185] = x[185] ^ x[149]
x[277] = x[277] ^ x[82]
x[212] = x[212] ^ x[158]
x[173] = x[173] ^ x[153]
x[301] = x[301] ^ x[96]
x[321] = x[321] ^ x[90]
x[288] = x[288] ^ x[73]
x[290] = x[290] ^ x[72]
x[270] = x[270] ^ x[62]
x[186] = x[186] ^ x[144]
x[255] = x[255] ^ x[161]
x[254] = x[254] ^ x[66]
x[240] = x[240] ^ x[145]
x[200] = x[200] ^ x[155]
x[266] = x[266] ^ x[7]
x[268] = x[268] ^ x[68]
x[252] = x[252] ^ x[147]
x[319] = x[319] ^ x[48]
x[316] = x[316] ^ x[117]
x[306] = x[306] ^ x[21]
x[310] = x[310] ^ x[69]
x[305] = x[305] ^ x[47]
x[304] = x[304] ^ x[89]
x[296] = x[296] ^ x[84]
x[295] = x[295] ^ x[52]
x[232] = x[232] ^ x[133]
x[206] = x[206] ^ x[129]
x[193] = x[193] ^ x[141]
x[188] = x[188] ^ x[137]
x[176] = x[176] ^ x[140]
x[234] = x[234] ^ x[108]
x[207] = x[207] ^ x[156]
x[169] = x[169] ^ x[148]
x[258] = x[258] ^ x[157]
x[274] = x[274] ^ x[4]
x[317] = x[317] ^ x[95]
x[322] = x[322] ^ x[97]
x[320] = x[320] ^ x[101]
x[315] = x[315] ^ x[51]
x[314] = x[314] ^ x[63]
x[313] = x[313] ^ x[88]
x[311] = x[311] ^ x[26]
x[308] = x[308] ^ x[34]
x[302] = x[302] ^ x[103]
x[303] = x[303] ^ x[31]
x[300] = x[300] ^ x[83]
x[298] = x[298] ^ x[55]
x[297] = x[297] ^ x[91]
x[292] = x[292] ^ x[94]
x[291] = x[291] ^ x[43]
x[253] = x[253] ^ x[60]
x[249] = x[249] ^ x[116]
x[218] = x[218] ^ x[132]
x[210] = x[210] ^ x[136]
x[205] = x[205] ^ x[159]
x[199] = x[199] ^ x[152]
x[198] = x[198] ^ x[139]
x[244] = x[244] ^ x[146]
x[233] = x[233] ^ x[126]
x[226] = x[226] ^ x[122]
x[264] = x[264] ^ x[154]
x[279] = x[279] ^ x[29]
x[238] = x[238] ^ x[118]
x[181] = x[181] ^ x[160]
x[318] = x[318] ^ x[102]
x[312] = x[312] ^ x[20]
x[289] = x[289] ^ x[74]
x[287] = x[287] ^ x[70]
x[236] = x[236] ^ x[131]
x[105] = x[105] ^ x[38]
x[3] = x[3] ^ x[53]
x[128] = x[128] ^ x[25]
x[227] = x[227] ^ x[107]
x[235] = x[235] ^ x[124]
x[293] = x[293] ^ x[170]
x[220] = x[220] ^ x[121]
x[166] = x[166] ^ x[150]
x[309] = x[309] ^ x[89]
x[294] = x[294] ^ x[97]
x[285] = x[285] ^ x[4]
x[284] = x[284] ^ x[74]
x[286] = x[286] ^ x[78]
x[242] = x[242] ^ x[134]
x[239] = x[239] ^ x[49]
x[173] = x[173] ^ x[154]
x[324] = x[324] ^ x[96]
x[237] = x[237] ^ x[155]
x[192] = x[192] ^ x[144]
x[321] = x[321] ^ x[100]
x[270] = x[270] ^ x[145]
x[265] = x[265] ^ x[71]
x[248] = x[248] ^ x[149]
x[186] = x[186] ^ x[158]
x[168] = x[168] ^ x[161]
x[277] = x[277] ^ x[77]
x[262] = x[262] ^ x[7]
x[246] = x[246] ^ x[157]
x[229] = x[229] ^ x[108]
x[167] = x[167] ^ x[151]
x[306] = x[306] ^ x[50]
x[310] = x[310] ^ x[54]
x[305] = x[305] ^ x[75]
x[295] = x[295] ^ x[11]
x[266] = x[266] ^ x[140]
x[241] = x[241] ^ x[147]
x[216] = x[216] ^ x[141]
x[202] = x[202] ^ x[129]
x[176] = x[176] ^ x[138]
x[215] = x[215] ^ x[133]
x[274] = x[274] ^ x[16]
x[258] = x[258] ^ x[156]
x[183] = x[183] ^ x[137]
x[317] = x[317] ^ x[122]
x[307] = x[307] ^ x[66]
x[322] = x[322] ^ x[101]
x[320] = x[320] ^ x[63]
x[316] = x[316] ^ x[34]
x[314] = x[314] ^ x[47]
x[313] = x[313] ^ x[93]
x[311] = x[311] ^ x[94]
x[308] = x[308] ^ x[64]
x[301] = x[301] ^ x[103]
x[304] = x[304] ^ x[26]
x[302] = x[302] ^ x[21]
x[303] = x[303] ^ x[83]
x[296] = x[296] ^ x[55]
x[300] = x[300] ^ x[31]
x[298] = x[298] ^ x[81]
x[297] = x[297] ^ x[29]
x[292] = x[292] ^ x[88]
x[291] = x[291] ^ x[68]
x[253] = x[253] ^ x[52]
x[249] = x[249] ^ x[127]
x[204] = x[204] ^ x[136]
x[201] = x[201] ^ x[159]
x[193] = x[193] ^ x[132]
x[244] = x[244] ^ x[130]
x[243] = x[243] ^ x[139]
x[233] = x[233] ^ x[118]
x[199] = x[199] ^ x[146]
x[171] = x[171] ^ x[152]
x[264] = x[264] ^ x[148]
x[318] = x[318] ^ x[86]
x[319] = x[319] ^ x[70]
x[315] = x[315] ^ x[20]
x[312] = x[312] ^ x[117]
x[289] = x[289] ^ x[91]
x[287] = x[287] ^ x[72]
x[236] = x[236] ^ x[110]
x[232] = x[232] ^ x[131]
x[210] = x[210] ^ x[160]
x[267] = x[267] ^ x[73]
x[67] = x[67] ^ x[80]
x[59] = x[59] ^ x[60]
x[105] = x[105] ^ x[123]
x[98] = x[98] ^ x[58]
x[180] = x[180] ^ x[280]
x[275] = x[275] ^ x[189]
x[38] = x[38] ^ x[128]
x[104] = x[104] ^ x[139]
x[224] = x[224] ^ x[130]
x[260] = x[260] ^ x[153]
x[299] = x[299] ^ x[16]
x[231] = x[231] ^ x[124]
x[220] = x[220] ^ x[111]
x[282] = x[282] ^ x[37]
x[221] = x[221] ^ x[107]
x[217] = x[217] ^ x[154]
x[288] = x[288] ^ x[88]
x[290] = x[290] ^ x[51]
x[213] = x[213] ^ x[151]
x[286] = x[286] ^ x[3]
x[239] = x[239] ^ x[145]
x[174] = x[174] ^ x[150]
x[173] = x[173] ^ x[142]
x[294] = x[294] ^ x[89]
x[293] = x[293] ^ x[71]
x[285] = x[285] ^ x[73]
x[265] = x[265] ^ x[158]
x[192] = x[192] ^ x[127]
x[169] = x[169] ^ x[149]
x[185] = x[185] ^ x[143]
x[250] = x[250] ^ x[160]
x[229] = x[229] ^ x[135]
x[167] = x[167] ^ x[144]
x[266] = x[266] ^ x[137]
x[255] = x[255] ^ x[7]
x[246] = x[246] ^ x[140]
x[226] = x[226] ^ x[116]
x[216] = x[216] ^ x[147]
x[206] = x[206] ^ x[134]
x[198] = x[198] ^ x[129]
x[172] = x[172] ^ x[141]
x[168] = x[168] ^ x[157]
x[274] = x[274] ^ x[6]
x[321] = x[321] ^ x[122]
x[322] = x[322] ^ x[102]
x[320] = x[320] ^ x[68]
x[316] = x[316] ^ x[52]
x[317] = x[317] ^ x[96]
x[314] = x[314] ^ x[36]
x[313] = x[313] ^ x[74]
x[311] = x[311] ^ x[63]
x[306] = x[306] ^ x[94]
x[310] = x[310] ^ x[93]
x[308] = x[308] ^ x[101]
x[305] = x[305] ^ x[64]
x[307] = x[307] ^ x[103]
x[301] = x[301] ^ x[56]
x[304] = x[304] ^ x[35]
x[302] = x[302] ^ x[26]
x[303] = x[303] ^ x[24]
x[296] = x[296] ^ x[76]
x[298] = x[298] ^ x[34]
x[295] = x[295] ^ x[21]
x[297] = x[297] ^ x[31]
x[291] = x[291] ^ x[29]
x[249] = x[249] ^ x[148]
x[193] = x[193] ^ x[136]
x[190] = x[190] ^ x[132]
x[187] = x[187] ^ x[159]
x[244] = x[244] ^ x[118]
x[199] = x[199] ^ x[156]
x[277] = x[277] ^ x[146]
x[257] = x[257] ^ x[155]
x[223] = x[223] ^ x[108]
x[318] = x[318] ^ x[97]
x[319] = x[319] ^ x[86]
x[315] = x[315] ^ x[66]
x[312] = x[312] ^ x[54]
x[292] = x[292] ^ x[91]
x[289] = x[289] ^ x[55]
x[287] = x[287] ^ x[4]
x[254] = x[254] ^ x[70]
x[248] = x[248] ^ x[131]
x[236] = x[236] ^ x[126]
x[210] = x[210] ^ x[133]
x[243] = x[243] ^ x[117]
x[264] = x[264] ^ x[152]
x[267] = x[267] ^ x[138]
x[115] = x[115] ^ x[60]
x[123] = x[123] ^ x[24]
x[227] = x[227] ^ x[135]
x[323] = x[323] ^ x[92]
x[235] = x[235] ^ x[106]
x[191] = x[191] ^ x[153]
x[309] = x[309] ^ x[98]
x[299] = x[299] ^ x[18]
x[275] = x[275] ^ x[86]
x[284] = x[284] ^ x[65]
x[212] = x[212] ^ x[124]
x[282] = x[282] ^ x[8]
x[281] = x[281] ^ x[70]
x[188] = x[188] ^ x[130]
x[324] = x[324] ^ x[62]
x[234] = x[234] ^ x[110]
x[288] = x[288] ^ x[21]
x[290] = x[290] ^ x[35]
x[280] = x[280] ^ x[72]
x[270] = x[270] ^ x[68]
x[239] = x[239] ^ x[154]
x[268] = x[268] ^ x[150]
x[262] = x[262] ^ x[156]
x[294] = x[294] ^ x[91]
x[192] = x[192] ^ x[155]
x[196] = x[196] ^ x[133]
x[238] = x[238] ^ x[95]
x[202] = x[202] ^ x[107]
x[229] = x[229] ^ x[143]
x[167] = x[167] ^ x[142]
x[253] = x[253] ^ x[43]
x[285] = x[285] ^ x[7]
x[265] = x[265] ^ x[66]
x[251] = x[251] ^ x[129]
x[237] = x[237] ^ x[140]
x[233] = x[233] ^ x[111]
x[226] = x[226] ^ x[149]
x[211] = x[211] ^ x[139]
x[197] = x[197] ^ x[147]
x[176] = x[176] ^ x[127]
x[175] = x[175] ^ x[141]
x[170] = x[170] ^ x[152]
x[173] = x[173] ^ x[144]
x[224] = x[224] ^ x[157]
x[174] = x[174] ^ x[151]
x[216] = x[216] ^ x[128]
x[232] = x[232] ^ x[108]
x[205] = x[205] ^ x[160]
x[321] = x[321] ^ x[89]
x[322] = x[322] ^ x[39]
x[320] = x[320] ^ x[45]
x[316] = x[316] ^ x[102]
x[317] = x[317] ^ x[93]
x[314] = x[314] ^ x[100]
x[313] = x[313] ^ x[50]
x[311] = x[311] ^ x[101]
x[306] = x[306] ^ x[30]
x[310] = x[310] ^ x[48]
x[308] = x[308] ^ x[19]
x[305] = x[305] ^ x[53]
x[307] = x[307] ^ x[75]
x[304] = x[304] ^ x[85]
x[302] = x[302] ^ x[67]
x[303] = x[303] ^ x[34]
x[296] = x[296] ^ x[74]
x[300] = x[300] ^ x[64]
x[298] = x[298] ^ x[69]
x[295] = x[295] ^ x[94]
x[297] = x[297] ^ x[26]
x[291] = x[291] ^ x[80]
x[266] = x[266] ^ x[63]
x[249] = x[249] ^ x[134]
x[241] = x[241] ^ x[52]
x[193] = x[193] ^ x[137]
x[189] = x[189] ^ x[159]
x[187] = x[187] ^ x[146]
x[184] = x[184] ^ x[132]
x[199] = x[199] ^ x[148]
x[186] = x[186] ^ x[136]
x[257] = x[257] ^ x[145]
x[274] = x[274] ^ x[3]
x[318] = x[318] ^ x[103]
x[319] = x[319] ^ x[44]
x[315] = x[315] ^ x[122]
x[312] = x[312] ^ x[55]
x[301] = x[301] ^ x[97]
x[292] = x[292] ^ x[31]
x[289] = x[289] ^ x[81]
x[287] = x[287] ^ x[71]
x[254] = x[254] ^ x[37]
x[210] = x[210] ^ x[131]
x[244] = x[244] ^ x[117]
x[236] = x[236] ^ x[138]
x[264] = x[264] ^ x[29]
x[17] = x[17] ^ x[40]
x[14] = x[14] ^ x[138]
x[245] = x[245] ^ x[143]
x[283] = x[283] ^ x[11]
x[263] = x[263] ^ x[142]
x[231] = x[231] ^ x[110]
x[222] = x[222] ^ x[107]
x[275] = x[275] ^ x[74]
x[247] = x[247] ^ x[134]
x[214] = x[214] ^ x[155]
x[323] = x[323] ^ x[77]
x[309] = x[309] ^ x[100]
x[272] = x[272] ^ x[4]
x[281] = x[281] ^ x[3]
x[290] = x[290] ^ x[60]
x[279] = x[279] ^ x[37]
x[234] = x[234] ^ x[120]
x[217] = x[217] ^ x[149]
x[163] = x[163] ^ x[158]
x[258] = x[258] ^ x[8]
x[201] = x[201] ^ x[145]
x[262] = x[262] ^ x[161]
x[188] = x[188] ^ x[135]
x[239] = x[239] ^ x[125]
x[250] = x[250] ^ x[153]
x[185] = x[185] ^ x[133]
x[165] = x[165] ^ x[154]
x[206] = x[206] ^ x[124]
x[229] = x[229] ^ x[128]
x[299] = x[299] ^ x[103]
x[284] = x[284] ^ x[21]
x[270] = x[270] ^ x[144]
x[227] = x[227] ^ x[141]
x[192] = x[192] ^ x[140]
x[172] = x[172] ^ x[139]
x[168] = x[168] ^ x[156]
x[224] = x[224] ^ x[123]
x[208] = x[208] ^ x[157]
x[223] = x[223] ^ x[95]
x[202] = x[202] ^ x[111]
x[248] = x[248] ^ x[136]
x[232] = x[232] ^ x[121]
x[321] = x[321] ^ x[73]
x[322] = x[322] ^ x[114]
x[320] = x[320] ^ x[106]
x[316] = x[316] ^ x[69]
x[317] = x[317] ^ x[82]
x[311] = x[311] ^ x[92]
x[306] = x[306] ^ x[101]
x[310] = x[310] ^ x[28]
x[308] = x[308] ^ x[30]
x[305] = x[305] ^ x[79]
x[307] = x[307] ^ x[88]
x[304] = x[304] ^ x[84]
x[302] = x[302] ^ x[19]
x[303] = x[303] ^ x[90]
x[294] = x[294] ^ x[26]
x[296] = x[296] ^ x[54]
x[300] = x[300] ^ x[91]
x[298] = x[298] ^ x[72]
x[295] = x[295] ^ x[6]
x[297] = x[297] ^ x[10]
x[293] = x[293] ^ x[94]
x[291] = x[291] ^ x[66]
x[288] = x[288] ^ x[64]
x[285] = x[285] ^ x[34]
x[268] = x[268] ^ x[70]
x[265] = x[265] ^ x[63]
x[253] = x[253] ^ x[53]
x[249] = x[249] ^ x[132]
x[243] = x[243] ^ x[104]
x[241] = x[241] ^ x[150]
x[233] = x[233] ^ x[108]
x[204] = x[204] ^ x[160]
x[193] = x[193] ^ x[127]
x[176] = x[176] ^ x[126]
x[171] = x[171] ^ x[159]
x[167] = x[167] ^ x[137]
x[226] = x[226] ^ x[148]
x[212] = x[212] ^ x[146]
x[164] = x[164] ^ x[152]
x[184] = x[184] ^ x[151]
x[274] = x[274] ^ x[1]
x[267] = x[267] ^ x[67]
x[318] = x[318] ^ x[62]
x[319] = x[319] ^ x[55]
x[315] = x[315] ^ x[29]
x[314] = x[314] ^ x[44]
x[313] = x[313] ^ x[97]
x[312] = x[312] ^ x[122]
x[301] = x[301] ^ x[89]
x[292] = x[292] ^ x[81]
x[289] = x[289] ^ x[18]
x[287] = x[287] ^ x[86]
x[254] = x[254] ^ x[7]
x[210] = x[210] ^ x[129]
x[236] = x[236] ^ x[117]
x[257] = x[257] ^ x[147]
x[12] = x[12] ^ x[107]
x[225] = x[225] ^ x[121]
x[263] = x[263] ^ x[144]
x[283] = x[283] ^ x[77]
x[162] = x[162] ^ x[142]
x[261] = x[261] ^ x[86]
x[221] = x[221] ^ x[75]
x[275] = x[275] ^ x[18]
x[222] = x[222] ^ x[111]
x[218] = x[218] ^ x[151]
x[230] = x[230] ^ x[108]
x[214] = x[214] ^ x[126]
x[169] = x[169] ^ x[145]
x[273] = x[273] ^ x[71]
x[323] = x[323] ^ x[84]
x[309] = x[309] ^ x[36]
x[256] = x[256] ^ x[4]
x[290] = x[290] ^ x[8]
x[279] = x[279] ^ x[3]
x[234] = x[234] ^ x[119]
x[179] = x[179] ^ x[158]
x[258] = x[258] ^ x[10]
x[246] = x[246] ^ x[161]
x[277] = x[277] ^ x[0]
x[251] = x[251] ^ x[122]
x[237] = x[237] ^ x[130]
x[207] = x[207] ^ x[149]
x[201] = x[201] ^ x[143]
x[240] = x[240] ^ x[154]
x[216] = x[216] ^ x[153]
x[239] = x[239] ^ x[52]
x[281] = x[281] ^ x[21]
x[197] = x[197] ^ x[140]
x[192] = x[192] ^ x[124]
x[174] = x[174] ^ x[147]
x[173] = x[173] ^ x[141]
x[229] = x[229] ^ x[116]
x[202] = x[202] ^ x[95]
x[232] = x[232] ^ x[110]
x[321] = x[321] ^ x[63]
x[320] = x[320] ^ x[69]
x[316] = x[316] ^ x[101]
x[317] = x[317] ^ x[68]
x[311] = x[311] ^ x[93]
x[306] = x[306] ^ x[98]
x[310] = x[310] ^ x[64]
x[308] = x[308] ^ x[17]
x[305] = x[305] ^ x[67]
x[307] = x[307] ^ x[94]
x[304] = x[304] ^ x[37]
x[302] = x[302] ^ x[60]
x[294] = x[294] ^ x[103]
x[296] = x[296] ^ x[38]
x[298] = x[298] ^ x[1]
x[295] = x[295] ^ x[14]
x[297] = x[297] ^ x[66]
x[291] = x[291] ^ x[24]
x[288] = x[288] ^ x[16]
x[286] = x[286] ^ x[70]
x[285] = x[285] ^ x[26]
x[284] = x[284] ^ x[73]
x[270] = x[270] ^ x[34]
x[266] = x[266] ^ x[72]
x[243] = x[243] ^ x[155]
x[233] = x[233] ^ x[106]
x[199] = x[199] ^ x[138]
x[187] = x[187] ^ x[127]
x[177] = x[177] ^ x[132]
x[172] = x[172] ^ x[137]
x[176] = x[176] ^ x[135]
x[167] = x[167] ^ x[131]
x[170] = x[170] ^ x[159]
x[168] = x[168] ^ x[150]
x[163] = x[163] ^ x[160]
x[268] = x[268] ^ x[152]
x[226] = x[226] ^ x[118]
x[208] = x[208] ^ x[146]
x[211] = x[211] ^ x[136]
x[184] = x[184] ^ x[133]
x[322] = x[322] ^ x[7]
x[318] = x[318] ^ x[100]
x[319] = x[319] ^ x[61]
x[315] = x[315] ^ x[49]
x[314] = x[314] ^ x[74]
x[313] = x[313] ^ x[51]
x[312] = x[312] ^ x[92]
x[301] = x[301] ^ x[30]
x[303] = x[303] ^ x[62]
x[300] = x[300] ^ x[55]
x[293] = x[293] ^ x[89]
x[292] = x[292] ^ x[82]
x[289] = x[289] ^ x[31]
x[287] = x[287] ^ x[88]
x[254] = x[254] ^ x[134]
x[253] = x[253] ^ x[44]
x[193] = x[193] ^ x[129]
x[224] = x[224] ^ x[117]
x[257] = x[257] ^ x[29]
x[13] = x[13] ^ x[88]
x[225] = x[225] ^ x[120]
x[32] = x[32] ^ x[114]
x[245] = x[245] ^ x[157]
x[283] = x[283] ^ x[80]
x[220] = x[220] ^ x[118]
x[209] = x[209] ^ x[125]
x[231] = x[231] ^ x[107]
x[324] = x[324] ^ x[73]
x[275] = x[275] ^ x[1]
x[247] = x[247] ^ x[142]
x[278] = x[278] ^ x[71]
x[309] = x[309] ^ x[28]
x[259] = x[259] ^ x[4]
x[238] = x[238] ^ x[112]
x[178] = x[178] ^ x[147]
x[214] = x[214] ^ x[151]
x[190] = x[190] ^ x[158]
x[290] = x[290] ^ x[9]
x[280] = x[280] ^ x[7]
x[277] = x[277] ^ x[51]
x[169] = x[169] ^ x[143]
x[162] = x[162] ^ x[145]
x[237] = x[237] ^ x[123]
x[223] = x[223] ^ x[110]
x[206] = x[206] ^ x[154]
x[166] = x[166] ^ x[139]
x[244] = x[244] ^ x[153]
x[204] = x[204] ^ x[128]
x[299] = x[299] ^ x[30]
x[281] = x[281] ^ x[0]
x[279] = x[279] ^ x[21]
x[265] = x[265] ^ x[61]
x[263] = x[263] ^ x[141]
x[239] = x[239] ^ x[115]
x[212] = x[212] ^ x[126]
x[215] = x[215] ^ x[108]
x[197] = x[197] ^ x[161]
x[196] = x[196] ^ x[140]
x[174] = x[174] ^ x[149]
x[165] = x[165] ^ x[148]
x[264] = x[264] ^ x[3]
x[175] = x[175] ^ x[156]
x[274] = x[274] ^ x[8]
x[232] = x[232] ^ x[136]
x[188] = x[188] ^ x[131]
x[323] = x[323] ^ x[122]
x[321] = x[321] ^ x[106]
x[320] = x[320] ^ x[98]
x[317] = x[317] ^ x[85]
x[311] = x[311] ^ x[86]
x[306] = x[306] ^ x[84]
x[310] = x[310] ^ x[16]
x[308] = x[308] ^ x[97]
x[305] = x[305] ^ x[36]
x[307] = x[307] ^ x[64]
x[304] = x[304] ^ x[10]
x[296] = x[296] ^ x[83]
x[298] = x[298] ^ x[76]
x[295] = x[295] ^ x[5]
x[297] = x[297] ^ x[6]
x[291] = x[291] ^ x[19]
x[288] = x[288] ^ x[78]
x[285] = x[285] ^ x[18]
x[284] = x[284] ^ x[54]
x[273] = x[273] ^ x[26]
x[266] = x[266] ^ x[34]
x[246] = x[246] ^ x[127]
x[199] = x[199] ^ x[119]
x[201] = x[201] ^ x[137]
x[192] = x[192] ^ x[138]
x[172] = x[172] ^ x[133]
x[171] = x[171] ^ x[155]
x[167] = x[167] ^ x[130]
x[168] = x[168] ^ x[144]
x[163] = x[163] ^ x[159]
x[176] = x[176] ^ x[121]
x[226] = x[226] ^ x[95]
x[208] = x[208] ^ x[116]
x[179] = x[179] ^ x[160]
x[181] = x[181] ^ x[132]
x[170] = x[170] ^ x[150]
x[184] = x[184] ^ x[124]
x[322] = x[322] ^ x[29]
x[318] = x[318] ^ x[96]
x[319] = x[319] ^ x[103]
x[316] = x[316] ^ x[49]
x[315] = x[315] ^ x[45]
x[314] = x[314] ^ x[101]
x[313] = x[313] ^ x[75]
x[312] = x[312] ^ x[74]
x[301] = x[301] ^ x[90]
x[302] = x[302] ^ x[92]
x[303] = x[303] ^ x[53]
x[294] = x[294] ^ x[44]
x[300] = x[300] ^ x[27]
x[293] = x[293] ^ x[60]
x[292] = x[292] ^ x[66]
x[289] = x[289] ^ x[67]
x[286] = x[286] ^ x[31]
x[287] = x[287] ^ x[69]
x[270] = x[270] ^ x[55]
x[253] = x[253] ^ x[48]
x[233] = x[233] ^ x[129]
x[193] = x[193] ^ x[134]
x[227] = x[227] ^ x[117]
x[222] = x[222] ^ x[152]
x[23] = x[23] ^ x[65]
x[22] = x[22] ^ x[43]
x[203] = x[203] ^ x[120]
x[228] = x[228] ^ x[111]
x[242] = x[242] ^ x[119]
x[282] = x[282] ^ x[82]
x[221] = x[221] ^ x[161]
x[275] = x[275] ^ x[0]
x[230] = x[230] ^ x[130]
x[217] = x[217] ^ x[125]
x[309] = x[309] ^ x[99]
x[272] = x[272] ^ x[71]
x[259] = x[259] ^ x[142]
x[238] = x[238] ^ x[104]
x[234] = x[234] ^ x[118]
x[290] = x[290] ^ x[58]
x[271] = x[271] ^ x[4]
x[198] = x[198] ^ x[153]
x[190] = x[190] ^ x[157]
x[183] = x[183] ^ x[133]
x[248] = x[248] ^ x[154]
x[173] = x[173] ^ x[139]
x[249] = x[249] ^ x[114]
x[241] = x[241] ^ x[47]
x[244] = x[244] ^ x[135]
x[243] = x[243] ^ x[110]
x[236] = x[236] ^ x[123]
x[299] = x[299] ^ x[75]
x[280] = x[280] ^ x[21]
x[281] = x[281] ^ x[8]
x[255] = x[255] ^ x[66]
x[239] = x[239] ^ x[128]
x[215] = x[215] ^ x[126]
x[207] = x[207] ^ x[148]
x[211] = x[211] ^ x[108]
x[197] = x[197] ^ x[158]
x[174] = x[174] ^ x[140]
x[169] = x[169] ^ x[141]
x[164] = x[164] ^ x[147]
x[189] = x[189] ^ x[156]
x[232] = x[232] ^ x[132]
x[186] = x[186] ^ x[131]
x[317] = x[317] ^ x[61]
x[311] = x[311] ^ x[76]
x[306] = x[306] ^ x[32]
x[305] = x[305] ^ x[17]
x[304] = x[304] ^ x[86]
x[298] = x[298] ^ x[16]
x[295] = x[295] ^ x[10]
x[297] = x[297] ^ x[14]
x[291] = x[291] ^ x[5]
x[288] = x[288] ^ x[6]
x[285] = x[285] ^ x[91]
x[277] = x[277] ^ x[97]
x[279] = x[279] ^ x[18]
x[273] = x[273] ^ x[80]
x[268] = x[268] ^ x[26]
x[265] = x[265] ^ x[34]
x[262] = x[262] ^ x[159]
x[229] = x[229] ^ x[106]
x[224] = x[224] ^ x[112]
x[199] = x[199] ^ x[107]
x[201] = x[201] ^ x[155]
x[192] = x[192] ^ x[145]
x[187] = x[187] ^ x[137]
x[171] = x[171] ^ x[151]
x[167] = x[167] ^ x[127]
x[168] = x[168] ^ x[149]
x[163] = x[163] ^ x[136]
x[165] = x[165] ^ x[144]
x[264] = x[264] ^ x[150]
x[194] = x[194] ^ x[160]
x[176] = x[176] ^ x[116]
x[323] = x[323] ^ x[48]
x[322] = x[322] ^ x[36]
x[320] = x[320] ^ x[92]
x[318] = x[318] ^ x[81]
x[319] = x[319] ^ x[102]
x[316] = x[316] ^ x[31]
x[315] = x[315] ^ x[38]
x[314] = x[314] ^ x[70]
x[313] = x[313] ^ x[98]
x[312] = x[312] ^ x[45]
x[310] = x[310] ^ x[49]
x[308] = x[308] ^ x[103]
x[307] = x[307] ^ x[90]
x[301] = x[301] ^ x[64]
x[302] = x[302] ^ x[84]
x[303] = x[303] ^ x[69]
x[294] = x[294] ^ x[30]
x[296] = x[296] ^ x[27]
x[300] = x[300] ^ x[24]
x[293] = x[293] ^ x[88]
x[292] = x[292] ^ x[29]
x[289] = x[289] ^ x[9]
x[287] = x[287] ^ x[19]
x[284] = x[284] ^ x[67]
x[270] = x[270] ^ x[73]
x[266] = x[266] ^ x[55]
x[254] = x[254] ^ x[60]
x[253] = x[253] ^ x[33]
x[193] = x[193] ^ x[146]
x[188] = x[188] ^ x[134]
x[172] = x[172] ^ x[129]
x[227] = x[227] ^ x[95]
x[222] = x[222] ^ x[122]
x[184] = x[184] ^ x[115]
x[225] = x[225] ^ x[115]
x[219] = x[219] ^ x[121]
x[228] = x[228] ^ x[112]
x[283] = x[283] ^ x[31]
x[276] = x[276] ^ x[18]
x[324] = x[324] ^ x[84]
x[282] = x[282] ^ x[6]
x[256] = x[256] ^ x[61]
x[247] = x[247] ^ x[129]
x[185] = x[185] ^ x[156]
x[214] = x[214] ^ x[120]
x[272] = x[272] ^ x[68]
x[259] = x[259] ^ x[3]
x[182] = x[182] ^ x[158]
x[261] = x[261] ^ x[71]
x[309] = x[309] ^ x[91]
x[290] = x[290] ^ x[27]
x[223] = x[223] ^ x[104]
x[217] = x[217] ^ x[123]
x[278] = x[278] ^ x[63]
x[251] = x[251] ^ x[152]
x[263] = x[263] ^ x[151]
x[249] = x[249] ^ x[56]
x[238] = x[238] ^ x[101]
x[175] = x[175] ^ x[153]
x[274] = x[274] ^ x[0]
x[267] = x[267] ^ x[1]
x[236] = x[236] ^ x[122]
x[299] = x[299] ^ x[100]
x[281] = x[281] ^ x[72]
x[255] = x[255] ^ x[70]
x[246] = x[246] ^ x[51]
x[237] = x[237] ^ x[138]
x[210] = x[210] ^ x[110]
x[198] = x[198] ^ x[108]
x[197] = x[197] ^ x[154]
x[196] = x[196] ^ x[148]
x[173] = x[173] ^ x[133]
x[169] = x[169] ^ x[139]
x[164] = x[164] ^ x[146]
x[243] = x[243] ^ x[114]
x[233] = x[233] ^ x[161]
x[232] = x[232] ^ x[130]
x[317] = x[317] ^ x[97]
x[306] = x[306] ^ x[82]
x[298] = x[298] ^ x[74]
x[297] = x[297] ^ x[62]
x[291] = x[291] ^ x[14]
x[288] = x[288] ^ x[5]
x[280] = x[280] ^ x[86]
x[273] = x[273] ^ x[16]
x[271] = x[271] ^ x[34]
x[242] = x[242] ^ x[132]
x[241] = x[241] ^ x[127]
x[224] = x[224] ^ x[106]
x[226] = x[226] ^ x[145]
x[207] = x[207] ^ x[137]
x[211] = x[211] ^ x[149]
x[201] = x[201] ^ x[119]
x[192] = x[192] ^ x[125]
x[186] = x[186] ^ x[157]
x[179] = x[179] ^ x[159]
x[174] = x[174] ^ x[144]
x[171] = x[171] ^ x[140]
x[167] = x[167] ^ x[126]
x[168] = x[168] ^ x[141]
x[166] = x[166] ^ x[136]
x[163] = x[163] ^ x[131]
x[165] = x[165] ^ x[143]
x[212] = x[212] ^ x[155]
x[190] = x[190] ^ x[150]
x[189] = x[189] ^ x[160]
x[187] = x[187] ^ x[135]
x[323] = x[323] ^ x[118]
x[322] = x[322] ^ x[109]
x[320] = x[320] ^ x[83]
x[318] = x[318] ^ x[98]
x[319] = x[319] ^ x[80]
x[316] = x[316] ^ x[107]
x[315] = x[315] ^ x[65]
x[314] = x[314] ^ x[45]
x[313] = x[313] ^ x[99]
x[311] = x[311] ^ x[38]
x[312] = x[312] ^ x[43]
x[310] = x[310] ^ x[92]
x[308] = x[308] ^ x[28]
x[305] = x[305] ^ x[29]
x[307] = x[307] ^ x[30]
x[301] = x[301] ^ x[36]
x[304] = x[304] ^ x[64]
x[302] = x[302] ^ x[88]
x[303] = x[303] ^ x[17]
x[294] = x[294] ^ x[76]
x[296] = x[296] ^ x[32]
x[300] = x[300] ^ x[58]
x[295] = x[295] ^ x[90]
x[293] = x[293] ^ x[53]
x[292] = x[292] ^ x[26]
x[289] = x[289] ^ x[10]
x[286] = x[286] ^ x[60]
x[285] = x[285] ^ x[19]
x[277] = x[277] ^ x[9]
x[287] = x[287] ^ x[11]
x[284] = x[284] ^ x[35]
x[279] = x[279] ^ x[73]
x[270] = x[270] ^ x[21]
x[266] = x[266] ^ x[66]
x[265] = x[265] ^ x[69]
x[254] = x[254] ^ x[4]
x[253] = x[253] ^ x[147]
x[250] = x[250] ^ x[55]
x[193] = x[193] ^ x[128]
x[172] = x[172] ^ x[134]
x[222] = x[222] ^ x[95]
x[184] = x[184] ^ x[116]
x[105] = x[105] ^ x[48]
x[235] = x[235] ^ x[122]
x[219] = x[219] ^ x[112]
x[252] = x[252] ^ x[153]
x[283] = x[283] ^ x[14]
x[269] = x[269] ^ x[18]
x[324] = x[324] ^ x[110]
x[200] = x[200] ^ x[145]
x[248] = x[248] ^ x[118]
x[309] = x[309] ^ x[38]
x[282] = x[282] ^ x[67]
x[230] = x[230] ^ x[104]
x[178] = x[178] ^ x[146]
x[278] = x[278] ^ x[1]
x[290] = x[290] ^ x[30]
x[276] = x[276] ^ x[21]
x[261] = x[261] ^ x[82]
x[256] = x[256] ^ x[64]
x[249] = x[249] ^ x[142]
x[240] = x[240] ^ x[147]
x[204] = x[204] ^ x[119]
x[182] = x[182] ^ x[156]
x[177] = x[177] ^ x[158]
x[162] = x[162] ^ x[140]
x[268] = x[268] ^ x[0]
x[275] = x[275] ^ x[26]
x[255] = x[255] ^ x[4]
x[246] = x[246] ^ x[71]
x[239] = x[239] ^ x[51]
x[238] = x[238] ^ x[100]
x[223] = x[223] ^ x[101]
x[216] = x[216] ^ x[117]
x[198] = x[198] ^ x[120]
x[196] = x[196] ^ x[151]
x[175] = x[175] ^ x[139]
x[170] = x[170] ^ x[154]
x[169] = x[169] ^ x[133]
x[164] = x[164] ^ x[148]
x[243] = x[243] ^ x[152]
x[236] = x[236] ^ x[161]
x[232] = x[232] ^ x[135]
x[317] = x[317] ^ x[102]
x[288] = x[288] ^ x[81]
x[280] = x[280] ^ x[78]
x[281] = x[281] ^ x[27]
x[273] = x[273] ^ x[97]
x[272] = x[272] ^ x[16]
x[262] = x[262] ^ x[144]
x[224] = x[224] ^ x[159]
x[226] = x[226] ^ x[131]
x[210] = x[210] ^ x[126]
x[207] = x[207] ^ x[157]
x[209] = x[209] ^ x[136]
x[201] = x[201] ^ x[121]
x[192] = x[192] ^ x[108]
x[188] = x[188] ^ x[123]
x[186] = x[186] ^ x[130]
x[181] = x[181] ^ x[127]
x[174] = x[174] ^ x[132]
x[171] = x[171] ^ x[149]
x[173] = x[173] ^ x[129]
x[168] = x[168] ^ x[138]
x[165] = x[165] ^ x[141]
x[212] = x[212] ^ x[150]
x[185] = x[185] ^ x[160]
x[323] = x[323] ^ x[106]
x[322] = x[322] ^ x[66]
x[320] = x[320] ^ x[107]
x[318] = x[318] ^ x[116]
x[319] = x[319] ^ x[109]
x[316] = x[316] ^ x[95]
x[315] = x[315] ^ x[34]
x[314] = x[314] ^ x[33]
x[313] = x[313] ^ x[61]
x[311] = x[311] ^ x[65]
x[312] = x[312] ^ x[94]
x[306] = x[306] ^ x[92]
x[310] = x[310] ^ x[44]
x[308] = x[308] ^ x[22]
x[305] = x[305] ^ x[98]
x[307] = x[307] ^ x[32]
x[301] = x[301] ^ x[28]
x[304] = x[304] ^ x[56]
x[302] = x[302] ^ x[86]
x[299] = x[299] ^ x[36]
x[303] = x[303] ^ x[54]
x[294] = x[294] ^ x[19]
x[296] = x[296] ^ x[24]
x[300] = x[300] ^ x[17]
x[298] = x[298] ^ x[10]
x[295] = x[295] ^ x[76]
x[297] = x[297] ^ x[69]
x[293] = x[293] ^ x[74]
x[292] = x[292] ^ x[85]
x[291] = x[291] ^ x[11]
x[289] = x[289] ^ x[88]
x[286] = x[286] ^ x[91]
x[285] = x[285] ^ x[5]
x[277] = x[277] ^ x[60]
x[287] = x[287] ^ x[9]
x[284] = x[284] ^ x[31]
x[279] = x[279] ^ x[70]
x[270] = x[270] ^ x[8]
x[266] = x[266] ^ x[143]
x[265] = x[265] ^ x[6]
x[263] = x[263] ^ x[29]
x[254] = x[254] ^ x[3]
x[253] = x[253] ^ x[7]
x[241] = x[241] ^ x[55]
x[197] = x[197] ^ x[134]
x[193] = x[193] ^ x[125]
x[172] = x[172] ^ x[115]
x[163] = x[163] ^ x[128]
x[225] = x[225] ^ x[104]
x[235] = x[235] ^ x[114]
x[213] = x[213] ^ x[123]
x[283] = x[283] ^ x[5]
x[221] = x[221] ^ x[100]
x[252] = x[252] ^ x[150]
x[205] = x[205] ^ x[120]
x[183] = x[183] ^ x[130]
x[324] = x[324] ^ x[68]
x[244] = x[244] ^ x[115]
x[230] = x[230] ^ x[118]
x[290] = x[290] ^ x[46]
x[261] = x[261] ^ x[21]
x[264] = x[264] ^ x[37]
x[256] = x[256] ^ x[1]
x[237] = x[237] ^ x[142]
x[194] = x[194] ^ x[158]
x[233] = x[233] ^ x[112]
x[274] = x[274] ^ x[31]
x[275] = x[275] ^ x[3]
x[238] = x[238] ^ x[34]
x[223] = x[223] ^ x[113]
x[216] = x[216] ^ x[122]
x[198] = x[198] ^ x[105]
x[189] = x[189] ^ x[152]
x[182] = x[182] ^ x[151]
x[179] = x[179] ^ x[156]
x[176] = x[176] ^ x[117]
x[170] = x[170] ^ x[146]
x[227] = x[227] ^ x[106]
x[236] = x[236] ^ x[153]
x[317] = x[317] ^ x[64]
x[288] = x[288] ^ x[53]
x[282] = x[282] ^ x[97]
x[280] = x[280] ^ x[82]
x[269] = x[269] ^ x[26]
x[268] = x[268] ^ x[16]
x[246] = x[246] ^ x[126]
x[232] = x[232] ^ x[145]
x[217] = x[217] ^ x[144]
x[215] = x[215] ^ x[131]
x[204] = x[204] ^ x[161]
x[200] = x[200] ^ x[159]
x[201] = x[201] ^ x[139]
x[196] = x[196] ^ x[136]
x[192] = x[192] ^ x[110]
x[190] = x[190] ^ x[141]
x[188] = x[188] ^ x[121]
x[187] = x[187] ^ x[138]
x[186] = x[186] ^ x[135]
x[177] = x[177] ^ x[157]
x[175] = x[175] ^ x[127]
x[171] = x[171] ^ x[148]
x[169] = x[169] ^ x[132]
x[168] = x[168] ^ x[137]
x[166] = x[166] ^ x[129]
x[164] = x[164] ^ x[149]
x[165] = x[165] ^ x[140]
x[212] = x[212] ^ x[147]
x[185] = x[185] ^ x[154]
x[323] = x[323] ^ x[103]
x[322] = x[322] ^ x[23]
x[320] = x[320] ^ x[95]
x[318] = x[318] ^ x[107]
x[319] = x[319] ^ x[25]
x[316] = x[316] ^ x[98]
x[315] = x[315] ^ x[102]
x[314] = x[314] ^ x[90]
x[313] = x[313] ^ x[62]
x[311] = x[311] ^ x[70]
x[312] = x[312] ^ x[48]
x[306] = x[306] ^ x[76]
x[310] = x[310] ^ x[45]
x[309] = x[309] ^ x[92]
x[308] = x[308] ^ x[80]
x[305] = x[305] ^ x[22]
x[307] = x[307] ^ x[43]
x[301] = x[301] ^ x[44]
x[304] = x[304] ^ x[61]
x[302] = x[302] ^ x[54]
x[299] = x[299] ^ x[27]
x[303] = x[303] ^ x[32]
x[294] = x[294] ^ x[28]
x[296] = x[296] ^ x[30]
x[300] = x[300] ^ x[78]
x[298] = x[298] ^ x[36]
x[295] = x[295] ^ x[17]
x[297] = x[297] ^ x[24]
x[293] = x[293] ^ x[65]
x[292] = x[292] ^ x[83]
x[291] = x[291] ^ x[13]
x[289] = x[289] ^ x[72]
x[286] = x[286] ^ x[35]
x[285] = x[285] ^ x[88]
x[277] = x[277] ^ x[19]
x[287] = x[287] ^ x[10]
x[284] = x[284] ^ x[14]
x[281] = x[281] ^ x[11]
x[279] = x[279] ^ x[9]
x[273] = x[273] ^ x[69]
x[278] = x[278] ^ x[60]
x[272] = x[272] ^ x[6]
x[270] = x[270] ^ x[0]
x[266] = x[266] ^ x[18]
x[271] = x[271] ^ x[66]
x[267] = x[267] ^ x[29]
x[262] = x[262] ^ x[8]
x[254] = x[254] ^ x[57]
x[253] = x[253] ^ x[4]
x[250] = x[250] ^ x[7]
x[239] = x[239] ^ x[55]
x[197] = x[197] ^ x[119]
x[193] = x[193] ^ x[116]
x[172] = x[172] ^ x[124]
x[181] = x[181] ^ x[125]
x[174] = x[174] ^ x[143]
x[173] = x[173] ^ x[128]
x[163] = x[163] ^ x[134]
x[15] = x[15] ^ x[2]
x[87] = x[87] ^ x[37]
x[225] = x[225] ^ x[103]
x[283] = x[283] ^ x[69]
x[259] = x[259] ^ x[161]
x[324] = x[324] ^ x[83]
x[213] = x[213] ^ x[141]
x[178] = x[178] ^ x[125]
x[257] = x[257] ^ x[143]
x[229] = x[229] ^ x[63]
x[206] = x[206] ^ x[108]
x[276] = x[276] ^ x[7]
x[220] = x[220] ^ x[101]
x[290] = x[290] ^ x[13]
x[251] = x[251] ^ x[158]
x[230] = x[230] ^ x[140]
x[199] = x[199] ^ x[120]
x[209] = x[209] ^ x[130]
x[264] = x[264] ^ x[21]
x[242] = x[242] ^ x[160]
x[238] = x[238] ^ x[73]
x[223] = x[223] ^ x[100]
x[216] = x[216] ^ x[75]
x[210] = x[210] ^ x[104]
x[208] = x[208] ^ x[151]
x[211] = x[211] ^ x[123]
x[205] = x[205] ^ x[146]
x[189] = x[189] ^ x[155]
x[184] = x[184] ^ x[114]
x[202] = x[202] ^ x[150]
x[263] = x[263] ^ x[147]
x[236] = x[236] ^ x[154]
x[226] = x[226] ^ x[106]
x[317] = x[317] ^ x[81]
x[268] = x[268] ^ x[157]
x[246] = x[246] ^ x[26]
x[237] = x[237] ^ x[127]
x[217] = x[217] ^ x[142]
x[204] = x[204] ^ x[156]
x[200] = x[200] ^ x[129]
x[201] = x[201] ^ x[152]
x[196] = x[196] ^ x[139]
x[194] = x[194] ^ x[159]
x[190] = x[190] ^ x[118]
x[186] = x[186] ^ x[137]
x[182] = x[182] ^ x[148]
x[179] = x[179] ^ x[153]
x[176] = x[176] ^ x[110]
x[175] = x[175] ^ x[135]
x[171] = x[171] ^ x[144]
x[170] = x[170] ^ x[149]
x[169] = x[169] ^ x[131]
x[168] = x[168] ^ x[133]
x[166] = x[166] ^ x[132]
x[165] = x[165] ^ x[136]
x[222] = x[222] ^ x[115]
x[323] = x[323] ^ x[65]
x[322] = x[322] ^ x[92]
x[320] = x[320] ^ x[57]
x[318] = x[318] ^ x[93]
x[319] = x[319] ^ x[39]
x[316] = x[316] ^ x[111]
x[315] = x[315] ^ x[76]
x[314] = x[314] ^ x[88]
x[313] = x[313] ^ x[25]
x[311] = x[311] ^ x[33]
x[312] = x[312] ^ x[51]
x[306] = x[306] ^ x[62]
x[310] = x[310] ^ x[85]
x[309] = x[309] ^ x[90]
x[308] = x[308] ^ x[45]
x[305] = x[305] ^ x[89]
x[307] = x[307] ^ x[44]
x[301] = x[301] ^ x[48]
x[304] = x[304] ^ x[23]
x[302] = x[302] ^ x[49]
x[299] = x[299] ^ x[14]
x[303] = x[303] ^ x[28]
x[294] = x[294] ^ x[12]
x[296] = x[296] ^ x[22]
x[300] = x[300] ^ x[41]
x[298] = x[298] ^ x[35]
x[295] = x[295] ^ x[32]
x[297] = x[297] ^ x[30]
x[293] = x[293] ^ x[80]
x[292] = x[292] ^ x[17]
x[291] = x[291] ^ x[70]
x[288] = x[288] ^ x[66]
x[289] = x[289] ^ x[27]
x[286] = x[286] ^ x[24]
x[285] = x[285] ^ x[53]
x[277] = x[277] ^ x[5]
x[287] = x[287] ^ x[61]
x[282] = x[282] ^ x[19]
x[284] = x[284] ^ x[97]
x[280] = x[280] ^ x[11]
x[281] = x[281] ^ x[10]
x[279] = x[279] ^ x[46]
x[273] = x[273] ^ x[55]
x[278] = x[278] ^ x[16]
x[274] = x[274] ^ x[9]
x[272] = x[272] ^ x[3]
x[270] = x[270] ^ x[54]
x[266] = x[266] ^ x[0]
x[265] = x[265] ^ x[18]
x[271] = x[271] ^ x[67]
x[267] = x[267] ^ x[6]
x[262] = x[262] ^ x[138]
x[256] = x[256] ^ x[60]
x[254] = x[254] ^ x[58]
x[253] = x[253] ^ x[1]
x[250] = x[250] ^ x[4]
x[241] = x[241] ^ x[36]
x[239] = x[239] ^ x[31]
x[198] = x[198] ^ x[98]
x[197] = x[197] ^ x[121]
x[192] = x[192] ^ x[107]
x[193] = x[193] ^ x[112]
x[188] = x[188] ^ x[124]
x[187] = x[187] ^ x[128]
x[172] = x[172] ^ x[117]
x[181] = x[181] ^ x[119]
x[174] = x[174] ^ x[145]
x[167] = x[167] ^ x[134]
x[173] = x[173] ^ x[122]
x[163] = x[163] ^ x[126]
x[225] = x[225] ^ x[84]
x[235] = x[235] ^ x[161]
x[221] = x[221] ^ x[113]
x[283] = x[283] ^ x[53]
x[247] = x[247] ^ x[10]
x[203] = x[203] ^ x[157]
x[180] = x[180] ^ x[158]
x[240] = x[240] ^ x[153]
x[324] = x[324] ^ x[99]
x[213] = x[213] ^ x[116]
x[249] = x[249] ^ x[51]
x[229] = x[229] ^ x[154]
x[162] = x[162] ^ x[133]
x[233] = x[233] ^ x[152]
x[261] = x[261] ^ x[58]
x[248] = x[248] ^ x[108]
x[214] = x[214] ^ x[122]
x[207] = x[207] ^ x[142]
x[232] = x[232] ^ x[114]
x[224] = x[224] ^ x[109]
x[276] = x[276] ^ x[97]
x[275] = x[275] ^ x[31]
x[269] = x[269] ^ x[16]
x[251] = x[251] ^ x[3]
x[223] = x[223] ^ x[93]
x[216] = x[216] ^ x[104]
x[210] = x[210] ^ x[75]
x[208] = x[208] ^ x[112]
x[189] = x[189] ^ x[145]
x[178] = x[178] ^ x[160]
x[236] = x[236] ^ x[115]
x[164] = x[164] ^ x[143]
x[263] = x[263] ^ x[146]
x[259] = x[259] ^ x[29]
x[255] = x[255] ^ x[26]
x[246] = x[246] ^ x[7]
x[237] = x[237] ^ x[156]
x[238] = x[238] ^ x[127]
x[230] = x[230] ^ x[110]
x[226] = x[226] ^ x[103]
x[217] = x[217] ^ x[101]
x[211] = x[211] ^ x[118]
x[209] = x[209] ^ x[131]
x[205] = x[205] ^ x[150]
x[204] = x[204] ^ x[148]
x[199] = x[199] ^ x[106]
x[201] = x[201] ^ x[151]
x[196] = x[196] ^ x[149]
x[194] = x[194] ^ x[155]
x[185] = x[185] ^ x[139]
x[183] = x[183] ^ x[136]
x[182] = x[182] ^ x[141]
x[177] = x[177] ^ x[159]
x[179] = x[179] ^ x[147]
x[175] = x[175] ^ x[125]
x[171] = x[171] ^ x[132]
x[170] = x[170] ^ x[140]
x[168] = x[168] ^ x[129]
x[166] = x[166] ^ x[130]
x[165] = x[165] ^ x[137]
x[323] = x[323] ^ x[98]
x[322] = x[322] ^ x[77]
x[320] = x[320] ^ x[80]
x[318] = x[318] ^ x[89]
x[319] = x[319] ^ x[46]
x[316] = x[316] ^ x[96]
x[317] = x[317] ^ x[90]
x[315] = x[315] ^ x[91]
x[314] = x[314] ^ x[39]
x[313] = x[313] ^ x[83]
x[311] = x[311] ^ x[25]
x[312] = x[312] ^ x[41]
x[306] = x[306] ^ x[86]
x[310] = x[310] ^ x[33]
x[309] = x[309] ^ x[82]
x[308] = x[308] ^ x[20]
x[305] = x[305] ^ x[48]
x[307] = x[307] ^ x[81]
x[301] = x[301] ^ x[45]
x[304] = x[304] ^ x[43]
x[302] = x[302] ^ x[15]
x[299] = x[299] ^ x[49]
x[303] = x[303] ^ x[36]
x[294] = x[294] ^ x[52]
x[296] = x[296] ^ x[47]
x[300] = x[300] ^ x[28]
x[298] = x[298] ^ x[32]
x[295] = x[295] ^ x[12]
x[297] = x[297] ^ x[72]
x[293] = x[293] ^ x[70]
x[292] = x[292] ^ x[54]
x[291] = x[291] ^ x[23]
x[288] = x[288] ^ x[17]
x[290] = x[290] ^ x[24]
x[289] = x[289] ^ x[64]
x[286] = x[286] ^ x[22]
x[285] = x[285] ^ x[13]
x[277] = x[277] ^ x[65]
x[287] = x[287] ^ x[60]
x[282] = x[282] ^ x[27]
x[284] = x[284] ^ x[5]
x[280] = x[280] ^ x[37]
x[281] = x[281] ^ x[14]
x[279] = x[279] ^ x[19]
x[273] = x[273] ^ x[76]
x[278] = x[278] ^ x[62]
x[274] = x[274] ^ x[11]
x[272] = x[272] ^ x[74]
x[268] = x[268] ^ x[1]
x[270] = x[270] ^ x[6]
x[266] = x[266] ^ x[61]
x[265] = x[265] ^ x[9]
x[271] = x[271] ^ x[69]
x[267] = x[267] ^ x[0]
x[264] = x[264] ^ x[18]
x[262] = x[262] ^ x[66]
x[256] = x[256] ^ x[21]
x[254] = x[254] ^ x[8]
x[253] = x[253] ^ x[56]
x[242] = x[242] ^ x[4]
x[241] = x[241] ^ x[30]
x[239] = x[239] ^ x[35]
x[198] = x[198] ^ x[135]
x[197] = x[197] ^ x[144]
x[192] = x[192] ^ x[102]
x[193] = x[193] ^ x[105]
x[190] = x[190] ^ x[117]
x[188] = x[188] ^ x[128]
x[187] = x[187] ^ x[120]
x[186] = x[186] ^ x[121]
x[172] = x[172] ^ x[107]
x[176] = x[176] ^ x[111]
x[181] = x[181] ^ x[126]
x[174] = x[174] ^ x[138]
x[167] = x[167] ^ x[124]
x[173] = x[173] ^ x[119]
x[169] = x[169] ^ x[134]
x[163] = x[163] ^ x[123]
x[59] = x[59] ^ x[71]
x[228] = x[228] ^ x[109]
x[231] = x[231] ^ x[117]
x[191] = x[191] ^ x[161]
x[283] = x[283] ^ x[70]
x[218] = x[218] ^ x[156]
x[321] = x[321] ^ x[74]
x[244] = x[244] ^ x[7]
x[247] = x[247] ^ x[1]
x[213] = x[213] ^ x[104]
x[180] = x[180] ^ x[155]
x[249] = x[249] ^ x[52]
x[229] = x[229] ^ x[47]
x[220] = x[220] ^ x[103]
x[203] = x[203] ^ x[158]
x[206] = x[206] ^ x[120]
x[215] = x[215] ^ x[150]
x[233] = x[233] ^ x[113]
x[214] = x[214] ^ x[94]
x[207] = x[207] ^ x[138]
x[248] = x[248] ^ x[144]
x[223] = x[223] ^ x[96]
x[222] = x[222] ^ x[114]
x[216] = x[216] ^ x[102]
x[208] = x[208] ^ x[84]
x[212] = x[212] ^ x[152]
x[189] = x[189] ^ x[153]
x[263] = x[263] ^ x[73]
x[257] = x[257] ^ x[26]
x[259] = x[259] ^ x[53]
x[255] = x[255] ^ x[29]
x[246] = x[246] ^ x[3]
x[236] = x[236] ^ x[160]
x[240] = x[240] ^ x[127]
x[230] = x[230] ^ x[112]
x[226] = x[226] ^ x[93]
x[217] = x[217] ^ x[100]
x[210] = x[210] ^ x[148]
x[209] = x[209] ^ x[157]
x[205] = x[205] ^ x[151]
x[200] = x[200] ^ x[146]
x[201] = x[201] ^ x[147]
x[196] = x[196] ^ x[116]
x[194] = x[194] ^ x[154]
x[185] = x[185] ^ x[122]
x[184] = x[184] ^ x[110]
x[182] = x[182] ^ x[143]
x[177] = x[177] ^ x[137]
x[179] = x[179] ^ x[145]
x[178] = x[178] ^ x[131]
x[171] = x[171] ^ x[141]
x[170] = x[170] ^ x[139]
x[168] = x[168] ^ x[132]
x[162] = x[162] ^ x[136]
x[164] = x[164] ^ x[140]
x[165] = x[165] ^ x[133]
x[323] = x[323] ^ x[75]
x[324] = x[324] ^ x[65]
x[322] = x[322] ^ x[58]
x[320] = x[320] ^ x[33]
x[318] = x[318] ^ x[50]
x[319] = x[319] ^ x[57]
x[316] = x[316] ^ x[48]
x[317] = x[317] ^ x[56]
x[315] = x[315] ^ x[42]
x[314] = x[314] ^ x[61]
x[313] = x[313] ^ x[41]
x[311] = x[311] ^ x[35]
x[312] = x[312] ^ x[39]
x[306] = x[306] ^ x[28]
x[310] = x[310] ^ x[51]
x[309] = x[309] ^ x[81]
x[308] = x[308] ^ x[25]
x[305] = x[305] ^ x[20]
x[307] = x[307] ^ x[82]
x[301] = x[301] ^ x[91]
x[304] = x[304] ^ x[44]
x[302] = x[302] ^ x[90]
x[299] = x[299] ^ x[86]
x[303] = x[303] ^ x[45]
x[294] = x[294] ^ x[78]
x[296] = x[296] ^ x[60]
x[300] = x[300] ^ x[22]
x[298] = x[298] ^ x[15]
x[295] = x[295] ^ x[83]
x[297] = x[297] ^ x[80]
x[293] = x[293] ^ x[36]
x[292] = x[292] ^ x[67]
x[291] = x[291] ^ x[46]
x[288] = x[288] ^ x[76]
x[290] = x[290] ^ x[32]
x[289] = x[289] ^ x[12]
x[286] = x[286] ^ x[23]
x[285] = x[285] ^ x[30]
x[277] = x[277] ^ x[13]
x[287] = x[287] ^ x[54]
x[282] = x[282] ^ x[2]
x[284] = x[284] ^ x[24]
x[280] = x[280] ^ x[14]
x[281] = x[281] ^ x[5]
x[279] = x[279] ^ x[27]
x[273] = x[273] ^ x[43]
x[278] = x[278] ^ x[31]
x[276] = x[276] ^ x[6]
x[274] = x[274] ^ x[10]
x[275] = x[275] ^ x[11]
x[272] = x[272] ^ x[63]
x[268] = x[268] ^ x[19]
x[270] = x[270] ^ x[49]
x[266] = x[266] ^ x[64]
x[265] = x[265] ^ x[21]
x[271] = x[271] ^ x[18]
x[261] = x[261] ^ x[9]
x[267] = x[267] ^ x[8]
x[264] = x[264] ^ x[16]
x[262] = x[262] ^ x[142]
x[256] = x[256] ^ x[0]
x[253] = x[253] ^ x[37]
x[250] = x[250] ^ x[17]
x[242] = x[242] ^ x[123]
x[241] = x[241] ^ x[4]
x[237] = x[237] ^ x[134]
x[238] = x[238] ^ x[69]
x[224] = x[224] ^ x[98]
x[211] = x[211] ^ x[89]
x[199] = x[199] ^ x[111]
x[198] = x[198] ^ x[95]
x[197] = x[197] ^ x[126]
x[192] = x[192] ^ x[97]
x[193] = x[193] ^ x[106]
x[190] = x[190] ^ x[159]
x[188] = x[188] ^ x[108]
x[187] = x[187] ^ x[118]
x[186] = x[186] ^ x[129]
x[183] = x[183] ^ x[128]
x[172] = x[172] ^ x[105]
x[176] = x[176] ^ x[107]
x[181] = x[181] ^ x[115]
x[175] = x[175] ^ x[119]
x[174] = x[174] ^ x[130]
x[167] = x[167] ^ x[125]
x[173] = x[173] ^ x[124]
x[169] = x[169] ^ x[121]
x[166] = x[166] ^ x[135]
x[163] = x[163] ^ x[149]
x[234] = x[234] ^ x[112]
x[225] = x[225] ^ x[93]
x[252] = x[252] ^ x[151]
x[221] = x[221] ^ x[154]
x[191] = x[191] ^ x[139]
x[283] = x[283] ^ x[32]
x[321] = x[321] ^ x[77]
x[231] = x[231] ^ x[156]
x[227] = x[227] ^ x[91]
x[220] = x[220] ^ x[96]
x[218] = x[218] ^ x[155]
x[213] = x[213] ^ x[140]
x[203] = x[203] ^ x[100]
x[206] = x[206] ^ x[89]
x[202] = x[202] ^ x[84]
x[235] = x[235] ^ x[160]
x[215] = x[215] ^ x[158]
x[233] = x[233] ^ x[159]
x[232] = x[232] ^ x[152]
x[223] = x[223] ^ x[103]
x[222] = x[222] ^ x[109]
x[208] = x[208] ^ x[75]
x[212] = x[212] ^ x[94]
x[207] = x[207] ^ x[150]
x[257] = x[257] ^ x[7]
x[255] = x[255] ^ x[62]
x[251] = x[251] ^ x[1]
x[247] = x[247] ^ x[3]
x[249] = x[249] ^ x[26]
x[239] = x[239] ^ x[29]
x[236] = x[236] ^ x[157]
x[230] = x[230] ^ x[101]
x[214] = x[214] ^ x[145]
x[196] = x[196] ^ x[127]
x[194] = x[194] ^ x[146]
x[189] = x[189] ^ x[143]
x[185] = x[185] ^ x[136]
x[180] = x[180] ^ x[144]
x[182] = x[182] ^ x[122]
x[177] = x[177] ^ x[148]
x[179] = x[179] ^ x[141]
x[171] = x[171] ^ x[137]
x[168] = x[168] ^ x[131]
x[162] = x[162] ^ x[132]
x[164] = x[164] ^ x[138]
x[323] = x[323] ^ x[90]
x[322] = x[322] ^ x[59]
x[320] = x[320] ^ x[65]
x[318] = x[318] ^ x[88]
x[319] = x[319] ^ x[95]
x[316] = x[316] ^ x[86]
x[317] = x[317] ^ x[74]
x[315] = x[315] ^ x[83]
x[314] = x[314] ^ x[46]
x[313] = x[313] ^ x[48]
x[311] = x[311] ^ x[82]
x[312] = x[312] ^ x[33]
x[306] = x[306] ^ x[47]
x[310] = x[310] ^ x[42]
x[309] = x[309] ^ x[50]
x[308] = x[308] ^ x[39]
x[305] = x[305] ^ x[25]
x[307] = x[307] ^ x[52]
x[301] = x[301] ^ x[38]
x[304] = x[304] ^ x[72]
x[302] = x[302] ^ x[56]
x[299] = x[299] ^ x[44]
x[303] = x[303] ^ x[68]
x[294] = x[294] ^ x[20]
x[296] = x[296] ^ x[41]
x[300] = x[300] ^ x[35]
x[298] = x[298] ^ x[22]
x[295] = x[295] ^ x[15]
x[297] = x[297] ^ x[49]
x[293] = x[293] ^ x[58]
x[292] = x[292] ^ x[36]
x[291] = x[291] ^ x[30]
x[288] = x[288] ^ x[28]
x[290] = x[290] ^ x[17]
x[289] = x[289] ^ x[24]
x[286] = x[286] ^ x[12]
x[285] = x[285] ^ x[23]
x[277] = x[277] ^ x[78]
x[287] = x[287] ^ x[13]
x[282] = x[282] ^ x[69]
x[284] = x[284] ^ x[19]
x[280] = x[280] ^ x[66]
x[281] = x[281] ^ x[64]
x[279] = x[279] ^ x[2]
x[273] = x[273] ^ x[60]
x[278] = x[278] ^ x[57]
x[276] = x[276] ^ x[4]
x[274] = x[274] ^ x[14]
x[275] = x[275] ^ x[5]
x[272] = x[272] ^ x[27]
x[269] = x[269] ^ x[11]
x[268] = x[268] ^ x[10]
x[270] = x[270] ^ x[31]
x[266] = x[266] ^ x[37]
x[265] = x[265] ^ x[54]
x[271] = x[271] ^ x[70]
x[261] = x[261] ^ x[55]
x[267] = x[267] ^ x[61]
x[264] = x[264] ^ x[9]
x[263] = x[263] ^ x[67]
x[262] = x[262] ^ x[21]
x[256] = x[256] ^ x[18]
x[259] = x[259] ^ x[51]
x[254] = x[254] ^ x[6]
x[253] = x[253] ^ x[8]
x[250] = x[250] ^ x[16]
x[246] = x[246] ^ x[0]
x[242] = x[242] ^ x[161]
x[241] = x[241] ^ x[71]
x[240] = x[240] ^ x[115]
x[238] = x[238] ^ x[43]
x[229] = x[229] ^ x[45]
x[224] = x[224] ^ x[53]
x[226] = x[226] ^ x[97]
x[217] = x[217] ^ x[98]
x[216] = x[216] ^ x[76]
x[210] = x[210] ^ x[135]
x[211] = x[211] ^ x[153]
x[209] = x[209] ^ x[108]
x[205] = x[205] ^ x[142]
x[204] = x[204] ^ x[124]
x[199] = x[199] ^ x[104]
x[201] = x[201] ^ x[126]
x[198] = x[198] ^ x[128]
x[197] = x[197] ^ x[114]
x[192] = x[192] ^ x[99]
x[193] = x[193] ^ x[110]
x[190] = x[190] ^ x[147]
x[188] = x[188] ^ x[113]
x[187] = x[187] ^ x[117]
x[186] = x[186] ^ x[123]
x[184] = x[184] ^ x[107]
x[183] = x[183] ^ x[121]
x[178] = x[178] ^ x[149]
x[172] = x[172] ^ x[106]
x[176] = x[176] ^ x[105]
x[181] = x[181] ^ x[120]
x[175] = x[175] ^ x[134]
x[174] = x[174] ^ x[133]
x[167] = x[167] ^ x[116]
x[170] = x[170] ^ x[129]
x[173] = x[173] ^ x[118]
x[169] = x[169] ^ x[111]
x[166] = x[166] ^ x[119]
x[163] = x[163] ^ x[125]
x[165] = x[165] ^ x[130]
x[245] = x[245] ^ x[155]
x[225] = x[225] ^ x[92]
x[234] = x[234] ^ x[115]
x[219] = x[219] ^ x[161]
x[258] = x[258] ^ x[153]
x[283] = x[283] ^ x[62]
x[243] = x[243] ^ x[71]
x[231] = x[231] ^ x[123]
x[220] = x[220] ^ x[154]
x[218] = x[218] ^ x[109]
x[203] = x[203] ^ x[94]
x[221] = x[221] ^ x[97]
x[191] = x[191] ^ x[156]
x[227] = x[227] ^ x[152]
x[222] = x[222] ^ x[96]
x[215] = x[215] ^ x[151]
x[206] = x[206] ^ x[147]
x[251] = x[251] ^ x[150]
x[244] = x[244] ^ x[3]
x[249] = x[249] ^ x[1]
x[236] = x[236] ^ x[34]
x[235] = x[235] ^ x[26]
x[233] = x[233] ^ x[127]
x[232] = x[232] ^ x[146]
x[214] = x[214] ^ x[103]
x[207] = x[207] ^ x[75]
x[200] = x[200] ^ x[136]
x[194] = x[194] ^ x[148]
x[189] = x[189] ^ x[141]
x[180] = x[180] ^ x[138]
x[182] = x[182] ^ x[139]
x[162] = x[162] ^ x[131]
x[164] = x[164] ^ x[132]
x[323] = x[323] ^ x[69]
x[324] = x[324] ^ x[78]
x[322] = x[322] ^ x[73]
x[320] = x[320] ^ x[59]
x[318] = x[318] ^ x[72]
x[319] = x[319] ^ x[100]
x[316] = x[316] ^ x[77]
x[317] = x[317] ^ x[88]
x[315] = x[315] ^ x[81]
x[314] = x[314] ^ x[57]
x[313] = x[313] ^ x[52]
x[311] = x[311] ^ x[29]
x[312] = x[312] ^ x[84]
x[306] = x[306] ^ x[55]
x[310] = x[310] ^ x[98]
x[309] = x[309] ^ x[74]
x[308] = x[308] ^ x[83]
x[305] = x[305] ^ x[50]
x[307] = x[307] ^ x[39]
x[301] = x[301] ^ x[42]
x[304] = x[304] ^ x[46]
x[302] = x[302] ^ x[85]
x[299] = x[299] ^ x[41]
x[303] = x[303] ^ x[80]
x[294] = x[294] ^ x[47]
x[296] = x[296] ^ x[20]
x[300] = x[300] ^ x[25]
x[298] = x[298] ^ x[38]
x[295] = x[295] ^ x[45]
x[297] = x[297] ^ x[51]
x[293] = x[293] ^ x[82]
x[292] = x[292] ^ x[43]
x[291] = x[291] ^ x[15]
x[288] = x[288] ^ x[68]
x[290] = x[290] ^ x[44]
x[289] = x[289] ^ x[22]
x[286] = x[286] ^ x[17]
x[285] = x[285] ^ x[28]
x[277] = x[277] ^ x[12]
x[287] = x[287] ^ x[35]
x[282] = x[282] ^ x[66]
x[284] = x[284] ^ x[23]
x[280] = x[280] ^ x[19]
x[281] = x[281] ^ x[30]
x[279] = x[279] ^ x[13]
x[273] = x[273] ^ x[37]
x[278] = x[278] ^ x[58]
x[276] = x[276] ^ x[16]
x[274] = x[274] ^ x[2]
x[275] = x[275] ^ x[27]
x[272] = x[272] ^ x[14]
x[269] = x[269] ^ x[4]
x[268] = x[268] ^ x[11]
x[270] = x[270] ^ x[53]
x[266] = x[266] ^ x[5]
x[265] = x[265] ^ x[48]
x[271] = x[271] ^ x[7]
x[261] = x[261] ^ x[24]
x[267] = x[267] ^ x[70]
x[264] = x[264] ^ x[160]
x[263] = x[263] ^ x[64]
x[262] = x[262] ^ x[61]
x[256] = x[256] ^ x[9]
x[257] = x[257] ^ x[67]
x[259] = x[259] ^ x[49]
x[255] = x[255] ^ x[18]
x[254] = x[254] ^ x[21]
x[253] = x[253] ^ x[6]
x[250] = x[250] ^ x[8]
x[247] = x[247] ^ x[0]
x[242] = x[242] ^ x[142]
x[241] = x[241] ^ x[157]
x[248] = x[248] ^ x[56]
x[237] = x[237] ^ x[60]
x[240] = x[240] ^ x[158]
x[238] = x[238] ^ x[32]
x[229] = x[229] ^ x[31]
x[224] = x[224] ^ x[33]
x[223] = x[223] ^ x[90]
x[226] = x[226] ^ x[144]
x[217] = x[217] ^ x[91]
x[210] = x[210] ^ x[86]
x[208] = x[208] ^ x[95]
x[213] = x[213] ^ x[76]
x[212] = x[212] ^ x[135]
x[211] = x[211] ^ x[101]
x[209] = x[209] ^ x[159]
x[205] = x[205] ^ x[133]
x[204] = x[204] ^ x[149]
x[199] = x[199] ^ x[145]
x[201] = x[201] ^ x[140]
x[198] = x[198] ^ x[89]
x[197] = x[197] ^ x[137]
x[196] = x[196] ^ x[108]
x[192] = x[192] ^ x[93]
x[193] = x[193] ^ x[120]
x[190] = x[190] ^ x[128]
x[188] = x[188] ^ x[107]
x[185] = x[185] ^ x[116]
x[187] = x[187] ^ x[113]
x[186] = x[186] ^ x[119]
x[184] = x[184] ^ x[105]
x[183] = x[183] ^ x[111]
x[177] = x[177] ^ x[130]
x[179] = x[179] ^ x[117]
x[178] = x[178] ^ x[143]
x[172] = x[172] ^ x[102]
x[176] = x[176] ^ x[106]
x[181] = x[181] ^ x[112]
x[175] = x[175] ^ x[118]
x[174] = x[174] ^ x[121]
x[171] = x[171] ^ x[129]
x[167] = x[167] ^ x[114]
x[170] = x[170] ^ x[126]
x[173] = x[173] ^ x[110]
x[169] = x[169] ^ x[104]
x[168] = x[168] ^ x[125]
x[166] = x[166] ^ x[124]
x[163] = x[163] ^ x[122]
x[165] = x[165] ^ x[134]
x[260] = x[260] ^ x[1]
x[228] = x[228] ^ x[107]
x[225] = x[225] ^ x[90]
x[252] = x[252] ^ x[70]
x[283] = x[283] ^ x[35]
x[243] = x[243] ^ x[161]
x[219] = x[219] ^ x[157]
x[231] = x[231] ^ x[154]
x[258] = x[258] ^ x[150]
x[239] = x[239] ^ x[158]
x[227] = x[227] ^ x[96]
x[222] = x[222] ^ x[32]
x[203] = x[203] ^ x[159]
x[249] = x[249] ^ x[156]
x[218] = x[218] ^ x[147]
x[215] = x[215] ^ x[146]
x[207] = x[207] ^ x[131]
x[191] = x[191] ^ x[136]
x[323] = x[323] ^ x[79]
x[324] = x[324] ^ x[57]
x[322] = x[322] ^ x[33]
x[320] = x[320] ^ x[77]
x[318] = x[318] ^ x[71]
x[319] = x[319] ^ x[93]
x[316] = x[316] ^ x[80]
x[317] = x[317] ^ x[59]
x[315] = x[315] ^ x[55]
x[314] = x[314] ^ x[67]
x[313] = x[313] ^ x[84]
x[311] = x[311] ^ x[81]
x[312] = x[312] ^ x[29]
x[306] = x[306] ^ x[72]
x[310] = x[310] ^ x[63]
x[309] = x[309] ^ x[66]
x[308] = x[308] ^ x[78]
x[305] = x[305] ^ x[61]
x[307] = x[307] ^ x[48]
x[301] = x[301] ^ x[39]
x[304] = x[304] ^ x[50]
x[302] = x[302] ^ x[46]
x[299] = x[299] ^ x[7]
x[303] = x[303] ^ x[74]
x[294] = x[294] ^ x[54]
x[296] = x[296] ^ x[49]
x[300] = x[300] ^ x[69]
x[298] = x[298] ^ x[20]
x[295] = x[295] ^ x[38]
x[297] = x[297] ^ x[41]
x[293] = x[293] ^ x[52]
x[292] = x[292] ^ x[44]
x[291] = x[291] ^ x[42]
x[288] = x[288] ^ x[15]
x[290] = x[290] ^ x[47]
x[289] = x[289] ^ x[25]
x[286] = x[286] ^ x[82]
x[285] = x[285] ^ x[68]
x[277] = x[277] ^ x[53]
x[287] = x[287] ^ x[22]
x[282] = x[282] ^ x[65]
x[284] = x[284] ^ x[12]
x[280] = x[280] ^ x[60]
x[281] = x[281] ^ x[51]
x[279] = x[279] ^ x[45]
x[273] = x[273] ^ x[24]
x[278] = x[278] ^ x[0]
x[276] = x[276] ^ x[30]
x[274] = x[274] ^ x[13]
x[275] = x[275] ^ x[2]
x[272] = x[272] ^ x[64]
x[269] = x[269] ^ x[31]
x[268] = x[268] ^ x[14]
x[270] = x[270] ^ x[11]
x[266] = x[266] ^ x[152]
x[265] = x[265] ^ x[43]
x[271] = x[271] ^ x[26]
x[261] = x[261] ^ x[19]
x[267] = x[267] ^ x[58]
x[264] = x[264] ^ x[151]
x[263] = x[263] ^ x[62]
x[262] = x[262] ^ x[5]
x[256] = x[256] ^ x[16]
x[257] = x[257] ^ x[27]
x[259] = x[259] ^ x[21]
x[255] = x[255] ^ x[9]
x[254] = x[254] ^ x[18]
x[253] = x[253] ^ x[34]
x[250] = x[250] ^ x[10]
x[251] = x[251] ^ x[8]
x[244] = x[244] ^ x[6]
x[242] = x[242] ^ x[155]
x[241] = x[241] ^ x[3]
x[248] = x[248] ^ x[4]
x[236] = x[236] ^ x[17]
x[237] = x[237] ^ x[56]
x[240] = x[240] ^ x[148]
x[235] = x[235] ^ x[23]
x[233] = x[233] ^ x[142]
x[238] = x[238] ^ x[28]
x[229] = x[229] ^ x[37]
x[232] = x[232] ^ x[144]
x[224] = x[224] ^ x[105]
x[230] = x[230] ^ x[106]
x[223] = x[223] ^ x[141]
x[226] = x[226] ^ x[160]
x[220] = x[220] ^ x[83]
x[221] = x[221] ^ x[98]
x[217] = x[217] ^ x[95]
x[216] = x[216] ^ x[91]
x[214] = x[214] ^ x[143]
x[210] = x[210] ^ x[103]
x[208] = x[208] ^ x[86]
x[213] = x[213] ^ x[138]
x[212] = x[212] ^ x[127]
x[211] = x[211] ^ x[75]
x[209] = x[209] ^ x[94]
x[205] = x[205] ^ x[76]
x[206] = x[206] ^ x[149]
x[204] = x[204] ^ x[122]
x[200] = x[200] ^ x[137]
x[199] = x[199] ^ x[109]
x[201] = x[201] ^ x[133]
x[198] = x[198] ^ x[88]
x[197] = x[197] ^ x[120]
x[196] = x[196] ^ x[128]
x[194] = x[194] ^ x[145]
x[192] = x[192] ^ x[89]
x[193] = x[193] ^ x[99]
x[190] = x[190] ^ x[115]
x[188] = x[188] ^ x[92]
x[189] = x[189] ^ x[140]
x[185] = x[185] ^ x[104]
x[187] = x[187] ^ x[116]
x[186] = x[186] ^ x[110]
x[184] = x[184] ^ x[97]
x[183] = x[183] ^ x[113]
x[180] = x[180] ^ x[124]
x[182] = x[182] ^ x[118]
x[177] = x[177] ^ x[129]
x[179] = x[179] ^ x[139]
x[178] = x[178] ^ x[119]
x[172] = x[172] ^ x[100]
x[176] = x[176] ^ x[101]
x[181] = x[181] ^ x[108]
x[175] = x[175] ^ x[112]
x[174] = x[174] ^ x[135]
x[171] = x[171] ^ x[123]
x[167] = x[167] ^ x[117]
x[170] = x[170] ^ x[132]
x[173] = x[173] ^ x[111]
x[169] = x[169] ^ x[102]
x[168] = x[168] ^ x[130]
x[166] = x[166] ^ x[114]
x[162] = x[162] ^ x[125]
x[164] = x[164] ^ x[134]
x[163] = x[163] ^ x[121]
x[165] = x[165] ^ x[126]
x[195] = x[195] ^ x[161]
x[260] = x[260] ^ x[0]
x[245] = x[245] ^ x[147]
x[228] = x[228] ^ x[117]
x[234] = x[234] ^ x[160]
x[219] = x[219] ^ x[109]
x[231] = x[231] ^ x[155]
x[202] = x[202] ^ x[154]
x[246] = x[246] ^ x[150]
x[243] = x[243] ^ x[1]
x[252] = x[252] ^ x[159]
x[222] = x[222] ^ x[157]
x[323] = x[323] ^ x[63]
x[324] = x[324] ^ x[49]
x[322] = x[322] ^ x[79]
x[320] = x[320] ^ x[40]
x[318] = x[318] ^ x[73]
x[319] = x[319] ^ x[84]
x[316] = x[316] ^ x[70]
x[317] = x[317] ^ x[32]
x[315] = x[315] ^ x[80]
x[314] = x[314] ^ x[71]
x[313] = x[313] ^ x[82]
x[311] = x[311] ^ x[99]
x[312] = x[312] ^ x[81]
x[306] = x[306] ^ x[19]
x[310] = x[310] ^ x[88]
x[309] = x[309] ^ x[65]
x[308] = x[308] ^ x[33]
x[305] = x[305] ^ x[74]
x[301] = x[301] ^ x[69]
x[304] = x[304] ^ x[78]
x[302] = x[302] ^ x[50]
x[299] = x[299] ^ x[67]
x[303] = x[303] ^ x[39]
x[294] = x[294] ^ x[61]
x[296] = x[296] ^ x[53]
x[300] = x[300] ^ x[42]
x[298] = x[298] ^ x[44]
x[295] = x[295] ^ x[72]
x[297] = x[297] ^ x[7]
x[293] = x[293] ^ x[51]
x[292] = x[292] ^ x[20]
x[291] = x[291] ^ x[41]
x[288] = x[288] ^ x[52]
x[290] = x[290] ^ x[25]
x[289] = x[289] ^ x[15]
x[286] = x[286] ^ x[68]
x[285] = x[285] ^ x[36]
x[283] = x[283] ^ x[28]
x[277] = x[277] ^ x[45]
x[287] = x[287] ^ x[64]
x[282] = x[282] ^ x[22]
x[284] = x[284] ^ x[48]
x[280] = x[280] ^ x[34]
x[281] = x[281] ^ x[47]
x[279] = x[279] ^ x[43]
x[273] = x[273] ^ x[12]
x[278] = x[278] ^ x[59]
x[276] = x[276] ^ x[54]
x[274] = x[274] ^ x[56]
x[275] = x[275] ^ x[13]
x[272] = x[272] ^ x[57]
x[269] = x[269] ^ x[3]
x[268] = x[268] ^ x[60]
x[270] = x[270] ^ x[26]
x[266] = x[266] ^ x[31]
x[265] = x[265] ^ x[11]
x[271] = x[271] ^ x[2]
x[267] = x[267] ^ x[14]
x[264] = x[264] ^ x[66]
x[263] = x[263] ^ x[37]
x[262] = x[262] ^ x[58]
x[256] = x[256] ^ x[5]
x[257] = x[257] ^ x[16]
x[259] = x[259] ^ x[46]
x[255] = x[255] ^ x[23]
x[254] = x[254] ^ x[9]
x[253] = x[253] ^ x[10]
x[250] = x[250] ^ x[6]
x[251] = x[251] ^ x[29]
x[244] = x[244] ^ x[8]
x[247] = x[247] ^ x[152]
x[249] = x[249] ^ x[21]
x[242] = x[242] ^ x[153]
x[241] = x[241] ^ x[139]
x[239] = x[239] ^ x[17]
x[248] = x[248] ^ x[35]
x[236] = x[236] ^ x[18]
x[237] = x[237] ^ x[55]
x[240] = x[240] ^ x[146]
x[235] = x[235] ^ x[4]
x[233] = x[233] ^ x[141]
x[238] = x[238] ^ x[27]
x[229] = x[229] ^ x[24]
x[232] = x[232] ^ x[38]
x[224] = x[224] ^ x[30]
x[230] = x[230] ^ x[135]
x[223] = x[223] ^ x[102]
x[226] = x[226] ^ x[156]
x[227] = x[227] ^ x[93]
x[220] = x[220] ^ x[85]
x[221] = x[221] ^ x[142]
x[217] = x[217] ^ x[148]
x[216] = x[216] ^ x[83]
x[218] = x[218] ^ x[97]
x[214] = x[214] ^ x[90]
x[210] = x[210] ^ x[91]
x[208] = x[208] ^ x[103]
x[213] = x[213] ^ x[111]
x[212] = x[212] ^ x[114]
x[215] = x[215] ^ x[149]
x[207] = x[207] ^ x[140]
x[203] = x[203] ^ x[145]
x[211] = x[211] ^ x[106]
x[209] = x[209] ^ x[127]
x[205] = x[205] ^ x[143]
x[206] = x[206] ^ x[76]
x[204] = x[204] ^ x[130]
x[200] = x[200] ^ x[138]
x[199] = x[199] ^ x[86]
x[201] = x[201] ^ x[125]
x[198] = x[198] ^ x[75]
x[197] = x[197] ^ x[94]
x[196] = x[196] ^ x[112]
x[194] = x[194] ^ x[144]
x[192] = x[192] ^ x[77]
x[193] = x[193] ^ x[89]
x[191] = x[191] ^ x[129]
x[190] = x[190] ^ x[131]
x[188] = x[188] ^ x[101]
x[189] = x[189] ^ x[136]
x[185] = x[185] ^ x[137]
x[187] = x[187] ^ x[108]
x[186] = x[186] ^ x[134]
x[184] = x[184] ^ x[92]
x[183] = x[183] ^ x[100]
x[180] = x[180] ^ x[132]
x[182] = x[182] ^ x[116]
x[177] = x[177] ^ x[128]
x[179] = x[179] ^ x[133]
x[178] = x[178] ^ x[115]
x[172] = x[172] ^ x[96]
x[176] = x[176] ^ x[98]
x[181] = x[181] ^ x[104]
x[175] = x[175] ^ x[110]
x[174] = x[174] ^ x[119]
x[171] = x[171] ^ x[121]
x[167] = x[167] ^ x[158]
x[170] = x[170] ^ x[122]
x[173] = x[173] ^ x[107]
x[169] = x[169] ^ x[95]
x[168] = x[168] ^ x[118]
x[166] = x[166] ^ x[113]
x[162] = x[162] ^ x[120]
x[164] = x[164] ^ x[126]
x[163] = x[163] ^ x[124]
x[165] = x[165] ^ x[123]
x[260] = x[260] ^ x[71]
x[195] = x[195] ^ x[157]
x[245] = x[245] ^ x[149]
x[225] = x[225] ^ x[152]
x[258] = x[258] ^ x[139]
x[234] = x[234] ^ x[153]
x[323] = x[323] ^ x[62]
x[324] = x[324] ^ x[64]
x[322] = x[322] ^ x[94]
x[320] = x[320] ^ x[49]
x[318] = x[318] ^ x[40]
x[319] = x[319] ^ x[77]
x[316] = x[316] ^ x[78]
x[315] = x[315] ^ x[16]
x[314] = x[314] ^ x[30]
x[313] = x[313] ^ x[80]
x[311] = x[311] ^ x[27]
x[312] = x[312] ^ x[26]
x[306] = x[306] ^ x[4]
x[310] = x[310] ^ x[59]
x[309] = x[309] ^ x[47]
x[308] = x[308] ^ x[68]
x[305] = x[305] ^ x[58]
x[307] = x[307] ^ x[50]
x[301] = x[301] ^ x[61]
x[304] = x[304] ^ x[52]
x[302] = x[302] ^ x[33]
x[299] = x[299] ^ x[72]
x[303] = x[303] ^ x[46]
x[294] = x[294] ^ x[39]
x[300] = x[300] ^ x[48]
x[298] = x[298] ^ x[70]
x[295] = x[295] ^ x[42]
x[297] = x[297] ^ x[74]
x[293] = x[293] ^ x[45]
x[292] = x[292] ^ x[69]
x[291] = x[291] ^ x[20]
x[288] = x[288] ^ x[41]
x[290] = x[290] ^ x[43]
x[289] = x[289] ^ x[73]
x[286] = x[286] ^ x[25]
x[285] = x[285] ^ x[51]
x[283] = x[283] ^ x[56]
x[277] = x[277] ^ x[28]
x[287] = x[287] ^ x[24]
x[282] = x[282] ^ x[17]
x[284] = x[284] ^ x[22]
x[280] = x[280] ^ x[32]
x[281] = x[281] ^ x[36]
x[279] = x[279] ^ x[23]
x[273] = x[273] ^ x[19]
x[278] = x[278] ^ x[44]
x[276] = x[276] ^ x[3]
x[274] = x[274] ^ x[35]
x[275] = x[275] ^ x[82]
x[272] = x[272] ^ x[66]
x[269] = x[269] ^ x[60]
x[268] = x[268] ^ x[12]
x[270] = x[270] ^ x[151]
x[266] = x[266] ^ x[158]
x[265] = x[265] ^ x[13]
x[271] = x[271] ^ x[54]
x[261] = x[261] ^ x[2]
x[267] = x[267] ^ x[55]
x[264] = x[264] ^ x[34]
x[263] = x[263] ^ x[8]
x[262] = x[262] ^ x[53]
x[256] = x[256] ^ x[57]
x[257] = x[257] ^ x[150]
x[259] = x[259] ^ x[37]
x[255] = x[255] ^ x[14]
x[252] = x[252] ^ x[5]
x[254] = x[254] ^ x[15]
x[253] = x[253] ^ x[21]
x[250] = x[250] ^ x[159]
x[251] = x[251] ^ x[155]
x[246] = x[246] ^ x[9]
x[247] = x[247] ^ x[147]
x[249] = x[249] ^ x[10]
x[242] = x[242] ^ x[6]
x[243] = x[243] ^ x[67]
x[241] = x[241] ^ x[0]
x[239] = x[239] ^ x[18]
x[248] = x[248] ^ x[1]
x[236] = x[236] ^ x[11]
x[237] = x[237] ^ x[38]
x[240] = x[240] ^ x[136]
x[235] = x[235] ^ x[154]
x[233] = x[233] ^ x[156]
x[238] = x[238] ^ x[144]
x[229] = x[229] ^ x[29]
x[231] = x[231] ^ x[142]
x[232] = x[232] ^ x[7]
x[224] = x[224] ^ x[137]
x[223] = x[223] ^ x[146]
x[226] = x[226] ^ x[123]
x[227] = x[227] ^ x[98]
x[220] = x[220] ^ x[106]
x[221] = x[221] ^ x[90]
x[222] = x[222] ^ x[31]
x[219] = x[219] ^ x[114]
x[217] = x[217] ^ x[92]
x[216] = x[216] ^ x[88]
x[218] = x[218] ^ x[141]
x[214] = x[214] ^ x[81]
x[210] = x[210] ^ x[109]
x[208] = x[208] ^ x[83]
x[213] = x[213] ^ x[96]
x[212] = x[212] ^ x[84]
x[215] = x[215] ^ x[135]
x[207] = x[207] ^ x[130]
x[203] = x[203] ^ x[85]
x[211] = x[211] ^ x[97]
x[209] = x[209] ^ x[160]
x[205] = x[205] ^ x[148]
x[206] = x[206] ^ x[115]
x[204] = x[204] ^ x[127]
x[202] = x[202] ^ x[76]
x[200] = x[200] ^ x[133]
x[199] = x[199] ^ x[91]
x[201] = x[201] ^ x[113]
x[198] = x[198] ^ x[86]
x[197] = x[197] ^ x[75]
x[196] = x[196] ^ x[134]
x[194] = x[194] ^ x[143]
x[192] = x[192] ^ x[79]
x[193] = x[193] ^ x[102]
x[191] = x[191] ^ x[131]
x[190] = x[190] ^ x[111]
x[188] = x[188] ^ x[89]
x[189] = x[189] ^ x[138]
x[185] = x[185] ^ x[132]
x[187] = x[187] ^ x[105]
x[186] = x[186] ^ x[104]
x[184] = x[184] ^ x[93]
x[183] = x[183] ^ x[107]
x[180] = x[180] ^ x[128]
x[182] = x[182] ^ x[140]
x[177] = x[177] ^ x[126]
x[179] = x[179] ^ x[129]
x[178] = x[178] ^ x[108]
x[172] = x[172] ^ x[95]
x[176] = x[176] ^ x[100]
x[181] = x[181] ^ x[103]
x[175] = x[175] ^ x[116]
x[174] = x[174] ^ x[124]
x[171] = x[171] ^ x[119]
x[167] = x[167] ^ x[110]
x[170] = x[170] ^ x[117]
x[173] = x[173] ^ x[101]
x[169] = x[169] ^ x[99]
x[168] = x[168] ^ x[122]
x[166] = x[166] ^ x[112]
x[162] = x[162] ^ x[118]
x[164] = x[164] ^ x[125]
x[163] = x[163] ^ x[120]
x[165] = x[165] ^ x[121]
x[321] = x[321] ^ x[83]
x[260] = x[260] ^ x[31]
x[228] = x[228] ^ x[152]
x[258] = x[258] ^ x[146]
x[234] = x[234] ^ x[150]
x[195] = x[195] ^ x[159]
x[230] = x[230] ^ x[153]
x[323] = x[323] ^ x[49]
x[324] = x[324] ^ x[89]
x[320] = x[320] ^ x[66]
x[318] = x[318] ^ x[79]
x[319] = x[319] ^ x[45]
x[316] = x[316] ^ x[76]
x[317] = x[317] ^ x[77]
x[315] = x[315] ^ x[57]
x[314] = x[314] ^ x[40]
x[313] = x[313] ^ x[71]
x[311] = x[311] ^ x[19]
x[312] = x[312] ^ x[65]
x[306] = x[306] ^ x[80]
x[310] = x[310] ^ x[99]
x[309] = x[309] ^ x[63]
x[308] = x[308] ^ x[59]
x[305] = x[305] ^ x[51]
x[307] = x[307] ^ x[28]
x[301] = x[301] ^ x[82]
x[304] = x[304] ^ x[69]
x[302] = x[302] ^ x[74]
x[299] = x[299] ^ x[62]
x[303] = x[303] ^ x[33]
x[294] = x[294] ^ x[68]
x[296] = x[296] ^ x[26]
x[300] = x[300] ^ x[50]
x[298] = x[298] ^ x[64]
x[295] = x[295] ^ x[2]
x[297] = x[297] ^ x[46]
x[292] = x[292] ^ x[47]
x[291] = x[291] ^ x[36]
x[288] = x[288] ^ x[43]
x[290] = x[290] ^ x[41]
x[289] = x[289] ^ x[53]
x[286] = x[286] ^ x[52]
x[285] = x[285] ^ x[25]
x[283] = x[283] ^ x[15]
x[287] = x[287] ^ x[55]
x[282] = x[282] ^ x[58]
x[284] = x[284] ^ x[70]
x[280] = x[280] ^ x[20]
x[281] = x[281] ^ x[22]
x[279] = x[279] ^ x[32]
x[273] = x[273] ^ x[39]
x[278] = x[278] ^ x[48]
x[276] = x[276] ^ x[73]
x[274] = x[274] ^ x[38]
x[275] = x[275] ^ x[67]
x[272] = x[272] ^ x[24]
x[269] = x[269] ^ x[0]
x[268] = x[268] ^ x[156]
x[270] = x[270] ^ x[27]
x[266] = x[266] ^ x[35]
x[265] = x[265] ^ x[12]
x[271] = x[271] ^ x[60]
x[261] = x[261] ^ x[161]
x[267] = x[267] ^ x[44]
x[264] = x[264] ^ x[157]
x[263] = x[263] ^ x[34]
x[262] = x[262] ^ x[37]
x[256] = x[256] ^ x[54]
x[257] = x[257] ^ x[21]
x[259] = x[259] ^ x[14]
x[255] = x[255] ^ x[13]
x[252] = x[252] ^ x[61]
x[254] = x[254] ^ x[5]
x[253] = x[253] ^ x[11]
x[250] = x[250] ^ x[23]
x[251] = x[251] ^ x[147]
x[244] = x[244] ^ x[148]
x[247] = x[247] ^ x[9]
x[249] = x[249] ^ x[3]
x[245] = x[245] ^ x[56]
x[242] = x[242] ^ x[8]
x[243] = x[243] ^ x[16]
x[241] = x[241] ^ x[155]
x[239] = x[239] ^ x[6]
x[248] = x[248] ^ x[29]
x[236] = x[236] ^ x[7]
x[237] = x[237] ^ x[1]
x[240] = x[240] ^ x[144]
x[235] = x[235] ^ x[18]
x[233] = x[233] ^ x[139]
x[238] = x[238] ^ x[4]
x[229] = x[229] ^ x[17]
x[231] = x[231] ^ x[151]
x[232] = x[232] ^ x[10]
x[224] = x[224] ^ x[42]
x[223] = x[223] ^ x[143]
x[226] = x[226] ^ x[140]
x[225] = x[225] ^ x[112]
x[227] = x[227] ^ x[154]
x[220] = x[220] ^ x[149]
x[221] = x[221] ^ x[145]
x[222] = x[222] ^ x[30]
x[219] = x[219] ^ x[100]
x[217] = x[217] ^ x[78]
x[216] = x[216] ^ x[93]
x[218] = x[218] ^ x[142]
x[214] = x[214] ^ x[98]
x[210] = x[210] ^ x[90]
x[208] = x[208] ^ x[160]
x[213] = x[213] ^ x[85]
x[212] = x[212] ^ x[134]
x[215] = x[215] ^ x[129]
x[207] = x[207] ^ x[126]
x[203] = x[203] ^ x[81]
x[211] = x[211] ^ x[115]
x[209] = x[209] ^ x[141]
x[205] = x[205] ^ x[132]
x[206] = x[206] ^ x[84]
x[204] = x[204] ^ x[97]
x[202] = x[202] ^ x[158]
x[200] = x[200] ^ x[131]
x[199] = x[199] ^ x[121]
x[201] = x[201] ^ x[109]
x[198] = x[198] ^ x[91]
x[197] = x[197] ^ x[101]
x[196] = x[196] ^ x[96]
x[194] = x[194] ^ x[136]
x[192] = x[192] ^ x[72]
x[193] = x[193] ^ x[75]
x[191] = x[191] ^ x[130]
x[190] = x[190] ^ x[107]
x[188] = x[188] ^ x[133]
x[189] = x[189] ^ x[137]
x[185] = x[185] ^ x[125]
x[187] = x[187] ^ x[119]
x[186] = x[186] ^ x[106]
x[184] = x[184] ^ x[88]
x[183] = x[183] ^ x[86]
x[180] = x[180] ^ x[113]
x[182] = x[182] ^ x[127]
x[177] = x[177] ^ x[123]
x[179] = x[179] ^ x[135]
x[178] = x[178] ^ x[120]
x[172] = x[172] ^ x[94]
x[176] = x[176] ^ x[95]
x[181] = x[181] ^ x[102]
x[175] = x[175] ^ x[105]
x[174] = x[174] ^ x[117]
x[171] = x[171] ^ x[124]
x[167] = x[167] ^ x[111]
x[170] = x[170] ^ x[110]
x[173] = x[173] ^ x[103]
x[169] = x[169] ^ x[92]
x[168] = x[168] ^ x[116]
x[166] = x[166] ^ x[104]
x[162] = x[162] ^ x[108]
x[164] = x[164] ^ x[122]
x[163] = x[163] ^ x[118]
x[165] = x[165] ^ x[114]
x[321] = x[321] ^ x[88]
x[260] = x[260] ^ x[66]
x[228] = x[228] ^ x[153]
x[323] = x[323] ^ x[78]
x[324] = x[324] ^ x[55]
x[320] = x[320] ^ x[42]
x[318] = x[318] ^ x[53]
x[319] = x[319] ^ x[30]
x[316] = x[316] ^ x[28]
x[317] = x[317] ^ x[72]
x[315] = x[315] ^ x[13]
x[314] = x[314] ^ x[77]
x[313] = x[313] ^ x[21]
x[311] = x[311] ^ x[17]
x[312] = x[312] ^ x[57]
x[306] = x[306] ^ x[74]
x[310] = x[310] ^ x[71]
x[309] = x[309] ^ x[40]
x[308] = x[308] ^ x[79]
x[305] = x[305] ^ x[65]
x[307] = x[307] ^ x[80]
x[301] = x[301] ^ x[68]
x[304] = x[304] ^ x[5]
x[302] = x[302] ^ x[64]
x[299] = x[299] ^ x[61]
x[303] = x[303] ^ x[50]
x[294] = x[294] ^ x[59]
x[296] = x[296] ^ x[82]
x[300] = x[300] ^ x[39]
x[295] = x[295] ^ x[56]
x[297] = x[297] ^ x[48]
x[293] = x[293] ^ x[63]
x[292] = x[292] ^ x[62]
x[291] = x[291] ^ x[49]
x[290] = x[290] ^ x[67]
x[289] = x[289] ^ x[52]
x[286] = x[286] ^ x[41]
x[285] = x[285] ^ x[45]
x[283] = x[283] ^ x[47]
x[277] = x[277] ^ x[156]
x[287] = x[287] ^ x[46]
x[282] = x[282] ^ x[32]
x[284] = x[284] ^ x[36]
x[280] = x[280] ^ x[15]
x[281] = x[281] ^ x[25]
x[279] = x[279] ^ x[20]
x[273] = x[273] ^ x[22]
x[278] = x[278] ^ x[38]
x[276] = x[276] ^ x[69]
x[274] = x[274] ^ x[43]
x[275] = x[275] ^ x[70]
x[272] = x[272] ^ x[54]
x[269] = x[269] ^ x[161]
x[268] = x[268] ^ x[24]
x[270] = x[270] ^ x[44]
x[266] = x[266] ^ x[19]
x[265] = x[265] ^ x[26]
x[271] = x[271] ^ x[27]
x[261] = x[261] ^ x[11]
x[267] = x[267] ^ x[2]
x[264] = x[264] ^ x[146]
x[263] = x[263] ^ x[35]
x[262] = x[262] ^ x[23]
x[256] = x[256] ^ x[33]
x[257] = x[257] ^ x[18]
x[259] = x[259] ^ x[12]
x[255] = x[255] ^ x[147]
x[252] = x[252] ^ x[37]
x[258] = x[258] ^ x[60]
x[254] = x[254] ^ x[157]
x[253] = x[253] ^ x[14]
x[250] = x[250] ^ x[155]
x[251] = x[251] ^ x[145]
x[246] = x[246] ^ x[29]
x[244] = x[244] ^ x[58]
x[247] = x[247] ^ x[51]
x[249] = x[249] ^ x[138]
x[245] = x[245] ^ x[9]
x[242] = x[242] ^ x[143]
x[243] = x[243] ^ x[34]
x[241] = x[241] ^ x[7]
x[239] = x[239] ^ x[8]
x[248] = x[248] ^ x[0]
x[236] = x[236] ^ x[3]
x[237] = x[237] ^ x[31]
x[240] = x[240] ^ x[129]
x[235] = x[235] ^ x[16]
x[233] = x[233] ^ x[4]
x[238] = x[238] ^ x[1]
x[229] = x[229] ^ x[10]
x[231] = x[231] ^ x[139]
x[232] = x[232] ^ x[6]
x[224] = x[224] ^ x[152]
x[230] = x[230] ^ x[142]
x[223] = x[223] ^ x[99]
x[226] = x[226] ^ x[136]
x[225] = x[225] ^ x[133]
x[227] = x[227] ^ x[150]
x[220] = x[220] ^ x[160]
x[221] = x[221] ^ x[119]
x[222] = x[222] ^ x[151]
x[219] = x[219] ^ x[148]
x[217] = x[217] ^ x[159]
x[216] = x[216] ^ x[149]
x[218] = x[218] ^ x[140]
x[214] = x[214] ^ x[123]
x[210] = x[210] ^ x[98]
x[208] = x[208] ^ x[109]
x[213] = x[213] ^ x[112]
x[212] = x[212] ^ x[141]
x[215] = x[215] ^ x[101]
x[207] = x[207] ^ x[121]
x[203] = x[203] ^ x[128]
x[211] = x[211] ^ x[81]
x[209] = x[209] ^ x[106]
x[205] = x[205] ^ x[94]
x[206] = x[206] ^ x[90]
x[204] = x[204] ^ x[85]
x[202] = x[202] ^ x[126]
x[200] = x[200] ^ x[130]
x[199] = x[199] ^ x[92]
x[195] = x[195] ^ x[154]
x[201] = x[201] ^ x[76]
x[198] = x[198] ^ x[100]
x[197] = x[197] ^ x[93]
x[196] = x[196] ^ x[89]
x[194] = x[194] ^ x[132]
x[192] = x[192] ^ x[87]
x[193] = x[193] ^ x[84]
x[191] = x[191] ^ x[135]
x[190] = x[190] ^ x[134]
x[188] = x[188] ^ x[75]
x[189] = x[189] ^ x[131]
x[185] = x[185] ^ x[127]
x[187] = x[187] ^ x[115]
x[186] = x[186] ^ x[96]
x[184] = x[184] ^ x[158]
x[183] = x[183] ^ x[97]
x[180] = x[180] ^ x[122]
x[182] = x[182] ^ x[108]
x[177] = x[177] ^ x[125]
x[179] = x[179] ^ x[107]
x[178] = x[178] ^ x[113]
x[172] = x[172] ^ x[91]
x[176] = x[176] ^ x[86]
x[181] = x[181] ^ x[95]
x[175] = x[175] ^ x[111]
x[174] = x[174] ^ x[116]
x[171] = x[171] ^ x[120]
x[167] = x[167] ^ x[103]
x[170] = x[170] ^ x[118]
x[173] = x[173] ^ x[102]
x[169] = x[169] ^ x[83]
x[168] = x[168] ^ x[117]
x[166] = x[166] ^ x[110]
x[162] = x[162] ^ x[105]
x[164] = x[164] ^ x[124]
x[163] = x[163] ^ x[114]
x[165] = x[165] ^ x[104]
x[321] = x[321] ^ x[65]
x[260] = x[260] ^ x[26]
x[323] = x[323] ^ x[95]
x[324] = x[324] ^ x[86]
x[320] = x[320] ^ x[43]
x[318] = x[318] ^ x[58]
x[319] = x[319] ^ x[72]
x[316] = x[316] ^ x[44]
x[315] = x[315] ^ x[2]
x[314] = x[314] ^ x[73]
x[313] = x[313] ^ x[23]
x[311] = x[311] ^ x[71]
x[312] = x[312] ^ x[77]
x[310] = x[310] ^ x[57]
x[308] = x[308] ^ x[16]
x[305] = x[305] ^ x[40]
x[307] = x[307] ^ x[59]
x[301] = x[301] ^ x[35]
x[304] = x[304] ^ x[79]
x[302] = x[302] ^ x[5]
x[303] = x[303] ^ x[67]
x[294] = x[294] ^ x[33]
x[296] = x[296] ^ x[80]
x[300] = x[300] ^ x[82]
x[298] = x[298] ^ x[61]
x[295] = x[295] ^ x[68]
x[297] = x[297] ^ x[50]
x[293] = x[293] ^ x[38]
x[292] = x[292] ^ x[70]
x[291] = x[291] ^ x[48]
x[288] = x[288] ^ x[56]
x[290] = x[290] ^ x[49]
x[289] = x[289] ^ x[54]
x[286] = x[286] ^ x[55]
x[285] = x[285] ^ x[63]
x[283] = x[283] ^ x[25]
x[277] = x[277] ^ x[158]
x[287] = x[287] ^ x[28]
x[282] = x[282] ^ x[52]
x[284] = x[284] ^ x[17]
x[280] = x[280] ^ x[69]
x[281] = x[281] ^ x[15]
x[279] = x[279] ^ x[42]
x[273] = x[273] ^ x[46]
x[278] = x[278] ^ x[22]
x[276] = x[276] ^ x[20]
x[274] = x[274] ^ x[41]
x[275] = x[275] ^ x[62]
x[272] = x[272] ^ x[45]
x[269] = x[269] ^ x[66]
x[268] = x[268] ^ x[64]
x[270] = x[270] ^ x[152]
x[266] = x[266] ^ x[36]
x[265] = x[265] ^ x[157]
x[271] = x[271] ^ x[30]
x[261] = x[261] ^ x[27]
x[267] = x[267] ^ x[151]
x[264] = x[264] ^ x[60]
x[263] = x[263] ^ x[11]
x[262] = x[262] ^ x[32]
x[256] = x[256] ^ x[34]
x[257] = x[257] ^ x[19]
x[259] = x[259] ^ x[31]
x[255] = x[255] ^ x[145]
x[252] = x[252] ^ x[13]
x[258] = x[258] ^ x[21]
x[254] = x[254] ^ x[140]
x[253] = x[253] ^ x[12]
x[250] = x[250] ^ x[14]
x[251] = x[251] ^ x[144]
x[246] = x[246] ^ x[37]
x[244] = x[244] ^ x[160]
x[247] = x[247] ^ x[53]
x[249] = x[249] ^ x[7]
x[245] = x[245] ^ x[51]
x[242] = x[242] ^ x[131]
x[243] = x[243] ^ x[9]
x[241] = x[241] ^ x[10]
x[239] = x[239] ^ x[3]
x[248] = x[248] ^ x[143]
x[236] = x[236] ^ x[0]
x[237] = x[237] ^ x[6]
x[240] = x[240] ^ x[8]
x[235] = x[235] ^ x[150]
x[233] = x[233] ^ x[136]
x[238] = x[238] ^ x[29]
x[229] = x[229] ^ x[1]
x[234] = x[234] ^ x[127]
x[231] = x[231] ^ x[47]
x[232] = x[232] ^ x[4]
x[224] = x[224] ^ x[18]
x[230] = x[230] ^ x[39]
x[228] = x[228] ^ x[134]
x[223] = x[223] ^ x[138]
x[226] = x[226] ^ x[119]
x[225] = x[225] ^ x[156]
x[227] = x[227] ^ x[146]
x[220] = x[220] ^ x[147]
x[221] = x[221] ^ x[87]
x[222] = x[222] ^ x[24]
x[219] = x[219] ^ x[149]
x[217] = x[217] ^ x[133]
x[216] = x[216] ^ x[78]
x[218] = x[218] ^ x[137]
x[214] = x[214] ^ x[74]
x[210] = x[210] ^ x[121]
x[208] = x[208] ^ x[141]
x[213] = x[213] ^ x[129]
x[212] = x[212] ^ x[99]
x[215] = x[215] ^ x[103]
x[207] = x[207] ^ x[83]
x[203] = x[203] ^ x[132]
x[211] = x[211] ^ x[128]
x[209] = x[209] ^ x[120]
x[205] = x[205] ^ x[112]
x[206] = x[206] ^ x[106]
x[204] = x[204] ^ x[81]
x[202] = x[202] ^ x[115]
x[200] = x[200] ^ x[135]
x[199] = x[199] ^ x[90]
x[195] = x[195] ^ x[155]
x[201] = x[201] ^ x[110]
x[198] = x[198] ^ x[102]
x[197] = x[197] ^ x[104]
x[196] = x[196] ^ x[88]
x[194] = x[194] ^ x[109]
x[192] = x[192] ^ x[148]
x[193] = x[193] ^ x[76]
x[191] = x[191] ^ x[125]
x[190] = x[190] ^ x[97]
x[188] = x[188] ^ x[84]
x[189] = x[189] ^ x[130]
x[185] = x[185] ^ x[94]
x[187] = x[187] ^ x[89]
x[186] = x[186] ^ x[101]
x[184] = x[184] ^ x[85]
x[183] = x[183] ^ x[75]
x[180] = x[180] ^ x[126]
x[182] = x[182] ^ x[124]
x[177] = x[177] ^ x[122]
x[179] = x[179] ^ x[123]
x[178] = x[178] ^ x[114]
x[172] = x[172] ^ x[93]
x[176] = x[176] ^ x[139]
x[181] = x[181] ^ x[159]
x[175] = x[175] ^ x[92]
x[174] = x[174] ^ x[113]
x[171] = x[171] ^ x[118]
x[167] = x[167] ^ x[100]
x[170] = x[170] ^ x[111]
x[173] = x[173] ^ x[96]
x[169] = x[169] ^ x[91]
x[168] = x[168] ^ x[108]
x[166] = x[166] ^ x[107]
x[162] = x[162] ^ x[98]
x[164] = x[164] ^ x[116]
x[163] = x[163] ^ x[117]
x[165] = x[165] ^ x[105]
x[323] = x[323] ^ x[51]
x[324] = x[324] ^ x[48]
x[321] = x[321] ^ x[86]
x[320] = x[320] ^ x[60]
x[318] = x[318] ^ x[31]
x[319] = x[319] ^ x[17]
x[316] = x[316] ^ x[4]
x[315] = x[315] ^ x[9]
x[314] = x[314] ^ x[35]
x[313] = x[313] ^ x[47]
x[312] = x[312] ^ x[18]
x[306] = x[306] ^ x[73]
x[309] = x[309] ^ x[77]
x[308] = x[308] ^ x[5]
x[305] = x[305] ^ x[71]
x[307] = x[307] ^ x[26]
x[304] = x[304] ^ x[59]
x[302] = x[302] ^ x[63]
x[303] = x[303] ^ x[65]
x[294] = x[294] ^ x[40]
x[296] = x[296] ^ x[21]
x[300] = x[300] ^ x[74]
x[298] = x[298] ^ x[82]
x[295] = x[295] ^ x[50]
x[297] = x[297] ^ x[38]
x[293] = x[293] ^ x[33]
x[292] = x[292] ^ x[58]
x[291] = x[291] ^ x[72]
x[288] = x[288] ^ x[46]
x[289] = x[289] ^ x[62]
x[286] = x[286] ^ x[56]
x[285] = x[285] ^ x[43]
x[283] = x[283] ^ x[41]
x[277] = x[277] ^ x[152]
x[287] = x[287] ^ x[45]
x[282] = x[282] ^ x[55]
x[284] = x[284] ^ x[160]
x[280] = x[280] ^ x[52]
x[281] = x[281] ^ x[42]
x[279] = x[279] ^ x[25]
x[273] = x[273] ^ x[15]
x[278] = x[278] ^ x[28]
x[276] = x[276] ^ x[49]
x[274] = x[274] ^ x[32]
x[275] = x[275] ^ x[57]
x[272] = x[272] ^ x[20]
x[269] = x[269] ^ x[23]
x[268] = x[268] ^ x[69]
x[270] = x[270] ^ x[22]
x[266] = x[266] ^ x[144]
x[265] = x[265] ^ x[36]
x[271] = x[271] ^ x[64]
x[261] = x[261] ^ x[54]
x[267] = x[267] ^ x[24]
x[264] = x[264] ^ x[53]
x[263] = x[263] ^ x[2]
x[260] = x[260] ^ x[61]
x[262] = x[262] ^ x[11]
x[256] = x[256] ^ x[39]
x[257] = x[257] ^ x[66]
x[259] = x[259] ^ x[157]
x[255] = x[255] ^ x[19]
x[252] = x[252] ^ x[14]
x[258] = x[258] ^ x[148]
x[254] = x[254] ^ x[150]
x[253] = x[253] ^ x[13]
x[250] = x[250] ^ x[12]
x[251] = x[251] ^ x[140]
x[246] = x[246] ^ x[137]
x[244] = x[244] ^ x[16]
x[247] = x[247] ^ x[37]
x[249] = x[249] ^ x[141]
x[245] = x[245] ^ x[44]
x[242] = x[242] ^ x[139]
x[243] = x[243] ^ x[154]
x[241] = x[241] ^ x[27]
x[239] = x[239] ^ x[153]
x[248] = x[248] ^ x[7]
x[236] = x[236] ^ x[6]
x[237] = x[237] ^ x[0]
x[240] = x[240] ^ x[34]
x[235] = x[235] ^ x[8]
x[233] = x[233] ^ x[138]
x[238] = x[238] ^ x[3]
x[229] = x[229] ^ x[158]
x[234] = x[234] ^ x[146]
x[231] = x[231] ^ x[30]
x[232] = x[232] ^ x[149]
x[224] = x[224] ^ x[10]
x[230] = x[230] ^ x[1]
x[228] = x[228] ^ x[151]
x[223] = x[223] ^ x[119]
x[226] = x[226] ^ x[102]
x[225] = x[225] ^ x[132]
x[227] = x[227] ^ x[129]
x[220] = x[220] ^ x[136]
x[221] = x[221] ^ x[80]
x[222] = x[222] ^ x[29]
x[219] = x[219] ^ x[143]
x[217] = x[217] ^ x[131]
x[216] = x[216] ^ x[79]
x[218] = x[218] ^ x[134]
x[214] = x[214] ^ x[70]
x[210] = x[210] ^ x[78]
x[208] = x[208] ^ x[98]
x[213] = x[213] ^ x[130]
x[212] = x[212] ^ x[115]
x[215] = x[215] ^ x[127]
x[207] = x[207] ^ x[135]
x[203] = x[203] ^ x[123]
x[211] = x[211] ^ x[124]
x[209] = x[209] ^ x[121]
x[205] = x[205] ^ x[83]
x[206] = x[206] ^ x[111]
x[204] = x[204] ^ x[120]
x[202] = x[202] ^ x[81]
x[200] = x[200] ^ x[128]
x[199] = x[199] ^ x[87]
x[195] = x[195] ^ x[145]
x[201] = x[201] ^ x[114]
x[198] = x[198] ^ x[67]
x[197] = x[197] ^ x[105]
x[196] = x[196] ^ x[118]
x[194] = x[194] ^ x[100]
x[192] = x[192] ^ x[68]
x[193] = x[193] ^ x[88]
x[191] = x[191] ^ x[122]
x[190] = x[190] ^ x[76]
x[188] = x[188] ^ x[103]
x[189] = x[189] ^ x[126]
x[185] = x[185] ^ x[101]
x[187] = x[187] ^ x[106]
x[186] = x[186] ^ x[84]
x[184] = x[184] ^ x[89]
x[183] = x[183] ^ x[99]
x[180] = x[180] ^ x[116]
x[182] = x[182] ^ x[104]
x[177] = x[177] ^ x[75]
x[179] = x[179] ^ x[125]
x[178] = x[178] ^ x[117]
x[172] = x[172] ^ x[90]
x[176] = x[176] ^ x[156]
x[181] = x[181] ^ x[93]
x[175] = x[175] ^ x[94]
x[174] = x[174] ^ x[112]
x[171] = x[171] ^ x[108]
x[167] = x[167] ^ x[95]
x[170] = x[170] ^ x[109]
x[173] = x[173] ^ x[91]
x[169] = x[169] ^ x[85]
x[168] = x[168] ^ x[107]
x[166] = x[166] ^ x[92]
x[162] = x[162] ^ x[96]
x[164] = x[164] ^ x[110]
x[163] = x[163] ^ x[113]
x[165] = x[165] ^ x[97]
x[323] = x[323] ^ x[58]
x[324] = x[324] ^ x[44]
x[321] = x[321] ^ x[85]
x[322] = x[322] ^ x[42]
x[318] = x[318] ^ x[43]
x[319] = x[319] ^ x[31]
x[316] = x[316] ^ x[12]
x[314] = x[314] ^ x[26]
x[313] = x[313] ^ x[29]
x[312] = x[312] ^ x[14]
x[310] = x[310] ^ x[73]
x[309] = x[309] ^ x[57]
x[305] = x[305] ^ x[18]
x[301] = x[301] ^ x[27]
x[302] = x[302] ^ x[7]
x[303] = x[303] ^ x[21]
x[294] = x[294] ^ x[65]
x[296] = x[296] ^ x[59]
x[300] = x[300] ^ x[40]
x[298] = x[298] ^ x[80]
x[297] = x[297] ^ x[71]
x[293] = x[293] ^ x[61]
x[292] = x[292] ^ x[5]
x[291] = x[291] ^ x[62]
x[288] = x[288] ^ x[50]
x[290] = x[290] ^ x[68]
x[289] = x[289] ^ x[48]
x[286] = x[286] ^ x[51]
x[285] = x[285] ^ x[46]
x[283] = x[283] ^ x[49]
x[277] = x[277] ^ x[47]
x[287] = x[287] ^ x[39]
x[282] = x[282] ^ x[45]
x[284] = x[284] ^ x[33]
x[280] = x[280] ^ x[41]
x[279] = x[279] ^ x[28]
x[273] = x[273] ^ x[17]
x[278] = x[278] ^ x[25]
x[276] = x[276] ^ x[38]
x[274] = x[274] ^ x[23]
x[275] = x[275] ^ x[56]
x[272] = x[272] ^ x[32]
x[269] = x[269] ^ x[15]
x[268] = x[268] ^ x[53]
x[270] = x[270] ^ x[35]
x[266] = x[266] ^ x[20]
x[265] = x[265] ^ x[160]
x[271] = x[271] ^ x[36]
x[261] = x[261] ^ x[63]
x[267] = x[267] ^ x[64]
x[264] = x[264] ^ x[54]
x[263] = x[263] ^ x[24]
x[260] = x[260] ^ x[156]
x[262] = x[262] ^ x[2]
x[256] = x[256] ^ x[19]
x[257] = x[257] ^ x[11]
x[259] = x[259] ^ x[22]
x[255] = x[255] ^ x[143]
x[252] = x[252] ^ x[55]
x[258] = x[258] ^ x[132]
x[254] = x[254] ^ x[155]
x[253] = x[253] ^ x[157]
x[250] = x[250] ^ x[146]
x[251] = x[251] ^ x[130]
x[246] = x[246] ^ x[13]
x[244] = x[244] ^ x[159]
x[247] = x[247] ^ x[52]
x[249] = x[249] ^ x[136]
x[245] = x[245] ^ x[150]
x[242] = x[242] ^ x[135]
x[243] = x[243] ^ x[60]
x[241] = x[241] ^ x[141]
x[239] = x[239] ^ x[10]
x[248] = x[248] ^ x[37]
x[236] = x[236] ^ x[148]
x[237] = x[237] ^ x[149]
x[240] = x[240] ^ x[138]
x[235] = x[235] ^ x[6]
x[233] = x[233] ^ x[0]
x[238] = x[238] ^ x[16]
x[229] = x[229] ^ x[4]
x[234] = x[234] ^ x[140]
x[231] = x[231] ^ x[3]
x[232] = x[232] ^ x[8]
x[224] = x[224] ^ x[9]
x[230] = x[230] ^ x[30]
x[228] = x[228] ^ x[128]
x[223] = x[223] ^ x[1]
x[226] = x[226] ^ x[129]
x[225] = x[225] ^ x[34]
x[227] = x[227] ^ x[118]
x[220] = x[220] ^ x[93]
x[221] = x[221] ^ x[72]
x[222] = x[222] ^ x[133]
x[219] = x[219] ^ x[137]
x[217] = x[217] ^ x[82]
x[216] = x[216] ^ x[77]
x[218] = x[218] ^ x[102]
x[214] = x[214] ^ x[134]
x[210] = x[210] ^ x[87]
x[208] = x[208] ^ x[131]
x[213] = x[213] ^ x[117]
x[212] = x[212] ^ x[119]
x[215] = x[215] ^ x[123]
x[207] = x[207] ^ x[116]
x[203] = x[203] ^ x[66]
x[211] = x[211] ^ x[74]
x[209] = x[209] ^ x[122]
x[205] = x[205] ^ x[127]
x[206] = x[206] ^ x[105]
x[204] = x[204] ^ x[145]
x[202] = x[202] ^ x[124]
x[200] = x[200] ^ x[126]
x[199] = x[199] ^ x[70]
x[195] = x[195] ^ x[144]
x[201] = x[201] ^ x[120]
x[198] = x[198] ^ x[69]
x[197] = x[197] ^ x[90]
x[196] = x[196] ^ x[106]
x[194] = x[194] ^ x[81]
x[192] = x[192] ^ x[67]
x[193] = x[193] ^ x[79]
x[191] = x[191] ^ x[121]
x[190] = x[190] ^ x[96]
x[188] = x[188] ^ x[83]
x[189] = x[189] ^ x[112]
x[185] = x[185] ^ x[110]
x[187] = x[187] ^ x[103]
x[186] = x[186] ^ x[89]
x[184] = x[184] ^ x[76]
x[183] = x[183] ^ x[104]
x[180] = x[180] ^ x[108]
x[182] = x[182] ^ x[95]
x[177] = x[177] ^ x[115]
x[179] = x[179] ^ x[113]
x[178] = x[178] ^ x[75]
x[172] = x[172] ^ x[86]
x[176] = x[176] ^ x[91]
x[181] = x[181] ^ x[88]
x[175] = x[175] ^ x[97]
x[174] = x[174] ^ x[111]
x[171] = x[171] ^ x[114]
x[167] = x[167] ^ x[99]
x[170] = x[170] ^ x[100]
x[173] = x[173] ^ x[84]
x[169] = x[169] ^ x[78]
x[168] = x[168] ^ x[109]
x[166] = x[166] ^ x[98]
x[162] = x[162] ^ x[92]
x[164] = x[164] ^ x[107]
x[163] = x[163] ^ x[101]
x[165] = x[165] ^ x[94]
x[323] = x[323] ^ x[96]
x[324] = x[324] ^ x[75]
x[321] = x[321] ^ x[128]
x[322] = x[322] ^ x[27]
x[318] = x[318] ^ x[36]
x[319] = x[319] ^ x[9]
x[316] = x[316] ^ x[19]
x[313] = x[313] ^ x[34]
x[312] = x[312] ^ x[4]
x[309] = x[309] ^ x[31]
x[307] = x[307] ^ x[117]
x[304] = x[304] ^ x[57]
x[299] = x[299] ^ x[79]
x[303] = x[303] ^ x[7]
x[294] = x[294] ^ x[2]
x[296] = x[296] ^ x[65]
x[300] = x[300] ^ x[21]
x[295] = x[295] ^ x[71]
x[297] = x[297] ^ x[68]
x[293] = x[293] ^ x[50]
x[292] = x[292] ^ x[12]
x[291] = x[291] ^ x[40]
x[288] = x[288] ^ x[38]
x[290] = x[290] ^ x[61]
x[289] = x[289] ^ x[8]
x[286] = x[286] ^ x[67]
x[285] = x[285] ^ x[59]
x[283] = x[283] ^ x[64]
x[277] = x[277] ^ x[58]
x[287] = x[287] ^ x[56]
x[282] = x[282] ^ x[46]
x[284] = x[284] ^ x[51]
x[280] = x[280] ^ x[5]
x[281] = x[281] ^ x[39]
x[279] = x[279] ^ x[41]
x[273] = x[273] ^ x[30]
x[278] = x[278] ^ x[43]
x[276] = x[276] ^ x[17]
x[274] = x[274] ^ x[28]
x[275] = x[275] ^ x[42]
x[272] = x[272] ^ x[44]
x[269] = x[269] ^ x[32]
x[268] = x[268] ^ x[45]
x[270] = x[270] ^ x[20]
x[266] = x[266] ^ x[15]
x[265] = x[265] ^ x[152]
x[271] = x[271] ^ x[22]
x[261] = x[261] ^ x[48]
x[267] = x[267] ^ x[47]
x[264] = x[264] ^ x[63]
x[263] = x[263] ^ x[33]
x[260] = x[260] ^ x[62]
x[262] = x[262] ^ x[129]
x[256] = x[256] ^ x[26]
x[257] = x[257] ^ x[136]
x[259] = x[259] ^ x[23]
x[255] = x[255] ^ x[160]
x[252] = x[252] ^ x[53]
x[258] = x[258] ^ x[133]
x[254] = x[254] ^ x[131]
x[253] = x[253] ^ x[141]
x[250] = x[250] ^ x[150]
x[251] = x[251] ^ x[60]
x[246] = x[246] ^ x[24]
x[244] = x[244] ^ x[13]
x[247] = x[247] ^ x[49]
x[249] = x[249] ^ x[11]
x[245] = x[245] ^ x[14]
x[242] = x[242] ^ x[52]
x[243] = x[243] ^ x[54]
x[241] = x[241] ^ x[29]
x[239] = x[239] ^ x[16]
x[248] = x[248] ^ x[10]
x[236] = x[236] ^ x[143]
x[237] = x[237] ^ x[139]
x[240] = x[240] ^ x[18]
x[235] = x[235] ^ x[138]
x[233] = x[233] ^ x[132]
x[238] = x[238] ^ x[149]
x[229] = x[229] ^ x[0]
x[234] = x[234] ^ x[142]
x[231] = x[231] ^ x[37]
x[232] = x[232] ^ x[3]
x[224] = x[224] ^ x[135]
x[230] = x[230] ^ x[35]
x[228] = x[228] ^ x[6]
x[223] = x[223] ^ x[137]
x[226] = x[226] ^ x[110]
x[225] = x[225] ^ x[145]
x[227] = x[227] ^ x[55]
x[220] = x[220] ^ x[130]
x[221] = x[221] ^ x[73]
x[222] = x[222] ^ x[1]
x[219] = x[219] ^ x[118]
x[217] = x[217] ^ x[127]
x[216] = x[216] ^ x[25]
x[218] = x[218] ^ x[126]
x[214] = x[214] ^ x[91]
x[210] = x[210] ^ x[72]
x[208] = x[208] ^ x[123]
x[213] = x[213] ^ x[86]
x[212] = x[212] ^ x[108]
x[215] = x[215] ^ x[102]
x[207] = x[207] ^ x[115]
x[203] = x[203] ^ x[125]
x[211] = x[211] ^ x[78]
x[209] = x[209] ^ x[66]
x[205] = x[205] ^ x[122]
x[206] = x[206] ^ x[87]
x[204] = x[204] ^ x[121]
x[202] = x[202] ^ x[116]
x[200] = x[200] ^ x[124]
x[199] = x[199] ^ x[80]
x[195] = x[195] ^ x[140]
x[201] = x[201] ^ x[111]
x[198] = x[198] ^ x[70]
x[197] = x[197] ^ x[99]
x[196] = x[196] ^ x[159]
x[194] = x[194] ^ x[134]
x[192] = x[192] ^ x[69]
x[193] = x[193] ^ x[74]
x[191] = x[191] ^ x[120]
x[190] = x[190] ^ x[81]
x[188] = x[188] ^ x[114]
x[189] = x[189] ^ x[119]
x[185] = x[185] ^ x[105]
x[187] = x[187] ^ x[98]
x[186] = x[186] ^ x[95]
x[184] = x[184] ^ x[100]
x[183] = x[183] ^ x[84]
x[180] = x[180] ^ x[90]
x[182] = x[182] ^ x[88]
x[177] = x[177] ^ x[112]
x[179] = x[179] ^ x[104]
x[178] = x[178] ^ x[148]
x[172] = x[172] ^ x[82]
x[176] = x[176] ^ x[85]
x[181] = x[181] ^ x[89]
x[175] = x[175] ^ x[103]
x[174] = x[174] ^ x[107]
x[171] = x[171] ^ x[113]
x[167] = x[167] ^ x[83]
x[170] = x[170] ^ x[97]
x[173] = x[173] ^ x[77]
x[169] = x[169] ^ x[76]
x[168] = x[168] ^ x[101]
x[166] = x[166] ^ x[94]
x[162] = x[162] ^ x[93]
x[164] = x[164] ^ x[106]
x[163] = x[163] ^ x[109]
x[165] = x[165] ^ x[92]
x[323] = x[323] ^ x[73]
x[324] = x[324] ^ x[124]
x[321] = x[321] ^ x[11]
x[322] = x[322] ^ x[54]
x[318] = x[318] ^ x[47]
x[319] = x[319] ^ x[18]
x[316] = x[316] ^ x[33]
x[313] = x[313] ^ x[19]
x[312] = x[312] ^ x[5]
x[309] = x[309] ^ x[26]
x[308] = x[308] ^ x[2]
x[301] = x[301] ^ x[7]
x[302] = x[302] ^ x[3]
x[303] = x[303] ^ x[10]
x[300] = x[300] ^ x[59]
x[298] = x[298] ^ x[79]
x[295] = x[295] ^ x[57]
x[293] = x[293] ^ x[34]
x[291] = x[291] ^ x[12]
x[288] = x[288] ^ x[63]
x[289] = x[289] ^ x[65]
x[286] = x[286] ^ x[58]
x[285] = x[285] ^ x[40]
x[283] = x[283] ^ x[9]
x[277] = x[277] ^ x[49]
x[287] = x[287] ^ x[48]
x[282] = x[282] ^ x[50]
x[284] = x[284] ^ x[159]
x[280] = x[280] ^ x[1]
x[281] = x[281] ^ x[77]
x[279] = x[279] ^ x[64]
x[273] = x[273] ^ x[4]
x[278] = x[278] ^ x[41]
x[276] = x[276] ^ x[45]
x[274] = x[274] ^ x[25]
x[275] = x[275] ^ x[39]
x[272] = x[272] ^ x[42]
x[269] = x[269] ^ x[30]
x[268] = x[268] ^ x[32]
x[270] = x[270] ^ x[43]
x[266] = x[266] ^ x[62]
x[265] = x[265] ^ x[28]
x[271] = x[271] ^ x[35]
x[261] = x[261] ^ x[36]
x[267] = x[267] ^ x[132]
x[264] = x[264] ^ x[149]
x[263] = x[263] ^ x[22]
x[260] = x[260] ^ x[160]
x[262] = x[262] ^ x[152]
x[256] = x[256] ^ x[23]
x[257] = x[257] ^ x[141]
x[259] = x[259] ^ x[17]
x[255] = x[255] ^ x[15]
x[252] = x[252] ^ x[146]
x[258] = x[258] ^ x[46]
x[254] = x[254] ^ x[139]
x[253] = x[253] ^ x[20]
x[250] = x[250] ^ x[144]
x[251] = x[251] ^ x[67]
x[246] = x[246] ^ x[21]
x[244] = x[244] ^ x[53]
x[247] = x[247] ^ x[44]
x[249] = x[249] ^ x[150]
x[245] = x[245] ^ x[38]
x[242] = x[242] ^ x[55]
x[243] = x[243] ^ x[52]
x[241] = x[241] ^ x[24]
x[239] = x[239] ^ x[13]
x[248] = x[248] ^ x[140]
x[236] = x[236] ^ x[129]
x[237] = x[237] ^ x[14]
x[240] = x[240] ^ x[56]
x[235] = x[235] ^ x[143]
x[233] = x[233] ^ x[16]
x[238] = x[238] ^ x[8]
x[229] = x[229] ^ x[137]
x[234] = x[234] ^ x[51]
x[231] = x[231] ^ x[130]
x[232] = x[232] ^ x[0]
x[224] = x[224] ^ x[134]
x[230] = x[230] ^ x[27]
x[228] = x[228] ^ x[29]
x[223] = x[223] ^ x[107]
x[226] = x[226] ^ x[128]
x[225] = x[225] ^ x[127]
x[227] = x[227] ^ x[37]
x[220] = x[220] ^ x[126]
x[221] = x[221] ^ x[31]
x[222] = x[222] ^ x[131]
x[219] = x[219] ^ x[135]
x[217] = x[217] ^ x[80]
x[216] = x[216] ^ x[6]
x[218] = x[218] ^ x[125]
x[214] = x[214] ^ x[71]
x[210] = x[210] ^ x[123]
x[208] = x[208] ^ x[113]
x[213] = x[213] ^ x[119]
x[212] = x[212] ^ x[91]
x[215] = x[215] ^ x[122]
x[207] = x[207] ^ x[118]
x[203] = x[203] ^ x[82]
x[211] = x[211] ^ x[92]
x[209] = x[209] ^ x[114]
x[205] = x[205] ^ x[121]
x[206] = x[206] ^ x[117]
x[204] = x[204] ^ x[108]
x[202] = x[202] ^ x[85]
x[200] = x[200] ^ x[60]
x[199] = x[199] ^ x[69]
x[195] = x[195] ^ x[66]
x[201] = x[201] ^ x[104]
x[198] = x[198] ^ x[61]
x[197] = x[197] ^ x[103]
x[196] = x[196] ^ x[95]
x[194] = x[194] ^ x[120]
x[192] = x[192] ^ x[70]
x[193] = x[193] ^ x[78]
x[191] = x[191] ^ x[110]
x[190] = x[190] ^ x[106]
x[188] = x[188] ^ x[87]
x[189] = x[189] ^ x[115]
x[185] = x[185] ^ x[97]
x[187] = x[187] ^ x[96]
x[186] = x[186] ^ x[99]
x[184] = x[184] ^ x[72]
x[183] = x[183] ^ x[83]
x[180] = x[180] ^ x[98]
x[182] = x[182] ^ x[81]
x[177] = x[177] ^ x[116]
x[179] = x[179] ^ x[105]
x[178] = x[178] ^ x[111]
x[172] = x[172] ^ x[68]
x[176] = x[176] ^ x[75]
x[181] = x[181] ^ x[94]
x[175] = x[175] ^ x[93]
x[174] = x[174] ^ x[109]
x[171] = x[171] ^ x[112]
x[167] = x[167] ^ x[86]
x[170] = x[170] ^ x[90]
x[173] = x[173] ^ x[76]
x[169] = x[169] ^ x[74]
x[168] = x[168] ^ x[100]
x[166] = x[166] ^ x[88]
x[162] = x[162] ^ x[84]
x[164] = x[164] ^ x[101]
x[163] = x[163] ^ x[102]
x[165] = x[165] ^ x[89]
x[323] = x[323] ^ x[52]
x[324] = x[324] ^ x[141]
x[321] = x[321] ^ x[124]
x[322] = x[322] ^ x[22]
x[320] = x[320] ^ x[34]
x[319] = x[319] ^ x[127]
x[316] = x[316] ^ x[26]
x[317] = x[317] ^ x[31]
x[314] = x[314] ^ x[11]
x[312] = x[312] ^ x[15]
x[309] = x[309] ^ x[10]
x[308] = x[308] ^ x[8]
x[301] = x[301] ^ x[13]
x[303] = x[303] ^ x[1]
x[296] = x[296] ^ x[18]
x[300] = x[300] ^ x[14]
x[297] = x[297] ^ x[79]
x[293] = x[293] ^ x[21]
x[291] = x[291] ^ x[59]
x[289] = x[289] ^ x[0]
x[285] = x[285] ^ x[33]
x[283] = x[283] ^ x[63]
x[277] = x[277] ^ x[145]
x[287] = x[287] ^ x[68]
x[282] = x[282] ^ x[51]
x[284] = x[284] ^ x[40]
x[280] = x[280] ^ x[64]
x[281] = x[281] ^ x[50]
x[279] = x[279] ^ x[44]
x[273] = x[273] ^ x[161]
x[278] = x[278] ^ x[45]
x[276] = x[276] ^ x[42]
x[274] = x[274] ^ x[61]
x[275] = x[275] ^ x[25]
x[272] = x[272] ^ x[28]
x[269] = x[269] ^ x[62]
x[268] = x[268] ^ x[39]
x[270] = x[270] ^ x[41]
x[266] = x[266] ^ x[56]
x[265] = x[265] ^ x[20]
x[271] = x[271] ^ x[49]
x[261] = x[261] ^ x[53]
x[267] = x[267] ^ x[36]
x[264] = x[264] ^ x[30]
x[263] = x[263] ^ x[32]
x[260] = x[260] ^ x[150]
x[262] = x[262] ^ x[24]
x[256] = x[256] ^ x[2]
x[257] = x[257] ^ x[57]
x[259] = x[259] ^ x[160]
x[255] = x[255] ^ x[152]
x[252] = x[252] ^ x[27]
x[258] = x[258] ^ x[48]
x[254] = x[254] ^ x[143]
x[253] = x[253] ^ x[5]
x[250] = x[250] ^ x[58]
x[251] = x[251] ^ x[17]
x[246] = x[246] ^ x[12]
x[244] = x[244] ^ x[54]
x[247] = x[247] ^ x[43]
x[249] = x[249] ^ x[115]
x[245] = x[245] ^ x[37]
x[242] = x[242] ^ x[159]
x[243] = x[243] ^ x[46]
x[241] = x[241] ^ x[19]
x[239] = x[239] ^ x[149]
x[248] = x[248] ^ x[9]
x[236] = x[236] ^ x[132]
x[237] = x[237] ^ x[131]
x[240] = x[240] ^ x[55]
x[235] = x[235] ^ x[129]
x[233] = x[233] ^ x[125]
x[238] = x[238] ^ x[135]
x[229] = x[229] ^ x[140]
x[234] = x[234] ^ x[38]
x[231] = x[231] ^ x[7]
x[232] = x[232] ^ x[134]
x[224] = x[224] ^ x[3]
x[230] = x[230] ^ x[4]
x[228] = x[228] ^ x[16]
x[223] = x[223] ^ x[123]
x[226] = x[226] ^ x[47]
x[225] = x[225] ^ x[105]
x[227] = x[227] ^ x[29]
x[220] = x[220] ^ x[117]
x[221] = x[221] ^ x[35]
x[222] = x[222] ^ x[128]
x[219] = x[219] ^ x[126]
x[217] = x[217] ^ x[118]
x[216] = x[216] ^ x[23]
x[218] = x[218] ^ x[6]
x[214] = x[214] ^ x[96]
x[210] = x[210] ^ x[122]
x[208] = x[208] ^ x[119]
x[213] = x[213] ^ x[91]
x[212] = x[212] ^ x[67]
x[215] = x[215] ^ x[121]
x[207] = x[207] ^ x[103]
x[203] = x[203] ^ x[108]
x[211] = x[211] ^ x[112]
x[209] = x[209] ^ x[78]
x[205] = x[205] ^ x[101]
x[206] = x[206] ^ x[86]
x[204] = x[204] ^ x[98]
x[202] = x[202] ^ x[114]
x[200] = x[200] ^ x[120]
x[199] = x[199] ^ x[71]
x[195] = x[195] ^ x[136]
x[201] = x[201] ^ x[106]
x[198] = x[198] ^ x[60]
x[197] = x[197] ^ x[66]
x[196] = x[196] ^ x[97]
x[194] = x[194] ^ x[116]
x[192] = x[192] ^ x[65]
x[193] = x[193] ^ x[70]
x[191] = x[191] ^ x[113]
x[190] = x[190] ^ x[83]
x[188] = x[188] ^ x[85]
x[189] = x[189] ^ x[104]
x[185] = x[185] ^ x[76]
x[187] = x[187] ^ x[92]
x[186] = x[186] ^ x[88]
x[184] = x[184] ^ x[73]
x[183] = x[183] ^ x[82]
x[180] = x[180] ^ x[95]
x[182] = x[182] ^ x[72]
x[177] = x[177] ^ x[111]
x[179] = x[179] ^ x[100]
x[178] = x[178] ^ x[107]
x[172] = x[172] ^ x[69]
x[176] = x[176] ^ x[84]
x[181] = x[181] ^ x[87]
x[175] = x[175] ^ x[89]
x[174] = x[174] ^ x[102]
x[171] = x[171] ^ x[110]
x[167] = x[167] ^ x[81]
x[170] = x[170] ^ x[93]
x[173] = x[173] ^ x[74]
x[169] = x[169] ^ x[75]
x[168] = x[168] ^ x[94]
x[166] = x[166] ^ x[90]
x[162] = x[162] ^ x[77]
x[164] = x[164] ^ x[109]
x[163] = x[163] ^ x[99]
x[165] = x[165] ^ x[80]
x[323] = x[323] ^ x[60]
x[324] = x[324] ^ x[46]
x[321] = x[321] ^ x[75]
x[322] = x[322] ^ x[11]
x[320] = x[320] ^ x[24]
x[319] = x[319] ^ x[108]
x[316] = x[316] ^ x[141]
x[317] = x[317] ^ x[26]
x[314] = x[314] ^ x[1]
x[310] = x[310] ^ x[122]
x[309] = x[309] ^ x[27]
x[308] = x[308] ^ x[10]
x[301] = x[301] ^ x[5]
x[299] = x[299] ^ x[8]
x[300] = x[300] ^ x[29]
x[293] = x[293] ^ x[35]
x[291] = x[291] ^ x[9]
x[290] = x[290] ^ x[3]
x[286] = x[286] ^ x[61]
x[277] = x[277] ^ x[144]
x[287] = x[287] ^ x[59]
x[284] = x[284] ^ x[155]
x[280] = x[280] ^ x[57]
x[281] = x[281] ^ x[40]
x[279] = x[279] ^ x[65]
x[278] = x[278] ^ x[33]
x[276] = x[276] ^ x[71]
x[274] = x[274] ^ x[62]
x[275] = x[275] ^ x[51]
x[272] = x[272] ^ x[47]
x[269] = x[269] ^ x[25]
x[268] = x[268] ^ x[50]
x[270] = x[270] ^ x[58]
x[266] = x[266] ^ x[41]
x[265] = x[265] ^ x[56]
x[271] = x[271] ^ x[161]
x[261] = x[261] ^ x[22]
x[267] = x[267] ^ x[45]
x[264] = x[264] ^ x[55]
x[263] = x[263] ^ x[20]
x[260] = x[260] ^ x[28]
x[262] = x[262] ^ x[54]
x[256] = x[256] ^ x[31]
x[257] = x[257] ^ x[43]
x[259] = x[259] ^ x[2]
x[255] = x[255] ^ x[52]
x[252] = x[252] ^ x[32]
x[258] = x[258] ^ x[49]
x[254] = x[254] ^ x[30]
x[253] = x[253] ^ x[152]
x[250] = x[250] ^ x[15]
x[251] = x[251] ^ x[36]
x[246] = x[246] ^ x[44]
x[244] = x[244] ^ x[12]
x[247] = x[247] ^ x[39]
x[249] = x[249] ^ x[125]
x[245] = x[245] ^ x[21]
x[242] = x[242] ^ x[23]
x[243] = x[243] ^ x[159]
x[241] = x[241] ^ x[148]
x[239] = x[239] ^ x[19]
x[248] = x[248] ^ x[135]
x[236] = x[236] ^ x[140]
x[237] = x[237] ^ x[18]
x[240] = x[240] ^ x[13]
x[235] = x[235] ^ x[14]
x[233] = x[233] ^ x[96]
x[238] = x[238] ^ x[7]
x[229] = x[229] ^ x[134]
x[234] = x[234] ^ x[48]
x[231] = x[231] ^ x[16]
x[232] = x[232] ^ x[120]
x[224] = x[224] ^ x[119]
x[230] = x[230] ^ x[132]
x[228] = x[228] ^ x[0]
x[223] = x[223] ^ x[4]
x[226] = x[226] ^ x[37]
x[225] = x[225] ^ x[38]
x[227] = x[227] ^ x[127]
x[220] = x[220] ^ x[77]
x[221] = x[221] ^ x[126]
x[222] = x[222] ^ x[121]
x[219] = x[219] ^ x[34]
x[217] = x[217] ^ x[42]
x[216] = x[216] ^ x[17]
x[218] = x[218] ^ x[118]
x[214] = x[214] ^ x[68]
x[210] = x[210] ^ x[124]
x[208] = x[208] ^ x[114]
x[213] = x[213] ^ x[6]
x[212] = x[212] ^ x[117]
x[215] = x[215] ^ x[112]
x[207] = x[207] ^ x[113]
x[203] = x[203] ^ x[111]
x[211] = x[211] ^ x[104]
x[209] = x[209] ^ x[53]
x[205] = x[205] ^ x[106]
x[206] = x[206] ^ x[103]
x[204] = x[204] ^ x[110]
x[202] = x[202] ^ x[87]
x[200] = x[200] ^ x[116]
x[199] = x[199] ^ x[67]
x[195] = x[195] ^ x[133]
x[201] = x[201] ^ x[101]
x[198] = x[198] ^ x[158]
x[197] = x[197] ^ x[98]
x[196] = x[196] ^ x[93]
x[194] = x[194] ^ x[66]
x[192] = x[192] ^ x[63]
x[193] = x[193] ^ x[91]
x[191] = x[191] ^ x[102]
x[190] = x[190] ^ x[85]
x[188] = x[188] ^ x[74]
x[189] = x[189] ^ x[107]
x[185] = x[185] ^ x[88]
x[187] = x[187] ^ x[97]
x[186] = x[186] ^ x[70]
x[184] = x[184] ^ x[82]
x[183] = x[183] ^ x[73]
x[180] = x[180] ^ x[80]
x[182] = x[182] ^ x[76]
x[177] = x[177] ^ x[90]
x[179] = x[179] ^ x[92]
x[178] = x[178] ^ x[109]
x[172] = x[172] ^ x[64]
x[176] = x[176] ^ x[81]
x[181] = x[181] ^ x[86]
x[175] = x[175] ^ x[84]
x[174] = x[174] ^ x[99]
x[171] = x[171] ^ x[105]
x[167] = x[167] ^ x[79]
x[170] = x[170] ^ x[83]
x[173] = x[173] ^ x[69]
x[169] = x[169] ^ x[146]
x[168] = x[168] ^ x[95]
x[166] = x[166] ^ x[89]
x[162] = x[162] ^ x[72]
x[164] = x[164] ^ x[100]
x[163] = x[163] ^ x[94]
x[165] = x[165] ^ x[78]
x[323] = x[323] ^ x[40]
x[324] = x[324] ^ x[54]
x[321] = x[321] ^ x[69]
x[322] = x[322] ^ x[30]
x[320] = x[320] ^ x[124]
x[319] = x[319] ^ x[13]
x[316] = x[316] ^ x[108]
x[313] = x[313] ^ x[116]
x[310] = x[310] ^ x[23]
x[308] = x[308] ^ x[122]
x[307] = x[307] ^ x[27]
x[293] = x[293] ^ x[17]
x[292] = x[292] ^ x[9]
x[277] = x[277] ^ x[141]
x[284] = x[284] ^ x[59]
x[280] = x[280] ^ x[50]
x[273] = x[273] ^ x[63]
x[278] = x[278] ^ x[52]
x[276] = x[276] ^ x[65]
x[274] = x[274] ^ x[57]
x[275] = x[275] ^ x[58]
x[272] = x[272] ^ x[49]
x[269] = x[269] ^ x[158]
x[268] = x[268] ^ x[38]
x[270] = x[270] ^ x[42]
x[266] = x[266] ^ x[25]
x[265] = x[265] ^ x[46]
x[271] = x[271] ^ x[41]
x[261] = x[261] ^ x[51]
x[267] = x[267] ^ x[56]
x[263] = x[263] ^ x[135]
x[260] = x[260] ^ x[48]
x[262] = x[262] ^ x[28]
x[256] = x[256] ^ x[36]
x[257] = x[257] ^ x[44]
x[259] = x[259] ^ x[24]
x[255] = x[255] ^ x[32]
x[252] = x[252] ^ x[152]
x[258] = x[258] ^ x[22]
x[254] = x[254] ^ x[159]
x[253] = x[253] ^ x[35]
x[250] = x[250] ^ x[132]
x[251] = x[251] ^ x[26]
x[246] = x[246] ^ x[5]
x[244] = x[244] ^ x[2]
x[247] = x[247] ^ x[29]
x[249] = x[249] ^ x[15]
x[245] = x[245] ^ x[47]
x[242] = x[242] ^ x[19]
x[243] = x[243] ^ x[39]
x[241] = x[241] ^ x[12]
x[239] = x[239] ^ x[20]
x[248] = x[248] ^ x[123]
x[236] = x[236] ^ x[107]
x[237] = x[237] ^ x[34]
x[240] = x[240] ^ x[140]
x[235] = x[235] ^ x[11]
x[233] = x[233] ^ x[55]
x[238] = x[238] ^ x[14]
x[229] = x[229] ^ x[121]
x[234] = x[234] ^ x[43]
x[231] = x[231] ^ x[18]
x[232] = x[232] ^ x[45]
x[224] = x[224] ^ x[8]
x[230] = x[230] ^ x[7]
x[228] = x[228] ^ x[3]
x[223] = x[223] ^ x[0]
x[226] = x[226] ^ x[33]
x[225] = x[225] ^ x[4]
x[227] = x[227] ^ x[21]
x[220] = x[220] ^ x[120]
x[221] = x[221] ^ x[37]
x[222] = x[222] ^ x[10]
x[219] = x[219] ^ x[1]
x[217] = x[217] ^ x[31]
x[216] = x[216] ^ x[16]
x[218] = x[218] ^ x[115]
x[214] = x[214] ^ x[118]
x[210] = x[210] ^ x[117]
x[208] = x[208] ^ x[80]
x[213] = x[213] ^ x[113]
x[212] = x[212] ^ x[6]
x[215] = x[215] ^ x[110]
x[207] = x[207] ^ x[109]
x[203] = x[203] ^ x[114]
x[211] = x[211] ^ x[91]
x[209] = x[209] ^ x[102]
x[205] = x[205] ^ x[103]
x[206] = x[206] ^ x[92]
x[204] = x[204] ^ x[111]
x[202] = x[202] ^ x[101]
x[200] = x[200] ^ x[112]
x[199] = x[199] ^ x[61]
x[195] = x[195] ^ x[129]
x[201] = x[201] ^ x[71]
x[198] = x[198] ^ x[53]
x[197] = x[197] ^ x[100]
x[196] = x[196] ^ x[98]
x[194] = x[194] ^ x[95]
x[192] = x[192] ^ x[62]
x[193] = x[193] ^ x[64]
x[191] = x[191] ^ x[96]
x[190] = x[190] ^ x[89]
x[188] = x[188] ^ x[68]
x[189] = x[189] ^ x[106]
x[185] = x[185] ^ x[79]
x[187] = x[187] ^ x[87]
x[186] = x[186] ^ x[86]
x[184] = x[184] ^ x[84]
x[183] = x[183] ^ x[66]
x[180] = x[180] ^ x[67]
x[182] = x[182] ^ x[77]
x[177] = x[177] ^ x[104]
x[179] = x[179] ^ x[93]
x[178] = x[178] ^ x[72]
x[172] = x[172] ^ x[60]
x[176] = x[176] ^ x[73]
x[181] = x[181] ^ x[85]
x[175] = x[175] ^ x[75]
x[174] = x[174] ^ x[94]
x[171] = x[171] ^ x[99]
x[167] = x[167] ^ x[78]
x[170] = x[170] ^ x[81]
x[173] = x[173] ^ x[70]
x[169] = x[169] ^ x[82]
x[168] = x[168] ^ x[90]
x[166] = x[166] ^ x[83]
x[162] = x[162] ^ x[74]
x[164] = x[164] ^ x[97]
x[163] = x[163] ^ x[88]
x[165] = x[165] ^ x[76]
x[315] = x[315] ^ x[128]
x[283] = x[283] ^ x[150]
x[323] = x[323] ^ x[38]
x[324] = x[324] ^ x[126]
x[321] = x[321] ^ x[70]
x[322] = x[322] ^ x[20]
x[320] = x[320] ^ x[25]
x[318] = x[318] ^ x[124]
x[316] = x[316] ^ x[16]
x[317] = x[317] ^ x[140]
x[314] = x[314] ^ x[3]
x[313] = x[313] ^ x[10]
x[312] = x[312] ^ x[12]
x[310] = x[310] ^ x[4]
x[305] = x[305] ^ x[116]
x[307] = x[307] ^ x[29]
x[299] = x[299] ^ x[6]
x[296] = x[296] ^ x[122]
x[293] = x[293] ^ x[11]
x[292] = x[292] ^ x[8]
x[277] = x[277] ^ x[139]
x[284] = x[284] ^ x[142]
x[281] = x[281] ^ x[65]
x[279] = x[279] ^ x[50]
x[273] = x[273] ^ x[158]
x[278] = x[278] ^ x[160]
x[276] = x[276] ^ x[63]
x[274] = x[274] ^ x[59]
x[272] = x[272] ^ x[40]
x[269] = x[269] ^ x[157]
x[268] = x[268] ^ x[161]
x[270] = x[270] ^ x[64]
x[266] = x[266] ^ x[145]
x[265] = x[265] ^ x[62]
x[271] = x[271] ^ x[43]
x[261] = x[261] ^ x[45]
x[267] = x[267] ^ x[42]
x[264] = x[264] ^ x[41]
x[263] = x[263] ^ x[44]
x[260] = x[260] ^ x[54]
x[262] = x[262] ^ x[48]
x[256] = x[256] ^ x[51]
x[257] = x[257] ^ x[39]
x[259] = x[259] ^ x[28]
x[255] = x[255] ^ x[46]
x[252] = x[252] ^ x[47]
x[258] = x[258] ^ x[24]
x[254] = x[254] ^ x[49]
x[253] = x[253] ^ x[32]
x[250] = x[250] ^ x[22]
x[251] = x[251] ^ x[30]
x[246] = x[246] ^ x[19]
x[244] = x[244] ^ x[52]
x[247] = x[247] ^ x[2]
x[249] = x[249] ^ x[27]
x[245] = x[245] ^ x[36]
x[242] = x[242] ^ x[15]
x[243] = x[243] ^ x[5]
x[241] = x[241] ^ x[152]
x[239] = x[239] ^ x[159]
x[248] = x[248] ^ x[31]
x[236] = x[236] ^ x[120]
x[237] = x[237] ^ x[17]
x[240] = x[240] ^ x[9]
x[235] = x[235] ^ x[13]
x[233] = x[233] ^ x[35]
x[238] = x[238] ^ x[121]
x[229] = x[229] ^ x[18]
x[234] = x[234] ^ x[21]
x[231] = x[231] ^ x[14]
x[232] = x[232] ^ x[33]
x[224] = x[224] ^ x[115]
x[230] = x[230] ^ x[23]
x[228] = x[228] ^ x[129]
x[223] = x[223] ^ x[88]
x[226] = x[226] ^ x[34]
x[225] = x[225] ^ x[113]
x[227] = x[227] ^ x[7]
x[220] = x[220] ^ x[0]
x[221] = x[221] ^ x[26]
x[222] = x[222] ^ x[119]
x[219] = x[219] ^ x[37]
x[217] = x[217] ^ x[1]
x[216] = x[216] ^ x[135]
x[218] = x[218] ^ x[108]
x[214] = x[214] ^ x[117]
x[210] = x[210] ^ x[100]
x[208] = x[208] ^ x[110]
x[213] = x[213] ^ x[106]
x[212] = x[212] ^ x[104]
x[215] = x[215] ^ x[105]
x[207] = x[207] ^ x[112]
x[203] = x[203] ^ x[95]
x[211] = x[211] ^ x[109]
x[209] = x[209] ^ x[103]
x[205] = x[205] ^ x[98]
x[206] = x[206] ^ x[82]
x[204] = x[204] ^ x[96]
x[202] = x[202] ^ x[77]
x[200] = x[200] ^ x[111]
x[199] = x[199] ^ x[89]
x[195] = x[195] ^ x[114]
x[201] = x[201] ^ x[86]
x[198] = x[198] ^ x[79]
x[197] = x[197] ^ x[91]
x[196] = x[196] ^ x[66]
x[194] = x[194] ^ x[53]
x[192] = x[192] ^ x[58]
x[193] = x[193] ^ x[56]
x[191] = x[191] ^ x[97]
x[190] = x[190] ^ x[68]
x[188] = x[188] ^ x[55]
x[189] = x[189] ^ x[101]
x[185] = x[185] ^ x[74]
x[187] = x[187] ^ x[83]
x[186] = x[186] ^ x[132]
x[184] = x[184] ^ x[69]
x[183] = x[183] ^ x[67]
x[180] = x[180] ^ x[60]
x[182] = x[182] ^ x[78]
x[177] = x[177] ^ x[107]
x[179] = x[179] ^ x[87]
x[178] = x[178] ^ x[94]
x[172] = x[172] ^ x[57]
x[176] = x[176] ^ x[76]
x[181] = x[181] ^ x[81]
x[175] = x[175] ^ x[85]
x[174] = x[174] ^ x[93]
x[171] = x[171] ^ x[102]
x[167] = x[167] ^ x[72]
x[170] = x[170] ^ x[80]
x[173] = x[173] ^ x[61]
x[169] = x[169] ^ x[71]
x[168] = x[168] ^ x[92]
x[166] = x[166] ^ x[84]
x[162] = x[162] ^ x[75]
x[164] = x[164] ^ x[99]
x[163] = x[163] ^ x[90]
x[165] = x[165] ^ x[73]
x[294] = x[294] ^ x[142]
x[302] = x[302] ^ x[131]
x[282] = x[282] ^ x[149]
x[283] = x[283] ^ x[151]
x[323] = x[323] ^ x[115]
x[324] = x[324] ^ x[42]
x[321] = x[321] ^ x[48]
x[322] = x[322] ^ x[141]
x[320] = x[320] ^ x[27]
x[319] = x[319] ^ x[124]
x[316] = x[316] ^ x[135]
x[317] = x[317] ^ x[128]
x[315] = x[315] ^ x[108]
x[314] = x[314] ^ x[37]
x[312] = x[312] ^ x[126]
x[310] = x[310] ^ x[11]
x[309] = x[309] ^ x[16]
x[308] = x[308] ^ x[161]
x[307] = x[307] ^ x[10]
x[301] = x[301] ^ x[1]
x[299] = x[299] ^ x[9]
x[303] = x[303] ^ x[116]
x[296] = x[296] ^ x[117]
x[297] = x[297] ^ x[100]
x[293] = x[293] ^ x[7]
x[292] = x[292] ^ x[3]
x[291] = x[291] ^ x[79]
x[290] = x[290] ^ x[0]
x[277] = x[277] ^ x[138]
x[284] = x[284] ^ x[148]
x[273] = x[273] ^ x[50]
x[278] = x[278] ^ x[152]
x[276] = x[276] ^ x[33]
x[272] = x[272] ^ x[59]
x[269] = x[269] ^ x[155]
x[268] = x[268] ^ x[44]
x[270] = x[270] ^ x[38]
x[266] = x[266] ^ x[133]
x[265] = x[265] ^ x[40]
x[271] = x[271] ^ x[73]
x[261] = x[261] ^ x[64]
x[267] = x[267] ^ x[160]
x[264] = x[264] ^ x[47]
x[263] = x[263] ^ x[30]
x[260] = x[260] ^ x[63]
x[262] = x[262] ^ x[127]
x[256] = x[256] ^ x[25]
x[257] = x[257] ^ x[36]
x[259] = x[259] ^ x[57]
x[255] = x[255] ^ x[41]
x[252] = x[252] ^ x[26]
x[258] = x[258] ^ x[145]
x[254] = x[254] ^ x[19]
x[253] = x[253] ^ x[24]
x[250] = x[250] ^ x[122]
x[251] = x[251] ^ x[22]
x[246] = x[246] ^ x[20]
x[244] = x[244] ^ x[49]
x[247] = x[247] ^ x[28]
x[249] = x[249] ^ x[158]
x[245] = x[245] ^ x[23]
x[242] = x[242] ^ x[5]
x[243] = x[243] ^ x[2]
x[241] = x[241] ^ x[15]
x[239] = x[239] ^ x[12]
x[248] = x[248] ^ x[45]
x[236] = x[236] ^ x[111]
x[237] = x[237] ^ x[32]
x[240] = x[240] ^ x[21]
x[235] = x[235] ^ x[159]
x[233] = x[233] ^ x[29]
x[238] = x[238] ^ x[13]
x[229] = x[229] ^ x[14]
x[234] = x[234] ^ x[17]
x[231] = x[231] ^ x[120]
x[232] = x[232] ^ x[43]
x[224] = x[224] ^ x[113]
x[230] = x[230] ^ x[121]
x[228] = x[228] ^ x[132]
x[223] = x[223] ^ x[35]
x[226] = x[226] ^ x[31]
x[225] = x[225] ^ x[39]
x[227] = x[227] ^ x[4]
x[220] = x[220] ^ x[105]
x[221] = x[221] ^ x[18]
x[222] = x[222] ^ x[136]
x[219] = x[219] ^ x[140]
x[217] = x[217] ^ x[150]
x[216] = x[216] ^ x[8]
x[218] = x[218] ^ x[112]
x[214] = x[214] ^ x[34]
x[210] = x[210] ^ x[74]
x[208] = x[208] ^ x[107]
x[213] = x[213] ^ x[89]
x[212] = x[212] ^ x[106]
x[215] = x[215] ^ x[95]
x[207] = x[207] ^ x[104]
x[203] = x[203] ^ x[91]
x[211] = x[211] ^ x[6]
x[209] = x[209] ^ x[101]
x[205] = x[205] ^ x[109]
x[206] = x[206] ^ x[83]
x[204] = x[204] ^ x[99]
x[202] = x[202] ^ x[97]
x[200] = x[200] ^ x[103]
x[199] = x[199] ^ x[54]
x[195] = x[195] ^ x[110]
x[201] = x[201] ^ x[96]
x[198] = x[198] ^ x[82]
x[197] = x[197] ^ x[56]
x[196] = x[196] ^ x[62]
x[194] = x[194] ^ x[46]
x[192] = x[192] ^ x[52]
x[193] = x[193] ^ x[51]
x[191] = x[191] ^ x[94]
x[190] = x[190] ^ x[53]
x[188] = x[188] ^ x[61]
x[189] = x[189] ^ x[102]
x[185] = x[185] ^ x[65]
x[187] = x[187] ^ x[85]
x[186] = x[186] ^ x[68]
x[184] = x[184] ^ x[70]
x[183] = x[183] ^ x[55]
x[180] = x[180] ^ x[92]
x[182] = x[182] ^ x[84]
x[177] = x[177] ^ x[98]
x[179] = x[179] ^ x[88]
x[178] = x[178] ^ x[93]
x[172] = x[172] ^ x[58]
x[176] = x[176] ^ x[67]
x[181] = x[181] ^ x[77]
x[175] = x[175] ^ x[76]
x[174] = x[174] ^ x[80]
x[171] = x[171] ^ x[87]
x[167] = x[167] ^ x[75]
x[170] = x[170] ^ x[72]
x[173] = x[173] ^ x[60]
x[169] = x[169] ^ x[66]
x[168] = x[168] ^ x[81]
x[166] = x[166] ^ x[78]
x[162] = x[162] ^ x[71]
x[164] = x[164] ^ x[90]
x[163] = x[163] ^ x[86]
x[165] = x[165] ^ x[69]
x[288] = x[288] ^ x[156]
x[302] = x[302] ^ x[126]
x[298] = x[298] ^ x[161]
x[282] = x[282] ^ x[154]
x[283] = x[283] ^ x[142]
x[280] = x[280] ^ x[157]
x[323] = x[323] ^ x[141]
x[324] = x[324] ^ x[112]
x[321] = x[321] ^ x[61]
x[322] = x[322] ^ x[115]
x[320] = x[320] ^ x[21]
x[318] = x[318] ^ x[104]
x[316] = x[316] ^ x[124]
x[317] = x[317] ^ x[121]
x[314] = x[314] ^ x[5]
x[313] = x[313] ^ x[18]
x[311] = x[311] ^ x[6]
x[312] = x[312] ^ x[102]
x[306] = x[306] ^ x[7]
x[310] = x[310] ^ x[128]
x[308] = x[308] ^ x[107]
x[305] = x[305] ^ x[11]
x[307] = x[307] ^ x[109]
x[301] = x[301] ^ x[108]
x[299] = x[299] ^ x[4]
x[303] = x[303] ^ x[13]
x[296] = x[296] ^ x[1]
x[297] = x[297] ^ x[8]
x[293] = x[293] ^ x[10]
x[292] = x[292] ^ x[106]
x[291] = x[291] ^ x[3]
x[290] = x[290] ^ x[150]
x[277] = x[277] ^ x[136]
x[284] = x[284] ^ x[149]
x[273] = x[273] ^ x[153]
x[278] = x[278] ^ x[159]
x[275] = x[275] ^ x[152]
x[269] = x[269] ^ x[52]
x[268] = x[268] ^ x[151]
x[270] = x[270] ^ x[135]
x[266] = x[266] ^ x[51]
x[265] = x[265] ^ x[64]
x[271] = x[271] ^ x[62]
x[261] = x[261] ^ x[40]
x[267] = x[267] ^ x[59]
x[264] = x[264] ^ x[145]
x[263] = x[263] ^ x[45]
x[260] = x[260] ^ x[47]
x[262] = x[262] ^ x[38]
x[256] = x[256] ^ x[41]
x[257] = x[257] ^ x[138]
x[259] = x[259] ^ x[33]
x[255] = x[255] ^ x[39]
x[252] = x[252] ^ x[43]
x[258] = x[258] ^ x[54]
x[254] = x[254] ^ x[42]
x[253] = x[253] ^ x[25]
x[250] = x[250] ^ x[34]
x[251] = x[251] ^ x[58]
x[246] = x[246] ^ x[36]
x[244] = x[244] ^ x[35]
x[247] = x[247] ^ x[30]
x[249] = x[249] ^ x[48]
x[245] = x[245] ^ x[24]
x[242] = x[242] ^ x[44]
x[243] = x[243] ^ x[146]
x[241] = x[241] ^ x[2]
x[239] = x[239] ^ x[22]
x[248] = x[248] ^ x[12]
x[236] = x[236] ^ x[19]
x[237] = x[237] ^ x[27]
x[240] = x[240] ^ x[132]
x[235] = x[235] ^ x[113]
x[233] = x[233] ^ x[37]
x[238] = x[238] ^ x[140]
x[229] = x[229] ^ x[15]
x[234] = x[234] ^ x[20]
x[231] = x[231] ^ x[23]
x[232] = x[232] ^ x[28]
x[224] = x[224] ^ x[17]
x[230] = x[230] ^ x[123]
x[228] = x[228] ^ x[131]
x[223] = x[223] ^ x[16]
x[226] = x[226] ^ x[9]
x[225] = x[225] ^ x[26]
x[227] = x[227] ^ x[143]
x[220] = x[220] ^ x[29]
x[221] = x[221] ^ x[158]
x[222] = x[222] ^ x[129]
x[219] = x[219] ^ x[120]
x[217] = x[217] ^ x[0]
x[216] = x[216] ^ x[133]
x[218] = x[218] ^ x[31]
x[214] = x[214] ^ x[14]
x[210] = x[210] ^ x[80]
x[208] = x[208] ^ x[32]
x[213] = x[213] ^ x[93]
x[212] = x[212] ^ x[101]
x[215] = x[215] ^ x[97]
x[207] = x[207] ^ x[98]
x[203] = x[203] ^ x[117]
x[211] = x[211] ^ x[137]
x[209] = x[209] ^ x[100]
x[205] = x[205] ^ x[74]
x[206] = x[206] ^ x[95]
x[204] = x[204] ^ x[89]
x[202] = x[202] ^ x[94]
x[200] = x[200] ^ x[110]
x[199] = x[199] ^ x[50]
x[195] = x[195] ^ x[111]
x[201] = x[201] ^ x[103]
x[198] = x[198] ^ x[83]
x[197] = x[197] ^ x[84]
x[196] = x[196] ^ x[56]
x[194] = x[194] ^ x[92]
x[192] = x[192] ^ x[49]
x[193] = x[193] ^ x[46]
x[191] = x[191] ^ x[88]
x[190] = x[190] ^ x[77]
x[188] = x[188] ^ x[105]
x[189] = x[189] ^ x[96]
x[185] = x[185] ^ x[53]
x[187] = x[187] ^ x[91]
x[186] = x[186] ^ x[81]
x[184] = x[184] ^ x[78]
x[183] = x[183] ^ x[70]
x[180] = x[180] ^ x[73]
x[182] = x[182] ^ x[82]
x[177] = x[177] ^ x[99]
x[179] = x[179] ^ x[90]
x[178] = x[178] ^ x[67]
x[172] = x[172] ^ x[55]
x[176] = x[176] ^ x[69]
x[181] = x[181] ^ x[60]
x[175] = x[175] ^ x[79]
x[174] = x[174] ^ x[71]
x[171] = x[171] ^ x[86]
x[167] = x[167] ^ x[63]
x[170] = x[170] ^ x[75]
x[173] = x[173] ^ x[57]
x[169] = x[169] ^ x[68]
x[168] = x[168] ^ x[76]
x[166] = x[166] ^ x[72]
x[162] = x[162] ^ x[66]
x[164] = x[164] ^ x[87]
x[163] = x[163] ^ x[85]
x[165] = x[165] ^ x[65]
x[298] = x[298] ^ x[128]
x[289] = x[289] ^ x[122]
x[294] = x[294] ^ x[161]
x[283] = x[283] ^ x[147]
x[323] = x[323] ^ x[129]
x[324] = x[324] ^ x[87]
x[321] = x[321] ^ x[112]
x[322] = x[322] ^ x[110]
x[320] = x[320] ^ x[32]
x[318] = x[318] ^ x[115]
x[319] = x[319] ^ x[104]
x[317] = x[317] ^ x[124]
x[314] = x[314] ^ x[111]
x[313] = x[313] ^ x[8]
x[311] = x[311] ^ x[18]
x[306] = x[306] ^ x[105]
x[310] = x[310] ^ x[1]
x[308] = x[308] ^ x[120]
x[305] = x[305] ^ x[7]
x[307] = x[307] ^ x[101]
x[301] = x[301] ^ x[157]
x[304] = x[304] ^ x[4]
x[302] = x[302] ^ x[108]
x[299] = x[299] ^ x[2]
x[300] = x[300] ^ x[10]
x[293] = x[293] ^ x[6]
x[292] = x[292] ^ x[103]
x[288] = x[288] ^ x[92]
x[290] = x[290] ^ x[151]
x[277] = x[277] ^ x[137]
x[282] = x[282] ^ x[88]
x[284] = x[284] ^ x[144]
x[280] = x[280] ^ x[141]
x[273] = x[273] ^ x[156]
x[278] = x[278] ^ x[149]
x[275] = x[275] ^ x[154]
x[269] = x[269] ^ x[153]
x[268] = x[268] ^ x[142]
x[270] = x[270] ^ x[139]
x[266] = x[266] ^ x[135]
x[265] = x[265] ^ x[159]
x[271] = x[271] ^ x[152]
x[261] = x[261] ^ x[160]
x[267] = x[267] ^ x[123]
x[264] = x[264] ^ x[64]
x[263] = x[263] ^ x[59]
x[260] = x[260] ^ x[40]
x[262] = x[262] ^ x[47]
x[256] = x[256] ^ x[58]
x[257] = x[257] ^ x[49]
x[259] = x[259] ^ x[38]
x[255] = x[255] ^ x[48]
x[252] = x[252] ^ x[41]
x[258] = x[258] ^ x[43]
x[254] = x[254] ^ x[39]
x[253] = x[253] ^ x[30]
x[250] = x[250] ^ x[52]
x[251] = x[251] ^ x[25]
x[246] = x[246] ^ x[28]
x[244] = x[244] ^ x[20]
x[247] = x[247] ^ x[26]
x[249] = x[249] ^ x[22]
x[245] = x[245] ^ x[33]
x[242] = x[242] ^ x[45]
x[243] = x[243] ^ x[36]
x[241] = x[241] ^ x[132]
x[239] = x[239] ^ x[5]
x[248] = x[248] ^ x[19]
x[236] = x[236] ^ x[15]
x[237] = x[237] ^ x[42]
x[240] = x[240] ^ x[27]
x[235] = x[235] ^ x[17]
x[233] = x[233] ^ x[34]
x[238] = x[238] ^ x[24]
x[229] = x[229] ^ x[9]
x[234] = x[234] ^ x[11]
x[231] = x[231] ^ x[12]
x[232] = x[232] ^ x[13]
x[224] = x[224] ^ x[140]
x[230] = x[230] ^ x[134]
x[228] = x[228] ^ x[106]
x[223] = x[223] ^ x[21]
x[226] = x[226] ^ x[3]
x[225] = x[225] ^ x[16]
x[227] = x[227] ^ x[121]
x[220] = x[220] ^ x[35]
x[221] = x[221] ^ x[146]
x[222] = x[222] ^ x[113]
x[219] = x[219] ^ x[23]
x[217] = x[217] ^ x[114]
x[216] = x[216] ^ x[0]
x[218] = x[218] ^ x[107]
x[214] = x[214] ^ x[31]
x[210] = x[210] ^ x[37]
x[208] = x[208] ^ x[133]
x[213] = x[213] ^ x[99]
x[212] = x[212] ^ x[93]
x[215] = x[215] ^ x[14]
x[207] = x[207] ^ x[102]
x[203] = x[203] ^ x[98]
x[211] = x[211] ^ x[125]
x[209] = x[209] ^ x[96]
x[205] = x[205] ^ x[90]
x[206] = x[206] ^ x[91]
x[204] = x[204] ^ x[94]
x[202] = x[202] ^ x[29]
x[200] = x[200] ^ x[100]
x[199] = x[199] ^ x[81]
x[195] = x[195] ^ x[109]
x[201] = x[201] ^ x[97]
x[198] = x[198] ^ x[78]
x[197] = x[197] ^ x[71]
x[196] = x[196] ^ x[57]
x[194] = x[194] ^ x[56]
x[192] = x[192] ^ x[44]
x[193] = x[193] ^ x[50]
x[191] = x[191] ^ x[77]
x[190] = x[190] ^ x[62]
x[188] = x[188] ^ x[46]
x[189] = x[189] ^ x[95]
x[185] = x[185] ^ x[85]
x[187] = x[187] ^ x[53]
x[186] = x[186] ^ x[66]
x[184] = x[184] ^ x[54]
x[183] = x[183] ^ x[65]
x[180] = x[180] ^ x[89]
x[182] = x[182] ^ x[73]
x[177] = x[177] ^ x[80]
x[179] = x[179] ^ x[79]
x[178] = x[178] ^ x[76]
x[172] = x[172] ^ x[51]
x[176] = x[176] ^ x[63]
x[181] = x[181] ^ x[82]
x[175] = x[175] ^ x[72]
x[174] = x[174] ^ x[68]
x[171] = x[171] ^ x[83]
x[167] = x[167] ^ x[61]
x[170] = x[170] ^ x[69]
x[173] = x[173] ^ x[55]
x[169] = x[169] ^ x[67]
x[168] = x[168] ^ x[75]
x[166] = x[166] ^ x[74]
x[162] = x[162] ^ x[60]
x[164] = x[164] ^ x[86]
x[163] = x[163] ^ x[84]
x[165] = x[165] ^ x[70]
x[272] = x[272] ^ x[161]
x[323] = x[323] ^ x[114]
x[324] = x[324] ^ x[51]
x[321] = x[321] ^ x[133]
x[322] = x[322] ^ x[111]
x[318] = x[318] ^ x[112]
x[319] = x[319] ^ x[115]
x[316] = x[316] ^ x[104]
x[317] = x[317] ^ x[120]
x[315] = x[315] ^ x[124]
x[314] = x[314] ^ x[87]
x[313] = x[313] ^ x[106]
x[311] = x[311] ^ x[110]
x[306] = x[306] ^ x[15]
x[310] = x[310] ^ x[107]
x[309] = x[309] ^ x[153]
x[308] = x[308] ^ x[102]
x[305] = x[305] ^ x[108]
x[307] = x[307] ^ x[113]
x[301] = x[301] ^ x[101]
x[304] = x[304] ^ x[8]
x[302] = x[302] ^ x[98]
x[299] = x[299] ^ x[109]
x[303] = x[303] ^ x[6]
x[294] = x[294] ^ x[4]
x[300] = x[300] ^ x[5]
x[298] = x[298] ^ x[12]
x[297] = x[297] ^ x[84]
x[293] = x[293] ^ x[1]
x[292] = x[292] ^ x[100]
x[288] = x[288] ^ x[0]
x[290] = x[290] ^ x[117]
x[289] = x[289] ^ x[79]
x[285] = x[285] ^ x[2]
x[283] = x[283] ^ x[146]
x[277] = x[277] ^ x[103]
x[284] = x[284] ^ x[139]
x[273] = x[273] ^ x[141]
x[278] = x[278] ^ x[156]
x[275] = x[275] ^ x[149]
x[269] = x[269] ^ x[148]
x[268] = x[268] ^ x[147]
x[270] = x[270] ^ x[50]
x[266] = x[266] ^ x[128]
x[265] = x[265] ^ x[154]
x[271] = x[271] ^ x[72]
x[261] = x[261] ^ x[157]
x[267] = x[267] ^ x[137]
x[264] = x[264] ^ x[144]
x[263] = x[263] ^ x[52]
x[260] = x[260] ^ x[42]
x[262] = x[262] ^ x[132]
x[256] = x[256] ^ x[152]
x[257] = x[257] ^ x[127]
x[259] = x[259] ^ x[40]
x[255] = x[255] ^ x[45]
x[252] = x[252] ^ x[142]
x[258] = x[258] ^ x[130]
x[254] = x[254] ^ x[41]
x[253] = x[253] ^ x[38]
x[250] = x[250] ^ x[32]
x[251] = x[251] ^ x[43]
x[246] = x[246] ^ x[123]
x[244] = x[244] ^ x[44]
x[247] = x[247] ^ x[25]
x[249] = x[249] ^ x[47]
x[245] = x[245] ^ x[28]
x[242] = x[242] ^ x[24]
x[243] = x[243] ^ x[22]
x[241] = x[241] ^ x[140]
x[239] = x[239] ^ x[136]
x[248] = x[248] ^ x[36]
x[236] = x[236] ^ x[105]
x[237] = x[237] ^ x[26]
x[240] = x[240] ^ x[20]
x[235] = x[235] ^ x[19]
x[233] = x[233] ^ x[99]
x[238] = x[238] ^ x[23]
x[229] = x[229] ^ x[160]
x[234] = x[234] ^ x[18]
x[231] = x[231] ^ x[135]
x[232] = x[232] ^ x[27]
x[224] = x[224] ^ x[155]
x[230] = x[230] ^ x[17]
x[228] = x[228] ^ x[92]
x[223] = x[223] ^ x[30]
x[226] = x[226] ^ x[16]
x[225] = x[225] ^ x[3]
x[227] = x[227] ^ x[159]
x[220] = x[220] ^ x[21]
x[221] = x[221] ^ x[13]
x[222] = x[222] ^ x[9]
x[219] = x[219] ^ x[11]
x[217] = x[217] ^ x[129]
x[216] = x[216] ^ x[121]
x[218] = x[218] ^ x[34]
x[214] = x[214] ^ x[7]
x[210] = x[210] ^ x[33]
x[208] = x[208] ^ x[29]
x[213] = x[213] ^ x[31]
x[212] = x[212] ^ x[10]
x[215] = x[215] ^ x[37]
x[207] = x[207] ^ x[93]
x[203] = x[203] ^ x[83]
x[211] = x[211] ^ x[151]
x[209] = x[209] ^ x[97]
x[205] = x[205] ^ x[78]
x[206] = x[206] ^ x[35]
x[204] = x[204] ^ x[88]
x[202] = x[202] ^ x[14]
x[200] = x[200] ^ x[95]
x[199] = x[199] ^ x[49]
x[195] = x[195] ^ x[96]
x[201] = x[201] ^ x[94]
x[198] = x[198] ^ x[73]
x[197] = x[197] ^ x[74]
x[196] = x[196] ^ x[67]
x[194] = x[194] ^ x[59]
x[192] = x[192] ^ x[48]
x[193] = x[193] ^ x[39]
x[191] = x[191] ^ x[89]
x[190] = x[190] ^ x[86]
x[188] = x[188] ^ x[57]
x[189] = x[189] ^ x[90]
x[185] = x[185] ^ x[46]
x[187] = x[187] ^ x[77]
x[186] = x[186] ^ x[53]
x[184] = x[184] ^ x[64]
x[183] = x[183] ^ x[58]
x[180] = x[180] ^ x[56]
x[182] = x[182] ^ x[66]
x[177] = x[177] ^ x[82]
x[179] = x[179] ^ x[80]
x[178] = x[178] ^ x[70]
x[172] = x[172] ^ x[158]
x[176] = x[176] ^ x[65]
x[181] = x[181] ^ x[61]
x[175] = x[175] ^ x[71]
x[174] = x[174] ^ x[63]
x[171] = x[171] ^ x[85]
x[167] = x[167] ^ x[55]
x[170] = x[170] ^ x[68]
x[173] = x[173] ^ x[54]
x[169] = x[169] ^ x[69]
x[168] = x[168] ^ x[91]
x[166] = x[166] ^ x[75]
x[162] = x[162] ^ x[62]
x[164] = x[164] ^ x[76]
x[163] = x[163] ^ x[81]
x[165] = x[165] ^ x[60]
x[279] = x[279] ^ x[161]
x[272] = x[272] ^ x[150]
x[323] = x[323] ^ x[134]
x[321] = x[321] ^ x[120]
x[322] = x[322] ^ x[121]
x[320] = x[320] ^ x[114]
x[318] = x[318] ^ x[113]
x[319] = x[319] ^ x[112]
x[316] = x[316] ^ x[137]
x[317] = x[317] ^ x[104]
x[314] = x[314] ^ x[19]
x[313] = x[313] ^ x[111]
x[311] = x[311] ^ x[95]
x[312] = x[312] ^ x[124]
x[306] = x[306] ^ x[0]
x[310] = x[310] ^ x[5]
x[309] = x[309] ^ x[37]
x[308] = x[308] ^ x[99]
x[305] = x[305] ^ x[107]
x[307] = x[307] ^ x[98]
x[301] = x[301] ^ x[4]
x[304] = x[304] ^ x[110]
x[302] = x[302] ^ x[93]
x[299] = x[299] ^ x[1]
x[303] = x[303] ^ x[101]
x[294] = x[294] ^ x[102]
x[296] = x[296] ^ x[108]
x[300] = x[300] ^ x[122]
x[298] = x[298] ^ x[96]
x[297] = x[297] ^ x[90]
x[293] = x[293] ^ x[154]
x[292] = x[292] ^ x[109]
x[291] = x[291] ^ x[103]
x[290] = x[290] ^ x[157]
x[289] = x[289] ^ x[117]
x[285] = x[285] ^ x[100]
x[283] = x[283] ^ x[160]
x[277] = x[277] ^ x[89]
x[287] = x[287] ^ x[106]
x[282] = x[282] ^ x[148]
x[284] = x[284] ^ x[88]
x[280] = x[280] ^ x[156]
x[281] = x[281] ^ x[159]
x[273] = x[273] ^ x[155]
x[278] = x[278] ^ x[129]
x[275] = x[275] ^ x[153]
x[269] = x[269] ^ x[149]
x[268] = x[268] ^ x[146]
x[270] = x[270] ^ x[143]
x[266] = x[266] ^ x[126]
x[265] = x[265] ^ x[142]
x[271] = x[271] ^ x[86]
x[261] = x[261] ^ x[50]
x[267] = x[267] ^ x[130]
x[264] = x[264] ^ x[128]
x[263] = x[263] ^ x[138]
x[260] = x[260] ^ x[151]
x[262] = x[262] ^ x[63]
x[256] = x[256] ^ x[147]
x[257] = x[257] ^ x[135]
x[259] = x[259] ^ x[64]
x[255] = x[255] ^ x[141]
x[252] = x[252] ^ x[136]
x[258] = x[258] ^ x[127]
x[254] = x[254] ^ x[54]
x[253] = x[253] ^ x[139]
x[250] = x[250] ^ x[42]
x[251] = x[251] ^ x[32]
x[246] = x[246] ^ x[48]
x[244] = x[244] ^ x[38]
x[247] = x[247] ^ x[123]
x[249] = x[249] ^ x[40]
x[245] = x[245] ^ x[25]
x[242] = x[242] ^ x[115]
x[243] = x[243] ^ x[43]
x[241] = x[241] ^ x[22]
x[239] = x[239] ^ x[132]
x[248] = x[248] ^ x[28]
x[236] = x[236] ^ x[2]
x[237] = x[237] ^ x[24]
x[240] = x[240] ^ x[26]
x[235] = x[235] ^ x[144]
x[233] = x[233] ^ x[11]
x[238] = x[238] ^ x[20]
x[229] = x[229] ^ x[21]
x[234] = x[234] ^ x[15]
x[231] = x[231] ^ x[105]
x[232] = x[232] ^ x[14]
x[224] = x[224] ^ x[13]
x[230] = x[230] ^ x[33]
x[228] = x[228] ^ x[30]
x[223] = x[223] ^ x[17]
x[226] = x[226] ^ x[36]
x[225] = x[225] ^ x[18]
x[227] = x[227] ^ x[145]
x[220] = x[220] ^ x[3]
x[221] = x[221] ^ x[8]
x[222] = x[222] ^ x[23]
x[219] = x[219] ^ x[12]
x[217] = x[217] ^ x[119]
x[216] = x[216] ^ x[152]
x[218] = x[218] ^ x[94]
x[214] = x[214] ^ x[9]
x[210] = x[210] ^ x[125]
x[208] = x[208] ^ x[31]
x[213] = x[213] ^ x[27]
x[212] = x[212] ^ x[29]
x[215] = x[215] ^ x[10]
x[207] = x[207] ^ x[91]
x[203] = x[203] ^ x[35]
x[211] = x[211] ^ x[7]
x[209] = x[209] ^ x[92]
x[205] = x[205] ^ x[84]
x[206] = x[206] ^ x[6]
x[204] = x[204] ^ x[68]
x[202] = x[202] ^ x[16]
x[200] = x[200] ^ x[97]
x[199] = x[199] ^ x[47]
x[195] = x[195] ^ x[87]
x[201] = x[201] ^ x[81]
x[198] = x[198] ^ x[80]
x[197] = x[197] ^ x[44]
x[196] = x[196] ^ x[69]
x[194] = x[194] ^ x[76]
x[192] = x[192] ^ x[45]
x[193] = x[193] ^ x[41]
x[191] = x[191] ^ x[85]
x[190] = x[190] ^ x[39]
x[188] = x[188] ^ x[67]
x[189] = x[189] ^ x[83]
x[185] = x[185] ^ x[49]
x[187] = x[187] ^ x[46]
x[186] = x[186] ^ x[62]
x[184] = x[184] ^ x[34]
x[183] = x[183] ^ x[52]
x[180] = x[180] ^ x[58]
x[182] = x[182] ^ x[71]
x[177] = x[177] ^ x[74]
x[179] = x[179] ^ x[78]
x[178] = x[178] ^ x[65]
x[172] = x[172] ^ x[53]
x[176] = x[176] ^ x[56]
x[181] = x[181] ^ x[75]
x[175] = x[175] ^ x[66]
x[174] = x[174] ^ x[61]
x[171] = x[171] ^ x[77]
x[167] = x[167] ^ x[60]
x[170] = x[170] ^ x[70]
x[173] = x[173] ^ x[51]
x[169] = x[169] ^ x[57]
x[168] = x[168] ^ x[73]
x[166] = x[166] ^ x[82]
x[162] = x[162] ^ x[55]
x[164] = x[164] ^ x[72]
x[163] = x[163] ^ x[79]
x[165] = x[165] ^ x[59]
x[323] = x[323] ^ x[30]
x[324] = x[324] ^ x[45]
x[321] = x[321] ^ x[55]
x[322] = x[322] ^ x[5]
x[320] = x[320] ^ x[29]
x[318] = x[318] ^ x[119]
x[316] = x[316] ^ x[112]
x[315] = x[315] ^ x[121]
x[314] = x[314] ^ x[124]
x[313] = x[313] ^ x[115]
x[312] = x[312] ^ x[120]
x[306] = x[306] ^ x[95]
x[310] = x[310] ^ x[104]
x[309] = x[309] ^ x[128]
x[308] = x[308] ^ x[105]
x[305] = x[305] ^ x[99]
x[307] = x[307] ^ x[15]
x[301] = x[301] ^ x[8]
x[304] = x[304] ^ x[101]
x[302] = x[302] ^ x[107]
x[299] = x[299] ^ x[0]
x[303] = x[303] ^ x[98]
x[294] = x[294] ^ x[109]
x[296] = x[296] ^ x[10]
x[300] = x[300] ^ x[108]
x[298] = x[298] ^ x[110]
x[297] = x[297] ^ x[156]
x[293] = x[293] ^ x[84]
x[292] = x[292] ^ x[96]
x[288] = x[288] ^ x[85]
x[289] = x[289] ^ x[103]
x[286] = x[286] ^ x[92]
x[285] = x[285] ^ x[79]
x[283] = x[283] ^ x[106]
x[277] = x[277] ^ x[102]
x[287] = x[287] ^ x[89]
x[282] = x[282] ^ x[142]
x[284] = x[284] ^ x[100]
x[280] = x[280] ^ x[151]
x[281] = x[281] ^ x[88]
x[279] = x[279] ^ x[157]
x[273] = x[273] ^ x[145]
x[278] = x[278] ^ x[132]
x[274] = x[274] ^ x[97]
x[275] = x[275] ^ x[147]
x[272] = x[272] ^ x[155]
x[269] = x[269] ^ x[129]
x[268] = x[268] ^ x[149]
x[270] = x[270] ^ x[127]
x[266] = x[266] ^ x[122]
x[265] = x[265] ^ x[143]
x[271] = x[271] ^ x[150]
x[261] = x[261] ^ x[154]
x[267] = x[267] ^ x[134]
x[264] = x[264] ^ x[50]
x[263] = x[263] ^ x[131]
x[260] = x[260] ^ x[146]
x[262] = x[262] ^ x[117]
x[256] = x[256] ^ x[148]
x[257] = x[257] ^ x[123]
x[259] = x[259] ^ x[141]
x[255] = x[255] ^ x[140]
x[252] = x[252] ^ x[40]
x[258] = x[258] ^ x[135]
x[254] = x[254] ^ x[126]
x[253] = x[253] ^ x[63]
x[250] = x[250] ^ x[41]
x[251] = x[251] ^ x[118]
x[246] = x[246] ^ x[61]
x[244] = x[244] ^ x[113]
x[247] = x[247] ^ x[42]
x[249] = x[249] ^ x[32]
x[245] = x[245] ^ x[48]
x[242] = x[242] ^ x[111]
x[243] = x[243] ^ x[51]
x[241] = x[241] ^ x[158]
x[239] = x[239] ^ x[139]
x[248] = x[248] ^ x[114]
x[236] = x[236] ^ x[36]
x[237] = x[237] ^ x[2]
x[240] = x[240] ^ x[33]
x[235] = x[235] ^ x[43]
x[233] = x[233] ^ x[94]
x[238] = x[238] ^ x[22]
x[229] = x[229] ^ x[19]
x[234] = x[234] ^ x[130]
x[231] = x[231] ^ x[20]
x[232] = x[232] ^ x[31]
x[224] = x[224] ^ x[28]
x[230] = x[230] ^ x[13]
x[228] = x[228] ^ x[35]
x[223] = x[223] ^ x[23]
x[226] = x[226] ^ x[26]
x[225] = x[225] ^ x[12]
x[227] = x[227] ^ x[153]
x[220] = x[220] ^ x[16]
x[221] = x[221] ^ x[125]
x[222] = x[222] ^ x[17]
x[219] = x[219] ^ x[3]
x[217] = x[217] ^ x[18]
x[216] = x[216] ^ x[138]
x[218] = x[218] ^ x[9]
x[214] = x[214] ^ x[1]
x[210] = x[210] ^ x[27]
x[208] = x[208] ^ x[14]
x[213] = x[213] ^ x[25]
x[212] = x[212] ^ x[144]
x[215] = x[215] ^ x[4]
x[207] = x[207] ^ x[77]
x[203] = x[203] ^ x[24]
x[211] = x[211] ^ x[87]
x[209] = x[209] ^ x[90]
x[205] = x[205] ^ x[37]
x[206] = x[206] ^ x[11]
x[204] = x[204] ^ x[7]
x[202] = x[202] ^ x[6]
x[200] = x[200] ^ x[93]
x[199] = x[199] ^ x[44]
x[195] = x[195] ^ x[91]
x[201] = x[201] ^ x[83]
x[198] = x[198] ^ x[54]
x[197] = x[197] ^ x[38]
x[196] = x[196] ^ x[60]
x[194] = x[194] ^ x[75]
x[192] = x[192] ^ x[160]
x[193] = x[193] ^ x[21]
x[191] = x[191] ^ x[81]
x[190] = x[190] ^ x[58]
x[188] = x[188] ^ x[39]
x[189] = x[189] ^ x[86]
x[185] = x[185] ^ x[71]
x[187] = x[187] ^ x[49]
x[186] = x[186] ^ x[78]
x[184] = x[184] ^ x[47]
x[183] = x[183] ^ x[53]
x[180] = x[180] ^ x[34]
x[182] = x[182] ^ x[69]
x[177] = x[177] ^ x[73]
x[179] = x[179] ^ x[76]
x[178] = x[178] ^ x[82]
x[172] = x[172] ^ x[46]
x[176] = x[176] ^ x[62]
x[181] = x[181] ^ x[59]
x[175] = x[175] ^ x[67]
x[174] = x[174] ^ x[64]
x[171] = x[171] ^ x[72]
x[167] = x[167] ^ x[56]
x[170] = x[170] ^ x[65]
x[173] = x[173] ^ x[52]
x[169] = x[169] ^ x[70]
x[168] = x[168] ^ x[66]
x[166] = x[166] ^ x[68]
x[162] = x[162] ^ x[159]
x[164] = x[164] ^ x[74]
x[163] = x[163] ^ x[80]
x[165] = x[165] ^ x[57]
x[323] = x[323] ^ x[50]
x[324] = x[324] ^ x[40]
x[321] = x[321] ^ x[118]
x[322] = x[322] ^ x[126]
x[320] = x[320] ^ x[20]
x[319] = x[319] ^ x[114]
x[316] = x[316] ^ x[115]
x[317] = x[317] ^ x[112]
x[314] = x[314] ^ x[6]
x[313] = x[313] ^ x[113]
x[311] = x[311] ^ x[111]
x[312] = x[312] ^ x[87]
x[306] = x[306] ^ x[128]
x[310] = x[310] ^ x[95]
x[309] = x[309] ^ x[104]
x[308] = x[308] ^ x[124]
x[305] = x[305] ^ x[15]
x[307] = x[307] ^ x[107]
x[301] = x[301] ^ x[159]
x[304] = x[304] ^ x[99]
x[302] = x[302] ^ x[105]
x[303] = x[303] ^ x[0]
x[294] = x[294] ^ x[93]
x[296] = x[296] ^ x[109]
x[300] = x[300] ^ x[102]
x[298] = x[298] ^ x[101]
x[295] = x[295] ^ x[98]
x[293] = x[293] ^ x[158]
x[292] = x[292] ^ x[89]
x[291] = x[291] ^ x[100]
x[288] = x[288] ^ x[157]
x[290] = x[290] ^ x[96]
x[289] = x[289] ^ x[108]
x[286] = x[286] ^ x[110]
x[285] = x[285] ^ x[94]
x[283] = x[283] ^ x[79]
x[277] = x[277] ^ x[84]
x[287] = x[287] ^ x[91]
x[282] = x[282] ^ x[156]
x[284] = x[284] ^ x[90]
x[280] = x[280] ^ x[153]
x[281] = x[281] ^ x[152]
x[279] = x[279] ^ x[150]
x[273] = x[273] ^ x[131]
x[278] = x[278] ^ x[88]
x[274] = x[274] ^ x[160]
x[275] = x[275] ^ x[148]
x[272] = x[272] ^ x[103]
x[269] = x[269] ^ x[97]
x[268] = x[268] ^ x[140]
x[270] = x[270] ^ x[137]
x[266] = x[266] ^ x[125]
x[265] = x[265] ^ x[145]
x[271] = x[271] ^ x[154]
x[261] = x[261] ^ x[151]
x[267] = x[267] ^ x[119]
x[264] = x[264] ^ x[147]
x[263] = x[263] ^ x[69]
x[260] = x[260] ^ x[142]
x[262] = x[262] ^ x[120]
x[256] = x[256] ^ x[149]
x[257] = x[257] ^ x[129]
x[259] = x[259] ^ x[144]
x[255] = x[255] ^ x[127]
x[252] = x[252] ^ x[143]
x[258] = x[258] ^ x[134]
x[254] = x[254] ^ x[123]
x[253] = x[253] ^ x[136]
x[250] = x[250] ^ x[135]
x[251] = x[251] ^ x[117]
x[246] = x[246] ^ x[122]
x[244] = x[244] ^ x[41]
x[247] = x[247] ^ x[121]
x[249] = x[249] ^ x[155]
x[245] = x[245] ^ x[141]
x[242] = x[242] ^ x[42]
x[243] = x[243] ^ x[45]
x[241] = x[241] ^ x[25]
x[239] = x[239] ^ x[106]
x[248] = x[248] ^ x[5]
x[236] = x[236] ^ x[92]
x[237] = x[237] ^ x[22]
x[240] = x[240] ^ x[139]
x[235] = x[235] ^ x[31]
x[233] = x[233] ^ x[43]
x[238] = x[238] ^ x[2]
x[229] = x[229] ^ x[28]
x[234] = x[234] ^ x[133]
x[231] = x[231] ^ x[11]
x[232] = x[232] ^ x[37]
x[224] = x[224] ^ x[19]
x[230] = x[230] ^ x[32]
x[228] = x[228] ^ x[24]
x[223] = x[223] ^ x[36]
x[226] = x[226] ^ x[23]
x[225] = x[225] ^ x[33]
x[227] = x[227] ^ x[12]
x[220] = x[220] ^ x[86]
x[221] = x[221] ^ x[17]
x[222] = x[222] ^ x[13]
x[219] = x[219] ^ x[4]
x[217] = x[217] ^ x[16]
x[216] = x[216] ^ x[130]
x[218] = x[218] ^ x[26]
x[214] = x[214] ^ x[35]
x[210] = x[210] ^ x[1]
x[208] = x[208] ^ x[3]
x[213] = x[213] ^ x[14]
x[212] = x[212] ^ x[27]
x[215] = x[215] ^ x[8]
x[207] = x[207] ^ x[85]
x[203] = x[203] ^ x[29]
x[211] = x[211] ^ x[73]
x[209] = x[209] ^ x[83]
x[205] = x[205] ^ x[10]
x[206] = x[206] ^ x[9]
x[204] = x[204] ^ x[77]
x[202] = x[202] ^ x[132]
x[200] = x[200] ^ x[78]
x[199] = x[199] ^ x[48]
x[195] = x[195] ^ x[21]
x[201] = x[201] ^ x[80]
x[198] = x[198] ^ x[63]
x[197] = x[197] ^ x[76]
x[196] = x[196] ^ x[30]
x[194] = x[194] ^ x[71]
x[192] = x[192] ^ x[7]
x[193] = x[193] ^ x[18]
x[191] = x[191] ^ x[74]
x[190] = x[190] ^ x[61]
x[188] = x[188] ^ x[64]
x[189] = x[189] ^ x[81]
x[185] = x[185] ^ x[39]
x[187] = x[187] ^ x[51]
x[186] = x[186] ^ x[75]
x[184] = x[184] ^ x[49]
x[183] = x[183] ^ x[59]
x[180] = x[180] ^ x[46]
x[182] = x[182] ^ x[34]
x[177] = x[177] ^ x[70]
x[179] = x[179] ^ x[53]
x[178] = x[178] ^ x[55]
x[172] = x[172] ^ x[38]
x[176] = x[176] ^ x[52]
x[181] = x[181] ^ x[57]
x[175] = x[175] ^ x[65]
x[174] = x[174] ^ x[60]
x[171] = x[171] ^ x[68]
x[167] = x[167] ^ x[54]
x[170] = x[170] ^ x[62]
x[173] = x[173] ^ x[47]
x[169] = x[169] ^ x[58]
x[168] = x[168] ^ x[67]
x[166] = x[166] ^ x[66]
x[162] = x[162] ^ x[44]
x[164] = x[164] ^ x[82]
x[163] = x[163] ^ x[72]
x[165] = x[165] ^ x[56]
x[323] = x[323] ^ x[47]
x[324] = x[324] ^ x[39]
x[321] = x[321] ^ x[35]
x[322] = x[322] ^ x[134]
x[320] = x[320] ^ x[140]
x[318] = x[318] ^ x[30]
x[319] = x[319] ^ x[6]
x[317] = x[317] ^ x[133]
x[314] = x[314] ^ x[9]
x[311] = x[311] ^ x[127]
x[306] = x[306] ^ x[126]
x[309] = x[309] ^ x[87]
x[308] = x[308] ^ x[95]
x[305] = x[305] ^ x[120]
x[307] = x[307] ^ x[116]
x[301] = x[301] ^ x[105]
x[304] = x[304] ^ x[107]
x[302] = x[302] ^ x[99]
x[299] = x[299] ^ x[121]
x[303] = x[303] ^ x[75]
x[294] = x[294] ^ x[101]
x[296] = x[296] ^ x[5]
x[298] = x[298] ^ x[93]
x[295] = x[295] ^ x[102]
x[297] = x[297] ^ x[144]
x[293] = x[293] ^ x[148]
x[292] = x[292] ^ x[2]
x[288] = x[288] ^ x[98]
x[290] = x[290] ^ x[85]
x[289] = x[289] ^ x[84]
x[286] = x[286] ^ x[108]
x[285] = x[285] ^ x[158]
x[283] = x[283] ^ x[96]
x[277] = x[277] ^ x[79]
x[287] = x[287] ^ x[100]
x[282] = x[282] ^ x[143]
x[284] = x[284] ^ x[91]
x[280] = x[280] ^ x[94]
x[281] = x[281] ^ x[103]
x[279] = x[279] ^ x[154]
x[273] = x[273] ^ x[90]
x[278] = x[278] ^ x[146]
x[276] = x[276] ^ x[76]
x[274] = x[274] ^ x[152]
x[275] = x[275] ^ x[77]
x[272] = x[272] ^ x[88]
x[269] = x[269] ^ x[141]
x[268] = x[268] ^ x[97]
x[270] = x[270] ^ x[125]
x[266] = x[266] ^ x[114]
x[265] = x[265] ^ x[136]
x[271] = x[271] ^ x[151]
x[261] = x[261] ^ x[149]
x[267] = x[267] ^ x[118]
x[264] = x[264] ^ x[117]
x[263] = x[263] ^ x[128]
x[260] = x[260] ^ x[59]
x[262] = x[262] ^ x[72]
x[256] = x[256] ^ x[86]
x[257] = x[257] ^ x[122]
x[259] = x[259] ^ x[129]
x[255] = x[255] ^ x[123]
x[252] = x[252] ^ x[138]
x[258] = x[258] ^ x[115]
x[254] = x[254] ^ x[113]
x[253] = x[253] ^ x[131]
x[250] = x[250] ^ x[124]
x[251] = x[251] ^ x[66]
x[246] = x[246] ^ x[119]
x[244] = x[244] ^ x[112]
x[247] = x[247] ^ x[41]
x[249] = x[249] ^ x[110]
x[245] = x[245] ^ x[132]
x[242] = x[242] ^ x[40]
x[243] = x[243] ^ x[57]
x[241] = x[241] ^ x[135]
x[239] = x[239] ^ x[111]
x[248] = x[248] ^ x[130]
x[236] = x[236] ^ x[109]
x[237] = x[237] ^ x[25]
x[240] = x[240] ^ x[32]
x[235] = x[235] ^ x[104]
x[233] = x[233] ^ x[36]
x[238] = x[238] ^ x[153]
x[229] = x[229] ^ x[22]
x[234] = x[234] ^ x[106]
x[231] = x[231] ^ x[31]
x[232] = x[232] ^ x[15]
x[224] = x[224] ^ x[92]
x[230] = x[230] ^ x[20]
x[228] = x[228] ^ x[83]
x[223] = x[223] ^ x[160]
x[226] = x[226] ^ x[24]
x[225] = x[225] ^ x[81]
x[227] = x[227] ^ x[26]
x[220] = x[220] ^ x[23]
x[221] = x[221] ^ x[29]
x[222] = x[222] ^ x[18]
x[219] = x[219] ^ x[13]
x[217] = x[217] ^ x[12]
x[216] = x[216] ^ x[19]
x[218] = x[218] ^ x[0]
x[214] = x[214] ^ x[159]
x[210] = x[210] ^ x[4]
x[208] = x[208] ^ x[8]
x[213] = x[213] ^ x[11]
x[212] = x[212] ^ x[3]
x[215] = x[215] ^ x[1]
x[207] = x[207] ^ x[17]
x[203] = x[203] ^ x[14]
x[211] = x[211] ^ x[16]
x[209] = x[209] ^ x[62]
x[205] = x[205] ^ x[27]
x[206] = x[206] ^ x[139]
x[204] = x[204] ^ x[71]
x[202] = x[202] ^ x[161]
x[200] = x[200] ^ x[89]
x[199] = x[199] ^ x[64]
x[195] = x[195] ^ x[10]
x[201] = x[201] ^ x[73]
x[198] = x[198] ^ x[28]
x[197] = x[197] ^ x[67]
x[196] = x[196] ^ x[37]
x[194] = x[194] ^ x[38]
x[192] = x[192] ^ x[21]
x[193] = x[193] ^ x[7]
x[191] = x[191] ^ x[80]
x[190] = x[190] ^ x[33]
x[188] = x[188] ^ x[50]
x[189] = x[189] ^ x[70]
x[185] = x[185] ^ x[142]
x[187] = x[187] ^ x[78]
x[186] = x[186] ^ x[44]
x[184] = x[184] ^ x[43]
x[183] = x[183] ^ x[54]
x[180] = x[180] ^ x[65]
x[182] = x[182] ^ x[46]
x[177] = x[177] ^ x[63]
x[179] = x[179] ^ x[34]
x[178] = x[178] ^ x[49]
x[172] = x[172] ^ x[45]
x[176] = x[176] ^ x[58]
x[181] = x[181] ^ x[55]
x[175] = x[175] ^ x[61]
x[174] = x[174] ^ x[42]
x[171] = x[171] ^ x[74]
x[167] = x[167] ^ x[51]
x[170] = x[170] ^ x[52]
x[173] = x[173] ^ x[156]
x[169] = x[169] ^ x[56]
x[168] = x[168] ^ x[60]
x[166] = x[166] ^ x[69]
x[162] = x[162] ^ x[48]
x[164] = x[164] ^ x[68]
x[163] = x[163] ^ x[82]
x[165] = x[165] ^ x[53]
x[315] = x[315] ^ x[147]
x[300] = x[300] ^ x[157]
x[323] = x[323] ^ x[10]
x[324] = x[324] ^ x[137]
x[321] = x[321] ^ x[135]
x[322] = x[322] ^ x[6]
x[320] = x[320] ^ x[23]
x[318] = x[318] ^ x[118]
x[317] = x[317] ^ x[7]
x[314] = x[314] ^ x[114]
x[312] = x[312] ^ x[3]
x[306] = x[306] ^ x[124]
x[310] = x[310] ^ x[2]
x[308] = x[308] ^ x[116]
x[305] = x[305] ^ x[87]
x[307] = x[307] ^ x[104]
x[301] = x[301] ^ x[150]
x[302] = x[302] ^ x[95]
x[299] = x[299] ^ x[98]
x[303] = x[303] ^ x[99]
x[294] = x[294] ^ x[107]
x[296] = x[296] ^ x[9]
x[295] = x[295] ^ x[75]
x[297] = x[297] ^ x[93]
x[293] = x[293] ^ x[102]
x[292] = x[292] ^ x[158]
x[291] = x[291] ^ x[109]
x[288] = x[288] ^ x[96]
x[290] = x[290] ^ x[90]
x[289] = x[289] ^ x[159]
x[286] = x[286] ^ x[83]
x[285] = x[285] ^ x[153]
x[283] = x[283] ^ x[92]
x[277] = x[277] ^ x[81]
x[287] = x[287] ^ x[84]
x[282] = x[282] ^ x[136]
x[284] = x[284] ^ x[85]
x[280] = x[280] ^ x[79]
x[281] = x[281] ^ x[100]
x[279] = x[279] ^ x[151]
x[273] = x[273] ^ x[89]
x[278] = x[278] ^ x[144]
x[276] = x[276] ^ x[161]
x[274] = x[274] ^ x[156]
x[275] = x[275] ^ x[94]
x[272] = x[272] ^ x[148]
x[269] = x[269] ^ x[103]
x[268] = x[268] ^ x[132]
x[270] = x[270] ^ x[77]
x[266] = x[266] ^ x[88]
x[265] = x[265] ^ x[138]
x[271] = x[271] ^ x[145]
x[261] = x[261] ^ x[76]
x[267] = x[267] ^ x[108]
x[264] = x[264] ^ x[123]
x[263] = x[263] ^ x[121]
x[260] = x[260] ^ x[141]
x[262] = x[262] ^ x[128]
x[256] = x[256] ^ x[140]
x[257] = x[257] ^ x[86]
x[259] = x[259] ^ x[133]
x[255] = x[255] ^ x[125]
x[252] = x[252] ^ x[129]
x[258] = x[258] ^ x[122]
x[254] = x[254] ^ x[101]
x[253] = x[253] ^ x[127]
x[250] = x[250] ^ x[120]
x[251] = x[251] ^ x[97]
x[246] = x[246] ^ x[64]
x[244] = x[244] ^ x[69]
x[247] = x[247] ^ x[58]
x[249] = x[249] ^ x[112]
x[245] = x[245] ^ x[61]
x[242] = x[242] ^ x[117]
x[243] = x[243] ^ x[105]
x[241] = x[241] ^ x[126]
x[239] = x[239] ^ x[110]
x[248] = x[248] ^ x[113]
x[236] = x[236] ^ x[48]
x[237] = x[237] ^ x[115]
x[240] = x[240] ^ x[25]
x[235] = x[235] ^ x[36]
x[233] = x[233] ^ x[32]
x[238] = x[238] ^ x[139]
x[229] = x[229] ^ x[111]
x[234] = x[234] ^ x[22]
x[231] = x[231] ^ x[106]
x[232] = x[232] ^ x[5]
x[224] = x[224] ^ x[43]
x[230] = x[230] ^ x[15]
x[228] = x[228] ^ x[20]
x[223] = x[223] ^ x[27]
x[226] = x[226] ^ x[28]
x[225] = x[225] ^ x[47]
x[227] = x[227] ^ x[31]
x[220] = x[220] ^ x[19]
x[221] = x[221] ^ x[21]
x[222] = x[222] ^ x[26]
x[219] = x[219] ^ x[154]
x[217] = x[217] ^ x[17]
x[216] = x[216] ^ x[12]
x[218] = x[218] ^ x[37]
x[214] = x[214] ^ x[24]
x[210] = x[210] ^ x[0]
x[208] = x[208] ^ x[13]
x[213] = x[213] ^ x[18]
x[212] = x[212] ^ x[149]
x[215] = x[215] ^ x[11]
x[207] = x[207] ^ x[4]
x[203] = x[203] ^ x[1]
x[211] = x[211] ^ x[35]
x[209] = x[209] ^ x[80]
x[205] = x[205] ^ x[8]
x[206] = x[206] ^ x[119]
x[204] = x[204] ^ x[66]
x[202] = x[202] ^ x[130]
x[200] = x[200] ^ x[91]
x[199] = x[199] ^ x[42]
x[195] = x[195] ^ x[146]
x[201] = x[201] ^ x[72]
x[198] = x[198] ^ x[29]
x[197] = x[197] ^ x[59]
x[196] = x[196] ^ x[16]
x[194] = x[194] ^ x[30]
x[192] = x[192] ^ x[14]
x[193] = x[193] ^ x[142]
x[191] = x[191] ^ x[71]
x[190] = x[190] ^ x[54]
x[188] = x[188] ^ x[60]
x[189] = x[189] ^ x[78]
x[185] = x[185] ^ x[68]
x[187] = x[187] ^ x[82]
x[186] = x[186] ^ x[57]
x[184] = x[184] ^ x[41]
x[183] = x[183] ^ x[50]
x[180] = x[180] ^ x[40]
x[182] = x[182] ^ x[38]
x[177] = x[177] ^ x[46]
x[179] = x[179] ^ x[74]
x[178] = x[178] ^ x[63]
x[172] = x[172] ^ x[34]
x[176] = x[176] ^ x[53]
x[181] = x[181] ^ x[56]
x[175] = x[175] ^ x[49]
x[174] = x[174] ^ x[39]
x[171] = x[171] ^ x[70]
x[167] = x[167] ^ x[52]
x[170] = x[170] ^ x[44]
x[173] = x[173] ^ x[45]
x[169] = x[169] ^ x[55]
x[168] = x[168] ^ x[62]
x[166] = x[166] ^ x[65]
x[162] = x[162] ^ x[33]
x[164] = x[164] ^ x[67]
x[163] = x[163] ^ x[73]
x[165] = x[165] ^ x[51]
x[316] = x[316] ^ x[134]
x[313] = x[313] ^ x[131]
x[323] = x[323] ^ x[158]
x[324] = x[324] ^ x[32]
x[321] = x[321] ^ x[45]
x[322] = x[322] ^ x[13]
x[320] = x[320] ^ x[18]
x[317] = x[317] ^ x[23]
x[315] = x[315] ^ x[141]
x[314] = x[314] ^ x[135]
x[311] = x[311] ^ x[156]
x[306] = x[306] ^ x[160]
x[310] = x[310] ^ x[3]
x[309] = x[309] ^ x[5]
x[308] = x[308] ^ x[128]
x[305] = x[305] ^ x[14]
x[301] = x[301] ^ x[155]
x[304] = x[304] ^ x[106]
x[302] = x[302] ^ x[113]
x[299] = x[299] ^ x[124]
x[294] = x[294] ^ x[105]
x[296] = x[296] ^ x[101]
x[300] = x[300] ^ x[107]
x[298] = x[298] ^ x[109]
x[295] = x[295] ^ x[161]
x[297] = x[297] ^ x[153]
x[293] = x[293] ^ x[95]
x[292] = x[292] ^ x[99]
x[291] = x[291] ^ x[93]
x[288] = x[288] ^ x[154]
x[290] = x[290] ^ x[98]
x[289] = x[289] ^ x[102]
x[285] = x[285] ^ x[142]
x[283] = x[283] ^ x[100]
x[277] = x[277] ^ x[91]
x[287] = x[287] ^ x[81]
x[282] = x[282] ^ x[133]
x[284] = x[284] ^ x[84]
x[280] = x[280] ^ x[85]
x[281] = x[281] ^ x[79]
x[279] = x[279] ^ x[147]
x[273] = x[273] ^ x[127]
x[278] = x[278] ^ x[89]
x[276] = x[276] ^ x[152]
x[274] = x[274] ^ x[78]
x[275] = x[275] ^ x[129]
x[272] = x[272] ^ x[80]
x[269] = x[269] ^ x[132]
x[268] = x[268] ^ x[94]
x[270] = x[270] ^ x[120]
x[266] = x[266] ^ x[90]
x[265] = x[265] ^ x[65]
x[271] = x[271] ^ x[140]
x[261] = x[261] ^ x[144]
x[267] = x[267] ^ x[82]
x[264] = x[264] ^ x[122]
x[263] = x[263] ^ x[119]
x[260] = x[260] ^ x[139]
x[262] = x[262] ^ x[108]
x[256] = x[256] ^ x[137]
x[257] = x[257] ^ x[115]
x[259] = x[259] ^ x[86]
x[255] = x[255] ^ x[59]
x[252] = x[252] ^ x[126]
x[258] = x[258] ^ x[121]
x[254] = x[254] ^ x[63]
x[253] = x[253] ^ x[62]
x[250] = x[250] ^ x[114]
x[251] = x[251] ^ x[104]
x[246] = x[246] ^ x[116]
x[244] = x[244] ^ x[96]
x[247] = x[247] ^ x[118]
x[249] = x[249] ^ x[117]
x[245] = x[245] ^ x[130]
x[242] = x[242] ^ x[112]
x[243] = x[243] ^ x[103]
x[241] = x[241] ^ x[111]
x[239] = x[239] ^ x[61]
x[248] = x[248] ^ x[110]
x[236] = x[236] ^ x[97]
x[237] = x[237] ^ x[48]
x[240] = x[240] ^ x[41]
x[235] = x[235] ^ x[92]
x[233] = x[233] ^ x[83]
x[238] = x[238] ^ x[88]
x[229] = x[229] ^ x[25]
x[234] = x[234] ^ x[47]
x[231] = x[231] ^ x[22]
x[232] = x[232] ^ x[125]
x[224] = x[224] ^ x[52]
x[230] = x[230] ^ x[157]
x[228] = x[228] ^ x[15]
x[223] = x[223] ^ x[87]
x[226] = x[226] ^ x[43]
x[225] = x[225] ^ x[36]
x[227] = x[227] ^ x[77]
x[220] = x[220] ^ x[26]
x[221] = x[221] ^ x[2]
x[222] = x[222] ^ x[20]
x[219] = x[219] ^ x[30]
x[217] = x[217] ^ x[145]
x[216] = x[216] ^ x[146]
x[218] = x[218] ^ x[12]
x[214] = x[214] ^ x[29]
x[210] = x[210] ^ x[35]
x[208] = x[208] ^ x[159]
x[213] = x[213] ^ x[0]
x[212] = x[212] ^ x[136]
x[215] = x[215] ^ x[9]
x[207] = x[207] ^ x[72]
x[203] = x[203] ^ x[19]
x[211] = x[211] ^ x[24]
x[209] = x[209] ^ x[37]
x[205] = x[205] ^ x[17]
x[206] = x[206] ^ x[4]
x[204] = x[204] ^ x[74]
x[202] = x[202] ^ x[138]
x[200] = x[200] ^ x[1]
x[199] = x[199] ^ x[6]
x[195] = x[195] ^ x[76]
x[201] = x[201] ^ x[67]
x[198] = x[198] ^ x[7]
x[197] = x[197] ^ x[21]
x[196] = x[196] ^ x[11]
x[194] = x[194] ^ x[8]
x[192] = x[192] ^ x[16]
x[193] = x[193] ^ x[10]
x[191] = x[191] ^ x[56]
x[190] = x[190] ^ x[57]
x[188] = x[188] ^ x[54]
x[189] = x[189] ^ x[75]
x[185] = x[185] ^ x[64]
x[187] = x[187] ^ x[73]
x[186] = x[186] ^ x[40]
x[184] = x[184] ^ x[27]
x[183] = x[183] ^ x[28]
x[180] = x[180] ^ x[31]
x[182] = x[182] ^ x[55]
x[177] = x[177] ^ x[60]
x[179] = x[179] ^ x[66]
x[178] = x[178] ^ x[44]
x[172] = x[172] ^ x[143]
x[176] = x[176] ^ x[33]
x[181] = x[181] ^ x[53]
x[175] = x[175] ^ x[51]
x[174] = x[174] ^ x[38]
x[171] = x[171] ^ x[71]
x[167] = x[167] ^ x[46]
x[170] = x[170] ^ x[39]
x[173] = x[173] ^ x[34]
x[169] = x[169] ^ x[49]
x[168] = x[168] ^ x[58]
x[166] = x[166] ^ x[70]
x[162] = x[162] ^ x[42]
x[164] = x[164] ^ x[69]
x[163] = x[163] ^ x[68]
x[165] = x[165] ^ x[50]
x[318] = x[318] ^ x[134]
x[323] = x[323] ^ x[39]
x[324] = x[324] ^ x[129]
x[321] = x[321] ^ x[46]
x[322] = x[322] ^ x[139]
x[320] = x[320] ^ x[137]
x[319] = x[319] ^ x[135]
x[317] = x[317] ^ x[19]
x[314] = x[314] ^ x[121]
x[311] = x[311] ^ x[141]
x[306] = x[306] ^ x[111]
x[305] = x[305] ^ x[159]
x[307] = x[307] ^ x[124]
x[301] = x[301] ^ x[112]
x[304] = x[304] ^ x[87]
x[299] = x[299] ^ x[113]
x[303] = x[303] ^ x[158]
x[294] = x[294] ^ x[151]
x[298] = x[298] ^ x[157]
x[295] = x[295] ^ x[160]
x[297] = x[297] ^ x[107]
x[293] = x[293] ^ x[147]
x[292] = x[292] ^ x[110]
x[291] = x[291] ^ x[161]
x[288] = x[288] ^ x[93]
x[290] = x[290] ^ x[106]
x[289] = x[289] ^ x[75]
x[286] = x[286] ^ x[98]
x[285] = x[285] ^ x[149]
x[283] = x[283] ^ x[95]
x[277] = x[277] ^ x[132]
x[287] = x[287] ^ x[92]
x[282] = x[282] ^ x[85]
x[284] = x[284] ^ x[81]
x[280] = x[280] ^ x[84]
x[281] = x[281] ^ x[142]
x[279] = x[279] ^ x[148]
x[273] = x[273] ^ x[140]
x[278] = x[278] ^ x[127]
x[276] = x[276] ^ x[79]
x[274] = x[274] ^ x[89]
x[275] = x[275] ^ x[103]
x[272] = x[272] ^ x[94]
x[269] = x[269] ^ x[78]
x[268] = x[268] ^ x[80]
x[270] = x[270] ^ x[97]
x[266] = x[266] ^ x[74]
x[265] = x[265] ^ x[77]
x[271] = x[271] ^ x[136]
x[261] = x[261] ^ x[143]
x[267] = x[267] ^ x[68]
x[264] = x[264] ^ x[130]
x[263] = x[263] ^ x[82]
x[260] = x[260] ^ x[133]
x[262] = x[262] ^ x[119]
x[256] = x[256] ^ x[65]
x[257] = x[257] ^ x[126]
x[259] = x[259] ^ x[131]
x[255] = x[255] ^ x[76]
x[252] = x[252] ^ x[123]
x[258] = x[258] ^ x[108]
x[254] = x[254] ^ x[102]
x[253] = x[253] ^ x[128]
x[250] = x[250] ^ x[117]
x[251] = x[251] ^ x[88]
x[246] = x[246] ^ x[115]
x[244] = x[244] ^ x[101]
x[247] = x[247] ^ x[114]
x[249] = x[249] ^ x[96]
x[245] = x[245] ^ x[122]
x[242] = x[242] ^ x[104]
x[243] = x[243] ^ x[100]
x[241] = x[241] ^ x[105]
x[239] = x[239] ^ x[86]
x[248] = x[248] ^ x[109]
x[236] = x[236] ^ x[52]
x[237] = x[237] ^ x[120]
x[240] = x[240] ^ x[116]
x[235] = x[235] ^ x[63]
x[233] = x[233] ^ x[91]
x[238] = x[238] ^ x[57]
x[229] = x[229] ^ x[48]
x[234] = x[234] ^ x[42]
x[231] = x[231] ^ x[32]
x[232] = x[232] ^ x[99]
x[224] = x[224] ^ x[24]
x[230] = x[230] ^ x[25]
x[228] = x[228] ^ x[22]
x[223] = x[223] ^ x[83]
x[226] = x[226] ^ x[5]
x[225] = x[225] ^ x[43]
x[227] = x[227] ^ x[30]
x[220] = x[220] ^ x[38]
x[221] = x[221] ^ x[71]
x[222] = x[222] ^ x[15]
x[219] = x[219] ^ x[20]
x[217] = x[217] ^ x[26]
x[216] = x[216] ^ x[2]
x[218] = x[218] ^ x[23]
x[214] = x[214] ^ x[17]
x[210] = x[210] ^ x[28]
x[208] = x[208] ^ x[125]
x[213] = x[213] ^ x[12]
x[212] = x[212] ^ x[69]
x[215] = x[215] ^ x[90]
x[207] = x[207] ^ x[3]
x[203] = x[203] ^ x[152]
x[211] = x[211] ^ x[0]
x[209] = x[209] ^ x[73]
x[205] = x[205] ^ x[7]
x[206] = x[206] ^ x[27]
x[204] = x[204] ^ x[9]
x[202] = x[202] ^ x[21]
x[200] = x[200] ^ x[72]
x[199] = x[199] ^ x[29]
x[195] = x[195] ^ x[11]
x[201] = x[201] ^ x[6]
x[198] = x[198] ^ x[16]
x[197] = x[197] ^ x[18]
x[196] = x[196] ^ x[8]
x[194] = x[194] ^ x[1]
x[192] = x[192] ^ x[10]
x[193] = x[193] ^ x[4]
x[191] = x[191] ^ x[67]
x[190] = x[190] ^ x[14]
x[188] = x[188] ^ x[56]
x[189] = x[189] ^ x[62]
x[185] = x[185] ^ x[58]
x[187] = x[187] ^ x[70]
x[186] = x[186] ^ x[45]
x[184] = x[184] ^ x[37]
x[183] = x[183] ^ x[35]
x[180] = x[180] ^ x[33]
x[182] = x[182] ^ x[47]
x[177] = x[177] ^ x[50]
x[179] = x[179] ^ x[61]
x[178] = x[178] ^ x[60]
x[172] = x[172] ^ x[40]
x[176] = x[176] ^ x[34]
x[181] = x[181] ^ x[54]
x[175] = x[175] ^ x[55]
x[174] = x[174] ^ x[156]
x[171] = x[171] ^ x[51]
x[167] = x[167] ^ x[138]
x[170] = x[170] ^ x[31]
x[173] = x[173] ^ x[36]
x[169] = x[169] ^ x[44]
x[168] = x[168] ^ x[53]
x[166] = x[166] ^ x[64]
x[162] = x[162] ^ x[41]
x[164] = x[164] ^ x[59]
x[163] = x[163] ^ x[66]
x[165] = x[165] ^ x[49]
x[313] = x[313] ^ x[149]
x[315] = x[315] ^ x[134]
x[323] = x[323] ^ x[45]
x[324] = x[324] ^ x[36]
x[321] = x[321] ^ x[136]
x[320] = x[320] ^ x[14]
x[318] = x[318] ^ x[9]
x[317] = x[317] ^ x[135]
x[311] = x[311] ^ x[121]
x[312] = x[312] ^ x[115]
x[310] = x[310] ^ x[127]
x[309] = x[309] ^ x[3]
x[308] = x[308] ^ x[158]
x[305] = x[305] ^ x[112]
x[307] = x[307] ^ x[120]
x[301] = x[301] ^ x[111]
x[299] = x[299] ^ x[105]
x[303] = x[303] ^ x[126]
x[294] = x[294] ^ x[87]
x[296] = x[296] ^ x[4]
x[298] = x[298] ^ x[160]
x[295] = x[295] ^ x[157]
x[293] = x[293] ^ x[144]
x[292] = x[292] ^ x[107]
x[291] = x[291] ^ x[99]
x[288] = x[288] ^ x[155]
x[290] = x[290] ^ x[142]
x[289] = x[289] ^ x[156]
x[286] = x[286] ^ x[75]
x[285] = x[285] ^ x[140]
x[283] = x[283] ^ x[109]
x[277] = x[277] ^ x[93]
x[287] = x[287] ^ x[83]
x[282] = x[282] ^ x[128]
x[284] = x[284] ^ x[143]
x[280] = x[280] ^ x[139]
x[281] = x[281] ^ x[148]
x[279] = x[279] ^ x[131]
x[273] = x[273] ^ x[81]
x[278] = x[278] ^ x[90]
x[276] = x[276] ^ x[153]
x[274] = x[274] ^ x[150]
x[275] = x[275] ^ x[141]
x[272] = x[272] ^ x[91]
x[269] = x[269] ^ x[137]
x[268] = x[268] ^ x[78]
x[270] = x[270] ^ x[84]
x[266] = x[266] ^ x[79]
x[265] = x[265] ^ x[89]
x[271] = x[271] ^ x[132]
x[261] = x[261] ^ x[74]
x[267] = x[267] ^ x[72]
x[264] = x[264] ^ x[80]
x[263] = x[263] ^ x[116]
x[260] = x[260] ^ x[73]
x[262] = x[262] ^ x[68]
x[256] = x[256] ^ x[129]
x[257] = x[257] ^ x[85]
x[259] = x[259] ^ x[65]
x[255] = x[255] ^ x[119]
x[252] = x[252] ^ x[122]
x[258] = x[258] ^ x[106]
x[254] = x[254] ^ x[110]
x[253] = x[253] ^ x[123]
x[250] = x[250] ^ x[104]
x[251] = x[251] ^ x[57]
x[246] = x[246] ^ x[108]
x[244] = x[244] ^ x[94]
x[247] = x[247] ^ x[64]
x[249] = x[249] ^ x[101]
x[245] = x[245] ^ x[118]
x[242] = x[242] ^ x[103]
x[243] = x[243] ^ x[58]
x[241] = x[241] ^ x[54]
x[239] = x[239] ^ x[71]
x[248] = x[248] ^ x[98]
x[236] = x[236] ^ x[95]
x[237] = x[237] ^ x[113]
x[240] = x[240] ^ x[117]
x[235] = x[235] ^ x[102]
x[233] = x[233] ^ x[77]
x[238] = x[238] ^ x[41]
x[229] = x[229] ^ x[96]
x[234] = x[234] ^ x[63]
x[231] = x[231] ^ x[48]
x[232] = x[232] ^ x[55]
x[224] = x[224] ^ x[88]
x[230] = x[230] ^ x[100]
x[228] = x[228] ^ x[86]
x[223] = x[223] ^ x[47]
x[226] = x[226] ^ x[152]
x[225] = x[225] ^ x[22]
x[227] = x[227] ^ x[25]
x[220] = x[220] ^ x[5]
x[221] = x[221] ^ x[19]
x[222] = x[222] ^ x[92]
x[219] = x[219] ^ x[97]
x[217] = x[217] ^ x[76]
x[216] = x[216] ^ x[15]
x[218] = x[218] ^ x[28]
x[214] = x[214] ^ x[21]
x[210] = x[210] ^ x[23]
x[208] = x[208] ^ x[2]
x[213] = x[213] ^ x[20]
x[212] = x[212] ^ x[82]
x[215] = x[215] ^ x[130]
x[207] = x[207] ^ x[151]
x[203] = x[203] ^ x[13]
x[211] = x[211] ^ x[18]
x[209] = x[209] ^ x[69]
x[205] = x[205] ^ x[29]
x[206] = x[206] ^ x[0]
x[204] = x[204] ^ x[159]
x[202] = x[202] ^ x[147]
x[200] = x[200] ^ x[70]
x[199] = x[199] ^ x[7]
x[195] = x[195] ^ x[17]
x[201] = x[201] ^ x[66]
x[198] = x[198] ^ x[6]
x[197] = x[197] ^ x[11]
x[196] = x[196] ^ x[12]
x[194] = x[194] ^ x[10]
x[191] = x[191] ^ x[59]
x[188] = x[188] ^ x[42]
x[189] = x[189] ^ x[61]
x[185] = x[185] ^ x[52]
x[187] = x[187] ^ x[60]
x[186] = x[186] ^ x[38]
x[184] = x[184] ^ x[32]
x[183] = x[183] ^ x[37]
x[180] = x[180] ^ x[43]
x[182] = x[182] ^ x[24]
x[177] = x[177] ^ x[62]
x[179] = x[179] ^ x[27]
x[178] = x[178] ^ x[31]
x[172] = x[172] ^ x[161]
x[176] = x[176] ^ x[46]
x[181] = x[181] ^ x[35]
x[175] = x[175] ^ x[53]
x[174] = x[174] ^ x[34]
x[171] = x[171] ^ x[49]
x[167] = x[167] ^ x[40]
x[170] = x[170] ^ x[30]
x[173] = x[173] ^ x[26]
x[169] = x[169] ^ x[33]
x[168] = x[168] ^ x[50]
x[166] = x[166] ^ x[51]
x[162] = x[162] ^ x[39]
x[164] = x[164] ^ x[56]
x[163] = x[163] ^ x[67]
x[165] = x[165] ^ x[44]
x[192] = x[192] ^ x[8]
x[316] = x[316] ^ x[123]
x[313] = x[313] ^ x[13]
x[322] = x[322] ^ x[125]
x[315] = x[315] ^ x[149]
x[314] = x[314] ^ x[134]
x[193] = x[193] ^ x[1]
x[190] = x[190] ^ x[16]
x[323] = x[323] ^ x[34]
x[324] = x[324] ^ x[28]
x[321] = x[321] ^ x[19]
x[318] = x[318] ^ x[23]
x[311] = x[311] ^ x[0]
x[306] = x[306] ^ x[158]
x[309] = x[309] ^ x[115]
x[308] = x[308] ^ x[152]
x[302] = x[302] ^ x[127]
x[299] = x[299] ^ x[104]
x[303] = x[303] ^ x[111]
x[294] = x[294] ^ x[128]
x[298] = x[298] ^ x[116]
x[295] = x[295] ^ x[105]
x[293] = x[293] ^ x[122]
x[288] = x[288] ^ x[95]
x[290] = x[290] ^ x[109]
x[289] = x[289] ^ x[107]
x[286] = x[286] ^ x[106]
x[285] = x[285] ^ x[137]
x[283] = x[283] ^ x[75]
x[277] = x[277] ^ x[131]
x[287] = x[287] ^ x[98]
x[284] = x[284] ^ x[130]
x[281] = x[281] ^ x[141]
x[279] = x[279] ^ x[126]
x[273] = x[273] ^ x[91]
x[278] = x[278] ^ x[135]
x[276] = x[276] ^ x[90]
x[274] = x[274] ^ x[79]
x[272] = x[272] ^ x[81]
x[269] = x[269] ^ x[133]
x[270] = x[270] ^ x[124]
x[266] = x[266] ^ x[78]
x[265] = x[265] ^ x[132]
x[271] = x[271] ^ x[80]
x[261] = x[261] ^ x[139]
x[267] = x[267] ^ x[110]
x[264] = x[264] ^ x[72]
x[263] = x[263] ^ x[117]
x[260] = x[260] ^ x[84]
x[262] = x[262] ^ x[74]
x[256] = x[256] ^ x[73]
x[257] = x[257] ^ x[121]
x[259] = x[259] ^ x[76]
x[255] = x[255] ^ x[68]
x[252] = x[252] ^ x[86]
x[258] = x[258] ^ x[102]
x[254] = x[254] ^ x[65]
x[253] = x[253] ^ x[120]
x[250] = x[250] ^ x[96]
x[251] = x[251] ^ x[101]
x[246] = x[246] ^ x[118]
x[244] = x[244] ^ x[97]
x[247] = x[247] ^ x[108]
x[249] = x[249] ^ x[89]
x[245] = x[245] ^ x[114]
x[242] = x[242] ^ x[46]
x[243] = x[243] ^ x[44]
x[241] = x[241] ^ x[66]
x[239] = x[239] ^ x[54]
x[248] = x[248] ^ x[71]
x[236] = x[236] ^ x[99]
x[237] = x[237] ^ x[112]
x[240] = x[240] ^ x[113]
x[235] = x[235] ^ x[100]
x[233] = x[233] ^ x[85]
x[238] = x[238] ^ x[60]
x[229] = x[229] ^ x[88]
x[234] = x[234] ^ x[103]
x[231] = x[231] ^ x[87]
x[232] = x[232] ^ x[61]
x[224] = x[224] ^ x[57]
x[230] = x[230] ^ x[63]
x[228] = x[228] ^ x[52]
x[223] = x[223] ^ x[77]
x[226] = x[226] ^ x[92]
x[225] = x[225] ^ x[55]
x[227] = x[227] ^ x[42]
x[220] = x[220] ^ x[67]
x[221] = x[221] ^ x[143]
x[222] = x[222] ^ x[93]
x[219] = x[219] ^ x[94]
x[217] = x[217] ^ x[22]
x[216] = x[216] ^ x[20]
x[218] = x[218] ^ x[150]
x[214] = x[214] ^ x[25]
x[210] = x[210] ^ x[155]
x[208] = x[208] ^ x[15]
x[213] = x[213] ^ x[5]
x[212] = x[212] ^ x[70]
x[215] = x[215] ^ x[18]
x[207] = x[207] ^ x[82]
x[203] = x[203] ^ x[153]
x[211] = x[211] ^ x[11]
x[209] = x[209] ^ x[64]
x[205] = x[205] ^ x[3]
x[204] = x[204] ^ x[144]
x[202] = x[202] ^ x[4]
x[200] = x[200] ^ x[14]
x[199] = x[199] ^ x[37]
x[195] = x[195] ^ x[2]
x[201] = x[201] ^ x[21]
x[198] = x[198] ^ x[17]
x[196] = x[196] ^ x[138]
x[194] = x[194] ^ x[7]
x[191] = x[191] ^ x[62]
x[188] = x[188] ^ x[36]
x[189] = x[189] ^ x[56]
x[185] = x[185] ^ x[47]
x[187] = x[187] ^ x[45]
x[186] = x[186] ^ x[33]
x[183] = x[183] ^ x[29]
x[180] = x[180] ^ x[30]
x[182] = x[182] ^ x[26]
x[177] = x[177] ^ x[43]
x[179] = x[179] ^ x[58]
x[178] = x[178] ^ x[39]
x[172] = x[172] ^ x[146]
x[176] = x[176] ^ x[27]
x[181] = x[181] ^ x[48]
x[175] = x[175] ^ x[50]
x[174] = x[174] ^ x[31]
x[171] = x[171] ^ x[59]
x[167] = x[167] ^ x[41]
x[170] = x[170] ^ x[35]
x[173] = x[173] ^ x[24]
x[169] = x[169] ^ x[40]
x[168] = x[168] ^ x[49]
x[166] = x[166] ^ x[53]
x[162] = x[162] ^ x[32]
x[164] = x[164] ^ x[51]
x[163] = x[163] ^ x[69]
x[165] = x[165] ^ x[38]
x[192] = x[192] ^ x[142]
x[291] = x[291] ^ x[160]
x[316] = x[316] ^ x[118]
x[300] = x[300] ^ x[154]
x[304] = x[304] ^ x[124]
x[322] = x[322] ^ x[8]
x[320] = x[320] ^ x[13]
x[319] = x[319] ^ x[119]
x[317] = x[317] ^ x[9]
x[314] = x[314] ^ x[125]
x[310] = x[310] ^ x[123]
x[305] = x[305] ^ x[161]
x[301] = x[301] ^ x[151]
x[296] = x[296] ^ x[159]
x[297] = x[297] ^ x[140]
x[292] = x[292] ^ x[156]
x[282] = x[282] ^ x[83]
x[280] = x[280] ^ x[149]
x[275] = x[275] ^ x[136]
x[268] = x[268] ^ x[129]
x[206] = x[206] ^ x[148]
x[197] = x[197] ^ x[6]
x[193] = x[193] ^ x[145]
x[190] = x[190] ^ x[12]
x[184] = x[184] ^ x[10]
x[323] = x[323] ^ x[1]
x[324] = x[324] ^ x[158]
x[321] = x[321] ^ x[41]
x[308] = x[308] ^ x[114]
x[303] = x[303] ^ x[104]
x[295] = x[295] ^ x[141]
x[293] = x[293] ^ x[108]
x[288] = x[288] ^ x[153]
x[290] = x[290] ^ x[144]
x[289] = x[289] ^ x[99]
x[286] = x[286] ^ x[113]
x[283] = x[283] ^ x[110]
x[277] = x[277] ^ x[134]
x[284] = x[284] ^ x[93]
x[281] = x[281] ^ x[139]
x[278] = x[278] ^ x[107]
x[272] = x[272] ^ x[143]
x[269] = x[269] ^ x[128]
x[270] = x[270] ^ x[91]
x[266] = x[266] ^ x[103]
x[265] = x[265] ^ x[115]
x[271] = x[271] ^ x[78]
x[261] = x[261] ^ x[127]
x[267] = x[267] ^ x[77]
x[264] = x[264] ^ x[85]
x[263] = x[263] ^ x[120]
x[260] = x[260] ^ x[72]
x[262] = x[262] ^ x[82]
x[256] = x[256] ^ x[80]
x[257] = x[257] ^ x[73]
x[259] = x[259] ^ x[122]
x[255] = x[255] ^ x[74]
x[252] = x[252] ^ x[59]
x[258] = x[258] ^ x[76]
x[254] = x[254] ^ x[68]
x[253] = x[253] ^ x[116]
x[250] = x[250] ^ x[98]
x[251] = x[251] ^ x[62]
x[246] = x[246] ^ x[117]
x[244] = x[244] ^ x[109]
x[247] = x[247] ^ x[65]
x[249] = x[249] ^ x[106]
x[245] = x[245] ^ x[67]
x[242] = x[242] ^ x[69]
x[243] = x[243] ^ x[40]
x[241] = x[241] ^ x[101]
x[239] = x[239] ^ x[64]
x[248] = x[248] ^ x[86]
x[236] = x[236] ^ x[94]
x[237] = x[237] ^ x[54]
x[240] = x[240] ^ x[60]
x[235] = x[235] ^ x[90]
x[233] = x[233] ^ x[81]
x[238] = x[238] ^ x[160]
x[229] = x[229] ^ x[100]
x[234] = x[234] ^ x[95]
x[232] = x[232] ^ x[89]
x[224] = x[224] ^ x[97]
x[230] = x[230] ^ x[92]
x[228] = x[228] ^ x[63]
x[223] = x[223] ^ x[52]
x[226] = x[226] ^ x[88]
x[225] = x[225] ^ x[79]
x[227] = x[227] ^ x[71]
x[220] = x[220] ^ x[42]
x[221] = x[221] ^ x[28]
x[222] = x[222] ^ x[38]
x[219] = x[219] ^ x[84]
x[217] = x[217] ^ x[30]
x[216] = x[216] ^ x[61]
x[218] = x[218] ^ x[19]
x[214] = x[214] ^ x[33]
x[210] = x[210] ^ x[20]
x[208] = x[208] ^ x[66]
x[213] = x[213] ^ x[15]
x[212] = x[212] ^ x[5]
x[215] = x[215] ^ x[87]
x[207] = x[207] ^ x[23]
x[211] = x[211] ^ x[138]
x[209] = x[209] ^ x[55]
x[205] = x[205] ^ x[75]
x[204] = x[204] ^ x[0]
x[202] = x[202] ^ x[18]
x[200] = x[200] ^ x[17]
x[199] = x[199] ^ x[3]
x[195] = x[195] ^ x[14]
x[194] = x[194] ^ x[16]
x[191] = x[191] ^ x[57]
x[188] = x[188] ^ x[25]
x[189] = x[189] ^ x[58]
x[185] = x[185] ^ x[48]
x[186] = x[186] ^ x[36]
x[183] = x[183] ^ x[21]
x[182] = x[182] ^ x[32]
x[177] = x[177] ^ x[56]
x[179] = x[179] ^ x[51]
x[178] = x[178] ^ x[53]
x[172] = x[172] ^ x[24]
x[176] = x[176] ^ x[43]
x[181] = x[181] ^ x[27]
x[175] = x[175] ^ x[47]
x[174] = x[174] ^ x[29]
x[171] = x[171] ^ x[50]
x[167] = x[167] ^ x[34]
x[170] = x[170] ^ x[26]
x[173] = x[173] ^ x[22]
x[169] = x[169] ^ x[39]
x[168] = x[168] ^ x[46]
x[166] = x[166] ^ x[44]
x[162] = x[162] ^ x[31]
x[164] = x[164] ^ x[49]
x[163] = x[163] ^ x[70]
x[165] = x[165] ^ x[45]
x[294] = x[294] ^ x[126]
x[287] = x[287] ^ x[102]
x[273] = x[273] ^ x[137]
x[231] = x[231] ^ x[96]
x[196] = x[196] ^ x[142]
x[291] = x[291] ^ x[105]
x[316] = x[316] ^ x[133]
x[315] = x[315] ^ x[1]
x[312] = x[312] ^ x[134]
x[307] = x[307] ^ x[16]
x[201] = x[201] ^ x[2]
x[180] = x[180] ^ x[37]
x[322] = x[322] ^ x[12]
x[320] = x[320] ^ x[11]
x[318] = x[318] ^ x[148]
x[319] = x[319] ^ x[149]
x[317] = x[317] ^ x[10]
x[314] = x[314] ^ x[119]
x[311] = x[311] ^ x[118]
x[306] = x[306] ^ x[157]
x[310] = x[310] ^ x[135]
x[305] = x[305] ^ x[13]
x[301] = x[301] ^ x[147]
x[302] = x[302] ^ x[124]
x[299] = x[299] ^ x[111]
x[300] = x[300] ^ x[156]
x[298] = x[298] ^ x[159]
x[297] = x[297] ^ x[145]
x[292] = x[292] ^ x[150]
x[282] = x[282] ^ x[129]
x[280] = x[280] ^ x[83]
x[279] = x[279] ^ x[123]
x[274] = x[274] ^ x[154]
x[275] = x[275] ^ x[132]
x[203] = x[203] ^ x[146]
x[206] = x[206] ^ x[7]
x[197] = x[197] ^ x[9]
x[192] = x[192] ^ x[130]
x[193] = x[193] ^ x[152]
x[190] = x[190] ^ x[8]
x[187] = x[187] ^ x[35]
x[184] = x[184] ^ x[6]
x[304] = x[304] ^ x[112]
x[323] = x[323] ^ x[27]
x[324] = x[324] ^ x[22]
x[321] = x[321] ^ x[17]
x[295] = x[295] ^ x[153]
x[283] = x[283] ^ x[99]
x[277] = x[277] ^ x[75]
x[270] = x[270] ^ x[100]
x[271] = x[271] ^ x[97]
x[261] = x[261] ^ x[128]
x[267] = x[267] ^ x[78]
x[264] = x[264] ^ x[113]
x[263] = x[263] ^ x[80]
x[256] = x[256] ^ x[50]
x[259] = x[259] ^ x[115]
x[255] = x[255] ^ x[114]
x[252] = x[252] ^ x[117]
x[258] = x[258] ^ x[103]
x[254] = x[254] ^ x[73]
x[253] = x[253] ^ x[76]
x[250] = x[250] ^ x[71]
x[251] = x[251] ^ x[70]
x[244] = x[244] ^ x[86]
x[249] = x[249] ^ x[61]
x[245] = x[245] ^ x[64]
x[243] = x[243] ^ x[69]
x[241] = x[241] ^ x[40]
x[239] = x[239] ^ x[57]
x[248] = x[248] ^ x[66]
x[236] = x[236] ^ x[49]
x[237] = x[237] ^ x[59]
x[235] = x[235] ^ x[87]
x[233] = x[233] ^ x[74]
x[238] = x[238] ^ x[56]
x[234] = x[234] ^ x[41]
x[232] = x[232] ^ x[60]
x[224] = x[224] ^ x[51]
x[230] = x[230] ^ x[93]
x[228] = x[228] ^ x[79]
x[223] = x[223] ^ x[85]
x[226] = x[226] ^ x[90]
x[225] = x[225] ^ x[52]
x[227] = x[227] ^ x[47]
x[220] = x[220] ^ x[84]
x[221] = x[221] ^ x[65]
x[222] = x[222] ^ x[88]
x[219] = x[219] ^ x[77]
x[217] = x[217] ^ x[63]
x[216] = x[216] ^ x[55]
x[218] = x[218] ^ x[89]
x[214] = x[214] ^ x[19]
x[210] = x[210] ^ x[82]
x[208] = x[208] ^ x[139]
x[213] = x[213] ^ x[72]
x[212] = x[212] ^ x[20]
x[215] = x[215] ^ x[91]
x[207] = x[207] ^ x[31]
x[211] = x[211] ^ x[68]
x[209] = x[209] ^ x[21]
x[205] = x[205] ^ x[67]
x[204] = x[204] ^ x[28]
x[202] = x[202] ^ x[15]
x[195] = x[195] ^ x[3]
x[194] = x[194] ^ x[54]
x[188] = x[188] ^ x[38]
x[189] = x[189] ^ x[53]
x[185] = x[185] ^ x[33]
x[186] = x[186] ^ x[32]
x[179] = x[179] ^ x[43]
x[178] = x[178] ^ x[30]
x[172] = x[172] ^ x[39]
x[171] = x[171] ^ x[46]
x[170] = x[170] ^ x[29]
x[173] = x[173] ^ x[143]
x[169] = x[169] ^ x[34]
x[166] = x[166] ^ x[45]
x[164] = x[164] ^ x[48]
x[163] = x[163] ^ x[58]
x[165] = x[165] ^ x[42]
x[294] = x[294] ^ x[104]
x[290] = x[290] ^ x[105]
x[281] = x[281] ^ x[137]
x[273] = x[273] ^ x[95]
x[278] = x[278] ^ x[98]
x[266] = x[266] ^ x[108]
x[262] = x[262] ^ x[106]
x[242] = x[242] ^ x[102]
x[229] = x[229] ^ x[94]
x[288] = x[288] ^ x[101]
x[289] = x[289] ^ x[96]
x[199] = x[199] ^ x[0]
x[196] = x[196] ^ x[144]
x[191] = x[191] ^ x[4]
x[247] = x[247] ^ x[107]
x[313] = x[313] ^ x[114]
x[198] = x[198] ^ x[4]
x[315] = x[315] ^ x[133]
x[312] = x[312] ^ x[121]
x[296] = x[296] ^ x[161]
x[285] = x[285] ^ x[136]
x[276] = x[276] ^ x[140]
x[268] = x[268] ^ x[131]
x[201] = x[201] ^ x[14]
x[240] = x[240] ^ x[109]
x[320] = x[320] ^ x[138]
x[318] = x[318] ^ x[132]
x[319] = x[319] ^ x[8]
x[317] = x[317] ^ x[12]
x[306] = x[306] ^ x[134]
x[310] = x[310] ^ x[118]
x[308] = x[308] ^ x[119]
x[305] = x[305] ^ x[146]
x[300] = x[300] ^ x[111]
x[298] = x[298] ^ x[122]
x[293] = x[293] ^ x[116]
x[292] = x[292] ^ x[151]
x[286] = x[286] ^ x[158]
x[279] = x[279] ^ x[125]
x[274] = x[274] ^ x[145]
x[275] = x[275] ^ x[127]
x[269] = x[269] ^ x[130]
x[257] = x[257] ^ x[124]
x[246] = x[246] ^ x[62]
x[231] = x[231] ^ x[83]
x[203] = x[203] ^ x[5]
x[206] = x[206] ^ x[23]
x[200] = x[200] ^ x[11]
x[192] = x[192] ^ x[6]
x[193] = x[193] ^ x[147]
x[187] = x[187] ^ x[18]
x[184] = x[184] ^ x[9]
x[183] = x[183] ^ x[16]
x[182] = x[182] ^ x[10]
x[177] = x[177] ^ x[7]
x[176] = x[176] ^ x[37]
x[175] = x[175] ^ x[26]
x[174] = x[174] ^ x[24]
x[167] = x[167] ^ x[36]
x[282] = x[282] ^ x[110]
x[197] = x[197] ^ x[2]
x[304] = x[304] ^ x[120]
x[321] = x[321] ^ x[66]
x[287] = x[287] ^ x[99]
x[261] = x[261] ^ x[113]
x[267] = x[267] ^ x[115]
x[256] = x[256] ^ x[82]
x[252] = x[252] ^ x[74]
x[254] = x[254] ^ x[59]
x[244] = x[244] ^ x[73]
x[249] = x[249] ^ x[53]
x[245] = x[245] ^ x[117]
x[241] = x[241] ^ x[46]
x[239] = x[239] ^ x[103]
x[236] = x[236] ^ x[64]
x[235] = x[235] ^ x[57]
x[238] = x[238] ^ x[49]
x[234] = x[234] ^ x[56]
x[224] = x[224] ^ x[45]
x[230] = x[230] ^ x[88]
x[228] = x[228] ^ x[51]
x[223] = x[223] ^ x[76]
x[226] = x[226] ^ x[70]
x[225] = x[225] ^ x[68]
x[220] = x[220] ^ x[60]
x[221] = x[221] ^ x[55]
x[222] = x[222] ^ x[86]
x[217] = x[217] ^ x[65]
x[216] = x[216] ^ x[22]
x[218] = x[218] ^ x[61]
x[210] = x[210] ^ x[67]
x[208] = x[208] ^ x[153]
x[213] = x[213] ^ x[75]
x[212] = x[212] ^ x[63]
x[215] = x[215] ^ x[19]
x[207] = x[207] ^ x[71]
x[209] = x[209] ^ x[17]
x[202] = x[202] ^ x[72]
x[195] = x[195] ^ x[143]
x[188] = x[188] ^ x[35]
x[189] = x[189] ^ x[54]
x[185] = x[185] ^ x[28]
x[186] = x[186] ^ x[43]
x[179] = x[179] ^ x[42]
x[172] = x[172] ^ x[31]
x[171] = x[171] ^ x[44]
x[170] = x[170] ^ x[27]
x[173] = x[173] ^ x[25]
x[169] = x[169] ^ x[30]
x[166] = x[166] ^ x[39]
x[163] = x[163] ^ x[48]
x[165] = x[165] ^ x[34]
x[290] = x[290] ^ x[104]
x[281] = x[281] ^ x[106]
x[278] = x[278] ^ x[92]
x[270] = x[270] ^ x[90]
x[266] = x[266] ^ x[91]
x[264] = x[264] ^ x[77]
x[263] = x[263] ^ x[84]
x[262] = x[262] ^ x[78]
x[255] = x[255] ^ x[108]
x[250] = x[250] ^ x[97]
x[251] = x[251] ^ x[85]
x[243] = x[243] ^ x[95]
x[229] = x[229] ^ x[93]
x[227] = x[227] ^ x[79]
x[248] = x[248] ^ x[96]
x[196] = x[196] ^ x[0]
x[191] = x[191] ^ x[52]
x[164] = x[164] ^ x[38]
x[242] = x[242] ^ x[101]
x[219] = x[219] ^ x[81]
x[247] = x[247] ^ x[105]
x[313] = x[313] ^ x[125]
x[322] = x[322] ^ x[129]
x[309] = x[309] ^ x[156]
x[307] = x[307] ^ x[13]
x[301] = x[301] ^ x[148]
x[302] = x[302] ^ x[161]
x[303] = x[303] ^ x[112]
x[296] = x[296] ^ x[157]
x[297] = x[297] ^ x[121]
x[291] = x[291] ^ x[159]
x[285] = x[285] ^ x[141]
x[284] = x[284] ^ x[92]
x[280] = x[280] ^ x[136]
x[276] = x[276] ^ x[149]
x[272] = x[272] ^ x[140]
x[268] = x[268] ^ x[81]
x[265] = x[265] ^ x[135]
x[260] = x[260] ^ x[131]
x[198] = x[198] ^ x[160]
x[190] = x[190] ^ x[155]
x[181] = x[181] ^ x[154]
x[168] = x[168] ^ x[44]
x[314] = x[314] ^ x[133]
x[240] = x[240] ^ x[102]
x[323] = x[323] ^ x[130]
x[324] = x[324] ^ x[139]
x[320] = x[320] ^ x[7]
x[311] = x[311] ^ x[10]
x[306] = x[306] ^ x[152]
x[308] = x[308] ^ x[123]
x[305] = x[305] ^ x[128]
x[298] = x[298] ^ x[111]
x[292] = x[292] ^ x[116]
x[286] = x[286] ^ x[150]
x[279] = x[279] ^ x[124]
x[275] = x[275] ^ x[122]
x[269] = x[269] ^ x[134]
x[257] = x[257] ^ x[118]
x[259] = x[259] ^ x[50]
x[253] = x[253] ^ x[114]
x[237] = x[237] ^ x[58]
x[233] = x[233] ^ x[62]
x[231] = x[231] ^ x[41]
x[232] = x[232] ^ x[87]
x[214] = x[214] ^ x[26]
x[203] = x[203] ^ x[20]
x[206] = x[206] ^ x[12]
x[204] = x[204] ^ x[11]
x[199] = x[199] ^ x[9]
x[194] = x[194] ^ x[47]
x[193] = x[193] ^ x[8]
x[187] = x[187] ^ x[6]
x[184] = x[184] ^ x[4]
x[183] = x[183] ^ x[14]
x[182] = x[182] ^ x[145]
x[177] = x[177] ^ x[16]
x[178] = x[178] ^ x[32]
x[176] = x[176] ^ x[40]
x[174] = x[174] ^ x[23]
x[167] = x[167] ^ x[37]
x[295] = x[295] ^ x[120]
x[277] = x[277] ^ x[98]
x[282] = x[282] ^ x[109]
x[273] = x[273] ^ x[83]
x[258] = x[258] ^ x[89]
x[246] = x[246] ^ x[110]
x[316] = x[316] ^ x[132]
x[256] = x[256] ^ x[72]
x[245] = x[245] ^ x[113]
x[239] = x[239] ^ x[69]
x[234] = x[234] ^ x[49]
x[223] = x[223] ^ x[51]
x[225] = x[225] ^ x[74]
x[221] = x[221] ^ x[43]
x[216] = x[216] ^ x[65]
x[208] = x[208] ^ x[22]
x[213] = x[213] ^ x[68]
x[212] = x[212] ^ x[33]
x[215] = x[215] ^ x[25]
x[207] = x[207] ^ x[73]
x[209] = x[209] ^ x[54]
x[202] = x[202] ^ x[5]
x[195] = x[195] ^ x[57]
x[179] = x[179] ^ x[39]
x[171] = x[171] ^ x[35]
x[170] = x[170] ^ x[24]
x[173] = x[173] ^ x[21]
x[169] = x[169] ^ x[28]
x[166] = x[166] ^ x[34]
x[165] = x[165] ^ x[31]
x[281] = x[281] ^ x[99]
x[278] = x[278] ^ x[104]
x[267] = x[267] ^ x[79]
x[264] = x[264] ^ x[94]
x[263] = x[263] ^ x[77]
x[262] = x[262] ^ x[80]
x[255] = x[255] ^ x[91]
x[254] = x[254] ^ x[85]
x[250] = x[250] ^ x[100]
x[244] = x[244] ^ x[66]
x[249] = x[249] ^ x[88]
x[243] = x[243] ^ x[97]
x[236] = x[236] ^ x[90]
x[229] = x[229] ^ x[56]
x[226] = x[226] ^ x[63]
x[227] = x[227] ^ x[78]
x[218] = x[218] ^ x[86]
x[241] = x[241] ^ x[67]
x[224] = x[224] ^ x[48]
x[217] = x[217] ^ x[60]
x[220] = x[220] ^ x[52]
x[196] = x[196] ^ x[2]
x[290] = x[290] ^ x[101]
x[228] = x[228] ^ x[76]
x[219] = x[219] ^ x[38]
x[247] = x[247] ^ x[96]
x[180] = x[180] ^ x[25]
x[315] = x[315] ^ x[123]
x[322] = x[322] ^ x[136]
x[318] = x[318] ^ x[140]
x[317] = x[317] ^ x[138]
x[301] = x[301] ^ x[142]
x[302] = x[302] ^ x[135]
x[303] = x[303] ^ x[160]
x[296] = x[296] ^ x[155]
x[293] = x[293] ^ x[121]
x[291] = x[291] ^ x[156]
x[288] = x[288] ^ x[148]
x[289] = x[289] ^ x[131]
x[285] = x[285] ^ x[107]
x[283] = x[283] ^ x[144]
x[284] = x[284] ^ x[126]
x[280] = x[280] ^ x[119]
x[276] = x[276] ^ x[100]
x[268] = x[268] ^ x[127]
x[271] = x[271] ^ x[125]
x[260] = x[260] ^ x[80]
x[211] = x[211] ^ x[33]
x[205] = x[205] ^ x[5]
x[200] = x[200] ^ x[13]
x[198] = x[198] ^ x[15]
x[197] = x[197] ^ x[146]
x[192] = x[192] ^ x[161]
x[190] = x[190] ^ x[1]
x[181] = x[181] ^ x[24]
x[309] = x[309] ^ x[149]
x[299] = x[299] ^ x[159]
x[294] = x[294] ^ x[112]
x[300] = x[300] ^ x[147]
x[297] = x[297] ^ x[137]
x[274] = x[274] ^ x[141]
x[272] = x[272] ^ x[133]
x[265] = x[265] ^ x[94]
x[304] = x[304] ^ x[3]
x[323] = x[323] ^ x[36]
x[324] = x[324] ^ x[27]
x[321] = x[321] ^ x[29]
x[320] = x[320] ^ x[6]
x[308] = x[308] ^ x[118]
x[305] = x[305] ^ x[114]
x[275] = x[275] ^ x[134]
x[259] = x[259] ^ x[116]
x[253] = x[253] ^ x[117]
x[248] = x[248] ^ x[58]
x[237] = x[237] ^ x[46]
x[238] = x[238] ^ x[59]
x[230] = x[230] ^ x[53]
x[222] = x[222] ^ x[87]
x[214] = x[214] ^ x[64]
x[210] = x[210] ^ x[61]
x[203] = x[203] ^ x[70]
x[204] = x[204] ^ x[55]
x[199] = x[199] ^ x[26]
x[194] = x[194] ^ x[14]
x[193] = x[193] ^ x[12]
x[191] = x[191] ^ x[17]
x[188] = x[188] ^ x[8]
x[189] = x[189] ^ x[11]
x[185] = x[185] ^ x[41]
x[186] = x[186] ^ x[18]
x[184] = x[184] ^ x[152]
x[182] = x[182] ^ x[16]
x[178] = x[178] ^ x[10]
x[164] = x[164] ^ x[45]
x[163] = x[163] ^ x[40]
x[295] = x[295] ^ x[111]
x[286] = x[286] ^ x[105]
x[282] = x[282] ^ x[102]
x[273] = x[273] ^ x[106]
x[270] = x[270] ^ x[110]
x[261] = x[261] ^ x[98]
x[257] = x[257] ^ x[84]
x[252] = x[252] ^ x[124]
x[258] = x[258] ^ x[82]
x[251] = x[251] ^ x[50]
x[242] = x[242] ^ x[89]
x[235] = x[235] ^ x[44]
x[233] = x[233] ^ x[75]
x[232] = x[232] ^ x[83]
x[225] = x[225] ^ x[49]
x[208] = x[208] ^ x[65]
x[212] = x[212] ^ x[34]
x[215] = x[215] ^ x[42]
x[207] = x[207] ^ x[68]
x[209] = x[209] ^ x[51]
x[202] = x[202] ^ x[31]
x[171] = x[171] ^ x[32]
x[170] = x[170] ^ x[21]
x[173] = x[173] ^ x[23]
x[169] = x[169] ^ x[35]
x[165] = x[165] ^ x[37]
x[264] = x[264] ^ x[90]
x[262] = x[262] ^ x[79]
x[255] = x[255] ^ x[77]
x[254] = x[254] ^ x[74]
x[250] = x[250] ^ x[95]
x[244] = x[244] ^ x[92]
x[249] = x[249] ^ x[73]
x[245] = x[245] ^ x[104]
x[239] = x[239] ^ x[96]
x[229] = x[229] ^ x[57]
x[234] = x[234] ^ x[97]
x[226] = x[226] ^ x[66]
x[218] = x[218] ^ x[91]
x[256] = x[256] ^ x[132]
x[241] = x[241] ^ x[99]
x[223] = x[223] ^ x[48]
x[227] = x[227] ^ x[39]
x[221] = x[221] ^ x[67]
x[217] = x[217] ^ x[62]
x[213] = x[213] ^ x[71]
x[196] = x[196] ^ x[52]
x[219] = x[219] ^ x[76]
x[247] = x[247] ^ x[101]
x[313] = x[313] ^ x[1]
x[162] = x[162] ^ x[35]
x[201] = x[201] ^ x[69]
x[180] = x[180] ^ x[18]
x[312] = x[312] ^ x[2]
x[175] = x[175] ^ x[21]
x[168] = x[168] ^ x[36]
x[310] = x[310] ^ x[158]
x[240] = x[240] ^ x[95]
x[322] = x[322] ^ x[9]
x[318] = x[318] ^ x[136]
x[315] = x[315] ^ x[140]
x[311] = x[311] ^ x[129]
x[306] = x[306] ^ x[146]
x[307] = x[307] ^ x[119]
x[301] = x[301] ^ x[145]
x[302] = x[302] ^ x[160]
x[296] = x[296] ^ x[150]
x[298] = x[298] ^ x[143]
x[292] = x[292] ^ x[121]
x[291] = x[291] ^ x[153]
x[289] = x[289] ^ x[155]
x[285] = x[285] ^ x[131]
x[284] = x[284] ^ x[138]
x[279] = x[279] ^ x[115]
x[276] = x[276] ^ x[135]
x[268] = x[268] ^ x[130]
x[271] = x[271] ^ x[122]
x[260] = x[260] ^ x[127]
x[211] = x[211] ^ x[19]
x[205] = x[205] ^ x[20]
x[206] = x[206] ^ x[71]
x[200] = x[200] ^ x[62]
x[198] = x[198] ^ x[13]
x[197] = x[197] ^ x[47]
x[192] = x[192] ^ x[0]
x[190] = x[190] ^ x[142]
x[187] = x[187] ^ x[151]
x[183] = x[183] ^ x[7]
x[177] = x[177] ^ x[4]
x[172] = x[172] ^ x[32]
x[181] = x[181] ^ x[144]
x[174] = x[174] ^ x[30]
x[314] = x[314] ^ x[137]
x[309] = x[309] ^ x[123]
x[299] = x[299] ^ x[120]
x[300] = x[300] ^ x[112]
x[297] = x[297] ^ x[133]
x[293] = x[293] ^ x[139]
x[288] = x[288] ^ x[149]
x[283] = x[283] ^ x[108]
x[277] = x[277] ^ x[128]
x[280] = x[280] ^ x[109]
x[274] = x[274] ^ x[93]
x[272] = x[272] ^ x[126]
x[269] = x[269] ^ x[125]
x[266] = x[266] ^ x[81]
x[265] = x[265] ^ x[103]
x[246] = x[246] ^ x[107]
x[231] = x[231] ^ x[92]
x[316] = x[316] ^ x[148]
x[303] = x[303] ^ x[159]
x[294] = x[294] ^ x[141]
x[323] = x[323] ^ x[24]
x[320] = x[320] ^ x[10]
x[259] = x[259] ^ x[118]
x[253] = x[253] ^ x[113]
x[220] = x[220] ^ x[72]
x[222] = x[222] ^ x[45]
x[203] = x[203] ^ x[61]
x[204] = x[204] ^ x[53]
x[194] = x[194] ^ x[27]
x[193] = x[193] ^ x[17]
x[189] = x[189] ^ x[46]
x[186] = x[186] ^ x[8]
x[184] = x[184] ^ x[3]
x[182] = x[182] ^ x[25]
x[166] = x[166] ^ x[29]
x[164] = x[164] ^ x[33]
x[286] = x[286] ^ x[111]
x[273] = x[273] ^ x[87]
x[278] = x[278] ^ x[83]
x[275] = x[275] ^ x[102]
x[270] = x[270] ^ x[114]
x[261] = x[261] ^ x[94]
x[263] = x[263] ^ x[106]
x[252] = x[252] ^ x[80]
x[258] = x[258] ^ x[85]
x[251] = x[251] ^ x[82]
x[242] = x[242] ^ x[50]
x[236] = x[236] ^ x[40]
x[235] = x[235] ^ x[86]
x[238] = x[238] ^ x[58]
x[228] = x[228] ^ x[78]
x[233] = x[233] ^ x[54]
x[232] = x[232] ^ x[84]
x[230] = x[230] ^ x[56]
x[210] = x[210] ^ x[60]
x[214] = x[214] ^ x[38]
x[195] = x[195] ^ x[55]
x[207] = x[207] ^ x[65]
x[209] = x[209] ^ x[43]
x[171] = x[171] ^ x[37]
x[170] = x[170] ^ x[23]
x[169] = x[169] ^ x[26]
x[254] = x[254] ^ x[98]
x[250] = x[250] ^ x[74]
x[249] = x[249] ^ x[97]
x[245] = x[245] ^ x[101]
x[234] = x[234] ^ x[57]
x[218] = x[218] ^ x[75]
x[256] = x[256] ^ x[79]
x[244] = x[244] ^ x[90]
x[239] = x[239] ^ x[99]
x[229] = x[229] ^ x[76]
x[226] = x[226] ^ x[48]
x[225] = x[225] ^ x[73]
x[221] = x[221] ^ x[39]
x[217] = x[217] ^ x[51]
x[208] = x[208] ^ x[67]
x[213] = x[213] ^ x[63]
x[212] = x[212] ^ x[41]
x[215] = x[215] ^ x[77]
x[202] = x[202] ^ x[68]
x[219] = x[219] ^ x[52]
x[162] = x[162] ^ x[29]
x[201] = x[201] ^ x[3]
x[180] = x[180] ^ x[15]
x[176] = x[176] ^ x[42]
x[319] = x[319] ^ x[132]
x[287] = x[287] ^ x[1]
x[175] = x[175] ^ x[37]
x[167] = x[167] ^ x[23]
x[168] = x[168] ^ x[154]
x[324] = x[324] ^ x[130]
x[321] = x[321] ^ x[7]
x[322] = x[322] ^ x[158]
x[315] = x[315] ^ x[138]
x[311] = x[311] ^ x[131]
x[306] = x[306] ^ x[156]
x[310] = x[310] ^ x[152]
x[308] = x[308] ^ x[115]
x[305] = x[305] ^ x[129]
x[307] = x[307] ^ x[4]
x[302] = x[302] ^ x[134]
x[296] = x[296] ^ x[119]
x[292] = x[292] ^ x[142]
x[268] = x[268] ^ x[135]
x[260] = x[260] ^ x[122]
x[248] = x[248] ^ x[69]
x[216] = x[216] ^ x[70]
x[206] = x[206] ^ x[47]
x[200] = x[200] ^ x[59]
x[199] = x[199] ^ x[28]
x[198] = x[198] ^ x[5]
x[197] = x[197] ^ x[13]
x[191] = x[191] ^ x[12]
x[188] = x[188] ^ x[20]
x[185] = x[185] ^ x[14]
x[187] = x[187] ^ x[0]
x[177] = x[177] ^ x[143]
x[179] = x[179] ^ x[2]
x[181] = x[181] ^ x[153]
x[174] = x[174] ^ x[18]
x[301] = x[301] ^ x[128]
x[298] = x[298] ^ x[123]
x[297] = x[297] ^ x[112]
x[293] = x[293] ^ x[149]
x[291] = x[291] ^ x[121]
x[289] = x[289] ^ x[116]
x[285] = x[285] ^ x[117]
x[277] = x[277] ^ x[126]
x[282] = x[282] ^ x[105]
x[284] = x[284] ^ x[109]
x[280] = x[280] ^ x[93]
x[281] = x[281] ^ x[140]
x[279] = x[279] ^ x[107]
x[276] = x[276] ^ x[137]
x[274] = x[274] ^ x[75]
x[272] = x[272] ^ x[125]
x[269] = x[269] ^ x[98]
x[265] = x[265] ^ x[81]
x[271] = x[271] ^ x[88]
x[267] = x[267] ^ x[120]
x[257] = x[257] ^ x[108]
x[246] = x[246] ^ x[103]
x[243] = x[243] ^ x[89]
x[237] = x[237] ^ x[110]
x[316] = x[316] ^ x[136]
x[317] = x[317] ^ x[150]
x[314] = x[314] ^ x[161]
x[309] = x[309] ^ x[127]
x[299] = x[299] ^ x[133]
x[303] = x[303] ^ x[146]
x[294] = x[294] ^ x[124]
x[295] = x[295] ^ x[147]
x[288] = x[288] ^ x[144]
x[290] = x[290] ^ x[139]
x[283] = x[283] ^ x[141]
x[231] = x[231] ^ x[44]
x[224] = x[224] ^ x[41]
x[211] = x[211] ^ x[63]
x[300] = x[300] ^ x[151]
x[220] = x[220] ^ x[49]
x[204] = x[204] ^ x[24]
x[184] = x[184] ^ x[8]
x[182] = x[182] ^ x[22]
x[173] = x[173] ^ x[10]
x[166] = x[166] ^ x[21]
x[164] = x[164] ^ x[32]
x[165] = x[165] ^ x[17]
x[278] = x[278] ^ x[95]
x[270] = x[270] ^ x[111]
x[264] = x[264] ^ x[87]
x[259] = x[259] ^ x[80]
x[258] = x[258] ^ x[78]
x[253] = x[253] ^ x[100]
x[251] = x[251] ^ x[106]
x[242] = x[242] ^ x[82]
x[222] = x[222] ^ x[85]
x[241] = x[241] ^ x[94]
x[235] = x[235] ^ x[84]
x[233] = x[233] ^ x[40]
x[223] = x[223] ^ x[71]
x[227] = x[227] ^ x[36]
x[210] = x[210] ^ x[58]
x[247] = x[247] ^ x[62]
x[214] = x[214] ^ x[55]
x[207] = x[207] ^ x[26]
x[171] = x[171] ^ x[25]
x[170] = x[170] ^ x[11]
x[169] = x[169] ^ x[27]
x[254] = x[254] ^ x[97]
x[245] = x[245] ^ x[102]
x[234] = x[234] ^ x[86]
x[250] = x[250] ^ x[79]
x[244] = x[244] ^ x[68]
x[239] = x[239] ^ x[90]
x[229] = x[229] ^ x[77]
x[225] = x[225] ^ x[48]
x[221] = x[221] ^ x[56]
x[217] = x[217] ^ x[39]
x[218] = x[218] ^ x[52]
x[213] = x[213] ^ x[61]
x[212] = x[212] ^ x[64]
x[209] = x[209] ^ x[46]
x[202] = x[202] ^ x[67]
x[240] = x[240] ^ x[64]
x[205] = x[205] ^ x[19]
x[201] = x[201] ^ x[15]
x[192] = x[192] ^ x[9]
x[190] = x[190] ^ x[145]
x[180] = x[180] ^ x[6]
x[176] = x[176] ^ x[16]
x[162] = x[162] ^ x[148]
x[287] = x[287] ^ x[155]
x[172] = x[172] ^ x[26]
x[175] = x[175] ^ x[11]
x[167] = x[167] ^ x[30]
x[168] = x[168] ^ x[43]
x[266] = x[266] ^ x[100]
x[304] = x[304] ^ x[1]
x[319] = x[319] ^ x[136]
x[322] = x[322] ^ x[4]
x[311] = x[311] ^ x[138]
x[308] = x[308] ^ x[156]
x[305] = x[305] ^ x[152]
x[302] = x[302] ^ x[118]
x[292] = x[292] ^ x[122]
x[268] = x[268] ^ x[115]
x[216] = x[216] ^ x[59]
x[206] = x[206] ^ x[69]
x[200] = x[200] ^ x[33]
x[198] = x[198] ^ x[154]
x[197] = x[197] ^ x[45]
x[194] = x[194] ^ x[42]
x[193] = x[193] ^ x[13]
x[191] = x[191] ^ x[47]
x[189] = x[189] ^ x[38]
x[185] = x[185] ^ x[20]
x[187] = x[187] ^ x[143]
x[186] = x[186] ^ x[14]
x[181] = x[181] ^ x[7]
x[174] = x[174] ^ x[157]
x[306] = x[306] ^ x[125]
x[293] = x[293] ^ x[112]
x[289] = x[289] ^ x[104]
x[277] = x[277] ^ x[123]
x[284] = x[284] ^ x[96]
x[281] = x[281] ^ x[109]
x[273] = x[273] ^ x[102]
x[276] = x[276] ^ x[128]
x[275] = x[275] ^ x[83]
x[272] = x[272] ^ x[93]
x[269] = x[269] ^ x[119]
x[265] = x[265] ^ x[108]
x[271] = x[271] ^ x[121]
x[261] = x[261] ^ x[103]
x[267] = x[267] ^ x[117]
x[263] = x[263] ^ x[107]
x[262] = x[262] ^ x[105]
x[257] = x[257] ^ x[110]
x[255] = x[255] ^ x[81]
x[252] = x[252] ^ x[72]
x[246] = x[246] ^ x[91]
x[236] = x[236] ^ x[66]
x[238] = x[238] ^ x[89]
x[320] = x[320] ^ x[150]
x[314] = x[314] ^ x[130]
x[310] = x[310] ^ x[144]
x[301] = x[301] ^ x[127]
x[303] = x[303] ^ x[147]
x[294] = x[294] ^ x[114]
x[295] = x[295] ^ x[126]
x[297] = x[297] ^ x[134]
x[288] = x[288] ^ x[116]
x[290] = x[290] ^ x[133]
x[286] = x[286] ^ x[132]
x[285] = x[285] ^ x[129]
x[283] = x[283] ^ x[139]
x[282] = x[282] ^ x[131]
x[279] = x[279] ^ x[120]
x[274] = x[274] ^ x[140]
x[260] = x[260] ^ x[124]
x[243] = x[243] ^ x[88]
x[248] = x[248] ^ x[53]
x[237] = x[237] ^ x[70]
x[232] = x[232] ^ x[56]
x[224] = x[224] ^ x[54]
x[228] = x[228] ^ x[60]
x[211] = x[211] ^ x[61]
x[199] = x[199] ^ x[35]
x[196] = x[196] ^ x[44]
x[309] = x[309] ^ x[160]
x[299] = x[299] ^ x[135]
x[298] = x[298] ^ x[141]
x[300] = x[300] ^ x[149]
x[291] = x[291] ^ x[146]
x[316] = x[316] ^ x[8]
x[182] = x[182] ^ x[29]
x[164] = x[164] ^ x[31]
x[165] = x[165] ^ x[10]
x[270] = x[270] ^ x[75]
x[258] = x[258] ^ x[98]
x[253] = x[253] ^ x[85]
x[251] = x[251] ^ x[80]
x[242] = x[242] ^ x[95]
x[249] = x[249] ^ x[92]
x[227] = x[227] ^ x[49]
x[210] = x[210] ^ x[71]
x[215] = x[215] ^ x[76]
x[171] = x[171] ^ x[21]
x[170] = x[170] ^ x[2]
x[169] = x[169] ^ x[24]
x[234] = x[234] ^ x[87]
x[254] = x[254] ^ x[84]
x[244] = x[244] ^ x[79]
x[245] = x[245] ^ x[65]
x[239] = x[239] ^ x[94]
x[229] = x[229] ^ x[62]
x[221] = x[221] ^ x[48]
x[217] = x[217] ^ x[40]
x[218] = x[218] ^ x[32]
x[213] = x[213] ^ x[67]
x[212] = x[212] ^ x[39]
x[207] = x[207] ^ x[55]
x[209] = x[209] ^ x[52]
x[202] = x[202] ^ x[58]
x[313] = x[313] ^ x[129]
x[312] = x[312] ^ x[161]
x[178] = x[178] ^ x[157]
x[163] = x[163] ^ x[36]
x[296] = x[296] ^ x[153]
x[192] = x[192] ^ x[27]
x[190] = x[190] ^ x[6]
x[205] = x[205] ^ x[64]
x[323] = x[323] ^ x[18]
x[324] = x[324] ^ x[142]
x[318] = x[318] ^ x[5]
x[287] = x[287] ^ x[113]
x[203] = x[203] ^ x[28]
x[195] = x[195] ^ x[19]
x[201] = x[201] ^ x[29]
x[188] = x[188] ^ x[12]
x[177] = x[177] ^ x[155]
x[179] = x[179] ^ x[3]
x[172] = x[172] ^ x[9]
x[176] = x[176] ^ x[145]
x[175] = x[175] ^ x[34]
x[167] = x[167] ^ x[11]
x[168] = x[168] ^ x[30]
x[266] = x[266] ^ x[92]
x[240] = x[240] ^ x[86]
x[280] = x[280] ^ x[137]
x[231] = x[231] ^ x[46]
x[230] = x[230] ^ x[50]
x[180] = x[180] ^ x[1]
x[317] = x[317] ^ x[148]
x[162] = x[162] ^ x[22]
x[292] = x[292] ^ x[143]
x[220] = x[220] ^ x[47]
x[216] = x[216] ^ x[38]
x[206] = x[206] ^ x[33]
x[197] = x[197] ^ x[15]
x[194] = x[194] ^ x[37]
x[193] = x[193] ^ x[24]
x[185] = x[185] ^ x[7]
x[187] = x[187] ^ x[152]
x[181] = x[181] ^ x[16]
x[174] = x[174] ^ x[14]
x[289] = x[289] ^ x[101]
x[277] = x[277] ^ x[125]
x[281] = x[281] ^ x[96]
x[273] = x[273] ^ x[105]
x[276] = x[276] ^ x[109]
x[272] = x[272] ^ x[107]
x[269] = x[269] ^ x[118]
x[268] = x[268] ^ x[100]
x[265] = x[265] ^ x[93]
x[271] = x[271] ^ x[117]
x[264] = x[264] ^ x[104]
x[262] = x[262] ^ x[103]
x[257] = x[257] ^ x[112]
x[255] = x[255] ^ x[106]
x[252] = x[252] ^ x[110]
x[290] = x[290] ^ x[116]
x[286] = x[286] ^ x[130]
x[285] = x[285] ^ x[121]
x[283] = x[283] ^ x[122]
x[282] = x[282] ^ x[108]
x[284] = x[284] ^ x[111]
x[274] = x[274] ^ x[127]
x[275] = x[275] ^ x[120]
x[260] = x[260] ^ x[94]
x[256] = x[256] ^ x[123]
x[259] = x[259] ^ x[84]
x[243] = x[243] ^ x[82]
x[241] = x[241] ^ x[91]
x[248] = x[248] ^ x[88]
x[237] = x[237] ^ x[66]
x[235] = x[235] ^ x[69]
x[233] = x[233] ^ x[73]
x[238] = x[238] ^ x[53]
x[232] = x[232] ^ x[54]
x[228] = x[228] ^ x[72]
x[223] = x[223] ^ x[57]
x[208] = x[208] ^ x[63]
x[211] = x[211] ^ x[58]
x[204] = x[204] ^ x[44]
x[198] = x[198] ^ x[51]
x[196] = x[196] ^ x[45]
x[306] = x[306] ^ x[136]
x[310] = x[310] ^ x[138]
x[308] = x[308] ^ x[133]
x[299] = x[299] ^ x[131]
x[303] = x[303] ^ x[134]
x[294] = x[294] ^ x[160]
x[298] = x[298] ^ x[150]
x[288] = x[288] ^ x[141]
x[293] = x[293] ^ x[114]
x[291] = x[291] ^ x[149]
x[295] = x[295] ^ x[124]
x[301] = x[301] ^ x[140]
x[247] = x[247] ^ x[78]
x[219] = x[219] ^ x[62]
x[182] = x[182] ^ x[8]
x[165] = x[165] ^ x[4]
x[270] = x[270] ^ x[95]
x[258] = x[258] ^ x[77]
x[249] = x[249] ^ x[74]
x[210] = x[210] ^ x[56]
x[164] = x[164] ^ x[35]
x[251] = x[251] ^ x[76]
x[171] = x[171] ^ x[17]
x[170] = x[170] ^ x[10]
x[169] = x[169] ^ x[21]
x[254] = x[254] ^ x[79]
x[245] = x[245] ^ x[68]
x[239] = x[239] ^ x[67]
x[229] = x[229] ^ x[70]
x[234] = x[234] ^ x[85]
x[217] = x[217] ^ x[49]
x[213] = x[213] ^ x[55]
x[209] = x[209] ^ x[48]
x[202] = x[202] ^ x[61]
x[212] = x[212] ^ x[32]
x[321] = x[321] ^ x[16]
x[163] = x[163] ^ x[31]
x[307] = x[307] ^ x[161]
x[192] = x[192] ^ x[154]
x[278] = x[278] ^ x[128]
x[297] = x[297] ^ x[126]
x[205] = x[205] ^ x[60]
x[296] = x[296] ^ x[135]
x[324] = x[324] ^ x[4]
x[311] = x[311] ^ x[155]
x[305] = x[305] ^ x[115]
x[302] = x[302] ^ x[156]
x[287] = x[287] ^ x[151]
x[200] = x[200] ^ x[42]
x[191] = x[191] ^ x[43]
x[189] = x[189] ^ x[13]
x[186] = x[186] ^ x[5]
x[184] = x[184] ^ x[153]
x[179] = x[179] ^ x[32]
x[172] = x[172] ^ x[3]
x[176] = x[176] ^ x[18]
x[175] = x[175] ^ x[2]
x[173] = x[173] ^ x[17]
x[168] = x[168] ^ x[19]
x[166] = x[166] ^ x[23]
x[266] = x[266] ^ x[83]
x[261] = x[261] ^ x[119]
x[263] = x[263] ^ x[87]
x[246] = x[246] ^ x[74]
x[322] = x[322] ^ x[1]
x[320] = x[320] ^ x[0]
x[318] = x[318] ^ x[158]
x[319] = x[319] ^ x[144]
x[312] = x[312] ^ x[137]
x[300] = x[300] ^ x[142]
x[279] = x[279] ^ x[99]
x[240] = x[240] ^ x[59]
x[231] = x[231] ^ x[81]
x[224] = x[224] ^ x[50]
x[230] = x[230] ^ x[40]
x[226] = x[226] ^ x[65]
x[199] = x[199] ^ x[20]
x[195] = x[195] ^ x[35]
x[201] = x[201] ^ x[70]
x[190] = x[190] ^ x[34]
x[180] = x[180] ^ x[147]
x[177] = x[177] ^ x[145]
x[315] = x[315] ^ x[148]
x[314] = x[314] ^ x[159]
x[280] = x[280] ^ x[132]
x[188] = x[188] ^ x[157]
x[309] = x[309] ^ x[129]
x[214] = x[214] ^ x[36]
x[203] = x[203] ^ x[41]
x[194] = x[194] ^ x[29]
x[187] = x[187] ^ x[15]
x[181] = x[181] ^ x[38]
x[174] = x[174] ^ x[7]
x[167] = x[167] ^ x[22]
x[277] = x[277] ^ x[117]
x[281] = x[281] ^ x[110]
x[276] = x[276] ^ x[107]
x[272] = x[272] ^ x[101]
x[269] = x[269] ^ x[113]
x[268] = x[268] ^ x[96]
x[265] = x[265] ^ x[118]
x[264] = x[264] ^ x[89]
x[262] = x[262] ^ x[109]
x[257] = x[257] ^ x[105]
x[255] = x[255] ^ x[104]
x[252] = x[252] ^ x[103]
x[290] = x[290] ^ x[112]
x[286] = x[286] ^ x[121]
x[260] = x[260] ^ x[88]
x[256] = x[256] ^ x[122]
x[250] = x[250] ^ x[85]
x[242] = x[242] ^ x[78]
x[237] = x[237] ^ x[106]
x[235] = x[235] ^ x[71]
x[233] = x[233] ^ x[66]
x[238] = x[238] ^ x[91]
x[232] = x[232] ^ x[44]
x[223] = x[223] ^ x[45]
x[227] = x[227] ^ x[53]
x[220] = x[220] ^ x[73]
x[215] = x[215] ^ x[72]
x[206] = x[206] ^ x[63]
x[198] = x[198] ^ x[25]
x[306] = x[306] ^ x[141]
x[308] = x[308] ^ x[138]
x[294] = x[294] ^ x[125]
x[298] = x[298] ^ x[134]
x[285] = x[285] ^ x[116]
x[282] = x[282] ^ x[127]
x[284] = x[284] ^ x[131]
x[228] = x[228] ^ x[82]
x[292] = x[292] ^ x[120]
x[291] = x[291] ^ x[114]
x[295] = x[295] ^ x[140]
x[165] = x[165] ^ x[8]
x[218] = x[218] ^ x[64]
x[207] = x[207] ^ x[52]
x[164] = x[164] ^ x[24]
x[251] = x[251] ^ x[84]
x[244] = x[244] ^ x[80]
x[249] = x[249] ^ x[90]
x[171] = x[171] ^ x[11]
x[170] = x[170] ^ x[9]
x[169] = x[169] ^ x[6]
x[245] = x[245] ^ x[95]
x[239] = x[239] ^ x[79]
x[229] = x[229] ^ x[58]
x[234] = x[234] ^ x[77]
x[217] = x[217] ^ x[48]
x[213] = x[213] ^ x[62]
x[212] = x[212] ^ x[47]
x[202] = x[202] ^ x[56]
x[183] = x[183] ^ x[160]
x[178] = x[178] ^ x[2]
x[321] = x[321] ^ x[12]
x[163] = x[163] ^ x[30]
x[192] = x[192] ^ x[33]
x[273] = x[273] ^ x[126]
x[274] = x[274] ^ x[128]
x[297] = x[297] ^ x[123]
x[288] = x[288] ^ x[135]
x[324] = x[324] ^ x[11]
x[305] = x[305] ^ x[155]
x[200] = x[200] ^ x[43]
x[197] = x[197] ^ x[37]
x[186] = x[186] ^ x[13]
x[184] = x[184] ^ x[156]
x[179] = x[179] ^ x[31]
x[176] = x[176] ^ x[10]
x[175] = x[175] ^ x[16]
x[278] = x[278] ^ x[119]
x[246] = x[246] ^ x[98]
x[322] = x[322] ^ x[3]
x[320] = x[320] ^ x[1]
x[319] = x[319] ^ x[142]
x[312] = x[312] ^ x[158]
x[275] = x[275] ^ x[99]
x[271] = x[271] ^ x[93]
x[261] = x[261] ^ x[100]
x[263] = x[263] ^ x[75]
x[259] = x[259] ^ x[108]
x[243] = x[243] ^ x[83]
x[241] = x[241] ^ x[92]
x[240] = x[240] ^ x[70]
x[231] = x[231] ^ x[69]
x[230] = x[230] ^ x[54]
x[226] = x[226] ^ x[64]
x[225] = x[225] ^ x[51]
x[216] = x[216] ^ x[50]
x[211] = x[211] ^ x[59]
x[195] = x[195] ^ x[46]
x[201] = x[201] ^ x[61]
x[196] = x[196] ^ x[20]
x[193] = x[193] ^ x[34]
x[180] = x[180] ^ x[0]
x[177] = x[177] ^ x[14]
x[314] = x[314] ^ x[157]
x[311] = x[311] ^ x[139]
x[307] = x[307] ^ x[115]
x[299] = x[299] ^ x[154]
x[289] = x[289] ^ x[124]
x[283] = x[283] ^ x[136]
x[280] = x[280] ^ x[130]
x[204] = x[204] ^ x[23]
x[188] = x[188] ^ x[152]
x[185] = x[185] ^ x[18]
x[173] = x[173] ^ x[5]
x[309] = x[309] ^ x[145]
x[296] = x[296] ^ x[146]
x[191] = x[191] ^ x[42]
x[190] = x[190] ^ x[153]
x[310] = x[310] ^ x[132]
x[301] = x[301] ^ x[129]
x[302] = x[302] ^ x[150]
x[303] = x[303] ^ x[133]
x[293] = x[293] ^ x[137]
x[287] = x[287] ^ x[149]
x[247] = x[247] ^ x[68]
x[219] = x[219] ^ x[49]
x[214] = x[214] ^ x[60]
x[203] = x[203] ^ x[36]
x[317] = x[317] ^ x[144]
x[167] = x[167] ^ x[161]
x[277] = x[277] ^ x[101]
x[268] = x[268] ^ x[109]
x[270] = x[270] ^ x[113]
x[265] = x[265] ^ x[117]
x[257] = x[257] ^ x[103]
x[255] = x[255] ^ x[87]
x[199] = x[199] ^ x[22]
x[286] = x[286] ^ x[112]
x[276] = x[276] ^ x[106]
x[256] = x[256] ^ x[97]
x[242] = x[242] ^ x[88]
x[235] = x[235] ^ x[66]
x[233] = x[233] ^ x[65]
x[232] = x[232] ^ x[77]
x[210] = x[210] ^ x[45]
x[215] = x[215] ^ x[73]
x[198] = x[198] ^ x[38]
x[290] = x[290] ^ x[138]
x[285] = x[285] ^ x[134]
x[281] = x[281] ^ x[131]
x[194] = x[194] ^ x[28]
x[182] = x[182] ^ x[19]
x[238] = x[238] ^ x[86]
x[228] = x[228] ^ x[57]
x[294] = x[294] ^ x[148]
x[292] = x[292] ^ x[141]
x[282] = x[282] ^ x[104]
x[260] = x[260] ^ x[120]
x[258] = x[258] ^ x[72]
x[291] = x[291] ^ x[140]
x[218] = x[218] ^ x[40]
x[251] = x[251] ^ x[89]
x[244] = x[244] ^ x[85]
x[249] = x[249] ^ x[80]
x[207] = x[207] ^ x[63]
x[171] = x[171] ^ x[8]
x[170] = x[170] ^ x[15]
x[169] = x[169] ^ x[7]
x[245] = x[245] ^ x[94]
x[229] = x[229] ^ x[79]
x[234] = x[234] ^ x[58]
x[213] = x[213] ^ x[48]
x[212] = x[212] ^ x[53]
x[202] = x[202] ^ x[24]
x[183] = x[183] ^ x[15]
x[178] = x[178] ^ x[28]
x[267] = x[267] ^ x[113]
x[236] = x[236] ^ x[89]
x[222] = x[222] ^ x[55]
x[323] = x[323] ^ x[9]
x[313] = x[313] ^ x[139]
x[208] = x[208] ^ x[30]
x[205] = x[205] ^ x[57]
x[321] = x[321] ^ x[6]
x[279] = x[279] ^ x[111]
x[168] = x[168] ^ x[27]
x[166] = x[166] ^ x[17]
x[224] = x[224] ^ x[86]
x[318] = x[318] ^ x[12]
x[300] = x[300] ^ x[148]
x[248] = x[248] ^ x[90]
x[288] = x[288] ^ x[123]
x[324] = x[324] ^ x[7]
x[192] = x[192] ^ x[43]
x[179] = x[179] ^ x[37]
x[278] = x[278] ^ x[105]
x[264] = x[264] ^ x[95]
x[322] = x[322] ^ x[0]
x[319] = x[319] ^ x[158]
x[273] = x[273] ^ x[128]
x[269] = x[269] ^ x[114]
x[252] = x[252] ^ x[83]
x[250] = x[250] ^ x[75]
x[243] = x[243] ^ x[74]
x[231] = x[231] ^ x[63]
x[223] = x[223] ^ x[50]
x[225] = x[225] ^ x[54]
x[227] = x[227] ^ x[51]
x[220] = x[220] ^ x[69]
x[216] = x[216] ^ x[39]
x[211] = x[211] ^ x[34]
x[195] = x[195] ^ x[44]
x[187] = x[187] ^ x[1]
x[176] = x[176] ^ x[14]
x[314] = x[314] ^ x[156]
x[312] = x[312] ^ x[136]
x[306] = x[306] ^ x[130]
x[305] = x[305] ^ x[127]
x[307] = x[307] ^ x[159]
x[299] = x[299] ^ x[147]
x[298] = x[298] ^ x[125]
x[280] = x[280] ^ x[108]
x[275] = x[275] ^ x[124]
x[226] = x[226] ^ x[56]
x[204] = x[204] ^ x[36]
x[188] = x[188] ^ x[18]
x[177] = x[177] ^ x[152]
x[175] = x[175] ^ x[3]
x[320] = x[320] ^ x[160]
x[308] = x[308] ^ x[153]
x[246] = x[246] ^ x[100]
x[241] = x[241] ^ x[78]
x[200] = x[200] ^ x[26]
x[197] = x[197] ^ x[42]
x[196] = x[196] ^ x[41]
x[180] = x[180] ^ x[145]
x[311] = x[311] ^ x[149]
x[301] = x[301] ^ x[119]
x[302] = x[302] ^ x[115]
x[303] = x[303] ^ x[144]
x[296] = x[296] ^ x[118]
x[297] = x[297] ^ x[132]
x[293] = x[293] ^ x[129]
x[283] = x[283] ^ x[133]
x[263] = x[263] ^ x[93]
x[237] = x[237] ^ x[71]
x[240] = x[240] ^ x[76]
x[181] = x[181] ^ x[151]
x[247] = x[247] ^ x[99]
x[201] = x[201] ^ x[58]
x[190] = x[190] ^ x[31]
x[309] = x[309] ^ x[137]
x[272] = x[272] ^ x[102]
x[185] = x[185] ^ x[5]
x[219] = x[219] ^ x[47]
x[167] = x[167] ^ x[20]
x[270] = x[270] ^ x[107]
x[265] = x[265] ^ x[110]
x[257] = x[257] ^ x[101]
x[255] = x[255] ^ x[109]
x[206] = x[206] ^ x[22]
x[210] = x[210] ^ x[38]
x[199] = x[199] ^ x[23]
x[194] = x[194] ^ x[25]
x[164] = x[164] ^ x[19]
x[242] = x[242] ^ x[65]
x[238] = x[238] ^ x[81]
x[228] = x[228] ^ x[46]
x[215] = x[215] ^ x[66]
x[294] = x[294] ^ x[134]
x[292] = x[292] ^ x[140]
x[290] = x[290] ^ x[120]
x[286] = x[286] ^ x[131]
x[276] = x[276] ^ x[104]
x[232] = x[232] ^ x[59]
x[218] = x[218] ^ x[60]
x[251] = x[251] ^ x[72]
x[244] = x[244] ^ x[77]
x[249] = x[249] ^ x[85]
x[207] = x[207] ^ x[61]
x[170] = x[170] ^ x[8]
x[169] = x[169] ^ x[13]
x[245] = x[245] ^ x[97]
x[234] = x[234] ^ x[79]
x[212] = x[212] ^ x[48]
x[202] = x[202] ^ x[33]
x[304] = x[304] ^ x[0]
x[183] = x[183] ^ x[6]
x[178] = x[178] ^ x[26]
x[172] = x[172] ^ x[151]
x[163] = x[163] ^ x[28]
x[189] = x[189] ^ x[47]
x[253] = x[253] ^ x[80]
x[236] = x[236] ^ x[81]
x[222] = x[222] ^ x[41]
x[208] = x[208] ^ x[60]
x[205] = x[205] ^ x[33]
x[274] = x[274] ^ x[126]
x[321] = x[321] ^ x[4]
x[173] = x[173] ^ x[2]
x[284] = x[284] ^ x[116]
x[279] = x[279] ^ x[121]
x[162] = x[162] ^ x[25]
x[184] = x[184] ^ x[13]
x[174] = x[174] ^ x[9]
x[168] = x[168] ^ x[11]
x[271] = x[271] ^ x[92]
x[261] = x[261] ^ x[111]
x[259] = x[259] ^ x[94]
x[221] = x[221] ^ x[53]
x[289] = x[289] ^ x[139]
x[295] = x[295] ^ x[143]
x[193] = x[193] ^ x[30]
x[318] = x[318] ^ x[154]
x[315] = x[315] ^ x[142]
x[310] = x[310] ^ x[150]
x[214] = x[214] ^ x[62]
x[186] = x[186] ^ x[12]
x[287] = x[287] ^ x[122]
x[230] = x[230] ^ x[46]
x[233] = x[233] ^ x[70]
x[192] = x[192] ^ x[29]
x[179] = x[179] ^ x[7]
x[264] = x[264] ^ x[105]
x[319] = x[319] ^ x[1]
x[269] = x[269] ^ x[106]
x[252] = x[252] ^ x[91]
x[235] = x[235] ^ x[64]
x[231] = x[231] ^ x[74]
x[227] = x[227] ^ x[44]
x[216] = x[216] ^ x[49]
x[211] = x[211] ^ x[52]
x[176] = x[176] ^ x[24]
x[312] = x[312] ^ x[156]
x[307] = x[307] ^ x[138]
x[299] = x[299] ^ x[127]
x[280] = x[280] ^ x[124]
x[281] = x[281] ^ x[130]
x[226] = x[226] ^ x[50]
x[177] = x[177] ^ x[146]
x[175] = x[175] ^ x[18]
x[322] = x[322] ^ x[153]
x[320] = x[320] ^ x[152]
x[314] = x[314] ^ x[145]
x[246] = x[246] ^ x[75]
x[241] = x[241] ^ x[68]
x[200] = x[200] ^ x[57]
x[196] = x[196] ^ x[42]
x[306] = x[306] ^ x[149]
x[308] = x[308] ^ x[147]
x[302] = x[302] ^ x[155]
x[303] = x[303] ^ x[128]
x[296] = x[296] ^ x[148]
x[297] = x[297] ^ x[119]
x[293] = x[293] ^ x[133]
x[282] = x[282] ^ x[113]
x[256] = x[256] ^ x[83]
x[258] = x[258] ^ x[86]
x[182] = x[182] ^ x[21]
x[263] = x[263] ^ x[100]
x[237] = x[237] ^ x[82]
x[260] = x[260] ^ x[90]
x[188] = x[188] ^ x[17]
x[181] = x[181] ^ x[15]
x[201] = x[201] ^ x[35]
x[197] = x[197] ^ x[36]
x[291] = x[291] ^ x[132]
x[305] = x[305] ^ x[137]
x[309] = x[309] ^ x[144]
x[301] = x[301] ^ x[141]
x[272] = x[272] ^ x[99]
x[225] = x[225] ^ x[69]
x[220] = x[220] ^ x[51]
x[219] = x[219] ^ x[67]
x[185] = x[185] ^ x[31]
x[270] = x[270] ^ x[101]
x[265] = x[265] ^ x[102]
x[257] = x[257] ^ x[109]
x[206] = x[206] ^ x[34]
x[210] = x[210] ^ x[54]
x[199] = x[199] ^ x[43]
x[164] = x[164] ^ x[3]
x[187] = x[187] ^ x[20]
x[238] = x[238] ^ x[65]
x[228] = x[228] ^ x[66]
x[194] = x[194] ^ x[32]
x[292] = x[292] ^ x[134]
x[290] = x[290] ^ x[129]
x[286] = x[286] ^ x[125]
x[276] = x[276] ^ x[123]
x[232] = x[232] ^ x[71]
x[251] = x[251] ^ x[77]
x[249] = x[249] ^ x[76]
x[218] = x[218] ^ x[55]
x[207] = x[207] ^ x[38]
x[169] = x[169] ^ x[8]
x[245] = x[245] ^ x[79]
x[202] = x[202] ^ x[48]
x[266] = x[266] ^ x[102]
x[183] = x[183] ^ x[9]
x[323] = x[323] ^ x[143]
x[178] = x[178] ^ x[6]
x[163] = x[163] ^ x[35]
x[248] = x[248] ^ x[89]
x[166] = x[166] ^ x[16]
x[253] = x[253] ^ x[110]
x[224] = x[224] ^ x[91]
x[222] = x[222] ^ x[81]
x[203] = x[203] ^ x[59]
x[236] = x[236] ^ x[82]
x[191] = x[191] ^ x[40]
x[321] = x[321] ^ x[2]
x[209] = x[209] ^ x[39]
x[204] = x[204] ^ x[27]
x[195] = x[195] ^ x[33]
x[165] = x[165] ^ x[159]
x[277] = x[277] ^ x[121]
x[278] = x[278] ^ x[115]
x[275] = x[275] ^ x[116]
x[208] = x[208] ^ x[45]
x[174] = x[174] ^ x[10]
x[273] = x[273] ^ x[111]
x[271] = x[271] ^ x[112]
x[261] = x[261] ^ x[88]
x[250] = x[250] ^ x[94]
x[221] = x[221] ^ x[61]
x[205] = x[205] ^ x[54]
x[288] = x[288] ^ x[126]
x[285] = x[285] ^ x[125]
x[180] = x[180] ^ x[151]
x[311] = x[311] ^ x[154]
x[298] = x[298] ^ x[118]
x[295] = x[295] ^ x[139]
x[283] = x[283] ^ x[129]
x[254] = x[254] ^ x[93]
x[247] = x[247] ^ x[92]
x[240] = x[240] ^ x[71]
x[173] = x[173] ^ x[157]
x[315] = x[315] ^ x[160]
x[310] = x[310] ^ x[142]
x[243] = x[243] ^ x[78]
x[304] = x[304] ^ x[158]
x[279] = x[279] ^ x[114]
x[184] = x[184] ^ x[12]
x[287] = x[287] ^ x[117]
x[223] = x[223] ^ x[60]
x[214] = x[214] ^ x[53]
x[313] = x[313] ^ x[150]
x[167] = x[167] ^ x[14]
x[162] = x[162] ^ x[21]
x[269] = x[269] ^ x[107]
x[252] = x[252] ^ x[97]
x[231] = x[231] ^ x[70]
x[216] = x[216] ^ x[44]
x[176] = x[176] ^ x[0]
x[281] = x[281] ^ x[127]
x[217] = x[217] ^ x[50]
x[177] = x[177] ^ x[18]
x[198] = x[198] ^ x[23]
x[322] = x[322] ^ x[145]
x[319] = x[319] ^ x[152]
x[241] = x[241] ^ x[75]
x[227] = x[227] ^ x[57]
x[192] = x[192] ^ x[19]
x[302] = x[302] ^ x[153]
x[303] = x[303] ^ x[138]
x[294] = x[294] ^ x[130]
x[296] = x[296] ^ x[149]
x[297] = x[297] ^ x[135]
x[293] = x[293] ^ x[131]
x[280] = x[280] ^ x[113]
x[258] = x[258] ^ x[87]
x[242] = x[242] ^ x[83]
x[182] = x[182] ^ x[11]
x[299] = x[299] ^ x[148]
x[263] = x[263] ^ x[96]
x[237] = x[237] ^ x[98]
x[215] = x[215] ^ x[47]
x[256] = x[256] ^ x[90]
x[235] = x[235] ^ x[67]
x[226] = x[226] ^ x[46]
x[188] = x[188] ^ x[31]
x[181] = x[181] ^ x[29]
x[201] = x[201] ^ x[56]
x[291] = x[291] ^ x[137]
x[308] = x[308] ^ x[144]
x[301] = x[301] ^ x[136]
x[196] = x[196] ^ x[36]
x[272] = x[272] ^ x[122]
x[211] = x[211] ^ x[55]
x[270] = x[270] ^ x[109]
x[265] = x[265] ^ x[105]
x[210] = x[210] ^ x[52]
x[200] = x[200] ^ x[34]
x[199] = x[199] ^ x[41]
x[164] = x[164] ^ x[156]
x[187] = x[187] ^ x[30]
x[238] = x[238] ^ x[66]
x[228] = x[228] ^ x[69]
x[194] = x[194] ^ x[24]
x[290] = x[290] ^ x[123]
x[286] = x[286] ^ x[134]
x[232] = x[232] ^ x[58]
x[249] = x[249] ^ x[77]
x[218] = x[218] ^ x[51]
x[207] = x[207] ^ x[49]
x[79] = x[79] ^ x[7]
x[48] = x[48] ^ x[8]
x[267] = x[267] ^ x[97]
x[266] = x[266] ^ x[96]
x[300] = x[300] ^ x[135]
x[189] = x[189] ^ x[29]
x[172] = x[172] ^ x[27]
x[323] = x[323] ^ x[155]
x[262] = x[262] ^ x[98]
x[168] = x[168] ^ x[13]
x[318] = x[318] ^ x[4]
x[178] = x[178] ^ x[37]
x[259] = x[259] ^ x[103]
x[224] = x[224] ^ x[73]
x[166] = x[166] ^ x[3]
x[193] = x[193] ^ x[32]
x[284] = x[284] ^ x[122]
x[190] = x[190] ^ x[30]
x[186] = x[186] ^ x[28]
x[163] = x[163] ^ x[26]
x[236] = x[236] ^ x[84]
x[230] = x[230] ^ x[87]
x[233] = x[233] ^ x[69]
x[183] = x[183] ^ x[25]
x[204] = x[204] ^ x[33]
x[321] = x[321] ^ x[147]
x[320] = x[320] ^ x[159]
x[277] = x[277] ^ x[116]
x[282] = x[282] ^ x[120]
x[278] = x[278] ^ x[121]
x[209] = x[209] ^ x[42]
x[261] = x[261] ^ x[106]
x[221] = x[221] ^ x[64]
x[205] = x[205] ^ x[52]
x[307] = x[307] ^ x[156]
x[285] = x[285] ^ x[112]
x[273] = x[273] ^ x[124]
x[316] = x[316] ^ x[154]
x[311] = x[311] ^ x[151]
x[312] = x[312] ^ x[157]
x[254] = x[254] ^ x[86]
x[247] = x[247] ^ x[93]
x[315] = x[315] ^ x[143]
x[306] = x[306] ^ x[139]
x[283] = x[283] ^ x[132]
x[305] = x[305] ^ x[142]
x[304] = x[304] ^ x[150]
x[279] = x[279] ^ x[110]
x[264] = x[264] ^ x[100]
x[260] = x[260] ^ x[89]
x[246] = x[246] ^ x[92]
x[173] = x[173] ^ x[9]
x[309] = x[309] ^ x[141]
x[288] = x[288] ^ x[119]
x[275] = x[275] ^ x[104]
x[250] = x[250] ^ x[81]
x[240] = x[240] ^ x[78]
x[179] = x[179] ^ x[22]
x[243] = x[243] ^ x[91]
x[225] = x[225] ^ x[62]
x[174] = x[174] ^ x[16]
x[184] = x[184] ^ x[5]
x[219] = x[219] ^ x[51]
x[214] = x[214] ^ x[49]
x[185] = x[185] ^ x[17]
x[287] = x[287] ^ x[133]
x[167] = x[167] ^ x[1]
x[195] = x[195] ^ x[43]
x[162] = x[162] ^ x[19]
x[213] = x[213] ^ x[44]
x[176] = x[176] ^ x[7]
x[281] = x[281] ^ x[126]
x[198] = x[198] ^ x[45]
x[322] = x[322] ^ x[152]
x[227] = x[227] ^ x[60]
x[294] = x[294] ^ x[138]
x[296] = x[296] ^ x[131]
x[297] = x[297] ^ x[118]
x[292] = x[292] ^ x[127]
x[276] = x[276] ^ x[113]
x[258] = x[258] ^ x[83]
x[197] = x[197] ^ x[23]
x[302] = x[302] ^ x[146]
x[299] = x[299] ^ x[145]
x[293] = x[293] ^ x[130]
x[263] = x[263] ^ x[102]
x[237] = x[237] ^ x[94]
x[215] = x[215] ^ x[65]
x[257] = x[257] ^ x[88]
x[252] = x[252] ^ x[90]
x[235] = x[235] ^ x[72]
x[231] = x[231] ^ x[82]
x[226] = x[226] ^ x[59]
x[181] = x[181] ^ x[10]
x[182] = x[182] ^ x[12]
x[201] = x[201] ^ x[47]
x[308] = x[308] ^ x[137]
x[301] = x[301] ^ x[144]
x[272] = x[272] ^ x[108]
x[211] = x[211] ^ x[40]
x[265] = x[265] ^ x[109]
x[199] = x[199] ^ x[36]
x[192] = x[192] ^ x[34]
x[210] = x[210] ^ x[50]
x[164] = x[164] ^ x[18]
x[187] = x[187] ^ x[11]
x[238] = x[238] ^ x[75]
x[194] = x[194] ^ x[35]
x[286] = x[286] ^ x[123]
x[228] = x[228] ^ x[58]
x[200] = x[200] ^ x[31]
x[232] = x[232] ^ x[70]
x[177] = x[177] ^ x[41]
x[207] = x[207] ^ x[218]
x[79] = x[79] ^ x[107]
x[77] = x[77] ^ x[8]
x[274] = x[274] ^ x[123]
x[266] = x[266] ^ x[98]
x[324] = x[324] ^ x[143]
x[248] = x[248] ^ x[72]
x[300] = x[300] ^ x[136]
x[268] = x[268] ^ x[108]
x[203] = x[203] ^ x[55]
x[172] = x[172] ^ x[0]
x[289] = x[289] ^ x[135]
x[222] = x[222] ^ x[76]
x[253] = x[253] ^ x[96]
x[191] = x[191] ^ x[41]
x[262] = x[262] ^ x[97]
x[208] = x[208] ^ x[40]
x[168] = x[168] ^ x[10]
x[165] = x[165] ^ x[2]
x[178] = x[178] ^ x[4]
x[239] = x[239] ^ x[74]
x[180] = x[180] ^ x[35]
x[295] = x[295] ^ x[118]
x[318] = x[318] ^ x[146]
x[310] = x[310] ^ x[155]
x[284] = x[284] ^ x[117]
x[224] = x[224] ^ x[59]
x[166] = x[166] ^ x[6]
x[298] = x[298] ^ x[115]
x[223] = x[223] ^ x[73]
x[163] = x[163] ^ x[37]
x[317] = x[317] ^ x[158]
x[220] = x[220] ^ x[63]
x[313] = x[313] ^ x[161]
x[183] = x[183] ^ x[5]
x[175] = x[175] ^ x[14]
x[321] = x[321] ^ x[159]
x[278] = x[278] ^ x[116]
x[233] = x[233] ^ x[67]
x[206] = x[206] ^ x[39]
x[261] = x[261] ^ x[107]
x[229] = x[229] ^ x[75]
x[189] = x[189] ^ x[22]
x[320] = x[320] ^ x[153]
x[319] = x[319] ^ x[151]
x[312] = x[312] ^ x[154]
x[242] = x[242] ^ x[86]
x[216] = x[216] ^ x[51]
x[283] = x[283] ^ x[125]
x[311] = x[311] ^ x[142]
x[306] = x[306] ^ x[150]
x[282] = x[282] ^ x[121]
x[269] = x[269] ^ x[112]
x[260] = x[260] ^ x[103]
x[256] = x[256] ^ x[100]
x[315] = x[315] ^ x[157]
x[309] = x[309] ^ x[147]
x[288] = x[288] ^ x[133]
x[273] = x[273] ^ x[110]
x[275] = x[275] ^ x[111]
x[250] = x[250] ^ x[93]
x[246] = x[246] ^ x[84]
x[241] = x[241] ^ x[80]
x[221] = x[221] ^ x[57]
x[217] = x[217] ^ x[56]
x[188] = x[188] ^ x[29]
x[179] = x[179] ^ x[21]
x[247] = x[247] ^ x[87]
x[291] = x[291] ^ x[128]
x[240] = x[240] ^ x[68]
x[185] = x[185] ^ x[27]
x[214] = x[214] ^ x[54]
x[243] = x[243] ^ x[85]
x[167] = x[167] ^ x[16]
x[204] = x[204] ^ x[43]
x[195] = x[195] ^ x[42]
x[162] = x[162] ^ x[15]
x[213] = x[213] ^ x[52]
x[198] = x[198] ^ x[30]
x[316] = x[316] ^ x[152]
x[227] = x[227] ^ x[69]
x[296] = x[296] ^ x[138]   y[298]
x[297] = x[297] ^ x[127]
x[258] = x[258] ^ x[95]
x[197] = x[197] ^ x[28]
x[173] = x[173] ^ x[1]
x[322] = x[322] ^ x[156]
x[302] = x[302] ^ x[145]
x[276] = x[276] ^ x[124]
x[263] = x[263] ^ x[94]
x[215] = x[215] ^ x[62]
x[176] = x[176] ^ x[19]
x[290] = x[290] ^ x[131]
x[252] = x[252] ^ x[88]
x[235] = x[235] ^ x[82]
x[226] = x[226] ^ x[61]
x[181] = x[181] ^ x[12]
x[301] = x[301] ^ x[137]   y[304]
x[272] = x[272] ^ x[113]
x[211] = x[211] ^ x[47]   y[207]
x[199] = x[199] ^ x[34]
x[210] = x[210] ^ x[164]
x[187] = x[187] ^ x[26]
x[238] = x[238] ^ x[194]
x[228] = x[228] ^ x[286]
x[200] = x[200] ^ x[32]
x[177] = x[177] ^ x[36]
x[48] = x[48] ^ x[18]
x[207] = x[207] ^ x[232]
x[109] = x[109] ^ x[8]
x[79] = x[79] ^ x[126]
x[77] = x[77] ^ x[130]
x[267] = x[267] ^ x[107]
x[266] = x[266] ^ x[105]
x[274] = x[274] ^ x[108]
x[300] = x[300] ^ x[128]
x[248] = x[248] ^ x[68]
x[271] = x[271] ^ x[111]
x[259] = x[259] ^ x[99]
x[289] = x[289] ^ x[126]
x[253] = x[253] ^ x[84]
x[268] = x[268] ^ x[114]
x[222] = x[222] ^ x[82]
x[190] = x[190] ^ x[28]
x[193] = x[193] ^ x[160]
x[230] = x[230] ^ x[76]
x[191] = x[191] ^ x[26]
x[236] = x[236] ^ x[80]
x[280] = x[280] ^ x[120]
x[208] = x[208] ^ x[62]
x[324] = x[324] ^ x[2]
x[239] = x[239] ^ x[78]
x[171] = x[171] ^ x[15]
x[172] = x[172] ^ x[25]
x[196] = x[196] ^ x[35]
x[310] = x[310] ^ x[139]
x[303] = x[303] ^ x[143]
x[318] = x[318] ^ x[161]
x[284] = x[284] ^ x[135]
x[224] = x[224] ^ x[61]
x[244] = x[244] ^ x[81]
x[307] = x[307] ^ x[149]
x[304] = x[304] ^ x[129]
x[298] = x[298] ^ x[140]
x[295] = x[295] ^ x[136]
x[285] = x[285] ^ x[124]
x[277] = x[277] ^ x[115]
x[287] = x[287] ^ x[119]
x[317] = x[317] ^ x[155]
x[220] = x[220] ^ x[46]
x[168] = x[168] ^ x[5]
x[178] = x[178] ^ x[14]
x[231] = x[231] ^ x[73]
x[189] = x[189] ^ x[27]
x[175] = x[175] ^ x[0]
x[319] = x[319] ^ x[159]
x[283] = x[283] ^ x[130]
x[306] = x[306] ^ x[142]
x[282] = x[282] ^ x[112]
x[261] = x[261] ^ x[101]
x[260] = x[260] ^ x[92]
x[257] = x[257] ^ x[96]
x[201] = x[201] ^ x[45]   y[198]
x[315] = x[315] ^ x[154]
x[311] = x[311] ^ x[147]
x[308] = x[308] ^ x[148]
x[288] = x[288] ^ x[134]
x[281] = x[281] ^ x[125]   y[279]
x[273] = x[273] ^ x[121]
x[275] = x[275] ^ x[110]
x[250] = x[250] ^ x[83]   y[251]
x[246] = x[246] ^ x[85]
x[237] = x[237] ^ x[91]
x[229] = x[229] ^ x[67]
x[221] = x[221] ^ x[54]
x[217] = x[217] ^ x[55]
x[179] = x[179] ^ x[13]
x[251] = x[251] ^ x[87]
x[291] = x[291] ^ x[118]
x[188] = x[188] ^ x[21]
x[241] = x[241] ^ x[90]
x[240] = x[240] ^ x[72]
x[204] = x[204] ^ x[42]
x[206] = x[206] ^ x[50]
x[198] = x[198] ^ x[33]
x[138] = x[138] ^ x[116]
x[197] = x[197] ^ x[39]
x[173] = x[173] ^ x[6]
x[58] = x[58] ^ x[97]
x[94] = x[94] ^ x[66]
x[176] = x[176] ^ x[215]
x[156] = x[156] ^ x[145]
x[192] = x[192] ^ x[30]
x[226] = x[226] ^ x[235]
x[162] = x[162] ^ x[16]
x[183] = x[183] ^ x[12]
x[163] = x[163] ^ x[19]
x[137] = x[137] ^ x[51]
x[113] = x[113] ^ x[86]
x[167] = x[167] ^ x[7]
x[34] = x[34] ^ x[69]
x[210] = x[210] ^ x[316]   y[214]
x[187] = x[187] ^ x[258]
x[238] = x[238] ^ x[276]
x[200] = x[200] ^ x[252]
x[286] = x[286] ^ x[290]
x[36] = x[36] ^ x[100]
x[127] = x[127] ^ x[48]
x[232] = x[232] ^ x[169]
x[52] = x[52] ^ x[8]
x[79] = x[79] ^ x[153]
x[77] = x[77] ^ x[47]
x[323] = x[323] ^ x[8]
x[267] = x[267] ^ x[102]
x[203] = x[203] ^ x[38]
x[314] = x[314] ^ x[140]
x[262] = x[262] ^ x[95]
x[266] = x[266] ^ x[104]
x[274] = x[274] ^ x[122]
x[271] = x[271] ^ x[99]
x[223] = x[223] ^ x[64]
x[225] = x[225] ^ x[70]
x[186] = x[186] ^ x[20]
x[205] = x[205] ^ x[49]
x[253] = x[253] ^ x[91]
x[174] = x[174] ^ x[4]
x[279] = x[279] ^ x[117]
x[268] = x[268] ^ x[101]
x[259] = x[259] ^ x[92]
x[254] = x[254] ^ x[96]
x[190] = x[190] ^ x[37]
x[305] = x[305] ^ x[132]
x[300] = x[300] ^ x[141]
x[248] = x[248] ^ x[74]
x[222] = x[222] ^ x[53]
x[289] = x[289] ^ x[114]
x[180] = x[180] ^ x[17]
x[313] = x[313] ^ x[158]
x[280] = x[280] ^ x[116]   y[280]
x[321] = x[321] ^ x[161]
x[233] = x[233] ^ x[71]
x[239] = x[239] ^ x[80]
x[208] = x[208] ^ x[57]
x[171] = x[171] ^ x[10]
x[184] = x[184] ^ x[25]
x[310] = x[310] ^ x[143]
x[292] = x[292] ^ x[135]
x[309] = x[309] ^ x[139]
x[224] = x[224] ^ x[65]   y[229]
x[318] = x[318] ^ x[160]
x[304] = x[304] ^ x[149]
x[299] = x[299] ^ x[144]
x[298] = x[298] ^ x[136]
x[295] = x[295] ^ x[129]
x[269] = x[269] ^ x[111]
x[242] = x[242] ^ x[81]
x[285] = x[285] ^ x[126]
x[312] = x[312] ^ x[153]
x[191] = x[191] ^ x[39]
x[287] = x[287] ^ x[115]
x[317] = x[317] ^ x[146]
x[214] = x[214] ^ x[46]
x[243] = x[243] ^ x[76]
x[168] = x[168] ^ x[2]
x[216] = x[216] ^ x[43]   y[217]
x[178] = x[178] ^ x[29]
x[172] = x[172] ^ x[18]
x[306] = x[306] ^ x[260]
x[189] = x[189] ^ x[23]
x[182] = x[182] ^ x[15]
x[175] = x[175] ^ x[157]
x[170] = x[170] ^ x[5]
x[237] = x[237] ^ x[311]
x[275] = x[275] ^ x[282]
x[257] = x[257] ^ x[246]
x[227] = x[227] ^ x[217]
x[245] = x[245] ^ x[202]
x[154] = x[154] ^ x[148]
x[273] = x[273] ^ x[276]
x[67] = x[67] ^ x[35]
x[87] = x[87] ^ x[47]
x[185] = x[185] ^ x[22]
x[72] = x[72] ^ x[21]
x[90] = x[90] ^ x[159]
x[42] = x[42] ^ x[86]
x[181] = x[181] ^ x[194]
x[138] = x[138] ^ x[0]
x[173] = x[173] ^ x[261]
x[94] = x[94] ^ x[6]
x[197] = x[197] ^ x[201]
x[50] = x[50] ^ x[88]
x[206] = x[206] ^ x[40]
x[30] = x[30] ^ x[134]
x[198] = x[198] ^ x[308]
x[235] = x[235] ^ x[221]
x[125] = x[125] ^ x[145]
x[163] = x[163] ^ x[16]
x[51] = x[51] ^ x[137]
x[12] = x[12] ^ x[118]
x[231] = x[231] ^ x[167]
x[316] = x[316] ^ x[319]   y[317]
x[215] = x[215] ^ x[258]
x[156] = x[156] ^ x[34]
x[200] = x[200] ^ x[179]
x[238] = x[238] ^ x[211]
x[109] = x[109] ^ x[100]
x[48] = x[48] ^ x[127]
x[286] = x[286] ^ x[169]
x[79] = x[79] ^ x[58]
x[130] = x[130] ^ x[77]
x[83] = x[83] ^ x[52]
x[255] = x[255] ^ x[103]
x[267] = x[267] ^ x[88]
x[209] = x[209] ^ x[32]
x[236] = x[236] ^ x[73]
x[165] = x[165] ^ x[160]
x[166] = x[166] ^ x[9]
x[262] = x[262] ^ x[89]
x[266] = x[266] ^ x[106]
x[212] = x[212] ^ x[44]
x[274] = x[274] ^ x[105]   y[274]
x[271] = x[271] ^ x[107]
x[225] = x[225] ^ x[64]
x[186] = x[186] ^ x[26]
x[268] = x[268] ^ x[117]
x[244] = x[244] ^ x[84]
x[303] = x[303] ^ x[132]
x[300] = x[300] ^ x[140]
x[293] = x[293] ^ x[128]
x[277] = x[277] ^ x[122]
x[248] = x[248] ^ x[78]
x[220] = x[220] ^ x[56]
x[222] = x[222] ^ x[60]
x[205] = x[205] ^ x[38]   y[205]
x[289] = x[289] ^ x[120]
x[180] = x[180] ^ x[20]
x[313] = x[313] ^ x[155]
x[233] = x[233] ^ x[321]
x[196] = x[196] ^ x[28]
x[203] = x[203] ^ x[45]
x[174] = x[174] ^ x[0]
x[190] = x[190] ^ x[25]   y[190]
x[131] = x[131] ^ x[96]
x[135] = x[135] ^ x[92]
x[123] = x[123] ^ x[134]
x[91] = x[91] ^ x[61]
x[317] = x[317] ^ x[318]
x[46] = x[46] ^ x[24]
x[2] = x[2] ^ x[126]
x[228] = x[228] ^ x[216]
x[116] = x[116] ^ x[153]
x[178] = x[178] ^ x[208]
x[172] = x[172] ^ x[4]
x[184] = x[184] ^ x[23]   y[184]
x[237] = x[237] ^ x[311]
x[291] = x[291] ^ x[170]
x[245] = x[245] ^ x[269]
x[273] = x[273] ^ x[188]
x[175] = x[175] ^ x[299]
x[19] = x[19] ^ x[149]
x[257] = x[257] ^ x[295]
x[15] = x[15] ^ x[76]
x[113] = x[113] ^ x[72]
x[185] = x[185] ^ x[282]
x[87] = x[87] ^ x[108]
x[251] = x[251] ^ x[227]
x[42] = x[42] ^ x[159]
x[7] = x[7] ^ x[11]
x[310] = x[310] ^ x[276]
x[306] = x[306] ^ x[261]
x[65] = x[65] ^ x[50]
x[197] = x[197] ^ x[201]
x[139] = x[139] ^ x[94]
x[198] = x[198] ^ x[206]
x[35] = x[35] ^ x[100]
x[145] = x[145] ^ x[118]
x[30] = x[30] ^ x[39]
x[16] = x[16] ^ x[86]
x[137] = x[137] ^ x[37]
x[231] = x[231] ^ x[239]
x[319] = x[319] ^ x[181]
x[200] = x[200] ^ x[275]
x[115] = x[115] ^ x[138]
x[238] = x[238] ^ x[221]
x[10] = x[10] ^ x[8]
x[81] = x[81] ^ x[109]
x[154] = x[154] ^ x[48]
x[169] = x[169] ^ x[258]
x[58] = x[58] ^ x[156]
x[130] = x[130] ^ x[136]
x[83] = x[83] ^ x[52]
x[255] = x[255] ^ x[95]
x[230] = x[230] ^ x[71]
x[314] = x[314] ^ x[148]
x[267] = x[267] ^ x[98]
x[219] = x[219] ^ x[63]
x[193] = x[193] ^ x[22]
x[253] = x[253] ^ x[97]
x[165] = x[165] ^ x[3]
x[305] = x[305] ^ x[141]
x[278] = x[278] ^ x[114]
x[320] = x[320] ^ x[158]
x[307] = x[307] ^ x[151]
x[259] = x[259] ^ x[93]
x[262] = x[262] ^ x[99]
x[209] = x[209] ^ x[41]
x[195] = x[195] ^ x[31]   y[199]
x[105] = x[105] ^ x[152]
x[64] = x[64] ^ x[107]
x[186] = x[186] ^ x[17]
x[166] = x[166] ^ x[1]
x[147] = x[147] ^ x[69]
x[229] = x[229] ^ x[248]
x[101] = x[101] ^ x[68]
x[60] = x[60] ^ x[149]
x[128] = x[128] ^ x[82]
x[132] = x[132] ^ x[76]
x[191] = x[191] ^ x[27]
x[55] = x[55] ^ x[9]
x[283] = x[283] ^ x[281]
x[233] = x[233] ^ x[266]
x[183] = x[183] ^ x[20]
x[212] = x[212] ^ x[202]
x[189] = x[189] ^ x[24]
x[28] = x[28] ^ x[144]
x[323] = x[323] ^ x[21]
x[168] = x[168] ^ x[268]
x[203] = x[203] ^ x[53]
x[61] = x[61] ^ x[13]
x[135] = x[135] ^ x[122]
x[131] = x[131] ^ x[32]
x[123] = x[123] ^ x[117]
x[67] = x[67] ^ x[5]
x[225] = x[225] ^ x[318]
x[155] = x[155] ^ x[45]
x[228] = x[228] ^ x[282]
x[178] = x[178] ^ x[208]
x[2] = x[2] ^ x[161]
x[172] = x[172] ^ x[218]
x[291] = x[291] ^ x[244]
x[56] = x[56] ^ x[0]
x[140] = x[140] ^ x[134]
x[23] = x[23] ^ x[4]
x[245] = x[245] ^ x[175]
x[163] = x[163] ^ x[260]
x[38] = x[38] ^ x[51]
x[311] = x[311] ^ x[182]
x[91] = x[91] ^ x[153]
x[120] = x[120] ^ x[6]
x[113] = x[113] ^ x[72]
x[7] = x[7] ^ x[110]
x[33] = x[33] ^ x[34]
x[187] = x[187] ^ x[258]
x[126] = x[126] ^ x[96]
x[241] = x[241] ^ x[197]
x[315] = x[315] ^ x[276]
x[215] = x[215] ^ x[277]
x[167] = x[167] ^ x[322]
x[206] = x[206] ^ x[295]
x[145] = x[145] ^ x[19]
x[16] = x[16] ^ x[39]
x[87] = x[87] ^ x[37]
x[231] = x[231] ^ x[227]
x[286] = x[286] ^ x[221]   y[287]
x[181] = x[181] ^ x[190]
x[25] = x[25] ^ x[127]
x[275] = x[275] ^ x[188]   y[273]
x[94] = x[94] ^ x[100]
x[12] = x[12] ^ x[138]
x[73] = x[73] ^ x[48]
x[169] = x[169] ^ x[261]
x[81] = x[81] ^ x[15]
x[8] = x[8] ^ x[159]
x[109] = x[109] ^ x[50]
x[112] = x[112] ^ x[52]
x[130] = x[130] ^ x[136]
x[154] = x[154] ^ x[58]
x[54] = x[54] ^ x[83]
x[264] = x[264] ^ x[106]
x[247] = x[247] ^ x[86]
x[230] = x[230] ^ x[66]
x[284] = x[284] ^ x[119]
x[279] = x[279] ^ x[108]
x[314] = x[314] ^ x[150]
x[267] = x[267] ^ x[103]
x[256] = x[256] ^ x[98]
x[254] = x[254] ^ x[89]
x[236] = x[236] ^ x[74]
x[219] = x[219] ^ x[59]
x[193] = x[193] ^ x[37]   y[192]
x[278] = x[278] ^ x[274]
x[142] = x[142] ^ x[141]
x[214] = x[214] ^ x[205]
x[62] = x[62] ^ x[161]   y[60]
x[253] = x[253] ^ x[296]
x[303] = x[303] ^ x[305]
x[85] = x[85] ^ x[95]
x[151] = x[151] ^ x[129]
x[171] = x[171] ^ x[213]   y[172]
x[41] = x[41] ^ x[9]   y[38]
x[57] = x[57] ^ x[17]
x[174] = x[174] ^ x[297]
x[177] = x[177] ^ x[271]
x[229] = x[229] ^ x[281]
x[70] = x[70] ^ x[64]
x[259] = x[259] ^ x[218]
x[46] = x[46] ^ x[43]
x[148] = x[148] ^ x[82]
x[292] = x[292] ^ x[191]
x[116] = x[116] ^ x[138]
x[233] = x[233] ^ x[318]   y[235]
x[212] = x[212] ^ x[240]
x[105] = x[105] ^ x[144]
x[162] = x[162] ^ x[13]
x[323] = x[323] ^ x[3]
x[84] = x[84] ^ x[21]
x[268] = x[268] ^ x[165]
x[304] = x[304] ^ x[202]
x[61] = x[61] ^ x[32]   y[63]
x[122] = x[122] ^ x[123]
x[132] = x[132] ^ x[88]
x[69] = x[69] ^ x[5]   y[67]
x[101] = x[101] ^ x[28]
x[266] = x[266] ^ x[203]
x[99] = x[99] ^ x[155]
x[178] = x[178] ^ x[195]
x[2] = x[2] ^ x[6]
x[310] = x[310] ^ x[180]
x[42] = x[42] ^ x[118]
x[0] = x[0] ^ x[56]
x[185] = x[185] ^ x[282]
x[175] = x[175] ^ x[290]   y[174]
x[91] = x[91] ^ x[26]
x[20] = x[20] ^ x[38]
x[311] = x[311] ^ x[192]
x[244] = x[244] ^ x[298]
x[35] = x[35] ^ x[1]
x[65] = x[65] ^ x[75]
x[128] = x[128] ^ x[134]
x[113] = x[113] ^ x[121]
x[140] = x[140] ^ x[117]
x[24] = x[24] ^ x[137]
x[90] = x[90] ^ x[7]
x[33] = x[33] ^ x[34]
x[239] = x[239] ^ x[261]
x[139] = x[139] ^ x[115]
x[197] = x[197] ^ x[199]
x[163] = x[163] ^ x[322]
x[276] = x[276] ^ x[224]
x[215] = x[215] ^ x[189]
x[241] = x[241] ^ x[166]
x[295] = x[295] ^ x[201]
x[125] = x[125] ^ x[145]
x[16] = x[16] ^ x[39]
x[87] = x[87] ^ x[47]
x[181] = x[181] ^ x[258]   y[175]
x[188] = x[188] ^ x[321]   y[189]
x[231] = x[231] ^ x[172]
x[227] = x[227] ^ x[249]
x[221] = x[221] ^ x[286]
x[94] = x[94] ^ x[149]
x[76] = x[76] ^ x[12]
x[169] = x[169] ^ x[196]
x[81] = x[81] ^ x[111]
x[36] = x[36] ^ x[73]
x[15] = x[15] ^ x[14]
x[159] = x[159] ^ x[50]
x[25] = x[25] ^ x[58]
x[126] = x[126] ^ x[112]
x[158] = x[158] ^ x[130]
x[154] = x[154] ^ x[4]
x[83] = x[83] ^ x[153]
x[255] = x[255] ^ x[100]   y[256]
x[270] = x[270] ^ x[104]
x[234] = x[234] ^ x[68]
x[294] = x[294] ^ x[133]
x[264] = x[264] ^ x[102]
x[223] = x[223] ^ x[63]
x[263] = x[263] ^ x[219]
x[265] = x[265] ^ x[312]   y[267]
x[272] = x[272] ^ x[301]
x[160] = x[160] ^ x[103]
x[314] = x[314] ^ x[285]
x[302] = x[302] ^ x[246]
x[98] = x[98] ^ x[141]
x[59] = x[59] ^ x[26]
x[106] = x[106] ^ x[55]
x[114] = x[114] ^ x[45]
x[40] = x[40] ^ x[89]
x[214] = x[214] ^ x[237]
x[271] = x[271] ^ x[170]   y[266]
x[257] = x[257] ^ x[174]   y[258]
x[229] = x[229] ^ x[247]   y[233]
x[251] = x[251] ^ x[186]
x[64] = x[64] ^ x[70]
x[303] = x[303] ^ x[308]
x[259] = x[259] ^ x[236]   y[257]
x[292] = x[292] ^ x[281]
x[207] = x[207] ^ x[184]
x[212] = x[212] ^ x[213]
x[245] = x[245] ^ x[203]
x[183] = x[183] ^ x[11]
x[165] = x[165] ^ x[179]
x[29] = x[29] ^ x[50]
x[323] = x[323] ^ x[14]
x[17] = x[17] ^ x[32]
x[116] = x[116] ^ x[9]   y[117]
x[304] = x[304] ^ x[202]
x[253] = x[253] ^ x[228]
x[53] = x[53] ^ x[161]
x[101] = x[101] ^ x[148]
x[67] = x[67] ^ x[120]
x[178] = x[178] ^ x[226]   y[178]
x[105] = x[105] ^ x[2]
x[162] = x[162] ^ x[6]
x[3] = x[3] ^ x[37]
x[310] = x[310] ^ x[218]
x[185] = x[185] ^ x[288]
x[167] = x[167] ^ x[220]
x[217] = x[217] ^ x[175]
x[238] = x[238] ^ x[318]
x[180] = x[180] ^ x[164]
x[56] = x[56] ^ x[13]
x[1] = x[1] ^ x[123]
x[91] = x[91] ^ x[46]
x[80] = x[80] ^ x[35]
x[134] = x[134] ^ x[82]
x[151] = x[151] ^ x[65]
x[118] = x[118] ^ x[62]
x[121] = x[121] ^ x[99]
x[7] = x[7] ^ x[137]
x[10] = x[10] ^ x[117]
x[18] = x[18] ^ x[127]
x[187] = x[187] ^ x[224]
x[139] = x[139] ^ x[129]
x[276] = x[276] ^ x[317]
x[311] = x[311] ^ x[275]
x[215] = x[215] ^ x[298]
x[295] = x[295] ^ x[309]
x[241] = x[241] ^ x[194]   y[242]
x[189] = x[189] ^ x[274]
x[322] = x[322] ^ x[199]
x[197] = x[197] ^ x[193]
x[34] = x[34] ^ x[66]   y[36]
x[132] = x[132] ^ x[145]
x[125] = x[125] ^ x[131]
x[87] = x[87] ^ x[142]
x[39] = x[39] ^ x[47]
x[239] = x[239] ^ x[261]
x[227] = x[227] ^ x[172]
x[256] = x[256] ^ x[188]
x[225] = x[225] ^ x[286]
x[277] = x[277] ^ x[258]
x[21] = x[21] ^ x[109]
x[156] = x[156] ^ x[51]
x[149] = x[149] ^ x[94]
x[76] = x[76] ^ x[108]
x[169] = x[169] ^ x[181]
x[36] = x[36] ^ x[136]
x[81] = x[81] ^ x[15]
x[119] = x[119] ^ x[159]
x[126] = x[126] ^ x[52]
x[25] = x[25] ^ x[130]
x[38] = x[38] ^ x[112]
x[4] = x[4] ^ x[5]
x[92] = x[92] ^ x[58]
x[153] = x[153] ^ x[95]
x[289] = x[289] ^ x[270]
x[223] = x[223] ^ x[324]
x[300] = x[300] ^ x[301]
x[320] = x[320] ^ x[274]   y[320]
x[272] = x[272] ^ x[222]   y[272]
x[312] = x[312] ^ x[211]
x[68] = x[68] ^ x[43]
x[60] = x[60] ^ x[26]
x[278] = x[278] ^ x[170]
x[262] = x[262] ^ x[233]
x[264] = x[264] ^ x[174]
x[168] = x[168] ^ x[218]   y[167]
x[85] = x[85] ^ x[45]
x[268] = x[268] ^ x[283]   y[270]
x[236] = x[236] ^ x[246]
x[89] = x[89] ^ x[103]   y[89]
x[72] = x[72] ^ x[84]   y[76]
x[122] = x[122] ^ x[143]
x[292] = x[292] ^ x[305]   y[292]
x[207] = x[207] ^ x[285]   y[209]
x[269] = x[269] ^ x[237]   y[271]
x[165] = x[165] ^ x[298]
x[254] = x[254] ^ x[183]   y[253]
x[245] = x[245] ^ x[323]
x[244] = x[244] ^ x[313]
x[209] = x[209] ^ x[203]   y[206]
x[212] = x[212] ^ x[287]
x[290] = x[290] ^ x[196]
x[17] = x[17] ^ x[141]
x[19] = x[19] ^ x[75]
x[40] = x[40] ^ x[110]
x[29] = x[29] ^ x[5]
x[44] = x[44] ^ x[116]
x[96] = x[96] ^ x[86]
x[226] = x[226] ^ x[178]
x[105] = x[105] ^ x[41]
x[162] = x[162] ^ x[9]
x[57] = x[57] ^ x[3]
x[13] = x[13] ^ x[0]
x[213] = x[213] ^ x[310]
x[303] = x[303] ^ x[238]
x[164] = x[164] ^ x[229]
x[294] = x[294] ^ x[167]
x[251] = x[251] ^ x[217]   y[250]
x[128] = x[128] ^ x[123]
x[63] = x[63] ^ x[1]
x[80] = x[80] ^ x[148]
x[161] = x[161] ^ x[77]
x[151] = x[151] ^ x[2]
x[6] = x[6] ^ x[61]
x[70] = x[70] ^ x[90]
x[97] = x[97] ^ x[134]
x[46] = x[46] ^ x[118]
x[99] = x[99] ^ x[31]
x[79] = x[79] ^ x[137]
x[231] = x[231] ^ x[282]   y[231]
x[198] = x[198] ^ x[187]
x[276] = x[276] ^ x[288]
x[194] = x[194] ^ x[189]
x[197] = x[197] ^ x[317]
x[215] = x[215] ^ x[307]
x[247] = x[247] ^ x[311]   y[247]
x[309] = x[309] ^ x[243]
x[322] = x[322] ^ x[240]
x[117] = x[117] ^ x[35]
x[71] = x[71] ^ x[48]
x[139] = x[139] ^ x[65]   y[140]
x[132] = x[132] ^ x[30]
x[129] = x[129] ^ x[146]
x[53] = x[53] ^ x[127]
x[39] = x[39] ^ x[22]
x[54] = x[54] ^ x[142]
x[261] = x[261] ^ x[249]
x[239] = x[239] ^ x[182]
x[172] = x[172] ^ x[319]
x[256] = x[256] ^ x[277]   y[259]
x[304] = x[304] ^ x[286]   y[303]
x[228] = x[228] ^ x[225]
x[138] = x[138] ^ x[73]
x[94] = x[94] ^ x[55]
x[155] = x[155] ^ x[149]   y[152]
x[111] = x[111] ^ x[78]
x[109] = x[109] ^ x[34]
x[152] = x[152] ^ x[156]
x[64] = x[64] ^ x[52]
x[154] = x[154] ^ x[108]   y[153]
x[169] = x[169] ^ x[263]
x[120] = x[120] ^ x[15]
x[159] = x[159] ^ x[62]
x[101] = x[101] ^ x[119]
x[131] = x[131] ^ x[83]
x[126] = x[126] ^ x[58]
x[25] = x[25] ^ x[100]
x[66] = x[66] ^ x[130]
x[133] = x[133] ^ x[153]
x[4] = x[4] ^ x[136]
x[92] = x[92] ^ x[36]   y[93]
x[38] = x[38] ^ x[37]
x[270] = x[270] ^ x[260]
x[176] = x[176] ^ x[234]
x[248] = x[248] ^ x[293]
x[107] = x[107] ^ x[55]
x[177] = x[177] ^ x[324]   y[180]
x[302] = x[302] ^ x[199]   y[302]
x[59] = x[59] ^ x[14]
x[314] = x[314] ^ x[246]   y[314]
x[27] = x[27] ^ x[82]   y[28]
x[160] = x[160] ^ x[141]
x[306] = x[306] ^ x[281]
x[291] = x[291] ^ x[301]   y[291]
x[208] = x[208] ^ x[267]   y[213]
x[235] = x[235] ^ x[201]   y[236]
x[278] = x[278] ^ x[297]
x[206] = x[206] ^ x[315]
x[170] = x[170] ^ x[283]   y[170]
x[60] = x[60] ^ x[9]
x[103] = x[103] ^ x[144]
x[32] = x[32] ^ x[95]
x[68] = x[68] ^ x[113]
x[20] = x[20] ^ x[11]   y[18]
x[305] = x[305] ^ x[205]
x[91] = x[91] ^ x[86]
x[284] = x[284] ^ x[218]
x[185] = x[185] ^ x[299]
x[180] = x[180] ^ x[211]
x[222] = x[222] ^ x[203]
x[220] = x[220] ^ x[288]
x[19] = x[19] ^ x[143]   y[20]
x[40] = x[40] ^ x[74]
x[44] = x[44] ^ x[89]
x[226] = x[226] ^ x[237]   y[225]
x[221] = x[221] ^ x[173]   y[221]
x[105] = x[105] ^ x[31]
x[217] = x[217] ^ x[174]   y[218]
x[294] = x[294] ^ x[320]
x[262] = x[262] ^ x[298]   y[260]
x[167] = x[167] ^ x[244]   y[171]
x[213] = x[213] ^ x[186]
x[238] = x[238] ^ x[275]   y[234]
x[114] = x[114] ^ x[12]
x[46] = x[46] ^ x[7]
x[128] = x[128] ^ x[110]   y[128]
x[97] = x[97] ^ x[147]
x[75] = x[75] ^ x[118]
x[26] = x[26] ^ x[151]
x[104] = x[104] ^ x[18]
x[8] = x[8] ^ x[122]
x[84] = x[84] ^ x[10]
x[85] = x[85] ^ x[80]
x[29] = x[29] ^ x[90]
x[63] = x[63] ^ x[72]   y[64]
x[56] = x[56] ^ x[70]
x[145] = x[145] ^ x[37]
x[227] = x[227] ^ x[285]
x[57] = x[57] ^ x[51]
x[317] = x[317] ^ x[204]   y[316]
x[307] = x[307] ^ x[166]
x[162] = x[162] ^ x[240]
x[236] = x[236] ^ x[276]   y[239]
x[196] = x[196] ^ x[254]
x[243] = x[243] ^ x[233]
x[189] = x[189] ^ x[300]   y[188]
x[287] = x[287] ^ x[258]
x[311] = x[311] ^ x[323]   y[312]
x[215] = x[215] ^ x[175]
x[282] = x[282] ^ x[231]
x[30] = x[30] ^ x[24]
x[48] = x[48] ^ x[5]
x[125] = x[125] ^ x[21]   y[124]
x[50] = x[50] ^ x[71]
x[137] = x[137] ^ x[123]
x[146] = x[146] ^ x[43]
x[98] = x[98] ^ x[76]
x[129] = x[129] ^ x[49]
x[17] = x[17] ^ x[53]
x[0] = x[0] ^ x[139]
x[54] = x[54] ^ x[22]
x[172] = x[172] ^ x[168]
x[249] = x[249] ^ x[296]   y[246]
x[239] = x[239] ^ x[187]
x[228] = x[228] ^ x[265]
x[225] = x[225] ^ x[252]
x[277] = x[277] ^ x[209]
x[182] = x[182] ^ x[316]
x[164] = x[164] ^ x[304]
x[261] = x[261] ^ x[255]
x[142] = x[142] ^ x[148]
x[134] = x[134] ^ x[73]
x[138] = x[138] ^ x[157]
x[67] = x[67] ^ x[111]
x[109] = x[109] ^ x[45]
x[78] = x[78] ^ x[93]   y[78]
x[77] = x[77] ^ x[158]
x[245] = x[245] ^ x[169]
x[159] = x[159] ^ x[61]
x[23] = x[23] ^ x[52]
x[15] = x[15] ^ x[119]
x[83] = x[83] ^ x[64]
x[131] = x[131] ^ x[94]   y[132]
x[100] = x[100] ^ x[1]
x[4] = x[4] ^ x[136]
x[79] = x[79] ^ x[126]
x[101] = x[101] ^ x[130]
x[58] = x[58] ^ x[152]   y[57]
x[133] = x[133] ^ x[135]
x[66] = x[66] ^ x[35]
x[153] = x[153] ^ x[120]
x[108] = x[108] ^ x[38]
x[36] = x[36] ^ x[155]
x[279] = x[279] ^ x[321]
x[312] = x[312] ^ x[210]
x[219] = x[219] ^ x[191]   y[219]
x[293] = x[293] ^ x[272]
x[273] = x[273] ^ x[316]
x[308] = x[308] ^ x[288]   y[307]
x[266] = x[266] ^ x[171]
x[124] = x[124] ^ x[160]   y[119]
x[306] = x[306] ^ x[252]
x[324] = x[324] ^ x[207]   y[323]
x[42] = x[42] ^ x[28]
x[163] = x[163] ^ x[201]
x[297] = x[297] ^ x[246]
x[283] = x[283] ^ x[200]   y[285]
x[82] = x[82] ^ x[144]
x[121] = x[121] ^ x[33]   y[120]
x[185] = x[185] ^ x[193]
x[218] = x[218] ^ x[281]   y[216]
x[222] = x[222] ^ x[291]
x[192] = x[192] ^ x[295]   y[193]
x[264] = x[264] ^ x[199]   y[263]
x[270] = x[270] ^ x[251]   y[269]
x[220] = x[220] ^ x[267]   y[222]
x[303] = x[303] ^ x[209]
x[203] = x[203] ^ x[260]   y[208]
x[60] = x[60] ^ x[41]   y[61]
x[150] = x[150] ^ x[87]   y[154]
x[2] = x[2] ^ x[9]   y[3]
x[3] = x[3] ^ x[107]   y[1]
x[173] = x[173] ^ x[205]   y[169]
x[284] = x[284] ^ x[275]   y[281]
x[237] = x[237] ^ x[224]   y[238]
x[294] = x[294] ^ x[167]   y[299]
x[213] = x[213] ^ x[230]   y[212]
x[248] = x[248] ^ x[187]   y[240]
x[198] = x[198] ^ x[212]   y[197]
x[183] = x[183] ^ x[238]
x[310] = x[310] ^ x[186]   y[309]
x[298] = x[298] ^ x[289]   y[296]
x[253] = x[253] ^ x[197]   y[252]
x[194] = x[194] ^ x[174]   y[194]
x[70] = x[70] ^ x[61]   y[65]
x[84] = x[84] ^ x[56]   y[83]
x[10] = x[10] ^ x[31]   y[11]
x[147] = x[147] ^ x[37]   y[149]
x[46] = x[46] ^ x[161]   y[48]
x[80] = x[80] ^ x[88]   y[79]
x[65] = x[65] ^ x[20]   y[66]
x[122] = x[122] ^ x[110]
x[103] = x[103] ^ x[26]   y[102]
x[18] = x[18] ^ x[6]   y[17]
x[117] = x[117] ^ x[8]   y[113]
x[14] = x[14] ^ x[106]   y[15]
x[145] = x[145] ^ x[85]   y[144]
x[99] = x[99] ^ x[29]   y[95]
x[86] = x[86] ^ x[127]
x[258] = x[258] ^ x[323]   y[254]
x[196] = x[196] ^ x[234]   y[195]
x[240] = x[240] ^ x[322]   y[237]
x[307] = x[307] ^ x[319]
x[282] = x[282] ^ x[254]   y[282]
x[202] = x[202] ^ x[256]   y[202]
x[179] = x[179] ^ x[231]
x[300] = x[300] ^ x[299]   y[297]
x[166] = x[166] ^ x[206]
x[243] = x[243] ^ x[215]   y[243]
x[232] = x[232] ^ x[236]
x[285] = x[285] ^ x[318]   y[286]
x[96] = x[96] ^ x[155]   y[98]
x[24] = x[24] ^ x[63]   y[26]
x[91] = x[91] ^ x[125]   y[85]
x[149] = x[149] ^ x[129]   y[145]
x[143] = x[143] ^ x[21]
x[123] = x[123] ^ x[116]   y[125]
x[30] = x[30] ^ x[81]   y[32]
x[50] = x[50] ^ x[146]   y[51]
x[113] = x[113] ^ x[0]   y[112]
x[59] = x[59] ^ x[71]
x[39] = x[39] ^ x[55]   y[37]
x[17] = x[17] ^ x[140]
x[278] = x[278] ^ x[249]
x[172] = x[172] ^ x[292]
x[225] = x[225] ^ x[164]
x[263] = x[263] ^ x[302]
x[182] = x[182] ^ x[180]
x[228] = x[228] ^ x[244]
x[204] = x[204] ^ x[265]
x[277] = x[277] ^ x[286]
x[261] = x[261] ^ x[239]   y[265]
x[242] = x[242] ^ x[304]   y[244]
x[54] = x[54] ^ x[11]   y[53]
x[151] = x[151] ^ x[154]   y[150]
x[114] = x[114] ^ x[158]   y[114]
x[137] = x[137] ^ x[45]
x[111] = x[111] ^ x[132]
x[93] = x[93] ^ x[44]   y[92]
x[77] = x[77] ^ x[48]
x[142] = x[142] ^ x[51]   y[147]
x[75] = x[75] ^ x[134]
x[76] = x[76] ^ x[109]   y[77]
x[95] = x[95] ^ x[97]   y[97]
x[73] = x[73] ^ x[43]
x[7] = x[7] ^ x[67]   y[14]
x[22] = x[22] ^ x[16]   y[24]
x[245] = x[245] ^ x[168]   y[245]
x[52] = x[52] ^ x[118]
x[25] = x[25] ^ x[5]   y[23]
x[64] = x[64] ^ x[74]   y[62]
x[32] = x[32] ^ x[15]   y[34]
x[119] = x[119] ^ x[128]   y[122]
x[94] = x[94] ^ x[138]   y[94]
x[159] = x[159] ^ x[13]   y[157]
x[23] = x[23] ^ x[68]   y[21]
x[153] = x[153] ^ x[156]   y[151]
x[4] = x[4] ^ x[19]   y[5]
x[35] = x[35] ^ x[90]
x[1] = x[1] ^ x[102]   y[2]
x[152] = x[152] ^ x[58]   y[156]
x[79] = x[79] ^ x[12]   y[80]
x[83] = x[83] ^ x[126]   y[87]
x[49] = x[49] ^ x[36]   y[49]
x[47] = x[47] ^ x[100]
x[133] = x[133] ^ x[112]   y[135]
x[38] = x[38] ^ x[57]   y[45]
x[135] = x[135] ^ x[105]
x[66] = x[66] ^ x[148]   y[69]
x[108] = x[108] ^ x[141]   y[115]
x[130] = x[130] ^ x[40]
x[136] = x[136] ^ x[104]   y[138]
x[120] = x[120] ^ x[98]
x[53] = x[53] ^ x[101]   y[54]
x[191] = x[191] ^ x[190]   y[191]
x[214] = x[214] ^ x[250]   y[215]
x[176] = x[176] ^ x[170]   y[176]
x[315] = x[315] ^ x[208]   y[315]
x[313] = x[313] ^ x[255]   y[313]
x[115] = x[115] ^ x[20]   y[121]
x[42] = x[42] ^ x[157]   y[40]
x[290] = x[290] ^ x[211]   y[289]
x[293] = x[293] ^ x[178]   y[293]
x[165] = x[165] ^ x[201]   y[160]
x[297] = x[297] ^ x[171]   y[294]
x[82] = x[82] ^ x[74]   y[73]
x[28] = x[28] ^ x[121]   y[31]
x[305] = x[305] ^ x[217]   y[306]
x[303] = x[303] ^ x[269]   y[300]
x[295] = x[295] ^ x[292]   y[295]
x[222] = x[222] ^ x[203]   y[220]
x[185] = x[185] ^ x[188]   y[187]
x[309] = x[309] ^ x[216]   y[308]
x[260] = x[260] ^ x[274]   y[261]
x[279] = x[279] ^ x[251]   y[278]
x[321] = x[321] ^ x[270]   y[322]
x[9] = x[9] ^ x[62]   y[6]
x[287] = x[287] ^ x[301]   y[283]
x[276] = x[276] ^ x[264]   y[275]
x[162] = x[162] ^ x[275]   y[165]
x[306] = x[306] ^ x[298]   y[310]
x[266] = x[266] ^ x[213]   y[268]
x[183] = x[183] ^ x[177]   y[183]
x[186] = x[186] ^ x[310]   y[185]
x[289] = x[289] ^ x[195]   y[288]
x[200] = x[200] ^ x[317]   y[201]
x[174] = x[174] ^ x[205]   y[173]
x[267] = x[267] ^ x[173]   y[264]
x[246] = x[246] ^ x[311]   y[249]
x[199] = x[199] ^ x[237]   y[200]
x[122] = x[122] ^ x[150]   y[123]
x[56] = x[56] ^ x[124]   y[56]
x[87] = x[87] ^ x[65]   y[88]
x[29] = x[29] ^ x[10]   y[25]
x[107] = x[107] ^ x[139]   y[107]
x[161] = x[161] ^ x[72]   y[162]
x[86] = x[86] ^ x[145]   y[86]
x[31] = x[31] ^ x[103]   y[33]
x[6] = x[6] ^ x[19]   y[8]
x[110] = x[110] ^ x[14]   y[110]
x[206] = x[206] ^ x[268]   y[204]
x[234] = x[234] ^ x[258]   y[232]
x[163] = x[163] ^ x[285]   y[163]
x[232] = x[232] ^ x[238]   y[230]
x[166] = x[166] ^ x[271]   y[166]
x[307] = x[307] ^ x[175]   y[305]
x[299] = x[299] ^ x[308]   y[301]
x[273] = x[273] ^ x[256]   y[277]
x[197] = x[197] ^ x[209]   y[196]
x[252] = x[252] ^ x[218]   y[255]
x[227] = x[227] ^ x[202]   y[223]
x[212] = x[212] ^ x[296]   y[211]
x[288] = x[288] ^ x[231]   y[290]
x[179] = x[179] ^ x[194]   y[179]
x[323] = x[323] ^ x[167]   y[324]
x[230] = x[230] ^ x[168]   y[228]
x[215] = x[215] ^ x[280]   y[210]
x[322] = x[322] ^ x[207]   y[321]
x[319] = x[319] ^ x[254]   y[318]
x[81] = x[81] ^ x[147]   y[81]
x[17] = x[17] ^ x[84]   y[19]
x[106] = x[106] ^ x[113]   y[105]
x[59] = x[59] ^ x[89]   y[59]
x[55] = x[55] ^ x[155]   y[55]
x[140] = x[140] ^ x[78]   y[139]
x[0] = x[0] ^ x[96]   y[0]
x[33] = x[33] ^ x[50]   y[42]
x[223] = x[223] ^ x[242]   y[226]
x[239] = x[239] ^ x[240]   y[241]
x[278] = x[278] ^ x[281]   y[276]
x[318] = x[318] ^ x[265]   y[319]
x[244] = x[244] ^ x[224]   y[248]
x[187] = x[187] ^ x[302]   y[186]
x[180] = x[180] ^ x[262]   y[182]
x[169] = x[169] ^ x[210]   y[168]
x[263] = x[263] ^ x[241]   y[262]
x[228] = x[228] ^ x[196]   y[227]
x[164] = x[164] ^ x[294]   y[164]
x[182] = x[182] ^ x[257]   y[181]
x[172] = x[172] ^ x[226]   y[177]
x[204] = x[204] ^ x[300]   y[203]
x[225] = x[225] ^ x[286]   y[224]
x[277] = x[277] ^ x[233]   y[284]
x[146] = x[146] ^ x[45]   y[148]
x[51] = x[51] ^ x[116]   y[52]
x[160] = x[160] ^ x[22]   y[159]
x[71] = x[71] ^ x[61]   y[72]
x[44] = x[44] ^ x[114]   y[47]
x[111] = x[111] ^ x[149]   y[109]
x[48] = x[48] ^ x[30]   y[46]
x[109] = x[109] ^ x[46]   y[103]
x[132] = x[132] ^ x[151]   y[133]
x[73] = x[73] ^ x[76]   y[71]
x[8] = x[8] ^ x[93]   y[4]
x[144] = x[144] ^ x[142]   y[143]
x[134] = x[134] ^ x[95]   y[127]
x[16] = x[16] ^ x[34]   y[12]
x[43] = x[43] ^ x[91]   y[41]
x[312] = x[312] ^ x[245]   y[311]
x[75] = x[75] ^ x[94]   y[74]
x[118] = x[118] ^ x[60]   y[116]
x[85] = x[85] ^ x[25]   y[84]
x[138] = x[138] ^ x[3]   y[137]
x[15] = x[15] ^ x[117]   y[13]
x[137] = x[137] ^ x[119]   y[136]
x[77] = x[77] ^ x[159]   y[82]
x[13] = x[13] ^ x[131]   y[10]
x[5] = x[5] ^ x[80]   y[9]
x[21] = x[21] ^ x[64]   y[22]
x[67] = x[67] ^ x[23]   y[68]
x[130] = x[130] ^ x[154]   y[131]
x[135] = x[135] ^ x[88]   y[129]
x[37] = x[37] ^ x[53]   y[27]
x[52] = x[52] ^ x[49]   y[50]
x[35] = x[35] ^ x[70]   y[30]
x[36] = x[36] ^ x[63]   y[35]
x[141] = x[141] ^ x[2]   y[141]
x[97] = x[97] ^ x[4]   y[96]
x[143] = x[143] ^ x[153]   y[142]
x[105] = x[105] ^ x[18]   y[106]
x[156] = x[156] ^ x[54]   y[155]
x[40] = x[40] ^ x[79]   y[39]
x[120] = x[120] ^ x[58]   y[118]
x[104] = x[104] ^ x[7]   y[108]
x[127] = x[127] ^ x[38]   y[130]
x[158] = x[158] ^ x[136]   y[161]
x[12] = x[12] ^ x[125]   y[7]
x[68] = x[68] ^ x[152]   y[70]
x[129] = x[129] ^ x[133]   y[134]
x[112] = x[112] ^ x[24]   y[111]
x[11] = x[11] ^ x[66]   y[16]
x[101] = x[101] ^ x[99]   y[104]
x[148] = x[148] ^ x[69]   y[146]
x[47] = x[47] ^ x[83]   y[44]
x[90] = x[90] ^ x[39]   y[90]
x[102] = x[102] ^ x[123]   y[101]
x[26] = x[26] ^ x[1]   y[29]
x[126] = x[126] ^ x[32]   y[126]
x[57] = x[57] ^ x[92]   y[58]
x[98] = x[98] ^ x[27]   y[100]
x[100] = x[100] ^ x[108]   y[99]
