Original Matrix:
10000000000000000000000000000000000000000000000000000000000000000000000000000000000000000000000000000000000000000000000000000000000000000000000000000000000000000000000000000000000000000000000000000000000000000000000000000000000000000000000000000000000000000000000000000000000000000000000000000000000000000000000000000000000000
01000000000000000000000000000000000000000000000000000000000000000000000000000000000000000000000000000000000000000000000000000000000000000000000000000000000000000000000000000000000000000000000000000000000000000000000000000000000000000000000000000000000000000000000000000000000000000000000000000000000000000000000000000000000000
00100000000000000000000000000000000000000000000000000000000000000000000000000000000000000000000000000000000000000000000000000000000000000000000000000000000000000000000000000000000000000000000000000000000000000000000000000000000000000000000000000000000000000000000000000000000000000000000000000000000000000000000000000000000000
00010000000000000000000000000000000000000000000000000000000000000000000000000000000000000000000000000000000000000000000000000000000000000000000000000000000000000000000000000000000000000000000000000000000000000000000000000000000000000000000000000000000000000000000000000000000000000000000000000000000000000000000000000000000000
00001000000000000000000000000000000000000000000000000000000000000000000000000000000000000000000000000000000000000000000000000000000000000000000000000000000000000000000000000000000000000000000000000000000000000000000000000000000000000000000000000000000000000000000000000000000000000000000000000000000000000000000000000000000000
00000100000000000000000000000000000000000000000000000000000000000000000000000000000000000000000000000000000000000000000000000000000000000000000000000000000000000000000000000000000000000000000000000000000000000000000000000000000000000000000000000000000000000000000000000000000000000000000000000000000000000000000000000000000000
00000010000000000000000000000000000000000000000000000000000000000000000000000000000000000000000000000000000000000000000000000000000000000000000000000000000000000000000000000000000000000000000000000000000000000000000000000000000000000000000000000000000000000000000000000000000000000000000000000000000000000000000000000000000000
00000001000000000000000000000000000000000000000000000000000000000000000000000000000000000000000000000000000000000000000000000000000000000000000000000000000000000000000000000000000000000000000000000000000000000000000000000000000000000000000000000000000000000000000000000000000000000000000000000000000000000000000000000000000000
00000000100000000000000000000000000000000000000000000000000000000000000000000000000000000000000000000000000000000000000000000000000000000000000000000000000000000000000000000000000000000000000000000000000000000000000000000000000000000000000000000000000000000000000000000000000000000000000000000000000000000000000000000000000000
00000000010000000000000000000000000000000000000000000000000000000000000000000000000000000000000000000000000000000000000000000000000000000000000000000000000000000000000000000000000000000000000000000000000000000000000000000000000000000000000000000000000000000000000000000000000000000000000000000000000000000000000000000000000000
00000000001000000000000000000000000000000000000000000000000000000000000000000000000000000000000000000000000000000000000000000000000000000000000000000000000000000000000000000000000000000000000000000000000000000000000000000000000000000000000000000000000000000000000000000000000000000000000000000000000000000000000000000000000000
00000000000100000000000000000000000000000000000000000000000000000000000000000000000000000000000000000000000000000000000000000000000000000000000000000000000000000000000000000000000000000000000000000000000000000000000000000000000000000000000000000000000000000000000000000000000000000000000000000000000000000000000000000000000000
00000000000010000000000000000000000000000000000000000000000000000000000000000000000000000000000000000000000000000000000000000000000000000000000000000000000000000000000000000000000000000000000000000000000000000000000000000000000000000000000000000000000000000000000000000000000000000000000000000000000000000000000000000000000000
00000000000001000000000000000000000000000000000000000000000000000000000000000000000000000000000000000000000000000000000000000000000000000000000000000000000000000000000000000000000000000000000000000000000000000000000000000000000000000000000000000000000000000000000000000000000000000000000000000000000000000000000000000000000000
00000000000000100000000000000000000000000000000000000000000000000000000000000000000000000000000000000000000000000000000000000000000000000000000000000000000000000000000000000000000000000000000000000000000000000000000000000000000000000000000000000000000000000000000000000000000000000000000000000000000000000000000000000000000000
00000000000000010000000000000000000000000000000000000000000000000000000000000000000000000000000000000000000000000000000000000000000000000000000000000000000000000000000000000000000000000000000000000000000000000000000000000000000000000000000000000000000000000000000000000000000000000000000000000000000000000000000000000000000000
00000000000000001000000000000000000000000000000000000000000000000000000000000000000000000000000000000000000000000000000000000000000000000000000000000000000000000000000000000000000000000000000000000000000000000000000000000000000000000000000000000000000000000000000000000000000000000000000000000000000000000000000000000000000000
00000000000000000100000000000000000000000000000000000000000000000000000000000000000000000000000000000000000000000000000000000000000000000000000000000000000000000000000000000000000000000000000000000000000000000000000000000000000000000000000000000000000000000000000000000000000000000000000000000000000000000000000000000000000000
00000000000000000010000000000000000000000000000000000000000000000000000000000000000000000000000000000000000000000000000000000000000000000000000000000000000000000000000000000000000000000000000000000000000000000000000000000000000000000000000000000000000000000000000000000000000000000000000000000000000000000000000000000000000000
00000000000000000001000000000000000000000000000000000000000000000000000000000000000000000000000000000000000000000000000000000000000000000000000000000000000000000000000000000000000000000000000000000000000000000000000000000000000000000000000000000000000000000000000000000000000000000000000000000000000000000000000000000000000000
00000000000000000000100000000000000000000000000000000000000000000000000000000000000000000000000000000000000000000000000000000000000000000000000000000000000000000000000000000000000000000000000000000000000000000000000000000000000000000000000000000000000000000000000000000000000000000000000000000000000000000000000000000000000000
00000000000000000000010000000000000000000000000000000000000000000000000000000000000000000000000000000000000000000000000000000000000000000000000000000000000000000000000000000000000000000000000000000000000000000000000000000000000000000000000000000000000000000000000000000000000000000000000000000000000000000000000000000000000000
00000000000000000000001000000000000000000000000000000000000000000000000000000000000000000000000000000000000000000000000000000000000000000000000000000000000000000000000000000000000000000000000000000000000000000000000000000000000000000000000000000000000000000000000000000000000000000000000000000000000000000000000000000000000000
00000000000000000000000100000000000000000000000000000000000000000000000000000000000000000000000000000000000000000000000000000000000000000000000000000000000000000000000000000000000000000000000000000000000000000000000000000000000000000000000000000000000000000000000000000000000000000000000000000000000000000000000000000000000000
00000000000000000000000010000000000000000000000000000000000000000000000000000000000000000000000000000000000000000000000000000000000000000000000000000000000000000000000000000000000000000000000000000000000000000000000000000000000000000000000000000000000000000000000000000000000000000000000000000000000000000000000000000000000000
00000000000000000000000001000000000000000000000000000000000000000000000000000000000000000000000000000000000000000000000000000000000000000000000000000000000000000000000000000000000000000000000000000000000000000000000000000000000000000000000000000000000000000000000000000000000000000000000000000000000000000000000000000000000000
00000000000000000000000000100000000000000000000000000000000000000000000000000000000000000000000000000000000000000000000000000000000000000000000000000000000000000000000000000000000000000000000000000000000000000000000000000000000000000000000000000000000000000000000000000000000000000000000000000000000000000000000000000000000000
00000000000000000000000000010000000000000000000000000000000000000000000000000000000000000000000000000000000000000000000000000000000000000000000000000000000000000000000000000000000000000000000000000000000000000000000000000000000000000000000000000000000000000000000000000000000000000000000000000000000000000000000000000000000000
00000000000000000000000000001000000000000000000000000000000000000000000000000000000000000000000000000000000000000000000000000000000000000000000000000000000000000000000000000000000000000000000000000000000000000000000000000000000000000000000000000000000000000000000000000000000000000000000000000000000000000000000000000000000000
00000000000000000000000000000100000000000000000000000000000000000000000000000000000000000000000000000000000000000000000000000000000000000000000000000000000000000000000000000000000000000000000000000000000000000000000000000000000000000000000000000000000000000000000000000000000000000000000000000000000000000000000000000000000000
00000000000000000000000000000010000000000000000000000000000000000000000000000000000000000000000000000000000000000000000000000000000000000000000000000000000000000000000000000000000000000000000000000000000000000000000000000000000000000000000000000000000000000000000000000000000000000000000000000000000000000000000000000000000000
00000000000000000000000000000001000000000000000000000000000000000000000000000000000000000000000000000000000000000000000000000000000000000000000000000000000000000000000000000000000000000000000000000000000000000000000000000000000000000000000000000000000000000000000000000000000000000000000000000000000000000000000000000000000000
00000000000000000000000000000000100000000000000000000000000000000000000000000000000000000000000000000000000000000000000000000000000000000000000000000000000000000000000000000000000000000000000000000000000000000000000000000000000000000000000000000000000000000000000000000000000000000000000000000000000000000000000000000000000000
00000000000000000000000000000000010000000000000000000000000000000000000000000000000000000000000000000000000000000000000000000000000000000000000000000000000000000000000000000000000000000000000000000000000000000000000000000000000000000000000000000000000000000000000000000000000000000000000000000000000000000000000000000000000000
00000000000000000000000000000000001000000000000000000000000000000000000000000000000000000000000000000000000000000000000000000000000000000000000000000000000000000000000000000000000000000000000000000000000000000000000000000000000000000000000000000000000000000000000000000000000000000000000000000000000000000000000000000000000000
00000000000000000000000000000000000100000000000000000000000000000000000000000000000000000000000000000000000000000000000000000000000000000000000000000000000000000000000000000000000000000000000000000000000000000000000000000000000000000000000000000000000000000000000000000000000000000000000000000000000000000000000000000000000000
00000000000000000000000000000000000010000000000000000000000000000000000000000000000000000000000000000000000000000000000000000000000000000000000000000000000000000000000000000000000000000000000000000000000000000000000000000000000000000000000000000000000000000000000000000000000000000000000000000000000000000000000000000000000000
00000000000000000000000000000000000001000000000000000000000000000000000000000000000000000000000000000000000000000000000000000000000000000000000000000000000000000000000000000000000000000000000000000000000000000000000000000000000000000000000000000000000000000000000000000000000000000000000000000000000000000000000000000000000000
00000000000000000000000000000000000000100000000000000000000000000000000000000000000000000000000000000000000000000000000000000000000000000000000000000000000000000000000000000000000000000000000000000000000000000000000000000000000000000000000000000000000000000000000000000000000000000000000000000000000000000000000000000000000000
00000000000000000000000000000000000000010000000000000000000000000000000000000000000000000000000000000000000000000000000000000000000000000000000000000000000000000000000000000000000000000000000000000000000000000000000000000000000000000000000000000000000000000000000000000000000000000000000000000000000000000000000000000000000000
00000000000000000000000000000000000000001000000000000000000000000000000000000000000000000000000000000000000000000000000000000000000000000000000000000000000000000000000000000000000000000000000000000000000000000000000000000000000000000000000000000000000000000000000000000000000000000000000000000000000000000000000000000000000000
00000000000000000000000000000000000000000100000000000000000000000000000000000000000000000000000000000000000000000000000000000000000000000000000000000000000000000000000000000000000000000000000000000000000000000000000000000000000000000000000000000000000000000000000000000000000000000000000000000000000000000000000000000000000000
00000000000000000000000000000000000000000010000000000000000000000000000000000000000000000000000000000000000000000000000000000000000000000000000000000000000000000000000000000000000000000000000000000000000000000000000000000000000000000000000000000000000000000000000000000000000000000000000000000000000000000000000000000000000000
00000000000000000000000000000000000000000001000000000000000000000000000000000000000000000000000000000000000000000000000000000000000000000000000000000000000000000000000000000000000000000000000000000000000000000000000000000000000000000000000000000000000000000000000000000000000000000000000000000000000000000000000000000000000000
00000000000000000000000000000000000000000000100000000000000000000000000000000000000000000000000000000000000000000000000000000000000000000000000000000000000000000000000000000000000000000000000000000000000000000000000000000000000000000000000000000000000000000000000000000000000000000000000000000000000000000000000000000000000000
00000000000000000000000000000000000000000000010000000000000000000000000000000000000000000000000000000000000000000000000000000000000000000000000000000000000000000000000000000000000000000000000000000000000000000000000000000000000000000000000000000000000000000000000000000000000000000000000000000000000000000000000000000000000000
00000000000000000000000000000000000000000000001000000000000000000000000000000000000000000000000000000000000000000000000000000000000000000000000000000000000000000000000000000000000000000000000000000000000000000000000000000000000000000000000000000000000000000000000000000000000000000000000000000000000000000000000000000000000000
00000000000000000000000000000000000000000000000100000000000000000000000000000000000000000000000000000000000000000000000000000000000000000000000000000000000000000000000000000000000000000000000000000000000000000000000000000000000000000000000000000000000000000000000000000000000000000000000000000000000000000000000000000000000000
00000000000000000000000000000000000000000000000010000000000000000000000000000000000000000000000000000000000000000000000000000000000000000000000000000000000000000000000000000000000000000000000000000000000000000000000000000000000000000000000000000000000000000000000000000000000000000000000000000000000000000000000000000000000000
00000000000000000000000000000000000000000000000001000000000000000000000000000000000000000000000000000000000000000000000000000000000000000000000000000000000000000000000000000000000000000000000000000000000000000000000000000000000000000000000000000000000000000000000000000000000000000000000000000000000000000000000000000000000000
00000000000000000000000000000000000000000000000000100000000000000000000000000000000000000000000000000000000000000000000000000000000000000000000000000000000000000000000000000000000000000000000000000000000000000000000000000000000000000000000000000000000000000000000000000000000000000000000000000000000000000000000000000000000000
00000000000000000000000000000000000000000000000000010000000000000000000000000000000000000000000000000000000000000000000000000000000000000000000000000000000000000000000000000000000000000000000000000000000000000000000000000000000000000000000000000000000000000000000000000000000000000000000000000000000000000000000000000000000000
00000000000000000000000000000000000000000000000000001000000000000000000000000000000000000000000000000000000000000000000000000000000000000000000000000000000000000000000000000000000000000000000000000000000000000000000000000000000000000000000000000000000000000000000000000000000000000000000000000000000000000000000000000000000000
00000000000000000000000000000000000000000000000000000100000000000000000000000000000000000000000000000000000000000000000000000000000000000000000000000000000000000000000000000000000000000000000000000000000000000000000000000000000000000000000000000000000000000000000000000000000000000000000000000000000000000000000000000000000000
00000000000000000000000000000000000000000000000000000010000000000000000000000000000000000000000000000000000000000000000000000000000000000000000000000000000000000000000000000000000000000000000000000000000000000000000000000000000000000000000000000000000000000000000000000000000000000000000000000000000000000000000000000000000000
00000000000000000000000000000000000000000000000000000001000000000000000000000000000000000000000000000000000000000000000000000000000000000000000000000000000000000000000000000000000000000000000000000000000000000000000000000000000000000000000000000000000000000000000000000000000000000000000000000000000000000000000000000000000000
00000000000000000000000000000000000000000000000000000000100000000000000000000000000000000000000000000000000000000000000000000000000000000000000000000000000000000000000000000000000000000000000000000000000000000000000000000000000000000000000000000000000000000000000000000000000000000000000000000000000000000000000000000000000000
00000000000000000000000000000000000000000000000000000000010000000000000000000000000000000000000000000000000000000000000000000000000000000000000000000000000000000000000000000000000000000000000000000000000000000000000000000000000000000000000000000000000000000000000000000000000000000000000000000000000000000000000000000000000000
00000000000000000000000000000000000000000000000000000000001000000000000000000000000000000000000000000000000000000000000000000000000000000000000000000000000000000000000000000000000000000000000000000000000000000000000000000000000000000000000000000000000000000000000000000000000000000000000000000000000000000000000000000000000000
00000000000000000000000000000000000000000000000000000000000100000000000000000000000000000000000000000000000000000000000000000000000000000000000000000000000000000000000000000000000000000000000000000000000000000000000000000000000000000000000000000000000000000000000000000000000000000000000000000000000000000000000000000000000000
00000000000000000000000000000000000000000000000000000000000010000000000000000000000000000000000000000000000000000000000000000000000000000000000000000000000000000000000000000000000000000000000000000000000000000000000000000000000000000000000000000000000000000000000000000000000000000000000000000000000000000000000000000000000000
00000000000000000000000000000000000000000000000000000000000001000000000000000000000000000000000000000000000000000000000000000000000000000000000000000000000000000000000000000000000000000000000000000000000000000000000000000000000000000000000000000000000000000000000000000000000000000000000000000000000000000000000000000000000000
00000000000000000000000000000000000000000000000000000000000000100000000000000000000000000000000000000000000000000000000000000000000000000000000000000000000000000000000000000000000000000000000000000000000000000000000000000000000000000000000000000000000000000000000000000000000000000000000000000000000000000000000000000000000000
00000000000000000000000000000000000000000000000000000000000000010000000000000000000000000000000000000000000000000000000000000000000000000000000000000000000000000000000000000000000000000000000000000000000000000000000000000000000000000000000000000000000000000000000000000000000000000000000000000000000000000000000000000000000000
00000000000000000000000000000000000000000000000000000000000000001000000000000000000000000000000000000000000000000000000000000000000000000000000000000000000000000000000000000000000000000000000000000000000000000000000000000000000000000000000000000000000000000000000000000000000000000000000000000000000000000000000000000000000000
00000000000000000000000000000000000000000000000000000000000000000100000000000000000000000000000000000000000000000000000000000000000000000000000000000000000000000000000000000000000000000000000000000000000000000000000000000000000000000000000000000000000000000000000000000000000000000000000000000000000000000000000000000000000000
00000000000000000000000000000000000000000000000000000000000000000010000000000000000000000000000000000000000000000000000000000000000000000000000000000000000000000000000000000000000000000000000000000000000000000000000000000000000000000000000000000000000000000000000000000000000000000000000000000000000000000000000000000000000000
00000000000000000000000000000000000000000000000000000000000000000001000000000000000000000000000000000000000000000000000000000000000000000000000000000000000000000000000000000000000000000000000000000000000000000000000000000000000000000000000000000000000000000000000000000000000000000000000000000000000000000000000000000000000000
00000000000000000000000000000000000000000000000000000000000000000000100000000000000000000000000000000000000000000000000000000000000000000000000000000000000000000000000000000000000000000000000000000000000000000000000000000000000000000000000000000000000000000000000000000000000000000000000000000000000000000000000000000000000000
00000000000000000000000000000000000000000000000000000000000000000000010000000000000000000000000000000000000000000000000000000000000000000000000000000000000000000000000000000000000000000000000000000000000000000000000000000000000000000000000000000000000000000000000000000000000000000000000000000000000000000000000000000000000000
00000000000000000000000000000000000000000000000000000000000000000000001000000000000000000000000000000000000000000000000000000000000000000000000000000000000000000000000000000000000000000000000000000000000000000000000000000000000000000000000000000000000000000000000000000000000000000000000000000000000000000000000000000000000000
00000000000000000000000000000000000000000000000000000000000000000000000100000000000000000000000000000000000000000000000000000000000000000000000000000000000000000000000000000000000000000000000000000000000000000000000000000000000000000000000000000000000000000000000000000000000000000000000000000000000000000000000000000000000000
00000000000000000000000000000000000000000000000000000000000000000000000010000000000000000000000000000000000000000000000000000000000000000000000000000000000000000000000000000000000000000000000000000000000000000000000000000000000000000000000000000000000000000000000000000000000000000000000000000000000000000000000000000000000000
00000000000000000000000000000000000000000000000000000000000000000000000001000000000000000000000000000000000000000000000000000000000000000000000000000000000000000000000000000000000000000000000000000000000000000000000000000000000000000000000000000000000000000000000000000000000000000000000000000000000000000000000000000000000000
00000000000000000000000000000000000000000000000000000000000000000000000000100000000000000000000000000000000000000000000000000000000000000000000000000000000000000000000000000000000000000000000000000000000000000000000000000000000000000000000000000000000000000000000000000000000000000000000000000000000000000000000000000000000000
00000000000000000000000000000000000000000000000000000000000000000000000000010000000000000000000000000000000000000000000000000000000000000000000000000000000000000000000000000000000000000000000000000000000000000000000000000000000000000000000000000000000000000000000000000000000000000000000000000000000000000000000000000000000000
00000000000000000000000000000000000000000000000000000000000000000000000000001000000000000000000000000000000000000000000000000000000000000000000000000000000000000000000000000000000000000000000000000000000000000000000000000000000000000000000000000000000000000000000000000000000000000000000000000000000000000000000000000000000000
00000000000000000000000000000000000000000000000000000000000000000000000000000100000000000000000000000000000000000000000000000000000000000000000000000000000000000000000000000000000000000000000000000000000000000000000000000000000000000000000000000000000000000000000000000000000000000000000000000000000000000000000000000000000000
00000000000000000000000000000000000000000000000000000000000000000000000000000010000000000000000000000000000000000000000000000000000000000000000000000000000000000000000000000000000000000000000000000000000000000000000000000000000000000000000000000000000000000000000000000000000000000000000000000000000000000000000000000000000000
00000000000000000000000000000000000000000000000000000000000000000000000000000001000000000000000000000000000000000000000000000000000000000000000000000000000000000000000000000000000000000000000000000000000000000000000000000000000000000000000000000000000000000000000000000000000000000000000000000000000000000000000000000000000000
00000000000000000000000000000000000000000000000000000000000000000000000000000000100000000000000000000000000000000000000000000000000000000000000000000000000000000000000000000000000000000000000000000000000000000000000000000000000000000000000000000000000000000000000000000000000000000000000000000000000000000000000000000000000000
00000000000000000000000000000000000000000000000000000000000000000000000000000000010000000000000000000000000000000000000000000000000000000000000000000000000000000000000000000000000000000000000000000000000000000000000000000000000000000000000000000000000000000000000000000000000000000000000000000000000000000000000000000000000000
00000000000000000000000000000000000000000000000000000000000000000000000000000000001000000000000000000000000000000000000000000000000000000000000000000000000000000000000000000000000000000000000000000000000000000000000000000000000000000000000000000000000000000000000000000000000000000000000000000000000000000000000000000000000000
00000000000000000000000000000000000000000000000000000000000000000000000000000000000100000000000000000000000000000000000000000000000000000000000000000000000000000000000000000000000000000000000000000000000000000000000000000000000000000000000000000000000000000000000000000000000000000000000000000000000000000000000000000000000000
00000000000000000000000000000000000000000000000000000000000000000000000000000000000010000000000000000000000000000000000000000000000000000000000000000000000000000000000000000000000000000000000000000000000000000000000000000000000000000000000000000000000000000000000000000000000000000000000000000000000000000000000000000000000000
00000000000000000000000000000000000000000000000000000000000000000000000000000000000001000000000000000000000000000000000000000000000000000000000000000000000000000000000000000000000000000000000000000000000000000000000000000000000000000000000000000000000000000000000000000000000000000000000000000000000000000000000000000000000000
00000000000000000000000000000000000000000000000000000000000000000000000000000000000000100000000000000000000000000000000000000000000000000000000000000000000000000000000000000000000000000000000000000000000000000000000000000000000000000000000000000000000000000000000000000000000000000000000000000000000000000000000000000000000000
00000000000000000000000000000000000000000000000000000000000000000000000000000000000000010000000000000000000000000000000000000000000000000000000000000000000000000000000000000000000000000000000000000000000000000000000000000000000000000000000000000000000000000000000000000000000000000000000000000000000000000000000000000000000000
00000000000000000000000000000000000000000000000000000000000000000000000000000000000000001000000000000000000000000000000000000000000000000000000000000000000000000000000000000000000000000000000000000000000000000000000000000000000000000000000000000000000000000000000000000000000000000000000000000000000000000000000000000000000000
00000000000000000000000000000000000000000000000000000000000000000000000000000000000000000100000000000000000000000000000000000000000000000000000000000000000000000000000000000000000000000000000000000000000000000000000000000000000000000000000000000000000000000000000000000000000000000000000000000000000000000000000000000000000000
00000000000000000000000000000000000000000000000000000000000000000000000000000000000000000010000000000000000000000000000000000000000000000000000000000000000000000000000000000000000000000000000000000000000000000000000000000000000000000000000000000000000000000000000000000000000000000000000000000000000000000000000000000000000000
00000000000000000000000000000000000000000000000000000000000000000000000000000000000000000001000000000000000000000000000000000000000000000000000000000000000000000000000000000000000000000000000000000000000000000000000000000000000000000000000000000000000000000000000000000000000000000000000000000000000000000000000000000000000000
00000000000000000000000000000000000000000000000000000000000000000000000000000000000000000000100000000000000000000000000000000000000000000000000000000000000000000000000000000000000000000000000000000000000000000000000000000000000000000000000000000000000000000000000000000000000000000000000000000000000000000000000000000000000000
00000000000000000000000000000000000000000000000000000000000000000000000000000000000000000000010000000000000000000000000000000000000000000000000000000000000000000000000000000000000000000000000000000000000000000000000000000000000000000000000000000000000000000000000000000000000000000000000000000000000000000000000000000000000000
00000000000000000000000000000000000000000000000000000000000000000000000000000000000000000000001000000000000000000000000000000000000000000000000000000000000000000000000000000000000000000000000000000000000000000000000000000000000000000000000000000000000000000000000000000000000000000000000000000000000000000000000000000000000000
00000000000000000000000000000000000000000000000000000000000000000000000000000000000000000000000100000000000000000000000000000000000000000000000000000000000000000000000000000000000000000000000000000000000000000000000000000000000000000000000000000000000000000000000000000000000000000000000000000000000000000000000000000000000000
00000000000000000000000000000000000000000000000000000000000000000000000000000000000000000000000010000000000000000000000000000000000000000000000000000000000000000000000000000000000000000000000000000000000000000000000000000000000000000000000000000000000000000000000000000000000000000000000000000000000000000000000000000000000000
00000000000000000000000000000000000000000000000000000000000000000000000000000000000000000000000001000000000000000000000000000000000000000000000000000000000000000000000000000000000000000000000000000000000000000000000000000000000000000000000000000000000000000000000000000000000000000000000000000000000000000000000000000000000000
00000000000000000000000000000000000000000000000000000000000000000000000000000000000000000000000000100000000000000000000000000000000000000000000000000000000000000000000000000000000000000000000000000000000000000000000000000000000000000000000000000000000000000000000000000000000000000000000000000000000000000000000000000000000000
00000000000000000000000000000000000000000000000000000000000000000000000000000000000000000000000000010000000000000000000000000000000000000000000000000000000000000000000000000000000000000000000000000000000000000000000000000000000000000000000000000000000000000000000000000000000000000000000000000000000000000000000000000000000000
00000000000000000000000000000000000000000000000000000000000000000000000000000000000000000000000000001000000000000000000000000000000000000000000000000000000000000000000000000000000000000000000000000000000000000000000000000000000000000000000000000000000000000000000000000000000000000000000000000000000000000000000000000000000000
00000000000000000000000000000000000000000000000000000000000000000000000000000000000000000000000000000100000000000000000000000000000000000000000000000000000000000000000000000000000000000000000000000000000000000000000000000000000000000000000000000000000000000000000000000000000000000000000000000000000000000000000000000000000000
00000000000000000000000000000000000000000000000000000000000000000000000000000000000000000000000000000010000000000000000000000000000000000000000000000000000000000000000000000000000000000000000000000000000000000000000000000000000000000000000000000000000000000000000000000000000000000000000000000000000000000000000000000000000000
00000000000000000000000000000000000000000000000000000000000000000000000000000000000000000000000000000001000000000000000000000000000000000000000000000000000000000000000000000000000000000000000000000000000000000000000000000000000000000000000000000000000000000000000000000000000000000000000000000000000000000000000000000000000000
00000000000000000000000000000000000000000000000000000000000000000000000000000000000000000000000000000000100000000000000000000000000000000000000000000000000000000000000000000000000000000000000000000000000000000000000000000000000000000000000000000000000000000000000000000000000000000000000000000000000000000000000000000000000000
00000000000000000000000000000000000000000000000000000000000000000000000000000000000000000000000000000000010000000000000000000000000000000000000000000000000000000000000000000000000000000000000000000000000000000000000000000000000000000000000000000000000000000000000000000000000000000000000000000000000000000000000000000000000000
00000000000000000000000000000000000000000000000000000000000000000000000000000000000000000000000000000000001000000000000000000000000000000000000000000000000000000000000000000000000000000000000000000000000000000000000000000000000000000000000000000000000000000000000000000000000000000000000000000000000000000000000000000000000000
00000000000000000000000000000000000000000000000000000000000000000000000000000000000000000000000000000000000100000000000000000000000000000000000000000000000000000000000000000000000000000000000000000000000000000000000000000000000000000000000000000000000000000000000000000000000000000000000000000000000000000000000000000000000000
00000000000000000000000000000000000000000000000000000000000000000000000000000000000000000000000000000000000010000000000000000000000000000000000000000000000000000000000000000000000000000000000000000000000000000000000000000000000000000000000000000000000000000000000000000000000000000000000000000000000000000000000000000000000000
00000000000000000000000000000000000000000000000000000000000000000000000000000000000000000000000000000000000001000000000000000000000000000000000000000000000000000000000000000000000000000000000000000000000000000000000000000000000000000000000000000000000000000000000000000000000000000000000000000000000000000000000000000000000000
00000000000000000000000000000000000000000000000000000000000000000000000000000000000000000000000000000000000000100000000000000000000000000000000000000000000000000000000000000000000000000000000000000000000000000000000000000000000000000000000000000000000000000000000000000000000000000000000000000000000000000000000000000000000000
00000000000000000000000000000000000000000000000000000000000000000000000000000000000000000000000000000000000000010000000000000000000000000000000000000000000000000000000000000000000000000000000000000000000000000000000000000000000000000000000000000000000000000000000000000000000000000000000000000000000000000000000000000000000000
00000000000000000000000000000000000000000000000000000000000000000000000000000000000000000000000000000000000000001000000000000000000000000000000000000000000000000000000000000000000000000000000000000000000000000000000000000000000000000000000000000000000000000000000000000000000000000000000000000000000000000000000000000000000000
00000000000000000000000000000000000000000000000000000000000000000000000000000000000000000000000000000000000000000100000000000000000000000000000000000000000000000000000000000000000000000000000000000000000000000000000000000000000000000000000000000000000000000000000000000000000000000000000000000000000000000000000000000000000000
00000000000000000000000000000000000000000000000000000000000000000000000000000000000000000000000000000000000000000010000000000000000000000000000000000000000000000000000000000000000000000000000000000000000000000000000000000000000000000000000000000000000000000000000000000000000000000000000000000000000000000000000000000000000000
00000000000000000000000000000000000000000000000000000000000000000000000000000000000000000000000000000000000000000001000000000000000000000000000000000000000000000000000000000000000000000000000000000000000000000000000000000000000000000000000000000000000000000000000000000000000000000000000000000000000000000000000000000000000000
00000000000000000000000000000000000000000000000000000000000000000000000000000000000000000000000000000000000000000000100000000000000000000000000000000000000000000000000000000000000000000000000000000000000000000000000000000000000000000000000000000000000000000000000000000000000000000000000000000000000000000000000000000000000000
00000000000000000000000000000000000000000000000000000000000000000000000000000000000000000000000000000000000000000000010000000000000000000000000000000000000000000000000000000000000000000000000000000000000000000000000000000000000000000000000000000000000000000000000000000000000000000000000000000000000000000000000000000000000000
00000000000000000000000000000000000000000000000000000000000000000000000000000000000000000000000000000000000000000000001000000000000000000000000000000000000000000000000000000000000000000000000000000000000000000000000000000000000000000000000000000000000000000000000000000000000000000000000000000000000000000000000000000000000000
00000000000000000000000000000000000000000000000000000000000000000000000000000000000000000000000000000000000000000000000100000000000000000000000000000000000000000000000000000000000000000000000000000000000000000000000000000000000000000000000000000000000000000000000000000000000000000000000000000000000000000000000000000000000000
00000000000000000000000000000000000000000000000000000000000000000000000000000000000000000000000000000000000000000000000010000000000000000000000000000000000000000000000000000000000000000000000000000000000000000000000000000000000000000000000000000000000000000000000000000000000000000000000000000000000000000000000000000000000000
00000000000000000000000000000000000000000000000000000000000000000000000000000000000000000000000000000000000000000000000001000000000000000000000000000000000000000000000000000000000000000000000000000000000000000000000000000000000000000000000000000000000000000000000000000000000000000000000000000000000000000000000000000000000000
00000000000000000000000000000000000000000000000000000000000000000000000000000000000000000000000000000000000000000000000000100000000000000000000000000000000000000000000000000000000000000000000000000000000000000000000000000000000000000000000000000000000000000000000000000000000000000000000000000000000000000000000000000000000000
00000000000000000000000000000000000000000000000000000000000000000000000000000000000000000000000000000000000000000000000000010000000000000000000000000000000000000000000000000000000000000000000000000000000000000000000000000000000000000000000000000000000000000000000000000000000000000000000000000000000000000000000000000000000000
00000000000000000000000000000000000000000000000000000000000000000000000000000000000000000000000000000000000000000000000000001000000000000000000000000000000000000000000000000000000000000000000000000000000000000000000000000000000000000000000000000000000000000000000000000000000000000000000000000000000000000000000000000000000000
00000000000000000000000000000000000000000000000000000000000000000000000000000000000000000000000000000000000000000000000000000100000000000000000000000000000000000000000000000000000000000000000000000000000000000000000000000000000000000000000000000000000000000000000000000000000000000000000000000000000000000000000000000000000000
00000000000000000000000000000000000000000000000000000000000000000000000000000000000000000000000000000000000000000000000000000010000000000000000000000000000000000000000000000000000000000000000000000000000000000000000000000000000000000000000000000000000000000000000000000000000000000000000000000000000000000000000000000000000000
00000000000000000000000000000000000000000000000000000000000000000000000000000000000000000000000000000000000000000000000000000001000000000000000000000000000000000000000000000000000000000000000000000000000000000000000000000000000000000000000000000000000000000000000000000000000000000000000000000000000000000000000000000000000000
00000000000000000000000000000000000000000000000000000000000000000000000000000000000000000000000000000000000000000000000000000000100000000000000000000000000000000000000000000000000000000000000000000000000000000000000000000000000000000000000000000000000000000000000000000000000000000000000000000000000000000000000000000000000000
00000000000000000000000000000000000000000000000000000000000000000000000000000000000000000000000000000000000000000000000000000000010000000000000000000000000000000000000000000000000000000000000000000000000000000000000000000000000000000000000000000000000000000000000000000000000000000000000000000000000000000000000000000000000000
00000000000000000000000000000000000000000000000000000000000000000000000000000000000000000000000000000000000000000000000000000000001000000000000000000000000000000000000000000000000000000000000000000000000000000000000000000000000000000000000000000000000000000000000000000000000000000000000000000000000000000000000000000000000000
00000000000000000000000000000000000000000000000000000000000000000000000000000000000000000000000000000000000000000000000000000000000100000000000000000000000000000000000000000000000000000000000000000000000000000000000000000000000000000000000000000000000000000000000000000000000000000000000000000000000000000000000000000000000000
00000000000000000000000000000000000000000000000000000000000000000000000000000000000000000000000000000000000000000000000000000000000010000000000000000000000000000000000000000000000000000000000000000000000000000000000000000000000000000000000000000000000000000000000000000000000000000000000000000000000000000000000000000000000000
00000000000000000000000000000000000000000000000000000000000000000000000000000000000000000000000000000000000000000000000000000000000001000000000000000000000000000000000000000000000000000000000000000000000000000000000000000000000000000000000000000000000000000000000000000000000000000000000000000000000000000000000000000000000000
00000000000000000000000000000000000000000000000000000000000000000000000000000000000000000000000000000000000000000000000000000000000000100000000000000000000000000000000000000000000000000000000000000000000000000000000000000000000000000000000000000000000000000000000000000000000000000000000000000000000000000000000000000000000000
00000000000000000000000000000000000000000000000000000000000000000000000000000000000000000000000000000000000000000000000000000000000000010000000000000000000000000000000000000000000000000000000000000000000000000000000000000000000000000000000000000000000000000000000000000000000000000000000000000000000000000000000000000000000000
00000000000000000000000000000000000000000000000000000000000000000000000000000000000000000000000000000000000000000000000000000000000000001000000000000000000000000000000000000000000000000000000000000000000000000000000000000000000000000000000000000000000000000000000000000000000000000000000000000000000000000000000000000000000000
00000000000000000000000000000000000000000000000000000000000000000000000000000000000000000000000000000000000000000000000000000000000000000100000000000000000000000000000000000000000000000000000000000000000000000000000000000000000000000000000000000000000000000000000000000000000000000000000000000000000000000000000000000000000000
00000000000000000000000000000000000000000000000000000000000000000000000000000000000000000000000000000000000000000000000000000000000000000010000000000000000000000000000000000000000000000000000000000000000000000000000000000000000000000000000000000000000000000000000000000000000000000000000000000000000000000000000000000000000000
00000000000000000000000000000000000000000000000000000000000000000000000000000000000000000000000000000000000000000000000000000000000000000001000000000000000000000000000000000000000000000000000000000000000000000000000000000000000000000000000000000000000000000000000000000000000000000000000000000000000000000000000000000000000000
00000000000000000000000000000000000000000000000000000000000000000000000000000000000000000000000000000000000000000000000000000000000000000000100000000000000000000000000000000000000000000000000000000000000000000000000000000000000000000000000000000000000000000000000000000000000000000000000000000000000000000000000000000000000000
00000000000000000000000000000000000000000000000000000000000000000000000000000000000000000000000000000000000000000000000000000000000000000000010000000000000000000000000000000000000000000000000000000000000000000000000000000000000000000000000000000000000000000000000000000000000000000000000000000000000000000000000000000000000000
00000000000000000000000000000000000000000000000000000000000000000000000000000000000000000000000000000000000000000000000000000000000000000000001000000000000000000000000000000000000000000000000000000000000000000000000000000000000000000000000000000000000000000000000000000000000000000000000000000000000000000000000000000000000000
00000000000000000000000000000000000000000000000000000000000000000000000000000000000000000000000000000000000000000000000000000000000000000000000100000000000000000000000000000000000000000000000000000000000000000000000000000000000000000000000000000000000000000000000000000000000000000000000000000000000000000000000000000000000000
00000000000000000000000000000000000000000000000000000000000000000000000000000000000000000000000000000000000000000000000000000000000000000000000010000000000000000000000000000000000000000000000000000000000000000000000000000000000000000000000000000000000000000000000000000000000000000000000000000000000000000000000000000000000000
00000000000000000000000000000000000000000000000000000000000000000000000000000000000000000000000000000000000000000000000000000000000000000000000001000000000000000000000000000000000000000000000000000000000000000000000000000000000000000000000000000000000000000000000000000000000000000000000000000000000000000000000000000000000000
00000000000000000000000000000000000000000000000000000000000000000000000000000000000000000000000000000000000000000000000000000000000000000000000000100000000000000000000000000000000000000000000000000000000000000000000000000000000000000000000000000000000000000000000000000000000000000000000000000000000000000000000000000000000000
00000000000000000000000000000000000000000000000000000000000000000000000000000000000000000000000000000000000000000000000000000000000000000000000000010000000000000000000000000000000000000000000000000000000000000000000000000000000000000000000000000000000000000000000000000000000000000000000000000000000000000000000000000000000000
00000000000000000000000000000000000000000000000000000000000000000000000000000000000000000000000000000000000000000000000000000000000000000000000000001000000000000000000000000000000000000000000000000000000000000000000000000000000000000000000000000000000000000000000000000000000000000000000000000000000000000000000000000000000000
00000000000000000000000000000000000000000000000000000000000000000000000000000000000000000000000000000000000000000000000000000000000000000000000000000100000000000000000000000000000000000000000000000000000000000000000000000000000000000000000000000000000000000000000000000000000000000000000000000000000000000000000000000000000000
00000000000000000000000000000000000000000000000000000000000000000000000000000000000000000000000000000000000000000000000000000000000000000000000000000010000000000000000000000000000000000000000000000000000000000000000000000000000000000000000000000000000000000000000000000000000000000000000000000000000000000000000000000000000000
00000000000000000000000000000000000000000000000000000000000000000000000000000000000000000000000000000000000000000000000000000000000000000000000000000001000000000000000000000000000000000000000000000000000000000000000000000000000000000000000000000000000000000000000000000000000000000000000000000000000000000000000000000000000000
00000000000000000000000000000000000000000000000000000000000000000000000000000000000000000000000000000000000000000000000000000000000000000000000000000000100000000000000000000000000000000000000000000000000000000000000000000000000000000000000000000000000000000000000000000000000000000000000000000000000000000000000000000000000000
00000000000000000000000000000000000000000000000000000000000000000000000000000000000000000000000000000000000000000000000000000000000000000000000000000000010000000000000000000000000000000000000000000000000000000000000000000000000000000000000000000000000000000000000000000000000000000000000000000000000000000000000000000000000000
00000000000000000000000000000000000000000000000000000000000000000000000000000000000000000000000000000000000000000000000000000000000000000000000000000000001000000000000000000000000000000000000000000000000000000000000000000000000000000000000000000000000000000000000000000000000000000000000000000000000000000000000000000000000000
00000000000000000000000000000000000000000000000000000000000000000000000000000000000000000000000000000000000000000000000000000000000000000000000000000000000100000000000000000000000000000000000000000000000000000000000000000000000000000000000000000000000000000000000000000000000000000000000000000000000000000000000000000000000000
00000000000000000000000000000000000000000000000000000000000000000000000000000000000000000000000000000000000000000000000000000000000000000000000000000000000010000000000000000000000000000000000000000000000000000000000000000000000000000000000000000000000000000000000000000000000000000000000000000000000000000000000000000000000000
00000000000000000000000000000000000000000000000000000000000000000000000000000000000000000000000000000000000000000000000000000000000000000000000000000000000001000000000000000000000000000000000000000000000000000000000000000000000000000000000000000000000000000000000000000000000000000000000000000000000000000000000000000000000000
00000000000000000000000000000000000000000000000000000000000000000000000000000000000000000000000000000000000000000000000000000000000000000000000000000000000000100000000000000000000000000000000000000000000000000000000000000000000000000000000000000000000000000000000000000000000000000000000000000000000000000000000000000000000000
00000000000000000000000000000000000000000000000000000000000000000000000000000000000000000000000000000000000000000000000000000000000000000000000000000000000000010000000000000000000000000000000000000000000000000000000000000000000000000000000000000000000000000000000000000000000000000000000000000000000000000000000000000000000000
00000000000000000000000000000000000000000000000000000000000000000000000000000000000000000000000000000000000000000000000000000000000000000000000000000000000000001000000000000000000000000000000000000000000000000000000000000000000000000000000000000000000000000000000000000000000000000000000000000000000000000000000000000000000000
00000000000000000000000000000000000000000000000000000000000000000000000000000000000000000000000000000000000000000000000000000000000000000000000000000000000000000100000000000000000000000000000000000000000000000000000000000000000000000000000000000000000000000000000000000000000000000000000000000000000000000000000000000000000000
00000000000000000000000000000000000000000000000000000000000000000000000000000000000000000000000000000000000000000000000000000000000000000000000000000000000000000010000000000000000000000000000000000000000000000000000000000000000000000000000000000000000000000000000000000000000000000000000000000000000000000000000000000000000000
11001110110010010100011110100111110010001110001100100010001111111000010010001000110111010101010111010100110011101011101101001101001001000110000101001100100100000001000000000000000000000000000000000000000000000000000000000000000000000000000000000000000000000000000000000000000000000000000000000000000000000000000000000000000000
01101110011100101000001010001001000101010110101111101010011001111010010101100110100000110010010100101111101101000011011101000000011011111011001010111101000010001000100000000000000000000000000000000000000000000000000000000000000000000000000000000000000000000000000000000000000000000000000000000000000000000000000000000000000000
00100100001110110110001001111111101111100101010010111010011010001100111111011010000101101010110010110011010110000000100010011101000000101010011000110101111011000110010000000000000000000000000000000000000000000000000000000000000000000000000000000000000000000000000000000000000000000000000000000000000000000000000000000000000000
00000110010100100000010001111010100011001010110100111110000101001011010101111010110100100010011000000101000110100111111000110011100110101011111100101101101100011000001000000000000000000000000000000000000000000000000000000000000000000000000000000000000000000000000000000000000000000000000000000000000000000000000000000000000000
01010111011101101110111000100000100111100010000110100001011001101001101100100100100001100011011101000111000011111100100010010100000100001011110101000011000111001110000100000000000000000000000000000000000000000000000000000000000000000000000000000000000000000000000000000000000000000000000000000000000000000000000000000000000000
00000000010101111110011111000110110010111001101011101111010000111001010001010110110010101011000000111100100010011010100110010101111111011001010110001010111110010000000010000000000000000000000000000000000000000000000000000000000000000000000000000000000000000000000000000000000000000000000000000000000000000000000000000000000000
00010110001011110011001101110010100011001100110000000000110111000010000110001011000111101000010100001111111001110011110001000010000100001000100100010110011111000010000001000000000000000000000000000000000000000000000000000000000000000000000000000000000000000000000000000000000000000000000000000000000000000000000000000000000000
00001010000001100000001101100100110010101001000100011110100100110110001010101111011000111101111001000000110100101110000001010001101011000100000110111000000010001110000000100000000000000000000000000000000000000000000000000000000000000000000000000000000000000000000000000000000000000000000000000000000000000000000000000000000000
01011000010010100100101100100111011101100001100001011001011000011110011111011100010100001001001011001111001010111110001110101000000101011111110001101011100100010000000000010000000000000000000000000000000000000000000000000000000000000000000000000000000000000000000000000000000000000000000000000000000000000000000000000000000000
00100011101011100011001000101101000000010001011100010101110111010111101100110100010000011110001110100011100110010001101101011000011000100100001000000000010001001100000000001000000000000000000000000000000000000000000000000000000000000000000000000000000000000000000000000000000000000000000000000000000000000000000000000000000000
00110011011100101010011011101000101010100011110001101010100011011100001001101100111000000001000011000111110101111101100000111100100011100010110001011110100011010000000000000100000000000000000000000000000000000000000000000000000000000000000000000000000000000000000000000000000000000000000000000000000000000000000000000000000000
00110011010011110101110000100110010100101100010110000001010101101011011001000110001100101010100010011010110110010000011010100110100011101100000000011101000000000010000000000010000000000000000000000000000000000000000000000000000000000000000000000000000000000000000000000000000000000000000000000000000000000000000000000000000000
01001000101101110111101000011011111101001111011100000100100001111110101010100001100110001000111001000110100110011101101110101101101111000110111110101111100001101010000000000001000000000000000000000000000000000000000000000000000000000000000000000000000000000000000000000000000000000000000000000000000000000000000000000000000000
01000000001000101001001000000010110011000010100000011111000110100010101101010110011000011101000110100000100101101001101001111010000010110100011100110101100100100110000000000000100000000000000000000000000000000000000000000000000000000000000000000000000000000000000000000000000000000000000000000000000000000000000000000000000000
00110000010101111100010100110010100000010111101100110010011011101110110010100100100001011100100001001000100010010110101000111001101100100111111011001011110000100110000000000000010000000000000000000000000000000000000000000000000000000000000000000000000000000000000000000000000000000000000000000000000000000000000000000000000000
01101111101001101000011111110111000010010100010010010100000001000010110100010111010110111011001110000100010100100101101011110011011111001101001111011011111010101010000000000000001000000000000000000000000000000000000000000000000000000000000000000000000000000000000000000000000000000000000000000000000000000000000000000000000000
00001010100110000111111001110101011000101011110011010110000110010110000011101011010111000011101110110110010001111010001111100101110110010100001110101011100011101010000000000000000100000000000000000000000000000000000000000000000000000000000000000000000000000000000000000000000000000000000000000000000000000000000000000000000000
01100111001010110010000111010100000010111101111011110000101000100011011111010101011010000100100011000101111000001010110010100100101100100011000110110010010011111100000000000000000010000000000000000000000000000000000000000000000000000000000000000000000000000000000000000000000000000000000000000000000000000000000000000000000000
01111110010010010001001011101111010010000110011100000111100001000001000010101101001000000011100011101000010000110100000111101010101101100100010010101010000010110010000000000000000001000000000000000000000000000000000000000000000000000000000000000000000000000000000000000000000000000000000000000000000000000000000000000000000000
00010101101000001011100010011100001011000101101011111111101011001101001100111010010111010011001000000010011111110100011011010110101101110101101000100101011011010010000000000000000000100000000000000000000000000000000000000000000000000000000000000000000000000000000000000000000000000000000000000000000000000000000000000000000000
01001100110011010101110111010000100011101110101001011000001100111101100001110111010000001010011000000011110010100000101100001010110000100000100010101001000100010100000000000000000000010000000000000000000000000000000000000000000000000000000000000000000000000000000000000000000000000000000000000000000000000000000000000000000000
01111001001111001011000010011000100010001001001101001101111100011010101011010101011001011100111100101110110011101000100010111110110010010111000011000000100010110100000000000000000000001000000000000000000000000000000000000000000000000000000000000000000000000000000000000000000000000000000000000000000000000000000000000000000000
01001001010101010000010100111101000000001100100010101000101000101001011010100110111010010101100110010111111111111011010110101110001001011001110111000110110001010000000000000000000000000100000000000000000000000000000000000000000000000000000000000000000000000000000000000000000000000000000000000000000000000000000000000000000000
00100010011001001110010110110011111101111100100111011111100101010001011000000010011100101110100111011110110000001000011011110111101000011001010100111001011011010010000000000000000000000010000000000000000000000000000000000000000000000000000000000000000000000000000000000000000000000000000000000000000000000000000000000000000000
00011001110001011100010001110100111011111010111011110100111110110110001110011110110100001010111100010001001111110000011000101001010011100101001000001111101110000100000000000000000000000001000000000000000000000000000000000000000000000000000000000000000000000000000000000000000000000000000000000000000000000000000000000000000000
00000010010000100001110011100010010101000010011011110010110101010000000001101100111101110001111010110000101100100111101000011011001110110001000000011001010010101000000000000000000000000000100000000000000000000000000000000000000000000000000000000000000000000000000000000000000000000000000000000000000000000000000000000000000000
00000101000001100110001110111010000110100100110110000001110001100011010000110110001010000100100011100000000001110001100101000001001111000100000010111111100011001100000000000000000000000000010000000000000000000000000000000000000000000000000000000000000000000000000000000000000000000000000000000000000000000000000000000000000000
00001101110111000001110000110101100101011001010001110000000100101011101010010110010010000111101111001100010010000100110111001001010001100101100110000010101100100100000000000000000000000000001000000000000000000000000000000000000000000000000000000000000000000000000000000000000000000000000000000000000000000000000000000000000000
01110010011100001110111010000011010011111010111100010101111000101101101001000100111000010011000110000011100010000000110110001110101101010111000011110011000011010100000000000000000000000000000100000000000000000000000000000000000000000000000000000000000000000000000000000000000000000000000000000000000000000000000000000000000000
00101010001101110000010011000011110000100100101010100001100101111111011110011110001011010111000011011111010011000000101001010000000010011000010101110100010011111000000000000000000000000000000010000000000000000000000000000000000000000000000000000000000000000000000000000000000000000000000000000000000000000000000000000000000000
01101110010001110111101111110001011101100000010010110110100011010011000011101100011100010111001111010000101100100101100000001001010010011010000000101110000011101100000000000000000000000000000001000000000000000000000000000000000000000000000000000000000000000000000000000000000000000000000000000000000000000000000000000000000000
01000110101111100110001111011010101010110011011100001111110110101101000110111001001110101001001110110010101100101100011100011101001101110010110111100101001110101000000000000000000000000000000000100000000000000000000000000000000000000000000000000000000000000000000000000000000000000000000000000000000000000000000000000000000000
01011100111010111110000000000110001101001101000111111101111010110101111000101101001100010101001101111011011111100011110001000100001010110001101100001101001110111100000000000000000000000000000000010000000000000000000000000000000000000000000000000000000000000000000000000000000000000000000000000000000000000000000000000000000000
01111111100110010001011111011011100100111001000110001001000000011001100001001101011010111011011000110010001100000011001010010010001001001001010010111000111101010010000000000000000000000000000000001000000000000000000000000000000000000000000000000000000000000000000000000000000000000000000000000000000000000000000000000000000000
01011011001111011110111010001100100011010010110111000110010101110010000010100011000010101010101101001001001110110111001111101010001100111100111011111110110101110010000000000000000000000000000000000100000000000000000000000000000000000000000000000000000000000000000000000000000000000000000000000000000000000000000000000000000000
00101010011111010110111101000011011010001100000011011100110100100110100010000111010000100100100001110000011011010011110000101001100110010001011100010000110111010110000000000000000000000000000000000010000000000000000000000000000000000000000000000000000000000000000000000000000000000000000000000000000000000000000000000000000000
01101101101011101000000100010111111001011110100110001001110111100110111100101000011110111110101011101010110101011110010010011111011011110100011100101000011111000100000000000000000000000000000000000001000000000000000000000000000000000000000000000000000000000000000000000000000000000000000000000000000000000000000000000000000000
00110010000010100010100010111100100100101001101111001001110100101001000101111000000010000111101010100100101011001010100010110000011101101010011001000000001001000010000000000000000000000000000000000000100000000000000000000000000000000000000000000000000000000000000000000000000000000000000000000000000000000000000000000000000000
00100011110001101110001001001111000100110000111011000010001101001000001011101110101100001111000110100000011001100001110101000011010111110010101001011011100111100010000000000000000000000000000000000000010000000000000000000000000000000000000000000000000000000000000000000000000000000000000000000000000000000000000000000000000000
01100011111001110111001001101000101100001011010011111110100001000000010000100100100111101100100111010100100100000101100010110111000101110110100100101001101100101110000000000000000000000000000000000000001000000000000000000000000000000000000000000000000000000000000000000000000000000000000000000000000000000000000000000000000000
00011011001001000110100111000011111000111000001010010011101001001010100011110100011001110100011101010010011000110110111011001011100010000100001111011110000010100010000000000000000000000000000000000000000100000000000000000000000000000000000000000000000000000000000000000000000000000000000000000000000000000000000000000000000000
01000000101110111011100000101011100110111100100101101001010110101101100010001001111001100010100011000011111011001111111001010001100000101110100111010110000100111110000000000000000000000000000000000000000010000000000000000000000000000000000000000000000000000000000000000000000000000000000000000000000000000000000000000000000000
00100100010010101010001000001010111100011001000111010001111001111111011011001111000110000101111101111110101101001110101101100011001010111110000000111111110100101010000000000000000000000000000000000000000001000000000000000000000000000000000000000000000000000000000000000000000000000000000000000000000000000000000000000000000000
00010100011000101111000101101000100010000111000110101011010001100110010000000011110000111001001001101011110100101010100100111100000011011100100100000111011000110000000000000000000000000000000000000000000000100000000000000000000000000000000000000000000000000000000000000000000000000000000000000000000000000000000000000000000000
01100111110101101001100111101110110101011011111011111011111111111000001110101011110111011010111010100000010010010000101101001011100111100101001100011010010110010010000000000000000000000000000000000000000000010000000000000000000000000000000000000000000000000000000000000000000000000000000000000000000000000000000000000000000000
01110101010001110011000010101100000010100111101010110100011111011110001011111000010111100100000101001111111110001010000101111111111110010010100000010101110010101110000000000000000000000000000000000000000000001000000000000000000000000000000000000000000000000000000000000000000000000000000000000000000000000000000000000000000000
00010000010111010011011100010100000101001101011110111010001110011011011101000101011001110000001000101001010010110000011000101101001000110000101110001111111110011000000000000000000000000000000000000000000000000100000000000000000000000000000000000000000000000000000000000000000000000000000000000000000000000000000000000000000000
01010000100011001001000110101010000100110001010011000010111010101011111011110011001001000010101000011101100011010111000100101111001110011000010001101001100100101100000000000000000000000000000000000000000000000010000000000000000000000000000000000000000000000000000000000000000000000000000000000000000000000000000000000000000000
00101001101100111001000100011111000110110001011011100100011101001011000010000000101111101001000001111100011000101011010011000100101101001011001011011100110001010010000000000000000000000000000000000000000000000001000000000000000000000000000000000000000000000000000000000000000000000000000000000000000000000000000000000000000000
00101010000011001011011101010011000110101010000111001000100001110001001001101101000100000100110110011111111100000110101111101110000010010100100010000111110011010000000000000000000000000000000000000000000000000000100000000000000000000000000000000000000000000000000000000000000000000000000000000000000000000000000000000000000000
01000111111100111011111000000110010010000001100001100000101011010111111101111011100001111110101010100100110010111110110000100011011011010110001010000000011001011010000000000000000000000000000000000000000000000000010000000000000000000000000000000000000000000000000000000000000000000000000000000000000000000000000000000000000000
01101101010010101100110001010010110001101100000110111110000001101100110110100011010011011111001001000111101100100110111110110110111000001101011010011010100110111110000000000000000000000000000000000000000000000000001000000000000000000000000000000000000000000000000000000000000000000000000000000000000000000000000000000000000000
01010010011010011100100110110110100000010011000010000010010000011011101000100011111011010011111111001110111011101110111010100111100111110110011100000111100110110100000000000000000000000000000000000000000000000000000100000000000000000000000000000000000000000000000000000000000000000000000000000000000000000000000000000000000000
00101101110100011110001100100101111100110100110011000111100101101010011011011001010111111000100110100011000010111000000011101001101010000100011111000000011100101110000000000000000000000000000000000000000000000000000010000000000000000000000000000000000000000000000000000000000000000000000000000000000000000000000000000000000000
01000111010001011001111000110101001010000101011111101000100110111011100001001100110011001100010010100110001010010001011010001010110110100111011001111111000011011000000000000000000000000000000000000000000000000000000001000000000000000000000000000000000000000000000000000000000000000000000000000000000000000000000000000000000000
00010111001001010100000001000111100100111101101000101100001110111010111011111010100011010011101011001001110110001000100010001101110001110100110110000111000001000100000000000000000000000000000000000000000000000000000000100000000000000000000000000000000000000000000000000000000000000000000000000000000000000000000000000000000000
01111011011011101111010001101101010111101011100001000111111010101101100100000101010010011111100000110101010010110001100101001111011011101011010010011110000010100100000000000000000000000000000000000000000000000000000000010000000000000000000000000000000000000000000000000000000000000000000000000000000000000000000000000000000000
00110010000000000110001111110001101010001111110100001101011011010001101010100110010111001000110001111100100100110110010100001010101011110110011110011010110010011010000000000000000000000000000000000000000000000000000000001000000000000000000000000000000000000000000000000000000000000000000000000000000000000000000000000000000000
00100100111110000000101010100001111010000101010000111010101110110011111111111011011010001101100001001100110100010110101011011010010010011011011010000110110001001010000000000000000000000000000000000000000000000000000000000100000000000000000000000000000000000000000000000000000000000000000000000000000000000000000000000000000000
00110100010110110010011110011100110111110001100110100000011111110111110101110110001111110001111011000110110100001111011101011000010010101100110100110101001011111010000000000000000000000000000000000000000000000000000000000010000000000000000000000000000000000000000000000000000000000000000000000000000000000000000000000000000000
00110001110111111000110101111010000010111000100110010111000000011110110001101000000010001001010111011101110010010111000110010010000110001101111101001011001110111100000000000000000000000000000000000000000000000000000000000001000000000000000000000000000000000000000000000000000000000000000000000000000000000000000000000000000000
00010111101011000011011011111110111000111010000010011110101010010110110101101100110000000101011011101100001101101110011110111000100101111100110111010000001001001100000000000000000000000000000000000000000000000000000000000000100000000000000000000000000000000000000000000000000000000000000000000000000000000000000000000000000000
00010110011101010010001100011011100101101101100110101000001011001011001110111001001111010101110101101000110010110111110001011111101101111010111111000010110001100100000000000000000000000000000000000000000000000000000000000000010000000000000000000000000000000000000000000000000000000000000000000000000000000000000000000000000000
00111111111011000101011110110010111111101001100111100011100011100010111001011010011010010010010101001000100011001110000000011100000101110001110000000101100011011100000000000000000000000000000000000000000000000000000000000000001000000000000000000000000000000000000000000000000000000000000000000000000000000000000000000000000000
00111110011010001111110100011010010011100111110100001100010010011011001100001100001101101000100111111010110100011001011111011100101011011000101100010011011001111000000000000000000000000000000000000000000000000000000000000000000100000000000000000000000000000000000000000000000000000000000000000000000000000000000000000000000000
00100000101010001001001110001100110100101010111100111110001001010111001001101100100110010101000110110101000101011111110000111001001011101111111100111000011000101010000000000000000000000000000000000000000000000000000000000000000010000000000000000000000000000000000000000000000000000000000000000000000000000000000000000000000000
01111001011110100001101111101101010001101110110111001100001110000101011000110011110011001001110100001101011110101110001001110111110110011000101011110111110111111010000000000000000000000000000000000000000000000000000000000000000001000000000000000000000000000000000000000000000000000000000000000000000000000000000000000000000000
01100111110000011010011011100010110011011000001011000010110001110010101001110001110010111110110011000010010001100011110001111000001100101011101110110001100110011010000000000000000000000000000000000000000000000000000000000000000000100000000000000000000000000000000000000000000000000000000000000000000000000000000000000000000000
00110011110000100001001101110011001000110110010100111110110111001011010011000001001101111001001010000100001011101011001001111000111101001100101101101001010110000010000000000000000000000000000000000000000000000000000000000000000000010000000000000000000000000000000000000000000000000000000000000000000000000000000000000000000000
01001101100010010010011011100011101111001011011000011011111001111101100100000011110100010101100101110100111101101110001000101110001001010100001101111101010110011100000000000000000000000000000000000000000000000000000000000000000000001000000000000000000000000000000000000000000000000000000000000000000000000000000000000000000000
01011100011110001000111000100110101111011001110100001101001000111101000110000011100001110101011000101001000110000001000000111110110001100101010100111110101110101000000000000000000000000000000000000000000000000000000000000000000000000100000000000000000000000000000000000000000000000000000000000000000000000000000000000000000000
00111010101001000011111001010000010010101001110101110011111001110110001010101110100111001111000110111001100001100110010100001010000011001110010011001111000001011010000000000000000000000000000000000000000000000000000000000000000000000010000000000000000000000000000000000000000000000000000000000000000000000000000000000000000000
00010110010000101111000010111100101110101101100000011000010011101000001101110100111111110001010110001001100111010100101111011111011111010101100010001111110000101100000000000000000000000000000000000000000000000000000000000000000000000001000000000000000000000000000000000000000000000000000000000000000000000000000000000000000000
01101000101000000000011110100000001110101010100010101100010000101000101001010001101101011110101000011010111111010000110001110001010001110110011011001010000010010000000000000000000000000000000000000000000000000000000000000000000000000000100000000000000000000000000000000000000000000000000000000000000000000000000000000000000000
00000111001101001000010010101110010100000100001110000100111111011010101010110101111011111111011010111111000000010110101001111100010001001001011010110001010110100110000000000000000000000000000000000000000000000000000000000000000000000000010000000000000000000000000000000000000000000000000000000000000000000000000000000000000000
01001011011001001111001011101010001000000101100001011010100010010101010001101111110111111101000101100001000110000000001111000111110100011111110111111010001111010110000000000000000000000000000000000000000000000000000000000000000000000000001000000000000000000000000000000000000000000000000000000000000000000000000000000000000000
00101100110100110111000110101010101010100111010010101111001101111111110001001111010000110001100000000001101010100101011001001001000011001110100011110000001110011110000000000000000000000000000000000000000000000000000000000000000000000000000100000000000000000000000000000000000000000000000000000000000000000000000000000000000000
01100111000011010011111001101000010011010000011111001000001011110001111011100101011010000010110011101100111110111010110011010001111000010111001111011001111001110000000000000000000000000000000000000000000000000000000000000000000000000000000010000000000000000000000000000000000000000000000000000000000000000000000000000000000000
01110011001110110101110110010100011110100001011100001111110111101001011011000110110110111000001100111110011111010101111010001010100111001001111111111110000010111010000000000000000000000000000000000000000000000000000000000000000000000000000001000000000000000000000000000000000000000000000000000000000000000000000000000000000000
00001011111100111100010010101100101101010011001010001001100101110011110110001001000011001110010011001110010010001111010001000010110100011010000110101111011010111010000000000000000000000000000000000000000000000000000000000000000000000000000000100000000000000000000000000000000000000000000000000000000000000000000000000000000000
01010100010010111110010110011110010101111110111111001010001011100000000100010110001001001110011001101111100010111011010110110000101111010101010000100110010001000100000000000000000000000000000000000000000000000000000000000000000000000000000000010000000000000000000000000000000000000000000000000000000000000000000000000000000000
00001001101001001110011111011010011000001000100100101001110111010101010110011100001111010110101111110010001001111000111111100100111110111000011101010101000000001010000000000000000000000000000000000000000000000000000000000000000000000000000000001000000000000000000000000000000000000000000000000000000000000000000000000000000000
01000101000110110011110001001010010010001000001000000000000011010000000101101000001000000101011100110010011100011100110000110101011110100011100110011100010001000100000000000000000000000000000000000000000000000000000000000000000000000000000000000100000000000000000000000000000000000000000000000000000000000000000000000000000000
01001100111101100011011011111111001010111010001110010010111101011100011111100100101010110010111101111110101101010001101000100011100111100001010100001101010101001000000000000000000000000000000000000000000000000000000000000000000000000000000000000010000000000000000000000000000000000000000000000000000000000000000000000000000000
01101100101010010001100011000001111000001001110010000111001101011110110010111100100001111110011001111000010111110000000111100000001110010010001110011010011000101100000000000000000000000000000000000000000000000000000000000000000000000000000000000001000000000000000000000000000000000000000000000000000000000000000000000000000000
01110100000011111000010001110011000101111101100100001001110011011110000110001010110100011010001011000001001111111000100111011000111011101100001111100111111111001110000000000000000000000000000000000000000000000000000000000000000000000000000000000000100000000000000000000000000000000000000000000000000000000000000000000000000000
00010011101000000011011111110101010111111010111001001000110001111001011011100100001010010011011110010000101101101110011010001101010000110000000000101010010000011010000000000000000000000000000000000000000000000000000000000000000000000000000000000000010000000000000000000000000000000000000000000000000000000000000000000000000000
00111111100011000000000001000000001100011100001000111101001010000101010010011100111110010110101000100110001000101101101111010100111000100100010000011000001111111110000000000000000000000000000000000000000000000000000000000000000000000000000000000000001000000000000000000000000000000000000000000000000000000000000000000000000000
01110001100111100010001001000000011001101001000111000000011110101101000011000011101000101110010010010111001101000000011100101110010011001010001100100011101001000100000000000000000000000000000000000000000000000000000000000000000000000000000000000000000100000000000000000000000000000000000000000000000000000000000000000000000000
01101110001111010001011101110101001111101001001111001001111110101111111101011011111010100010111111000000011010111110000100011001110101000110000001000101110001110000000000000000000000000000000000000000000000000000000000000000000000000000000000000000000010000000000000000000000000000000000000000000000000000000000000000000000000
01101000110001000011101110001101011010011010000010110001110001001000000001001111011111010111100101001000111010100000001011001111000000110101011110000100011001111000000000000000000000000000000000000000000000000000000000000000000000000000000000000000000001000000000000000000000000000000000000000000000000000000000000000000000000
01111101011101000100000110111110111100011011010011010111011000110000001110000101111000010011101010101001111010011101000001001010000110110110101011011010100000111100000000000000000000000000000000000000000000000000000000000000000000000000000000000000000000100000000000000000000000000000000000000000000000000000000000000000000000
00001000111101111011111001011001110001101101100010110010010101010101101111010000110011101101011011000111111000011010010011100111110111111111110111101101010000111000000000000000000000000000000000000000000000000000000000000000000000000000000000000000000000010000000000000000000000000000000000000000000000000000000000000000000000
00111100000010011110000100110101011110001111111000001001010110010100100000101001001011010100010101110101001000010100111101001010111100111110100010000110111110001110000000000000000000000000000000000000000000000000000000000000000000000000000000000000000000001000000000000000000000000000000000000000000000000000000000000000000000
01101100010110010100010001100110111101110110011100011010000100000111001110100110011001100110100001000110011111000001101010000111111110110110111110010111100010001000000000000000000000000000000000000000000000000000000000000000000000000000000000000000000000000100000000000000000000000000000000000000000000000000000000000000000000
00100010110100110011011000011000001111111111111100010000011111110100100101001101111111110011011101011110100111100010010111100110110011100010001010000100111000101010000000000000000000000000000000000000000000000000000000000000000000000000000000000000000000000010000000000000000000000000000000000000000000000000000000000000000000
01001001000000000111001011111100101000111001101010111011011010010110000001101010100000111111001111011011111001011110100001001010010000111000001100101100100110011100000000000000000000000000000000000000000000000000000000000000000000000000000000000000000000000001000000000000000000000000000000000000000000000000000000000000000000
01110011000000101011000101011101011110010001111011000111100000100010010101100001111000001100001101001100000111110011001011000010100010001111011110100001110101001000000000000000000000000000000000000000000000000000000000000000000000000000000000000000000000000000100000000000000000000000000000000000000000000000000000000000000000
01011000110010001010111010111000100111011000001001000100001001100000000110100001101110101110011101011011110110101100101110100111110100101000011110101010101100101100000000000000000000000000000000000000000000000000000000000000000000000000000000000000000000000000010000000000000000000000000000000000000000000000000000000000000000
00111111011100010001101001010101110010101000100011111101000011111100000101100000111100001101101001100010000010110000001011100010101110000110010111110010111101100010000000000000000000000000000000000000000000000000000000000000000000000000000000000000000000000000001000000000000000000000000000000000000000000000000000000000000000
00100000011011000010101011110100111111110011100100001001011011100111100001100101101011100001101010100011010011110000001101100001001100010010001001110101011001010010000000000000000000000000000000000000000000000000000000000000000000000000000000000000000000000000000100000000000000000000000000000000000000000000000000000000000000
00000101100111100110001001000000100110010011100011001100000010110001011111001100010000111000100000111000101111100001000110111110110010101010000111001001000001001010000000000000000000000000000000000000000000000000000000000000000000000000000000000000000000000000000010000000000000000000000000000000000000000000000000000000000000
00110000100101101010000000110110011000000101111001100011111111110101111111110001001010110111000111010100101110001011000001000111010011100011011001000111100100101010000000000000000000000000000000000000000000000000000000000000000000000000000000000000000000000000000001000000000000000000000000000000000000000000000000000000000000
00100101101010101000111000000101101111101010000001110000100010000101001001110000101101110100000010001101000010001010111111010001101100000111010100001011000110001010000000000000000000000000000000000000000000000000000000000000000000000000000000000000000000000000000000100000000000000000000000000000000000000000000000000000000000
01000100110100000101010110000110010001110000100011110010110011001111000111000111100011111010101001001011101001110100110110100111000110000100000111100011110011110000000000000000000000000000000000000000000000000000000000000000000000000000000000000000000000000000000000010000000000000000000000000000000000000000000000000000000000
00111010000110011011000010101001100111010001100101001001101110000011011110011000101111111111011000111110111010100111100100010100001101100011111011111111110100011000000000000000000000000000000000000000000000000000000000000000000000000000000000000000000000000000000000001000000000000000000000000000000000000000000000000000000000
01010111011110111011001010101100101010001010001011001100111101110111000011101010100010101011000010010000011000111010010110011101110110111110010000010101100100100100000000000000000000000000000000000000000000000000000000000000000000000000000000000000000000000000000000000100000000000000000000000000000000000000000000000000000000
00100111011100011100110101110111111010100010010111101111101100010011100001111100011111011111111111001000000011011001101100101000001101001000101110110011100000011000000000000000000000000000000000000000000000000000000000000000000000000000000000000000000000000000000000000010000000000000000000000000000000000000000000000000000000
01010010110011010110001000110000010001110010001110011010001101101101011000011101010000000011001011100101110101010001101101011011110011011101101111001101101110010000000000000000000000000000000000000000000000000000000000000000000000000000000000000000000000000000000000000001000000000000000000000000000000000000000000000000000000
01000011011110100010100111001011010101110000010101100110010111011110001001111010101101010100001100001001110110001011011111000000110001001110001101010101111010111110000000000000000000000000000000000000000000000000000000000000000000000000000000000000000000000000000000000000100000000000000000000000000000000000000000000000000000
01110111001011010010001101010001110101110000111110000110111100101100110111000110101111011100110111000011000010110000011111010110100010101100101111101000100100000100000000000000000000000000000000000000000000000000000000000000000000000000000000000000000000000000000000000000010000000000000000000000000000000000000000000000000000
00010001100101111101000011110111001000100101000000000010111001001110110001011010100011110010001011001011010100111110100010010110110001001000011100101010110110111100000000000000000000000000000000000000000000000000000000000000000000000000000000000000000000000000000000000000001000000000000000000000000000000000000000000000000000
01011101001001011111010101110101001100011000010010000011100000110111100011111110001010100010010100100011010001000101000011111000010100101000001001001100000010000010000000000000000000000000000000000000000000000000000000000000000000000000000000000000000000000000000000000000000100000000000000000000000000000000000000000000000000
00001001001100001101100110001010101001000110101110101100001100001101111111001100000100001111001100100000111111010110101100100001111011101010110011000011010110110000000000000000000000000000000000000000000000000000000000000000000000000000000000000000000000000000000000000000000010000000000000000000000000000000000000000000000000
01011111000011010100111110000011011101001111000011000010000000101001001100111111011110110110001100011111111010011000001010011000101101011100101110111101011010111100000000000000000000000000000000000000000000000000000000000000000000000000000000000000000000000000000000000000000001000000000000000000000000000000000000000000000000
00000101111110000101110011101100010001010011101000010010111001010010011100110100110011011001010101100001100011000010111011101111001100000011111011110111000101100010000000000000000000000000000000000000000000000000000000000000000000000000000000000000000000000000000000000000000000100000000000000000000000000000000000000000000000
00100011011011010011010010110111000001011110100111100001111001111001111010101110100111011100000111101100000101110001101101100110001100101000001001111010001101110100000000000000000000000000000000000000000000000000000000000000000000000000000000000000000000000000000000000000000000010000000000000000000000000000000000000000000000
00100011011111010111010111011110001010110101110000101011010000011011111110001111101000101001000111100010100000000100011111000110000010000100100001111100110100101010000000000000000000000000000000000000000000000000000000000000000000000000000000000000000000000000000000000000000000001000000000000000000000000000000000000000000000
01101001111001000010001000001101111101011111010100101100110000010011001010000110111100011001010001110100101100010100010010110010011110110001101010101111110011101010000000000000000000000000000000000000000000000000000000000000000000000000000000000000000000000000000000000000000000000100000000000000000000000000000000000000000000
00010111101100100111011010001101000000100101000110100011111111100001000001011000111010010100000110111100011101101010111100111011001101011100110010000111011001100110000000000000000000000000000000000000000000000000000000000000000000000000000000000000000000000000000000000000000000000010000000000000000000000000000000000000000000
01110001000010110101010001111001000101110011101011000100101010010111101000100010101100110011010000001110010111011000011111011110101010010001001111110011000010110000000000000000000000000000000000000000000000000000000000000000000000000000000000000000000000000000000000000000000000000001000000000000000000000000000000000000000000
01010100011010101110011110100100100111111101100110011110000000001011111001110001000001100000110111010010100101101011100000110011111110010011011010000110110110101100000000000000000000000000000000000000000000000000000000000000000000000000000000000000000000000000000000000000000000000000100000000000000000000000000000000000000000
00111011011010010011110011100111000010000011011001110110010000101110100101011000000101110010000111111101110011001001110110101110010000000011100010001001011110011000000000000000000000000000000000000000000000000000000000000000000000000000000000000000000000000000000000000000000000000000010000000000000000000000000000000000000000
01011100010101000010100111100101100010111100110110111000100111001100101000000010000111000101001101100011011111111111001001010111000100101010001000010100000110101110000000000000000000000000000000000000000000000000000000000000000000000000000000000000000000000000000000000000000000000000001000000000000000000000000000000000000000
00010111111011111111110110001110010101000101010000011001101010100100011110101111111101010000110100000101011001101001100000011101011010111100100111100001011011011100000000000000000000000000000000000000000000000000000000000000000000000000000000000000000000000000000000000000000000000000000100000000000000000000000000000000000000
01000001011010010111010110000001000000101101000100100011111110100011100101111111111111011011001000110111110011110100100011010010000010101110100110101111110111111110000000000000000000000000000000000000000000000000000000000000000000000000000000000000000000000000000000000000000000000000000010000000000000000000000000000000000000
00101010010000000101000001001010011110000011101000111111010111100100111000001011000101010011011111101110001100010000101000011001011110110010010000101011011011111010000000000000000000000000000000000000000000000000000000000000000000000000000000000000000000000000000000000000000000000000000001000000000000000000000000000000000000
01110011111000000011000100011011010011001001001111110111001010010111000000010110010000111011010111100011111010111000000000001000000010101010010010101111100000011000000000000000000000000000000000000000000000000000000000000000000000000000000000000000000000000000000000000000000000000000000000100000000000000000000000000000000000
00100011101011010001101010100011001001001011000101100111110010011110011111100001000011110010110110001011110110011001010100001010010000010000101010001101011010000100000000000000000000000000000000000000000000000000000000000000000000000000000000000000000000000000000000000000000000000000000000010000000000000000000000000000000000
01110011000100100010111101001101010110101100111100000100000100111111101110000110111100001011110110001100011001100111001000101010100110001010010010100000100011110010000000000000000000000000000000000000000000000000000000000000000000000000000000000000000000000000000000000000000000000000000000001000000000000000000000000000000000
00100010001000100101001010000010000010000101101011010100011100001101110111011110110000011101011001010110110110111010101010010100100000111101100110101000100100000110000000000000000000000000000000000000000000000000000000000000000000000000000000000000000000000000000000000000000000000000000000000100000000000000000000000000000000
01010111100111011010000001000000101000000111101000110100110101000000001100111100010011100001001100111011011011111101010101000110011111000011001001111111101011110100000000000000000000000000000000000000000000000000000000000000000000000000000000000000000000000000000000000000000000000000000000000010000000000000000000000000000000
01111000010000101000100111101110010000001101010101101011000111000100011100100110001101100001110100001100001000111010101111011101110101101010110101001101111011001110000000000000000000000000000000000000000000000000000000000000000000000000000000000000000000000000000000000000000000000000000000000001000000000000000000000000000000
01101101100100101010111011001000000111001000101001110110100010000001100111101100000111001110101101000010000010000100011011101000110001101011011110110001100001000000000000000000000000000000000000000000000000000000000000000000000000000000000000000000000000000000000000000000000000000000000000000000100000000000000000000000000000
00100101010100110000001001101110111110101000011101001011101101000101010011000100111011000011010110100111101101010001000110101101101101010100101000100011111100000110000000000000000000000000000000000000000000000000000000000000000000000000000000000000000000000000000000000000000000000000000000000000010000000000000000000000000000
00101100111001110111110100010010001001101011101011001001101010100000110011111110100001000011111111001100101010011001101001001100000110001011011011110011101000001010000000000000000000000000000000000000000000000000000000000000000000000000000000000000000000000000000000000000000000000000000000000000001000000000000000000000000000
01111010111110011011111010011010110010110100101101011100010100001001010011100011110010010001100110001000101001010011010111000001001110001110001001110001001110011000000000000000000000000000000000000000000000000000000000000000000000000000000000000000000000000000000000000000000000000000000000000000000100000000000000000000000000
00101100110111100101001001110010000110010011001011111010010111011101110110111111011110011110000001101100110011011000111110100011110111110110100101100001101111011000000000000000000000000000000000000000000000000000000000000000000000000000000000000000000000000000000000000000000000000000000000000000000010000000000000000000000000
00001000010011001011101011110110100111001011011110000111110111101111001001101101100111101010111101001100110111110000001001111101001100111101011011011010111000100000000000000000000000000000000000000000000000000000000000000000000000000000000000000000000000000000000000000000000000000000000000000000000001000000000000000000000000
01110100110101111011100110000110100111111110001100010110001011111101001100110010100010010110000001010110010011001001001100001010100110111011110001110101111111001010000000000000000000000000000000000000000000000000000000000000000000000000000000000000000000000000000000000000000000000000000000000000000000100000000000000000000000
01111010100101010010000000000010111000101110101000100010010001001111111111010110100011101000010101101100110010100010000111010010000001100100111001011001100100001000000000000000000000000000000000000000000000000000000000000000000000000000000000000000000000000000000000000000000000000000000000000000000000010000000000000000000000
00010101000101101010101000101001100111100101011101100010001010011011100011111000110000100110001111000110000001110000000100001010110001100001101100010000110110010010000000000000000000000000000000000000000000000000000000000000000000000000000000000000000000000000000000000000000000000000000000000000000000001000000000000000000000
01110011000010110000001100110110011010111111000110001111110010100011011010101001001110101000011001100011101001110111011001011101000110001101010011011111110110110100000000000000000000000000000000000000000000000000000000000000000000000000000000000000000000000000000000000000000000000000000000000000000000000100000000000000000000
01011010111110011001101011101000010100111100101101110101100101011110001011010101010010001110101111001101110101101111010010110110010101101011011001100000010011001110000000000000000000000000000000000000000000000000000000000000000000000000000000000000000000000000000000000000000000000000000000000000000000000010000000000000000000
00010011010111101011001001110110111110011011101000111001000000001000011000000011000010001001010111100110010110100101000101000111000110000110110111000101111111011110000000000000000000000000000000000000000000000000000000000000000000000000000000000000000000000000000000000000000000000000000000000000000000000001000000000000000000
00101111010010000010101011100000001010101110110101010000010010000000101001010001100100010111011111001111101101111100111110111000011011010001111000010100001011111100000000000000000000000000000000000000000000000000000000000000000000000000000000000000000000000000000000000000000000000000000000000000000000000000100000000000000000
00001011100010111010000111101001101010100000010111010000110000100100111000011110000000010010100001111110010100100011101101111101111110011000111111101011001011001000000000000000000000000000000000000000000000000000000000000000000000000000000000000000000000000000000000000000000000000000000000000000000000000000010000000000000000
00001001100111100111010100111110111011111000101101001110100000011110001101111100001010101000010000100111111101011011011101010000010100001110001001000101101001010010000000000000000000000000000000000000000000000000000000000000000000000000000000000000000000000000000000000000000000000000000000000000000000000000001000000000000000
01000110101100100000000110111010000001001100001001000010010101101001011110011001100110100011111110010000011111011111101101100010010101100000000110011001101101111000000000000000000000000000000000000000000000000000000000000000000000000000000000000000000000000000000000000000000000000000000000000000000000000000000100000000000000
01100110111010101111111001000110100001011000001001111110011100000110001111000010110001001101100100011111010001011111110100100010010001110011001101101101100101110100000000000000000000000000000000000000000000000000000000000000000000000000000000000000000000000000000000000000000000000000000000000000000000000000000010000000000000
01100010100010110101000011001100010000001110011100100100001111000101010100110010101110111110111000101001011000011011011111001010111011000000011010100111100110100010000000000000000000000000000000000000000000000000000000000000000000000000000000000000000000000000000000000000000000000000000000000000000000000000000001000000000000
00001111010110111011110010101101100100010110011001010000110001010010100111010111010100010000000010110101101010110110010101100001111000001110100001100110100000010100000000000000000000000000000000000000000000000000000000000000000000000000000000000000000000000000000000000000000000000000000000000000000000000000000000100000000000
01100111000111000100111100010000011010110001011111101111011100111111000011001000101100110111011111101111101010100110001111010000101111001101101111010001011111011110000000000000000000000000000000000000000000000000000000000000000000000000000000000000000000000000000000000000000000000000000000000000000000000000000000010000000000
01011100001101010100101110000100100110001100100010001101111100010100100001110000010101100110101111011010100110001111001110101010111100001000101110111011011001001110000000000000000000000000000000000000000000000000000000000000000000000000000000000000000000000000000000000000000000000000000000000000000000000000000000001000000000
01111101001001111100001010101111101000011110001111101101011110110100101011010000110101001001111100100110110000111000111000011010001010010010101111001000110001110110000000000000000000000000000000000000000000000000000000000000000000000000000000000000000000000000000000000000000000000000000000000000000000000000000000000100000000
01001100010110111011010000101000101111010110111110110011101000111111110111000100110111010111111100110111010110101011011111001101011000100110110101001011000010100000000000000000000000000000000000000000000000000000000000000000000000000000000000000000000000000000000000000000000000000000000000000000000000000000000000000010000000
00000011110001001100001011110000110000010100001010111101000101000101110100011001010011011011001010011011110111111101101101111001101010101110011110111101101010111100000000000000000000000000000000000000000000000000000000000000000000000000000000000000000000000000000000000000000000000000000000000000000000000000000000000001000000
01001110110010010100011110100111110010001110001100100010001111111000010010001000110111010101010111010100110011101011101101001101001001000110000101001100100101000000000000000000000000000000000000000000000000000000000000000000000000000000000000000000000000000000000000000000000000000000000000000000000000000000000000000000100000
01101000011000110001111010000100100110010111100000001001011111000011011000110000000111110110010100110101001100100111100101101101110010110101100000011101110011101000000000000000000000000000000000000000000000000000000000000000000000000000000000000000000000000000000000000000000000000000000000000000000000000000000000000000010000
00100000000000100010010100101101001010011110010111101110110011100000101100101010010100001111011100001011000000100001101000000010100100011011110101000110100100001010000000000000000000000000000000000000000000000000000000000000000000000000000000000000000000000000000000000000000000000000000000000000000000000000000000000000001000
01110100110101001110101011110000010000100100001110101001110011011100000010100000111101100011010100111100100010001001001010101111101011100111101010000001001110011110000000000000000000000000000000000000000000000000000000000000000000000000000000000000000000000000000000000000000000000000000000000000000000000000000000000000000100
00101001001001010111001001111111101011100111010100111000010011011011100000101000110110110101000000011011100110110011011111111001110110100011111100010001000101000000000000000000000000000000000000000000000000000000000000000000000000000000000000000000000000000000000000000000000000000000000000000000000000000000000000000000000010
01000100010101011101000101001111110011110101010111010101100100001011110000101010010001101001001010111011101011110011011111111101111110000011110111010010111010011000000000000000000000000000000000000000000000000000000000000000000000000000000000000000000000000000000000000000000000000000000000000000000000000000000000000000000001


Reduced Matrix:
10000000000000000000000000000000000000000000000000000000000000000000000000000000000000000000000000000000000000000000000000000000000000000000000000000000000000000000000000000000000000000000000000000000000000000000000000000000000000000000000000000000000000000000000000000000000000000000000000000000000000000000000000000000000000
01000000000000000000000000000000000000000000000000000000000000000000000000000000000000000000000000000000000000000000000000000000000000000000000000000000000000000000000000000000000000000000000000000000000000000000000000000000000000000000000000000000000000000000000000000000000000000000000000000000000000000000000000000000000000
00100000000000000000000000000000000000000000000000000000000000000000000000000000000000000000000000000000000000000000000000000000000000000000000000000000000000000000000000000000000000000000000000000000000000000000000000000000000000000000000000000000000000000000000000000000000000000000000000000000000000000000000000000000000000
00010000000000000000000000000000000000000000000000000000000000000000000000000000000000000000000000000000000000000000000000000000000000000000000000000000000000000000000000000000000000000000000000000000000000000000000000000000000000000000000000000000000000000000000000000000000000000000000000000000000000000000000000000000000000
00001000000000000000000000000000000000000000000000000000000000000000000000000000000000000000000000000000000000000000000000000000000000000000000000000000000000000000000000000000000000000000000000000000000000000000000000000000000000000000000000000000000000000000000000000000000000000000000000000000000000000000000000000000000000
00000100000000000000000000000000000000000000000000000000000000000000000000000000000000000000000000000000000000000000000000000000000000000000000000000000000000000000000000000000000000000000000000000000000000000000000000000000000000000000000000000000000000000000000000000000000000000000000000000000000000000000000000000000000000
00000010000000000000000000000000000000000000000000000000000000000000000000000000000000000000000000000000000000000000000000000000000000000000000000000000000000000000000000000000000000000000000000000000000000000000000000000000000000000000000000000000000000000000000000000000000000000000000000000000000000000000000000000000000000
00000001000000000000000000000000000000000000000000000000000000000000000000000000000000000000000000000000000000000000000000000000000000000000000000000000000000000000000000000000000000000000000000000000000000000000000000000000000000000000000000000000000000000000000000000000000000000000000000000000000000000000000000000000000000
00000000100000000000000000000000000000000000000000000000000000000000000000000000000000000000000000000000000000000000000000000000000000000000000000000000000000000000000000000000000000000000000000000000000000000000000000000000000000000000000000000000000000000000000000000000000000000000000000000000000000000000000000000000000000
00000000010000000000000000000000000000000000000000000000000000000000000000000000000000000000000000000000000000000000000000000000000000000000000000000000000000000000000000000000000000000000000000000000000000000000000000000000000000000000000000000000000000000000000000000000000000000000000000000000000000000000000000000000000000
00000000001000000000000000000000000000000000000000000000000000000000000000000000000000000000000000000000000000000000000000000000000000000000000000000000000000000000000000000000000000000000000000000000000000000000000000000000000000000000000000000000000000000000000000000000000000000000000000000000000000000000000000000000000000
00000000000100000000000000000000000000000000000000000000000000000000000000000000000000000000000000000000000000000000000000000000000000000000000000000000000000000000000000000000000000000000000000000000000000000000000000000000000000000000000000000000000000000000000000000000000000000000000000000000000000000000000000000000000000
00000000000010000000000000000000000000000000000000000000000000000000000000000000000000000000000000000000000000000000000000000000000000000000000000000000000000000000000000000000000000000000000000000000000000000000000000000000000000000000000000000000000000000000000000000000000000000000000000000000000000000000000000000000000000
00000000000001000000000000000000000000000000000000000000000000000000000000000000000000000000000000000000000000000000000000000000000000000000000000000000000000000000000000000000000000000000000000000000000000000000000000000000000000000000000000000000000000000000000000000000000000000000000000000000000000000000000000000000000000
00000000000000100000000000000000000000000000000000000000000000000000000000000000000000000000000000000000000000000000000000000000000000000000000000000000000000000000000000000000000000000000000000000000000000000000000000000000000000000000000000000000000000000000000000000000000000000000000000000000000000000000000000000000000000
00000000000000010000000000000000000000000000000000000000000000000000000000000000000000000000000000000000000000000000000000000000000000000000000000000000000000000000000000000000000000000000000000000000000000000000000000000000000000000000000000000000000000000000000000000000000000000000000000000000000000000000000000000000000000
00000000000000001000000000000000000000000000000000000000000000000000000000000000000000000000000000000000000000000000000000000000000000000000000000000000000000000000000000000000000000000000000000000000000000000000000000000000000000000000000000000000000000000000000000000000000000000000000000000000000000000000000000000000000000
00000000000000000100000000000000000000000000000000000000000000000000000000000000000000000000000000000000000000000000000000000000000000000000000000000000000000000000000000000000000000000000000000000000000000000000000000000000000000000000000000000000000000000000000000000000000000000000000000000000000000000000000000000000000000
00000000000000000010000000000000000000000000000000000000000000000000000000000000000000000000000000000000000000000000000000000000000000000000000000000000000000000000000000000000000000000000000000000000000000000000000000000000000000000000000000000000000000000000000000000000000000000000000000000000000000000000000000000000000000
00000000000000000001000000000000000000000000000000000000000000000000000000000000000000000000000000000000000000000000000000000000000000000000000000000000000000000000000000000000000000000000000000000000000000000000000000000000000000000000000000000000000000000000000000000000000000000000000000000000000000000000000000000000000000
00000000000000000000100000000000000000000000000000000000000000000000000000000000000000000000000000000000000000000000000000000000000000000000000000000000000000000000000000000000000000000000000000000000000000000000000000000000000000000000000000000000000000000000000000000000000000000000000000000000000000000000000000000000000000
00000000000000000000010000000000000000000000000000000000000000000000000000000000000000000000000000000000000000000000000000000000000000000000000000000000000000000000000000000000000000000000000000000000000000000000000000000000000000000000000000000000000000000000000000000000000000000000000000000000000000000000000000000000000000
00000000000000000000001000000000000000000000000000000000000000000000000000000000000000000000000000000000000000000000000000000000000000000000000000000000000000000000000000000000000000000000000000000000000000000000000000000000000000000000000000000000000000000000000000000000000000000000000000000000000000000000000000000000000000
00000000000000000000000100000000000000000000000000000000000000000000000000000000000000000000000000000000000000000000000000000000000000000000000000000000000000000000000000000000000000000000000000000000000000000000000000000000000000000000000000000000000000000000000000000000000000000000000000000000000000000000000000000000000000
00000000000000000000000010000000000000000000000000000000000000000000000000000000000000000000000000000000000000000000000000000000000000000000000000000000000000000000000000000000000000000000000000000000000000000000000000000000000000000000000000000000000000000000000000000000000000000000000000000000000000000000000000000000000000
00000000000000000000000001000000000000000000000000000000000000000000000000000000000000000000000000000000000000000000000000000000000000000000000000000000000000000000000000000000000000000000000000000000000000000000000000000000000000000000000000000000000000000000000000000000000000000000000000000000000000000000000000000000000000
00000000000000000000000000100000000000000000000000000000000000000000000000000000000000000000000000000000000000000000000000000000000000000000000000000000000000000000000000000000000000000000000000000000000000000000000000000000000000000000000000000000000000000000000000000000000000000000000000000000000000000000000000000000000000
00000000000000000000000000010000000000000000000000000000000000000000000000000000000000000000000000000000000000000000000000000000000000000000000000000000000000000000000000000000000000000000000000000000000000000000000000000000000000000000000000000000000000000000000000000000000000000000000000000000000000000000000000000000000000
00000000000000000000000000001000000000000000000000000000000000000000000000000000000000000000000000000000000000000000000000000000000000000000000000000000000000000000000000000000000000000000000000000000000000000000000000000000000000000000000000000000000000000000000000000000000000000000000000000000000000000000000000000000000000
00000000000000000000000000000100000000000000000000000000000000000000000000000000000000000000000000000000000000000000000000000000000000000000000000000000000000000000000000000000000000000000000000000000000000000000000000000000000000000000000000000000000000000000000000000000000000000000000000000000000000000000000000000000000000
00000000000000000000000000000010000000000000000000000000000000000000000000000000000000000000000000000000000000000000000000000000000000000000000000000000000000000000000000000000000000000000000000000000000000000000000000000000000000000000000000000000000000000000000000000000000000000000000000000000000000000000000000000000000000
00000000000000000000000000000001000000000000000000000000000000000000000000000000000000000000000000000000000000000000000000000000000000000000000000000000000000000000000000000000000000000000000000000000000000000000000000000000000000000000000000000000000000000000000000000000000000000000000000000000000000000000000000000000000000
00000000000000000000000000000000100000000000000000000000000000000000000000000000000000000000000000000000000000000000000000000000000000000000000000000000000000000000000000000000000000000000000000000000000000000000000000000000000000000000000000000000000000000000000000000000000000000000000000000000000000000000000000000000000000
00000000000000000000000000000000010000000000000000000000000000000000000000000000000000000000000000000000000000000000000000000000000000000000000000000000000000000000000000000000000000000000000000000000000000000000000000000000000000000000000000000000000000000000000000000000000000000000000000000000000000000000000000000000000000
00000000000000000000000000000000001000000000000000000000000000000000000000000000000000000000000000000000000000000000000000000000000000000000000000000000000000000000000000000000000000000000000000000000000000000000000000000000000000000000000000000000000000000000000000000000000000000000000000000000000000000000000000000000000000
00000000000000000000000000000000000100000000000000000000000000000000000000000000000000000000000000000000000000000000000000000000000000000000000000000000000000000000000000000000000000000000000000000000000000000000000000000000000000000000000000000000000000000000000000000000000000000000000000000000000000000000000000000000000000
00000000000000000000000000000000000010000000000000000000000000000000000000000000000000000000000000000000000000000000000000000000000000000000000000000000000000000000000000000000000000000000000000000000000000000000000000000000000000000000000000000000000000000000000000000000000000000000000000000000000000000000000000000000000000
00000000000000000000000000000000000001000000000000000000000000000000000000000000000000000000000000000000000000000000000000000000000000000000000000000000000000000000000000000000000000000000000000000000000000000000000000000000000000000000000000000000000000000000000000000000000000000000000000000000000000000000000000000000000000
00000000000000000000000000000000000000100000000000000000000000000000000000000000000000000000000000000000000000000000000000000000000000000000000000000000000000000000000000000000000000000000000000000000000000000000000000000000000000000000000000000000000000000000000000000000000000000000000000000000000000000000000000000000000000
00000000000000000000000000000000000000010000000000000000000000000000000000000000000000000000000000000000000000000000000000000000000000000000000000000000000000000000000000000000000000000000000000000000000000000000000000000000000000000000000000000000000000000000000000000000000000000000000000000000000000000000000000000000000000
00000000000000000000000000000000000000001000000000000000000000000000000000000000000000000000000000000000000000000000000000000000000000000000000000000000000000000000000000000000000000000000000000000000000000000000000000000000000000000000000000000000000000000000000000000000000000000000000000000000000000000000000000000000000000
00000000000000000000000000000000000000000100000000000000000000000000000000000000000000000000000000000000000000000000000000000000000000000000000000000000000000000000000000000000000000000000000000000000000000000000000000000000000000000000000000000000000000000000000000000000000000000000000000000000000000000000000000000000000000
00000000000000000000000000000000000000000010000000000000000000000000000000000000000000000000000000000000000000000000000000000000000000000000000000000000000000000000000000000000000000000000000000000000000000000000000000000000000000000000000000000000000000000000000000000000000000000000000000000000000000000000000000000000000000
00000000000000000000000000000000000000000001000000000000000000000000000000000000000000000000000000000000000000000000000000000000000000000000000000000000000000000000000000000000000000000000000000000000000000000000000000000000000000000000000000000000000000000000000000000000000000000000000000000000000000000000000000000000000000
00000000000000000000000000000000000000000000100000000000000000000000000000000000000000000000000000000000000000000000000000000000000000000000000000000000000000000000000000000000000000000000000000000000000000000000000000000000000000000000000000000000000000000000000000000000000000000000000000000000000000000000000000000000000000
00000000000000000000000000000000000000000000010000000000000000000000000000000000000000000000000000000000000000000000000000000000000000000000000000000000000000000000000000000000000000000000000000000000000000000000000000000000000000000000000000000000000000000000000000000000000000000000000000000000000000000000000000000000000000
00000000000000000000000000000000000000000000001000000000000000000000000000000000000000000000000000000000000000000000000000000000000000000000000000000000000000000000000000000000000000000000000000000000000000000000000000000000000000000000000000000000000000000000000000000000000000000000000000000000000000000000000000000000000000
00000000000000000000000000000000000000000000000100000000000000000000000000000000000000000000000000000000000000000000000000000000000000000000000000000000000000000000000000000000000000000000000000000000000000000000000000000000000000000000000000000000000000000000000000000000000000000000000000000000000000000000000000000000000000
00000000000000000000000000000000000000000000000010000000000000000000000000000000000000000000000000000000000000000000000000000000000000000000000000000000000000000000000000000000000000000000000000000000000000000000000000000000000000000000000000000000000000000000000000000000000000000000000000000000000000000000000000000000000000
00000000000000000000000000000000000000000000000001000000000000000000000000000000000000000000000000000000000000000000000000000000000000000000000000000000000000000000000000000000000000000000000000000000000000000000000000000000000000000000000000000000000000000000000000000000000000000000000000000000000000000000000000000000000000
00000000000000000000000000000000000000000000000000100000000000000000000000000000000000000000000000000000000000000000000000000000000000000000000000000000000000000000000000000000000000000000000000000000000000000000000000000000000000000000000000000000000000000000000000000000000000000000000000000000000000000000000000000000000000
00000000000000000000000000000000000000000000000000010000000000000000000000000000000000000000000000000000000000000000000000000000000000000000000000000000000000000000000000000000000000000000000000000000000000000000000000000000000000000000000000000000000000000000000000000000000000000000000000000000000000000000000000000000000000
00000000000000000000000000000000000000000000000000001000000000000000000000000000000000000000000000000000000000000000000000000000000000000000000000000000000000000000000000000000000000000000000000000000000000000000000000000000000000000000000000000000000000000000000000000000000000000000000000000000000000000000000000000000000000
00000000000000000000000000000000000000000000000000000100000000000000000000000000000000000000000000000000000000000000000000000000000000000000000000000000000000000000000000000000000000000000000000000000000000000000000000000000000000000000000000000000000000000000000000000000000000000000000000000000000000000000000000000000000000
00000000000000000000000000000000000000000000000000000010000000000000000000000000000000000000000000000000000000000000000000000000000000000000000000000000000000000000000000000000000000000000000000000000000000000000000000000000000000000000000000000000000000000000000000000000000000000000000000000000000000000000000000000000000000
00000000000000000000000000000000000000000000000000000001000000000000000000000000000000000000000000000000000000000000000000000000000000000000000000000000000000000000000000000000000000000000000000000000000000000000000000000000000000000000000000000000000000000000000000000000000000000000000000000000000000000000000000000000000000
00000000000000000000000000000000000000000000000000000000100000000000000000000000000000000000000000000000000000000000000000000000000000000000000000000000000000000000000000000000000000000000000000000000000000000000000000000000000000000000000000000000000000000000000000000000000000000000000000000000000000000000000000000000000000
00000000000000000000000000000000000000000000000000000000010000000000000000000000000000000000000000000000000000000000000000000000000000000000000000000000000000000000000000000000000000000000000000000000000000000000000000000000000000000000000000000000000000000000000000000000000000000000000000000000000000000000000000000000000000
00000000000000000000000000000000000000000000000000000000001000000000000000000000000000000000000000000000000000000000000000000000000000000000000000000000000000000000000000000000000000000000000000000000000000000000000000000000000000000000000000000000000000000000000000000000000000000000000000000000000000000000000000000000000000
00000000000000000000000000000000000000000000000000000000000100000000000000000000000000000000000000000000000000000000000000000000000000000000000000000000000000000000000000000000000000000000000000000000000000000000000000000000000000000000000000000000000000000000000000000000000000000000000000000000000000000000000000000000000000
00000000000000000000000000000000000000000000000000000000000010000000000000000000000000000000000000000000000000000000000000000000000000000000000000000000000000000000000000000000000000000000000000000000000000000000000000000000000000000000000000000000000000000000000000000000000000000000000000000000000000000000000000000000000000
00000000000000000000000000000000000000000000000000000000000001000000000000000000000000000000000000000000000000000000000000000000000000000000000000000000000000000000000000000000000000000000000000000000000000000000000000000000000000000000000000000000000000000000000000000000000000000000000000000000000000000000000000000000000000
00000000000000000000000000000000000000000000000000000000000000100000000000000000000000000000000000000000000000000000000000000000000000000000000000000000000000000000000000000000000000000000000000000000000000000000000000000000000000000000000000000000000000000000000000000000000000000000000000000000000000000000000000000000000000
00000000000000000000000000000000000000000000000000000000000000010000000000000000000000000000000000000000000000000000000000000000000000000000000000000000000000000000000000000000000000000000000000000000000000000000000000000000000000000000000000000000000000000000000000000000000000000000000000000000000000000000000000000000000000
00000000000000000000000000000000000000000000000000000000000000001000000000000000000000000000000000000000000000000000000000000000000000000000000000000000000000000000000000000000000000000000000000000000000000000000000000000000000000000000000000000000000000000000000000000000000000000000000000000000000000000000000000000000000000
00000000000000000000000000000000000000000000000000000000000000000100000000000000000000000000000000000000000000000000000000000000000000000000000000000000000000000000000000000000000000000000000000000000000000000000000000000000000000000000000000000000000000000000000000000000000000000000000000000000000000000000000000000000000000
00000000000000000000000000000000000000000000000000000000000000000010000000000000000000000000000000000000000000000000000000000000000000000000000000000000000000000000000000000000000000000000000000000000000000000000000000000000000000000000000000000000000000000000000000000000000000000000000000000000000000000000000000000000000000
00000000000000000000000000000000000000000000000000000000000000000001000000000000000000000000000000000000000000000000000000000000000000000000000000000000000000000000000000000000000000000000000000000000000000000000000000000000000000000000000000000000000000000000000000000000000000000000000000000000000000000000000000000000000000
00000000000000000000000000000000000000000000000000000000000000000000100000000000000000000000000000000000000000000000000000000000000000000000000000000000000000000000000000000000000000000000000000000000000000000000000000000000000000000000000000000000000000000000000000000000000000000000000000000000000000000000000000000000000000
00000000000000000000000000000000000000000000000000000000000000000000010000000000000000000000000000000000000000000000000000000000000000000000000000000000000000000000000000000000000000000000000000000000000000000000000000000000000000000000000000000000000000000000000000000000000000000000000000000000000000000000000000000000000000
00000000000000000000000000000000000000000000000000000000000000000000001000000000000000000000000000000000000000000000000000000000000000000000000000000000000000000000000000000000000000000000000000000000000000000000000000000000000000000000000000000000000000000000000000000000000000000000000000000000000000000000000000000000000000
00000000000000000000000000000000000000000000000000000000000000000000000100000000000000000000000000000000000000000000000000000000000000000000000000000000000000000000000000000000000000000000000000000000000000000000000000000000000000000000000000000000000000000000000000000000000000000000000000000000000000000000000000000000000000
00000000000000000000000000000000000000000000000000000000000000000000000010000000000000000000000000000000000000000000000000000000000000000000000000000000000000000000000000000000000000000000000000000000000000000000000000000000000000000000000000000000000000000000000000000000000000000000000000000000000000000000000000000000000000
00000000000000000000000000000000000000000000000000000000000000000000000001000000000000000000000000000000000000000000000000000000000000000000000000000000000000000000000000000000000000000000000000000000000000000000000000000000000000000000000000000000000000000000000000000000000000000000000000000000000000000000000000000000000000
00000000000000000000000000000000000000000000000000000000000000000000000000100000000000000000000000000000000000000000000000000000000000000000000000000000000000000000000000000000000000000000000000000000000000000000000000000000000000000000000000000000000000000000000000000000000000000000000000000000000000000000000000000000000000
00000000000000000000000000000000000000000000000000000000000000000000000000010000000000000000000000000000000000000000000000000000000000000000000000000000000000000000000000000000000000000000000000000000000000000000000000000000000000000000000000000000000000000000000000000000000000000000000000000000000000000000000000000000000000
00000000000000000000000000000000000000000000000000000000000000000000000000001000000000000000000000000000000000000000000000000000000000000000000000000000000000000000000000000000000000000000000000000000000000000000000000000000000000000000000000000000000000000000000000000000000000000000000000000000000000000000000000000000000000
00000000000000000000000000000000000000000000000000000000000000000000000000000100000000000000000000000000000000000000000000000000000000000000000000000000000000000000000000000000000000000000000000000000000000000000000000000000000000000000000000000000000000000000000000000000000000000000000000000000000000000000000000000000000000
00000000000000000000000000000000000000000000000000000000000000000000000000000010000000000000000000000000000000000000000000000000000000000000000000000000000000000000000000000000000000000000000000000000000000000000000000000000000000000000000000000000000000000000000000000000000000000000000000000000000000000000000000000000000000
00000000000000000000000000000000000000000000000000000000000000000000000000000001000000000000000000000000000000000000000000000000000000000000000000000000000000000000000000000000000000000000000000000000000000000000000000000000000000000000000000000000000000000000000000000000000000000000000000000000000000000000000000000000000000
00000000000000000000000000000000000000000000000000000000000000000000000000000000100000000000000000000000000000000000000000000000000000000000000000000000000000000000000000000000000000000000000000000000000000000000000000000000000000000000000000000000000000000000000000000000000000000000000000000000000000000000000000000000000000
00000000000000000000000000000000000000000000000000000000000000000000000000000000010000000000000000000000000000000000000000000000000000000000000000000000000000000000000000000000000000000000000000000000000000000000000000000000000000000000000000000000000000000000000000000000000000000000000000000000000000000000000000000000000000
00000000000000000000000000000000000000000000000000000000000000000000000000000000001000000000000000000000000000000000000000000000000000000000000000000000000000000000000000000000000000000000000000000000000000000000000000000000000000000000000000000000000000000000000000000000000000000000000000000000000000000000000000000000000000
00000000000000000000000000000000000000000000000000000000000000000000000000000000000100000000000000000000000000000000000000000000000000000000000000000000000000000000000000000000000000000000000000000000000000000000000000000000000000000000000000000000000000000000000000000000000000000000000000000000000000000000000000000000000000
00000000000000000000000000000000000000000000000000000000000000000000000000000000000010000000000000000000000000000000000000000000000000000000000000000000000000000000000000000000000000000000000000000000000000000000000000000000000000000000000000000000000000000000000000000000000000000000000000000000000000000000000000000000000000
00000000000000000000000000000000000000000000000000000000000000000000000000000000000001000000000000000000000000000000000000000000000000000000000000000000000000000000000000000000000000000000000000000000000000000000000000000000000000000000000000000000000000000000000000000000000000000000000000000000000000000000000000000000000000
00000000000000000000000000000000000000000000000000000000000000000000000000000000000000100000000000000000000000000000000000000000000000000000000000000000000000000000000000000000000000000000000000000000000000000000000000000000000000000000000000000000000000000000000000000000000000000000000000000000000000000000000000000000000000
00000000000000000000000000000000000000000000000000000000000000000000000000000000000000010000000000000000000000000000000000000000000000000000000000000000000000000000000000000000000000000000000000000000000000000000000000000000000000000000000000000000000000000000000000000000000000000000000000000000000000000000000000000000000000
00000000000000000000000000000000000000000000000000000000000000000000000000000000000000001000000000000000000000000000000000000000000000000000000000000000000000000000000000000000000000000000000000000000000000000000000000000000000000000000000000000000000000000000000000000000000000000000000000000000000000000000000000000000000000
00000000000000000000000000000000000000000000000000000000000000000000000000000000000000000100000000000000000000000000000000000000000000000000000000000000000000000000000000000000000000000000000000000000000000000000000000000000000000000000000000000000000000000000000000000000000000000000000000000000000000000000000000000000000000
00000000000000000000000000000000000000000000000000000000000000000000000000000000000000000010000000000000000000000000000000000000000000000000000000000000000000000000000000000000000000000000000000000000000000000000000000000000000000000000000000000000000000000000000000000000000000000000000000000000000000000000000000000000000000
00000000000000000000000000000000000000000000000000000000000000000000000000000000000000000001000000000000000000000000000000000000000000000000000000000000000000000000000000000000000000000000000000000000000000000000000000000000000000000000000000000000000000000000000000000000000000000000000000000000000000000000000000000000000000
00000000000000000000000000000000000000000000000000000000000000000000000000000000000000000000100000000000000000000000000000000000000000000000000000000000000000000000000000000000000000000000000000000000000000000000000000000000000000000000000000000000000000000000000000000000000000000000000000000000000000000000000000000000000000
00000000000000000000000000000000000000000000000000000000000000000000000000000000000000000000010000000000000000000000000000000000000000000000000000000000000000000000000000000000000000000000000000000000000000000000000000000000000000000000000000000000000000000000000000000000000000000000000000000000000000000000000000000000000000
00000000000000000000000000000000000000000000000000000000000000000000000000000000000000000000000000000001000000000000000000000000000000000000000000000000000000000000000000000000000000000000000000000000000000000000000000000000000000000000000000000000000000000000000000000000000000000000000000000000000000000000000000000000000000
00000000000000000000000000000000000000000000000000000000000000000000000000000000000000000000000100000000000000000000000000000000000000000000000000000000000000000000000000000000000000000000000000000000000000000000000000000000000000000000000000000000000000000000000000000000000000000000000000000000000000000000000000000000000000
00000000000000000000000000000000000000000000000000000000000000000000000000000000000000000000000010000000000000000000000000000000000000000000000000000000000000000000000000000000000000000000000000000000000000000000000000000000000000000000000000000000000000000000000000000000000000000000000000000000000000000000000000000000000000
00000000000000000000000000000000000000000000000000000000000000000000000000000000000000000000000001000000000000000000000000000000000000000000000000000000000000000000000000000000000000000000000000000000000000000000000000000000000000000000000000000000000000000000000000000000000000000000000000000000000000000000000000000000000000
00000000000000000000000000000000000000000000000000000000000000000000000000000000000000000000000000100000000000000000000000000000000000000000000000000000000000000000000000000000000000000000000000000000000000000000000000000000000000000000000000000000000000000000000000000000000000000000000000000000000000000000000000000000000000
00000000000000000000000000000000000000000000000000000000000000000000000000000000000000000000000000010000000000000000000000000000000000000000000000000000000000000000000000000000000000000000000000000000000000000000000000000000000000000000000000000000000000000000000000000000000000000000000000000000000000000000000000000000000000
00000000000000000000000000000000000000000000000000000000000000000000000000000000000000000000000000001000000000000000000000000000000000000000000000000000000000000000000000000000000000000000000000000000000000000000000000000000000000000000000000000000000000000000000000000000000000000000000000000000000000000000000000000000000000
00000000000000000000000000000000000000000000000000000000000000000000000000000000000000000000000000000100000000000000000000000000000000000000000000000000000000000000000000000000000000000000000000000000000000000000000000000000000000000000000000000000000000000000000000000000000000000000000000000000000000000000000000000000000000
00000000000000000000000000000000000000000000000000000000000000000000000000000000000000000000000000000010000000000000000000000000000000000000000000000000000000000000000000000000000000000000000000000000000000000000000000000000000000000000000000000000000000000000000000000000000000000000000000000000000000000000000000000000000000
00000000000000000000000000000000000000000000000000000000000000000000000000000000000000000000001000000000000000000000000000000000000000000000000000000000000000000000000000000000000000000000000000000000000000000000000000000000000000000000000000000000000000000000000000000000000000000000000000000000000000000000000000000000000000
00000000000000000000000000000000000000000000000000000000000000000000000000000000000000000000000000000000100000000000000000000000000000000000000000000000000000000000000000000000000000000000000000000000000000000000000000000000000000000000000000000000000000000000000000000000000000000000000000000000000000000000000000000000000000
00000000000000000000000000000000000000000000000000000000000000000000000000000000000000000000000000000000010000000000000000000000000000000000000000000000000000000000000000000000000000000000000000000000000000000000000000000000000000000000000000000000000000000000000000000000000000000000000000000000000000000000000000000000000000
00000000000000000000000000000000000000000000000000000000000000000000000000000000000000000000000000000000001000000000000000000000000000000000000000000000000000000000000000000000000000000000000000000000000000000000000000000000000000000000000000000000000000000000000000000000000000000000000000000000000000000000000000000000000000
00000000000000000000000000000000000000000000000000000000000000000000000000000000000000000000000000000000000100000000000000000000000000000000000000000000000000000000000000000000000000000000000000000000000000000000000000000000000000000000000000000000000000000000000000000000000000000000000000000000000000000000000000000000000000
00000000000000000000000000000000000000000000000000000000000000000000000000000000000000000000000000000000000010000000000000000000000000000000000000000000000000000000000000000000000000000000000000000000000000000000000000000000000000000000000000000000000000000000000000000000000000000000000000000000000000000000000000000000000000
00000000000000000000000000000000000000000000000000000000000000000000000000000000000000000000000000000000000001000000000000000000000000000000000000000000000000000000000000000000000000000000000000000000000000000000000000000000000000000000000000000000000000000000000000000000000000000000000000000000000000000000000000000000000000
00000000000000000000000000000000000000000000000000000000000000000000000000000000000000000000000000000000000000100000000000000000000000000000000000000000000000000000000000000000000000000000000000000000000000000000000000000000000000000000000000000000000000000000000000000000000000000000000000000000000000000000000000000000000000
00000000000000000000000000000000000000000000000000000000000000000000000000000000000000000000000000000000000000010000000000000000000000000000000000000000000000000000000000000000000000000000000000000000000000000000000000000000000000000000000000000000000000000000000000000000000000000000000000000000000000000000000000000000000000
00000000000000000000000000000000000000000000000000000000000000000000000000000000000000000000000000000000000000001000000000000000000000000000000000000000000000000000000000000000000000000000000000000000000000000000000000000000000000000000000000000000000000000000000000000000000000000000000000000000000000000000000000000000000000
00000000000000000000000000000000000000000000000000000000000000000000000000000000000000000000000000000000000000000100000000000000000000000000000000000000000000000000000000000000000000000000000000000000000000000000000000000000000000000000000000000000000000000000000000000000000000000000000000000000000000000000000000000000000000
00000000000000000000000000000000000000000000000000000000000000000000000000000000000000000000000000000000000000000010000000000000000000000000000000000000000000000000000000000000000000000000000000000000000000000000000000000000000000000000000000000000000000000000000000000000000000000000000000000000000000000000000000000000000000
00000000000000000000000000000000000000000000000000000000000000000000000000000000000000000000000000000000000000000001000000000000000000000000000000000000000000000000000000000000000000000000000000000000000000000000000000000000000000000000000000000000000000000000000000000000000000000000000000000000000000000000000000000000000000
00000000000000000000000000000000000000000000000000000000000000000000000000000000000000000000000000000000000000000000100000000000000000000000000000000000000000000000000000000000000000000000000000000000000000000000000000000000000000000000000000000000000000000000000000000000000000000000000000000000000000000000000000000000000000
00000000000000000000000000000000000000000000000000000000000000000000000000000000000000000000000000000000000000000000010000000000000000000000000000000000000000000000000000000000000000000000000000000000000000000000000000000000000000000000000000000000000000000000000000000000000000000000000000000000000000000000000000000000000000
00000000000000000000000000000000000000000000000000000000000000000000000000000000000000000000000000000000000000000000001000000000000000000000000000000000000000000000000000000000000000000000000000000000000000000000000000000000000000000000000000000000000000000000000000000000000000000000000000000000000000000000000000000000000000
00000000000000000000000000000000000000000000000000000000000000000000000000000000000000000000000000000000000000000000000100000000000000000000000000000000000000000000000000000000000000000000000000000000000000000000000000000000000000000000000000000000000000000000000000000000000000000000000000000000000000000000000000000000000000
00000000000000000000000000000000000000000000000000000000000000000000000000000000000000000000000000000000000000000000000010000000000000000000000000000000000000000000000000000000000000000000000000000000000000000000000000000000000000000000000000000000000000000000000000000000000000000000000000000000000000000000000000000000000000
00000000000000000000000000000000000000000000000000000000000000000000000000000000000000000000000000000000000000000000000001000000000000000000000000000000000000000000000000000000000000000000000000000000000000000000000000000000000000000000000000000000000000000000000000000000000000000000000000000000000000000000000000000000000000
00000000000000000000000000000000000000000000000000000000000000000000000000000000000000000000000000000000000000000000000000100000000000000000000000000000000000000000000000000000000000000000000000000000000000000000000000000000000000000000000000000000000000000000000000000000000000000000000000000000000000000000000000000000000000
00000000000000000000000000000000000000000000000000000000000000000000000000000000000000000000000000000000000000000000000000010000000000000000000000000000000000000000000000000000000000000000000000000000000000000000000000000000000000000000000000000000000000000000000000000000000000000000000000000000000000000000000000000000000000
00000000000000000000000000000000000000000000000000000000000000000000000000000000000000000000000000000000000000000000000000001000000000000000000000000000000000000000000000000000000000000000000000000000000000000000000000000000000000000000000000000000000000000000000000000000000000000000000000000000000000000000000000000000000000
00000000000000000000000000000000000000000000000000000000000000000000000000000000000000000000000000000000000000000000000000000100000000000000000000000000000000000000000000000000000000000000000000000000000000000000000000000000000000000000000000000000000000000000000000000000000000000000000000000000000000000000000000000000000000
00000000000000000000000000000000000000000000000000000000000000000000000000000000000000000000000000000000000000000000000000000010000000000000000000000000000000000000000000000000000000000000000000000000000000000000000000000000000000000000000000000000000000000000000000000000000000000000000000000000000000000000000000000000000000
00000000000000000000000000000000000000000000000000000000000000000000000000000000000000000000000000000000000000000000000000000001000000000000000000000000000000000000000000000000000000000000000000000000000000000000000000000000000000000000000000000000000000000000000000000000000000000000000000000000000000000000000000000000000000
00000000000000000000000000000000000000000000000000000000000000000000000000000000000000000000000000000000000000000000000000000000100000000000000000000000000000000000000000000000000000000000000000000000000000000000000000000000000000000000000000000000000000000000000000000000000000000000000000000000000000000000000000000000000000
00000000000000000000000000000000000000000000000000000000000000000000000000000000000000000000000000000000000000000000000000000000010000000000000000000000000000000000000000000000000000000000000000000000000000000000000000000000000000000000000000000000000000000000000000000000000000000000000000000000000000000000000000000000000000
00000000000000000000000000000000000000000000000000000000000000000000000000000000000000000000000000000000000000000000000000000000001000000000000000000000000000000000000000000000000000000000000000000000000000000000000000000000000000000000000000000000000000000000000000000000000000000000000000000000000000000000000000000000000000
00000000000000000000000000000000000000000000000000000000000000000000000000000000000000000000000000000000000000000000000000000000000100000000000000000000000000000000000000000000000000000000000000000000000000000000000000000000000000000000000000000000000000000000000000000000000000000000000000000000000000000000000000000000000000
00000000000000000000000000000000000000000000000000000000000000000000000000000000000000000000000000000000000000000000000000000000000010000000000000000000000000000000000000000000000000000000000000000000000000000000000000000000000000000000000000000000000000000000000000000000000000000000000000000000000000000000000000000000000000
00000000000000000000000000000000000000000000000000000000000000000000000000000000000000000000000000000000000000000000000000000000000001000000000000000000000000000000000000000000000000000000000000000000000000000000000000000000000000000000000000000000000000000000000000000000000000000000000000000000000000000000000000000000000000
00000000000000000000000000000000000000000000000000000000000000000000000000000000000000000000000000000000000000000000000000000000000000100000000000000000000000000000000000000000000000000000000000000000000000000000000000000000000000000000000000000000000000000000000000000000000000000000000000000000000000000000000000000000000000
00000000000000000000000000000000000000000000000000000000000000000000000000000000000000000000000000000000000000000000000000000000000000010000000000000000000000000000000000000000000000000000000000000000000000000000000000000000000000000000000000000000000000000000000000000000000000000000000000000000000000000000000000000000000000
00000000000000000000000000000000000000000000000000000000000000000000000000000000000000000000000000000000000000000000000000000000000000001000000000000000000000000000000000000000000000000000000000000000000000000000000000000000000000000000000000000000000000000000000000000000000000000000000000000000000000000000000000000000000000
00000000000000000000000000000000000000000000000000000000000000000000000000000000000000000000000000000000000000000000000000000000000000000100000000000000000000000000000000000000000000000000000000000000000000000000000000000000000000000000000000000000000000000000000000000000000000000000000000000000000000000000000000000000000000
00000000000000000000000000000000000000000000000000000000000000000000000000000000000000000000000000000000000000000000000000000000000000000010000000000000000000000000000000000000000000000000000000000000000000000000000000000000000000000000000000000000000000000000000000000000000000000000000000000000000000000000000000000000000000
00000000000000000000000000000000000000000000000000000000000000000000000000000000000000000000000000000000000000000000000000000000000000000001000000000000000000000000000000000000000000000000000000000000000000000000000000000000000000000000000000000000000000000000000000000000000000000000000000000000000000000000000000000000000000
00000000000000000000000000000000000000000000000000000000000000000000000000000000000000000000000000000000000000000000000000000000000000000000100000000000000000000000000000000000000000000000000000000000000000000000000000000000000000000000000000000000000000000000000000000000000000000000000000000000000000000000000000000000000000
00000000000000000000000000000000000000000000000000000000000000000000000000000000000000000000000000000000000000000000000000000000000000000000010000000000000000000000000000000000000000000000000000000000000000000000000000000000000000000000000000000000000000000000000000000000000000000000000000000000000000000000000000000000000000
00000000000000000000000000000000000000000000000000000000000000000000000000000000000000000000000000000000000000000000000000000000000000000000001000000000000000000000000000000000000000000000000000000000000000000000000000000000000000000000000000000000000000000000000000000000000000000000000000000000000000000000000000000000000000
00000000000000000000000000000000000000000000000000000000000000000000000000000000000000000000000000000000000000000000000000000000000000000000000100000000000000000000000000000000000000000000000000000000000000000000000000000000000000000000000000000000000000000000000000000000000000000000000000000000000000000000000000000000000000
00000000000000000000000000000000000000000000000000000000000000000000000000000000000000000000000000000000000000000000000000000000000000000000000010000000000000000000000000000000000000000000000000000000000000000000000000000000000000000000000000000000000000000000000000000000000000000000000000000000000000000000000000000000000000
00000000000000000000000000000000000000000000000000000000000000000000000000000000000000000000000000000000000000000000000000000000000000000000000001000000000000000000000000000000000000000000000000000000000000000000000000000000000000000000000000000000000000000000000000000000000000000000000000000000000000000000000000000000000000
00000000000000000000000000000000000000000000000000000000000000000000000000000000000000000000000000000000000000000000000000000000000000000000000000100000000000000000000000000000000000000000000000000000000000000000000000000000000000000000000000000000000000000000000000000000000000000000000000000000000000000000000000000000000000
00000000000000000000000000000000000000000000000000000000000000000000000000000000000000000000000000000000000000000000000000000000000000000000000000010000000000000000000000000000000000000000000000000000000000000000000000000000000000000000000000000000000000000000000000000000000000000000000000000000000000000000000000000000000000
00000000000000000000000000000000000000000000000000000000000000000000000000000000000000000000000000000000000000000000000000000000000000000000000000001000000000000000000000000000000000000000000000000000000000000000000000000000000000000000000000000000000000000000000000000000000000000000000000000000000000000000000000000000000000
00000000000000000000000000000000000000000000000000000000000000000000000000000000000000000000000000000000000000000000000000000000000000000000000000000100000000000000000000000000000000000000000000000000000000000000000000000000000000000000000000000000000000000000000000000000000000000000000000000000000000000000000000000000000000
00000000000000000000000000000000000000000000000000000000000000000000000000000000000000000000000000000000000000000000000000000000000000000000000000000010000000000000000000000000000000000000000000000000000000000000000000000000000000000000000000000000000000000000000000000000000000000000000000000000000000000000000000000000000000
00000000000000000000000000000000000000000000000000000000000000000000000000000000000000000000000000000000000000000000000000000000000000000000000000000001000000000000000000000000000000000000000000000000000000000000000000000000000000000000000000000000000000000000000000000000000000000000000000000000000000000000000000000000000000
00000000000000000000000000000000000000000000000000000000000000000000000000000000000000000000000000000000000000000000000000000000000000000000000000000000100000000000000000000000000000000000000000000000000000000000000000000000000000000000000000000000000000000000000000000000000000000000000000000000000000000000000000000000000000
00000000000000000000000000000000000000000000000000000000000000000000000000000000000000000000000000000000000000000000000000000000000000000000000000000000010000000000000000000000000000000000000000000000000000000000000000000000000000000000000000000000000000000000000000000000000000000000000000000000000000000000000000000000000000
00000000000000000000000000000000000000000000000000000000000000000000000000000000000000000000000000000000000000000000000000000000000000000000000000000000001000000000000000000000000000000000000000000000000000000000000000000000000000000000000000000000000000000000000000000000000000000000000000000000000000000000000000000000000000
00000000000000000000000000000000000000000000000000000000000000000000000000000000000000000000000000000000000000000000000000000000000000000000000000000000000100000000000000000000000000000000000000000000000000000000000000000000000000000000000000000000000000000000000000000000000000000000000000000000000000000000000000000000000000
00000000000000000000000000000000000000000000000000000000000000000000000000000000000000000000000000000000000000000000000000000000000000000000000000000000000010000000000000000000000000000000000000000000000000000000000000000000000000000000000000000000000000000000000000000000000000000000000000000000000000000000000000000000000000
00000000000000000000000000000000000000000000000000000000000000000000000000000000000000000000000000000000000000000000000000000000000000000000000000000000000001000000000000000000000000000000000000000000000000000000000000000000000000000000000000000000000000000000000000000000000000000000000000000000000000000000000000000000000000
00000000000000000000000000000000000000000000000000000000000000000000000000000000000000000000000000000000000000000000000000000000000000000000000000000000000000100000000000000000000000000000000000000000000000000000000000000000000000000000000000000000000000000000000000000000000000000000000000000000000000000000000000000000000000
00000000000000000000000000000000000000000000000000000000000000000000000000000000000000000000000000000000000000000000000000000000000000000000000000000000000000010000000000000000000000000000000000000000000000000000000000000000000000000000000000000000000000000000000000000000000000000000000000000000000000000000000000000000000000
00000000000000000000000000000000000000000000000000000000000000000000000000000000000000000000000000000000000000000000000000000000000000000000000000000000000000001000000000000000000000000000000000000000000000000000000000000000000000000000000000000000000000000000000000000000000000000000000000000000000000000000000000000000000000
00000000000000000000000000000000000000000000000000000000000000000000000000000000000000000000000000000000000000000000000000000000000000000000000000000000000000000100000000000000000000000000000000000000000000000000000000000000000000000000000000000000000000000000000000000000000000000000000000000000000000000000000000000000000000
00000000000000000000000000000000000000000000000000000000000000000000000000000000000000000000000000000000000000000000000000000000000000000000000000000000000000000010000000000000000000000000000000000000000000000000000000000000000000000000000000000000000000000000000000000000000000000000000000000000000000000000000000000000000000
00000000000000000000000000000000000000000000000000000000000000000000000000000000000000000000000000000000000000000000000000000000000000000000000000000000000000000001000000000000000000000000000000000000000000000000000000000000000000000000000000000000000000000000000000000000000000000000000000000000000000000000000000000000000000
00000000000000000000000000000000000000000000000000000000000000000000000000000000000000000000000000000000000000000000000000000000000000000000000000000000000000000000100000000000000000000000000000000000000000000000000000000000000000000000000000000000000000000000000000000000000000000000000000000000000000000000000000000000000000
00000000000000000000000000000000000000000000000000000000000000000000000000000000000000000000000000000000000000000000000000000000000000000000000000000000000000000000010000000000000000000000000000000000000000000000000000000000000000000000000000000000000000000000000000000000000000000000000000000000000000000000000000000000000000
00000000000000000000000000000000000000000000000000000000000000000000000000000000000000000000000000000000000000000000000000000000000000000000000000000000000000000000001000000000000000000000000000000000000000000000000000000000000000000000000000000000000000000000000000000000000000000000000000000000000000000000000000000000000000
00000000000000000000000000000000000000000000000000000000000000000000000000000000000000000000000000000000000000000000000000000000000000000000000000000000000000000000000100000000000000000000000000000000000000000000000000000000000000000000000000000000000000000000000000000000000000000000000000000000000000000000000000000000000000
00000000000000000000000000000000000000000000000000000000000000000000000000000000000000000000000000000000000000000000000000000000000000000000000000000000000000000000000010000000000000000000000000000000000000000000000000000000000000000000000000000000000000000000000000000000000000000000000000000000000000000000000000000000000000
00000000000000000000000000000000000000000000000000000000000000000000000000000000000000000000000000000000000000000000000000000000000000000000000000000000000000000000000001000000000000000000000000000000000000000000000000000000000000000000000000000000000000000000000000000000000000000000000000000000000000000000000000000000000000
00000000000000000000000000000000000000000000000000000000000000000000000000000000000000000000000000000000000000000000000000000000000000000000000000000000000000000000000000100000000000000000000000000000000000000000000000000000000000000000000000000000000000000000000000000000000000000000000000000000000000000000000000000000000000
00000000000000000000000000000000000000000000000000000000000000000000000000000000000000000000000000000000000000000000000000000000000000000000000000000000000000000000000000010000000000000000000000000000000000000000000000000000000000000000000000000000000000000000000000000000000000000000000000000000000000000000000000000000000000
00000000000000000000000000000000000000000000000000000000000000000000000000000000000000000000000000000000000000000000000000000000000000000000000000000000000000000000000000001000000000000000000000000000000000000000000000000000000000000000000000000000000000000000000000000000000000000000000000000000000000000000000000000000000000
00000000000000000000000000000000000000000000000000000000000000000000000000000000000000000000000000000000000000000000000000000000000000000000000000000000000000000000000000000100000000000000000000000000000000000000000000000000000000000000000000000000000000000000000000000000000000000000000000000000000000000000000000000000000000
00000000000000000000000000000000000000000000000000000000000000000000000000000000000000000000000000000000000000000000000000000000000000000000000000000000000000000000000000000010000000000000000000000000000000000000000000000000000000000000000000000000000000000000000000000000000000000000000000000000000000000000000000000000000000
00000000000000000000000000000000000000000000000000000000000000000000000000000000000000000000000000000000000000000000000000000000000000000000000000000000000000000000000000000001000000000000000000000000000000000000000000000000000000000000000000000000000000000000000000000000000000000000000000000000000000000000000000000000000000
00000000000000000000000000000000000000000000000000000000000000000000000000000000000000000000000000000000000000000000000000000000000000000000000000000000000000000000000000000000100000000000000000000000000000000000000000000000000000000000000000000000000000000000000000000000000000000000000000000000000000000000000000000000000000
00000000000000000000000000000000000000000000000000000000000000000000000000000000000000000000000000000000000000000000000000000000000000000000000000000000000000000000000000000000010000000000000000000000000000000000000000000000000000000000000000000000000000000000000000000000000000000000000000000000000000000000000000000000000000
00000000000000000000000000000000000000000000000000000000000000000000000000000000000000000000000000000000000000000000000000000000000000000000000000000000000000000000000000000000001000000000000000000000000000000000000000000000000000000000000000000000000000000000000000000000000000000000000000000000000000000000000000000000000000
00000000000000000000000000000000000000000000000000000000000000000000000000000000000000000000000000000000000000000000000000000000000000000000000000000000000000000000000000000000000100000000000000000000000000000000000000000000000000000000000000000000000000000000000000000000000000000000000000000000000000000000000000000000000000
00000000000000000000000000000000000000000000000000000000000000000000000000000000000000000000000000000000000000000000000000000000000000000000000000000000000000000000000000000000000010000000000000000000000000000000000000000000000000000000000000000000000000000000000000000000000000000000000000000000000000000000000000000000000000
00000000000000000000000000000000000000000000000000000000000000000000000000000000000000000000000000000000000000000000000000000000000000000000000000000000000000000000000000000000000001000000000000000000000000000000000000000000000000000000000000000000000000000000000000000000000000000000000000000000000000000000000000000000000000
00000000000000000000000000000000000000000000000000000000000000000000000000000000000000000000000000000000000000000000000000000000000000000000000000000000000000000000000000000000000000100000000000000000000000000000000000000000000000000000000000000000000000000000000000000000000000000000000000000000000000000000000000000000000000
00000000000000000000000000000000000000000000000000000000000000000000000000000000000000000000000000000000000000000000000000000000000000000000000000000000000000000000000000000000000000010000000000000000000000000000000000000000000000000000000000000000000000000000000000000000000000000000000000000000000000000000000000000000000000
00000000000000000000000000000000000000000000000000000000000000000000000000000000000000000000000000000000000000000000000000000000000000000000000000000000000000000000000000000000000000001000000000000000000000000000000000000000000000000000000000000000000000000000000000000000000000000000000000000000000000000000000000000000000000
00000000000000000000000000000000000000000000000000000000000000000000000000000000000000000000000000000000000000000000000000000000000000000000000000000000000000000000000000000000000000000100000000000000000000000000000000000000000000000000000000000000000000000000000000000000000000000000000000000000000000000000000000000000000000
00000000000000000000000000000000000000000000000000000000000000000000000000000000000000000000000000000000000000000000000000000000000000000000000000000000000000000000000000000000000000000010000000000000000000000000000000000000000000000000000000000000000000000000000000000000000000000000000000000000000000000000000000000000000000
00000000000000000000000000000000000000000000000000000000000000000000000000000000000000000000000000000000000000000000000000000000000000000000000000000000000000000000000000000000000000000001000000000000000000000000000000000000000000000000000000000000000000000000000000000000000000000000000000000000000000000000000000000000000000
00000000000000000000000000000000000000000000000000000000000000000000000000000000000000000000000000000000000000000000000000000000000000000000000000000000000000000000000000000000000000000000100000000000000000000000000000000000000000000000000000000000000000000000000000000000000000000000000000000000000000000000000000000000000000
00000000000000000000000000000000000000000000000000000000000000000000000000000000000000000000000000000000000000000000000000000000000000000000000000000000000000000000000000000000000000000000010000000000000000000000000000000000000000000000000000000000000000000000000000000000000000000000000000000000000000000000000000000000000000
00000000000000000000000000000000000000000000000000000000000000000000000000000000000000000000000000000000000000000000000000000000000000000000000000000000000000000000000000000000000000000000001000000000000000000000000000000000000000000000000000000000000000000000000000000000000000000000000000000000000000000000000000000000000000
00000000000000000000000000000000000000000000000000000000000000000000000000000000000000000000000000000000000000000000000000000000000000000000000000000000000000000000000000000000000000000000000100000000000000000000000000000000000000000000000000000000000000000000000000000000000000000000000000000000000000000000000000000000000000
00000000000000000000000000000000000000000000000000000000000000000000000000000000000000000000000000000000000000000000000000000000000000000000000000000000000000000000000000000000000000000000000010000000000000000000000000000000000000000000000000000000000000000000000000000000000000000000000000000000000000000000000000000000000000
00000000000000000000000000000000000000000000000000000000000000000000000000000000000000000000000000000000000000000000000000000000000000000000000000000000000000000000000000000000000000000000000001000000000000000000000000000000000000000000000000000000000000000000000000000000000000000000000000000000000000000000000000000000000000
00000000000000000000000000000000000000000000000000000000000000000000000000000000000000000000000000000000000000000000000000000000000000000000000000000000000000000000000000000000000000000000000000100000000000000000000000000000000000000000000000000000000000000000000000000000000000000000000000000000000000000000000000000000000000
00000000000000000000000000000000000000000000000000000000000000000000000000000000000000000000000000000000000000000000000000000000000000000000000000000000000000000000000000000000000000000000000000010000000000000000000000000000000000000000000000000000000000000000000000000000000000000000000000000000000000000000000000000000000000
00000000000000000000000000000000000000000000000000000000000000000000000000000000000000000000000000000000000000000000000000000000000000000000000000000000000000000000000000000000000000000000000000001000000000000000000000000000000000000000000000000000000000000000000000000000000000000000000000000000000000000000000000000000000000
00000000000000000000000000000000000000000000000000000000000000000000000000000000000000000000000000000000000000000000000000000000000000000000000000000000000000000000000000000000000000000000000000000100000000000000000000000000000000000000000000000000000000000000000000000000000000000000000000000000000000000000000000000000000000
00000000000000000000000000000000000000000000000000000000000000000000000000000000000000000000000000000000000000000000000000000000000000000000000000000000000000000000000000000000000000000000000000000010000000000000000000000000000000000000000000000000000000000000000000000000000000000000000000000000000000000000000000000000000000
00000000000000000000000000000000000000000000000000000000000000000000000000000000000000000000000000000000000000000000000000000000000000000000000000000000000000000000000000000000000000000000000000000001000000000000000000000000000000000000000000000000000000000000000000000000000000000000000000000000000000000000000000000000000000
00000000000000000000000000000000000000000000000000000000000000000000000000000000000000000000000000000000000000000000000000000000000000000000000000000000000000000000000000000000000000000000000000000000100000000000000000000000000000000000000000000000000000000000000000000000000000000000000000000000000000000000000000000000000000
00000000000000000000000000000000000000000000000000000000000000000000000000000000000000000000000000000000000000000000000000000000000000000000000000000000000000000000000000000000000000000000000000000000010000000000000000000000000000000000000000000000000000000000000000000000000000000000000000000000000000000000000000000000000000
00000000000000000000000000000000000000000000000000000000000000000000000000000000000000000000000000000000000000000000000000000000000000000000000000000000000000000000000000000000000000000000000000000000001000000000000000000000000000000000000000000000000000000000000000000000000000000000000000000000000000000000000000000000000000
00000000000000000000000000000000000000000000000000000000000000000000000000000000000000000000000000000000000000000000000000000000000000000000000000000000000000000000000000000000000000000000000000000000000100000000000000000000000000000000000000000000000000000000000000000000000000000000000000000000000000000000000000000000000000
00000000000000000000000000000000000000000000000000000000000000000000000000000000000000000000000000000000000000000000000000000000000000000000000000000000000000000000000000000000000000000000000000000000000010000000000000000000000000000000000000000000000000000000000000000000000000000000000000000000000000000000000000000000000000
00000000000000000000000000000000000000000000000000000000000000000000000000000000000000000000000000000000000000000000000000000000000000000000000000000000000000000000000000000000000000000000000000000000000001000000000000000000000000000000000000000000000000000000000000000000000000000000000000000000000000000000000000000000000000
00000000000000000000000000000000000000000000000000000000000000000000000000000000000000000000000000000000000000000000000000000000000000000000000000000000000000000000000000000000000000000000000000000000000000100000000000000000000000000000000000000000000000000000000000000000000000000000000000000000000000000000000000000000000000
00000000000000000000000000000000000000000000000000000000000000000000000000000000000000000000000000000000000000000000000000000000000000000000000000000000000000000000000000000000000000000000000000000000000000010000000000000000000000000000000000000000000000000000000000000000000000000000000000000000000000000000000000000000000000
00000000000000000000000000000000000000000000000000000000000000000000000000000000000000000000000000000000000000000000000000000000000000000000000000000000000000000000000000000000000000000000000000000000000000001000000000000000000000000000000000000000000000000000000000000000000000000000000000000000000000000000000000000000000000
00000000000000000000000000000000000000000000000000000000000000000000000000000000000000000000000000000000000000000000000000000000000000000000000000000000000000000000000000000000000000000000000000000000000000000100000000000000000000000000000000000000000000000000000000000000000000000000000000000000000000000000000000000000000000
00000000000000000000000000000000000000000000000000000000000000000000000000000000000000000000000000000000000000000000000000000000000000000000000000000000000000000000000000000000000000000000000000000000000000000010000000000000000000000000000000000000000000000000000000000000000000000000000000000000000000000000000000000000000000
00000000000000000000000000000000000000000000000000000000000000000000000000000000000000000000000000000000000000000000000000000000000000000000000000000000000000000000000000000000000000000000000000000000000000000001000000000000000000000000000000000000000000000000000000000000000000000000000000000000000000000000000000000000000000
00000000000000000000000000000000000000000000000000000000000000000000000000000000000000000000000000000000000000000000000000000000000000000000000000000000000000000000000000000000000000000000000000000000000000000000100000000000000000000000000000000000000000000000000000000000000000000000000000000000000000000000000000000000000000
00000000000000000000000000000000000000000000000000000000000000000000000000000000000000000000000000000000000000000000000000000000000000000000000000000000000000000000000000000000000000000000000000000000000000000000010000000000000000000000000000000000000000000000000000000000000000000000000000000000000000000000000000000000000000
00000000000000000000000000000000000000000000000000000000000000000000000000000000000000000000000000000000000000000000000000000000000000000000000000000000000000000000000000000000000000000000000000000000000000000000001000000000000000000000000000000000000000000000000000000000000000000000000000000000000000000000000000000000000000
00000000000000000000000000000000000000000000000000000000000000000000000000000000000000000000000000000000000000000000000000000000000000000000000000000000000000000000000000000000000000000000000000000000000000000000000100000000000000000000000000000000000000000000000000000000000000000000000000000000000000000000000000000000000000
00000000000000000000000000000000000000000000000000000000000000000000000000000000000000000000000000000000000000000000000000000000000000000000000000000000000000000000000000000000000000000000000000000000000000000000000010000000000000000000000000000000000000000000000000000000000000000000000000000000000000000000000000000000000000
00000000000000000000000000000000000000000000000000000000000000000000000000000000000000000000000000000000000000000000000000000000000000000000000000000000000000000000000000000000000000000000000000000000000000000000000001000000000000000000000000000000000000000000000000000000000000000000000000000000000000000000000000000000000000
00000000000000000000000000000000000000000000000000000000000000000000000000000000000000000000000000000000000000000000000000000000000000000000000000000000000000000000000000000000000000000000000000000000000000000000000000100000000000000000000000000000000000000000000000000000000000000000000000000000000000000000000000000000000000
00000000000000000000000000000000000000000000000000000000000000000000000000000000000000000000000000000000000000000000000000000000000000000000000000000000000000000000000000000000000000000000000000000000000000000000000000010000000000000000000000000000000000000000000000000000000000000000000000000000000000000000000000000000000000
00000000000000000000000000000000000000000000000000000000000000000000000000000000000000000000000000000000000000000000000000000000000000000000000000000000000000000000000000000000000000000000000000000000000000000000000000001000000000000000000000000000000000000000000000000000000000000000000000000000000000000000000000000000000000
00000000000000000000000000000000000000000000000000000000000000000000000000000000000000000000000000000000000000000000000000000000000000000000000000000000000000000000000000000000000000000000000000000000000000000000000000000100000000000000000000000000000000000000000000000000000000000000000000000000000000000000000000000000000000
00000000000000000000000000000000000000000000000000000000000000000000000000000000000000000000000000000000000000000000000000000000000000000000000000000000000000000000000000000000000000000000000000000000000000000000000000000010000000000000000000000000000000000000000000000000000000000000000000000000000000000000000000000000000000
00000000000000000000000000000000000000000000000000000000000000000000000000000000000000000000000000000000000000000000000000000000000000000000000000000000000000000000000000000000000000000000000000000000000000000000000000000001000000000000000000000000000000000000000000000000000000000000000000000000000000000000000000000000000000
00000000000000000000000000000000000000000000000000000000000000000000000000000000000000000000000000000000000000000000000000000000000000000000000000000000000000000000000000000000000000000000000000000000000000000000000000000000100000000000000000000000000000000000000000000000000000000000000000000000000000000000000000000000000000
00000000000000000000000000000000000000000000000000000000000000000000000000000000000000000000000000000000000000000000000000000000000000000000000000000000000000000000000000000000000000000000000000000000000000000000000000000000010000000000000000000000000000000000000000000000000000000000000000000000000000000000000000000000000000
00000000000000000000000000000000000000000000000000000000000000000000000000000000000000000000000000000000000000000000000000000000000000000000000000000000000000000000000000000000000000000000000000000000000000000000000000000000001000000000000000000000000000000000000000000000000000000000000000000000000000000000000000000000000000
00000000000000000000000000000000000000000000000000000000000000000000000000000000000000000000000000000000000000000000000000000000000000000000000000000000000000000000000000000000000000000000000000000000000000000000000000000000000100000000000000000000000000000000000000000000000000000000000000000000000000000000000000000000000000
00000000000000000000000000000000000000000000000000000000000000000000000000000000000000000000000000000000000000000000000000000000000000000000000000000000000000000000000000000000000000000000000000000000000000000000000000000000000010000000000000000000000000000000000000000000000000000000000000000000000000000000000000000000000000
00000000000000000000000000000000000000000000000000000000000000000000000000000000000000000000000000000000000000000000000000000000000000000000000000000000000000000000000000000000000000000000000000000000000000000000000000000000000001000000000000000000000000000000000000000000000000000000000000000000000000000000000000000000000000
00000000000000000000000000000000000000000000000000000000000000000000000000000000000000000000000000000000000000000000000000000000000000000000000000000000000000000000000000000000000000000000000000000000000000000000000000000000000000100000000000000000000000000000000000000000000000000000000000000000000000000000000000000000000000
00000000000000000000000000000000000000000000000000000000000000000000000000000000000000000000000000000000000000000000000000000000000000000000000000000000000000000000000000000000000000000000000000000000000000000000000000000000000000010000000000000000000000000000000000000000000000000000000000000000000000000000000000000000000000
00000000000000000000000000000000000000000000000000000000000000000000000000000000000000000000000000000000000000000000000000000000000000000000000000000000000000000000000000000000000000000000000000000000000000000000000000000000000000001000000000000000000000000000000000000000000000000000000000000000000000000000000000000000000000
00000000000000000000000000000000000000000000000000000000000000000000000000000000000000000000000000000000000000000000000000000000000000000000000000000000000000000000000000000000000000000000000000000000000000000000000000000000000000000100000000000000000000000000000000000000000000000000000000000000000000000000000000000000000000
00000000000000000000000000000000000000000000000000000000000000000000000000000000000000000000000000000000000000000000000000000000000000000000000000000000000000000000000000000000000000000000000000000000000000000000000000000000000000000010000000000000000000000000000000000000000000000000000000000000000000000000000000000000000000
00000000000000000000000000000000000000000000000000000000000000000000000000000000000000000000000000000000000000000000000000000000000000000000000000000000000000000000000000000000000000000000000000000000000000000000000000000000000000000001000000000000000000000000000000000000000000000000000000000000000000000000000000000000000000
00000000000000000000000000000000000000000000000000000000000000000000000000000000000000000000000000000000000000000000000000000000000000000000000000000000000000000000000000000000000000000000000000000000000000000000000000000000000000000000100000000000000000000000000000000000000000000000000000000000000000000000000000000000000000
00000000000000000000000000000000000000000000000000000000000000000000000000000000000000000000000000000000000000000000000000000000000000000000000000000000000000000000000000000000000000000000000000000000000000000000000000000000000000000000010000000000000000000000000000000000000000000000000000000000000000000000000000000000000000
00000000000000000000000000000000000000000000000000000000000000000000000000000000000000000000000000000000000000000000000000000000000000000000000000000000000000000000000000000000000000000000000000000000000000000000000000000000000000000000001000000000000000000000000000000000000000000000000000000000000000000000000000000000000000
00000000000000000000000000000000000000000000000000000000000000000000000000000000000000000000000000000000000000000000000000000000000000000000000000000000000000000000000000000000000000000000000000000000000000000000000000000000000000000000000100000000000000000000000000000000000000000000000000000000000000000000000000000000000000
00000000000000000000000000000000000000000000000000000000000000000000000000000000000000000000000000000000000000000000000000000000000000000000000000000000000000000000000000000000000000000000000000000000000000000000000000000000000000000000000010000000000000000000000000000000000000000000000000000000000000000000000000000000000000
00000000000000000000000000000000000000000000000000000000000000000000000000000000000000000000000000000000000000000000000000000000000000000000000000000000000000000000000000000000000000000000000000000000000000000000000000000000000000000000000001000000000000000000000000000000000000000000000000000000000000000000000000000000000000
00000000000000000000000000000000000000000000000000000000000000000000000000000000000000000000000000000000000000000000000000000000000000000000000000000000000000000000000000000000000000000000000000000000000000000000000000000000000000000000000000100000000000000000000000000000000000000000000000000000000000000000000000000000000000
00000000000000000000000000000000000000000000000000000000000000000000000000000000000000000000000000000000000000000000000000000000000000000000000000000000000000000000000000000000000000000000000000000000000000000000000000000000000000000000000000010000000000000000000000000000000000000000000000000000000000000000000000000000000000
00000000000000000000000000000000000000000000000000000000000000000000000000000000000000000000000000000000000000000000000000000000000000000000000000000000000000000000000000000000000000000000000000000000000000000000000000000000000000000000000000001000000000000000000000000000000000000000000000000000000000000000000000000000000000
00000000000000000000000000000000000000000000000000000000000000000000000000000000000000000000000000000000000000000000000000000000000000000000000000000000000000000000000000000000000000000000000000000000000000000000000000000000000000000000000000000100000000000000000000000000000000000000000000000000000000000000000000000000000000
00000000000000000000000000000000000000000000000000000000000000000000000000000000000000000000000000000000000000000000000000000000000000000000000000000000000000000000000000000000000000000000000000000000000000000000000000000000000000000000000000000010000000000000000000000000000000000000000000000000000000000000000000000000000000
00000000000000000000000000000000000000000000000000000000000000000000000000000000000000000000000000000000000000000000000000000000000000000000000000000000000000000000000000000000000000000000000000000000000000000000000000000000000000000000000000000001000000000000000000000000000000000000000000000000000000000000000000000000000000
00000000000000000000000000000000000000000000000000000000000000000000000000000000000000000000000000000000000000000000000000000000000000000000000000000000000000000000000000000000000000000000000000000000000000000000000000000000000000000000000000000000100000000000000000000000000000000000000000000000000000000000000000000000000000
00000000000000000000000000000000000000000000000000000000000000000000000000000000000000000000000000000000000000000000000000000000000000000000000000000000000000000000000000000000000000000000000000000000000000000000000000000000000000000000000000000000010000000000000000000000000000000000000000000000000000000000000000000000000000
00000000000000000000000000000000000000000000000000000000000000000000000000000000000000000000000000000000000000000000000000000000000000000000000000000000000000000000000000000000000000000000000000000000000000000000000000000000000000000000000000000000001000000000000000000000000000000000000000000000000000000000000000000000000000
00000000000000000000000000000000000000000000000000000000000000000000000000000000000000000000000000000000000000000000000000000000000000000000000000000000000000000000000000000000000000000000000000000000000000000000000000000000000000000000000000000000000100000000000000000000000000000000000000000000000000000000000000000000000000
00000000000000000000000000000000000000000000000000000000000000000000000000000000000000000000000000000000000000000000000000000000000000000000000000000000000000000000000000000000000000000000000000000000000000000000000000000000000000000000000000000000000010000000000000000000000000000000000000000000000000000000000000000000000000
00000000000000000000000000000000000000000000000000000000000000000000000000000000000000000000000000000000000000000000000000000000000000000000000000000000000000000000000000000000000000000000000000000000000000000000000000000000000000000000000000000000000001000000000000000000000000000000000000000000000000000000000000000000000000
00000000000000000000000000000000000000000000000000000000000000000000000000000000000000000000000000000000000000000000000000000000000000000000000000000000000000000000000000000000000000000000000000000000000000000000000000000000000000000000000000000000000000100000000000000000000000000000000000000000000000000000000000000000000000
00000000000000000000000000000000000000000000000000000000000000000000000000000000000000000000000000000000000000000000000000000000000000000000000000000000000000000000000000000000000000000000000000000000000000000000000000000000000000000000000000000000000000010000000000000000000000000000000000000000000000000000000000000000000000
00000000000000000000000000000000000000000000000000000000000000000000000000000000000000000000000000000000000000000000000000000000000000000000000000000000000000000000000000000000000000000000000000000000000000000000000000000000000000000000000000000000000000001000000000000000000000000000000000000000000000000000000000000000000000
00000000000000000000000000000000000000000000000000000000000000000000000000000000000000000000000000000000000000000000000000000000000000000000000000000000000000000000000000000000000000000000000000000000000000000000000000000000000000000000000000000000000000000100000000000000000000000000000000000000000000000000000000000000000000
00000000000000000000000000000000000000000000000000000000000000000000000000000000000000000000000000000000000000000000000000000000000000000000000000000000000000000000000000000000000000000000000000000000000000000000000000000000000000000000000000000000000000000010000000000000000000000000000000000000000000000000000000000000000000
00000000000000000000000000000000000000000000000000000000000000000000000000000000000000000000000000000000000000000000000000000000000000000000000000000000000000000000000000000000000000000000000000000000000000000000000000000000000000000000000000000000000000000001000000000000000000000000000000000000000000000000000000000000000000
00000000000000000000000000000000000000000000000000000000000000000000000000000000000000000000000000000000000000000000000000000000000000000000000000000000000000000000000000000000000000000000000000000000000000000000000000000000000000000000000000000000000000000000100000000000000000000000000000000000000000000000000000000000000000
00000000000000000000000000000000000000000000000000000000000000000000000000000000000000000000000000000000000000000000000000000000000000000000000000000000000000000000000000000000000000000000000000000000000000000000000000000000000000000000000000000000000000000000010000000000000000000000000000000000000000000000000000000000000000
00000000000000000000000000000000000000000000000000000000000000000000000000000000000000000000000000000000000000000000000000000000000000000000000000000000000000000000000000000000000000000000000000000000000000000000000000000000000000000000000000000000000000000000001000000000000000000000000000000000000000000000000000000000000000
00000000000000000000000000000000000000000000000000000000000000000000000000000000000000000000000000000000000000000000000000000000000000000000000000000000000000000000000000000000000000000000000000000000000000000000000000000000000000000000000000000000000000000000000100000000000000000000000000000000000000000000000000000000000000
00000000000000000000000000000000000000000000000000000000000000000000000000000000000000000000000000000000000000000000000000000000000000000000000000000000000000000000000000000000000000000000000000000000000000000000000000000000000000000000000000000000000000000000000010000000000000000000000000000000000000000000000000000000000000
00000000000000000000000000000000000000000000000000000000000000000000000000000000000000000000000000000000000000000000000000000000000000000000000000000000000000000000000000000000000000000000000000000000000000000000000000000000000000000000000000000000000000000000000001000000000000000000000000000000000000000000000000000000000000
00000000000000000000000000000000000000000000000000000000000000000000000000000000000000000000000000000000000000000000000000000000000000000000000000000000000000000000000000000000000000000000000000000000000000000000000000000000000000000000000000000000000000000000000000100000000000000000000000000000000000000000000000000000000000
00000000000000000000000000000000000000000000000000000000000000000000000000000000000000000000000000000000000000000000000000000000000000000000000000000000000000000000000000000000000000000000000000000000000000000000000000000000000000000000000000000000000000000000000000010000000000000000000000000000000000000000000000000000000000
00000000000000000000000000000000000000000000000000000000000000000000000000000000000000000000000000000000000000000000000000000000000000000000000000000000000000000000000000000000000000000000000000000000000000000000000000000000000000000000000000000000000000000000000000001000000000000000000000000000000000000000000000000000000000
00000000000000000000000000000000000000000000000000000000000000000000000000000000000000000000000000000000000000000000000000000000000000000000000000000000000000000000000000000000000000000000000000000000000000000000000000000000000000000000000000000000000000000000000000000100000000000000000000000000000000000000000000000000000000
00000000000000000000000000000000000000000000000000000000000000000000000000000000000000000000000000000000000000000000000000000000000000000000000000000000000000000000000000000000000000000000000000000000000000000000000000000000000000000000000000000000000000000000000000000010000000000000000000000000000000000000000000000000000000
00000000000000000000000000000000000000000000000000000000000000000000000000000000000000000000000000000000000000000000000000000000000000000000000000000000000000000000000000000000000000000000000000000000000000000000000000000000000000000000000000000000000000000000000000000001000000000000000000000000000000000000000000000000000000
00000000000000000000000000000000000000000000000000000000000000000000000000000000000000000000000000000000000000000000000000000000000000000000000000000000000000000000000000000000000000000000000000000000000000000000000000000000000000000000000000000000000000000000000000000000100000000000000000000000000000000000000000000000000000
00000000000000000000000000000000000000000000000000000000000000000000000000000000000000000000000000000000000000000000000000000000000000000000000000000000000000000000000000000000000000000000000000000000000000000000000000000000000000000000000000000000000000000000000000000000010000000000000000000000000000000000000000000000000000
00000000000000000000000000000000000000000000000000000000000000000000000000000000000000000000000000000000000000000000000000000000000000000000000000000000000000000000000000000000000000000000000000000000000000000000000000000000000000000000000000000000000000000000000000000000001000000000000000000000000000000000000000000000000000
00000000000000000000000000000000000000000000000000000000000000000000000000000000000000000000000000000000000000000000000000000000000000000000000000000000000000000000000000000000000000000000000000000000000000000000000000000000000000000000000000000000000000000000000000000000000100000000000000000000000000000000000000000000000000
00000000000000000000000000000000000000000000000000000000000000000000000000000000000000000000000000000000000000000000000000000000000000000000000000000000000000000000000000000000000000000000000000000000000000000000000000000000000000000000000000000000000000000000000000000000000010000000000000000000000000000000000000000000000000
00000000000000000000000000000000000000000000000000000000000000000000000000000000000000000000000000000000000000000000000000000000000000000000000000000000000000000000000000000000000000000000000000000000000000000000000000000000000000000000000000000000000000000000000000000000000001000000000000000000000000000000000000000000000000
00000000000000000000000000000000000000000000000000000000000000000000000000000000000000000000000000000000000000000000000000000000000000000000000000000000000000000000000000000000000000000000000000000000000000000000000000000000000000000000000000000000000000000000000000000000000000100000000000000000000000000000000000000000000000
00000000000000000000000000000000000000000000000000000000000000000000000000000000000000000000000000000000000000000000000000000000000000000000000000000000000000000000000000000000000000000000000000000000000000000000000000000000000000000000000000000000000000000000000000000000000000010000000000000000000000000000000000000000000000
00000000000000000000000000000000000000000000000000000000000000000000000000000000000000000000000000000000000000000000000000000000000000000000000000000000000000000000000000000000000000000000000000000000000000000000000000000000000000000000000000000000000000000000000000000000000000001000000000000000000000000000000000000000000000
00000000000000000000000000000000000000000000000000000000000000000000000000000000000000000000000000000000000000000000000000000000000000000000000000000000000000000000000000000000000000000000000000000000000000000000000000000000000000000000000000000000000000000000000000000000000000000100000000000000000000000000000000000000000000
00000000000000000000000000000000000000000000000000000000000000000000000000000000000000000000000000000000000000000000000000000000000000000000000000000000000000000000000000000000000000000000000000000000000000000000000000000000000000000000000000000000000000000000000000000000000000000010000000000000000000000000000000000000000000
00000000000000000000000000000000000000000000000000000000000000000000000000000000000000000000000000000000000000000000000000000000000000000000000000000000000000000000000000000000000000000000000000000000000000000000000000000000000000000000000000000000000000000000000000000000000000000001000000000000000000000000000000000000000000
00000000000000000000000000000000000000000000000000000000000000000000000000000000000000000000000000000000000000000000000000000000000000000000000000000000000000000000000000000000000000000000000000000000000000000000000000000000000000000000000000000000000000000000000000000000000000000000100000000000000000000000000000000000000000
00000000000000000000000000000000000000000000000000000000000000000000000000000000000000000000000000000000000000000000000000000000000000000000000000000000000000000000000000000000000000000000000000000000000000000000000000000000000000000000000000000000000000000000000000000000000000000000010000000000000000000000000000000000000000
00000000000000000000000000000000000000000000000000000000000000000000000000000000000000000000000000000000000000000000000000000000000000000000000000000000000000000000000000000000000000000000000000000000000000000000000000000000000000000000000000000000000000000000000000000000000000000000001000000000000000000000000000000000000000
00000000000000000000000000000000000000000000000000000000000000000000000000000000000000000000000000000000000000000000000000000000000000000000000000000000000000000000000000000000000000000000000000000000000000000000000000000000000000000000000000000000000000000000000000000000000000000000000100000000000000000000000000000000000000
00000000000000000000000000000000000000000000000000000000000000000000000000000000000000000000000000000000000000000000000000000000000000000000000000000000000000000000000000000000000000000000000000000000000000000000000000000000000000000000000000000000000000000000000000000000000000000000000010000000000000000000000000000000000000
00000000000000000000000000000000000000000000000000000000000000000000000000000000000000000000000000000000000000000000000000000000000000000000000000000000000000000000000000000000000000000000000000000000000000000000000000000000000000000000000000000000000000000000000000000000000000000000000001000000000000000000000000000000000000
00000000000000000000000000000000000000000000000000000000000000000000000000000000000000000000000000000000000000000000000000000000000000000000000000000000000000000000000000000000000000000000000000000000000000000000000000000000000000000000000000000000000000000000000000000000000000000000000000100000000000000000000000000000000000
00000000000000000000000000000000000000000000000000000000000000000000000000000000000000000000000000000000000000000000000000000000000000000000000000000000000000000000000000000000000000000000000000000000000000000000000000000000000000000000000000000000000000000000000000000000000000000000000000010000000000000000000000000000000000
00000000000000000000000000000000000000000000000000000000000000000000000000000000000000000000000000000000000000000000000000000000000000000000000000000000000000000000000000000000000000000000000000000000000000000000000000000000000000000000000000000000000000000000000000000000000000000000000000001000000000000000000000000000000000
00000000000000000000000000000000000000000000000000000000000000000000000000000000000000000000000000000000000000000000000000000000000000000000000000000000000000000000000000000000000000000000000000000000000000000000000000000000000000000000000000000000000000000000000000000000000000000000000000000100000000000000000000000000000000
00000000000000000000000000000000000000000000000000000000000000000000000000000000000000000000000000000000000000000000000000000000000000000000000000000000000000000000000000000000000000000000000000000000000000000000000000000000000000000000000000000000000000000000000000000000000000000000000000000010000000000000000000000000000000
00000000000000000000000000000000000000000000000000000000000000000000000000000000000000000000000000000000000000000000000000000000000000000000000000000000000000000000000000000000000000000000000000000000000000000000000000000000000000000000000000000000000000000000000000000000000000000000000000000001000000000000000000000000000000
00000000000000000000000000000000000000000000000000000000000000000000000000000000000000000000000000000000000000000000000000000000000000000000000000000000000000000000000000000000000000000000000000000000000000000000000000000000000000000000000000000000000000000000000000000000000000000000000000000000100000000000000000000000000000
00000000000000000000000000000000000000000000000000000000000000000000000000000000000000000000000000000000000000000000000000000000000000000000000000000000000000000000000000000000000000000000000000000000000000000000000000000000000000000000000000000000000000000000000000000000000000000000000000000000010000000000000000000000000000
00000000000000000000000000000000000000000000000000000000000000000000000000000000000000000000000000000000000000000000000000000000000000000000000000000000000000000000000000000000000000000000000000000000000000000000000000000000000000000000000000000000000000000000000000000000000000000000000000000000001000000000000000000000000000
00000000000000000000000000000000000000000000000000000000000000000000000000000000000000000000000000000000000000000000000000000000000000000000000000000000000000000000000000000000000000000000000000000000000000000000000000000000000000000000000000000000000000000000000000000000000000000000000000000000000100000000000000000000000000
00000000000000000000000000000000000000000000000000000000000000000000000000000000000000000000000000000000000000000000000000000000000000000000000000000000000000000000000000000000000000000000000000000000000000000000000000000000000000000000000000000000000000000000000000000000000000000000000000000000000010000000000000000000000000
00000000000000000000000000000000000000000000000000000000000000000000000000000000000000000000000000000000000000000000000000000000000000000000000000000000000000000000000000000000000000000000000000000000000000000000000000000000000000000000000000000000000000000000000000000000000000000000000000000000000001000000000000000000000000
00000000000000000000000000000000000000000000000000000000000000000000000000000000000000000000000000000000000000000000000000000000000000000000000000000000000000000000000000000000000000000000000000000000000000000000000000000000000000000000000000000000000000000000000000000000000000000000000000000000000000100000000000000000000000
00000000000000000000000000000000000000000000000000000000000000000000000000000000000000000000000000000000000000000000000000000000000000000000000000000000000000000000000000000000000000000000000000000000000000000000000000000000000000000000000000000000000000000000000000000000000000000000000000000000000000010000000000000000000000
00000000000000000000000000000000000000000000000000000000000000000000000000000000000000000000000000000000000000000000000000000000000000000000000000000000000000000000000000000000000000000000000000000000000000000000000000000000000000000000000000000000000000000000000000000000000000000000000000000000000000001000000000000000000000
00000000000000000000000000000000000000000000000000000000000000000000000000000000000000000000000000000000000000000000000000000000000000000000000000000000000000000000000000000000000000000000000000000000000000000000000000000000000000000000000000000000000000000000000000000000000000000000000000000000000000000100000000000000000000
00000000000000000000000000000000000000000000000000000000000000000000000000000000000000000000000000000000000000000000000000000000000000000000000000000000000000000000000000000000000000000000000000000000000000000000000000000000000000000000000000000000000000000000000000000000000000000000000000000000000000000010000000000000000000
00000000000000000000000000000000000000000000000000000000000000000000000000000000000000000000000000000000000000000000000000000000000000000000000000000000000000000000000000000000000000000000000000000000000000000000000000000000000000000000000000000000000000000000000000000000000000000000000000000000000000000001000000000000000000
00000000000000000000000000000000000000000000000000000000000000000000000000000000000000000000000000000000000000000000000000000000000000000000000000000000000000000000000000000000000000000000000000000000000000000000000000000000000000000000000000000000000000000000000000000000000000000000000000000000000000000000100000000000000000
00000000000000000000000000000000000000000000000000000000000000000000000000000000000000000000000000000000000000000000000000000000000000000000000000000000000000000000000000000000000000000000000000000000000000000000000000000000000000000000000000000000000000000000000000000000000000000000000000000000000000000000010000000000000000
00000000000000000000000000000000000000000000000000000000000000000000000000000000000000000000000000000000000000000000000000000000000000000000000000000000000000000000000000000000000000000000000000000000000000000000000000000000000000000000000000000000000000000000000000000000000000000000000000000000000000000000001000000000000000
00000000000000000000000000000000000000000000000000000000000000000000000000000000000000000000000000000000000000000000000000000000000000000000000000000000000000000000000000000000000000000000000000000000000000000000000000000000000000000000000000000000000000000000000000000000000000000000000000000000000000000000000100000000000000
00000000000000000000000000000000000000000000000000000000000000000000000000000000000000000000000000000000000000000000000000000000000000000000000000000000000000000000000000000000000000000000000000000000000000000000000000000000000000000000000000000000000000000000000000000000000000000000000000000000000000000000000010000000000000
00000000000000000000000000000000000000000000000000000000000000000000000000000000000000000000000000000000000000000000000000000000000000000000000000000000000000000000000000000000000000000000000000000000000000000000000000000000000000000000000000000000000000000000000000000000000000000000000000000000000000000000000001000000000000
00000000000000000000000000000000000000000000000000000000000000000000000000000000000000000000000000000000000000000000000000000000000000000000000000000000000000000000000000000000000000000000000000000000000000000000000000000000000000000000000000000000000000000000000000000000000000000000000000000000000000000000000000100000000000
00000000000000000000000000000000000000000000000000000000000000000000000000000000000000000000000000000000000000000000000000000000000000000000000000000000000000000000000000000000000000000000000000000000000000000000000000000000000000000000000000000000000000000000000000000000000000000000000000000000000000000000000000010000000000
00000000000000000000000000000000000000000000000000000000000000000000000000000000000000000000000000000000000000000000000000000000000000000000000000000000000000000000000000000000000000000000000000000000000000000000000000000000000000000000000000000000000000000000000000000000000000000000000000000000000000000000000000001000000000
00000000000000000000000000000000000000000000000000000000000000000000000000000000000000000000000000000000000000000000000000000000000000000000000000000000000000000000000000000000000000000000000000000000000000000000000000000000000000000000000000000000000000000000000000000000000000000000000000000000000000000000000000000100000000
00000000000000000000000000000000000000000000000000000000000000000000000000000000000000000000000000000000000000000000000000000000000000000000000000000000000000000000000000000000000000000000000000000000000000000000000000000000000000000000000000000000000000000000000000000000000000000000000000000000000000000000000000000010000000
00000000000000000000000000000000000000000000000000000000000000000000000000000000000000000000000000000000000000000000000000000000000000000000000000000000000000000000000000000000000000000000000000000000000000000000000000000000000000000000000000000000000000000000000000000000000000000000000000000000000000000000000000000001000000
00000000000000000000000000000000000000000000000000000000000000000000000000000000000000000000000000000000000000000000000000000000000000000000000000000000000000000000000000000000000000000000000000000000000000000000000000000000000000000000000000000000000000000000000000000000000000000000000000000000000000000000000000000000100000
00000000000000000000000000000000000000000000000000000000000000000000000000000000000000000000000000000000000000000000000000000000000000000000000000000000000000000000000000000000000000000000000000000000000000000000000000000000000000000000000000000000000000000000000000000000000000000000000000000000000000000000000000000000010000
00000000000000000000000000000000000000000000000000000000000000000000000000000000000000000000000000000000000000000000000000000000000000000000000000000000000000000000000000000000000000000000000000000000000000000000000000000000000000000000000000000000000000000000000000000000000000000000000000000000000000000000000000000000001000
00000000000000000000000000000000000000000000000000000000000000000000000000000000000000000000000000000000000000000000000000000000000000000000000000000000000000000000000000000000000000000000000000000000000000000000000000000000000000000000000000000000000000000000000000000000000000000000000000000000000000000000000000000000000100
00000000000000000000000000000000000000000000000000000000000000000000000000000000000000000000000000000000000000000000000000000000000000000000000000000000000000000000000000000000000000000000000000000000000000000000000000000000000000000000000000000000000000000000000000000000000000000000000000000000000000000000000000000000000010
00000000000000000000000000000000000000000000000000000000000000000000000000000000000000000000000000000000000000000000000000000000000000000000000000000000000000000000000000000000000000000000000000000000000000000000000000000000000000000000000000000000000000000000000000000000000000000000000000000000000000000000000000000000000001


CNOT Count = 7256
CNOT Depth = 66
x[64] = x[64] ^ x[108]
x[38] = x[38] ^ x[73]
x[59] = x[59] ^ x[106]
x[200] = x[200] ^ x[107]
x[85] = x[85] ^ x[21]
x[22] = x[22] ^ x[36]
x[47] = x[47] ^ x[67]
x[306] = x[306] ^ x[66]
x[136] = x[136] ^ x[48]
x[287] = x[287] ^ x[81]
x[126] = x[126] ^ x[152]
x[79] = x[79] ^ x[62]
x[94] = x[94] ^ x[90]
x[93] = x[93] ^ x[40]
x[61] = x[61] ^ x[110]
x[39] = x[39] ^ x[29]
x[20] = x[20] ^ x[49]
x[248] = x[248] ^ x[101]
x[41] = x[41] ^ x[5]
x[98] = x[98] ^ x[130]
x[27] = x[27] ^ x[23]
x[133] = x[133] ^ x[91]
x[313] = x[313] ^ x[17]
x[119] = x[119] ^ x[151]
x[8] = x[8] ^ x[160]
x[83] = x[83] ^ x[118]
x[120] = x[120] ^ x[128]
x[16] = x[16] ^ x[150]
x[116] = x[116] ^ x[87]
x[86] = x[86] ^ x[156]
x[220] = x[220] ^ x[24]
x[175] = x[175] ^ x[42]
x[99] = x[99] ^ x[57]
x[37] = x[37] ^ x[35]
x[33] = x[33] ^ x[132]
x[256] = x[256] ^ x[147]
x[281] = x[281] ^ x[141]
x[113] = x[113] ^ x[114]
x[96] = x[96] ^ x[26]
x[146] = x[146] ^ x[1]
x[14] = x[14] ^ x[115]
x[173] = x[173] ^ x[112]
x[195] = x[195] ^ x[46]
x[60] = x[60] ^ x[43]
x[32] = x[32] ^ x[52]
x[138] = x[138] ^ x[74]
x[65] = x[65] ^ x[25]
x[70] = x[70] ^ x[135]
x[140] = x[140] ^ x[127]
x[193] = x[193] ^ x[76]
x[169] = x[169] ^ x[10]
x[121] = x[121] ^ x[142]
x[293] = x[293] ^ x[71]
x[264] = x[264] ^ x[2]
x[56] = x[56] ^ x[13]
x[159] = x[159] ^ x[105]
x[296] = x[296] ^ x[34]
x[131] = x[131] ^ x[84]
x[284] = x[284] ^ x[53]
x[51] = x[51] ^ x[9]
x[45] = x[45] ^ x[149]
x[259] = x[259] ^ x[100]
x[170] = x[170] ^ x[68]
x[272] = x[272] ^ x[7]
x[236] = x[236] ^ x[122]
x[143] = x[143] ^ x[97]
x[252] = x[252] ^ x[158]
x[251] = x[251] ^ x[161]
x[279] = x[279] ^ x[92]
x[54] = x[54] ^ x[30]
x[221] = x[221] ^ x[148]
x[234] = x[234] ^ x[162]
x[289] = x[289] ^ x[111]
x[153] = x[153] ^ x[19]
x[212] = x[212] ^ x[157]
x[95] = x[95] ^ x[18]
x[231] = x[231] ^ x[80]
x[163] = x[163] ^ x[0]
x[180] = x[180] ^ x[4]
x[168] = x[168] ^ x[155]
x[245] = x[245] ^ x[125]
x[244] = x[244] ^ x[117]
x[265] = x[265] ^ x[139]
x[278] = x[278] ^ x[102]
x[262] = x[262] ^ x[55]
x[188] = x[188] ^ x[124]
x[274] = x[274] ^ x[58]
x[239] = x[239] ^ x[69]
x[211] = x[211] ^ x[6]
x[316] = x[316] ^ x[154]
x[304] = x[304] ^ x[50]
x[254] = x[254] ^ x[44]
x[38] = x[38] ^ x[64]
x[106] = x[106] ^ x[104]
x[306] = x[306] ^ x[200]
x[287] = x[287] ^ x[85]
x[47] = x[47] ^ x[22]
x[48] = x[48] ^ x[80]
x[126] = x[126] ^ x[3]
x[67] = x[67] ^ x[145]
x[152] = x[152] ^ x[73]
x[110] = x[110] ^ x[69]
x[248] = x[248] ^ x[156]
x[313] = x[313] ^ x[93]
x[130] = x[130] ^ x[137]
x[5] = x[5] ^ x[155]
x[98] = x[98] ^ x[77]
x[133] = x[133] ^ x[111]
x[281] = x[281] ^ x[21]
x[8] = x[8] ^ x[7]
x[83] = x[83] ^ x[89]
x[31] = x[31] ^ x[66]
x[87] = x[87] ^ x[129]
x[86] = x[86] ^ x[6]
x[184] = x[184] ^ x[119]
x[256] = x[256] ^ x[16]
x[220] = x[220] ^ x[58]
x[175] = x[175] ^ x[17]
x[57] = x[57] ^ x[61]
x[315] = x[315] ^ x[37]
x[195] = x[195] ^ x[23]
x[75] = x[75] ^ x[116]
x[78] = x[78] ^ x[146]
x[317] = x[317] ^ x[39]
x[60] = x[60] ^ x[124]
x[82] = x[82] ^ x[33]
x[25] = x[25] ^ x[44]
x[74] = x[74] ^ x[70]
x[193] = x[193] ^ x[150]
x[170] = x[170] ^ x[26]
x[296] = x[296] ^ x[147]
x[169] = x[169] ^ x[112]
x[173] = x[173] ^ x[81]
x[62] = x[62] ^ x[32]
x[236] = x[236] ^ x[27]
x[264] = x[264] ^ x[108]
x[298] = x[298] ^ x[118]
x[251] = x[251] ^ x[35]
x[293] = x[293] ^ x[41]
x[103] = x[103] ^ x[94]
x[234] = x[234] ^ x[160]
x[84] = x[84] ^ x[158]
x[227] = x[227] ^ x[53]
x[151] = x[151] ^ x[134]
x[178] = x[178] ^ x[120]
x[274] = x[274] ^ x[65]
x[59] = x[59] ^ x[46]
x[279] = x[279] ^ x[34]
x[278] = x[278] ^ x[91]
x[123] = x[123] ^ x[68]
x[284] = x[284] ^ x[148]
x[292] = x[292] ^ x[90]
x[312] = x[312] ^ x[142]
x[252] = x[252] ^ x[29]
x[13] = x[13] ^ x[45]
x[290] = x[290] ^ x[141]
x[174] = x[174] ^ x[9]
x[192] = x[192] ^ x[99]
x[302] = x[302] ^ x[42]
x[28] = x[28] ^ x[131]
x[215] = x[215] ^ x[113]
x[244] = x[244] ^ x[149]
x[214] = x[214] ^ x[40]
x[138] = x[138] ^ x[2]
x[15] = x[15] ^ x[19]
x[168] = x[168] ^ x[107]
x[322] = x[322] ^ x[127]
x[233] = x[233] ^ x[157]
x[187] = x[187] ^ x[56]
x[36] = x[36] ^ x[95]
x[218] = x[218] ^ x[76]
x[245] = x[245] ^ x[161]
x[289] = x[289] ^ x[154]
x[320] = x[320] ^ x[163]
x[189] = x[189] ^ x[97]
x[262] = x[262] ^ x[4]
x[305] = x[305] ^ x[20]
x[304] = x[304] ^ x[30]
x[232] = x[232] ^ x[153]
x[265] = x[265] ^ x[50]
x[203] = x[203] ^ x[43]
x[231] = x[231] ^ x[139]
x[261] = x[261] ^ x[79]
x[283] = x[283] ^ x[24]
x[257] = x[257] ^ x[140]
x[172] = x[172] ^ x[135]
x[282] = x[282] ^ x[10]
x[210] = x[210] ^ x[115]
x[239] = x[239] ^ x[105]
x[219] = x[219] ^ x[92]
x[182] = x[182] ^ x[125]
x[309] = x[309] ^ x[100]
x[316] = x[316] ^ x[102]
x[185] = x[185] ^ x[14]
x[295] = x[295] ^ x[122]
x[208] = x[208] ^ x[1]
x[300] = x[300] ^ x[18]
x[165] = x[165] ^ x[162]
x[229] = x[229] ^ x[121]
x[212] = x[212] ^ x[55]
x[176] = x[176] ^ x[71]
x[177] = x[177] ^ x[117]
x[217] = x[217] ^ x[143]
x[270] = x[270] ^ x[54]
x[47] = x[47] ^ x[38]
x[106] = x[106] ^ x[63]
x[306] = x[306] ^ x[150]
x[287] = x[287] ^ x[79]
x[3] = x[3] ^ x[39]
x[145] = x[145] ^ x[94]
x[88] = x[88] ^ x[126]
x[248] = x[248] ^ x[110]
x[5] = x[5] ^ x[72]
x[195] = x[195] ^ x[130]
x[313] = x[313] ^ x[58]
x[77] = x[77] ^ x[144]
x[104] = x[104] ^ x[100]
x[128] = x[128] ^ x[21]
x[22] = x[22] ^ x[91]
x[8] = x[8] ^ x[87]
x[184] = x[184] ^ x[40]
x[169] = x[169] ^ x[86]
x[220] = x[220] ^ x[83]
x[175] = x[175] ^ x[19]
x[132] = x[132] ^ x[57]
x[37] = x[37] ^ x[122]
x[256] = x[256] ^ x[92]
x[281] = x[281] ^ x[127]
x[114] = x[114] ^ x[80]
x[96] = x[96] ^ x[6]
x[129] = x[129] ^ x[4]
x[170] = x[170] ^ x[133]
x[52] = x[52] ^ x[75]
x[136] = x[136] ^ x[78]
x[317] = x[317] ^ x[140]
x[159] = x[159] ^ x[156]
x[60] = x[60] ^ x[82]
x[293] = x[293] ^ x[17]
x[264] = x[264] ^ x[61]
x[251] = x[251] ^ x[74]
x[89] = x[89] ^ x[101]
x[173] = x[173] ^ x[56]
x[296] = x[296] ^ x[108]
x[193] = x[193] ^ x[20]
x[236] = x[236] ^ x[121]
x[298] = x[298] ^ x[112]
x[279] = x[279] ^ x[98]
x[234] = x[234] ^ x[46]
x[51] = x[51] ^ x[81]
x[84] = x[84] ^ x[141]
x[239] = x[239] ^ x[53]
x[134] = x[134] ^ x[24]
x[259] = x[259] ^ x[44]
x[192] = x[192] ^ x[16]
x[303] = x[303] ^ x[65]
x[59] = x[59] ^ x[70]
x[178] = x[178] ^ x[147]
x[278] = x[278] ^ x[85]
x[12] = x[12] ^ x[119]
x[284] = x[284] ^ x[160]
x[168] = x[168] ^ x[33]
x[229] = x[229] ^ x[292]
x[273] = x[273] ^ x[13]
x[174] = x[174] ^ x[105]
x[221] = x[221] ^ x[146]
x[289] = x[289] ^ x[151]
x[252] = x[252] ^ x[71]
x[49] = x[49] ^ x[99]
x[189] = x[189] ^ x[28]
x[290] = x[290] ^ x[90]
x[200] = x[200] ^ x[148]
x[15] = x[15] ^ x[62]
x[265] = x[265] ^ x[27]
x[244] = x[244] ^ x[143]
x[312] = x[312] ^ x[35]
x[262] = x[262] ^ x[131]
x[301] = x[301] ^ x[23]
x[214] = x[214] ^ x[142]
x[302] = x[302] ^ x[31]
x[316] = x[316] ^ x[26]
x[211] = x[211] ^ x[45]
x[218] = x[218] ^ x[41]
x[227] = x[227] ^ x[66]
x[231] = x[231] ^ x[113]
x[294] = x[294] ^ x[157]
x[201] = x[201] ^ x[48]
x[215] = x[215] ^ x[120]
x[257] = x[257] ^ x[116]
x[212] = x[212] ^ x[95]
x[187] = x[187] ^ x[152]
x[172] = x[172] ^ x[9]
x[274] = x[274] ^ x[54]
x[206] = x[206] ^ x[97]
x[322] = x[322] ^ x[67]
x[237] = x[237] ^ x[153]
x[282] = x[282] ^ x[64]
x[314] = x[314] ^ x[149]
x[266] = x[266] ^ x[43]
x[304] = x[304] ^ x[32]
x[188] = x[188] ^ x[73]
x[208] = x[208] ^ x[7]
x[199] = x[199] ^ x[103]
x[198] = x[198] ^ x[135]
x[233] = x[233] ^ x[30]
x[210] = x[210] ^ x[155]
x[219] = x[219] ^ x[111]
x[309] = x[309] ^ x[18]
x[243] = x[243] ^ x[102]
x[286] = x[286] ^ x[161]
x[299] = x[299] ^ x[154]
x[217] = x[217] ^ x[115]
x[308] = x[308] ^ x[25]
x[297] = x[297] ^ x[124]
x[280] = x[280] ^ x[76]
x[223] = x[223] ^ x[123]
x[310] = x[310] ^ x[14]
x[315] = x[315] ^ x[34]
x[164] = x[164] ^ x[118]
x[182] = x[182] ^ x[162]
x[295] = x[295] ^ x[117]
x[307] = x[307] ^ x[10]
x[250] = x[250] ^ x[2]
x[204] = x[204] ^ x[42]
x[203] = x[203] ^ x[125]
x[253] = x[253] ^ x[55]
x[285] = x[285] ^ x[68]
x[319] = x[319] ^ x[50]
x[268] = x[268] ^ x[93]
x[300] = x[300] ^ x[1]
x[249] = x[249] ^ x[69]
x[166] = x[166] ^ x[107]
x[228] = x[228] ^ x[158]
x[196] = x[196] ^ x[29]
x[269] = x[269] ^ x[139]
x[306] = x[306] ^ x[106]
x[287] = x[287] ^ x[47]
x[145] = x[145] ^ x[27]
x[281] = x[281] ^ x[3]
x[22] = x[22] ^ x[88]
x[313] = x[313] ^ x[41]
x[128] = x[128] ^ x[31]
x[221] = x[221] ^ x[8]
x[220] = x[220] ^ x[133]
x[195] = x[195] ^ x[98]
x[175] = x[175] ^ x[119]
x[169] = x[169] ^ x[132]
x[256] = x[256] ^ x[29]
x[173] = x[173] ^ x[114]
x[137] = x[137] ^ x[92]
x[236] = x[236] ^ x[38]
x[298] = x[298] ^ x[52]
x[193] = x[193] ^ x[136]
x[170] = x[170] ^ x[23]
x[11] = x[11] ^ x[159]
x[264] = x[264] ^ x[162]
x[251] = x[251] ^ x[89]
x[144] = x[144] ^ x[107]
x[296] = x[296] ^ x[154]
x[279] = x[279] ^ x[60]
x[63] = x[63] ^ x[102]
x[259] = x[259] ^ x[86]
x[178] = x[178] ^ x[61]
x[234] = x[234] ^ x[152]
x[53] = x[53] ^ x[77]
x[82] = x[82] ^ x[146]
x[101] = x[101] ^ x[87]
x[210] = x[210] ^ x[130]
x[94] = x[94] ^ x[93]
x[192] = x[192] ^ x[134]
x[182] = x[182] ^ x[65]
x[188] = x[188] ^ x[84]
x[244] = x[244] ^ x[59]
x[72] = x[72] ^ x[112]
x[252] = x[252] ^ x[79]
x[278] = x[278] ^ x[37]
x[290] = x[290] ^ x[33]
x[235] = x[235] ^ x[74]
x[274] = x[274] ^ x[56]
x[168] = x[168] ^ x[156]
x[174] = x[174] ^ x[115]
x[312] = x[312] ^ x[12]
x[200] = x[200] ^ x[28]
x[289] = x[289] ^ x[99]
x[302] = x[302] ^ x[71]
x[109] = x[109] ^ x[96]
x[225] = x[225] ^ x[160]
x[218] = x[218] ^ x[150]
x[245] = x[245] ^ x[49]
x[215] = x[215] ^ x[46]
x[265] = x[265] ^ x[127]
x[305] = x[305] ^ x[301]
x[214] = x[214] ^ x[17]
x[212] = x[212] ^ x[80]
x[240] = x[240] ^ x[151]
x[316] = x[316] ^ x[73]
x[322] = x[322] ^ x[62]
x[315] = x[315] ^ x[15]
x[66] = x[66] ^ x[54]
x[239] = x[239] ^ x[116]
x[211] = x[211] ^ x[155]
x[262] = x[262] ^ x[142]
x[219] = x[219] ^ x[189]
x[310] = x[310] ^ x[157]
x[282] = x[282] ^ x[91]
x[303] = x[303] ^ x[42]
x[231] = x[231] ^ x[81]
x[201] = x[201] ^ x[78]
x[258] = x[258] ^ x[141]
x[187] = x[187] ^ x[25]
x[172] = x[172] ^ x[161]
x[203] = x[203] ^ x[95]
x[206] = x[206] ^ x[148]
x[280] = x[280] ^ x[153]
x[283] = x[283] ^ x[13]
x[309] = x[309] ^ x[16]
x[198] = x[198] ^ x[5]
x[266] = x[266] ^ x[103]
x[297] = x[297] ^ x[149]
x[183] = x[183] ^ x[4]
x[304] = x[304] ^ x[45]
x[271] = x[271] ^ x[67]
x[255] = x[255] ^ x[83]
x[257] = x[257] ^ x[147]
x[295] = x[295] ^ x[140]
x[261] = x[261] ^ x[32]
x[208] = x[208] ^ x[105]
x[229] = x[229] ^ x[2]
x[314] = x[314] ^ x[26]
x[308] = x[308] ^ x[40]
x[285] = x[285] ^ x[75]
x[164] = x[164] ^ x[135]
x[243] = x[243] ^ x[20]
x[324] = x[324] ^ x[7]
x[299] = x[299] ^ x[48]
x[288] = x[288] ^ x[85]
x[237] = x[237] ^ x[113]
x[250] = x[250] ^ x[76]
x[268] = x[268] ^ x[110]
x[217] = x[217] ^ x[131]
x[227] = x[227] ^ x[120]
x[233] = x[233] ^ x[58]
x[232] = x[232] ^ x[111]
x[286] = x[286] ^ x[9]
x[242] = x[242] ^ x[122]
x[276] = x[276] ^ x[123]
x[246] = x[246] ^ x[126]
x[238] = x[238] ^ x[43]
x[167] = x[167] ^ x[104]
x[202] = x[202] ^ x[143]
x[260] = x[260] ^ x[14]
x[165] = x[165] ^ x[6]
x[197] = x[197] ^ x[55]
x[253] = x[253] ^ x[125]
x[230] = x[230] ^ x[124]
x[209] = x[209] ^ x[50]
x[222] = x[222] ^ x[68]
x[181] = x[181] ^ x[100]
x[226] = x[226] ^ x[121]
x[307] = x[307] ^ x[64]
x[199] = x[199] ^ x[19]
x[176] = x[176] ^ x[10]
x[194] = x[194] ^ x[70]
x[275] = x[275] ^ x[1]
x[249] = x[249] ^ x[117]
x[319] = x[319] ^ x[35]
x[241] = x[241] ^ x[34]
x[205] = x[205] ^ x[108]
x[207] = x[207] ^ x[39]
x[185] = x[185] ^ x[97]
x[177] = x[177] ^ x[57]
x[247] = x[247] ^ x[129]
x[267] = x[267] ^ x[30]
x[263] = x[263] ^ x[44]
x[204] = x[204] ^ x[158]
x[179] = x[179] ^ x[139]
x[224] = x[224] ^ x[118]
x[323] = x[323] ^ x[90]
x[216] = x[216] ^ x[69]
x[277] = x[277] ^ x[18]
x[318] = x[318] ^ x[24]
x[325] = x[325] ^ x[21]
x[306] = x[306] ^ x[48]
x[287] = x[287] ^ x[20]
x[145] = x[145] ^ x[10]
x[281] = x[281] ^ x[47]
x[22] = x[22] ^ x[77]
x[313] = x[313] ^ x[42]
x[184] = x[184] ^ x[41]
x[169] = x[169] ^ x[128]
x[220] = x[220] ^ x[158]
x[210] = x[210] ^ x[8]
x[175] = x[175] ^ x[50]
x[256] = x[256] ^ x[104]
x[195] = x[195] ^ x[38]
x[236] = x[236] ^ x[133]
x[173] = x[173] ^ x[129]
x[170] = x[170] ^ x[29]
x[193] = x[193] ^ x[127]
x[298] = x[298] ^ x[106]
x[264] = x[264] ^ x[136]
x[234] = x[234] ^ x[11]
x[251] = x[251] ^ x[26]
x[144] = x[144] ^ x[148]
x[296] = x[296] ^ x[18]
x[88] = x[88] ^ x[157]
x[51] = x[51] ^ x[159]
x[284] = x[284] ^ x[86]
x[272] = x[272] ^ x[3]
x[312] = x[312] ^ x[259]
x[178] = x[178] ^ x[96]
x[174] = x[174] ^ x[63]
x[130] = x[130] ^ x[143]
x[192] = x[192] ^ x[60]
x[183] = x[183] ^ x[134]
x[324] = x[324] ^ x[82]
x[219] = x[219] ^ x[65]
x[200] = x[200] ^ x[119]
x[292] = x[292] ^ x[84]
x[244] = x[244] ^ x[70]
x[214] = x[214] ^ x[37]
x[252] = x[252] ^ x[135]
x[278] = x[278] ^ x[103]
x[168] = x[168] ^ x[160]
x[215] = x[215] ^ x[101]
x[208] = x[208] ^ x[235]
x[257] = x[257] ^ x[59]
x[290] = x[290] ^ x[152]
x[262] = x[262] ^ x[53]
x[289] = x[289] ^ x[28]
x[138] = x[138] ^ x[109]
x[282] = x[282] ^ x[225]
x[322] = x[322] ^ x[146]
x[249] = x[249] ^ x[56]
x[302] = x[302] ^ x[39]
x[265] = x[265] ^ x[49]
x[245] = x[245] ^ x[108]
x[218] = x[218] ^ x[78]
x[240] = x[240] ^ x[13]
x[304] = x[304] ^ x[74]
x[316] = x[316] ^ x[21]
x[201] = x[201] ^ x[156]
x[180] = x[180] ^ x[46]
x[188] = x[188] ^ x[141]
x[211] = x[211] ^ x[98]
x[199] = x[199] ^ x[15]
x[314] = x[314] ^ x[94]
x[305] = x[305] ^ x[151]
x[233] = x[233] ^ x[52]
x[212] = x[212] ^ x[27]
x[231] = x[231] ^ x[54]
x[182] = x[182] ^ x[5]
x[300] = x[300] ^ x[79]
x[198] = x[198] ^ x[114]
x[303] = x[303] ^ x[132]
x[318] = x[318] ^ x[95]
x[307] = x[307] ^ x[153]
x[172] = x[172] ^ x[14]
x[283] = x[283] ^ x[142]
x[203] = x[203] ^ x[32]
x[239] = x[239] ^ x[23]
x[243] = x[243] ^ x[112]
x[308] = x[308] ^ x[17]
x[206] = x[206] ^ x[140]
x[181] = x[181] ^ x[137]
x[263] = x[263] ^ x[92]
x[297] = x[297] ^ x[57]
x[271] = x[271] ^ x[19]
x[255] = x[255] ^ x[113]
x[187] = x[187] ^ x[117]
x[261] = x[261] ^ x[33]
x[266] = x[266] ^ x[16]
x[232] = x[232] ^ x[12]
x[190] = x[190] ^ x[89]
x[299] = x[299] ^ x[115]
x[165] = x[165] ^ x[75]
x[250] = x[250] ^ x[72]
x[217] = x[217] ^ x[105]
x[285] = x[285] ^ x[76]
x[258] = x[258] ^ x[85]
x[309] = x[309] ^ x[90]
x[315] = x[315] ^ x[139]
x[301] = x[301] ^ x[83]
x[229] = x[229] ^ x[155]
x[280] = x[280] ^ x[62]
x[295] = x[295] ^ x[150]
x[275] = x[275] ^ x[162]
x[196] = x[196] ^ x[80]
x[286] = x[286] ^ x[7]
x[227] = x[227] ^ x[107]
x[288] = x[288] ^ x[73]
x[177] = x[177] ^ x[66]
x[164] = x[164] ^ x[125]
x[310] = x[310] ^ x[126]
x[268] = x[268] ^ x[149]
x[267] = x[267] ^ x[120]
x[276] = x[276] ^ x[58]
x[311] = x[311] ^ x[154]
x[176] = x[176] ^ x[123]
x[209] = x[209] ^ x[110]
x[325] = x[325] ^ x[55]
x[254] = x[254] ^ x[161]
x[216] = x[216] ^ x[71]
x[207] = x[207] ^ x[64]
x[237] = x[237] ^ x[121]
x[171] = x[171] ^ x[25]
x[269] = x[269] ^ x[68]
x[197] = x[197] ^ x[2]
x[191] = x[191] ^ x[131]
x[167] = x[167] ^ x[93]
x[224] = x[224] ^ x[122]
x[242] = x[242] ^ x[99]
x[226] = x[226] ^ x[1]
x[291] = x[291] ^ x[34]
x[241] = x[241] ^ x[102]
x[228] = x[228] ^ x[97]
x[270] = x[270] ^ x[9]
x[185] = x[185] ^ x[43]
x[260] = x[260] ^ x[111]
x[189] = x[189] ^ x[35]
x[247] = x[247] ^ x[116]
x[202] = x[202] ^ x[91]
x[319] = x[319] ^ x[147]
x[204] = x[204] ^ x[40]
x[166] = x[166] ^ x[31]
x[230] = x[230] ^ x[44]
x[179] = x[179] ^ x[61]
x[294] = x[294] ^ x[4]
x[321] = x[321] ^ x[87]
x[323] = x[323] ^ x[124]
x[238] = x[238] ^ x[67]
x[163] = x[163] ^ x[24]
x[194] = x[194] ^ x[69]
x[223] = x[223] ^ x[118]
x[205] = x[205] ^ x[81]
x[306] = x[306] ^ x[152]
x[195] = x[195] ^ x[287]
x[289] = x[289] ^ x[22]
x[313] = x[313] ^ x[105]
x[317] = x[317] ^ x[184]
x[281] = x[281] ^ x[37]
x[303] = x[303] ^ x[8]
x[220] = x[220] ^ x[55]
x[175] = x[175] ^ x[71]
x[169] = x[169] ^ x[256]
x[173] = x[173] ^ x[14]
x[170] = x[170] ^ x[293]
x[193] = x[193] ^ x[97]
x[236] = x[236] ^ x[126]
x[264] = x[264] ^ x[137]
x[298] = x[298] ^ x[132]
x[251] = x[251] ^ x[136]
x[266] = x[266] ^ x[145]
x[182] = x[182] ^ x[296]
x[234] = x[234] ^ x[140]
x[279] = x[279] ^ x[41]
x[284] = x[284] ^ x[51]
x[295] = x[295] ^ x[272]
x[172] = x[172] ^ x[88]
x[312] = x[312] ^ x[133]
x[239] = x[239] ^ x[60]
x[232] = x[232] ^ x[134]
x[211] = x[211] ^ x[82]
x[214] = x[214] ^ x[130]
x[192] = x[192] ^ x[72]
x[178] = x[178] ^ x[30]
x[262] = x[262] ^ x[65]
x[278] = x[278] ^ x[26]
x[221] = x[221] ^ x[11]
x[237] = x[237] ^ x[84]
x[174] = x[174] ^ x[122]
x[252] = x[252] ^ x[49]
x[265] = x[265] ^ x[63]
x[259] = x[259] ^ x[116]
x[200] = x[200] ^ x[87]
x[290] = x[290] ^ x[86]
x[210] = x[210] ^ x[74]
x[168] = x[168] ^ x[15]
x[215] = x[215] ^ x[40]
x[257] = x[257] ^ x[150]
x[36] = x[36] ^ x[160]
x[244] = x[244] ^ x[129]
x[225] = x[225] ^ x[24]
x[180] = x[180] ^ x[96]
x[212] = x[212] ^ x[77]
x[188] = x[188] ^ x[148]
x[271] = x[271] ^ x[47]
x[208] = x[208] ^ x[138]
x[302] = x[302] ^ x[90]
x[218] = x[218] ^ x[68]
x[245] = x[245] ^ x[35]
x[233] = x[233] ^ x[101]
x[316] = x[316] ^ x[120]
x[189] = x[189] ^ x[56]
x[320] = x[320] ^ x[157]
x[240] = x[240] ^ x[112]
x[243] = x[243] ^ x[146]
x[274] = x[274] ^ x[48]
x[304] = x[304] ^ x[28]
x[198] = x[198] ^ x[144]
x[199] = x[199] ^ x[98]
x[322] = x[322] ^ x[162]
x[223] = x[223] ^ x[141]
x[309] = x[309] ^ x[156]
x[201] = x[201] ^ x[155]
x[315] = x[315] ^ x[151]
x[183] = x[183] ^ x[127]
x[297] = x[297] ^ x[305]
x[241] = x[241] ^ x[52]
x[275] = x[275] ^ x[94]
x[187] = x[187] ^ x[38]
x[282] = x[282] ^ x[46]
x[314] = x[314] ^ x[92]
x[219] = x[219] ^ x[95]
x[261] = x[261] ^ x[142]
x[231] = x[231] ^ x[10]
x[324] = x[324] ^ x[13]
x[321] = x[321] ^ x[153]
x[308] = x[308] ^ x[23]
x[283] = x[283] ^ x[109]
x[206] = x[206] ^ x[79]
x[301] = x[301] ^ x[103]
x[181] = x[181] ^ x[61]
x[203] = x[203] ^ x[20]
x[288] = x[288] ^ x[5]
x[249] = x[249] ^ x[128]
x[255] = x[255] ^ x[53]
x[235] = x[235] ^ x[83]
x[307] = x[307] ^ x[12]
x[229] = x[229] ^ x[106]
x[300] = x[300] ^ x[91]
x[276] = x[276] ^ x[59]
x[299] = x[299] ^ x[7]
x[190] = x[190] ^ x[27]
x[285] = x[285] ^ x[43]
x[323] = x[323] ^ x[76]
x[227] = x[227] ^ x[3]
x[205] = x[205] ^ x[32]
x[164] = x[164] ^ x[19]
x[253] = x[253] ^ x[42]
x[280] = x[280] ^ x[113]
x[202] = x[202] ^ x[85]
x[268] = x[268] ^ x[117]
x[238] = x[238] ^ x[108]
x[217] = x[217] ^ x[64]
x[228] = x[228] ^ x[16]
x[194] = x[194] ^ x[115]
x[191] = x[191] ^ x[80]
x[196] = x[196] ^ x[62]
x[310] = x[310] ^ x[135]
x[254] = x[254] ^ x[75]
x[246] = x[246] ^ x[104]
x[247] = x[247] ^ x[33]
x[230] = x[230] ^ x[58]
x[167] = x[167] ^ x[123]
x[176] = x[176] ^ x[6]
x[292] = x[292] ^ x[29]
x[277] = x[277] ^ x[110]
x[260] = x[260] ^ x[78]
x[166] = x[166] ^ x[154]
x[250] = x[250] ^ x[125]
x[171] = x[171] ^ x[17]
x[294] = x[294] ^ x[114]
x[226] = x[226] ^ x[119]
x[267] = x[267] ^ x[81]
x[270] = x[270] ^ x[149]
x[165] = x[165] ^ x[143]
x[242] = x[242] ^ x[158]
x[263] = x[263] ^ x[131]
x[177] = x[177] ^ x[111]
x[213] = x[213] ^ x[70]
x[269] = x[269] ^ x[34]
x[258] = x[258] ^ x[159]
x[186] = x[186] ^ x[102]
x[216] = x[216] ^ x[4]
x[185] = x[185] ^ x[107]
x[325] = x[325] ^ x[1]
x[318] = x[318] ^ x[25]
x[222] = x[222] ^ x[9]
x[163] = x[163] ^ x[99]
x[209] = x[209] ^ x[66]
x[319] = x[319] ^ x[139]
x[311] = x[311] ^ x[147]
x[179] = x[179] ^ x[93]
x[204] = x[204] ^ x[73]
x[224] = x[224] ^ x[21]
x[207] = x[207] ^ x[44]
x[291] = x[291] ^ x[18]
x[197] = x[197] ^ x[124]
x[306] = x[306] ^ x[93]
x[287] = x[287] ^ x[248]
x[195] = x[195] ^ x[145]
x[313] = x[313] ^ x[22]
x[281] = x[281] ^ x[34]
x[220] = x[220] ^ x[149]
x[274] = x[274] ^ x[8]
x[175] = x[175] ^ x[96]
x[283] = x[283] ^ x[317]
x[169] = x[169] ^ x[55]
x[173] = x[173] ^ x[103]
x[170] = x[170] ^ x[137]
x[293] = x[293] ^ x[19]
x[193] = x[193] ^ x[64]
x[264] = x[264] ^ x[144]
x[251] = x[251] ^ x[45]
x[279] = x[279] ^ x[298]
x[236] = x[236] ^ x[50]
x[234] = x[234] ^ x[76]
x[266] = x[266] ^ x[51]
x[219] = x[219] ^ x[88]
x[178] = x[178] ^ x[71]
x[312] = x[312] ^ x[59]
x[273] = x[273] ^ x[133]
x[192] = x[192] ^ x[107]
x[186] = x[186] ^ x[134]
x[291] = x[291] ^ x[82]
x[288] = x[288] ^ x[221]
x[187] = x[187] ^ x[60]
x[278] = x[278] ^ x[118]
x[280] = x[280] ^ x[84]
x[246] = x[246] ^ x[252]
x[244] = x[244] ^ x[30]
x[262] = x[262] ^ x[29]
x[259] = x[259] ^ x[46]
x[200] = x[200] ^ x[92]
x[210] = x[210] ^ x[57]
x[215] = x[215] ^ x[122]
x[214] = x[214] ^ x[63]
x[257] = x[257] ^ x[47]
x[211] = x[211] ^ x[138]
x[289] = x[289] ^ x[124]
x[172] = x[172] ^ x[101]
x[225] = x[225] ^ x[141]
x[168] = x[168] ^ x[75]
x[206] = x[206] ^ x[36]
x[212] = x[212] ^ x[128]
x[322] = x[322] ^ x[41]
x[231] = x[231] ^ x[77]
x[265] = x[265] ^ x[16]
x[240] = x[240] ^ x[40]
x[180] = x[180] ^ x[11]
x[302] = x[302] ^ x[73]
x[245] = x[245] ^ x[121]
x[218] = x[218] ^ x[17]
x[304] = x[304] ^ x[72]
x[239] = x[239] ^ x[48]
x[316] = x[316] ^ x[35]
x[242] = x[242] ^ x[157]
x[224] = x[224] ^ x[56]
x[303] = x[303] ^ x[119]
x[227] = x[227] ^ x[86]
x[243] = x[243] ^ x[94]
x[229] = x[229] ^ x[37]
x[188] = x[188] ^ x[6]
x[308] = x[308] ^ x[15]
x[286] = x[286] ^ x[151]
x[199] = x[199] ^ x[136]
x[181] = x[181] ^ x[98]
x[270] = x[270] ^ x[49]
x[201] = x[201] ^ x[105]
x[297] = x[297] ^ x[152]
x[309] = x[309] ^ x[52]
x[282] = x[282] ^ x[81]
x[296] = x[296] ^ x[83]
x[205] = x[205] ^ x[38]
x[185] = x[185] ^ x[13]
x[196] = x[196] ^ x[95]
x[182] = x[182] ^ x[153]
x[324] = x[324] ^ x[102]
x[261] = x[261] ^ x[161]
x[208] = x[208] ^ x[113]
x[300] = x[300] ^ x[23]
x[314] = x[314] ^ x[7]
x[203] = x[203] ^ x[90]
x[198] = x[198] ^ x[100]
x[307] = x[307] ^ x[140]
x[295] = x[295] ^ x[18]
x[256] = x[256] ^ x[61]
x[230] = x[230] ^ x[28]
x[255] = x[255] ^ x[135]
x[184] = x[184] ^ x[120]
x[258] = x[258] ^ x[74]
x[275] = x[275] ^ x[109]
x[292] = x[292] ^ x[91]
x[299] = x[299] ^ x[5]
x[190] = x[190] ^ x[12]
x[233] = x[233] ^ x[25]
x[204] = x[204] ^ x[132]
x[315] = x[315] ^ x[148]
x[209] = x[209] ^ x[106]
x[235] = x[235] ^ x[62]
x[189] = x[189] ^ x[14]
x[223] = x[223] ^ x[53]
x[250] = x[250] ^ x[3]
x[319] = x[319] ^ x[42]
x[237] = x[237] ^ x[80]
x[217] = x[217] ^ x[89]
x[207] = x[207] ^ x[32]
x[164] = x[164] ^ x[39]
x[268] = x[268] ^ x[67]
x[301] = x[301] ^ x[143]
x[165] = x[165] ^ x[10]
x[177] = x[177] ^ x[162]
x[294] = x[294] ^ x[27]
x[249] = x[249] ^ x[125]
x[253] = x[253] ^ x[85]
x[232] = x[232] ^ x[31]
x[311] = x[311] ^ x[110]
x[272] = x[272] ^ x[66]
x[321] = x[321] ^ x[78]
x[323] = x[323] ^ x[115]
x[318] = x[318] ^ x[58]
x[191] = x[191] ^ x[20]
x[228] = x[228] ^ x[159]
x[194] = x[194] ^ x[146]
x[171] = x[171] ^ x[43]
x[277] = x[277] ^ x[68]
x[166] = x[166] ^ x[123]
x[254] = x[254] ^ x[126]
x[176] = x[176] ^ x[112]
x[241] = x[241] ^ x[33]
x[267] = x[267] ^ x[117]
x[179] = x[179] ^ x[104]
x[310] = x[310] ^ x[154]
x[167] = x[167] ^ x[99]
x[247] = x[247] ^ x[24]
x[305] = x[305] ^ x[9]
x[238] = x[238] ^ x[54]
x[197] = x[197] ^ x[156]
x[263] = x[263] ^ x[127]
x[276] = x[276] ^ x[2]
x[216] = x[216] ^ x[79]
x[202] = x[202] ^ x[4]
x[226] = x[226] ^ x[139]
x[163] = x[163] ^ x[147]
x[222] = x[222] ^ x[87]
x[213] = x[213] ^ x[131]
x[325] = x[325] ^ x[142]
x[214] = x[214] ^ x[306]
x[287] = x[287] ^ x[133]
x[313] = x[313] ^ x[162]
x[227] = x[227] ^ x[22]
x[195] = x[195] ^ x[50]
x[281] = x[281] ^ x[98]
x[220] = x[220] ^ x[6]
x[8] = x[8] ^ x[121]
x[175] = x[175] ^ x[126]
x[317] = x[317] ^ x[64]
x[232] = x[232] ^ x[169]
x[173] = x[173] ^ x[33]
x[293] = x[293] ^ x[77]
x[236] = x[236] ^ x[34]
x[193] = x[193] ^ x[106]
x[170] = x[170] ^ x[136]
x[255] = x[255] ^ x[145]
x[248] = x[248] ^ x[84]
x[264] = x[264] ^ x[25]
x[251] = x[251] ^ x[115]
x[234] = x[234] ^ x[137]
x[262] = x[262] ^ x[51]
x[284] = x[284] ^ x[144]
x[231] = x[231] ^ x[178]
x[302] = x[302] ^ x[88]
x[315] = x[315] ^ x[273]
x[192] = x[192] ^ x[12]
x[197] = x[197] ^ x[134]
x[191] = x[191] ^ x[82]
x[244] = x[244] ^ x[71]
x[296] = x[296] ^ x[312]
x[221] = x[221] ^ x[60]
x[186] = x[186] ^ x[174]
x[252] = x[252] ^ x[153]
x[278] = x[278] ^ x[20]
x[259] = x[259] ^ x[156]
x[210] = x[210] ^ x[39]
x[257] = x[257] ^ x[160]
x[200] = x[200] ^ x[154]
x[179] = x[179] ^ x[289]
x[274] = x[274] ^ x[96]
x[225] = x[225] ^ x[58]
x[206] = x[206] ^ x[168]
x[215] = x[215] ^ x[111]
x[322] = x[322] ^ x[150]
x[241] = x[241] ^ x[36]
x[188] = x[188] ^ x[40]
x[212] = x[212] ^ x[42]
x[211] = x[211] ^ x[101]
x[171] = x[171] ^ x[47]
x[177] = x[177] ^ x[180]
x[240] = x[240] ^ x[245]
x[239] = x[239] ^ x[128]
x[316] = x[316] ^ x[113]
x[265] = x[265] ^ x[55]
x[288] = x[288] ^ x[49]
x[299] = x[299] ^ x[138]
x[194] = x[194] ^ x[157]
x[184] = x[184] ^ x[103]
x[323] = x[323] ^ x[141]
x[258] = x[258] ^ x[56]
x[201] = x[201] ^ x[59]
x[183] = x[183] ^ x[41]
x[304] = x[304] ^ x[80]
x[166] = x[166] ^ x[37]
x[303] = x[303] ^ x[85]
x[267] = x[267] ^ x[15]
x[187] = x[187] ^ x[21]
x[260] = x[260] ^ x[94]
x[172] = x[172] ^ x[57]
x[282] = x[282] ^ x[119]
x[314] = x[314] ^ x[151]
x[266] = x[266] ^ x[79]
x[219] = x[219] ^ x[53]
x[203] = x[203] ^ x[35]
x[182] = x[182] ^ x[149]
x[243] = x[243] ^ x[3]
x[298] = x[298] ^ x[95]
x[300] = x[300] ^ x[52]
x[297] = x[297] ^ x[11]
x[277] = x[277] ^ x[13]
x[301] = x[301] ^ x[92]
x[324] = x[324] ^ x[99]
x[271] = x[271] ^ x[152]
x[286] = x[286] ^ x[127]
x[309] = x[309] ^ x[143]
x[181] = x[181] ^ x[31]
x[261] = x[261] ^ x[116]
x[208] = x[208] ^ x[97]
x[283] = x[283] ^ x[30]
x[205] = x[205] ^ x[5]
x[269] = x[269] ^ x[140]
x[308] = x[308] ^ x[93]
x[185] = x[185] ^ x[38]
x[254] = x[254] ^ x[28]
x[256] = x[256] ^ x[81]
x[242] = x[242] ^ x[129]
x[250] = x[250] ^ x[83]
x[229] = x[229] ^ x[74]
x[228] = x[228] ^ x[86]
x[285] = x[285] ^ x[122]
x[295] = x[295] ^ x[61]
x[272] = x[272] ^ x[132]
x[249] = x[249] ^ x[46]
x[275] = x[275] ^ x[148]
x[223] = x[223] ^ x[16]
x[233] = x[233] ^ x[76]
x[294] = x[294] ^ x[7]
x[321] = x[321] ^ x[120]
x[238] = x[238] ^ x[75]
x[217] = x[217] ^ x[117]
x[176] = x[176] ^ x[109]
x[189] = x[189] ^ x[78]
x[164] = x[164] ^ x[108]
x[268] = x[268] ^ x[73]
x[196] = x[196] ^ x[2]
x[209] = x[209] ^ x[48]
x[222] = x[222] ^ x[27]
x[292] = x[292] ^ x[26]
x[230] = x[230] ^ x[66]
x[165] = x[165] ^ x[14]
x[280] = x[280] ^ x[32]
x[307] = x[307] ^ x[62]
x[247] = x[247] ^ x[161]
x[224] = x[224] ^ x[123]
x[291] = x[291] ^ x[110]
x[318] = x[318] ^ x[125]
x[204] = x[204] ^ x[63]
x[237] = x[237] ^ x[135]
x[253] = x[253] ^ x[23]
x[216] = x[216] ^ x[68]
x[190] = x[190] ^ x[54]
x[226] = x[226] ^ x[104]
x[305] = x[305] ^ x[159]
x[213] = x[213] ^ x[43]
x[276] = x[276] ^ x[17]
x[310] = x[310] ^ x[155]
x[319] = x[319] ^ x[70]
x[263] = x[263] ^ x[91]
x[270] = x[270] ^ x[44]
x[163] = x[163] ^ x[146]
x[167] = x[167] ^ x[29]
x[207] = x[207] ^ x[1]
x[246] = x[246] ^ x[118]
x[311] = x[311] ^ x[142]
x[325] = x[325] ^ x[124]
x[306] = x[306] ^ x[5]
x[287] = x[287] ^ x[104]
x[313] = x[313] ^ x[43]
x[195] = x[195] ^ x[25]
x[254] = x[254] ^ x[22]
x[281] = x[281] ^ x[114]
x[220] = x[220] ^ x[137]
x[255] = x[255] ^ x[175]
x[317] = x[317] ^ x[27]
x[173] = x[173] ^ x[127]
x[293] = x[293] ^ x[89]
x[170] = x[170] ^ x[63]
x[311] = x[311] ^ x[145]
x[193] = x[193] ^ x[37]
x[248] = x[248] ^ x[26]
x[264] = x[264] ^ x[77]
x[236] = x[236] ^ x[141]
x[251] = x[251] ^ x[94]
x[234] = x[234] ^ x[17]
x[302] = x[302] ^ x[51]
x[215] = x[215] ^ x[284]
x[192] = x[192] ^ x[59]
x[273] = x[273] ^ x[88]
x[217] = x[217] ^ x[82]
x[312] = x[312] ^ x[157]
x[207] = x[207] ^ x[60]
x[221] = x[221] ^ x[290]
x[174] = x[174] ^ x[125]
x[243] = x[243] ^ x[134]
x[200] = x[200] ^ x[144]
x[296] = x[296] ^ x[84]
x[274] = x[274] ^ x[136]
x[259] = x[259] ^ x[149]
x[196] = x[196] ^ x[214]
x[169] = x[169] ^ x[56]
x[210] = x[210] ^ x[23]
x[244] = x[244] ^ x[38]
x[262] = x[262] ^ x[161]
x[252] = x[252] ^ x[33]
x[225] = x[225] ^ x[150]
x[257] = x[257] ^ x[87]
x[201] = x[201] ^ x[8]
x[297] = x[297] ^ x[133]
x[300] = x[300] ^ x[101]
x[211] = x[211] ^ x[53]
x[186] = x[186] ^ x[15]
x[258] = x[258] ^ x[47]
x[278] = x[278] ^ x[158]
x[206] = x[206] ^ x[28]
x[212] = x[212] ^ x[2]
x[316] = x[316] ^ x[24]
x[322] = x[322] ^ x[34]
x[231] = x[231] ^ x[140]
x[227] = x[227] ^ x[49]
x[265] = x[265] ^ x[54]
x[171] = x[171] ^ x[240]
x[177] = x[177] ^ x[138]
x[188] = x[188] ^ x[86]
x[187] = x[187] ^ x[129]
x[303] = x[303] ^ x[32]
x[239] = x[239] ^ x[9]
x[304] = x[304] ^ x[151]
x[198] = x[198] ^ x[98]
x[203] = x[203] ^ x[92]
x[285] = x[285] ^ x[36]
x[172] = x[172] ^ x[45]
x[219] = x[219] ^ x[105]
x[282] = x[282] ^ x[42]
x[294] = x[294] ^ x[52]
x[253] = x[253] ^ x[153]
x[321] = x[321] ^ x[103]
x[325] = x[325] ^ x[95]
x[182] = x[182] ^ x[131]
x[178] = x[178] ^ x[13]
x[233] = x[233] ^ x[128]
x[308] = x[308] ^ x[113]
x[168] = x[168] ^ x[14]
x[181] = x[181] ^ x[159]
x[208] = x[208] ^ x[122]
x[256] = x[256] ^ x[12]
x[324] = x[324] ^ x[73]
x[266] = x[266] ^ x[67]
x[286] = x[286] ^ x[41]
x[271] = x[271] ^ x[18]
x[261] = x[261] ^ x[111]
x[235] = x[235] ^ x[6]
x[314] = x[314] ^ x[106]
x[315] = x[315] ^ x[29]
x[269] = x[269] ^ x[11]
x[298] = x[298] ^ x[80]
x[229] = x[229] ^ x[64]
x[288] = x[288] ^ x[96]
x[299] = x[299] ^ x[91]
x[194] = x[194] ^ x[76]
x[292] = x[292] ^ x[83]
x[280] = x[280] ^ x[93]
x[245] = x[245] ^ x[123]
x[305] = x[305] ^ x[3]
x[291] = x[291] ^ x[126]
x[184] = x[184] ^ x[90]
x[323] = x[323] ^ x[48]
x[267] = x[267] ^ x[135]
x[309] = x[309] ^ x[70]
x[232] = x[232] ^ x[40]
x[307] = x[307] ^ x[79]
x[247] = x[247] ^ x[7]
x[189] = x[189] ^ x[66]
x[242] = x[242] ^ x[109]
x[238] = x[238] ^ x[50]
x[204] = x[204] ^ x[16]
x[199] = x[199] ^ x[119]
x[246] = x[246] ^ x[78]
x[250] = x[250] ^ x[58]
x[202] = x[202] ^ x[120]
x[191] = x[191] ^ x[74]
x[164] = x[164] ^ x[99]
x[289] = x[289] ^ x[55]
x[249] = x[249] ^ x[62]
x[165] = x[165] ^ x[152]
x[190] = x[190] ^ x[20]
x[224] = x[224] ^ x[154]
x[230] = x[230] ^ x[121]
x[213] = x[213] ^ x[75]
x[185] = x[185] ^ x[10]
x[277] = x[277] ^ x[107]
x[223] = x[223] ^ x[142]
x[237] = x[237] ^ x[118]
x[263] = x[263] ^ x[132]
x[319] = x[319] ^ x[97]
x[301] = x[301] ^ x[31]
x[260] = x[260] ^ x[39]
x[270] = x[270] ^ x[162]
x[166] = x[166] ^ x[1]
x[205] = x[205] ^ x[19]
x[275] = x[275] ^ x[115]
x[222] = x[222] ^ x[156]
x[310] = x[310] ^ x[139]
x[163] = x[163] ^ x[85]
x[176] = x[176] ^ x[44]
x[197] = x[197] ^ x[147]
x[179] = x[179] ^ x[160]
x[272] = x[272] ^ x[46]
x[318] = x[318] ^ x[30]
x[241] = x[241] ^ x[146]
x[228] = x[228] ^ x[71]
x[216] = x[216] ^ x[148]
x[226] = x[226] ^ x[21]
x[276] = x[276] ^ x[61]
x[306] = x[306] ^ x[67]
x[287] = x[287] ^ x[102]
x[313] = x[313] ^ x[50]
x[283] = x[283] ^ x[195]
x[277] = x[277] ^ x[22]
x[281] = x[281] ^ x[8]
x[220] = x[220] ^ x[85]
x[317] = x[317] ^ x[108]
x[293] = x[293] ^ x[106]
x[173] = x[173] ^ x[147]
x[170] = x[170] ^ x[55]
x[224] = x[224] ^ x[145]
x[267] = x[267] ^ x[193]
x[248] = x[248] ^ x[75]
x[264] = x[264] ^ x[53]
x[236] = x[236] ^ x[23]
x[251] = x[251] ^ x[88]
x[198] = x[198] ^ x[51]
x[234] = x[234] ^ x[72]
x[311] = x[311] ^ x[134]
x[254] = x[254] ^ x[84]
x[192] = x[192] ^ x[37]
x[275] = x[275] ^ x[82]
x[290] = x[290] ^ x[56]
x[174] = x[174] ^ x[40]
x[252] = x[252] ^ x[59]
x[184] = x[184] ^ x[60]
x[278] = x[278] ^ x[141]
x[259] = x[259] ^ x[99]
x[200] = x[200] ^ x[10]
x[214] = x[214] ^ x[47]
x[243] = x[243] ^ x[77]
x[282] = x[282] ^ x[137]
x[210] = x[210] ^ x[113]
x[312] = x[312] ^ x[71]
x[273] = x[273] ^ x[29]
x[244] = x[244] ^ x[138]
x[302] = x[302] ^ x[15]
x[215] = x[215] ^ x[125]
x[262] = x[262] ^ x[44]
x[225] = x[225] ^ x[33]
x[211] = x[211] ^ x[61]
x[257] = x[257] ^ x[42]
x[284] = x[284] ^ x[48]
x[271] = x[271] ^ x[133]
x[316] = x[316] ^ x[150]
x[235] = x[235] ^ x[274]
x[322] = x[322] ^ x[30]
x[231] = x[231] ^ x[24]
x[238] = x[238] ^ x[157]
x[212] = x[212] ^ x[124]
x[240] = x[240] ^ x[36]
x[237] = x[237] ^ x[49]
x[265] = x[265] ^ x[58]
x[165] = x[165] ^ x[94]
x[172] = x[172] ^ x[2]
x[229] = x[229] ^ x[144]
x[266] = x[266] ^ x[86]
x[188] = x[188] ^ x[90]
x[314] = x[314] ^ x[136]
x[280] = x[280] ^ x[303]
x[239] = x[239] ^ x[35]
x[206] = x[206] ^ x[41]
x[304] = x[304] ^ x[76]
x[181] = x[181] ^ x[151]
x[201] = x[201] ^ x[149]
x[219] = x[219] ^ x[81]
x[288] = x[288] ^ x[98]
x[301] = x[301] ^ x[95]
x[171] = x[171] ^ x[92]
x[182] = x[182] ^ x[116]
x[166] = x[166] ^ x[52]
x[297] = x[297] ^ x[119]
x[216] = x[216] ^ x[13]
x[187] = x[187] ^ x[155]
x[207] = x[207] ^ x[11]
x[255] = x[255] ^ x[153]
x[300] = x[300] ^ x[131]
x[203] = x[203] ^ x[152]
x[256] = x[256] ^ x[126]
x[208] = x[208] ^ x[148]
x[178] = x[178] ^ x[16]
x[309] = x[309] ^ x[105]
x[197] = x[197] ^ x[261]
x[199] = x[199] ^ x[128]
x[308] = x[308] ^ x[87]
x[45] = x[45] ^ x[17]
x[276] = x[276] ^ x[5]
x[245] = x[245] ^ x[12]
x[169] = x[169] ^ x[63]
x[190] = x[190] ^ x[38]
x[233] = x[233] ^ x[39]
x[324] = x[324] ^ x[6]
x[221] = x[221] ^ x[143]
x[242] = x[242] ^ x[27]
x[298] = x[298] ^ x[32]
x[315] = x[315] ^ x[31]
x[292] = x[292] ^ x[28]
x[232] = x[232] ^ x[64]
x[295] = x[295] ^ x[111]
x[186] = x[186] ^ x[132]
x[194] = x[194] ^ x[140]
x[177] = x[177] ^ x[83]
x[299] = x[299] ^ x[103]
x[227] = x[227] ^ x[154]
x[321] = x[321] ^ x[62]
x[285] = x[285] ^ x[89]
x[250] = x[250] ^ x[129]
x[268] = x[268] ^ x[135]
x[168] = x[168] ^ x[123]
x[217] = x[217] ^ x[7]
x[164] = x[164] ^ x[121]
x[176] = x[176] ^ x[161]
x[209] = x[209] ^ x[104]
x[202] = x[202] ^ x[162]
x[307] = x[307] ^ x[25]
x[253] = x[253] ^ x[120]
x[223] = x[223] ^ x[78]
x[260] = x[260] ^ x[96]
x[230] = x[230] ^ x[57]
x[249] = x[249] ^ x[122]
x[318] = x[318] ^ x[20]
x[246] = x[246] ^ x[3]
x[213] = x[213] ^ x[115]
x[323] = x[323] ^ x[34]
x[272] = x[272] ^ x[107]
x[258] = x[258] ^ x[110]
x[196] = x[196] ^ x[1]
x[222] = x[222] ^ x[74]
x[241] = x[241] ^ x[109]
x[289] = x[289] ^ x[118]
x[205] = x[205] ^ x[73]
x[294] = x[294] ^ x[97]
x[226] = x[226] ^ x[9]
x[270] = x[270] ^ x[159]
x[269] = x[269] ^ x[66]
x[319] = x[319] ^ x[146]
x[167] = x[167] ^ x[26]
x[291] = x[291] ^ x[142]
x[189] = x[189] ^ x[69]
x[179] = x[179] ^ x[46]
x[204] = x[204] ^ x[156]
x[305] = x[305] ^ x[4]
x[228] = x[228] ^ x[19]
x[163] = x[163] ^ x[160]
x[310] = x[310] ^ x[100]
x[191] = x[191] ^ x[117]
x[263] = x[263] ^ x[18]
x[306] = x[306] ^ x[3]
x[287] = x[287] ^ x[67]
x[313] = x[313] ^ x[60]
x[195] = x[195] ^ x[22]
x[175] = x[175] ^ x[281]
x[317] = x[317] ^ x[26]
x[173] = x[173] ^ x[108]
x[293] = x[293] ^ x[118]
x[170] = x[170] ^ x[47]
x[193] = x[193] ^ x[145]
x[248] = x[248] ^ x[130]
x[300] = x[300] ^ x[264]
x[236] = x[236] ^ x[123]
x[251] = x[251] ^ x[121]
x[232] = x[232] ^ x[51]
x[234] = x[234] ^ x[117]
x[255] = x[255] ^ x[88]
x[192] = x[192] ^ x[81]
x[302] = x[302] ^ x[8]
x[174] = x[174] ^ x[151]
x[252] = x[252] ^ x[137]
x[278] = x[278] ^ x[43]
x[184] = x[184] ^ x[82]
x[164] = x[164] ^ x[84]
x[259] = x[259] ^ x[129]
x[200] = x[200] ^ x[20]
x[215] = x[215] ^ x[23]
x[210] = x[210] ^ x[96]
x[225] = x[225] ^ x[50]
x[273] = x[273] ^ x[218]
x[241] = x[241] ^ x[56]
x[244] = x[244] ^ x[154]
x[243] = x[243] ^ x[157]
x[272] = x[272] ^ x[262]
x[212] = x[212] ^ x[48]
x[312] = x[312] ^ x[135]
x[211] = x[211] ^ x[59]
x[214] = x[214] ^ x[36]
x[265] = x[265] ^ x[99]
x[284] = x[284] ^ x[79]
x[217] = x[217] ^ x[141]
x[226] = x[226] ^ x[138]
x[283] = x[283] ^ x[136]
x[319] = x[319] ^ x[37]
x[274] = x[274] ^ x[41]
x[290] = x[290] ^ x[12]
x[190] = x[190] ^ x[15]
x[201] = x[201] ^ x[33]
x[183] = x[183] ^ x[77]
x[231] = x[231] ^ x[68]
x[322] = x[322] ^ x[70]
x[325] = x[325] ^ x[49]
x[269] = x[269] ^ x[94]
x[188] = x[188] ^ x[113]
x[271] = x[271] ^ x[98]
x[198] = x[198] ^ x[128]
x[316] = x[316] ^ x[93]
x[303] = x[303] ^ x[143]
x[172] = x[172] ^ x[159]
x[233] = x[233] ^ x[133]
x[266] = x[266] ^ x[5]
x[239] = x[239] ^ x[44]
x[304] = x[304] ^ x[86]
x[206] = x[206] ^ x[10]
x[311] = x[311] ^ x[11]
x[282] = x[282] ^ x[85]
x[187] = x[187] ^ x[102]
x[203] = x[203] ^ x[24]
x[314] = x[314] ^ x[63]
x[301] = x[301] ^ x[153]
x[267] = x[267] ^ x[103]
x[179] = x[179] ^ x[92]
x[199] = x[199] ^ x[42]
x[308] = x[308] ^ x[149]
x[297] = x[297] ^ x[132]
x[270] = x[270] ^ x[13]
x[181] = x[181] ^ x[66]
x[253] = x[253] ^ x[95]
x[247] = x[247] ^ x[52]
x[182] = x[182] ^ x[144]
x[288] = x[288] ^ x[18]
x[240] = x[240] ^ x[72]
x[169] = x[169] ^ x[119]
x[324] = x[324] ^ x[2]
x[208] = x[208] ^ x[147]
x[309] = x[309] ^ x[28]
x[167] = x[167] ^ x[261]
x[256] = x[256] ^ x[127]
x[197] = x[197] ^ x[140]
x[315] = x[315] ^ x[106]
x[209] = x[209] ^ x[38]
x[227] = x[227] ^ x[17]
x[295] = x[295] ^ x[125]
x[171] = x[171] ^ x[83]
x[229] = x[229] ^ x[27]
x[276] = x[276] ^ x[25]
x[285] = x[285] ^ x[53]
x[245] = x[245] ^ x[80]
x[228] = x[228] ^ x[32]
x[310] = x[310] ^ x[76]
x[189] = x[189] ^ x[75]
x[177] = x[177] ^ x[104]
x[254] = x[254] ^ x[55]
x[168] = x[168] ^ x[16]
x[207] = x[207] ^ x[71]
x[250] = x[250] ^ x[6]
x[230] = x[230] ^ x[45]
x[216] = x[216] ^ x[122]
x[280] = x[280] ^ x[9]
x[194] = x[194] ^ x[39]
x[176] = x[176] ^ x[14]
x[289] = x[289] ^ x[162]
x[291] = x[291] ^ x[64]
x[165] = x[165] ^ x[161]
x[258] = x[258] ^ x[58]
x[196] = x[196] ^ x[89]
x[224] = x[224] ^ x[78]
x[299] = x[299] ^ x[120]
x[221] = x[221] ^ x[111]
x[238] = x[238] ^ x[7]
x[246] = x[246] ^ x[62]
x[191] = x[191] ^ x[29]
x[242] = x[242] ^ x[54]
x[166] = x[166] ^ x[105]
x[237] = x[237] ^ x[57]
x[178] = x[178] ^ x[69]
x[249] = x[249] ^ x[124]
x[292] = x[292] ^ x[35]
x[323] = x[323] ^ x[110]
x[298] = x[298] ^ x[152]
x[185] = x[185] ^ x[1]
x[204] = x[204] ^ x[90]
x[318] = x[318] ^ x[114]
x[307] = x[307] ^ x[107]
x[222] = x[222] ^ x[40]
x[186] = x[186] ^ x[31]
x[260] = x[260] ^ x[34]
x[205] = x[205] ^ x[158]
x[277] = x[277] ^ x[148]
x[163] = x[163] ^ x[73]
x[294] = x[294] ^ x[131]
x[223] = x[223] ^ x[115]
x[321] = x[321] ^ x[155]
x[305] = x[305] ^ x[142]
x[306] = x[306] ^ x[23]
x[286] = x[286] ^ x[287]
x[313] = x[313] ^ x[62]
x[169] = x[169] ^ x[22]
x[281] = x[281] ^ x[220]
x[317] = x[317] ^ x[125]
x[173] = x[173] ^ x[101]
x[293] = x[293] ^ x[64]
x[170] = x[170] ^ x[91]
x[279] = x[279] ^ x[145]
x[248] = x[248] ^ x[142]
x[264] = x[264] ^ x[88]
x[236] = x[236] ^ x[134]
x[251] = x[251] ^ x[8]
x[235] = x[235] ^ x[51]
x[234] = x[234] ^ x[144]
x[130] = x[130] ^ x[139]
x[193] = x[193] ^ x[60]
x[174] = x[174] ^ x[66]
x[270] = x[270] ^ x[82]
x[252] = x[252] ^ x[128]
x[216] = x[216] ^ x[84]
x[312] = x[312] ^ x[117]
x[259] = x[259] ^ x[103]
x[195] = x[195] ^ x[72]
x[302] = x[302] ^ x[40]
x[273] = x[273] ^ x[136]
x[200] = x[200] ^ x[46]
x[299] = x[299] ^ x[47]
x[175] = x[175] ^ x[215]
x[244] = x[244] ^ x[44]
x[210] = x[210] ^ x[127]
x[227] = x[227] ^ x[225]
x[257] = x[257] ^ x[3]
x[278] = x[278] ^ x[56]
x[322] = x[322] ^ x[81]
x[292] = x[292] ^ x[138]
x[241] = x[241] ^ x[141]
x[307] = x[307] ^ x[157]
x[274] = x[274] ^ x[143]
x[284] = x[284] ^ x[131]
x[230] = x[230] ^ x[15]
x[265] = x[265] ^ x[17]
x[201] = x[201] ^ x[108]
x[212] = x[212] ^ x[140]
x[283] = x[283] ^ x[37]
x[223] = x[223] ^ x[183]
x[231] = x[231] ^ x[158]
x[185] = x[185] ^ x[36]
x[289] = x[289] ^ x[94]
x[184] = x[184] ^ x[137]
x[296] = x[296] ^ x[48]
x[188] = x[188] ^ x[106]
x[211] = x[211] ^ x[30]
x[218] = x[218] ^ x[111]
x[217] = x[217] ^ x[151]
x[290] = x[290] ^ x[27]
x[196] = x[196] ^ x[49]
x[303] = x[303] ^ x[67]
x[239] = x[239] ^ x[6]
x[300] = x[300] ^ x[133]
x[271] = x[271] ^ x[161]
x[219] = x[219] ^ x[26]
x[214] = x[214] ^ x[11]
x[228] = x[228] ^ x[98]
x[277] = x[277] ^ x[86]
x[172] = x[172] ^ x[89]
x[243] = x[243] ^ x[126]
x[314] = x[314] ^ x[159]
x[203] = x[203] ^ x[58]
x[304] = x[304] ^ x[53]
x[189] = x[189] ^ x[41]
x[282] = x[282] ^ x[83]
x[294] = x[294] ^ x[153]
x[181] = x[181] ^ x[79]
x[249] = x[249] ^ x[13]
x[182] = x[182] ^ x[155]
x[166] = x[166] ^ x[95]
x[297] = x[297] ^ x[120]
x[240] = x[240] ^ x[71]
x[311] = x[311] ^ x[113]
x[167] = x[167] ^ x[5]
x[309] = x[309] ^ x[24]
x[269] = x[269] ^ x[12]
x[165] = x[165] ^ x[28]
x[255] = x[255] ^ x[121]
x[229] = x[229] ^ x[85]
x[233] = x[233] ^ x[57]
x[208] = x[208] ^ x[162]
x[256] = x[256] ^ x[135]
x[308] = x[308] ^ x[69]
x[280] = x[280] ^ x[132]
x[176] = x[176] ^ x[42]
x[187] = x[187] ^ x[52]
x[254] = x[254] ^ x[63]
x[247] = x[247] ^ x[59]
x[261] = x[261] ^ x[4]
x[295] = x[295] ^ x[2]
x[213] = x[213] ^ x[315]
x[190] = x[190] ^ x[25]
x[202] = x[202] ^ x[149]
x[221] = x[221] ^ x[76]
x[325] = x[325] ^ x[75]
x[275] = x[275] ^ x[32]
x[205] = x[205] ^ x[33]
x[258] = x[258] ^ x[10]
x[319] = x[319] ^ x[7]
x[164] = x[164] ^ x[14]
x[242] = x[242] ^ x[16]
x[250] = x[250] ^ x[43]
x[168] = x[168] ^ x[119]
x[291] = x[291] ^ x[55]
x[204] = x[204] ^ x[45]
x[186] = x[186] ^ x[20]
x[238] = x[238] ^ x[122]
x[177] = x[177] ^ x[146]
x[194] = x[194] ^ x[123]
x[209] = x[209] ^ x[29]
x[171] = x[171] ^ x[148]
x[245] = x[245] ^ x[116]
x[191] = x[191] ^ x[99]
x[298] = x[298] ^ x[93]
x[179] = x[179] ^ x[96]
x[246] = x[246] ^ x[74]
x[237] = x[237] ^ x[35]
x[224] = x[224] ^ x[110]
x[321] = x[321] ^ x[54]
x[301] = x[301] ^ x[152]
x[272] = x[272] ^ x[97]
x[197] = x[197] ^ x[70]
x[323] = x[323] ^ x[77]
x[305] = x[305] ^ x[107]
x[263] = x[263] ^ x[39]
x[178] = x[178] ^ x[105]
x[285] = x[285] ^ x[118]
x[253] = x[253] ^ x[104]
x[222] = x[222] ^ x[31]
x[226] = x[226] ^ x[50]
x[310] = x[310] ^ x[147]
x[207] = x[207] ^ x[21]
x[276] = x[276] ^ x[87]
x[318] = x[318] ^ x[115]
x[262] = x[262] ^ x[150]
x[163] = x[163] ^ x[34]
x[260] = x[260] ^ x[73]
x[306] = x[306] ^ x[14]
x[287] = x[287] ^ x[22]
x[313] = x[313] ^ x[86]
x[317] = x[317] ^ x[107]
x[173] = x[173] ^ x[44]
x[293] = x[293] ^ x[75]
x[170] = x[170] ^ x[114]
x[272] = x[272] ^ x[145]
x[167] = x[167] ^ x[279]
x[248] = x[248] ^ x[132]
x[236] = x[236] ^ x[117]
x[251] = x[251] ^ x[49]
x[234] = x[234] ^ x[28]
x[230] = x[230] ^ x[51]
x[220] = x[220] ^ x[84]
x[217] = x[217] ^ x[88]
x[264] = x[264] ^ x[130]
x[213] = x[213] ^ x[60]
x[174] = x[174] ^ x[106]
x[200] = x[200] ^ x[23]
x[252] = x[252] ^ x[2]
x[187] = x[187] ^ x[8]
x[169] = x[169] ^ x[82]
x[101] = x[101] ^ x[55]
x[259] = x[259] ^ x[27]
x[278] = x[278] ^ x[40]
x[302] = x[302] ^ x[36]
x[273] = x[273] ^ x[52]
x[195] = x[195] ^ x[153]
x[244] = x[244] ^ x[152]
x[189] = x[189] ^ x[47]
x[210] = x[210] ^ x[126]
x[211] = x[211] ^ x[62]
x[215] = x[215] ^ x[118]
x[212] = x[212] ^ x[125]
x[312] = x[312] ^ x[78]
x[225] = x[225] ^ x[37]
x[193] = x[193] ^ x[24]
x[290] = x[290] ^ x[3]
x[263] = x[263] ^ x[157]
x[260] = x[260] ^ x[138]
x[165] = x[165] ^ x[257]
x[214] = x[214] ^ x[136]
x[274] = x[274] ^ x[69]
x[284] = x[284] ^ x[155]
x[309] = x[309] ^ x[15]
x[296] = x[296] ^ x[141]
x[166] = x[166] ^ x[322]
x[168] = x[168] ^ x[56]
x[283] = x[283] ^ x[33]
x[201] = x[201] ^ x[35]
x[250] = x[250] ^ x[94]
x[270] = x[270] ^ x[316]
x[325] = x[325] ^ x[231]
x[304] = x[304] ^ x[108]
x[266] = x[266] ^ x[17]
x[188] = x[188] ^ x[68]
x[282] = x[282] ^ x[111]
x[190] = x[190] ^ x[137]
x[238] = x[238] ^ x[151]
x[303] = x[303] ^ x[104]
x[233] = x[233] ^ x[98]
x[239] = x[239] ^ x[133]
x[219] = x[219] ^ x[77]
x[183] = x[183] ^ x[38]
x[218] = x[218] ^ x[26]
x[243] = x[243] ^ x[161]
x[223] = x[223] ^ x[92]
x[221] = x[221] ^ x[172]
x[255] = x[255] ^ x[103]
x[319] = x[319] ^ x[271]
x[300] = x[300] ^ x[123]
x[307] = x[307] ^ x[11]
x[258] = x[258] ^ x[72]
x[181] = x[181] ^ x[144]
x[267] = x[267] ^ x[13]
x[292] = x[292] ^ x[95]
x[184] = x[184] ^ x[182]
x[208] = x[208] ^ x[120]
x[203] = x[203] ^ x[147]
x[240] = x[240] ^ x[91]
x[305] = x[305] ^ x[41]
x[285] = x[285] ^ x[128]
x[314] = x[314] ^ x[18]
x[197] = x[197] ^ x[113]
x[224] = x[224] ^ x[12]
x[281] = x[281] ^ x[121]
x[228] = x[228] ^ x[315]
x[232] = x[232] ^ x[67]
x[301] = x[301] ^ x[59]
x[291] = x[291] ^ x[140]
x[196] = x[196] ^ x[143]
x[276] = x[276] ^ x[83]
x[207] = x[207] ^ x[5]
x[311] = x[311] ^ x[80]
x[299] = x[299] ^ x[20]
x[294] = x[294] ^ x[42]
x[177] = x[177] ^ x[58]
x[176] = x[176] ^ x[53]
x[277] = x[277] ^ x[76]
x[254] = x[254] ^ x[32]
x[321] = x[321] ^ x[85]
x[247] = x[247] ^ x[64]
x[185] = x[185] ^ x[135]
x[289] = x[289] ^ x[50]
x[191] = x[191] ^ x[16]
x[261] = x[261] ^ x[46]
x[164] = x[164] ^ x[30]
x[280] = x[280] ^ x[63]
x[178] = x[178] ^ x[6]
x[202] = x[202] ^ x[7]
x[323] = x[323] ^ x[10]
x[275] = x[275] ^ x[45]
x[245] = x[245] ^ x[139]
x[242] = x[242] ^ x[102]
x[204] = x[204] ^ x[154]
x[318] = x[318] ^ x[29]
x[163] = x[163] ^ x[149]
x[246] = x[246] ^ x[66]
x[237] = x[237] ^ x[158]
x[249] = x[249] ^ x[25]
x[310] = x[310] ^ x[48]
x[241] = x[241] ^ x[131]
x[171] = x[171] ^ x[4]
x[226] = x[226] ^ x[74]
x[186] = x[186] ^ x[89]
x[205] = x[205] ^ x[162]
x[253] = x[253] ^ x[127]
x[298] = x[298] ^ x[57]
x[269] = x[269] ^ x[61]
x[194] = x[194] ^ x[54]
x[216] = x[216] ^ x[19]
x[222] = x[222] ^ x[96]
x[262] = x[262] ^ x[71]
x[306] = x[306] ^ x[65]
x[313] = x[313] ^ x[8]
x[220] = x[220] ^ x[22]
x[287] = x[287] ^ x[131]
x[317] = x[317] ^ x[50]
x[293] = x[293] ^ x[162]
x[173] = x[173] ^ x[60]
x[170] = x[170] ^ x[79]
x[191] = x[191] ^ x[145]
x[248] = x[248] ^ x[6]
x[267] = x[267] ^ x[236]
x[251] = x[251] ^ x[14]
x[234] = x[234] ^ x[123]
x[209] = x[209] ^ x[51]
x[270] = x[270] ^ x[88]
x[264] = x[264] ^ x[49]
x[235] = x[235] ^ x[130]
x[174] = x[174] ^ x[46]
x[180] = x[180] ^ x[84]
x[312] = x[312] ^ x[23]
x[195] = x[195] ^ x[117]
x[252] = x[252] ^ x[86]
x[218] = x[218] ^ x[82]
x[206] = x[206] ^ x[101]
x[259] = x[259] ^ x[7]
x[215] = x[215] ^ x[106]
x[268] = x[268] ^ x[200]
x[302] = x[302] ^ x[118]
x[273] = x[273] ^ x[5]
x[278] = x[278] ^ x[110]
x[225] = x[225] ^ x[47]
x[244] = x[244] ^ x[135]
x[193] = x[193] ^ x[67]
x[290] = x[290] ^ x[144]
x[205] = x[205] ^ x[138]
x[212] = x[212] ^ x[103]
x[210] = x[210] ^ x[26]
x[240] = x[240] ^ x[37]
x[197] = x[197] ^ x[136]
x[274] = x[274] ^ x[153]
x[269] = x[269] ^ x[15]
x[176] = x[176] ^ x[141]
x[245] = x[245] ^ x[157]
x[322] = x[322] ^ x[56]
x[296] = x[296] ^ x[102]
x[284] = x[284] ^ x[95]
x[201] = x[201] ^ x[140]
x[316] = x[316] ^ x[198]
x[214] = x[214] ^ x[121]
x[282] = x[282] ^ x[89]
x[164] = x[164] ^ x[137]
x[303] = x[303] ^ x[128]
x[230] = x[230] ^ x[283]
x[321] = x[321] ^ x[94]
x[297] = x[297] ^ x[125]
x[188] = x[188] ^ x[139]
x[304] = x[304] ^ x[133]
x[239] = x[239] ^ x[85]
x[324] = x[324] ^ x[98]
x[243] = x[243] ^ x[48]
x[172] = x[172] ^ x[71]
x[314] = x[314] ^ x[111]
x[178] = x[178] ^ x[151]
x[255] = x[255] ^ x[27]
x[257] = x[257] ^ x[105]
x[187] = x[187] ^ x[36]
x[300] = x[300] ^ x[59]
x[183] = x[183] ^ x[148]
x[254] = x[254] ^ x[11]
x[181] = x[181] ^ x[76]
x[307] = x[307] ^ x[13]
x[223] = x[223] ^ x[52]
x[299] = x[299] ^ x[33]
x[169] = x[169] ^ x[72]
x[227] = x[227] ^ x[147]
x[203] = x[203] ^ x[81]
x[171] = x[171] ^ x[3]
x[309] = x[309] ^ x[149]
x[242] = x[242] ^ x[28]
x[233] = x[233] ^ x[160]
x[221] = x[221] ^ x[113]
x[319] = x[319] ^ x[53]
x[280] = x[280] ^ x[12]
x[217] = x[217] ^ x[152]
x[253] = x[253] ^ x[132]
x[165] = x[165] ^ x[38]
x[311] = x[311] ^ x[75]
x[301] = x[301] ^ x[42]
x[163] = x[163] ^ x[83]
x[231] = x[231] ^ x[126]
x[261] = x[261] ^ x[114]
x[184] = x[184] ^ x[155]
x[292] = x[292] ^ x[43]
x[168] = x[168] ^ x[64]
x[279] = x[279] ^ x[74]
x[194] = x[194] ^ x[143]
x[323] = x[323] ^ x[41]
x[272] = x[272] ^ x[63]
x[275] = x[275] ^ x[55]
x[167] = x[167] ^ x[62]
x[258] = x[258] ^ x[104]
x[277] = x[277] ^ x[66]
x[246] = x[246] ^ x[108]
x[202] = x[202] ^ x[32]
x[207] = x[207] ^ x[119]
x[298] = x[298] ^ x[16]
x[189] = x[189] ^ x[161]
x[291] = x[291] ^ x[154]
x[250] = x[250] ^ x[142]
x[166] = x[166] ^ x[2]
x[318] = x[318] ^ x[120]
x[196] = x[196] ^ x[78]
x[186] = x[186] ^ x[10]
x[226] = x[226] ^ x[58]
x[204] = x[204] ^ x[20]
x[177] = x[177] ^ x[122]
x[213] = x[213] ^ x[96]
x[190] = x[190] ^ x[115]
x[325] = x[325] ^ x[39]
x[289] = x[289] ^ x[70]
x[285] = x[285] ^ x[24]
x[238] = x[238] ^ x[150]
x[260] = x[260] ^ x[35]
x[315] = x[315] ^ x[25]
x[249] = x[249] ^ x[91]
x[185] = x[185] ^ x[57]
x[237] = x[237] ^ x[30]
x[271] = x[271] ^ x[29]
x[294] = x[294] ^ x[87]
x[263] = x[263] ^ x[159]
x[247] = x[247] ^ x[99]
x[276] = x[276] ^ x[158]
x[228] = x[228] ^ x[44]
x[305] = x[305] ^ x[34]
x[262] = x[262] ^ x[77]
x[241] = x[241] ^ x[97]
x[179] = x[179] ^ x[69]
x[310] = x[310] ^ x[19]
x[224] = x[224] ^ x[90]
x[222] = x[222] ^ x[127]
x[216] = x[216] ^ x[112]
x[306] = x[306] ^ x[104]
x[313] = x[313] ^ x[74]
x[253] = x[253] ^ x[22]
x[287] = x[287] ^ x[152]
x[317] = x[317] ^ x[120]
x[65] = x[65] ^ x[34]
x[173] = x[173] ^ x[54]
x[293] = x[293] ^ x[44]
x[170] = x[170] ^ x[56]
x[285] = x[285] ^ x[145]
x[248] = x[248] ^ x[129]
x[251] = x[251] ^ x[46]
x[220] = x[220] ^ x[82]
x[217] = x[217] ^ x[51]
x[228] = x[228] ^ x[234]
x[193] = x[193] ^ x[88]
x[176] = x[176] ^ x[60]
x[221] = x[221] ^ x[130]
x[174] = x[174] ^ x[98]
x[289] = x[289] ^ x[84]
x[252] = x[252] ^ x[111]
x[312] = x[312] ^ x[28]
x[259] = x[259] ^ x[112]
x[195] = x[195] ^ x[158]
x[302] = x[302] ^ x[132]
x[273] = x[273] ^ x[87]
x[199] = x[199] ^ x[8]
x[215] = x[215] ^ x[69]
x[278] = x[278] ^ x[128]
x[177] = x[177] ^ x[47]
x[210] = x[210] ^ x[7]
x[264] = x[264] ^ x[68]
x[225] = x[225] ^ x[85]
x[187] = x[187] ^ x[101]
x[191] = x[191] ^ x[157]
x[265] = x[265] ^ x[86]
x[284] = x[284] ^ x[138]
x[290] = x[290] ^ x[121]
x[274] = x[274] ^ x[57]
x[249] = x[249] ^ x[49]
x[218] = x[218] ^ x[141]
x[205] = x[205] ^ x[36]
x[291] = x[291] ^ x[15]
x[311] = x[311] ^ x[37]
x[188] = x[188] ^ x[123]
x[277] = x[277] ^ x[136]
x[295] = x[295] ^ x[137]
x[296] = x[296] ^ x[113]
x[201] = x[201] ^ x[3]
x[230] = x[230] ^ x[52]
x[303] = x[303] ^ x[25]
x[258] = x[258] ^ x[94]
x[164] = x[164] ^ x[219]
x[239] = x[239] ^ x[58]
x[212] = x[212] ^ x[26]
x[214] = x[214] ^ x[35]
x[171] = x[171] ^ x[133]
x[243] = x[243] ^ x[135]
x[282] = x[282] ^ x[114]
x[325] = x[325] ^ x[153]
x[310] = x[310] ^ x[283]
x[232] = x[232] ^ x[144]
x[308] = x[308] ^ x[117]
x[314] = x[314] ^ x[55]
x[169] = x[169] ^ x[14]
x[222] = x[222] ^ x[297]
x[203] = x[203] ^ x[59]
x[183] = x[183] ^ x[20]
x[240] = x[240] ^ x[30]
x[242] = x[242] ^ x[151]
x[309] = x[309] ^ x[6]
x[165] = x[165] ^ x[103]
x[272] = x[272] ^ x[95]
x[270] = x[270] ^ x[42]
x[166] = x[166] ^ x[106]
x[275] = x[275] ^ x[27]
x[200] = x[200] ^ x[62]
x[257] = x[257] ^ x[66]
x[190] = x[190] ^ x[5]
x[292] = x[292] ^ x[11]
x[299] = x[299] ^ x[147]
x[181] = x[181] ^ x[97]
x[279] = x[279] ^ x[50]
x[255] = x[255] ^ x[16]
x[167] = x[167] ^ x[140]
x[237] = x[237] ^ x[12]
x[322] = x[322] ^ x[53]
x[186] = x[186] ^ x[13]
x[231] = x[231] ^ x[38]
x[189] = x[189] ^ x[89]
x[178] = x[178] ^ x[75]
x[316] = x[316] ^ x[83]
x[207] = x[207] ^ x[79]
x[254] = x[254] ^ x[109]
x[196] = x[196] ^ x[102]
x[307] = x[307] ^ x[154]
x[209] = x[209] ^ x[33]
x[250] = x[250] ^ x[148]
x[247] = x[247] ^ x[48]
x[179] = x[179] ^ x[125]
x[204] = x[204] ^ x[143]
x[168] = x[168] ^ x[105]
x[223] = x[223] ^ x[32]
x[305] = x[305] ^ x[161]
x[321] = x[321] ^ x[122]
x[224] = x[224] ^ x[131]
x[315] = x[315] ^ x[78]
x[246] = x[246] ^ x[23]
x[280] = x[280] ^ x[24]
x[198] = x[198] ^ x[10]
x[319] = x[319] ^ x[41]
x[260] = x[260] ^ x[149]
x[261] = x[261] ^ x[93]
x[271] = x[271] ^ x[63]
x[163] = x[163] ^ x[64]
x[185] = x[185] ^ x[126]
x[238] = x[238] ^ x[40]
x[318] = x[318] ^ x[118]
x[276] = x[276] ^ x[96]
x[301] = x[301] ^ x[127]
x[245] = x[245] ^ x[124]
x[298] = x[298] ^ x[1]
x[269] = x[269] ^ x[146]
x[294] = x[294] ^ x[160]
x[267] = x[267] ^ x[71]
x[194] = x[194] ^ x[67]
x[263] = x[263] ^ x[9]
x[202] = x[202] ^ x[110]
x[323] = x[323] ^ x[155]
x[216] = x[216] ^ x[91]
x[241] = x[241] ^ x[150]
x[213] = x[213] ^ x[2]
x[226] = x[226] ^ x[17]
x[306] = x[306] ^ x[25]
x[313] = x[313] ^ x[83]
x[296] = x[296] ^ x[22]
x[287] = x[287] ^ x[74]
x[266] = x[266] ^ x[317]
x[251] = x[251] ^ x[65]
x[173] = x[173] ^ x[88]
x[293] = x[293] ^ x[43]
x[236] = x[236] ^ x[145]
x[248] = x[248] ^ x[116]
x[166] = x[166] ^ x[51]
x[234] = x[234] ^ x[84]
x[250] = x[250] ^ x[60]
x[217] = x[217] ^ x[130]
x[262] = x[262] ^ x[82]
x[241] = x[241] ^ x[174]
x[226] = x[226] ^ x[252]
x[244] = x[244] ^ x[46]
x[259] = x[259] ^ x[159]
x[195] = x[195] ^ x[124]
x[302] = x[302] ^ x[141]
x[273] = x[273] ^ x[123]
x[312] = x[312] ^ x[81]
x[211] = x[211] ^ x[8]
x[243] = x[243] ^ x[215]
x[292] = x[292] ^ x[47]
x[264] = x[264] ^ x[122]
x[193] = x[193] ^ x[38]
x[225] = x[225] ^ x[105]
x[278] = x[278] ^ x[66]
x[258] = x[258] ^ x[265]
x[210] = x[210] ^ x[62]
x[212] = x[212] ^ x[120]
x[165] = x[165] ^ x[101]
x[220] = x[220] ^ x[144]
x[200] = x[200] ^ x[138]
x[213] = x[213] ^ x[157]
x[191] = x[191] ^ x[206]
x[231] = x[231] ^ x[56]
x[290] = x[290] ^ x[118]
x[284] = x[284] ^ x[14]
x[274] = x[274] ^ x[31]
x[238] = x[238] ^ x[49]
x[187] = x[187] ^ x[37]
x[201] = x[201] ^ x[28]
x[267] = x[267] ^ x[36]
x[218] = x[218] ^ x[140]
x[321] = x[321] ^ x[15]
x[183] = x[183] ^ x[121]
x[323] = x[323] ^ x[137]
x[301] = x[301] ^ x[136]
x[207] = x[207] ^ x[188]
x[163] = x[163] ^ x[303]
x[239] = x[239] ^ x[78]
x[214] = x[214] ^ x[162]
x[294] = x[294] ^ x[133]
x[276] = x[276] ^ x[98]
x[291] = x[291] ^ x[86]
x[282] = x[282] ^ x[87]
x[257] = x[257] ^ x[34]
x[249] = x[249] ^ x[95]
x[322] = x[322] ^ x[94]
x[300] = x[300] ^ x[26]
x[230] = x[230] ^ x[11]
x[232] = x[232] ^ x[106]
x[190] = x[190] ^ x[128]
x[325] = x[325] ^ x[324]
x[314] = x[314] ^ x[112]
x[168] = x[168] ^ x[153]
x[221] = x[221] ^ x[72]
x[255] = x[255] ^ x[85]
x[229] = x[229] ^ x[151]
x[277] = x[277] ^ x[308]
x[169] = x[169] ^ x[42]
x[216] = x[216] ^ x[203]
x[270] = x[270] ^ x[77]
x[194] = x[194] ^ x[113]
x[186] = x[186] ^ x[3]
x[279] = x[279] ^ x[12]
x[80] = x[80] ^ x[52]
x[222] = x[222] ^ x[103]
x[253] = x[253] ^ x[143]
x[272] = x[272] ^ x[135]
x[181] = x[181] ^ x[41]
x[184] = x[184] ^ x[59]
x[245] = x[245] ^ x[111]
x[311] = x[311] ^ x[79]
x[285] = x[285] ^ x[71]
x[197] = x[197] ^ x[13]
x[242] = x[242] ^ x[68]
x[309] = x[309] ^ x[110]
x[316] = x[316] ^ x[126]
x[307] = x[307] ^ x[23]
x[189] = x[189] ^ x[132]
x[164] = x[164] ^ x[93]
x[260] = x[260] ^ x[55]
x[209] = x[209] ^ x[27]
x[261] = x[261] ^ x[104]
x[319] = x[319] ^ x[5]
x[223] = x[223] ^ x[89]
x[237] = x[237] ^ x[32]
x[297] = x[297] ^ x[146]
x[228] = x[228] ^ x[125]
x[254] = x[254] ^ x[58]
x[269] = x[269] ^ x[7]
x[275] = x[275] ^ x[129]
x[176] = x[176] ^ x[107]
x[171] = x[171] ^ x[2]
x[289] = x[289] ^ x[76]
x[202] = x[202] ^ x[154]
x[177] = x[177] ^ x[142]
x[178] = x[178] ^ x[131]
x[299] = x[299] ^ x[69]
x[315] = x[315] ^ x[50]
x[280] = x[280] ^ x[45]
x[198] = x[198] ^ x[99]
x[204] = x[204] ^ x[109]
x[167] = x[167] ^ x[20]
x[196] = x[196] ^ x[158]
x[219] = x[219] ^ x[64]
x[305] = x[305] ^ x[24]
x[224] = x[224] ^ x[160]
x[271] = x[271] ^ x[1]
x[205] = x[205] ^ x[97]
x[298] = x[298] ^ x[44]
x[247] = x[247] ^ x[155]
x[185] = x[185] ^ x[102]
x[318] = x[318] ^ x[57]
x[246] = x[246] ^ x[152]
x[310] = x[310] ^ x[17]
x[306] = x[306] ^ x[74]
x[313] = x[313] ^ x[120]
x[201] = x[201] ^ x[22]
x[287] = x[287] ^ x[82]
x[317] = x[317] ^ x[60]
x[173] = x[173] ^ x[13]
x[170] = x[170] ^ x[25]
x[293] = x[293] ^ x[110]
x[217] = x[217] ^ x[145]
x[254] = x[254] ^ x[236]
x[199] = x[199] ^ x[248]
x[251] = x[251] ^ x[102]
x[278] = x[278] ^ x[88]
x[323] = x[323] ^ x[51]
x[176] = x[176] ^ x[130]
x[318] = x[318] ^ x[84]
x[252] = x[252] ^ x[56]
x[195] = x[195] ^ x[129]
x[259] = x[259] ^ x[30]
x[244] = x[244] ^ x[28]
x[302] = x[302] ^ x[49]
x[273] = x[273] ^ x[83]
x[291] = x[291] ^ x[8]
x[215] = x[215] ^ x[47]
x[234] = x[234] ^ x[36]
x[264] = x[264] ^ x[100]
x[193] = x[193] ^ x[156]
x[268] = x[268] ^ x[211]
x[194] = x[194] ^ x[265]
x[210] = x[210] ^ x[109]
x[296] = x[296] ^ x[101]
x[166] = x[166] ^ x[86]
x[225] = x[225] ^ x[15]
x[246] = x[246] ^ x[141]
x[197] = x[197] ^ x[138]
x[212] = x[212] ^ x[132]
x[284] = x[284] ^ x[81]
x[305] = x[305] ^ x[37]
x[179] = x[179] ^ x[266]
x[165] = x[165] ^ x[136]
x[187] = x[187] ^ x[144]
x[310] = x[310] ^ x[290]
x[218] = x[218] ^ x[75]
x[321] = x[321] ^ x[98]
x[274] = x[274] ^ x[16]
x[65] = x[65] ^ x[124]
x[220] = x[220] ^ x[18]
x[243] = x[243] ^ x[45]
x[299] = x[299] ^ x[137]
x[214] = x[214] ^ x[39]
x[164] = x[164] ^ x[133]
x[258] = x[258] ^ x[153]
x[282] = x[282] ^ x[107]
x[204] = x[204] ^ x[239]
x[303] = x[303] ^ x[121]
x[288] = x[288] ^ x[26]
x[240] = x[240] ^ x[105]
x[169] = x[169] ^ x[78]
x[167] = x[167] ^ x[128]
x[206] = x[206] ^ x[95]
x[307] = x[307] ^ x[94]
x[185] = x[185] ^ x[151]
x[249] = x[249] ^ x[106]
x[285] = x[285] ^ x[300]
x[316] = x[316] ^ x[85]
x[324] = x[324] ^ x[281]
x[233] = x[233] ^ x[34]
x[325] = x[325] ^ x[11]
x[322] = x[322] ^ x[14]
x[183] = x[183] ^ x[93]
x[257] = x[257] ^ x[122]
x[178] = x[178] ^ x[3]
x[190] = x[190] ^ x[80]
x[298] = x[298] ^ x[42]
x[209] = x[209] ^ x[140]
x[230] = x[230] ^ x[135]
x[181] = x[181] ^ x[46]
x[255] = x[255] ^ x[59]
x[294] = x[294] ^ x[12]
x[267] = x[267] ^ x[52]
x[301] = x[301] ^ x[5]
x[213] = x[213] ^ x[232]
x[241] = x[241] ^ x[53]
x[186] = x[186] ^ x[27]
x[177] = x[177] ^ x[113]
x[309] = x[309] ^ x[123]
x[196] = x[196] ^ x[103]
x[292] = x[292] ^ x[23]
x[221] = x[221] ^ x[20]
x[311] = x[311] ^ x[41]
x[270] = x[270] ^ x[2]
x[279] = x[279] ^ x[17]
x[191] = x[191] ^ x[58]
x[168] = x[168] ^ x[96]
x[200] = x[200] ^ x[48]
x[253] = x[253] ^ x[76]
x[207] = x[207] ^ x[33]
x[189] = x[189] ^ x[64]
x[261] = x[261] ^ x[7]
x[289] = x[289] ^ x[89]
x[250] = x[250] ^ x[9]
x[280] = x[280] ^ x[79]
x[272] = x[272] ^ x[158]
x[228] = x[228] ^ x[111]
x[242] = x[242] ^ x[67]
x[275] = x[275] ^ x[63]
x[231] = x[231] ^ x[90]
x[171] = x[171] ^ x[154]
x[297] = x[297] ^ x[55]
x[245] = x[245] ^ x[117]
x[219] = x[219] ^ x[131]
x[315] = x[315] ^ x[125]
x[269] = x[269] ^ x[143]
x[237] = x[237] ^ x[10]
x[174] = x[174] ^ x[162]
x[319] = x[319] ^ x[71]
x[223] = x[223] ^ x[159]
x[198] = x[198] ^ x[118]
x[188] = x[188] ^ x[54]
x[277] = x[277] ^ x[99]
x[202] = x[202] ^ x[35]
x[226] = x[226] ^ x[161]
x[222] = x[222] ^ x[66]
x[205] = x[205] ^ x[112]
x[260] = x[260] ^ x[31]
x[262] = x[262] ^ x[6]
x[271] = x[271] ^ x[149]
x[224] = x[224] ^ x[104]
x[247] = x[247] ^ x[61]
x[216] = x[216] ^ x[50]
x[203] = x[203] ^ x[146]
x[238] = x[238] ^ x[4]
x[163] = x[163] ^ x[142]
x[263] = x[263] ^ x[24]
x[308] = x[308] ^ x[147]
x[276] = x[276] ^ x[148]
x[306] = x[306] ^ x[114]
x[272] = x[272] ^ x[313]
x[176] = x[176] ^ x[22]
x[287] = x[287] ^ x[92]
x[173] = x[173] ^ x[63]
x[293] = x[293] ^ x[148]
x[321] = x[321] ^ x[170]
x[301] = x[301] ^ x[145]
x[236] = x[236] ^ x[137]
x[248] = x[248] ^ x[192]
x[251] = x[251] ^ x[138]
x[254] = x[254] ^ x[51]
x[292] = x[292] ^ x[88]
x[234] = x[234] ^ x[60]
x[230] = x[230] ^ x[130]
x[238] = x[238] ^ x[82]
x[284] = x[284] ^ x[84]
x[317] = x[317] ^ x[31]
x[278] = x[278] ^ x[124]
x[259] = x[259] ^ x[43]
x[195] = x[195] ^ x[144]
x[323] = x[323] ^ x[244]
x[302] = x[302] ^ x[18]
x[273] = x[273] ^ x[160]
x[226] = x[226] ^ x[8]
x[215] = x[215] ^ x[52]
x[264] = x[264] ^ x[3]
x[262] = x[262] ^ x[47]
x[202] = x[202] ^ x[193]
x[265] = x[265] ^ x[56]
x[184] = x[184] ^ x[210]
x[225] = x[225] ^ x[121]
x[223] = x[223] ^ x[101]
x[274] = x[274] ^ x[86]
x[186] = x[186] ^ x[141]
x[211] = x[211] ^ x[283]
x[249] = x[249] ^ x[37]
x[217] = x[217] ^ x[15]
x[311] = x[311] ^ x[49]
x[168] = x[168] ^ x[296]
x[290] = x[290] ^ x[172]
x[205] = x[205] ^ x[212]
x[218] = x[218] ^ x[103]
x[275] = x[275] ^ x[136]
x[187] = x[187] ^ x[151]
x[266] = x[266] ^ x[29]
x[260] = x[260] ^ x[36]
x[263] = x[263] ^ x[65]
x[98] = x[98] ^ x[147]
x[220] = x[220] ^ x[119]
x[252] = x[252] ^ x[78]
x[206] = x[206] ^ x[13]
x[261] = x[261] ^ x[243]
x[214] = x[214] ^ x[115]
x[183] = x[183] ^ x[74]
x[282] = x[282] ^ x[44]
x[239] = x[239] ^ x[256]
x[303] = x[303] ^ x[38]
x[235] = x[235] ^ x[128]
x[237] = x[237] ^ x[133]
x[194] = x[194] ^ x[28]
x[257] = x[257] ^ x[102]
x[318] = x[318] ^ x[314]
x[305] = x[305] ^ x[95]
x[188] = x[188] ^ x[94]
x[308] = x[308] ^ x[288]
x[258] = x[258] ^ x[106]
x[291] = x[291] ^ x[53]
x[300] = x[300] ^ x[90]
x[169] = x[169] ^ x[143]
x[201] = x[201] ^ x[58]
x[276] = x[276] ^ x[153]
x[196] = x[196] ^ x[85]
x[190] = x[190] ^ x[113]
x[166] = x[166] ^ x[27]
x[299] = x[299] ^ x[41]
x[253] = x[253] ^ x[83]
x[270] = x[270] ^ x[16]
x[316] = x[316] ^ x[25]
x[203] = x[203] ^ x[199]
x[221] = x[221] ^ x[93]
x[298] = x[298] ^ x[26]
x[267] = x[267] ^ x[42]
x[181] = x[181] ^ x[149]
x[179] = x[179] ^ x[12]
x[231] = x[231] ^ x[5]
x[325] = x[325] ^ x[125]
x[177] = x[177] ^ x[62]
x[309] = x[309] ^ x[154]
x[135] = x[135] ^ x[71]
x[165] = x[165] ^ x[129]
x[171] = x[171] ^ x[11]
x[279] = x[279] ^ x[2]
x[164] = x[164] ^ x[79]
x[255] = x[255] ^ x[66]
x[250] = x[250] ^ x[110]
x[307] = x[307] ^ x[14]
x[322] = x[322] ^ x[50]
x[178] = x[178] ^ x[123]
x[222] = x[222] ^ x[59]
x[163] = x[163] ^ x[140]
x[224] = x[224] ^ x[81]
x[189] = x[189] ^ x[45]
x[174] = x[174] ^ x[17]
x[191] = x[191] ^ x[161]
x[241] = x[241] ^ x[6]
x[242] = x[242] ^ x[142]
x[247] = x[247] ^ x[105]
x[297] = x[297] ^ x[109]
x[213] = x[213] ^ x[104]
x[280] = x[280] ^ x[100]
x[319] = x[319] ^ x[111]
x[289] = x[289] ^ x[54]
x[245] = x[245] ^ x[46]
x[232] = x[232] ^ x[30]
x[204] = x[204] ^ x[34]
x[207] = x[207] ^ x[97]
x[200] = x[200] ^ x[89]
x[197] = x[197] ^ x[152]
x[198] = x[198] ^ x[116]
x[285] = x[285] ^ x[127]
x[216] = x[216] ^ x[132]
x[219] = x[219] ^ x[40]
x[324] = x[324] ^ x[91]
x[310] = x[310] ^ x[32]
x[246] = x[246] ^ x[120]
x[315] = x[315] ^ x[76]
x[167] = x[167] ^ x[73]
x[294] = x[294] ^ x[77]
x[185] = x[185] ^ x[48]
x[271] = x[271] ^ x[61]
x[269] = x[269] ^ x[117]
x[277] = x[277] ^ x[131]
x[228] = x[228] ^ x[4]
x[306] = x[306] ^ x[79]
x[313] = x[313] ^ x[84]
x[255] = x[255] ^ x[22]
x[287] = x[287] ^ x[115]
x[173] = x[173] ^ x[9]
x[293] = x[293] ^ x[107]
x[170] = x[170] ^ x[134]
x[236] = x[236] ^ x[48]
x[192] = x[192] ^ x[86]
x[312] = x[312] ^ x[145]
x[209] = x[209] ^ x[251]
x[248] = x[248] ^ x[100]
x[186] = x[186] ^ x[51]
x[253] = x[253] ^ x[88]
x[229] = x[229] ^ x[60]
x[307] = x[307] ^ x[130]
x[249] = x[249] ^ x[82]
x[317] = x[317] ^ x[97]
x[259] = x[259] ^ x[50]
x[195] = x[195] ^ x[127]
x[278] = x[278] ^ x[33]
x[244] = x[244] ^ x[47]
x[302] = x[302] ^ x[43]
x[309] = x[309] ^ x[8]
x[291] = x[291] ^ x[273]
x[264] = x[264] ^ x[35]
x[226] = x[226] ^ x[49]
x[92] = x[92] ^ x[14]
x[193] = x[193] ^ x[56]
x[284] = x[284] ^ x[66]
x[225] = x[225] ^ x[140]
x[266] = x[266] ^ x[18]
x[277] = x[277] ^ x[141]
x[267] = x[267] ^ x[37]
x[179] = x[179] ^ x[15]
x[182] = x[182] ^ x[138]
x[190] = x[190] ^ x[296]
x[234] = x[234] ^ x[286]
x[283] = x[283] ^ x[71]
x[238] = x[238] ^ x[144]
x[189] = x[189] ^ x[101]
x[274] = x[274] ^ x[5]
x[289] = x[289] ^ x[36]
x[218] = x[218] ^ x[38]
x[323] = x[323] ^ x[94]
x[250] = x[250] ^ x[65]
x[220] = x[220] ^ x[160]
x[202] = x[202] ^ x[137]
x[187] = x[187] ^ x[208]
x[252] = x[252] ^ x[12]
x[212] = x[212] ^ x[52]
x[316] = x[316] ^ x[136]
x[214] = x[214] ^ x[114]
x[183] = x[183] ^ x[25]
x[245] = x[245] ^ x[98]
x[260] = x[260] ^ x[153]
x[201] = x[201] ^ x[13]
x[303] = x[303] ^ x[148]
x[223] = x[223] ^ x[240]
x[242] = x[242] ^ x[282]
x[321] = x[321] ^ x[59]
x[280] = x[280] ^ x[151]
x[191] = x[191] ^ x[133]
x[217] = x[217] ^ x[41]
x[185] = x[185] ^ x[28]
x[275] = x[275] ^ x[95]
x[314] = x[314] ^ x[227]
x[299] = x[299] ^ x[128]
x[300] = x[300] ^ x[83]
x[301] = x[301] ^ x[233]
x[246] = x[246] ^ x[106]
x[285] = x[285] ^ x[103]
x[169] = x[169] ^ x[68]
x[188] = x[188] ^ x[85]
x[257] = x[257] ^ x[78]
x[237] = x[237] ^ x[184]
x[181] = x[181] ^ x[96]
x[166] = x[166] ^ x[113]
x[265] = x[265] ^ x[175]
x[294] = x[294] ^ x[121]
x[322] = x[322] ^ x[3]
x[308] = x[308] ^ x[129]
x[288] = x[288] ^ x[109]
x[254] = x[254] ^ x[111]
x[292] = x[292] ^ x[162]
x[258] = x[258] ^ x[64]
x[206] = x[206] ^ x[44]
x[224] = x[224] ^ x[42]
x[211] = x[211] ^ x[16]
x[230] = x[230] ^ x[17]
x[176] = x[176] ^ x[26]
x[199] = x[199] ^ x[74]
x[215] = x[215] ^ x[20]
x[165] = x[165] ^ x[55]
x[279] = x[279] ^ x[122]
x[297] = x[297] ^ x[93]
x[261] = x[261] ^ x[53]
x[172] = x[172] ^ x[123]
x[325] = x[325] ^ x[152]
x[164] = x[164] ^ x[73]
x[221] = x[221] ^ x[7]
x[239] = x[239] ^ x[62]
x[168] = x[168] ^ x[139]
x[194] = x[194] ^ x[117]
x[196] = x[196] ^ x[81]
x[298] = x[298] ^ x[125]
x[243] = x[243] ^ x[143]
x[276] = x[276] ^ x[23]
x[178] = x[178] ^ x[89]
x[198] = x[198] ^ x[2]
x[269] = x[269] ^ x[149]
x[207] = x[207] ^ x[58]
x[324] = x[324] ^ x[29]
x[241] = x[241] ^ x[11]
x[231] = x[231] ^ x[132]
x[270] = x[270] ^ x[31]
x[256] = x[256] ^ x[154]
x[311] = x[311] ^ x[6]
x[200] = x[200] ^ x[142]
x[203] = x[203] ^ x[54]
x[213] = x[213] ^ x[34]
x[219] = x[219] ^ x[90]
x[177] = x[177] ^ x[27]
x[232] = x[232] ^ x[150]
x[290] = x[290] ^ x[77]
x[174] = x[174] ^ x[120]
x[315] = x[315] ^ x[67]
x[171] = x[171] ^ x[126]
x[222] = x[222] ^ x[46]
x[310] = x[310] ^ x[131]
x[204] = x[204] ^ x[10]
x[197] = x[197] ^ x[63]
x[263] = x[263] ^ x[102]
x[318] = x[318] ^ x[110]
x[247] = x[247] ^ x[32]
x[205] = x[205] ^ x[91]
x[216] = x[216] ^ x[30]
x[272] = x[272] ^ x[69]
x[271] = x[271] ^ x[21]
x[228] = x[228] ^ x[116]
x[306] = x[306] ^ x[158]
x[279] = x[279] ^ x[22]
x[278] = x[278] ^ x[287]
x[173] = x[173] ^ x[97]
x[134] = x[134] ^ x[145]
x[269] = x[269] ^ x[293]
x[289] = x[289] ^ x[236]
x[192] = x[192] ^ x[30]
x[170] = x[170] ^ x[82]
x[313] = x[313] ^ x[78]
x[251] = x[251] ^ x[36]
x[248] = x[248] ^ x[147]
x[258] = x[258] ^ x[51]
x[230] = x[230] ^ x[88]
x[217] = x[217] ^ x[60]
x[190] = x[190] ^ x[84]
x[257] = x[257] ^ x[130]
x[298] = x[298] ^ x[312]
x[317] = x[317] ^ x[42]
x[259] = x[259] ^ x[17]
x[195] = x[195] ^ x[63]
x[302] = x[302] ^ x[154]
x[307] = x[307] ^ x[8]
x[325] = x[325] ^ x[47]
x[264] = x[264] ^ x[139]
x[92] = x[92] ^ x[59]
x[273] = x[273] ^ x[94]
x[219] = x[219] ^ x[56]
x[210] = x[210] ^ x[33]
x[284] = x[284] ^ x[62]
x[274] = x[274] ^ x[43]
x[225] = x[225] ^ x[153]
x[201] = x[201] ^ x[49]
x[303] = x[303] ^ x[141]
x[255] = x[255] ^ x[137]
x[226] = x[226] ^ x[15]
x[237] = x[237] ^ x[182]
x[283] = x[283] ^ x[152]
x[323] = x[323] ^ x[133]
x[189] = x[189] ^ x[98]
x[218] = x[218] ^ x[58]
x[196] = x[196] ^ x[86]
x[280] = x[280] ^ x[101]
x[266] = x[266] ^ x[48]
x[220] = x[220] ^ x[150]
x[178] = x[178] ^ x[136]
x[244] = x[244] ^ x[61]
x[187] = x[187] ^ x[3]
x[171] = x[171] ^ x[65]
x[252] = x[252] ^ x[37]
x[261] = x[261] ^ x[144]
x[177] = x[177] ^ x[229]
x[214] = x[214] ^ x[118]
x[183] = x[183] ^ x[156]
x[234] = x[234] ^ x[120]
x[245] = x[245] ^ x[138]
x[212] = x[212] ^ x[96]
x[286] = x[286] ^ x[281]
x[240] = x[240] ^ x[160]
x[197] = x[197] ^ x[282]
x[242] = x[242] ^ x[106]
x[169] = x[169] ^ x[71]
x[316] = x[316] ^ x[52]
x[239] = x[239] ^ x[38]
x[165] = x[165] ^ x[128]
x[202] = x[202] ^ x[151]
x[322] = x[322] ^ x[28]
x[300] = x[300] ^ x[129]
x[238] = x[238] ^ x[140]
x[208] = x[208] ^ x[76]
x[288] = x[288] ^ x[103]
x[176] = x[176] ^ x[66]
x[186] = x[186] ^ x[53]
x[209] = x[209] ^ x[41]
x[321] = x[321] ^ x[14]
x[318] = x[318] ^ x[113]
x[285] = x[285] ^ x[12]
x[181] = x[181] ^ x[90]
x[256] = x[256] ^ x[85]
x[292] = x[292] ^ x[25]
x[265] = x[265] ^ x[5]
x[267] = x[267] ^ x[125]
x[299] = x[299] ^ x[79]
x[296] = x[296] ^ x[40]
x[254] = x[254] ^ x[124]
x[215] = x[215] ^ x[114]
x[194] = x[194] ^ x[121]
x[309] = x[309] ^ x[1]
x[227] = x[227] ^ x[11]
x[221] = x[221] ^ x[13]
x[249] = x[249] ^ x[67]
x[253] = x[253] ^ x[2]
x[311] = x[311] ^ x[64]
x[206] = x[206] ^ x[32]
x[199] = x[199] ^ x[126]
x[301] = x[301] ^ x[131]
x[290] = x[290] ^ x[50]
x[166] = x[166] ^ x[132]
x[193] = x[193] ^ x[57]
x[233] = x[233] ^ x[111]
x[168] = x[168] ^ x[112]
x[231] = x[231] ^ x[16]
x[174] = x[174] ^ x[55]
x[308] = x[308] ^ x[7]
x[175] = x[175] ^ x[135]
x[164] = x[164] ^ x[102]
x[163] = x[163] ^ x[23]
x[250] = x[250] ^ x[35]
x[191] = x[191] ^ x[45]
x[272] = x[272] ^ x[9]
x[297] = x[297] ^ x[104]
x[246] = x[246] ^ x[26]
x[172] = x[172] ^ x[31]
x[275] = x[275] ^ x[123]
x[188] = x[188] ^ x[146]
x[203] = x[203] ^ x[93]
x[305] = x[305] ^ x[6]
x[271] = x[271] ^ x[109]
x[291] = x[291] ^ x[149]
x[277] = x[277] ^ x[116]
x[228] = x[228] ^ x[142]
x[260] = x[260] ^ x[110]
x[314] = x[314] ^ x[122]
x[324] = x[324] ^ x[87]
x[276] = x[276] ^ x[20]
x[270] = x[270] ^ x[161]
x[216] = x[216] ^ x[83]
x[315] = x[315] ^ x[29]
x[200] = x[200] ^ x[162]
x[205] = x[205] ^ x[148]
x[243] = x[243] ^ x[99]
x[319] = x[319] ^ x[100]
x[198] = x[198] ^ x[91]
x[294] = x[294] ^ x[159]
x[207] = x[207] ^ x[77]
x[213] = x[213] ^ x[54]
x[224] = x[224] ^ x[117]
x[185] = x[185] ^ x[24]
x[222] = x[222] ^ x[115]
x[247] = x[247] ^ x[44]
x[241] = x[241] ^ x[81]
x[232] = x[232] ^ x[105]
x[223] = x[223] ^ x[19]
x[310] = x[310] ^ x[34]
x[204] = x[204] ^ x[4]
x[216] = x[216] ^ x[306]
x[178] = x[178] ^ x[22]
x[173] = x[173] ^ x[125]
x[241] = x[241] ^ x[145]
x[192] = x[192] ^ x[67]
x[204] = x[204] ^ x[134]
x[313] = x[313] ^ x[150]
x[251] = x[251] ^ x[108]
x[221] = x[221] ^ x[51]
x[200] = x[200] ^ x[88]
x[262] = x[262] ^ x[248]
x[253] = x[253] ^ x[82]
x[252] = x[252] ^ x[60]
x[171] = x[171] ^ x[84]
x[293] = x[293] ^ x[130]
x[312] = x[312] ^ x[136]
x[236] = x[236] ^ x[100]
x[278] = x[278] ^ x[75]
x[198] = x[198] ^ x[317]
x[259] = x[259] ^ x[102]
x[195] = x[195] ^ x[7]
x[273] = x[273] ^ x[36]
x[302] = x[302] ^ x[138]
x[230] = x[230] ^ x[8]
x[305] = x[305] ^ x[47]
x[264] = x[264] ^ x[72]
x[172] = x[172] ^ x[56]
x[287] = x[287] ^ x[140]
x[170] = x[170] ^ x[86]
x[225] = x[225] ^ x[126]
x[212] = x[212] ^ x[49]
x[257] = x[257] ^ x[141]
x[237] = x[237] ^ x[210]
x[284] = x[284] ^ x[70]
x[274] = x[274] ^ x[34]
x[258] = x[258] ^ x[37]
x[211] = x[211] ^ x[15]
x[283] = x[283] ^ x[162]
x[224] = x[224] ^ x[101]
x[250] = x[250] ^ x[137]
x[266] = x[266] ^ x[52]
x[182] = x[182] ^ x[11]
x[164] = x[164] ^ x[98]
x[244] = x[244] ^ x[111]
x[309] = x[309] ^ x[144]
x[218] = x[218] ^ x[62]
x[267] = x[267] ^ x[65]
x[187] = x[187] ^ x[13]
x[303] = x[303] ^ x[5]
x[256] = x[256] ^ x[220]
x[226] = x[226] ^ x[151]
x[234] = x[234] ^ x[48]
x[201] = x[201] ^ x[77]
x[285] = x[285] ^ x[153]
x[268] = x[268] ^ x[133]
x[279] = x[279] ^ x[94]
x[247] = x[247] ^ x[214]
x[245] = x[245] ^ x[235]
x[240] = x[240] ^ x[132]
x[242] = x[242] ^ x[3]
x[271] = x[271] ^ x[183]
x[277] = x[277] ^ x[128]
x[292] = x[292] ^ x[92]
x[208] = x[208] ^ x[59]
x[217] = x[217] ^ x[68]
x[301] = x[301] ^ x[106]
x[281] = x[281] ^ x[28]
x[321] = x[321] ^ x[42]
x[300] = x[300] ^ x[32]
x[169] = x[169] ^ x[83]
x[322] = x[322] ^ x[26]
x[286] = x[286] ^ x[85]
x[175] = x[175] ^ x[25]
x[280] = x[280] ^ x[27]
x[316] = x[316] ^ x[12]
x[288] = x[288] ^ x[40]
x[291] = x[291] ^ x[152]
x[307] = x[307] ^ x[39]
x[176] = x[176] ^ x[43]
x[238] = x[238] ^ x[105]
x[203] = x[203] ^ x[121]
x[296] = x[296] ^ x[54]
x[314] = x[314] ^ x[103]
x[308] = x[308] ^ x[33]
x[255] = x[255] ^ x[117]
x[249] = x[249] ^ x[120]
x[215] = x[215] ^ x[46]
x[323] = x[323] ^ x[89]
x[227] = x[227] ^ x[16]
x[233] = x[233] ^ x[64]
x[276] = x[276] ^ x[53]
x[199] = x[199] ^ x[143]
x[193] = x[193] ^ x[129]
x[206] = x[206] ^ x[63]
x[231] = x[231] ^ x[78]
x[282] = x[282] ^ x[113]
x[165] = x[165] ^ x[123]
x[254] = x[254] ^ x[107]
x[181] = x[181] ^ x[122]
x[265] = x[265] ^ x[104]
x[232] = x[232] ^ x[79]
x[190] = x[190] ^ x[124]
x[196] = x[196] ^ x[55]
x[298] = x[298] ^ x[154]
x[219] = x[219] ^ x[41]
x[189] = x[189] ^ x[6]
x[263] = x[263] ^ x[23]
x[168] = x[168] ^ x[131]
x[318] = x[318] ^ x[66]
x[174] = x[174] ^ x[96]
x[261] = x[261] ^ x[155]
x[186] = x[186] ^ x[148]
x[191] = x[191] ^ x[31]
x[177] = x[177] ^ x[110]
x[239] = x[239] ^ x[99]
x[228] = x[228] ^ x[50]
x[289] = x[289] ^ x[21]
x[324] = x[324] ^ x[114]
x[188] = x[188] ^ x[20]
x[166] = x[166] ^ x[91]
x[294] = x[294] ^ x[147]
x[243] = x[243] ^ x[61]
x[275] = x[275] ^ x[10]
x[297] = x[297] ^ x[81]
x[222] = x[222] ^ x[76]
x[197] = x[197] ^ x[149]
x[299] = x[299] ^ x[30]
x[270] = x[270] ^ x[116]
x[260] = x[260] ^ x[118]
x[290] = x[290] ^ x[112]
x[311] = x[311] ^ x[1]
x[246] = x[246] ^ x[156]
x[315] = x[315] ^ x[69]
x[319] = x[319] ^ x[160]
x[205] = x[205] ^ x[4]
x[223] = x[223] ^ x[17]
x[207] = x[207] ^ x[2]
x[185] = x[185] ^ x[71]
x[269] = x[269] ^ x[18]
x[163] = x[163] ^ x[58]
x[272] = x[272] ^ x[87]
x[213] = x[213] ^ x[127]
x[310] = x[310] ^ x[44]
x[306] = x[306] ^ x[22]
x[173] = x[173] ^ x[21]
x[237] = x[237] ^ x[145]
x[192] = x[192] ^ x[131]
x[313] = x[313] ^ x[12]
x[196] = x[196] ^ x[134]
x[251] = x[251] ^ x[125]
x[180] = x[180] ^ x[51]
x[241] = x[241] ^ x[60]
x[194] = x[194] ^ x[88]
x[319] = x[319] ^ x[84]
x[260] = x[260] ^ x[82]
x[178] = x[178] ^ x[130]
x[312] = x[312] ^ x[24]
x[278] = x[278] ^ x[100]
x[195] = x[195] ^ x[34]
x[236] = x[236] ^ x[52]
x[224] = x[224] ^ x[259]
x[253] = x[253] ^ x[8]
x[200] = x[200] ^ x[47]
x[302] = x[302] ^ x[304]
x[264] = x[264] ^ x[96]
x[284] = x[284] ^ x[75]
x[201] = x[201] ^ x[138]
x[297] = x[297] ^ x[56]
x[223] = x[223] ^ x[49]
x[296] = x[296] ^ x[141]
x[170] = x[170] ^ x[74]
x[225] = x[225] ^ x[122]
x[274] = x[274] ^ x[103]
x[256] = x[256] ^ x[36]
x[218] = x[218] ^ x[72]
x[283] = x[283] ^ x[86]
x[210] = x[210] ^ x[104]
x[287] = x[287] ^ x[63]
x[262] = x[262] ^ x[137]
x[205] = x[205] ^ x[136]
x[257] = x[257] ^ x[37]
x[310] = x[310] ^ x[101]
x[266] = x[266] ^ x[32]
x[181] = x[181] ^ x[15]
x[311] = x[311] ^ x[144]
x[293] = x[293] ^ x[67]
x[252] = x[252] ^ x[65]
x[182] = x[182] ^ x[64]
x[248] = x[248] ^ x[5]
x[238] = x[238] ^ x[244]
x[280] = x[280] ^ x[133]
x[263] = x[263] ^ x[98]
x[234] = x[234] ^ x[132]
x[217] = x[217] ^ x[48]
x[187] = x[187] ^ x[159]
x[303] = x[303] ^ x[11]
x[220] = x[220] ^ x[81]
x[214] = x[214] ^ x[94]
x[240] = x[240] ^ x[156]
x[245] = x[245] ^ x[153]
x[261] = x[261] ^ x[151]
x[190] = x[190] ^ x[111]
x[202] = x[202] ^ x[140]
x[299] = x[299] ^ x[3]
x[275] = x[275] ^ x[128]
x[255] = x[255] ^ x[13]
x[211] = x[211] ^ x[28]
x[183] = x[183] ^ x[124]
x[208] = x[208] ^ x[42]
x[317] = x[317] ^ x[83]
x[230] = x[230] ^ x[114]
x[273] = x[273] ^ x[66]
x[235] = x[235] ^ x[43]
x[172] = x[172] ^ x[106]
x[169] = x[169] ^ x[126]
x[292] = x[292] ^ x[93]
x[68] = x[68] ^ x[77]
x[286] = x[286] ^ x[109]
x[315] = x[315] ^ x[85]
x[267] = x[267] ^ x[14]
x[300] = x[300] ^ x[27]
x[309] = x[309] ^ x[19]
x[322] = x[322] ^ x[57]
x[166] = x[166] ^ x[25]
x[316] = x[316] ^ x[139]
x[279] = x[279] ^ x[33]
x[321] = x[321] ^ x[41]
x[189] = x[189] ^ x[152]
x[307] = x[307] ^ x[9]
x[258] = x[258] ^ x[120]
x[242] = x[242] ^ x[29]
x[203] = x[203] ^ x[17]
x[294] = x[294] ^ x[59]
x[176] = x[176] ^ x[62]
x[199] = x[199] ^ x[149]
x[175] = x[175] ^ x[79]
x[270] = x[270] ^ x[129]
x[165] = x[165] ^ x[69]
x[171] = x[171] ^ x[20]
x[281] = x[281] ^ x[4]
x[168] = x[168] ^ x[39]
x[233] = x[233] ^ x[142]
x[206] = x[206] ^ x[53]
x[289] = x[289] ^ x[123]
x[288] = x[288] ^ x[110]
x[193] = x[193] ^ x[161]
x[282] = x[282] ^ x[135]
x[221] = x[221] ^ x[158]
x[177] = x[177] ^ x[7]
x[269] = x[269] ^ x[102]
x[314] = x[314] ^ x[1]
x[301] = x[301] ^ x[121]
x[212] = x[212] ^ x[16]
x[164] = x[164] ^ x[50]
x[197] = x[197] ^ x[23]
x[254] = x[254] ^ x[6]
x[186] = x[186] ^ x[112]
x[231] = x[231] ^ x[154]
x[250] = x[250] ^ x[105]
x[239] = x[239] ^ x[54]
x[246] = x[246] ^ x[113]
x[215] = x[215] ^ x[97]
x[247] = x[247] ^ x[58]
x[207] = x[207] ^ x[55]
x[249] = x[249] ^ x[61]
x[318] = x[318] ^ x[107]
x[324] = x[324] ^ x[30]
x[243] = x[243] ^ x[71]
x[285] = x[285] ^ x[46]
x[198] = x[198] ^ x[147]
x[188] = x[188] ^ x[91]
x[232] = x[232] ^ x[26]
x[228] = x[228] ^ x[115]
x[265] = x[265] ^ x[45]
x[227] = x[227] ^ x[35]
x[174] = x[174] ^ x[90]
x[290] = x[290] ^ x[70]
x[272] = x[272] ^ x[10]
x[213] = x[213] ^ x[89]
x[204] = x[204] ^ x[2]
x[271] = x[271] ^ x[76]
x[298] = x[298] ^ x[162]
x[167] = x[167] ^ x[160]
x[209] = x[209] ^ x[40]
x[222] = x[222] ^ x[116]
x[219] = x[219] ^ x[148]
x[230] = x[230] ^ x[22]
x[276] = x[276] ^ x[173]
x[204] = x[204] ^ x[145]
x[222] = x[222] ^ x[192]
x[313] = x[313] ^ x[72]
x[287] = x[287] ^ x[134]
x[251] = x[251] ^ x[156]
x[255] = x[255] ^ x[51]
x[242] = x[242] ^ x[88]
x[321] = x[321] ^ x[60]
x[196] = x[196] ^ x[82]
x[253] = x[253] ^ x[84]
x[228] = x[228] ^ x[130]
x[306] = x[306] ^ x[155]
x[312] = x[312] ^ x[104]
x[278] = x[278] ^ x[138]
x[236] = x[236] ^ x[79]
x[250] = x[250] ^ x[8]
x[277] = x[277] ^ x[47]
x[264] = x[264] ^ x[110]
x[201] = x[201] ^ x[36]
x[185] = x[185] ^ x[180]
x[324] = x[324] ^ x[56]
x[284] = x[284] ^ x[126]
x[168] = x[168] ^ x[49]
x[225] = x[225] ^ x[128]
x[274] = x[274] ^ x[38]
x[283] = x[283] ^ x[74]
x[170] = x[170] ^ x[113]
x[210] = x[210] ^ x[161]
x[262] = x[262] ^ x[98]
x[309] = x[309] ^ x[136]
x[212] = x[212] ^ x[137]
x[218] = x[218] ^ x[50]
x[95] = x[95] ^ x[101]
x[266] = x[266] ^ x[11]
x[256] = x[256] ^ x[15]
x[303] = x[303] ^ x[86]
x[293] = x[293] ^ x[114]
x[304] = x[304] ^ x[37]
x[182] = x[182] ^ x[144]
x[280] = x[280] ^ x[3]
x[166] = x[166] ^ x[48]
x[234] = x[234] ^ x[133]
x[252] = x[252] ^ x[52]
x[240] = x[240] ^ x[90]
x[298] = x[298] ^ x[151]
x[257] = x[257] ^ x[120]
x[245] = x[245] ^ x[106]
x[217] = x[217] ^ x[85]
x[259] = x[259] ^ x[55]
x[220] = x[220] ^ x[71]
x[322] = x[322] ^ x[5]
x[281] = x[281] ^ x[132]
x[244] = x[244] ^ x[65]
x[190] = x[190] ^ x[140]
x[300] = x[300] ^ x[64]
x[239] = x[239] ^ x[153]
x[325] = x[325] ^ x[13]
x[297] = x[297] ^ x[28]
x[183] = x[183] ^ x[59]
x[172] = x[172] ^ x[103]
x[208] = x[208] ^ x[53]
x[279] = x[279] ^ x[83]
x[323] = x[323] ^ x[75]
x[316] = x[316] ^ x[94]
x[288] = x[288] ^ x[100]
x[248] = x[248] ^ x[143]
x[273] = x[273] ^ x[63]
x[206] = x[206] ^ x[42]
x[178] = x[178] ^ x[162]
x[227] = x[227] ^ x[12]
x[235] = x[235] ^ x[68]
x[317] = x[317] ^ x[23]
x[307] = x[307] ^ x[96]
x[299] = x[299] ^ x[26]
x[169] = x[169] ^ x[46]
x[211] = x[211] ^ x[14]
x[267] = x[267] ^ x[32]
x[261] = x[261] ^ x[105]
x[221] = x[221] ^ x[34]
x[301] = x[301] ^ x[24]
x[238] = x[238] ^ x[102]
x[202] = x[202] ^ x[78]
x[194] = x[194] ^ x[33]
x[296] = x[296] ^ x[146]
x[176] = x[176] ^ x[121]
x[199] = x[199] ^ x[57]
x[214] = x[214] ^ x[43]
x[191] = x[191] ^ x[62]
x[193] = x[193] ^ x[122]
x[286] = x[286] ^ x[20]
x[189] = x[189] ^ x[7]
x[292] = x[292] ^ x[41]
x[164] = x[164] ^ x[21]
x[165] = x[165] ^ x[40]
x[181] = x[181] ^ x[29]
x[258] = x[258] ^ x[109]
x[254] = x[254] ^ x[39]
x[223] = x[223] ^ x[111]
x[231] = x[231] ^ x[19]
x[282] = x[282] ^ x[17]
x[233] = x[233] ^ x[125]
x[198] = x[198] ^ x[129]
x[314] = x[314] ^ x[152]
x[243] = x[243] ^ x[16]
x[215] = x[215] ^ x[9]
x[226] = x[226] ^ x[25]
x[175] = x[175] ^ x[81]
x[200] = x[200] ^ x[76]
x[275] = x[275] ^ x[67]
x[289] = x[289] ^ x[18]
x[186] = x[186] ^ x[154]
x[290] = x[290] ^ x[54]
x[269] = x[269] ^ x[6]
x[232] = x[232] ^ x[66]
x[177] = x[177] ^ x[89]
x[219] = x[219] ^ x[4]
x[249] = x[249] ^ x[93]
x[291] = x[291] ^ x[158]
x[188] = x[188] ^ x[107]
x[171] = x[171] ^ x[150]
x[271] = x[271] ^ x[123]
x[318] = x[318] ^ x[148]
x[237] = x[237] ^ x[159]
x[265] = x[265] ^ x[116]
x[315] = x[315] ^ x[45]
x[319] = x[319] ^ x[58]
x[207] = x[207] ^ x[70]
x[174] = x[174] ^ x[147]
x[163] = x[163] ^ x[77]
x[294] = x[294] ^ x[10]
x[247] = x[247] ^ x[30]
x[285] = x[285] ^ x[139]
x[205] = x[205] ^ x[61]
x[197] = x[197] ^ x[35]
x[241] = x[241] ^ x[142]
x[311] = x[311] ^ x[118]
x[203] = x[203] ^ x[124]
x[307] = x[307] ^ x[22]
x[221] = x[221] ^ x[145]
x[192] = x[192] ^ x[56]
x[313] = x[313] ^ x[160]
x[168] = x[168] ^ x[134]
x[251] = x[251] ^ x[59]
x[205] = x[205] ^ x[51]
x[179] = x[179] ^ x[88]
x[289] = x[289] ^ x[60]
x[216] = x[216] ^ x[82]
x[157] = x[157] ^ x[84]
x[238] = x[238] ^ x[130]
x[306] = x[306] ^ x[105]
x[312] = x[312] ^ x[92]
x[230] = x[230] ^ x[195]
x[278] = x[278] ^ x[114]
x[236] = x[236] ^ x[85]
x[224] = x[224] ^ x[8]
x[279] = x[279] ^ x[47]
x[264] = x[264] ^ x[125]
x[180] = x[180] ^ x[120]
x[255] = x[255] ^ x[86]
x[203] = x[203] ^ x[49]
x[316] = x[316] ^ x[36]
x[72] = x[72] ^ x[94]
x[274] = x[274] ^ x[17]
x[284] = x[284] ^ x[123]
x[228] = x[228] ^ x[37]
x[287] = x[287] ^ x[28]
x[141] = x[141] ^ x[138]
x[283] = x[283] ^ x[126]
x[218] = x[218] ^ x[40]
x[167] = x[167] ^ x[101]
x[225] = x[225] ^ x[104]
x[189] = x[189] ^ x[137]
x[185] = x[185] ^ x[136]
x[201] = x[201] ^ x[14]
x[309] = x[309] ^ x[65]
x[319] = x[319] ^ x[15]
x[293] = x[293] ^ x[58]
x[266] = x[266] ^ x[111]
x[182] = x[182] ^ x[143]
x[38] = x[38] ^ x[132]
x[219] = x[219] ^ x[210]
x[252] = x[252] ^ x[129]
x[305] = x[305] ^ x[133]
x[234] = x[234] ^ x[25]
x[164] = x[164] ^ x[52]
x[214] = x[214] ^ x[98]
x[303] = x[303] ^ x[95]
x[304] = x[304] ^ x[184]
x[240] = x[240] ^ x[131]
x[170] = x[170] ^ x[147]
x[323] = x[323] ^ x[11]
x[178] = x[178] ^ x[128]
x[257] = x[257] ^ x[1]
x[248] = x[248] ^ x[50]
x[249] = x[249] ^ x[3]
x[270] = x[270] ^ x[144]
x[217] = x[217] ^ x[63]
x[245] = x[245] ^ x[113]
x[188] = x[188] ^ x[153]
x[259] = x[259] ^ x[24]
x[220] = x[220] ^ x[89]
x[281] = x[281] ^ x[140]
x[166] = x[166] ^ x[151]
x[165] = x[165] ^ x[83]
x[244] = x[244] ^ x[152]
x[183] = x[183] ^ x[78]
x[235] = x[235] ^ x[71]
x[209] = x[209] ^ x[5]
x[169] = x[169] ^ x[161]
x[292] = x[292] ^ x[48]
x[285] = x[285] ^ x[42]
x[208] = x[208] ^ x[62]
x[273] = x[273] ^ x[27]
x[173] = x[173] ^ x[32]
x[206] = x[206] ^ x[103]
x[308] = x[308] ^ x[12]
x[181] = x[181] ^ x[13]
x[317] = x[317] ^ x[162]
x[212] = x[212] ^ x[106]
x[253] = x[253] ^ x[64]
x[267] = x[267] ^ x[10]
x[300] = x[300] ^ x[154]
x[299] = x[299] ^ x[46]
x[227] = x[227] ^ x[79]
x[258] = x[258] ^ x[155]
x[321] = x[321] ^ x[77]
x[242] = x[242] ^ x[73]
x[176] = x[176] ^ x[149]
x[254] = x[254] ^ x[43]
x[171] = x[171] ^ x[33]
x[199] = x[199] ^ x[68]
x[286] = x[286] ^ x[2]
x[261] = x[261] ^ x[102]
x[194] = x[194] ^ x[53]
x[280] = x[280] ^ x[61]
x[175] = x[175] ^ x[110]
x[297] = x[297] ^ x[117]
x[260] = x[260] ^ x[7]
x[231] = x[231] ^ x[109]
x[239] = x[239] ^ x[100]
x[193] = x[193] ^ x[45]
x[282] = x[282] ^ x[9]
x[324] = x[324] ^ x[121]
x[174] = x[174] ^ x[20]
x[233] = x[233] ^ x[97]
x[265] = x[265] ^ x[29]
x[237] = x[237] ^ x[21]
x[276] = x[276] ^ x[41]
x[172] = x[172] ^ x[96]
x[190] = x[190] ^ x[39]
x[186] = x[186] ^ x[34]
x[223] = x[223] ^ x[66]
x[177] = x[177] ^ x[16]
x[288] = x[288] ^ x[124]
x[196] = x[196] ^ x[69]
x[200] = x[200] ^ x[35]
x[322] = x[322] ^ x[139]
x[296] = x[296] ^ x[67]
x[202] = x[202] ^ x[55]
x[215] = x[215] ^ x[18]
x[163] = x[163] ^ x[81]
x[314] = x[314] ^ x[156]
x[232] = x[232] ^ x[122]
x[247] = x[247] ^ x[150]
x[211] = x[211] ^ x[31]
x[311] = x[311] ^ x[54]
x[198] = x[198] ^ x[158]
x[250] = x[250] ^ x[115]
x[256] = x[256] ^ x[19]
x[204] = x[204] ^ x[26]
x[318] = x[318] ^ x[91]
x[290] = x[290] ^ x[116]
x[291] = x[291] ^ x[90]
x[271] = x[271] ^ x[23]
x[197] = x[197] ^ x[44]
x[207] = x[207] ^ x[87]
x[294] = x[294] ^ x[148]
x[275] = x[275] ^ x[76]
x[246] = x[246] ^ x[107]
x[163] = x[163] ^ x[22]
x[291] = x[291] ^ x[145]
x[313] = x[313] ^ x[71]
x[200] = x[200] ^ x[134]
x[251] = x[251] ^ x[150]
x[234] = x[234] ^ x[51]
x[325] = x[325] ^ x[88]
x[192] = x[192] ^ x[94]
x[165] = x[165] ^ x[60]
x[312] = x[312] ^ x[82]
x[262] = x[262] ^ x[84]
x[271] = x[271] ^ x[130]
x[306] = x[306] ^ x[73]
x[195] = x[195] ^ x[123]
x[278] = x[278] ^ x[139]
x[236] = x[236] ^ x[144]
x[238] = x[238] ^ x[8]
x[275] = x[275] ^ x[56]
x[284] = x[284] ^ x[114]
x[264] = x[264] ^ x[17]
x[252] = x[252] ^ x[47]
x[180] = x[180] ^ x[229]
x[187] = x[187] ^ x[49]
x[225] = x[225] ^ x[36]
x[282] = x[282] ^ x[72]
x[287] = x[287] ^ x[119]
x[191] = x[191] ^ x[138]
x[274] = x[274] ^ x[29]
x[266] = x[266] ^ x[120]
x[173] = x[173] ^ x[126]
x[307] = x[307] ^ x[95]
x[80] = x[80] ^ x[86]
x[283] = x[283] ^ x[50]
x[218] = x[218] ^ x[96]
x[194] = x[194] ^ x[101]
x[256] = x[256] ^ x[137]
x[201] = x[201] ^ x[66]
x[322] = x[322] ^ x[136]
x[212] = x[212] ^ x[37]
x[299] = x[299] ^ x[15]
x[255] = x[255] ^ x[65]
x[170] = x[170] ^ x[40]
x[92] = x[92] ^ x[61]
x[293] = x[293] ^ x[53]
x[311] = x[311] ^ x[133]
x[303] = x[303] ^ x[98]
x[220] = x[220] ^ x[104]
x[240] = x[240] ^ x[110]
x[247] = x[247] ^ x[128]
x[221] = x[221] ^ x[157]
x[309] = x[309] ^ x[12]
x[304] = x[304] ^ x[13]
x[314] = x[314] ^ x[28]
x[182] = x[182] ^ x[74]
x[300] = x[300] ^ x[125]
x[226] = x[226] ^ x[140]
x[208] = x[208] ^ x[58]
x[257] = x[257] ^ x[4]
x[249] = x[249] ^ x[153]
x[217] = x[217] ^ x[16]
x[248] = x[248] ^ x[62]
x[210] = x[210] ^ x[103]
x[172] = x[172] ^ x[59]
x[230] = x[230] ^ x[63]
x[185] = x[185] ^ x[52]
x[259] = x[259] ^ x[3]
x[281] = x[281] ^ x[83]
x[183] = x[183] ^ x[10]
x[214] = x[214] ^ x[143]
x[260] = x[260] ^ x[151]
x[167] = x[167] ^ x[42]
x[292] = x[292] ^ x[113]
x[235] = x[235] ^ x[121]
x[232] = x[232] ^ x[5]
x[279] = x[279] ^ x[162]
x[316] = x[316] ^ x[33]
x[239] = x[239] ^ x[11]
x[202] = x[202] ^ x[48]
x[244] = x[244] ^ x[99]
x[317] = x[317] ^ x[18]
x[223] = x[223] ^ x[106]
x[169] = x[169] ^ x[30]
x[186] = x[186] ^ x[64]
x[245] = x[245] ^ x[148]
x[190] = x[190] ^ x[78]
x[196] = x[196] ^ x[105]
x[267] = x[267] ^ x[161]
x[177] = x[177] ^ x[85]
x[296] = x[296] ^ x[152]
x[206] = x[206] ^ x[116]
x[321] = x[321] ^ x[149]
x[178] = x[178] ^ x[14]
x[324] = x[324] ^ x[43]
x[164] = x[164] ^ x[27]
x[68] = x[68] ^ x[77]    y[68]
x[286] = x[286] ^ x[112]
x[181] = x[181] ^ x[55]
x[168] = x[168] ^ x[159]
x[242] = x[242] ^ x[107]
x[288] = x[288] ^ x[2]
x[308] = x[308] ^ x[79]
x[175] = x[175] ^ x[41]
x[280] = x[280] ^ x[46]
x[294] = x[294] ^ x[102]
x[193] = x[193] ^ x[158]
x[254] = x[254] ^ x[115]
x[263] = x[263] ^ x[111]
x[189] = x[189] ^ x[156]
x[273] = x[273] ^ x[117]
x[219] = x[219] ^ x[32]
x[184] = x[184] ^ x[122]
x[203] = x[203] ^ x[129]
x[323] = x[323] ^ x[23]
x[199] = x[199] ^ x[34]
x[176] = x[176] ^ x[19]
x[298] = x[298] ^ x[69]
x[171] = x[171] ^ x[155]
x[289] = x[289] ^ x[109]
x[233] = x[233] ^ x[154]
x[253] = x[253] ^ x[7]
x[261] = x[261] ^ x[21]
x[215] = x[215] ^ x[67]
x[270] = x[270] ^ x[76]
x[315] = x[315] ^ x[20]
x[277] = x[277] ^ x[124]
x[166] = x[166] ^ x[39]
x[297] = x[297] ^ x[54]
x[231] = x[231] ^ x[9]
x[188] = x[188] ^ x[160]
x[227] = x[227] ^ x[127]
x[198] = x[198] ^ x[131]
x[269] = x[269] ^ x[147]
x[265] = x[265] ^ x[89]
x[318] = x[318] ^ x[31]
x[205] = x[205] ^ x[90]
x[290] = x[290] ^ x[26]
x[174] = x[174] ^ x[35]
x[246] = x[246] ^ x[24]
x[209] = x[209] ^ x[6]
x[197] = x[197] ^ x[97]
x[238] = x[238] ^ x[22]
x[263] = x[263] ^ x[145]
x[313] = x[313] ^ x[24]
x[279] = x[279] ^ x[134]
x[251] = x[251] ^ x[107]
x[171] = x[171] ^ x[51]
x[211] = x[211] ^ x[88]
x[268] = x[268] ^ x[60]
x[201] = x[201] ^ x[82]
x[269] = x[269] ^ x[84]
x[246] = x[246] ^ x[130]
x[312] = x[312] ^ x[37]
x[192] = x[192] ^ x[136]
x[306] = x[306] ^ x[93]
x[278] = x[278] ^ x[13]
x[260] = x[260] ^ x[195]
x[236] = x[236] ^ x[138]
x[163] = x[163] ^ x[47]
x[261] = x[261] ^ x[8]
x[230] = x[230] ^ x[56]
x[264] = x[264] ^ x[81]
x[180] = x[180] ^ x[140]
x[229] = x[229] ^ x[103]
x[284] = x[284] ^ x[108]
x[310] = x[310] ^ x[49]
x[235] = x[235] ^ x[72]
x[225] = x[225] ^ x[76]
x[274] = x[274] ^ x[142]
x[168] = x[168] ^ x[95]
x[303] = x[303] ^ x[126]
x[244] = x[244] ^ x[36]
x[283] = x[283] ^ x[11]
x[189] = x[189] ^ x[144]
x[218] = x[218] ^ x[100]
x[178] = x[178] ^ x[86]
x[314] = x[314] ^ x[101]
x[182] = x[182] ^ x[73]
x[266] = x[266] ^ x[153]
x[197] = x[197] ^ x[137]
x[173] = x[173] ^ x[38]
x[227] = x[227] ^ x[15]
x[234] = x[234] ^ x[33]
x[188] = x[188] ^ x[92]
x[217] = x[217] ^ x[94]
x[289] = x[289] ^ x[65]
x[170] = x[170] ^ x[10]
x[252] = x[252] ^ x[110]
x[255] = x[255] ^ x[151]
x[119] = x[119] ^ x[109]
x[181] = x[181] ^ x[133]
x[257] = x[257] ^ x[71]
x[199] = x[199] ^ x[80]
x[240] = x[240] ^ x[96]
x[202] = x[202] ^ x[128]
x[293] = x[293] ^ x[120]
x[220] = x[220] ^ x[143]
x[321] = x[321] ^ x[157]
x[287] = x[287] ^ x[104]
x[273] = x[273] ^ x[50]
x[253] = x[253] ^ x[3]
x[309] = x[309] ^ x[102]
x[248] = x[248] ^ x[161]
x[311] = x[311] ^ x[28]
x[165] = x[165] ^ x[98]
x[322] = x[322] ^ x[83]
x[296] = x[296] ^ x[114]
x[208] = x[208] ^ x[16]
x[214] = x[214] ^ x[85]
x[259] = x[259] ^ x[74]
x[183] = x[183] ^ x[58]
x[210] = x[210] ^ x[122]
x[256] = x[256] ^ x[52]
x[281] = x[281] ^ x[34]
x[324] = x[324] ^ x[5]
x[228] = x[228] ^ x[12]
x[206] = x[206] ^ x[66]
x[265] = x[265] ^ x[59]
x[282] = x[282] ^ x[14]
x[288] = x[288] ^ x[63]
x[317] = x[317] ^ x[48]
x[292] = x[292] ^ x[53]
x[286] = x[286] ^ x[113]
x[300] = x[300] ^ x[54]
x[316] = x[316] ^ x[112]
x[194] = x[194] ^ x[32]
x[304] = x[304] ^ x[89]
x[212] = x[212] ^ x[64]
x[308] = x[308] ^ x[42]
x[191] = x[191] ^ x[106]
x[169] = x[169] ^ x[91]
x[267] = x[267] ^ x[23]
x[307] = x[307] ^ x[131]
x[239] = x[239] ^ x[27]
x[242] = x[242] ^ x[125]
x[176] = x[176] ^ x[78]
x[254] = x[254] ^ x[149]
x[190] = x[190] ^ x[117]
x[221] = x[221] ^ x[30]
x[258] = x[258] ^ x[17]
x[297] = x[297] ^ x[162]
x[245] = x[245] ^ x[20]
x[164] = x[164] ^ x[116]
x[175] = x[175] ^ x[7]
x[299] = x[299] ^ x[129]
x[209] = x[209] ^ x[152]
x[193] = x[193] ^ x[159]
x[275] = x[275] ^ x[121]
x[172] = x[172] ^ x[55]
x[226] = x[226] ^ x[132]
x[203] = x[203] ^ x[39]
x[177] = x[177] ^ x[40]
x[318] = x[318] ^ x[79]
x[186] = x[186] ^ x[44]
x[196] = x[196] ^ x[156]
x[280] = x[280] ^ x[111]
x[241] = x[241] ^ x[41]
x[237] = x[237] ^ x[29]
x[290] = x[290] ^ x[123]
x[315] = x[315] ^ x[105]
x[272] = x[272] ^ x[67]
x[223] = x[223] ^ x[124]
x[305] = x[305] ^ x[154]
x[249] = x[249] ^ x[1]
x[184] = x[184] ^ x[21]
x[250] = x[250] ^ x[46]
x[233] = x[233] ^ x[9]
x[323] = x[323] ^ x[147]
x[232] = x[232] ^ x[45]
x[205] = x[205] ^ x[43]
x[179] = x[179] ^ x[68]
x[219] = x[219] ^ x[139]
x[166] = x[166] ^ x[148]
x[198] = x[198] ^ x[19]
x[271] = x[271] ^ x[115]
x[200] = x[200] ^ x[18]
x[231] = x[231] ^ x[87]
x[213] = x[213] ^ x[155]
x[185] = x[185] ^ x[26]
x[301] = x[301] ^ x[90]
x[298] = x[298] ^ x[35]
x[276] = x[276] ^ x[69]
x[293] = x[293] ^ x[22]
x[238] = x[238] ^ x[145]
x[313] = x[313] ^ x[5]
x[225] = x[225] ^ x[134]
x[251] = x[251] ^ x[103]
x[191] = x[191] ^ x[51]
x[277] = x[277] ^ x[88]
x[261] = x[261] ^ x[82]
x[177] = x[177] ^ x[60]
x[266] = x[266] ^ x[84]
x[215] = x[215] ^ x[130]
x[312] = x[312] ^ x[138]
x[192] = x[192] ^ x[15]
x[278] = x[278] ^ x[162]
x[294] = x[294] ^ x[306]
x[236] = x[236] ^ x[26]
x[249] = x[249] ^ x[8]
x[206] = x[206] ^ x[47]
x[255] = x[255] ^ x[56]
x[211] = x[211] ^ x[36]
x[163] = x[163] ^ x[264]
x[72] = x[72] ^ x[94]
x[229] = x[229] ^ x[74]
x[284] = x[284] ^ x[30]
x[171] = x[171] ^ x[136]
x[274] = x[274] ^ x[11]
x[185] = x[185] ^ x[49]
x[180] = x[180] ^ x[123]
x[210] = x[210] ^ x[201]
x[283] = x[283] ^ x[21]
x[287] = x[287] ^ x[93]
x[218] = x[218] ^ x[151]
x[267] = x[267] ^ x[86]
x[197] = x[197] ^ x[37]
x[169] = x[169] ^ x[137]
x[182] = x[182] ^ x[95]
x[235] = x[235] ^ x[101]
x[234] = x[234] ^ x[62]
x[303] = x[303] ^ x[52]
x[244] = x[244] ^ x[98]
x[300] = x[300] ^ x[65]
x[170] = x[170] ^ x[46]
x[196] = x[196] ^ x[133]
x[317] = x[317] ^ x[144]
x[240] = x[240] ^ x[70]
x[304] = x[304] ^ x[128]
x[181] = x[181] ^ x[28]
x[220] = x[220] ^ x[132]
x[188] = x[188] ^ x[13]
x[230] = x[230] ^ x[55]
x[252] = x[252] ^ x[48]
x[223] = x[223] ^ x[140]
x[200] = x[200] ^ x[71]
x[250] = x[250] ^ x[157]
x[297] = x[297] ^ x[153]
x[281] = x[281] ^ x[100]
x[296] = x[296] ^ x[126]
x[311] = x[311] ^ x[92]
x[217] = x[217] ^ x[20]
x[173] = x[173] ^ x[27]
x[257] = x[257] ^ x[45]
x[195] = x[195] ^ x[155]
x[321] = x[321] ^ x[83]
x[322] = x[322] ^ x[42]
x[307] = x[307] ^ x[161]
x[189] = x[189] ^ x[119]
x[248] = x[248] ^ x[120]
x[309] = x[309] ^ x[67]
x[259] = x[259] ^ x[148]
x[243] = x[243] ^ x[12]
x[324] = x[324] ^ x[106]
x[279] = x[279] ^ x[121]
x[184] = x[184] ^ x[110]
x[256] = x[256] ^ x[59]
x[271] = x[271] ^ x[3]
x[316] = x[316] ^ x[81]
x[175] = x[175] ^ x[63]
x[212] = x[212] ^ x[129]
x[221] = x[221] ^ x[24]
x[291] = x[291] ^ x[32]
x[165] = x[165] ^ x[76]
x[194] = x[194] ^ x[25]
x[292] = x[292] ^ x[73]
x[289] = x[289] ^ x[78]
x[299] = x[299] ^ x[23]
x[204] = x[204] ^ x[33]
x[273] = x[273] ^ x[104]
x[166] = x[166] ^ x[64]
x[199] = x[199] ^ x[125]
x[208] = x[208] ^ x[89]
x[245] = x[245] ^ x[122]
x[301] = x[301] ^ x[149]
x[232] = x[232] ^ x[14]
x[288] = x[288] ^ x[114]
x[325] = x[325] ^ x[53]
x[178] = x[178] ^ x[87]
x[231] = x[231] ^ x[85]
x[253] = x[253] ^ x[40]
x[314] = x[314] ^ x[2]
x[183] = x[183] ^ x[118]
x[214] = x[214] ^ x[1]
x[308] = x[308] ^ x[9]
x[286] = x[286] ^ x[150]
x[282] = x[282] ^ x[143]
x[270] = x[270] ^ x[50]
x[254] = x[254] ^ x[156]
x[233] = x[233] ^ x[159]
x[280] = x[280] ^ x[117]
x[172] = x[172] ^ x[107]
x[227] = x[227] ^ x[113]
x[168] = x[168] ^ x[127]
x[213] = x[213] ^ x[16]
x[265] = x[265] ^ x[152]
x[323] = x[323] ^ x[102]
x[193] = x[193] ^ x[31]
x[263] = x[263] ^ x[68]
x[242] = x[242] ^ x[61]
x[239] = x[239] ^ x[43]
x[198] = x[198] ^ x[41]
x[226] = x[226] ^ x[66]
x[164] = x[164] ^ x[96]
x[315] = x[315] ^ x[154]
x[262] = x[262] ^ x[7]
x[298] = x[298] ^ x[17]
x[275] = x[275] ^ x[35]
x[190] = x[190] ^ x[4]
x[285] = x[285] ^ x[29]
x[203] = x[203] ^ x[116]
x[176] = x[176] ^ x[158]
x[237] = x[237] ^ x[160]
x[269] = x[269] ^ x[124]
x[258] = x[258] ^ x[115]
x[247] = x[247] ^ x[111]
x[219] = x[219] ^ x[91]
x[205] = x[205] ^ x[58]
x[290] = x[290] ^ x[6]
x[216] = x[216] ^ x[139]
x[222] = x[222] ^ x[19]
x[241] = x[241] ^ x[18]
x[260] = x[260] ^ x[10]
x[224] = x[224] ^ x[147]
x[228] = x[228] ^ x[90]
x[236] = x[236] ^ x[22]
x[253] = x[253] ^ x[145]
x[305] = x[305] ^ x[313]
x[206] = x[206] ^ x[134]
x[263] = x[263] ^ x[251]
x[287] = x[287] ^ x[51]
x[165] = x[165] ^ x[88]
x[277] = x[277] ^ x[60]
x[191] = x[191] ^ x[84]
x[181] = x[181] ^ x[82]
x[241] = x[241] ^ x[130]
x[312] = x[312] ^ x[46]
x[192] = x[192] ^ x[295]
x[315] = x[315] ^ x[278]
x[306] = x[306] ^ x[132]
x[254] = x[254] ^ x[8]
x[261] = x[261] ^ x[268]
x[212] = x[212] ^ x[56]
x[169] = x[169] ^ x[138]
x[284] = x[284] ^ x[47]
x[246] = x[246] ^ x[264]
x[225] = x[225] ^ x[94]
x[231] = x[231] ^ x[36]
x[229] = x[229] ^ x[72]
x[293] = x[293] ^ x[49]
x[259] = x[259] ^ x[136]
x[180] = x[180] ^ x[117]
x[201] = x[201] ^ x[38]
x[214] = x[214] ^ x[274]
x[275] = x[275] ^ x[15]
x[283] = x[283] ^ x[27]
x[179] = x[179] ^ x[101]
x[218] = x[218] ^ x[59]
x[308] = x[308] ^ x[95]
x[188] = x[188] ^ x[98]
x[182] = x[182] ^ x[52]
x[238] = x[238] ^ x[28]
x[324] = x[324] ^ x[86]
x[303] = x[303] ^ x[55]
x[186] = x[186] ^ x[144]
x[270] = x[270] ^ x[133]
x[170] = x[170] ^ x[66]
x[194] = x[194] ^ x[151]
x[282] = x[282] ^ x[37]
x[197] = x[197] ^ x[153]
x[260] = x[260] ^ x[137]
x[240] = x[240] ^ x[11]
x[286] = x[286] ^ x[65]
x[244] = x[244] ^ x[125]
x[183] = x[183] ^ x[128]
x[234] = x[234] ^ x[93]
x[200] = x[200] ^ x[3]
x[252] = x[252] ^ x[76]
x[300] = x[300] ^ x[140]
x[230] = x[230] ^ x[146]
x[309] = x[309] ^ x[157]
x[304] = x[304] ^ x[119]
x[220] = x[220] ^ x[53]
x[217] = x[217] ^ x[40]
x[208] = x[208] ^ x[71]
x[257] = x[257] ^ x[85]
x[250] = x[250] ^ x[114]
x[210] = x[210] ^ x[29]
x[322] = x[322] ^ x[13]
x[256] = x[256] ^ x[5]
x[172] = x[172] ^ x[126]
x[255] = x[255] ^ x[115]
x[249] = x[249] ^ x[74]
x[296] = x[296] ^ x[50]
x[243] = x[243] ^ x[103]
x[195] = x[195] ^ x[24]
x[248] = x[248] ^ x[83]
x[317] = x[317] ^ x[111]
x[281] = x[281] ^ x[124]
x[279] = x[279] ^ x[139]
x[215] = x[215] ^ x[42]
x[325] = x[325] ^ x[63]
x[307] = x[307] ^ x[35]
x[173] = x[173] ^ x[16]
x[171] = x[171] ^ x[106]
x[267] = x[267] ^ x[143]
x[235] = x[235] ^ x[21]
x[178] = x[178] ^ x[81]
x[292] = x[292] ^ x[100]
x[221] = x[221] ^ x[39]
x[190] = x[190] ^ x[161]
x[233] = x[233] ^ x[104]
x[184] = x[184] ^ x[58]
x[242] = x[242] ^ x[89]
x[280] = x[280] ^ x[162]
x[199] = x[199] ^ x[148]
x[316] = x[316] ^ x[48]
x[213] = x[213] ^ x[33]
x[273] = x[273] ^ x[105]
x[239] = x[239] ^ x[14]
x[321] = x[321] ^ x[90]
x[288] = x[288] ^ x[17]
x[164] = x[164] ^ x[12]
x[175] = x[175] ^ x[96]
x[285] = x[285] ^ x[120]
x[227] = x[227] ^ x[4]
x[291] = x[291] ^ x[20]
x[189] = x[189] ^ x[150]
x[289] = x[289] ^ x[110]
x[297] = x[297] ^ x[41]
x[174] = x[174] ^ x[32]
x[177] = x[177] ^ x[45]
x[196] = x[196] ^ x[129]
x[176] = x[176] ^ x[73]
x[262] = x[262] ^ x[121]
x[299] = x[299] ^ x[31]
x[314] = x[314] ^ x[99]
x[245] = x[245] ^ x[2]
x[185] = x[185] ^ x[147]
x[193] = x[193] ^ x[10]
x[163] = x[163] ^ x[6]
x[323] = x[323] ^ x[67]
x[311] = x[311] ^ x[7]
x[228] = x[228] ^ x[113]
x[237] = x[237] ^ x[156]
x[319] = x[319] ^ x[68]
x[265] = x[265] ^ x[107]
x[271] = x[271] ^ x[154]
x[166] = x[166] ^ x[116]
x[294] = x[294] ^ x[34]
x[211] = x[211] ^ x[112]
x[168] = x[168] ^ x[69]
x[209] = x[209] ^ x[30]
x[232] = x[232] ^ x[9]
x[298] = x[298] ^ x[122]
x[247] = x[247] ^ x[131]
x[258] = x[258] ^ x[77]
x[226] = x[226] ^ x[26]
x[203] = x[203] ^ x[118]
x[207] = x[207] ^ x[23]
x[205] = x[205] ^ x[1]
x[213] = x[213] ^ x[22]
x[252] = x[252] ^ x[145]
x[253] = x[253] ^ x[134]
x[313] = x[313] ^ x[103]
x[251] = x[251] ^ x[60]
x[188] = x[188] ^ x[51]
x[224] = x[224] ^ x[88]
x[305] = x[305] ^ x[82]
x[298] = x[298] ^ x[84]
x[206] = x[206] ^ x[130]
x[312] = x[312] ^ x[91]
x[295] = x[295] ^ x[110]
x[236] = x[236] ^ x[44]
x[220] = x[220] ^ x[278]
x[306] = x[306] ^ x[153]
x[279] = x[279] ^ x[8]
x[180] = x[180] ^ x[56]
x[247] = x[247] ^ x[138]
x[192] = x[192] ^ x[50]
x[297] = x[297] ^ x[47]
x[264] = x[264] ^ x[12]
x[284] = x[284] ^ x[149]
x[225] = x[225] ^ x[75]
x[229] = x[229] ^ x[52]
x[261] = x[261] ^ x[72]
x[293] = x[293] ^ x[76]
x[275] = x[275] ^ x[86]
x[246] = x[246] ^ x[37]
x[310] = x[310] ^ x[36]
x[214] = x[214] ^ x[49]
x[210] = x[210] ^ x[136]
x[38] = x[38] ^ x[132]
x[274] = x[274] ^ x[120]
x[282] = x[282] ^ x[15]
x[283] = x[283] ^ x[78]
x[218] = x[218] ^ x[137]
x[212] = x[212] ^ x[94]
x[95] = x[95] ^ x[101]
x[169] = x[169] ^ x[65]
x[217] = x[217] ^ x[98]
x[303] = x[303] ^ x[1]
x[182] = x[182] ^ x[41]
x[268] = x[268] ^ x[26]
x[168] = x[168] ^ x[144]
x[234] = x[234] ^ x[59]
x[207] = x[207] ^ x[133]
x[240] = x[240] ^ x[104]
x[170] = x[170] ^ x[2]
x[269] = x[269] ^ x[28]
x[227] = x[227] ^ x[128]
x[288] = x[288] ^ x[151]
x[254] = x[254] ^ x[13]
x[287] = x[287] ^ x[45]
x[323] = x[323] ^ x[140]
x[195] = x[195] ^ x[27]
x[230] = x[230] ^ x[156]
x[257] = x[257] ^ x[11]
x[183] = x[183] ^ x[67]
x[259] = x[259] ^ x[66]
x[235] = x[235] ^ x[5]
x[309] = x[309] ^ x[14]
x[181] = x[181] ^ x[126]
x[255] = x[255] ^ x[87]
x[200] = x[200] ^ x[114]
x[208] = x[208] ^ x[48]
x[300] = x[300] ^ x[99]
x[248] = x[248] ^ x[122]
x[322] = x[322] ^ x[71]
x[244] = x[244] ^ x[83]
x[317] = x[317] ^ x[117]
x[242] = x[242] ^ x[74]
x[311] = x[311] ^ x[119]
x[250] = x[250] ^ x[33]
x[184] = x[184] ^ x[53]
x[281] = x[281] ^ x[123]
x[307] = x[307] ^ x[155]
x[296] = x[296] ^ x[160]
x[194] = x[194] ^ x[42]
x[256] = x[256] ^ x[129]
x[211] = x[211] ^ x[85]
x[185] = x[185] ^ x[3]
x[199] = x[199] ^ x[63]
x[267] = x[267] ^ x[105]
x[316] = x[316] ^ x[111]
x[270] = x[270] ^ x[64]
x[286] = x[286] ^ x[106]
x[171] = x[171] ^ x[79]
x[304] = x[304] ^ x[93]
x[190] = x[190] ^ x[70]
x[238] = x[238] ^ x[112]
x[178] = x[178] ^ x[127]
x[191] = x[191] ^ x[68]
x[232] = x[232] ^ x[125]
x[221] = x[221] ^ x[32]
x[165] = x[165] ^ x[18]
x[189] = x[189] ^ x[24]
x[245] = x[245] ^ x[90]
x[172] = x[172] ^ x[39]
x[273] = x[273] ^ x[121]
x[239] = x[239] ^ x[89]
x[175] = x[175] ^ x[23]
x[243] = x[243] ^ x[58]
x[321] = x[321] ^ x[35]
x[173] = x[173] ^ x[116]
x[249] = x[249] ^ x[109]
x[265] = x[265] ^ x[162]
x[258] = x[258] ^ x[73]
x[301] = x[301] ^ x[29]
x[280] = x[280] ^ x[43]
x[289] = x[289] ^ x[57]
x[324] = x[324] ^ x[107]
x[285] = x[285] ^ x[20]
x[294] = x[294] ^ x[100]
x[318] = x[318] ^ x[96]
x[193] = x[193] ^ x[34]
x[176] = x[176] ^ x[118]
x[308] = x[308] ^ x[159]
x[290] = x[290] ^ x[150]
x[198] = x[198] ^ x[161]
x[203] = x[203] ^ x[7]
x[215] = x[215] ^ x[21]
x[202] = x[202] ^ x[40]
x[319] = x[319] ^ x[102]
x[196] = x[196] ^ x[30]
x[166] = x[166] ^ x[61]
x[163] = x[163] ^ x[17]
x[237] = x[237] ^ x[124]
x[167] = x[167] ^ x[154]
x[233] = x[233] ^ x[6]
x[260] = x[260] ^ x[81]
x[241] = x[241] ^ x[158]
x[315] = x[315] ^ x[131]
x[219] = x[219] ^ x[9]
x[263] = x[263] ^ x[55]
x[228] = x[228] ^ x[148]
x[314] = x[314] ^ x[46]
x[177] = x[177] ^ x[115]
x[271] = x[271] ^ x[69]
x[216] = x[216] ^ x[10]
x[223] = x[223] ^ x[139]
x[173] = x[173] ^ x[22]
x[215] = x[215] ^ x[145]
x[302] = x[302] ^ x[134]
x[296] = x[296] ^ x[51]
x[286] = x[286] ^ x[88]
x[225] = x[225] ^ x[60]
x[222] = x[222] ^ x[82]
x[198] = x[198] ^ x[84]
x[288] = x[288] ^ x[130]
x[312] = x[312] ^ x[76]
x[251] = x[251] ^ x[13]
x[236] = x[236] ^ x[63]
x[281] = x[281] ^ x[278]
x[233] = x[233] ^ x[295]
x[206] = x[206] ^ x[49]
x[306] = x[306] ^ x[187]
x[172] = x[172] ^ x[8]
x[294] = x[294] ^ x[56]
x[313] = x[313] ^ x[114]
x[269] = x[269] ^ x[138]
x[212] = x[212] ^ x[47]
x[264] = x[264] ^ x[74]
x[192] = x[192] ^ x[121]
x[284] = x[284] ^ x[137]
x[229] = x[229] ^ x[135]
x[227] = x[227] ^ x[72]
x[271] = x[271] ^ x[136]
x[75] = x[75] ^ x[112]
x[259] = x[259] ^ x[36]
x[268] = x[268] ^ x[37]
x[283] = x[283] ^ x[38]
x[164] = x[164] ^ x[86]
x[290] = x[290] ^ x[94]
x[244] = x[244] ^ x[101]
x[180] = x[180] ^ x[109]
x[210] = x[210] ^ x[201]
x[218] = x[218] ^ x[106]
x[293] = x[293] ^ x[5]
x[182] = x[182] ^ x[124]
x[285] = x[285] ^ x[15]
x[205] = x[205] ^ x[98]
x[303] = x[303] ^ x[66]
x[240] = x[240] ^ x[61]
x[275] = x[275] ^ x[65]
x[170] = x[170] ^ x[58]
x[252] = x[252] ^ x[116]
x[177] = x[177] ^ x[151]
x[196] = x[196] ^ x[128]
x[279] = x[279] ^ x[157]
x[232] = x[232] ^ x[133]
x[220] = x[220] ^ x[41]
x[184] = x[184] ^ x[52]
x[165] = x[165] ^ x[26]
x[287] = x[287] ^ x[132]
x[254] = x[254] ^ x[140]
x[297] = x[297] ^ x[3]
x[202] = x[202] ^ x[28]
x[214] = x[214] ^ x[144]
x[262] = x[262] ^ x[153]
x[261] = x[261] ^ x[95]
x[169] = x[169] ^ x[113]
x[217] = x[217] ^ x[96]
x[230] = x[230] ^ x[67]
x[235] = x[235] ^ x[119]
x[250] = x[250] ^ x[12]
x[234] = x[234] ^ x[55]
x[300] = x[300] ^ x[152]
x[255] = x[255] ^ x[107]
x[289] = x[289] ^ x[59]
x[241] = x[241] ^ x[48]
x[195] = x[195] ^ x[99]
x[309] = x[309] ^ x[122]
x[181] = x[181] ^ x[120]
x[317] = x[317] ^ x[127]
x[257] = x[257] ^ x[126]
x[322] = x[322] ^ x[102]
x[178] = x[178] ^ x[83]
x[248] = x[248] ^ x[40]
x[314] = x[314] ^ x[71]
x[253] = x[253] ^ x[78]
x[307] = x[307] ^ x[33]
x[191] = x[191] ^ x[27]
x[211] = x[211] ^ x[125]
x[256] = x[256] ^ x[79]
x[242] = x[242] ^ x[85]
x[299] = x[299] ^ x[104]
x[183] = x[183] ^ x[155]
x[291] = x[291] ^ x[42]
x[197] = x[197] ^ x[11]
x[321] = x[321] ^ x[70]
x[199] = x[199] ^ x[162]
x[239] = x[239] ^ x[149]
x[175] = x[175] ^ x[68]
x[316] = x[316] ^ x[32]
x[166] = x[166] ^ x[117]
x[304] = x[304] ^ x[69]
x[238] = x[238] ^ x[10]
x[282] = x[282] ^ x[2]
x[186] = x[186] ^ x[14]
x[226] = x[226] ^ x[24]
x[168] = x[168] ^ x[53]
x[189] = x[189] ^ x[160]
x[245] = x[245] ^ x[105]
x[325] = x[325] ^ x[110]
x[208] = x[208] ^ x[34]
x[273] = x[273] ^ x[57]
x[221] = x[221] ^ x[89]
x[207] = x[207] ^ x[16]
x[171] = x[171] ^ x[6]
x[308] = x[308] ^ x[123]
x[200] = x[200] ^ x[44]
x[231] = x[231] ^ x[129]
x[280] = x[280] ^ x[73]
x[249] = x[249] ^ x[150]
x[311] = x[311] ^ x[93]
x[204] = x[204] ^ x[111]
x[324] = x[324] ^ x[23]
x[193] = x[193] ^ x[50]
x[315] = x[315] ^ x[100]
x[190] = x[190] ^ x[35]
x[185] = x[185] ^ x[81]
x[298] = x[298] ^ x[147]
x[267] = x[267] ^ x[131]
x[323] = x[323] ^ x[46]
x[176] = x[176] ^ x[139]
x[318] = x[318] ^ x[161]
x[301] = x[301] ^ x[115]
x[270] = x[270] ^ x[7]
x[163] = x[163] ^ x[9]
x[265] = x[265] ^ x[97]
x[246] = x[246] ^ x[148]
x[194] = x[194] ^ x[154]
x[174] = x[174] ^ x[21]
x[237] = x[237] ^ x[4]
x[260] = x[260] ^ x[43]
x[216] = x[216] ^ x[29]
x[171] = x[171] ^ x[22]
x[206] = x[206] ^ x[145]
x[194] = x[194] ^ x[134]
x[290] = x[290] ^ x[302]
x[269] = x[269] ^ x[51]
x[272] = x[272] ^ x[88]
x[292] = x[292] ^ x[60]
x[188] = x[188] ^ x[82]
x[182] = x[182] ^ x[84]
x[207] = x[207] ^ x[130]
x[312] = x[312] ^ x[129]
x[251] = x[251] ^ x[47]
x[295] = x[295] ^ x[80]
x[278] = x[278] ^ x[98]
x[266] = x[266] ^ x[8]
x[306] = x[306] ^ x[36]
x[301] = x[301] ^ x[56]
x[225] = x[225] ^ x[41]
x[277] = x[277] ^ x[138]
x[264] = x[264] ^ x[14]
x[174] = x[174] ^ x[313]
x[192] = x[192] ^ x[25]
x[229] = x[229] ^ x[106]
x[311] = x[311] ^ x[72]
x[195] = x[195] ^ x[136]
x[193] = x[193] ^ x[49]
x[175] = x[175] ^ x[75]
x[288] = x[288] ^ x[15]
x[283] = x[283] ^ x[114]
x[274] = x[274] ^ x[76]
x[284] = x[284] ^ x[110]
x[270] = x[270] ^ x[86]
x[184] = x[184] ^ x[94]
x[180] = x[180] ^ x[101]
x[210] = x[210] ^ x[137]
x[172] = x[172] ^ x[95]
x[261] = x[261] ^ x[268]
x[293] = x[293] ^ x[123]
x[259] = x[259] ^ x[65]
x[218] = x[218] ^ x[144]
x[215] = x[215] ^ x[133]
x[187] = x[187] ^ x[103]
x[212] = x[212] ^ x[83]
x[303] = x[303] ^ x[50]
x[240] = x[240] ^ x[81]
x[275] = x[275] ^ x[120]
x[325] = x[325] ^ x[151]
x[252] = x[252] ^ x[93]
x[220] = x[220] ^ x[128]
x[199] = x[199] ^ x[38]
x[231] = x[231] ^ x[52]
x[227] = x[227] ^ x[13]
x[299] = x[299] ^ x[28]
x[304] = x[304] ^ x[153]
x[214] = x[214] ^ x[5]
x[170] = x[170] ^ x[69]
x[217] = x[217] ^ x[3]
x[296] = x[296] ^ x[11]
x[235] = x[235] ^ x[140]
x[169] = x[169] ^ x[37]
x[135] = x[135] ^ x[71]    y[135]
x[183] = x[183] ^ x[12]
x[223] = x[223] ^ x[59]
x[321] = x[321] ^ x[132]
x[257] = x[257] ^ x[131]
x[255] = x[255] ^ x[1]
x[286] = x[286] ^ x[67]
x[300] = x[300] ^ x[7]
x[281] = x[281] ^ x[111]
x[317] = x[317] ^ x[87]
x[323] = x[323] ^ x[126]
x[234] = x[234] ^ x[45]
x[181] = x[181] ^ x[162]
x[256] = x[256] ^ x[48]
x[248] = x[248] ^ x[57]
x[201] = x[201] ^ x[117]
x[244] = x[244] ^ x[43]
x[173] = x[173] ^ x[122]
x[267] = x[267] ^ x[74]
x[233] = x[233] ^ x[78]
x[202] = x[202] ^ x[42]
x[230] = x[230] ^ x[53]
x[287] = x[287] ^ x[150]
x[189] = x[189] ^ x[27]
x[297] = x[297] ^ x[16]
x[279] = x[279] ^ x[116]
x[166] = x[166] ^ x[63]
x[209] = x[209] ^ x[85]
x[250] = x[250] ^ x[40]
x[178] = x[178] ^ x[148]
x[309] = x[309] ^ x[55]
x[165] = x[165] ^ x[109]
x[282] = x[282] ^ x[66]
x[186] = x[186] ^ x[127]
x[254] = x[254] ^ x[54]
x[289] = x[289] ^ x[91]
x[324] = x[324] ^ x[149]
x[307] = x[307] ^ x[139]
x[316] = x[316] ^ x[79]
x[253] = x[253] ^ x[152]
x[285] = x[285] ^ x[104]
x[242] = x[242] ^ x[34]
x[322] = x[322] ^ x[68]
x[196] = x[196] ^ x[33]
x[273] = x[273] ^ x[146]
x[249] = x[249] ^ x[121]
x[260] = x[260] ^ x[24]
x[239] = x[239] ^ x[97]
x[232] = x[232] ^ x[147]
x[163] = x[163] ^ x[125]
x[238] = x[238] ^ x[161]
x[305] = x[305] ^ x[102]
x[185] = x[185] ^ x[124]
x[294] = x[294] ^ x[96]
x[191] = x[191] ^ x[61]
x[208] = x[208] ^ x[26]
x[280] = x[280] ^ x[160]
x[265] = x[265] ^ x[99]
x[262] = x[262] ^ x[20]
x[263] = x[263] ^ x[32]
x[245] = x[245] ^ x[73]
x[211] = x[211] ^ x[29]
x[176] = x[176] ^ x[155]
x[164] = x[164] ^ x[35]
x[197] = x[197] ^ x[58]
x[221] = x[221] ^ x[100]
x[190] = x[190] ^ x[142]
x[222] = x[222] ^ x[154]
x[226] = x[226] ^ x[105]
x[315] = x[315] ^ x[113]
x[168] = x[168] ^ x[21]
x[204] = x[204] ^ x[112]
x[237] = x[237] ^ x[23]
x[247] = x[247] ^ x[46]
x[291] = x[291] ^ x[115]
x[174] = x[174] ^ x[22]
x[216] = x[216] ^ x[145]
x[254] = x[254] ^ x[134]
x[182] = x[182] ^ x[302]
x[277] = x[277] ^ x[51]
x[195] = x[195] ^ x[88]
x[273] = x[273] ^ x[60]
x[281] = x[281] ^ x[82]
x[180] = x[180] ^ x[130]
x[251] = x[251] ^ x[86]
x[312] = x[312] ^ x[146]
x[188] = x[188] ^ x[236]
x[295] = x[295] ^ x[89]
x[278] = x[278] ^ x[27]
x[108] = x[108] ^ x[8]
x[219] = x[219] ^ x[266]
x[184] = x[184] ^ x[47]
x[306] = x[306] ^ x[50]
x[197] = x[197] ^ x[56]
x[284] = x[284] ^ x[41]
x[294] = x[294] ^ x[138]
x[264] = x[264] ^ x[132]
x[225] = x[225] ^ x[113]
x[313] = x[313] ^ x[15]
x[229] = x[229] ^ x[149]
x[192] = x[192] ^ x[14]
x[286] = x[286] ^ x[136]
x[80] = x[80] ^ x[52]
x[303] = x[303] ^ x[114]
x[324] = x[324] ^ x[36]
x[201] = x[201] ^ x[25]
x[283] = x[283] ^ x[109]
x[208] = x[208] ^ x[72]
x[212] = x[212] ^ x[101]
x[272] = x[272] ^ x[37]
x[308] = x[308] ^ x[75]
x[172] = x[172] ^ x[153]
x[293] = x[293] ^ x[126]
x[218] = x[218] ^ x[3]
x[164] = x[164] ^ x[144]
x[304] = x[304] ^ x[98]
x[173] = x[173] ^ x[49]
x[318] = x[318] ^ x[65]
x[185] = x[185] ^ x[133]
x[217] = x[217] ^ x[76]
x[210] = x[210] ^ x[125]
x[314] = x[314] ^ x[137]
x[240] = x[240] ^ x[154]
x[253] = x[253] ^ x[128]
x[220] = x[220] ^ x[78]
x[249] = x[249] ^ x[38]
x[252] = x[252] ^ x[97]
x[259] = x[259] ^ x[32]
x[233] = x[233] ^ x[13]
x[183] = x[183] ^ x[106]
x[287] = x[287] ^ x[151]
x[239] = x[239] ^ x[28]
x[214] = x[214] ^ x[20]
x[288] = x[288] ^ x[83]
x[227] = x[227] ^ x[42]
x[224] = x[224] ^ x[5]
x[169] = x[169] ^ x[96]
x[170] = x[170] ^ x[140]
x[206] = x[206] ^ x[105]
x[255] = x[255] ^ x[74]
x[257] = x[257] ^ x[115]
x[296] = x[296] ^ x[68]
x[261] = x[261] ^ x[121]
x[317] = x[317] ^ x[34]
x[307] = x[307] ^ x[110]
x[181] = x[181] ^ x[107]
x[194] = x[194] ^ x[26]
x[176] = x[176] ^ x[59]
x[248] = x[248] ^ x[102]
x[299] = x[299] ^ x[95]
x[279] = x[279] ^ x[135]
x[231] = x[231] ^ x[48]
x[244] = x[244] ^ x[63]
x[234] = x[234] ^ x[64]
x[198] = x[198] ^ x[53]
x[235] = x[235] ^ x[35]
x[200] = x[200] ^ x[12]
x[221] = x[221] ^ x[120]
x[301] = x[301] ^ x[66]
x[242] = x[242] ^ x[11]
x[267] = x[267] ^ x[40]
x[230] = x[230] ^ x[16]
x[256] = x[256] ^ x[131]
x[199] = x[199] ^ x[104]
x[292] = x[292] ^ x[122]
x[167] = x[167] ^ x[85]
x[275] = x[275] ^ x[33]
x[178] = x[178] ^ x[158]
x[189] = x[189] ^ x[127]
x[282] = x[282] ^ x[6]
x[321] = x[321] ^ x[67]
x[316] = x[316] ^ x[30]
x[165] = x[165] ^ x[58]
x[300] = x[300] ^ x[19]
x[171] = x[171] ^ x[55]
x[215] = x[215] ^ x[44]
x[322] = x[322] ^ x[100]
x[213] = x[213] ^ x[152]
x[289] = x[289] ^ x[9]
x[258] = x[258] ^ x[117]
x[175] = x[175] ^ x[90]
x[250] = x[250] ^ x[162]
x[196] = x[196] ^ x[79]
x[238] = x[238] ^ x[2]
x[309] = x[309] ^ x[129]
x[193] = x[193] ^ x[43]
x[211] = x[211] ^ x[71]
x[291] = x[291] ^ x[111]
x[315] = x[315] ^ x[1]
x[245] = x[245] ^ x[160]
x[285] = x[285] ^ x[148]
x[186] = x[186] ^ x[73]
x[190] = x[190] ^ x[91]
x[280] = x[280] ^ x[118]
x[177] = x[177] ^ x[87]
x[297] = x[297] ^ x[4]
x[311] = x[311] ^ x[155]
x[237] = x[237] ^ x[147]
x[179] = x[179] ^ x[7]
x[268] = x[268] ^ x[124]
x[323] = x[323] ^ x[161]
x[168] = x[168] ^ x[46]
x[166] = x[166] ^ x[69]
x[265] = x[265] ^ x[81]
x[232] = x[232] ^ x[61]
x[290] = x[290] ^ x[139]
x[241] = x[241] ^ x[24]
x[269] = x[269] ^ x[29]
x[222] = x[222] ^ x[10]
x[248] = x[248] ^ x[22]
x[258] = x[258] ^ x[145]
x[178] = x[178] ^ x[134]
x[246] = x[246] ^ x[51]
x[84] = x[84] ^ x[60]
x[315] = x[315] ^ x[88]
x[257] = x[257] ^ x[82]
x[317] = x[317] ^ x[130]
x[312] = x[312] ^ x[59]
x[251] = x[251] ^ x[37]
x[236] = x[236] ^ x[74]
x[295] = x[295] ^ x[106]
x[281] = x[281] ^ x[278]
x[174] = x[174] ^ x[49]
x[299] = x[299] ^ x[108]
x[214] = x[214] ^ x[8]
x[306] = x[306] ^ x[158]
x[181] = x[181] ^ x[56]
x[266] = x[266] ^ x[85]
x[219] = x[219] ^ x[36]
x[255] = x[255] ^ x[47]
x[264] = x[264] ^ x[72]
x[185] = x[185] ^ x[138]
x[225] = x[225] ^ x[79]
x[229] = x[229] ^ x[115]
x[284] = x[284] ^ x[159]
x[247] = x[247] ^ x[86]
x[180] = x[180] ^ x[7]
x[182] = x[182] ^ x[89]
x[286] = x[286] ^ x[137]
x[209] = x[209] ^ x[15]
x[293] = x[293] ^ x[90]
x[203] = x[203] ^ x[101]
x[302] = x[302] ^ x[136]
x[313] = x[313] ^ x[92]
x[215] = x[215] ^ x[153]
x[283] = x[283] ^ x[139]
x[218] = x[218] ^ x[69]
x[176] = x[176] ^ x[98]
x[200] = x[200] ^ x[75]
x[303] = x[303] ^ x[116]
x[172] = x[172] ^ x[12]
x[192] = x[192] ^ x[143]
x[175] = x[175] ^ x[65]
x[173] = x[173] ^ x[144]
x[195] = x[195] ^ x[121]
x[268] = x[268] ^ x[50]
x[210] = x[210] ^ x[62]
x[240] = x[240] ^ x[113]
x[208] = x[208] ^ x[133]
x[206] = x[206] ^ x[132]
x[292] = x[292] ^ x[128]
x[220] = x[220] ^ x[93]
x[304] = x[304] ^ x[41]
x[244] = x[244] ^ x[52]
x[259] = x[259] ^ x[58]
x[252] = x[252] ^ x[81]
x[279] = x[279] ^ x[3]
x[188] = x[188] ^ x[48]
x[187] = x[187] ^ x[154]
x[243] = x[243] ^ x[28]
x[184] = x[184] ^ x[63]
x[230] = x[230] ^ x[5]
x[287] = x[287] ^ x[120]
x[217] = x[217] ^ x[148]
x[212] = x[212] ^ x[107]
x[169] = x[169] ^ x[4]
x[163] = x[163] ^ x[151]
x[183] = x[183] ^ x[140]
x[309] = x[309] ^ x[13]
x[273] = x[273] ^ x[71]
x[265] = x[265] ^ x[126]
x[296] = x[296] ^ x[104]
x[261] = x[261] ^ x[83]
x[307] = x[307] ^ x[162]
x[253] = x[253] ^ x[129]
x[194] = x[194] ^ x[124]
x[277] = x[277] ^ x[114]
x[170] = x[170] ^ x[118]
x[242] = x[242] ^ x[110]
x[198] = x[198] ^ x[14]
x[164] = x[164] ^ x[45]
x[288] = x[288] ^ x[160]
x[201] = x[201] ^ x[9]
x[235] = x[235] ^ x[1]
x[276] = x[276] ^ x[95]
x[227] = x[227] ^ x[161]
x[223] = x[223] ^ x[42]
x[231] = x[231] ^ x[112]
x[301] = x[301] ^ x[11]
x[199] = x[199] ^ x[117]
x[238] = x[238] ^ x[135]
x[298] = x[298] ^ x[53]
x[250] = x[250] ^ x[102]
x[186] = x[186] ^ x[122]
x[324] = x[324] ^ x[76]
x[189] = x[189] ^ x[18]
x[196] = x[196] ^ x[66]
x[300] = x[300] ^ x[34]
x[316] = x[316] ^ x[29]
x[282] = x[282] ^ x[26]
x[254] = x[254] ^ x[91]
x[256] = x[256] ^ x[55]
x[245] = x[245] ^ x[33]
x[234] = x[234] ^ x[17]
x[321] = x[321] ^ x[39]
x[239] = x[239] ^ x[46]
x[280] = x[280] ^ x[125]
x[166] = x[166] ^ x[35]
x[221] = x[221] ^ x[67]
x[216] = x[216] ^ x[96]
x[289] = x[289] ^ x[105]
x[249] = x[249] ^ x[149]
x[233] = x[233] ^ x[155]
x[165] = x[165] ^ x[99]
x[308] = x[308] ^ x[24]
x[171] = x[171] ^ x[77]
x[211] = x[211] ^ x[43]
x[275] = x[275] ^ x[73]
x[318] = x[318] ^ x[40]
x[197] = x[197] ^ x[30]
x[323] = x[323] ^ x[21]
x[322] = x[322] ^ x[23]
x[191] = x[191] ^ x[147]
x[267] = x[267] ^ x[111]
x[190] = x[190] ^ x[97]
x[232] = x[232] ^ x[156]
x[314] = x[314] ^ x[68]
x[319] = x[319] ^ x[22]
x[307] = x[307] ^ x[145]
x[141] = x[141] ^ x[134]
x[310] = x[310] ^ x[51]
x[172] = x[172] ^ x[60]
x[196] = x[196] ^ x[88]
x[199] = x[199] ^ x[82]
x[265] = x[265] ^ x[84]
x[286] = x[286] ^ x[130]
x[236] = x[236] ^ x[35]
x[244] = x[244] ^ x[312]
x[295] = x[295] ^ x[103]
x[278] = x[278] ^ x[117]
x[281] = x[281] ^ x[47]
x[207] = x[207] ^ x[8]
x[225] = x[225] ^ x[158]
x[257] = x[257] ^ x[138]
x[306] = x[306] ^ x[113]
x[191] = x[191] ^ x[56]
x[254] = x[254] ^ x[49]
x[175] = x[175] ^ x[108]
x[174] = x[174] ^ x[136]
x[264] = x[264] ^ x[121]
x[235] = x[235] ^ x[36]
x[229] = x[229] ^ x[43]
x[284] = x[284] ^ x[132]
x[311] = x[311] ^ x[86]
x[266] = x[266] ^ x[37]
x[182] = x[182] ^ x[111]
x[180] = x[180] ^ x[137]
x[183] = x[183] ^ x[15]
x[246] = x[246] ^ x[101]
x[293] = x[293] ^ x[27]
x[92] = x[92] ^ x[61]
x[283] = x[283] ^ x[91]
x[218] = x[218] ^ x[148]
x[313] = x[313] ^ x[133]
x[98] = x[98] ^ x[147]
x[75] = x[75] ^ x[112]
x[303] = x[303] ^ x[34]
x[251] = x[251] ^ x[58]
x[273] = x[273] ^ x[72]
x[213] = x[213] ^ x[65]
x[212] = x[212] ^ x[159]
x[192] = x[192] ^ x[85]
x[193] = x[193] ^ x[144]
x[230] = x[230] ^ x[50]
x[177] = x[177] ^ x[153]
x[240] = x[240] ^ x[79]
x[215] = x[215] ^ x[14]
x[176] = x[176] ^ x[151]
x[171] = x[171] ^ x[128]
x[173] = x[173] ^ x[11]
x[195] = x[195] ^ x[13]
x[210] = x[210] ^ x[68]
x[250] = x[250] ^ x[52]
x[214] = x[214] ^ x[106]
x[259] = x[259] ^ x[143]
x[220] = x[220] ^ x[25]
x[206] = x[206] ^ x[55]
x[305] = x[305] ^ x[5]
x[217] = x[217] ^ x[142]
x[227] = x[227] ^ x[63]
x[169] = x[169] ^ x[17]
x[255] = x[255] ^ x[139]
x[297] = x[297] ^ x[140]
x[221] = x[221] ^ x[41]
x[317] = x[317] ^ x[12]
x[292] = x[292] ^ x[74]
x[258] = x[258] ^ x[3]
x[282] = x[282] ^ x[59]
x[188] = x[188] ^ x[83]
x[304] = x[304] ^ x[99]
x[252] = x[252] ^ x[123]
x[248] = x[248] ^ x[48]
x[184] = x[184] ^ x[116]
x[285] = x[285] ^ x[126]
x[279] = x[279] ^ x[129]
x[287] = x[287] ^ x[39]
x[300] = x[300] ^ x[115]
x[178] = x[178] ^ x[154]
x[296] = x[296] ^ x[135]
x[181] = x[181] ^ x[9]
x[203] = x[203] ^ x[120]
x[201] = x[201] ^ x[16]
x[200] = x[200] ^ x[40]
x[256] = x[256] ^ x[114]
x[277] = x[277] ^ x[32]
x[288] = x[288] ^ x[70]
x[219] = x[219] ^ x[42]
x[261] = x[261] ^ x[24]
x[223] = x[223] ^ x[95]
x[208] = x[208] ^ x[93]
x[239] = x[239] ^ x[1]
x[228] = x[228] ^ x[110]
x[322] = x[322] ^ x[66]
x[299] = x[299] ^ x[44]
x[323] = x[323] ^ x[104]
x[165] = x[165] ^ x[81]
x[324] = x[324] ^ x[105]
x[224] = x[224] ^ x[71]
x[170] = x[170] ^ x[6]
x[249] = x[249] ^ x[118]
x[275] = x[275] ^ x[7]
x[294] = x[294] ^ x[33]
x[253] = x[253] ^ x[90]
x[242] = x[242] ^ x[76]
x[309] = x[309] ^ x[26]
x[198] = x[198] ^ x[20]
x[231] = x[231] ^ x[29]
x[268] = x[268] ^ x[97]
x[185] = x[185] ^ x[161]
x[211] = x[211] ^ x[2]
x[166] = x[166] ^ x[89]
x[164] = x[164] ^ x[18]
x[194] = x[194] ^ x[23]
x[237] = x[237] ^ x[162]
x[190] = x[190] ^ x[77]
x[226] = x[226] ^ x[125]
x[245] = x[245] ^ x[155]
x[280] = x[280] ^ x[4]
x[267] = x[267] ^ x[122]
x[260] = x[260] ^ x[107]
x[290] = x[290] ^ x[73]
x[238] = x[238] ^ x[21]
x[205] = x[205] ^ x[69]
x[168] = x[168] ^ x[22]
x[319] = x[319] ^ x[145]
x[293] = x[293] ^ x[134]
x[300] = x[300] ^ x[51]
x[229] = x[229] ^ x[141]
x[220] = x[220] ^ x[60]
x[232] = x[232] ^ x[88]
x[306] = x[306] ^ x[82]
x[210] = x[210] ^ x[84]
x[184] = x[184] ^ x[130]
x[236] = x[236] ^ x[159]
x[295] = x[295] ^ x[53]
x[278] = x[278] ^ x[162]
x[312] = x[312] ^ x[85]
x[264] = x[264] ^ x[8]
x[194] = x[194] ^ x[47]
x[217] = x[217] ^ x[56]
x[266] = x[266] ^ x[138]
x[283] = x[283] ^ x[49]
x[225] = x[225] ^ x[28]
x[193] = x[193] ^ x[36]
x[211] = x[211] ^ x[136]
x[239] = x[239] ^ x[86]
x[215] = x[215] ^ x[37]
x[284] = x[284] ^ x[16]
x[180] = x[180] ^ x[55]
x[313] = x[313] ^ x[117]
x[298] = x[298] ^ x[15]
x[244] = x[244] ^ x[72]
x[202] = x[202] ^ x[101]
x[92] = x[92] ^ x[59]
x[172] = x[172] ^ x[151]
x[246] = x[246] ^ x[52]
x[281] = x[281] ^ x[120]
x[308] = x[308] ^ x[137]
x[182] = x[182] ^ x[123]
x[218] = x[218] ^ x[10]
x[303] = x[303] ^ x[46]
x[252] = x[252] ^ x[113]
x[65] = x[65] ^ x[124]
x[249] = x[249] ^ x[144]
x[192] = x[192] ^ x[119]
x[315] = x[315] ^ x[153]
x[251] = x[251] ^ x[12]
x[240] = x[240] ^ x[18]
x[322] = x[322] ^ x[128]
x[230] = x[230] ^ x[38]
x[195] = x[195] ^ x[90]
x[174] = x[174] ^ x[83]
x[200] = x[200] ^ x[98]
x[206] = x[206] ^ x[3]
x[245] = x[245] ^ x[132]
x[259] = x[259] ^ x[77]
x[170] = x[170] ^ x[5]
x[235] = x[235] ^ x[89]
x[201] = x[201] ^ x[158]
x[164] = x[164] ^ x[106]
x[287] = x[287] ^ x[25]
x[169] = x[169] ^ x[160]
x[265] = x[265] ^ x[133]
x[248] = x[248] ^ x[11]
x[256] = x[256] ^ x[121]
x[296] = x[296] ^ x[43]
x[257] = x[257] ^ x[41]
x[255] = x[255] ^ x[75]
x[316] = x[316] ^ x[140]
x[173] = x[173] ^ x[50]
x[212] = x[212] ^ x[76]
x[286] = x[286] ^ x[57]
x[317] = x[317] ^ x[33]
x[273] = x[273] ^ x[74]
x[304] = x[304] ^ x[95]
x[258] = x[258] ^ x[135]
x[214] = x[214] ^ x[54]
x[208] = x[208] ^ x[63]
x[272] = x[272] ^ x[48]
x[288] = x[288] ^ x[142]
x[183] = x[183] ^ x[17]
x[261] = x[261] ^ x[111]
x[233] = x[233] ^ x[126]
x[175] = x[175] ^ x[125]
x[197] = x[197] ^ x[114]
x[279] = x[279] ^ x[40]
x[178] = x[178] ^ x[97]
x[227] = x[227] ^ x[39]
x[199] = x[199] ^ x[105]
x[181] = x[181] ^ x[2]
x[253] = x[253] ^ x[154]
x[292] = x[292] ^ x[71]
x[282] = x[282] ^ x[152]
x[188] = x[188] ^ x[149]
x[254] = x[254] ^ x[26]
x[221] = x[221] ^ x[69]
x[166] = x[166] ^ x[104]
x[307] = x[307] ^ x[34]
x[250] = x[250] ^ x[155]
x[165] = x[165] ^ x[29]
x[231] = x[231] ^ x[42]
x[196] = x[196] ^ x[20]
x[297] = x[297] ^ x[58]
x[324] = x[324] ^ x[44]
x[275] = x[275] ^ x[122]
x[198] = x[198] ^ x[68]
x[234] = x[234] ^ x[99]
x[291] = x[291] ^ x[79]
x[242] = x[242] ^ x[100]
x[268] = x[268] ^ x[32]
x[309] = x[309] ^ x[23]
x[314] = x[314] ^ x[116]
x[299] = x[299] ^ x[127]
x[207] = x[207] ^ x[115]
x[171] = x[171] ^ x[139]
x[237] = x[237] ^ x[73]
x[177] = x[177] ^ x[81]
x[321] = x[321] ^ x[1]
x[294] = x[294] ^ x[112]
x[311] = x[311] ^ x[35]
x[226] = x[226] ^ x[67]
x[186] = x[186] ^ x[61]
x[223] = x[223] ^ x[6]
x[323] = x[323] ^ x[7]
x[213] = x[213] ^ x[102]
x[189] = x[189] ^ x[107]
x[238] = x[238] ^ x[19]
x[190] = x[190] ^ x[150]
x[223] = x[223] ^ x[22]
x[190] = x[190] ^ x[145]
x[227] = x[227] ^ x[134]
x[172] = x[172] ^ x[51]
x[235] = x[235] ^ x[60]
x[301] = x[301] ^ x[88]
x[174] = x[174] ^ x[82]
x[233] = x[233] ^ x[130]
x[173] = x[173] ^ x[141]
x[236] = x[236] ^ x[99]
x[295] = x[295] ^ x[16]
x[278] = x[278] ^ x[71]
x[306] = x[306] ^ x[11]
x[232] = x[232] ^ x[108]
x[312] = x[312] ^ x[8]
x[219] = x[219] ^ x[47]
x[188] = x[188] ^ x[56]
x[316] = x[316] ^ x[138]
x[264] = x[264] ^ x[42]
x[229] = x[229] ^ x[123]
x[319] = x[319] ^ x[72]
x[225] = x[225] ^ x[30]
x[322] = x[322] ^ x[36]
x[170] = x[170] ^ x[49]
x[293] = x[293] ^ x[1]
x[284] = x[284] ^ x[85]
x[257] = x[257] ^ x[86]
x[256] = x[256] ^ x[136]
x[277] = x[277] ^ x[37]
x[180] = x[180] ^ x[14]
x[324] = x[324] ^ x[15]
x[283] = x[283] ^ x[10]
x[265] = x[265] ^ x[92]
x[199] = x[199] ^ x[137]
x[182] = x[182] ^ x[81]
x[313] = x[313] ^ x[45]
x[218] = x[218] ^ x[133]
x[303] = x[303] ^ x[93]
x[244] = x[244] ^ x[76]
x[261] = x[261] ^ x[113]
x[205] = x[205] ^ x[65]
x[192] = x[192] ^ x[118]
x[207] = x[207] ^ x[144]
x[250] = x[250] ^ x[101]
x[119] = x[119] ^ x[109]
x[220] = x[220] ^ x[70]
x[214] = x[214] ^ x[12]
x[281] = x[281] ^ x[17]
x[210] = x[210] ^ x[28]
x[185] = x[185] ^ x[128]
x[212] = x[212] ^ x[153]
x[251] = x[251] ^ x[154]
x[240] = x[240] ^ x[58]
x[309] = x[309] ^ x[98]
x[217] = x[217] ^ x[31]
x[195] = x[195] ^ x[100]
x[209] = x[209] ^ x[151]
x[206] = x[206] ^ x[111]
x[202] = x[202] ^ x[5]
x[132] = x[132] ^ x[57]    y[132]
x[267] = x[267] ^ x[3]
x[237] = x[237] ^ x[59]
x[299] = x[299] ^ x[117]
x[183] = x[183] ^ x[75]
x[286] = x[286] ^ x[97]
x[252] = x[252] ^ x[122]
x[259] = x[259] ^ x[19]
x[272] = x[272] ^ x[106]
x[255] = x[255] ^ x[25]
x[169] = x[169] ^ x[87]
x[165] = x[165] ^ x[74]
x[184] = x[184] ^ x[54]
x[314] = x[314] ^ x[83]
x[307] = x[307] ^ x[43]
x[287] = x[287] ^ x[96]
x[213] = x[213] ^ x[95]
x[317] = x[317] ^ x[142]
x[253] = x[253] ^ x[126]
x[304] = x[304] ^ x[146]
x[263] = x[263] ^ x[135]
x[201] = x[201] ^ x[116]
x[288] = x[288] ^ x[105]
x[308] = x[308] ^ x[41]
x[208] = x[208] ^ x[139]
x[292] = x[292] ^ x[89]
x[243] = x[243] ^ x[120]
x[164] = x[164] ^ x[114]
x[279] = x[279] ^ x[23]
x[203] = x[203] ^ x[48]
x[215] = x[215] ^ x[104]
x[296] = x[296] ^ x[115]
x[178] = x[178] ^ x[149]
x[246] = x[246] ^ x[63]
x[273] = x[273] ^ x[2]
x[175] = x[175] ^ x[61]
x[200] = x[200] ^ x[55]
x[171] = x[171] ^ x[90]
x[176] = x[176] ^ x[162]
x[254] = x[254] ^ x[112]
x[231] = x[231] ^ x[34]
x[282] = x[282] ^ x[125]
x[181] = x[181] ^ x[24]
x[239] = x[239] ^ x[124]
x[230] = x[230] ^ x[4]
x[300] = x[300] ^ x[50]
x[321] = x[321] ^ x[20]
x[271] = x[271] ^ x[33]
x[238] = x[238] ^ x[44]
x[221] = x[221] ^ x[79]
x[245] = x[245] ^ x[7]
x[242] = x[242] ^ x[40]
x[298] = x[298] ^ x[68]
x[275] = x[275] ^ x[131]
x[297] = x[297] ^ x[18]
x[177] = x[177] ^ x[29]
x[268] = x[268] ^ x[150]
x[166] = x[166] ^ x[73]
x[211] = x[211] ^ x[35]
x[311] = x[311] ^ x[67]
x[294] = x[294] ^ x[9]
x[291] = x[291] ^ x[161]
x[234] = x[234] ^ x[147]
x[249] = x[249] ^ x[127]
x[200] = x[200] ^ x[22]
x[248] = x[248] ^ x[145]
x[244] = x[244] ^ x[134]
x[238] = x[238] ^ x[51]
x[310] = x[310] ^ x[60]
x[177] = x[177] ^ x[88]
x[280] = x[280] ^ x[82]
x[186] = x[186] ^ x[130]
x[236] = x[236] ^ x[96]
x[295] = x[295] ^ x[37]
x[220] = x[220] ^ x[278]
x[306] = x[306] ^ x[116]
x[108] = x[108] ^ x[8]    y[108]
x[233] = x[233] ^ x[47]
x[253] = x[253] ^ x[56]
x[282] = x[282] ^ x[138]
x[219] = x[219] ^ x[266]
x[264] = x[264] ^ x[62]
x[229] = x[229] ^ x[129]
x[225] = x[225] ^ x[61]
x[237] = x[237] ^ x[36]
x[309] = x[309] ^ x[49]
x[284] = x[284] ^ x[44]
x[293] = x[293] ^ x[105]
x[294] = x[294] ^ x[86]
x[299] = x[299] ^ x[136]
x[232] = x[232] ^ x[101]
x[180] = x[180] ^ x[13]
x[283] = x[283] ^ x[147]
x[213] = x[213] ^ x[72]
x[211] = x[211] ^ x[137]
x[313] = x[313] ^ x[110]
x[182] = x[182] ^ x[43]
x[172] = x[172] ^ x[98]
x[308] = x[308] ^ x[133]
x[252] = x[252] ^ x[11]
x[235] = x[235] ^ x[28]
x[218] = x[218] ^ x[30]
x[227] = x[227] ^ x[52]
x[303] = x[303] ^ x[123]
x[259] = x[259] ^ x[113]
x[247] = x[247] ^ x[65]
x[242] = x[242] ^ x[144]
x[265] = x[265] ^ x[151]
x[92] = x[92] ^ x[14]    y[92]
x[257] = x[257] ^ x[90]
x[195] = x[195] ^ x[71]
x[281] = x[281] ^ x[119]
x[192] = x[192] ^ x[148]
x[128] = x[128] ^ x[21]
x[267] = x[267] ^ x[153]
x[210] = x[210] ^ x[66]
x[214] = x[214] ^ x[89]
x[170] = x[170] ^ x[143]
x[261] = x[261] ^ x[158]
x[240] = x[240] ^ x[2]
x[251] = x[251] ^ x[118]
x[287] = x[287] ^ x[58]
x[256] = x[256] ^ x[140]
x[173] = x[173] ^ x[42]
x[212] = x[212] ^ x[79]
x[206] = x[206] ^ x[124]
x[275] = x[275] ^ x[3]
x[254] = x[254] ^ x[85]
x[286] = x[286] ^ x[81]
x[176] = x[176] ^ x[75]
x[316] = x[316] ^ x[106]
x[317] = x[317] ^ x[100]
x[183] = x[183] ^ x[68]
x[169] = x[169] ^ x[159]
x[194] = x[194] ^ x[83]
x[217] = x[217] ^ x[23]
x[181] = x[181] ^ x[12]
x[276] = x[276] ^ x[74]
x[184] = x[184] ^ x[70]
x[307] = x[307] ^ x[50]
x[296] = x[296] ^ x[25]
x[314] = x[314] ^ x[41]
x[201] = x[201] ^ x[76]
x[288] = x[288] ^ x[161]
x[279] = x[279] ^ x[155]
x[199] = x[199] ^ x[35]
x[304] = x[304] ^ x[126]
x[188] = x[188] ^ x[135]
x[178] = x[178] ^ x[122]
x[207] = x[207] ^ x[162]
x[165] = x[165] ^ x[154]
x[215] = x[215] ^ x[117]
x[239] = x[239] ^ x[93]
x[260] = x[260] ^ x[120]
x[273] = x[273] ^ x[127]
x[300] = x[300] ^ x[97]
x[231] = x[231] ^ x[33]
x[208] = x[208] ^ x[156]
x[268] = x[268] ^ x[1]
x[175] = x[175] ^ x[18]
x[196] = x[196] ^ x[139]
x[164] = x[164] ^ x[17]
x[221] = x[221] ^ x[6]
x[250] = x[250] ^ x[29]
x[324] = x[324] ^ x[115]
x[270] = x[270] ^ x[132]
x[255] = x[255] ^ x[10]
x[292] = x[292] ^ x[7]
x[166] = x[166] ^ x[142]
x[202] = x[202] ^ x[125]
x[291] = x[291] ^ x[24]
x[321] = x[321] ^ x[9]
x[245] = x[245] ^ x[107]
x[272] = x[272] ^ x[40]
x[203] = x[203] ^ x[111]
x[317] = x[317] ^ x[22]
x[306] = x[306] ^ x[145]
x[249] = x[249] ^ x[134]
x[253] = x[253] ^ x[51]
x[84] = x[84] ^ x[60]
x[180] = x[180] ^ x[82]
x[284] = x[284] ^ x[130]
x[188] = x[188] ^ x[236]
x[295] = x[295] ^ x[71]
x[278] = x[278] ^ x[11]
x[178] = x[178] ^ x[8]
x[288] = x[288] ^ x[47]
x[203] = x[203] ^ x[108]
x[273] = x[273] ^ x[56]
x[227] = x[227] ^ x[138]
x[264] = x[264] ^ x[76]
x[229] = x[229] ^ x[140]
x[215] = x[215] ^ x[49]
x[15] = x[15] ^ x[62]
x[225] = x[225] ^ x[161]
x[315] = x[315] ^ x[36]
x[266] = x[266] ^ x[114]
x[293] = x[293] ^ x[136]
x[185] = x[185] ^ x[86]
x[316] = x[316] ^ x[101]
x[283] = x[283] ^ x[58]
x[224] = x[224] ^ x[72]
x[297] = x[297] ^ x[137]
x[313] = x[313] ^ x[2]
x[182] = x[182] ^ x[29]
x[13] = x[13] ^ x[45]
x[52] = x[52] ^ x[75]    y[52]
x[218] = x[218] ^ x[35]
x[220] = x[220] ^ x[68]
x[303] = x[303] ^ x[69]
x[173] = x[173] ^ x[65]
x[28] = x[28] ^ x[131]    y[28]
x[259] = x[259] ^ x[109]
x[281] = x[281] ^ x[26]
x[184] = x[184] ^ x[98]
x[271] = x[271] ^ x[144]
x[192] = x[192] ^ x[73]
x[195] = x[195] ^ x[139]
x[257] = x[257] ^ x[77]
x[238] = x[238] ^ x[5]
x[206] = x[206] ^ x[143]
x[251] = x[251] ^ x[142]
x[252] = x[252] ^ x[127]
x[244] = x[244] ^ x[6]
x[217] = x[217] ^ x[118]
x[214] = x[214] ^ x[153]
x[210] = x[210] ^ x[12]
x[250] = x[250] ^ x[151]
x[172] = x[172] ^ x[33]
x[212] = x[212] ^ x[113]
x[221] = x[221] ^ x[128]
x[3] = x[3] ^ x[39]    y[3]
x[193] = x[193] ^ x[14]
x[235] = x[235] ^ x[55]
x[286] = x[286] ^ x[90]
x[190] = x[190] ^ x[106]
x[240] = x[240] ^ x[120]
x[287] = x[287] ^ x[155]
x[85] = x[85] ^ x[21]    y[85]
x[310] = x[310] ^ x[92]
x[169] = x[169] ^ x[32]
x[170] = x[170] ^ x[129]
x[261] = x[261] ^ x[20]
x[294] = x[294] ^ x[126]
x[232] = x[232] ^ x[63]
x[186] = x[186] ^ x[95]
x[183] = x[183] ^ x[102]
x[296] = x[296] ^ x[10]
x[248] = x[248] ^ x[154]
x[258] = x[258] ^ x[119]
x[201] = x[201] ^ x[162]
x[208] = x[208] ^ x[116]
x[181] = x[181] ^ x[42]
x[245] = x[245] ^ x[25]
x[299] = x[299] ^ x[105]
x[175] = x[175] ^ x[100]
x[66] = x[66] ^ x[54]    y[66]
x[282] = x[282] ^ x[99]
x[256] = x[256] ^ x[111]
x[200] = x[200] ^ x[43]
x[255] = x[255] ^ x[79]
x[279] = x[279] ^ x[148]
x[307] = x[307] ^ x[46]
x[194] = x[194] ^ x[61]
x[300] = x[300] ^ x[81]
x[165] = x[165] ^ x[135]
x[199] = x[199] ^ x[89]
x[239] = x[239] ^ x[67]
x[324] = x[324] ^ x[117]
x[242] = x[242] ^ x[87]
x[304] = x[304] ^ x[19]
x[231] = x[231] ^ x[50]
x[322] = x[322] ^ x[158]
x[321] = x[321] ^ x[44]
x[176] = x[176] ^ x[97]
x[233] = x[233] ^ x[41]
x[230] = x[230] ^ x[115]
x[247] = x[247] ^ x[122]
x[246] = x[246] ^ x[7]
x[171] = x[171] ^ x[23]
x[189] = x[189] ^ x[1]
x[309] = x[309] ^ x[132]
x[168] = x[168] ^ x[17]
x[237] = x[237] ^ x[112]
x[254] = x[254] ^ x[147]
x[191] = x[191] ^ x[125]
x[234] = x[234] ^ x[107]
x[193] = x[193] ^ x[22]
x[227] = x[227] ^ x[145]
x[228] = x[228] ^ x[134]
x[183] = x[183] ^ x[51]
x[317] = x[317] ^ x[88]
x[231] = x[231] ^ x[60]
x[274] = x[274] ^ x[84]
x[232] = x[232] ^ x[82]
x[170] = x[170] ^ x[130]
x[295] = x[295] ^ x[76]
x[306] = x[306] ^ x[32]
x[236] = x[236] ^ x[129]
x[315] = x[315] ^ x[278]
x[287] = x[287] ^ x[8]
x[174] = x[174] ^ x[47]
x[292] = x[292] ^ x[108]
x[203] = x[203] ^ x[56]
x[141] = x[141] ^ x[138]
x[264] = x[264] ^ x[67]
x[229] = x[229] ^ x[116]
x[225] = x[225] ^ x[74]
x[284] = x[284] ^ x[37]
x[180] = x[180] ^ x[39]
x[260] = x[260] ^ x[49]
x[266] = x[266] ^ x[26]
x[168] = x[168] ^ x[136]
x[293] = x[293] ^ x[59]
x[198] = x[198] ^ x[86]
x[283] = x[283] ^ x[155]
x[319] = x[319] ^ x[101]
x[182] = x[182] ^ x[10]
x[313] = x[313] ^ x[7]
x[325] = x[325] ^ x[72]
x[224] = x[224] ^ x[144]
x[220] = x[220] ^ x[45]
x[218] = x[218] ^ x[161]
x[270] = x[270] ^ x[65]
x[13] = x[13] ^ x[17]    y[13]
x[240] = x[240] ^ x[137]
x[215] = x[215] ^ x[15]
x[303] = x[303] ^ x[33]
x[307] = x[307] ^ x[98]
x[195] = x[195] ^ x[114]
x[192] = x[192] ^ x[112]
x[173] = x[173] ^ x[18]
x[309] = x[309] ^ x[140]
x[281] = x[281] ^ x[25]
x[251] = x[251] ^ x[79]
x[214] = x[214] ^ x[69]
x[244] = x[244] ^ x[162]
x[206] = x[206] ^ x[151]
x[210] = x[210] ^ x[111]
x[211] = x[211] ^ x[153]
x[172] = x[172] ^ x[75]
x[297] = x[297] ^ x[113]
x[235] = x[235] ^ x[110]
x[167] = x[167] ^ x[11]
x[14] = x[14] ^ x[115]    y[14]
x[259] = x[259] ^ x[121]
x[252] = x[252] ^ x[149]
x[83] = x[83] ^ x[118]
x[286] = x[286] ^ x[23]
x[185] = x[185] ^ x[12]
x[179] = x[179] ^ x[106]
x[267] = x[267] ^ x[128]
x[169] = x[169] ^ x[99]
x[238] = x[238] ^ x[92]
x[237] = x[237] ^ x[126]
x[257] = x[257] ^ x[89]
x[253] = x[253] ^ x[139]
x[288] = x[288] ^ x[107]
x[209] = x[209] ^ x[119]
x[248] = x[248] ^ x[1]
x[184] = x[184] ^ x[131]
x[199] = x[199] ^ x[127]
x[217] = x[217] ^ x[120]
x[261] = x[261] ^ x[9]
x[296] = x[296] ^ x[154]
x[291] = x[291] ^ x[85]
x[246] = x[246] ^ x[28]
x[54] = x[54] ^ x[30]    y[54]
x[258] = x[258] ^ x[42]
x[279] = x[279] ^ x[46]
x[282] = x[282] ^ x[55]
x[254] = x[254] ^ x[77]
x[201] = x[201] ^ x[90]
x[188] = x[188] ^ x[50]
x[250] = x[250] ^ x[147]
x[178] = x[178] ^ x[41]
x[304] = x[304] ^ x[81]
x[200] = x[200] ^ x[122]
x[164] = x[164] ^ x[117]
x[311] = x[311] ^ x[71]
x[275] = x[275] ^ x[105]
x[212] = x[212] ^ x[100]
x[181] = x[181] ^ x[150]
x[239] = x[239] ^ x[24]
x[242] = x[242] ^ x[43]
x[171] = x[171] ^ x[68]
x[208] = x[208] ^ x[66]
x[277] = x[277] ^ x[3]
x[175] = x[175] ^ x[156]
x[256] = x[256] ^ x[35]
x[290] = x[290] ^ x[58]
x[316] = x[316] ^ x[34]
x[189] = x[189] ^ x[44]
x[299] = x[299] ^ x[29]
x[249] = x[249] ^ x[132]
x[280] = x[280] ^ x[142]
x[186] = x[186] ^ x[135]
x[194] = x[194] ^ x[2]
x[233] = x[233] ^ x[91]
x[289] = x[289] ^ x[97]
x[268] = x[268] ^ x[102]
x[259] = x[259] ^ x[22]
x[183] = x[183] ^ x[145]
x[282] = x[282] ^ x[134]
x[193] = x[193] ^ x[51]
x[312] = x[312] ^ x[60]
x[211] = x[211] ^ x[82]
x[288] = x[288] ^ x[84]
x[214] = x[214] ^ x[274]
x[179] = x[179] ^ x[130]
x[295] = x[295] ^ x[157]
x[306] = x[306] ^ x[25]
x[190] = x[190] ^ x[8]
x[270] = x[270] ^ x[47]
x[308] = x[308] ^ x[108]
x[210] = x[210] ^ x[56]
x[264] = x[264] ^ x[138]
x[229] = x[229] ^ x[36]
x[62] = x[62] ^ x[32]    y[62]
x[37] = x[37] ^ x[35]
x[180] = x[180] ^ x[131]
x[225] = x[225] ^ x[143]
x[278] = x[278] ^ x[42]
x[266] = x[266] ^ x[72]
x[284] = x[284] ^ x[61]
x[258] = x[258] ^ x[86]
x[292] = x[292] ^ x[136]
x[283] = x[283] ^ x[4]
x[198] = x[198] ^ x[137]
x[309] = x[309] ^ x[101]
x[293] = x[293] ^ x[30]
x[182] = x[182] ^ x[92]
x[236] = x[236] ^ x[106]
x[313] = x[313] ^ x[29]
x[244] = x[244] ^ x[26]
x[220] = x[220] ^ x[151]
x[218] = x[218] ^ x[105]
x[317] = x[317] ^ x[153]
x[65] = x[65] ^ x[34]
x[321] = x[321] ^ x[144]
x[59] = x[59] ^ x[70]
x[5] = x[5] ^ x[155]
x[303] = x[303] ^ x[7]
x[322] = x[322] ^ x[140]
x[212] = x[212] ^ x[74]
x[192] = x[192] ^ x[104]
x[174] = x[174] ^ x[13]
x[172] = x[172] ^ x[111]
x[195] = x[195] ^ x[93]
x[256] = x[256] ^ x[161]
x[163] = x[163] ^ x[75]
x[240] = x[240] ^ x[158]
x[199] = x[199] ^ x[113]
x[281] = x[281] ^ x[10]
x[239] = x[239] ^ x[98]
x[251] = x[251] ^ x[90]
x[217] = x[217] ^ x[45]
x[287] = x[287] ^ x[125]
x[299] = x[299] ^ x[12]
x[286] = x[286] ^ x[19]
x[197] = x[197] ^ x[83]
x[235] = x[235] ^ x[114]
x[206] = x[206] ^ x[40]
x[184] = x[184] ^ x[99]
x[178] = x[178] ^ x[129]
x[257] = x[257] ^ x[107]
x[169] = x[169] ^ x[21]
x[201] = x[201] ^ x[17]
x[215] = x[215] ^ x[41]
x[252] = x[252] ^ x[55]
x[110] = x[110] ^ x[69]    y[110]
x[311] = x[311] ^ x[76]
x[188] = x[188] ^ x[127]
x[233] = x[233] ^ x[79]
x[167] = x[167] ^ x[66]
x[245] = x[245] ^ x[14]
x[232] = x[232] ^ x[58]
x[304] = x[304] ^ x[162]
x[248] = x[248] ^ x[23]
x[208] = x[208] ^ x[118]
x[219] = x[219] ^ x[119]
x[307] = x[307] ^ x[142]
x[253] = x[253] ^ x[28]
x[273] = x[273] ^ x[77]
x[261] = x[261] ^ x[154]
x[224] = x[224] ^ x[120]
x[254] = x[254] ^ x[33]
x[260] = x[260] ^ x[54]
x[319] = x[319] ^ x[85]
x[294] = x[294] ^ x[149]
x[165] = x[165] ^ x[9]
x[265] = x[265] ^ x[67]
x[238] = x[238] ^ x[3]
x[314] = x[314] ^ x[117]
x[300] = x[300] ^ x[112]
x[231] = x[231] ^ x[43]
x[301] = x[301] ^ x[71]
x[227] = x[227] ^ x[20]
x[170] = x[170] ^ x[160]
x[316] = x[316] ^ x[89]
x[203] = x[203] ^ x[100]
x[164] = x[164] ^ x[46]
x[181] = x[181] ^ x[124]
x[315] = x[315] ^ x[68]
x[176] = x[176] ^ x[81]
x[323] = x[323] ^ x[139]
x[250] = x[250] ^ x[50]
x[297] = x[297] ^ x[24]
x[269] = x[269] ^ x[132]
x[322] = x[322] ^ x[22]
x[315] = x[315] ^ x[145]
x[298] = x[298] ^ x[134]
x[324] = x[324] ^ x[51]
x[218] = x[218] ^ x[60]
x[197] = x[197] ^ x[82]
x[181] = x[181] ^ x[84]
x[274] = x[274] ^ x[72]
x[244] = x[244] ^ x[312]
x[277] = x[277] ^ x[130]
x[306] = x[306] ^ x[16]
x[295] = x[295] ^ x[38]
x[183] = x[183] ^ x[8]
x[237] = x[237] ^ x[108]
x[309] = x[309] ^ x[56]
x[279] = x[279] ^ x[138]
x[210] = x[210] ^ x[49]
x[287] = x[287] ^ x[36]
x[229] = x[229] ^ x[153]
x[225] = x[225] ^ x[133]
x[264] = x[264] ^ x[97]
x[180] = x[180] ^ x[11]
x[266] = x[266] ^ x[91]
x[222] = x[222] ^ x[37]
x[284] = x[284] ^ x[10]
x[168] = x[168] ^ x[86]
x[136] = x[136] ^ x[78]
x[283] = x[283] ^ x[137]
x[193] = x[193] ^ x[15]
x[293] = x[293] ^ x[152]
x[182] = x[182] ^ x[96]
x[236] = x[236] ^ x[53]
x[313] = x[313] ^ x[100]
x[170] = x[170] ^ x[101]
x[220] = x[220] ^ x[159]
x[259] = x[259] ^ x[76]
x[257] = x[257] ^ x[65]
x[209] = x[209] ^ x[144]
x[303] = x[303] ^ x[2]
x[195] = x[195] ^ x[25]
x[177] = x[177] ^ x[5]
x[173] = x[173] ^ x[140]
x[217] = x[217] ^ x[59]
x[246] = x[246] ^ x[151]
x[214] = x[214] ^ x[123]
x[317] = x[317] ^ x[17]
x[74] = x[74] ^ x[70]    y[74]
x[192] = x[192] ^ x[81]
x[252] = x[252] ^ x[131]
x[184] = x[184] ^ x[7]
x[268] = x[268] ^ x[113]
x[325] = x[325] ^ x[13]
x[224] = x[224] ^ x[98]
x[286] = x[286] ^ x[58]
x[171] = x[171] ^ x[12]
x[203] = x[203] ^ x[106]
x[281] = x[281] ^ x[50]
x[301] = x[301] ^ x[75]
x[206] = x[206] ^ x[158]
x[45] = x[45] ^ x[149]
x[240] = x[240] ^ x[68]
x[258] = x[258] ^ x[83]
x[321] = x[321] ^ x[119]
x[238] = x[238] ^ x[55]
x[288] = x[288] ^ x[23]
x[190] = x[190] ^ x[126]
x[178] = x[178] ^ x[107]
x[227] = x[227] ^ x[93]
x[261] = x[261] ^ x[125]
x[241] = x[241] ^ x[92]
x[174] = x[174] ^ x[54]
x[172] = x[172] ^ x[102]
x[248] = x[248] ^ x[162]
x[253] = x[253] ^ x[1]
x[199] = x[199] ^ x[29]
x[188] = x[188] ^ x[24]
x[228] = x[228] ^ x[42]
x[207] = x[207] ^ x[110]
x[232] = x[232] ^ x[3]
x[223] = x[223] ^ x[28]
x[169] = x[169] ^ x[135]
x[235] = x[235] ^ x[44]
x[201] = x[201] ^ x[31]
x[278] = x[278] ^ x[30]
x[165] = x[165] ^ x[127]
x[254] = x[254] ^ x[71]
x[304] = x[304] ^ x[20]
x[299] = x[299] ^ x[111]
x[233] = x[233] ^ x[32]
x[250] = x[250] ^ x[41]
x[296] = x[296] ^ x[120]
x[305] = x[305] ^ x[62]
x[318] = x[318] ^ x[85]
x[308] = x[308] ^ x[154]
x[191] = x[191] ^ x[90]
x[273] = x[273] ^ x[67]
x[239] = x[239] ^ x[87]
x[221] = x[221] ^ x[105]
x[300] = x[300] ^ x[117]
x[208] = x[208] ^ x[35]
x[200] = x[200] ^ x[14]
x[234] = x[234] ^ x[118]
x[215] = x[215] ^ x[116]
x[255] = x[255] ^ x[26]
x[294] = x[294] ^ x[115]
x[163] = x[163] ^ x[43]
x[198] = x[198] ^ x[52]
x[245] = x[245] ^ x[69]
x[267] = x[267] ^ x[66]
x[231] = x[231] ^ x[18]
x[176] = x[176] ^ x[46]
x[211] = x[211] ^ x[148]
x[310] = x[310] ^ x[132]
x[243] = x[243] ^ x[22]
x[199] = x[199] ^ x[145]
x[319] = x[319] ^ x[134]
x[257] = x[257] ^ x[51]
x[164] = x[164] ^ x[60]
x[235] = x[235] ^ x[84]
x[290] = x[290] ^ x[130]
x[306] = x[306] ^ x[2]
x[295] = x[295] ^ x[115]
x[47] = x[47] ^ x[38]
x[274] = x[274] ^ x[75]
x[282] = x[282] ^ x[8]
x[249] = x[249] ^ x[108]
x[298] = x[298] ^ x[56]
x[285] = x[285] ^ x[138]
x[232] = x[232] ^ x[36]
x[49] = x[49] ^ x[99]    y[49]
x[264] = x[264] ^ x[152]
x[312] = x[312] ^ x[9]
x[229] = x[229] ^ x[77]
x[266] = x[266] ^ x[81]
x[180] = x[180] ^ x[25]
x[230] = x[230] ^ x[37]
x[323] = x[323] ^ x[86]
x[210] = x[210] ^ x[101]
x[133] = x[133] ^ x[91]
x[78] = x[78] ^ x[146]    y[78]
x[284] = x[284] ^ x[102]
x[225] = x[225] ^ x[125]
x[253] = x[253] ^ x[137]
x[218] = x[218] ^ x[143]
x[182] = x[182] ^ x[35]
x[283] = x[283] ^ x[19]
x[313] = x[313] ^ x[98]
x[259] = x[259] ^ x[155]
x[293] = x[293] ^ x[161]
x[309] = x[309] ^ x[128]
x[220] = x[220] ^ x[26]
x[273] = x[273] ^ x[144]
x[244] = x[244] ^ x[119]
x[236] = x[236] ^ x[42]
x[192] = x[192] ^ x[153]
x[233] = x[233] ^ x[65]
x[16] = x[16] ^ x[150]    y[16]
x[140] = x[140] ^ x[127]    y[140]
x[240] = x[240] ^ x[97]
x[195] = x[195] ^ x[89]
x[303] = x[303] ^ x[120]
x[317] = x[317] ^ x[79]
x[287] = x[287] ^ x[21]
x[59] = x[59] ^ x[46]
x[169] = x[169] ^ x[151]
x[183] = x[183] ^ x[7]
x[170] = x[170] ^ x[32]
x[275] = x[275] ^ x[5]
x[237] = x[237] ^ x[136]
x[325] = x[325] ^ x[83]
x[177] = x[177] ^ x[114]
x[315] = x[315] ^ x[92]
x[212] = x[212] ^ x[12]
x[281] = x[281] ^ x[139]
x[197] = x[197] ^ x[14]
x[172] = x[172] ^ x[10]
x[227] = x[227] ^ x[131]
x[214] = x[214] ^ x[104]
x[70] = x[70] ^ x[135]    y[70]
x[308] = x[308] ^ x[106]
x[184] = x[184] ^ x[112]
x[305] = x[305] ^ x[113]
x[45] = x[45] ^ x[17]    y[45]
x[217] = x[217] ^ x[34]
x[286] = x[286] ^ x[44]
x[288] = x[288] ^ x[20]
x[216] = x[216] ^ x[74]
x[292] = x[292] ^ x[68]
x[278] = x[278] ^ x[107]
x[173] = x[173] ^ x[4]
x[324] = x[324] ^ x[41]
x[258] = x[258] ^ x[76]
x[208] = x[208] ^ x[50]
x[203] = x[203] ^ x[85]
x[261] = x[261] ^ x[52]
x[207] = x[207] ^ x[13]
x[188] = x[188] ^ x[116]
x[201] = x[201] ^ x[148]
x[206] = x[206] ^ x[122]
x[248] = x[248] ^ x[90]
x[307] = x[307] ^ x[30]
x[299] = x[299] ^ x[24]
x[176] = x[176] ^ x[3]
x[263] = x[263] ^ x[162]
x[185] = x[185] ^ x[29]
x[277] = x[277] ^ x[71]
x[252] = x[252] ^ x[124]
x[250] = x[250] ^ x[67]
x[219] = x[219] ^ x[110]
x[189] = x[189] ^ x[54]
x[167] = x[167] ^ x[28]
x[178] = x[178] ^ x[132]
x[190] = x[190] ^ x[105]
x[316] = x[316] ^ x[117]
x[175] = x[175] ^ x[111]
x[311] = x[311] ^ x[158]
x[255] = x[255] ^ x[149]
x[196] = x[196] ^ x[100]
x[304] = x[304] ^ x[142]
x[302] = x[302] ^ x[22]
x[325] = x[325] ^ x[145]
x[141] = x[141] ^ x[134]    y[141]
x[250] = x[250] ^ x[51]
x[60] = x[60] ^ x[82]
x[291] = x[291] ^ x[84]
x[130] = x[130] ^ x[143]
x[306] = x[306] ^ x[53]
x[295] = x[295] ^ x[10]
x[274] = x[274] ^ x[125]
x[311] = x[311] ^ x[8]
x[38] = x[38] ^ x[64]
x[196] = x[196] ^ x[108]
x[244] = x[244] ^ x[56]
x[263] = x[263] ^ x[138]
x[225] = x[225] ^ x[115]
x[36] = x[36] ^ x[95]
x[249] = x[249] ^ x[72]
x[229] = x[229] ^ x[150]
x[264] = x[264] ^ x[123]
x[283] = x[283] ^ x[2]
x[176] = x[176] ^ x[37]
x[80] = x[80] ^ x[86]    y[80]
x[284] = x[284] ^ x[99]
x[180] = x[180] ^ x[15]
x[312] = x[312] ^ x[20]
x[266] = x[266] ^ x[107]
x[230] = x[230] ^ x[101]
x[218] = x[218] ^ x[7]
x[137] = x[137] ^ x[92]    y[137]
x[182] = x[182] ^ x[4]
x[296] = x[296] ^ x[133]
x[276] = x[276] ^ x[47]
x[313] = x[313] ^ x[17]
x[293] = x[293] ^ x[63]
x[210] = x[210] ^ x[24]
x[174] = x[174] ^ x[144]
x[259] = x[259] ^ x[40]
x[277] = x[277] ^ x[153]
x[220] = x[220] ^ x[42]
x[128] = x[128] ^ x[31]    y[128]
x[170] = x[170] ^ x[75]
x[255] = x[255] ^ x[65]
x[215] = x[215] ^ x[78]
x[240] = x[240] ^ x[76]
x[317] = x[317] ^ x[124]
x[195] = x[195] ^ x[6]
x[233] = x[233] ^ x[13]
x[152] = x[152] ^ x[73]    y[152]
x[219] = x[219] ^ x[151]
x[286] = x[286] ^ x[32]
x[183] = x[183] ^ x[161]
x[287] = x[287] ^ x[126]
x[242] = x[242] ^ x[136]
x[206] = x[206] ^ x[21]
x[273] = x[273] ^ x[12]
x[303] = x[303] ^ x[41]
x[200] = x[200] ^ x[59]
x[314] = x[314] ^ x[98]
x[186] = x[186] ^ x[16]
x[222] = x[222] ^ x[83]
x[292] = x[292] ^ x[5]
x[104] = x[104] ^ x[100]    y[104]
x[252] = x[252] ^ x[112]
x[221] = x[221] ^ x[106]
x[173] = x[173] ^ x[113]
x[281] = x[281] ^ x[9]
x[184] = x[184] ^ x[45]
x[282] = x[282] ^ x[149]
x[257] = x[257] ^ x[142]
x[227] = x[227] ^ x[105]
x[236] = x[236] ^ x[127]
x[201] = x[201] ^ x[119]
x[288] = x[288] ^ x[55]
x[301] = x[301] ^ x[74]
x[217] = x[217] ^ x[160]
x[214] = x[214] ^ x[156]
x[307] = x[307] ^ x[102]
x[253] = x[253] ^ x[34]
x[319] = x[319] ^ x[110]
x[309] = x[309] ^ x[118]
x[172] = x[172] ^ x[28]
x[193] = x[193] ^ x[116]
x[192] = x[192] ^ x[1]
x[235] = x[235] ^ x[158]
x[261] = x[261] ^ x[91]
x[239] = x[239] ^ x[50]
x[275] = x[275] ^ x[54]
x[278] = x[278] ^ x[70]
x[305] = x[305] ^ x[49]
x[169] = x[169] ^ x[43]
x[238] = x[238] ^ x[77]
x[211] = x[211] ^ x[120]
x[226] = x[226] ^ x[3]
x[272] = x[272] ^ x[85]
x[245] = x[245] ^ x[30]
x[268] = x[268] ^ x[140]
x[279] = x[279] ^ x[14]
x[246] = x[246] ^ x[155]
x[298] = x[298] ^ x[58]
x[304] = x[304] ^ x[46]
x[164] = x[164] ^ x[68]
x[188] = x[188] ^ x[131]
x[315] = x[315] ^ x[62]
x[308] = x[308] ^ x[122]
x[190] = x[190] ^ x[139]
x[171] = x[171] ^ x[81]
x[181] = x[181] ^ x[132]
x[258] = x[258] ^ x[154]
x[212] = x[212] ^ x[66]
x[209] = x[209] ^ x[71]
x[194] = x[194] ^ x[162]
x[22] = x[22] ^ x[88]
x[219] = x[219] ^ x[145]
x[314] = x[314] ^ x[51]
x[82] = x[82] ^ x[33]
x[182] = x[182] ^ x[302]
x[157] = x[157] ^ x[84]    y[157]
x[304] = x[304] ^ x[60]
x[134] = x[134] ^ x[24]
x[295] = x[295] ^ x[57]
x[306] = x[306] ^ x[161]
x[243] = x[243] ^ x[141]
x[274] = x[274] ^ x[123]
x[8] = x[8] ^ x[7]
x[235] = x[235] ^ x[108]
x[315] = x[315] ^ x[56]
x[193] = x[193] ^ x[138]
x[281] = x[281] ^ x[36]
x[266] = x[266] ^ x[38]
x[72] = x[72] ^ x[112]    y[72]
x[264] = x[264] ^ x[71]
x[229] = x[229] ^ x[148]
x[130] = x[130] ^ x[139]
x[293] = x[293] ^ x[125]
x[324] = x[324] ^ x[37]
x[86] = x[86] ^ x[6]
x[312] = x[312] ^ x[30]
x[284] = x[284] ^ x[93]
x[180] = x[180] ^ x[50]
x[15] = x[15] ^ x[19]    y[15]
x[143] = x[143] ^ x[97]    y[143]
x[283] = x[283] ^ x[100]
x[225] = x[225] ^ x[98]
x[251] = x[251] ^ x[80]
x[101] = x[101] ^ x[87]
x[224] = x[224] ^ x[133]
x[53] = x[53] ^ x[77]    y[53]
x[309] = x[309] ^ x[47]
x[174] = x[174] ^ x[313]
x[230] = x[230] ^ x[151]
x[218] = x[218] ^ x[25]
x[95] = x[95] ^ x[18]    y[95]
x[210] = x[210] ^ x[69]
x[244] = x[244] ^ x[120]
x[242] = x[242] ^ x[153]
x[220] = x[220] ^ x[113]
x[303] = x[303] ^ x[31]
x[177] = x[177] ^ x[65]
x[63] = x[63] ^ x[102]    y[63]
x[259] = x[259] ^ x[106]
x[75] = x[75] ^ x[116]    y[75]
x[232] = x[232] ^ x[13]
x[192] = x[192] ^ x[2]
x[257] = x[257] ^ x[73]
x[317] = x[317] ^ x[122]
x[252] = x[252] ^ x[152]
x[195] = x[195] ^ x[28]
x[290] = x[290] ^ x[59]
x[278] = x[278] ^ x[12]
x[260] = x[260] ^ x[16]
x[238] = x[238] ^ x[78]
x[255] = x[255] ^ x[136]
x[204] = x[204] ^ x[5]
x[214] = x[214] ^ x[10]
x[206] = x[206] ^ x[26]
x[286] = x[286] ^ x[158]
x[184] = x[184] ^ x[140]
x[270] = x[270] ^ x[104]
x[179] = x[179] ^ x[45]
x[282] = x[282] ^ x[162]
x[215] = x[215] ^ x[128]
x[227] = x[227] ^ x[61]
x[181] = x[181] ^ x[32]
x[183] = x[183] ^ x[42]
x[240] = x[240] ^ x[89]
x[288] = x[288] ^ x[92]
x[300] = x[300] ^ x[74]
x[236] = x[236] ^ x[83]
x[256] = x[256] ^ x[76]
x[253] = x[253] ^ x[124]
x[198] = x[198] ^ x[119]
x[319] = x[319] ^ x[54]
x[169] = x[169] ^ x[150]
x[279] = x[279] ^ x[107]
x[212] = x[212] ^ x[149]
x[172] = x[172] ^ x[118]
x[208] = x[208] ^ x[17]
x[233] = x[233] ^ x[85]
x[217] = x[217] ^ x[111]
x[261] = x[261] ^ x[127]
x[196] = x[196] ^ x[70]
x[194] = x[194] ^ x[41]
x[199] = x[199] ^ x[43]
x[287] = x[287] ^ x[49]
x[165] = x[165] ^ x[137]
x[292] = x[292] ^ x[62]
x[273] = x[273] ^ x[3]
x[250] = x[250] ^ x[154]
x[237] = x[237] ^ x[55]
x[316] = x[316] ^ x[58]
x[171] = x[171] ^ x[21]
x[310] = x[310] ^ x[110]
x[163] = x[163] ^ x[14]
x[280] = x[280] ^ x[105]
x[164] = x[164] ^ x[44]
x[239] = x[239] ^ x[52]
x[202] = x[202] ^ x[81]
x[254] = x[254] ^ x[34]
x[311] = x[311] ^ x[135]
x[201] = x[201] ^ x[147]
x[246] = x[246] ^ x[29]
x[323] = x[323] ^ x[1]
x[249] = x[249] ^ x[66]
x[88] = x[88] ^ x[126]
x[299] = x[299] ^ x[145]
x[187] = x[187] ^ x[51]
x[322] = x[322] ^ x[84]
x[264] = x[264] ^ x[60]
x[295] = x[295] ^ x[4]
x[306] = x[306] ^ x[71]
x[8] = x[8] ^ x[121]
x[64] = x[64] ^ x[108]    y[64]
x[180] = x[180] ^ x[157]
x[274] = x[274] ^ x[113]
x[282] = x[282] ^ x[56]
x[138] = x[138] ^ x[109]
x[201] = x[201] ^ x[72]
x[290] = x[290] ^ x[302]
x[224] = x[224] ^ x[141]
x[229] = x[229] ^ x[58]
x[266] = x[266] ^ x[131]
x[318] = x[318] ^ x[37]
x[284] = x[284] ^ x[142]
x[183] = x[183] ^ x[36]
x[182] = x[182] ^ x[107]
x[283] = x[283] ^ x[18]
x[303] = x[303] ^ x[130]
x[225] = x[225] ^ x[73]
x[210] = x[210] ^ x[148]
x[312] = x[312] ^ x[111]
x[57] = x[57] ^ x[61]    y[57]
x[244] = x[244] ^ x[50]
x[261] = x[261] ^ x[243]
x[173] = x[173] ^ x[133]
x[263] = x[263] ^ x[251]
x[172] = x[172] ^ x[53]
x[177] = x[177] ^ x[143]
x[313] = x[313] ^ x[47]
x[86] = x[86] ^ x[156]    y[86]
x[82] = x[82] ^ x[146]    y[82]
x[218] = x[218] ^ x[15]
x[123] = x[123] ^ x[68]    y[123]
x[293] = x[293] ^ x[112]
x[247] = x[247] ^ x[101]
x[22] = x[22] ^ x[91]
x[220] = x[220] ^ x[118]
x[226] = x[226] ^ x[80]
x[289] = x[289] ^ x[153]
x[235] = x[235] ^ x[76]
x[317] = x[317] ^ x[30]
x[25] = x[25] ^ x[44]    y[25]
x[259] = x[259] ^ x[38]
x[230] = x[230] ^ x[140]
x[296] = x[296] ^ x[151]
x[240] = x[240] ^ x[102]
x[256] = x[256] ^ x[65]
x[171] = x[171] ^ x[95]
x[287] = x[287] ^ x[87]
x[168] = x[168] ^ x[98]
x[272] = x[272] ^ x[152]
x[305] = x[305] ^ x[13]
x[193] = x[193] ^ x[83]
x[195] = x[195] ^ x[97]
x[194] = x[194] ^ x[12]
x[170] = x[170] ^ x[19]
x[275] = x[275] ^ x[16]
x[221] = x[221] ^ x[75]
x[281] = x[281] ^ x[66]
x[307] = x[307] ^ x[78]
x[276] = x[276] ^ x[136]
x[206] = x[206] ^ x[46]
x[257] = x[257] ^ x[125]
x[254] = x[254] ^ x[5]
x[262] = x[262] ^ x[63]
x[199] = x[199] ^ x[31]
x[227] = x[227] ^ x[26]
x[174] = x[174] ^ x[135]
x[236] = x[236] ^ x[40]
x[192] = x[192] ^ x[149]
x[217] = x[217] ^ x[10]
x[291] = x[291] ^ x[92]
x[288] = x[288] ^ x[34]
x[214] = x[214] ^ x[70]
x[228] = x[228] ^ x[45]
x[184] = x[184] ^ x[14]
x[277] = x[277] ^ x[119]
x[238] = x[238] ^ x[41]
x[166] = x[166] ^ x[59]
x[189] = x[189] ^ x[74]
x[258] = x[258] ^ x[28]
x[279] = x[279] ^ x[161]
x[269] = x[269] ^ x[42]
x[207] = x[207] ^ x[128]
x[202] = x[202] ^ x[104]
x[250] = x[250] ^ x[120]
x[242] = x[242] ^ x[90]
x[208] = x[208] ^ x[137]
x[315] = x[315] ^ x[43]
x[255] = x[255] ^ x[162]
x[212] = x[212] ^ x[127]
x[164] = x[164] ^ x[100]
x[300] = x[300] ^ x[155]
x[292] = x[292] ^ x[81]
x[176] = x[176] ^ x[55]
x[270] = x[270] ^ x[105]
x[186] = x[186] ^ x[7]
x[179] = x[179] ^ x[85]
x[204] = x[204] ^ x[54]
x[319] = x[319] ^ x[52]
x[178] = x[178] ^ x[2]
x[278] = x[278] ^ x[35]
x[309] = x[309] ^ x[158]
x[169] = x[169] ^ x[122]
x[316] = x[316] ^ x[49]
x[209] = x[209] ^ x[3]
x[324] = x[324] ^ x[62]
x[134] = x[134] ^ x[145]    y[134]
x[299] = x[299] ^ x[51]
x[84] = x[84] ^ x[158]
x[306] = x[306] ^ x[187]
x[60] = x[60] ^ x[43]
x[274] = x[274] ^ x[126]
x[295] = x[295] ^ x[31]
x[225] = x[225] ^ x[157]
x[280] = x[280] ^ x[108]
x[190] = x[190] ^ x[56]
x[264] = x[264] ^ x[29]
x[220] = x[220] ^ x[138]
x[257] = x[257] ^ x[72]
x[8] = x[8] ^ x[160]
x[302] = x[302] ^ x[48]
x[180] = x[180] ^ x[46]
x[200] = x[200] ^ x[141]
x[191] = x[191] ^ x[37]
x[229] = x[229] ^ x[79]
x[109] = x[109] ^ x[96]    y[109]
x[284] = x[284] ^ x[112]
x[182] = x[182] ^ x[58]
x[266] = x[266] ^ x[30]
x[283] = x[283] ^ x[67]
x[121] = x[121] ^ x[142]    y[121]
x[261] = x[261] ^ x[57]
x[186] = x[186] ^ x[133]
x[243] = x[243] ^ x[85]
x[192] = x[192] ^ x[53]
x[251] = x[251] ^ x[143]
x[172] = x[172] ^ x[47]
x[293] = x[293] ^ x[81]
x[210] = x[210] ^ x[35]
x[313] = x[313] ^ x[65]
x[312] = x[312] ^ x[5]
x[269] = x[269] ^ x[86]
x[114] = x[114] ^ x[80]    y[114]
x[177] = x[177] ^ x[22]
x[218] = x[218] ^ x[149]
x[244] = x[244] ^ x[92]
x[208] = x[208] ^ x[15]
x[153] = x[153] ^ x[19]    y[153]
x[212] = x[212] ^ x[25]
x[247] = x[247] ^ x[123]
x[303] = x[303] ^ x[4]
x[296] = x[296] ^ x[63]
x[171] = x[171] ^ x[75]
x[317] = x[317] ^ x[14]
x[311] = x[311] ^ x[95]
x[173] = x[173] ^ x[7]
x[215] = x[215] ^ x[82]
x[259] = x[259] ^ x[23]
x[310] = x[310] ^ x[151]
x[309] = x[309] ^ x[76]
x[250] = x[250] ^ x[113]
x[315] = x[315] ^ x[101]
x[289] = x[289] ^ x[98]
x[174] = x[174] ^ x[152]
x[183] = x[183] ^ x[13]
x[255] = x[255] ^ x[130]
x[184] = x[184] ^ x[68]
x[12] = x[12] ^ x[119]    y[12]
x[176] = x[176] ^ x[16]
x[263] = x[263] ^ x[45]
x[198] = x[198] ^ x[78]
x[235] = x[235] ^ x[102]
x[287] = x[287] ^ x[162]
x[170] = x[170] ^ x[125]
x[199] = x[199] ^ x[73]
x[206] = x[206] ^ x[120]
x[282] = x[282] ^ x[42]
x[286] = x[286] ^ x[135]
x[165] = x[165] ^ x[64]
x[288] = x[288] ^ x[140]
x[254] = x[254] ^ x[83]
x[231] = x[231] ^ x[107]
x[278] = x[278] ^ x[18]
x[253] = x[253] ^ x[156]
x[236] = x[236] ^ x[1]
x[201] = x[201] ^ x[26]
x[230] = x[230] ^ x[62]
x[214] = x[214] ^ x[154]
x[217] = x[217] ^ x[17]
x[219] = x[219] ^ x[71]
x[195] = x[195] ^ x[10]
x[240] = x[240] ^ x[52]
x[239] = x[239] ^ x[74]
x[227] = x[227] ^ x[118]
x[207] = x[207] ^ x[28]
x[305] = x[305] ^ x[70]
x[322] = x[322] ^ x[49]
x[268] = x[268] ^ x[111]
x[242] = x[242] ^ x[117]
x[202] = x[202] ^ x[3]
x[318] = x[318] ^ x[50]
x[298] = x[298] ^ x[104]
x[292] = x[292] ^ x[110]
x[193] = x[193] ^ x[54]
x[163] = x[163] ^ x[59]
x[213] = x[213] ^ x[137]
x[145] = x[145] ^ x[94]
x[51] = x[51] ^ x[9]
x[84] = x[84] ^ x[141]    y[84]
x[306] = x[306] ^ x[43]
x[295] = x[295] ^ x[90]
x[274] = x[274] ^ x[133]
x[227] = x[227] ^ x[108]
x[281] = x[281] ^ x[56]
x[266] = x[266] ^ x[157]
x[175] = x[175] ^ x[138]
x[181] = x[181] ^ x[72]
x[60] = x[60] ^ x[124]
x[229] = x[229] ^ x[46]
x[187] = x[187] ^ x[135]
x[264] = x[264] ^ x[106]
x[37] = x[37] ^ x[122]    y[37]
x[48] = x[48] ^ x[80]    y[48]
x[259] = x[259] ^ x[134]
x[225] = x[225] ^ x[92]
x[180] = x[180] ^ x[41]
x[284] = x[284] ^ x[23]
x[312] = x[312] ^ x[158]
x[283] = x[283] ^ x[117]
x[8] = x[8] ^ x[87]    y[8]
x[36] = x[36] ^ x[160]    y[36]
x[182] = x[182] ^ x[130]
x[218] = x[218] ^ x[31]
x[243] = x[243] ^ x[33]
x[190] = x[190] ^ x[15]
x[195] = x[195] ^ x[53]
x[303] = x[303] ^ x[143]
x[220] = x[220] ^ x[142]
x[210] = x[210] ^ x[75]
x[217] = x[217] ^ x[47]
x[293] = x[293] ^ x[111]
x[194] = x[194] ^ x[86]
x[257] = x[257] ^ x[151]
x[96] = x[96] ^ x[6]
x[263] = x[263] ^ x[121]
x[65] = x[65] ^ x[25]    y[65]
x[186] = x[186] ^ x[123]
x[126] = x[126] ^ x[3]
x[244] = x[244] ^ x[17]
x[299] = x[299] ^ x[59]
x[305] = x[305] ^ x[114]
x[252] = x[252] ^ x[95]
x[193] = x[193] ^ x[5]
x[302] = x[302] ^ x[10]
x[279] = x[279] ^ x[82]
x[250] = x[250] ^ x[98]
x[249] = x[249] ^ x[113]
x[317] = x[317] ^ x[40]
x[99] = x[99] ^ x[57]    y[99]
x[191] = x[191] ^ x[109]
x[170] = x[170] ^ x[152]
x[282] = x[282] ^ x[29]
x[209] = x[209] ^ x[153]
x[183] = x[183] ^ x[110]
x[204] = x[204] ^ x[12]
x[173] = x[173] ^ x[104]
x[287] = x[287] ^ x[97]
x[174] = x[174] ^ x[137]
x[240] = x[240] ^ x[14]
x[167] = x[167] ^ x[13]
x[292] = x[292] ^ x[45]
x[192] = x[192] ^ x[102]
x[235] = x[235] ^ x[91]
x[276] = x[276] ^ x[119]
x[199] = x[199] ^ x[150]
x[165] = x[165] ^ x[50]
x[307] = x[307] ^ x[125]
x[288] = x[288] ^ x[64]
x[184] = x[184] ^ x[155]
x[324] = x[324] ^ x[42]
x[322] = x[322] ^ x[76]
x[309] = x[309] ^ x[66]
x[207] = x[207] ^ x[78]
x[280] = x[280] ^ x[28]
x[269] = x[269] ^ x[54]
x[265] = x[265] ^ x[63]
x[201] = x[201] ^ x[83]
x[172] = x[172] ^ x[149]
x[221] = x[221] ^ x[162]
x[215] = x[215] ^ x[30]
x[319] = x[319] ^ x[140]
x[261] = x[261] ^ x[74]
x[169] = x[169] ^ x[19]
x[290] = x[290] ^ x[49]
x[223] = x[223] ^ x[7]
x[255] = x[255] ^ x[35]
x[231] = x[231] ^ x[105]
x[294] = x[294] ^ x[85]
x[304] = x[304] ^ x[16]
x[268] = x[268] ^ x[128]
x[189] = x[189] ^ x[62]
x[94] = x[94] ^ x[103]
x[145] = x[145] ^ x[10]
x[51] = x[51] ^ x[159]
x[229] = x[229] ^ x[84]
x[306] = x[306] ^ x[97]
x[295] = x[295] ^ x[26]
x[274] = x[274] ^ x[156]
x[254] = x[254] ^ x[108]
x[177] = x[177] ^ x[56]
x[307] = x[307] ^ x[141]
x[281] = x[281] ^ x[157]
x[290] = x[290] ^ x[138]
x[233] = x[233] ^ x[72]
x[187] = x[187] ^ x[43]
x[266] = x[266] ^ x[20]
x[182] = x[182] ^ x[122]
x[264] = x[264] ^ x[98]
x[60] = x[60] ^ x[146]    y[60]
x[180] = x[180] ^ x[40]
x[260] = x[260] ^ x[134]
x[225] = x[225] ^ x[77]
x[189] = x[189] ^ x[133]
x[284] = x[284] ^ x[39]
x[181] = x[181] ^ x[47]
x[286] = x[286] ^ x[8]
x[312] = x[312] ^ x[139]
x[169] = x[169] ^ x[36]
x[243] = x[243] ^ x[89]
x[283] = x[283] ^ x[150]
x[250] = x[250] ^ x[53]
x[259] = x[259] ^ x[80]
x[210] = x[210] ^ x[67]
x[235] = x[235] ^ x[15]
x[212] = x[212] ^ x[37]
x[220] = x[220] ^ x[32]
x[183] = x[183] ^ x[31]
x[218] = x[218] ^ x[85]
x[256] = x[256] ^ x[143]
x[237] = x[237] ^ x[86]
x[106] = x[106] ^ x[63]
x[303] = x[303] ^ x[70]
x[226] = x[226] ^ x[65]
x[293] = x[293] ^ x[14]
x[311] = x[311] ^ x[126]
x[239] = x[239] ^ x[151]
x[296] = x[296] ^ x[96]
x[195] = x[195] ^ x[79]
x[188] = x[188] ^ x[25]
x[305] = x[305] ^ x[313]
x[318] = x[318] ^ x[75]
x[310] = x[310] ^ x[123]
x[224] = x[224] ^ x[95]
x[244] = x[244] ^ x[69]
x[263] = x[263] ^ x[42]
x[323] = x[323] ^ x[121]
x[257] = x[257] ^ x[64]
x[240] = x[240] ^ x[48]
x[270] = x[270] ^ x[109]
x[175] = x[175] ^ x[152]
x[302] = x[302] ^ x[68]
x[184] = x[184] ^ x[130]
x[211] = x[211] ^ x[82]
x[255] = x[255] ^ x[57]
x[178] = x[178] ^ x[153]
x[241] = x[241] ^ x[5]
x[113] = x[113] ^ x[114]    y[113]
x[319] = x[319] ^ x[12]
x[227] = x[227] ^ x[149]
x[309] = x[309] ^ x[92]
x[282] = x[282] ^ x[154]
x[287] = x[287] ^ x[2]
x[170] = x[170] ^ x[78]
x[285] = x[285] ^ x[45]
x[198] = x[198] ^ x[59]
x[173] = x[173] ^ x[99]
x[193] = x[193] ^ x[135]
x[196] = x[196] ^ x[119]
x[253] = x[253] ^ x[50]
x[252] = x[252] ^ x[58]
x[172] = x[172] ^ x[110]
x[205] = x[205] ^ x[13]
x[199] = x[199] ^ x[158]
x[192] = x[192] ^ x[160]
x[269] = x[269] ^ x[3]
x[206] = x[206] ^ x[54]
x[200] = x[200] ^ x[104]
x[276] = x[276] ^ x[71]
x[299] = x[299] ^ x[16]
x[217] = x[217] ^ x[132]
x[288] = x[288] ^ x[62]
x[249] = x[249] ^ x[162]
x[272] = x[272] ^ x[76]
x[251] = x[251] ^ x[117]
x[314] = x[314] ^ x[74]
x[185] = x[185] ^ x[140]
x[166] = x[166] ^ x[49]
x[168] = x[168] ^ x[125]
x[298] = x[298] ^ x[7]
x[289] = x[289] ^ x[17]
x[278] = x[278] ^ x[46]
x[94] = x[94] ^ x[93]    y[103]
x[103] = x[103] ^ x[90]
x[145] = x[145] ^ x[27]
x[303] = x[303] ^ x[84]
x[306] = x[306] ^ x[129]
x[51] = x[51] ^ x[81]    y[51]
x[295] = x[295] ^ x[131]
x[274] = x[274] ^ x[24]
x[278] = x[278] ^ x[108]
x[260] = x[260] ^ x[56]
x[316] = x[316] ^ x[141]
x[252] = x[252] ^ x[157]
x[229] = x[229] ^ x[33]
x[262] = x[262] ^ x[138]
x[197] = x[197] ^ x[72]
x[187] = x[187] ^ x[18]
x[266] = x[266] ^ x[156]
x[283] = x[283] ^ x[97]
x[284] = x[284] ^ x[87]
x[146] = x[146] ^ x[1]    y[146]
x[248] = x[248] ^ x[133]
x[281] = x[281] ^ x[60]
x[182] = x[182] ^ x[40]
x[39] = x[39] ^ x[29]    y[39]
x[225] = x[225] ^ x[136]
x[290] = x[290] ^ x[143]
x[163] = x[163] ^ x[134]
x[180] = x[180] ^ x[38]
x[172] = x[172] ^ x[36]
x[312] = x[312] ^ x[101]
x[264] = x[264] ^ x[120]
x[167] = x[167] ^ x[53]
x[322] = x[322] ^ x[47]
x[238] = x[238] ^ x[80]
x[287] = x[287] ^ x[31]
x[190] = x[190] ^ x[37]
x[210] = x[210] ^ x[79]
x[212] = x[212] ^ x[121]
x[220] = x[220] ^ x[153]
x[244] = x[244] ^ x[122]
x[185] = x[185] ^ x[86]
x[243] = x[243] ^ x[54]
x[293] = x[293] ^ x[140]
x[192] = x[192] ^ x[65]
x[259] = x[259] ^ x[28]
x[289] = x[289] ^ x[106]
x[232] = x[232] ^ x[15]
x[195] = x[195] ^ x[46]
x[215] = x[215] ^ x[151]
x[169] = x[169] ^ x[98]
x[224] = x[224] ^ x[130]
x[280] = x[280] ^ x[75]
x[193] = x[193] ^ x[25]
x[200] = x[200] ^ x[123]
x[265] = x[265] ^ x[95]
x[218] = x[218] ^ x[13]
x[191] = x[191] ^ x[126]
x[181] = x[181] ^ x[4]
x[291] = x[291] ^ x[96]
x[257] = x[257] ^ x[32]
x[253] = x[253] ^ x[48]
x[269] = x[269] ^ x[109]
x[302] = x[302] ^ x[160]
x[254] = x[254] ^ x[57]
x[305] = x[305] ^ x[16]
x[20] = x[20] ^ x[49]    y[20]
x[179] = x[179] ^ x[152]
x[319] = x[319] ^ x[113]
x[235] = x[235] ^ x[149]
x[175] = x[175] ^ x[92]
x[173] = x[173] ^ x[128]
x[236] = x[236] ^ x[150]
x[263] = x[263] ^ x[64]
x[282] = x[282] ^ x[104]
x[288] = x[288] ^ x[45]
x[286] = x[286] ^ x[59]
x[184] = x[184] ^ x[91]
x[267] = x[267] ^ x[119]
x[217] = x[217] ^ x[50]
x[314] = x[314] ^ x[14]
x[292] = x[292] ^ x[63]
x[216] = x[216] ^ x[99]
x[249] = x[249] ^ x[42]
x[309] = x[309] ^ x[125]
x[177] = x[177] ^ x[137]
x[174] = x[174] ^ x[12]
x[239] = x[239] ^ x[8]
x[313] = x[313] ^ x[3]
x[165] = x[165] ^ x[78]
x[204] = x[204] ^ x[114]
x[189] = x[189] ^ x[82]
x[188] = x[188] ^ x[76]
x[250] = x[250] ^ x[161]
x[176] = x[176] ^ x[110]
x[275] = x[275] ^ x[74]
x[196] = x[196] ^ x[111]
x[307] = x[307] ^ x[70]
x[285] = x[285] ^ x[85]
x[275] = x[275] ^ x[103]
x[250] = x[250] ^ x[145]
x[27] = x[27] ^ x[23]    y[27]
x[306] = x[306] ^ x[125]
x[295] = x[295] ^ x[11]
x[257] = x[257] ^ x[84]
x[274] = x[274] ^ x[1]
x[211] = x[211] ^ x[108]
x[314] = x[314] ^ x[56]
x[88] = x[88] ^ x[157]    y[88]
x[273] = x[273] ^ x[141]
x[322] = x[322] ^ x[138]
x[229] = x[229] ^ x[95]
x[247] = x[247] ^ x[72]
x[264] = x[264] ^ x[18]
x[187] = x[187] ^ x[91]
x[266] = x[266] ^ x[50]
x[183] = x[183] ^ x[94]
x[129] = x[129] ^ x[4]    y[129]
x[209] = x[209] ^ x[133]
x[225] = x[225] ^ x[71]
x[323] = x[323] ^ x[51]
x[182] = x[182] ^ x[140]
x[284] = x[284] ^ x[153]
x[240] = x[240] ^ x[39]
x[310] = x[310] ^ x[283]
x[308] = x[308] ^ x[134]
x[280] = x[280] ^ x[36]
x[312] = x[312] ^ x[109]
x[263] = x[263] ^ x[146]
x[296] = x[296] ^ x[143]
x[178] = x[178] ^ x[53]
x[180] = x[180] ^ x[83]
x[262] = x[262] ^ x[15]
x[38] = x[38] ^ x[73]    y[38]
x[292] = x[292] ^ x[60]
x[218] = x[218] ^ x[120]
x[210] = x[210] ^ x[58]
x[101] = x[101] ^ x[55]    y[101]
x[228] = x[228] ^ x[37]
x[220] = x[220] ^ x[66]
x[189] = x[189] ^ x[121]
x[136] = x[136] ^ x[48]    y[136]
x[248] = x[248] ^ x[47]
x[212] = x[212] ^ x[126]
x[258] = x[258] ^ x[80]
x[202] = x[202] ^ x[86]
x[252] = x[252] ^ x[96]
x[317] = x[317] ^ x[156]
x[33] = x[33] ^ x[132]    y[33]
x[176] = x[176] ^ x[106]
x[281] = x[281] ^ x[57]
x[293] = x[293] ^ x[2]
x[259] = x[259] ^ x[111]
x[215] = x[215] ^ x[10]
x[196] = x[196] ^ x[151]
x[195] = x[195] ^ x[92]
x[243] = x[243] ^ x[128]
x[179] = x[179] ^ x[75]
x[303] = x[303] ^ x[78]
x[173] = x[173] ^ x[123]
x[198] = x[198] ^ x[25]
x[79] = x[79] ^ x[62]    y[79]
x[172] = x[172] ^ x[82]
x[194] = x[194] ^ x[98]
x[130] = x[130] ^ x[137]    y[130]
x[206] = x[206] ^ x[65]
x[32] = x[32] ^ x[52]    y[32]
x[244] = x[244] ^ x[40]
x[307] = x[307] ^ x[16]
x[233] = x[233] ^ x[20]
x[319] = x[319] ^ x[99]
x[254] = x[254] ^ x[113]
x[265] = x[265] ^ x[114]
x[287] = x[287] ^ x[19]
x[231] = x[231] ^ x[59]
x[302] = x[302] ^ x[115]
x[221] = x[221] ^ x[119]
x[253] = x[253] ^ x[135]
x[278] = x[278] ^ x[149]
x[313] = x[313] ^ x[28]
x[235] = x[235] ^ x[104]
x[208] = x[208] ^ x[13]
x[188] = x[188] ^ x[42]
x[169] = x[169] ^ x[152]
x[207] = x[207] ^ x[63]
x[305] = x[305] ^ x[85]
x[271] = x[271] ^ x[54]
x[186] = x[186] ^ x[12]
x[318] = x[318] ^ x[64]
x[255] = x[255] ^ x[3]
x[205] = x[205] ^ x[14]
x[190] = x[190] ^ x[45]
x[181] = x[181] ^ x[74]
x[103] = x[103] ^ x[94]    y[94]
x[145] = x[145] ^ x[93]    y[145]
x[306] = x[306] ^ x[87]
x[11] = x[11] ^ x[159]    y[11]
x[295] = x[295] ^ x[144]
x[172] = x[172] ^ x[108]
x[288] = x[288] ^ x[84]
x[186] = x[186] ^ x[56]
x[234] = x[234] ^ x[157]
x[229] = x[229] ^ x[9]
x[254] = x[254] ^ x[141]
x[232] = x[232] ^ x[138]
x[274] = x[274] ^ x[85]
x[219] = x[219] ^ x[72]
x[187] = x[187] ^ x[161]
x[266] = x[266] ^ x[158]
x[269] = x[269] ^ x[129]
x[302] = x[302] ^ x[27]
x[284] = x[284] ^ x[43]
x[264] = x[264] ^ x[135]
x[133] = x[133] ^ x[111]    y[133]
x[225] = x[225] ^ x[6]
x[203] = x[203] ^ x[51]
x[240] = x[240] ^ x[47]
x[312] = x[312] ^ x[97]
x[287] = x[287] ^ x[36]
x[303] = x[303] ^ x[88]
x[205] = x[205] ^ x[134]
x[223] = x[223] ^ x[143]
x[256] = x[256] ^ x[53]
x[200] = x[200] ^ x[39]
x[182] = x[182] ^ x[14]
x[180] = x[180] ^ x[67]
x[210] = x[210] ^ x[16]
x[292] = x[292] ^ x[65]
x[178] = x[178] ^ x[146]
x[220] = x[220] ^ x[5]
x[309] = x[309] ^ x[38]
x[244] = x[244] ^ x[101]
x[209] = x[209] ^ x[98]
x[188] = x[188] ^ x[37]
x[31] = x[31] ^ x[66]    y[31]
x[296] = x[296] ^ x[95]
x[106] = x[106] ^ x[104]    y[106]
x[126] = x[126] ^ x[152]    y[126]
x[262] = x[262] ^ x[248]
x[315] = x[315] ^ x[86]
x[214] = x[214] ^ x[15]
x[247] = x[247] ^ x[96]
x[257] = x[257] ^ x[12]
x[259] = x[259] ^ x[60]
x[290] = x[290] ^ x[153]
x[218] = x[218] ^ x[74]
x[258] = x[258] ^ x[75]
x[181] = x[181] ^ x[25]
x[314] = x[314] ^ x[121]
x[215] = x[215] ^ x[123]
x[193] = x[193] ^ x[109]
x[183] = x[183] ^ x[79]
x[192] = x[192] ^ x[80]
x[300] = x[300] ^ x[48]
x[323] = x[323] ^ x[136]
x[212] = x[212] ^ x[102]
x[173] = x[173] ^ x[76]
x[299] = x[299] ^ x[57]
x[249] = x[249] ^ x[32]
x[236] = x[236] ^ x[82]
x[120] = x[120] ^ x[128]    y[120]
x[307] = x[307] ^ x[113]
x[230] = x[230] ^ x[92]
x[293] = x[293] ^ x[70]
x[241] = x[241] ^ x[140]
x[279] = x[279] ^ x[20]
x[195] = x[195] ^ x[33]
x[243] = x[243] ^ x[62]
x[277] = x[277] ^ x[130]
x[252] = x[252] ^ x[99]
x[280] = x[280] ^ x[10]
x[253] = x[253] ^ x[149]
x[206] = x[206] ^ x[45]
x[198] = x[198] ^ x[13]
x[171] = x[171] ^ x[78]
x[199] = x[199] ^ x[59]
x[226] = x[226] ^ x[64]
x[202] = x[202] ^ x[8]
x[196] = x[196] ^ x[28]
x[240] = x[240] ^ x[103]
x[306] = x[306] ^ x[135]
x[144] = x[144] ^ x[148]
x[295] = x[295] ^ x[93]
x[159] = x[159] ^ x[105]
x[201] = x[201] ^ x[84]
x[261] = x[261] ^ x[108]
x[226] = x[226] ^ x[11]
x[56] = x[56] ^ x[13]    y[56]
x[196] = x[196] ^ x[94]
x[22] = x[22] ^ x[157]
x[324] = x[324] ^ x[141]
x[229] = x[229] ^ x[42]
x[244] = x[244] ^ x[138]
x[214] = x[214] ^ x[72]
x[274] = x[274] ^ x[107]
x[187] = x[187] ^ x[92]
x[266] = x[266] ^ x[9]
x[218] = x[218] ^ x[129]
x[182] = x[182] ^ x[27]
x[252] = x[252] ^ x[133]
x[180] = x[180] ^ x[161]
x[186] = x[186] ^ x[146]
x[246] = x[246] ^ x[264]
x[284] = x[284] ^ x[104]
x[178] = x[178] ^ x[51]
x[303] = x[303] ^ x[140]
x[312] = x[312] ^ x[63]
x[260] = x[260] ^ x[143]
x[313] = x[313] ^ x[53]
x[225] = x[225] ^ x[83]
x[273] = x[273] ^ x[47]
x[210] = x[210] ^ x[19]
x[294] = x[294] ^ x[36]
x[217] = x[217] ^ x[39]
x[200] = x[200] ^ x[136]
x[183] = x[183] ^ x[65]
x[220] = x[220] ^ x[99]
x[188] = x[188] ^ x[151]
x[275] = x[275] ^ x[134]
x[89] = x[89] ^ x[101]    y[89]
x[262] = x[262] ^ x[31]
x[297] = x[297] ^ x[37]
x[174] = x[174] ^ x[86]
x[281] = x[281] ^ x[106]
x[317] = x[317] ^ x[15]
x[257] = x[257] ^ x[139]
x[96] = x[96] ^ x[26]    y[96]
x[259] = x[259] ^ x[70]
x[212] = x[212] ^ x[75]
x[170] = x[170] ^ x[121]
x[198] = x[198] ^ x[152]
x[211] = x[211] ^ x[95]
x[227] = x[227] ^ x[109]
x[204] = x[204] ^ x[123]
x[248] = x[248] ^ x[85]
x[270] = x[270] ^ x[153]
x[276] = x[276] ^ x[126]
x[185] = x[185] ^ x[145]
x[296] = x[296] ^ x[38]
x[239] = x[239] ^ x[80]
x[209] = x[209] ^ x[64]
x[285] = x[285] ^ x[48]
x[253] = x[253] ^ x[66]
x[247] = x[247] ^ x[45]
x[282] = x[282] ^ x[79]
x[288] = x[288] ^ x[33]
x[271] = x[271] ^ x[88]
x[308] = x[308] ^ x[60]
x[173] = x[173] ^ x[30]
x[172] = x[172] ^ x[74]
x[193] = x[193] ^ x[78]
x[289] = x[289] ^ x[236]
x[254] = x[254] ^ x[17]
x[293] = x[293] ^ x[6]
x[228] = x[228] ^ x[57]
x[205] = x[205] ^ x[28]
x[269] = x[269] ^ x[16]
x[199] = x[199] ^ x[25]
x[323] = x[323] ^ x[20]
x[241] = x[241] ^ x[113]
x[243] = x[243] ^ x[73]
x[309] = x[309] ^ x[114]
x[322] = x[322] ^ x[32]
x[208] = x[208] ^ x[82]
x[190] = x[190] ^ x[59]
x[234] = x[234] ^ x[54]
x[197] = x[197] ^ x[130]
x[177] = x[177] ^ x[120]
x[307] = x[307] ^ x[8]
x[240] = x[240] ^ x[145]
x[306] = x[306] ^ x[98]
x[287] = x[287] ^ x[144]
x[295] = x[295] ^ x[124]
x[159] = x[159] ^ x[156]    y[159]
x[274] = x[274] ^ x[148]
x[298] = x[298] ^ x[108]
x[224] = x[224] ^ x[84]
x[251] = x[251] ^ x[11]
x[163] = x[163] ^ x[141]
x[189] = x[189] ^ x[157]
x[93] = x[93] ^ x[40]    y[93]
x[229] = x[229] ^ x[125]
x[249] = x[249] ^ x[22]
x[138] = x[138] ^ x[2]
x[283] = x[283] ^ x[72]
x[322] = x[322] ^ x[94]
x[187] = x[187] ^ x[112]
x[199] = x[199] ^ x[27]
x[172] = x[172] ^ x[129]
x[266] = x[266] ^ x[70]
x[294] = x[294] ^ x[103]
x[284] = x[284] ^ x[1]
x[182] = x[182] ^ x[61]
x[186] = x[186] ^ x[37]
x[307] = x[307] ^ x[51]
x[264] = x[264] ^ x[78]
x[262] = x[262] ^ x[133]
x[225] = x[225] ^ x[117]
x[312] = x[312] ^ x[16]
x[180] = x[180] ^ x[52]
x[281] = x[281] ^ x[143]
x[310] = x[310] ^ x[36]
x[228] = x[228] ^ x[53]
x[324] = x[324] ^ x[95]
x[270] = x[270] ^ x[146]
x[220] = x[220] ^ x[63]
x[303] = x[303] ^ x[13]
x[204] = x[204] ^ x[39]
x[210] = x[210] ^ x[55]
x[200] = x[200] ^ x[57]
x[293] = x[293] ^ x[65]
x[178] = x[178] ^ x[25]
x[151] = x[151] ^ x[134]    y[151]
x[188] = x[188] ^ x[106]
x[317] = x[317] ^ x[56]
x[238] = x[238] ^ x[86]
x[223] = x[223] ^ x[183]
x[174] = x[174] ^ x[89]
x[257] = x[257] ^ x[92]
x[263] = x[263] ^ x[153]
x[181] = x[181] ^ x[121]
x[197] = x[197] ^ x[136]
x[289] = x[289] ^ x[75]
x[279] = x[279] ^ x[31]
x[275] = x[275] ^ x[96]
x[278] = x[278] ^ x[126]
x[244] = x[244] ^ x[154]
x[232] = x[232] ^ x[80]
x[280] = x[280] ^ x[123]
x[206] = x[206] ^ x[152]
x[305] = x[305] ^ x[101]
x[215] = x[215] ^ x[64]
x[227] = x[227] ^ x[48]
x[301] = x[301] ^ x[109]
x[271] = x[271] ^ x[32]
x[297] = x[297] ^ x[38]
x[214] = x[214] ^ x[99]
x[282] = x[282] ^ x[128]
x[192] = x[192] ^ x[60]
x[170] = x[170] ^ x[120]
x[212] = x[212] ^ x[30]
x[259] = x[259] ^ x[161]
x[253] = x[253] ^ x[79]
x[235] = x[235] ^ x[33]
x[258] = x[258] ^ x[15]
x[236] = x[236] ^ x[8]    y[236]
x[173] = x[173] ^ x[28]
x[237] = x[237] ^ x[104]
x[314] = x[314] ^ x[140]
x[166] = x[166] ^ x[88]
x[193] = x[193] ^ x[113]
x[299] = x[299] ^ x[114]
x[292] = x[292] ^ x[20]
x[295] = x[295] ^ x[43]
x[306] = x[306] ^ x[117]
x[169] = x[169] ^ x[159]
x[317] = x[317] ^ x[108]
x[175] = x[175] ^ x[11]
x[269] = x[269] ^ x[84]
x[196] = x[196] ^ x[145]
x[245] = x[245] ^ x[141]
x[197] = x[197] ^ x[157]
x[229] = x[229] ^ x[147]
x[286] = x[286] ^ x[93]
x[281] = x[281] ^ x[138]
x[225] = x[225] ^ x[72]
x[144] = x[144] ^ x[107]    y[144]
x[22] = x[22] ^ x[77]
x[187] = x[187] ^ x[55]
x[189] = x[189] ^ x[129]
x[261] = x[261] ^ x[27]
x[266] = x[266] ^ x[15]
x[274] = x[274] ^ x[102]
x[284] = x[284] ^ x[127]
x[202] = x[202] ^ x[133]
x[224] = x[224] ^ x[53]
x[289] = x[289] ^ x[51]
x[186] = x[186] ^ x[121]
x[182] = x[182] ^ x[146]
x[264] = x[264] ^ x[134]
x[299] = x[299] ^ x[94]
x[180] = x[180] ^ x[116]
x[312] = x[312] ^ x[131]
x[318] = x[318] ^ x[143]
x[240] = x[240] ^ x[140]
x[262] = x[262] ^ x[60]
x[221] = x[221] ^ x[37]
x[98] = x[98] ^ x[130]
x[218] = x[218] ^ x[125]
x[220] = x[220] ^ x[105]
x[303] = x[303] ^ x[71]
x[244] = x[244] ^ x[16]
x[61] = x[61] ^ x[110]    y[61]
x[185] = x[185] ^ x[25]
x[210] = x[210] ^ x[85]
x[178] = x[178] ^ x[95]
x[283] = x[283] ^ x[39]
x[233] = x[233] ^ x[106]
x[214] = x[214] ^ x[151]
x[300] = x[300] ^ x[86]
x[273] = x[273] ^ x[65]
x[296] = x[296] ^ x[56]
x[258] = x[258] ^ x[103]
x[272] = x[272] ^ x[136]
x[256] = x[256] ^ x[75]
x[165] = x[165] ^ x[153]
x[219] = x[219] ^ x[31]
x[277] = x[277] ^ x[36]
x[257] = x[257] ^ x[96]
x[188] = x[188] ^ x[126]
x[167] = x[167] ^ x[48]
x[271] = x[271] ^ x[101]
x[302] = x[302] ^ x[109]
x[173] = x[173] ^ x[70]
x[307] = x[307] ^ x[45]
x[172] = x[172] ^ x[137]
x[209] = x[209] ^ x[32]
x[183] = x[183] ^ x[88]
x[227] = x[227] ^ x[89]
x[308] = x[308] ^ x[120]
x[181] = x[181] ^ x[152]
x[263] = x[263] ^ x[20]
x[207] = x[207] ^ x[99]
x[267] = x[267] ^ x[236]
x[222] = x[222] ^ x[297]
x[242] = x[242] ^ x[282]
x[276] = x[276] ^ x[38]
x[294] = x[294] ^ x[80]
x[321] = x[321] ^ x[57]
x[250] = x[250] ^ x[13]
x[228] = x[228] ^ x[104]
x[223] = x[223] ^ x[63]
x[238] = x[238] ^ x[79]
x[260] = x[260] ^ x[33]
x[275] = x[275] ^ x[113]
x[306] = x[306] ^ x[41]
x[295] = x[295] ^ x[123]
x[267] = x[267] ^ x[108]
x[323] = x[323] ^ x[159]
x[166] = x[166] ^ x[11]
x[308] = x[308] ^ x[157]
x[167] = x[167] ^ x[141]
x[286] = x[286] ^ x[94]
x[229] = x[229] ^ x[49]
x[138] = x[138] ^ x[74]    y[138]
x[324] = x[324] ^ x[72]
x[218] = x[218] ^ x[84]
x[187] = x[187] ^ x[110]
x[246] = x[246] ^ x[129]
x[266] = x[266] ^ x[27]
x[47] = x[47] ^ x[22]
x[284] = x[284] ^ x[17]
x[195] = x[195] ^ x[144]
x[274] = x[274] ^ x[100]
x[182] = x[182] ^ x[158]
x[225] = x[225] ^ x[9]
x[293] = x[293] ^ x[51]
x[264] = x[264] ^ x[5]
x[180] = x[180] ^ x[148]
x[318] = x[318] ^ x[36]
x[312] = x[312] ^ x[53]
x[261] = x[261] ^ x[39]
x[305] = x[305] ^ x[146]
x[251] = x[251] ^ x[133]
x[303] = x[303] ^ x[15]
x[302] = x[302] ^ x[143]
x[240] = x[240] ^ x[152]
x[317] = x[317] ^ x[109]
x[248] = x[248] ^ x[145]
x[183] = x[183] ^ x[37]
x[254] = x[254] ^ x[98]
x[220] = x[220] ^ x[34]
x[196] = x[196] ^ x[25]
x[238] = x[238] ^ x[121]
x[201] = x[201] ^ x[134]
x[210] = x[210] ^ x[45]
x[262] = x[262] ^ x[57]
x[224] = x[224] ^ x[151]
x[185] = x[185] ^ x[61]
x[178] = x[178] ^ x[113]
x[211] = x[211] ^ x[283]
x[221] = x[221] ^ x[92]
x[257] = x[257] ^ x[118]
x[244] = x[244] ^ x[160]
x[186] = x[186] ^ x[153]
x[275] = x[275] ^ x[75]
x[315] = x[315] ^ x[95]
x[310] = x[310] ^ x[31]
x[226] = x[226] ^ x[103]
x[250] = x[250] ^ x[106]
x[208] = x[208] ^ x[65]
x[242] = x[242] ^ x[96]
x[322] = x[322] ^ x[60]
x[285] = x[285] ^ x[300]
x[200] = x[200] ^ x[56]
x[197] = x[197] ^ x[282]
x[247] = x[247] ^ x[214]
x[307] = x[307] ^ x[42]
x[189] = x[189] ^ x[48]    y[189]
x[241] = x[241] ^ x[101]
x[292] = x[292] ^ x[70]    y[292]
x[259] = x[259] ^ x[89]
x[263] = x[263] ^ x[85]
x[223] = x[223] ^ x[136]
x[319] = x[319] ^ x[16]
x[217] = x[217] ^ x[32]
x[173] = x[173] ^ x[126]    y[173]
x[207] = x[207] ^ x[88]
x[258] = x[258] ^ x[33]
x[299] = x[299] ^ x[130]
x[253] = x[253] ^ x[20]
x[294] = x[294] ^ x[99]
x[306] = x[306] ^ x[139]
x[295] = x[295] ^ x[142]
x[274] = x[274] ^ x[108]
x[267] = x[267] ^ x[11]
x[229] = x[229] ^ x[69]
x[201] = x[201] ^ x[157]
x[304] = x[304] ^ x[159]
x[322] = x[322] ^ x[72]
x[252] = x[252] ^ x[138]
x[244] = x[244] ^ x[141]
x[205] = x[205] ^ x[84]
x[184] = x[184] ^ x[129]
x[296] = x[296] ^ x[27]
x[187] = x[187] ^ x[83]
x[266] = x[266] ^ x[66]
x[256] = x[256] ^ x[47]
x[182] = x[182] ^ x[21]
x[284] = x[284] ^ x[2]
x[176] = x[176] ^ x[51]
x[308] = x[308] ^ x[143]
x[312] = x[312] ^ x[34]
x[180] = x[180] ^ x[42]
x[225] = x[225] ^ x[44]
x[293] = x[293] ^ x[93]
x[193] = x[193] ^ x[53]    y[193]
x[324] = x[324] ^ x[134]
x[264] = x[264] ^ x[13]
x[291] = x[291] ^ x[94]
x[77] = x[77] ^ x[144]    y[77]
x[287] = x[287] ^ x[146]
x[251] = x[251] ^ x[95]
x[248] = x[248] ^ x[39]
x[166] = x[166] ^ x[56]
x[261] = x[261] ^ x[86]
x[223] = x[223] ^ x[240]    y[223]
x[318] = x[318] ^ x[89]
x[200] = x[200] ^ x[133]
x[317] = x[317] ^ x[65]
x[273] = x[273] ^ x[37]
x[243] = x[243] ^ x[98]
x[67] = x[67] ^ x[145]    y[67]
x[218] = x[218] ^ x[80]
x[316] = x[316] ^ x[36]
x[202] = x[202] ^ x[123]
x[232] = x[232] ^ x[121]
x[170] = x[170] ^ x[22]
x[119] = x[119] ^ x[151]    y[119]
x[313] = x[313] ^ x[75]    y[313]
x[319] = x[319] ^ x[25]
x[179] = x[179] ^ x[31]
x[224] = x[224] ^ x[33]
x[305] = x[305] ^ x[103]
x[178] = x[178] ^ x[79]
x[279] = x[279] ^ x[96]
x[183] = x[183] ^ x[126]    y[183]
x[191] = x[191] ^ x[106]
x[228] = x[228] ^ x[315]
x[301] = x[301] ^ x[60]
x[196] = x[196] ^ x[214]    y[196]
x[221] = x[221] ^ x[48]
x[212] = x[212] ^ x[110]    y[212]
x[257] = x[257] ^ x[15]
x[181] = x[181] ^ x[113]
x[300] = x[300] ^ x[82]
x[186] = x[186] ^ x[54]
x[247] = x[247] ^ x[88]
x[276] = x[276] ^ x[173]
x[254] = x[254] ^ x[236]
x[306] = x[306] ^ x[82]
x[295] = x[295] ^ x[134]
x[317] = x[317] ^ x[11]
x[186] = x[186] ^ x[157]
x[271] = x[271] ^ x[108]
x[229] = x[229] ^ x[48]
x[210] = x[210] ^ x[72]    y[210]
x[249] = x[249] ^ x[159]
x[171] = x[171] ^ x[138]
x[231] = x[231] ^ x[84]
x[206] = x[206] ^ x[141]
x[274] = x[274] ^ x[161]
x[187] = x[187] ^ x[127]
x[232] = x[232] ^ x[129]
x[208] = x[208] ^ x[27]
x[266] = x[266] ^ x[101]
x[256] = x[256] ^ x[94]
x[220] = x[220] ^ x[47]    y[220]
x[182] = x[182] ^ x[36]
x[168] = x[168] ^ x[51]
x[252] = x[252] ^ x[146]
x[201] = x[201] ^ x[133]
x[83] = x[83] ^ x[89]    y[83]
x[312] = x[312] ^ x[6]
x[284] = x[284] ^ x[24]
x[180] = x[180] ^ x[114]
x[181] = x[181] ^ x[53]    y[181]
x[322] = x[322] ^ x[143]
x[264] = x[264] ^ x[22]
x[304] = x[304] ^ x[184]
x[190] = x[190] ^ x[296]    y[190]
x[224] = x[224] ^ x[93]
x[225] = x[225] ^ x[13]
x[321] = x[321] ^ x[145]
x[301] = x[301] ^ x[144]
x[290] = x[290] ^ x[37]
x[248] = x[248] ^ x[126]
x[273] = x[273] ^ x[61]
x[240] = x[240] ^ x[77]
x[261] = x[261] ^ x[136]    y[261]
x[205] = x[205] ^ x[39]
x[302] = x[302] ^ x[121]
x[239] = x[239] ^ x[95]
x[308] = x[308] ^ x[57]
x[293] = x[293] ^ x[130]    y[293]
x[172] = x[172] ^ x[65]    y[172]
x[164] = x[164] ^ x[151]
x[285] = x[285] ^ x[98]
x[200] = x[200] ^ x[120]    y[200]
x[288] = x[288] ^ x[67]
x[278] = x[278] ^ x[287]
x[318] = x[318] ^ x[152]
x[222] = x[222] ^ x[25]
x[241] = x[241] ^ x[75]
x[291] = x[291] ^ x[153]
x[324] = x[324] ^ x[31]
x[269] = x[269] ^ x[56]
x[166] = x[166] ^ x[60]
x[253] = x[253] ^ x[106]    y[253]
x[280] = x[280] ^ x[96]
x[185] = x[185] ^ x[79]
x[323] = x[323] ^ x[119]
x[267] = x[267] ^ x[193]
x[272] = x[272] ^ x[313]
x[297] = x[297] ^ x[305]    y[297]
x[213] = x[213] ^ x[315]
x[250] = x[250] ^ x[123]    y[250]
x[263] = x[263] ^ x[66]
x[246] = x[246] ^ x[15]
x[306] = x[306] ^ x[108]
x[295] = x[295] ^ x[147]
x[286] = x[286] ^ x[11]
x[169] = x[169] ^ x[157]
x[229] = x[229] ^ x[12]
x[5] = x[5] ^ x[72]    y[5]
x[225] = x[225] ^ x[138]
x[281] = x[281] ^ x[159]
x[226] = x[226] ^ x[141]
x[284] = x[284] ^ x[161]
x[187] = x[187] ^ x[78]
x[87] = x[87] ^ x[129]    y[87]
x[165] = x[165] ^ x[27]
x[266] = x[266] ^ x[123]
x[270] = x[270] ^ x[84]
x[274] = x[274] ^ x[15]
x[318] = x[318] ^ x[47]
x[259] = x[259] ^ x[51]    y[259]
x[324] = x[324] ^ x[94]
x[198] = x[198] ^ x[83]
x[182] = x[182] ^ x[106]
x[180] = x[180] ^ x[26]
x[245] = x[245] ^ x[134]
x[299] = x[299] ^ x[53]
x[311] = x[311] ^ x[143]
x[267] = x[267] ^ x[146]
x[312] = x[312] ^ x[38]
x[264] = x[264] ^ x[86]
x[303] = x[303] ^ x[133]
x[201] = x[201] ^ x[98]
x[168] = x[168] ^ x[296]
x[219] = x[219] ^ x[210]
x[256] = x[256] ^ x[220]
x[276] = x[276] ^ x[37]    y[276]
x[257] = x[257] ^ x[22]    y[257]
x[244] = x[244] ^ x[136]    y[244]
x[227] = x[227] ^ x[145]
x[221] = x[221] ^ x[290]    y[221]
x[204] = x[204] ^ x[77]
x[291] = x[291] ^ x[273]
x[167] = x[167] ^ x[261]
x[213] = x[213] ^ x[232]    y[213]
x[176] = x[176] ^ x[95]
x[188] = x[188] ^ x[89]    y[188]
x[302] = x[302] ^ x[65]
x[271] = x[271] ^ x[183]    y[271]
x[268] = x[268] ^ x[200]
x[171] = x[171] ^ x[240]
x[242] = x[242] ^ x[13]
x[224] = x[224] ^ x[140]
x[243] = x[243] ^ x[60]
x[237] = x[237] ^ x[151]
x[191] = x[191] ^ x[119]
x[177] = x[177] ^ x[126]
x[202] = x[202] ^ x[193]    y[202]
x[269] = x[269] ^ x[293]    y[269]
x[205] = x[205] ^ x[212]    y[205]
x[295] = x[295] ^ x[55]
x[306] = x[306] ^ x[76]
x[242] = x[242] ^ x[108]
x[264] = x[264] ^ x[11]    y[264]
x[229] = x[229] ^ x[122]
x[262] = x[262] ^ x[157]
x[170] = x[170] ^ x[72]
x[301] = x[301] ^ x[159]
x[316] = x[316] ^ x[138]
x[41] = x[41] ^ x[5]    y[41]
x[286] = x[286] ^ x[281]
x[321] = x[321] ^ x[141]
x[274] = x[274] ^ x[27]
x[175] = x[175] ^ x[129]
x[187] = x[187] ^ x[88]
x[131] = x[131] ^ x[84]    y[131]
x[266] = x[266] ^ x[77]
x[231] = x[231] ^ x[47]
x[284] = x[284] ^ x[12]
x[263] = x[263] ^ x[94]    y[263]
x[116] = x[116] ^ x[87]    y[116]
x[288] = x[288] ^ x[51]
x[184] = x[184] ^ x[182]
x[198] = x[198] ^ x[317]    y[198]
x[218] = x[218] ^ x[53]
x[303] = x[303] ^ x[134]
x[225] = x[225] ^ x[123]
x[270] = x[270] ^ x[36]
x[165] = x[165] ^ x[144]
x[211] = x[211] ^ x[133]
x[252] = x[252] ^ x[15]
x[177] = x[177] ^ x[180]
x[296] = x[296] ^ x[312]    y[296]
x[245] = x[245] ^ x[143]
x[168] = x[168] ^ x[103]    y[168]
x[179] = x[179] ^ x[37]
x[285] = x[285] ^ x[145]    y[285]
x[201] = x[201] ^ x[99]
x[275] = x[275] ^ x[98]    y[275]
x[238] = x[238] ^ x[244]
x[224] = x[224] ^ x[259]    y[224]
x[164] = x[164] ^ x[219]
x[314] = x[314] ^ x[227]    y[314]
x[232] = x[232] ^ x[169]    y[232]
x[290] = x[290] ^ x[172]    y[290]
x[167] = x[167] ^ x[146]
x[291] = x[291] ^ x[31]    y[291]
x[176] = x[176] ^ x[89]    y[176]
x[267] = x[267] ^ x[96]    y[267]
x[311] = x[311] ^ x[83]
x[59] = x[59] ^ x[106]    y[59]
x[197] = x[197] ^ x[261]
x[319] = x[319] ^ x[271]
x[207] = x[207] ^ x[188]    y[207]
x[306] = x[306] ^ x[156]
x[295] = x[295] ^ x[91]
x[195] = x[195] ^ x[108]
x[235] = x[235] ^ x[11]
x[218] = x[218] ^ x[157]    y[218]
x[199] = x[199] ^ x[72]
x[229] = x[229] ^ x[63]
x[252] = x[252] ^ x[5]    y[252]
x[303] = x[303] ^ x[159]    y[303]
x[307] = x[307] ^ x[138]    y[307]
x[234] = x[234] ^ x[286]    y[234]
x[260] = x[260] ^ x[141]
x[187] = x[187] ^ x[64]
x[274] = x[274] ^ x[14]
x[217] = x[217] ^ x[129]
x[265] = x[265] ^ x[175]
x[270] = x[270] ^ x[27]
x[215] = x[215] ^ x[84]
x[47] = x[47] ^ x[67]    y[47]
x[233] = x[233] ^ x[131]
x[179] = x[179] ^ x[266]
x[324] = x[324] ^ x[281]    y[324]
x[284] = x[284] ^ x[143]
x[238] = x[238] ^ x[94]    y[238]
x[203] = x[203] ^ x[116]
x[174] = x[174] ^ x[41]    y[174]
x[163] = x[163] ^ x[264]
x[321] = x[321] ^ x[170]
x[184] = x[184] ^ x[210]    y[184]
x[242] = x[242] ^ x[146]    y[242]
x[247] = x[247] ^ x[53]
x[251] = x[251] ^ x[87]
x[178] = x[178] ^ x[133]    y[178]
x[22] = x[22] ^ x[36]    y[22]
x[211] = x[211] ^ x[83]    y[211]
x[309] = x[309] ^ x[51]
x[308] = x[308] ^ x[288]    y[308]
x[325] = x[325] ^ x[231]
x[316] = x[316] ^ x[198]    y[316]
x[298] = x[298] ^ x[312]    y[298]
x[201] = x[201] ^ x[145]    y[201]
x[98] = x[98] ^ x[77]    y[98]
x[323] = x[323] ^ x[244]    y[323]
x[219] = x[219] ^ x[189]    y[219]
x[165] = x[165] ^ x[257]
x[182] = x[182] ^ x[296]    y[182]
x[310] = x[310] ^ x[290]    y[310]
x[318] = x[318] ^ x[314]    y[318]
x[295] = x[295] ^ x[12]
x[306] = x[306] ^ x[8]
x[167] = x[167] ^ x[108]
x[225] = x[225] ^ x[11]    y[225]
x[177] = x[177] ^ x[157]    y[177]
x[262] = x[262] ^ x[72]    y[262]
x[229] = x[229] ^ x[66]
x[279] = x[279] ^ x[159]
x[319] = x[319] ^ x[138]    y[319]
x[283] = x[283] ^ x[195]
x[286] = x[286] ^ x[287]    y[286]
x[247] = x[247] ^ x[141]    y[247]
x[265] = x[265] ^ x[129]    y[265]
x[217] = x[217] ^ x[51]
x[187] = x[187] ^ x[109]
x[194] = x[194] ^ x[84]
x[185] = x[185] ^ x[5]
x[274] = x[274] ^ x[87]    y[274]
x[197] = x[197] ^ x[47]    y[197]
x[245] = x[245] ^ x[235]    y[245]
x[266] = x[266] ^ x[317]    y[266]
x[175] = x[175] ^ x[215]
x[281] = x[281] ^ x[220]    y[281]
x[254] = x[254] ^ x[94]    y[254]
x[284] = x[284] ^ x[128]    y[284]
x[322] = x[322] ^ x[116]    y[322]
x[270] = x[270] ^ x[41]
x[203] = x[203] ^ x[199]    y[203]
x[170] = x[170] ^ x[293]    y[170]
x[163] = x[163] ^ x[303]    y[163]
x[273] = x[273] ^ x[218]    y[273]
x[246] = x[246] ^ x[252]    y[246]
x[186] = x[186] ^ x[174]    y[186]
x[237] = x[237] ^ x[184]    y[237]
x[321] = x[321] ^ x[95]    y[321]
x[309] = x[309] ^ x[22]    y[309]
x[300] = x[300] ^ x[264]    y[300]
x[231] = x[231] ^ x[178]    y[231]
x[228] = x[228] ^ x[234]    y[228]
x[288] = x[288] ^ x[221]    y[288]
x[277] = x[277] ^ x[308]
x[312] = x[312] ^ x[259]    y[312]
x[268] = x[268] ^ x[211]    y[268]
x[325] = x[325] ^ x[324]    y[325]
x[306] = x[306] ^ x[15]
x[295] = x[295] ^ x[41]
x[230] = x[230] ^ x[108]
x[206] = x[206] ^ x[11]
x[289] = x[289] ^ x[157]    y[289]
x[251] = x[251] ^ x[72]    y[251]
x[277] = x[277] ^ x[138]
x[256] = x[256] ^ x[159]    y[256]
x[272] = x[272] ^ x[262]    y[272]
x[229] = x[229] ^ x[83]
x[165] = x[165] ^ x[84]    y[165]
x[260] = x[260] ^ x[195]    y[260]
x[243] = x[243] ^ x[215]    y[243]
x[204] = x[204] ^ x[47]
x[235] = x[235] ^ x[274]    y[235]
x[282] = x[282] ^ x[225]    y[282]
x[167] = x[167] ^ x[279]    y[167]
x[187] = x[187] ^ x[208]
x[194] = x[194] ^ x[265]    y[194]
x[175] = x[175] ^ x[281]    y[175]
x[278] = x[278] ^ x[5]    y[278]
x[171] = x[171] ^ x[94]    y[171]
x[166] = x[166] ^ x[322]    y[166]
x[216] = x[216] ^ x[203]
x[270] = x[270] ^ x[316]    y[270]
x[226] = x[226] ^ x[252]    y[226]
x[280] = x[280] ^ x[303]    y[280]
x[240] = x[240] ^ x[245]    y[240]
x[315] = x[315] ^ x[273]    y[315]
x[241] = x[241] ^ x[174]    y[241]
x[320] = x[320] ^ x[163]    y[320]
x[294] = x[294] ^ x[306]    y[294]
x[192] = x[192] ^ x[295]    y[192]
x[299] = x[299] ^ x[11]    y[299]
x[230] = x[230] ^ x[283]
x[311] = x[311] ^ x[157]    y[311]
x[277] = x[277] ^ x[159]    y[277]
x[191] = x[191] ^ x[206]    y[191]
x[180] = x[180] ^ x[229]    y[180]
x[239] = x[239] ^ x[256]    y[239]
x[187] = x[187] ^ x[121]    y[187]
x[249] = x[249] ^ x[84]    y[249]
x[217] = x[217] ^ x[138]    y[217]
x[209] = x[209] ^ x[251]    y[209]
x[227] = x[227] ^ x[225]    y[227]
x[279] = x[279] ^ x[298]    y[279]
x[179] = x[179] ^ x[289]    y[179]
x[208] = x[208] ^ x[235]    y[208]
x[215] = x[215] ^ x[284]    y[215]
x[258] = x[258] ^ x[265]    y[258]
x[255] = x[255] ^ x[175]    y[255]
x[216] = x[216] ^ x[306]    y[216]
x[233] = x[233] ^ x[295]    y[233]
x[248] = x[248] ^ x[192]    y[248]
x[304] = x[304] ^ x[11]    y[304]
x[230] = x[230] ^ x[138]
x[283] = x[283] ^ x[317]    y[283]
x[206] = x[206] ^ x[168]    y[206]
x[169] = x[169] ^ x[256]    y[169]
x[185] = x[185] ^ x[180]    y[185]
x[204] = x[204] ^ x[239]    y[204]
x[229] = x[229] ^ x[292]    y[229]
x[214] = x[214] ^ x[306]    y[214]
x[301] = x[301] ^ x[233]    y[301]
x[287] = x[287] ^ x[248]    y[287]
x[164] = x[164] ^ x[11]    y[164]
x[230] = x[230] ^ x[51]    y[230]
x[302] = x[302] ^ x[304]    y[302]
x[295] = x[295] ^ x[272]    y[295]
x[222] = x[222] ^ x[192]    y[222]
x[317] = x[317] ^ x[184]    y[317]
x[195] = x[195] ^ x[287]    y[195]
x[306] = x[306] ^ x[200]    y[306]
x[305] = x[305] ^ x[301]    y[305]
x[199] = x[199] ^ x[248]    y[199]
