n,s,p,w,original_addends,addends,accumulation_layers,tree_layers,windowing_model,available,missing_layers,predicted_toffoli_depth,toffoli,cnot,width,toffoli_depth,nct_depth_barrier,dw,tdw,forward_retained_qubits,qrom_model,depth_model,width_model
163,2,1,1,328,164,163,0,lane_first,True,,5224,3250880,664585218,1787824,5224,2504176,4477025953024,9339592576,1784852,h_u=2n,module_barriers,retain_all_square_workspace
163,2,2,2,328,164,81,1,lane_first,True,,2944,2370244,471645454,1295022,2944,1483606,1921302409332,3812544768,1292050,h_u=2n,module_barriers,retain_all_square_workspace
163,2,3,3,328,165,54,2,lane_first,True,,2208,2096616,411389170,1141916,2208,1161066,1325839842456,2521350528,1138944,h_u=2n,module_barriers,retain_all_square_workspace
163,2,4,4,328,164,40,2,lane_first,True,,1652,1935356,376356430,1052154,1652,870672,916081027488,1738158408,1049182,h_u=2n,module_barriers,retain_all_square_workspace
163,2,5,5,328,165,32,3,lane_first,True,,1480,1868296,361356246,1014720,1480,808204,820100762880,1501785600,1011748,h_u=2n,module_barriers,retain_all_square_workspace
163,2,6,6,328,166,27,3,lane_first,True,,1248,1822980,351119866,989462,1248,689272,682008451664,1234848576,986490,h_u=2n,module_barriers,retain_all_square_workspace
163,2,7,7,328,167,23,3,lane_first,True,,1080,1788536,343265390,970292,1080,599842,582021893864,1047915360,967320,h_u=2n,module_barriers,retain_all_square_workspace
163,2,8,8,328,168,20,3,lane_first,True,,948,1764964,337792810,957210,948,528586,505967805060,907435080,954238,h_u=2n,module_barriers,retain_all_square_workspace
163,2,9,9,328,166,18,4,lane_first,True,,944,1735992,332045130,941736,944,541142,509612902512,888998784,938764,h_u=2n,module_barriers,retain_all_square_workspace
163,2,10,10,328,168,16,4,lane_first,True,,856,1732340,330634082,939598,856,493638,463821277524,804295888,936626,h_u=2n,module_barriers,retain_all_square_workspace
163,2,11,11,328,165,14,4,lane_first,True,,780,1683448,320824874,913180,780,446306,407557713080,712280400,910208,h_u=2n,module_barriers,retain_all_square_workspace
163,2,12,12,328,168,13,4,lane_first,True,,732,1699716,323475358,921986,732,419742,386996247612,674893752,919014,h_u=2n,module_barriers,retain_all_square_workspace
163,2,13,13,328,169,12,4,lane_first,True,,688,1697888,322766582,921080,688,395944,364696099520,633703040,918108,h_u=2n,module_barriers,retain_all_square_workspace
163,2,14,14,328,168,11,4,lane_first,True,,640,1677964,318698538,910462,640,369380,336306453560,582695680,907490,h_u=2n,module_barriers,retain_all_square_workspace
163,2,15,15,328,165,10,4,lane_first,True,,592,1639944,311271230,890132,592,342816,305151491712,526958144,887160,h_u=2n,module_barriers,retain_all_square_workspace
163,2,16,16,328,168,10,4,lane_first,True,,576,1667084,316303614,905026,576,339832,307556795632,521294976,902054,h_u=2n,module_barriers,retain_all_square_workspace
163,2,17,17,328,170,9,5,lane_first,True,,600,1685176,319656362,915064,600,356628,326337444192,549038400,912092,h_u=2n,module_barriers,retain_all_square_workspace
163,2,18,18,328,166,9,5,lane_first,True,,580,1648980,312931322,895966,580,350832,314333543712,519660280,892994,h_u=2n,module_barriers,retain_all_square_workspace
163,2,19,19,328,171,8,5,lane_first,True,,556,1683344,318941070,914484,556,332876,304409775984,508453104,911512,h_u=2n,module_barriers,retain_all_square_workspace
163,2,20,20,328,168,8,5,lane_first,True,,536,1656196,313895662,900242,536,327080,294451153360,482529712,897270,h_u=2n,module_barriers,retain_all_square_workspace
163,2,21,21,328,168,7,5,lane_first,True,,508,1645320,311507250,894480,508,306312,273989957760,454395840,891508,h_u=2n,module_barriers,retain_all_square_workspace
163,2,22,22,328,174,7,5,lane_first,True,,496,1699604,321578530,923942,496,306140,282855603880,458275232,920970,h_u=2n,module_barriers,retain_all_square_workspace
163,2,23,23,328,167,7,5,lane_first,True,,488,1636264,309814594,890276,488,300516,267542182416,434454688,887304,h_u=2n,module_barriers,retain_all_square_workspace
163,2,24,24,328,168,6,5,lane_first,True,,456,1634436,309105814,889370,456,276936,246298570320,405552720,886398,h_u=2n,module_barriers,retain_all_square_workspace
163,2,25,25,328,175,6,5,lane_first,True,,460,1697768,320856730,923688,460,279702,258357380976,424896480,920716,h_u=2n,module_barriers,retain_all_square_workspace
163,2,26,26,328,172,6,5,lane_first,True,,444,1670620,315811322,909446,444,276718,251660078228,403794024,906474,h_u=2n,module_barriers,retain_all_square_workspace
163,2,27,27,328,166,6,5,lane_first,True,,436,1616328,305727018,880636,436,271094,238735135784,383957296,877664,h_u=2n,module_barriers,retain_all_square_workspace
163,2,28,28,328,168,5,5,lane_first,True,,408,1623548,306697870,884586,408,250326,221434875036,360911088,881614,h_u=2n,module_barriers,retain_all_square_workspace
163,2,29,29,328,174,5,5,lane_first,True,,408,1677832,316769150,914048,408,250326,228809979648,372931584,911076,h_u=2n,module_barriers,retain_all_square_workspace
163,2,30,30,328,178,5,5,lane_first,True,,396,1714020,323481166,933798,396,250154,233593304892,369784008,930826,h_u=2n,module_barriers,retain_all_square_workspace
163,2,31,31,328,173,5,5,lane_first,True,,396,1668776,315076494,909844,396,250154,227601115976,360298224,906872,h_u=2n,module_barriers,retain_all_square_workspace
163,2,32,32,328,168,5,5,lane_first,True,,388,1623532,306671822,885890,388,244530,216626681700,343725320,882918,h_u=2n,module_barriers,retain_all_square_workspace
163,2,33,33,328,165,4,6,lane_first,True,,392,1596384,301626410,871648,392,247266,215528914368,341686016,868676,h_u=2n,module_barriers,retain_all_square_workspace
163,2,34,34,328,170,4,6,lane_first,True,,396,1641620,310018058,896254,396,250078,224133407812,354916584,893282,h_u=2n,module_barriers,retain_all_square_workspace
163,2,35,35,328,175,4,6,lane_first,True,,400,1686856,318409706,920860,400,252890,232876285400,368344000,917888,h_u=2n,module_barriers,retain_all_square_workspace
163,2,36,36,328,180,4,6,lane_first,True,,400,1732092,326801354,945466,400,252890,239098896740,378186400,942494,h_u=2n,module_barriers,retain_all_square_workspace
163,2,37,37,328,180,4,6,lane_first,True,,388,1732088,326794842,945792,388,252718,239018662656,366967296,942820,h_u=2n,module_barriers,retain_all_square_workspace
163,2,38,38,328,176,4,6,lane_first,True,,388,1695892,320069802,926694,388,252718,234192254292,359557272,923722,h_u=2n,module_barriers,retain_all_square_workspace
163,2,39,39,328,172,4,6,lane_first,True,,384,1659696,313344762,907596,384,249906,226813685976,348516864,904624,h_u=2n,module_barriers,retain_all_square_workspace
163,2,40,40,328,168,4,6,lane_first,True,,380,1623500,306619722,888498,380,247094,219542524812,337629240,885526,h_u=2n,module_barriers,retain_all_square_workspace
163,2,41,41,328,164,3,6,lane_first,True,,352,1576432,297512782,863312,352,226326,195389951712,303885824,860340,h_u=2n,module_barriers,retain_all_square_workspace
163,2,42,42,328,168,3,6,lane_first,True,,352,1612620,304224798,883062,352,226326,199859890212,310837824,880090,h_u=2n,module_barriers,retain_all_square_workspace
163,2,43,43,328,172,3,6,lane_first,True,,352,1648808,310936814,902812,352,226326,204329828712,317789824,899840,h_u=2n,module_barriers,retain_all_square_workspace
163,2,44,44,328,176,3,6,lane_first,True,,352,1684996,317648830,922562,352,226326,208799767212,324741824,919590,h_u=2n,module_barriers,retain_all_square_workspace
163,2,45,45,328,180,3,6,lane_first,True,,352,1721184,324360846,942312,352,226326,213269705712,331693824,939340,h_u=2n,module_barriers,retain_all_square_workspace
163,2,46,46,328,184,3,6,lane_first,True,,352,1757372,331072862,962062,352,226326,217739644212,338645824,959090,h_u=2n,module_barriers,retain_all_square_workspace
163,2,47,47,328,187,3,6,lane_first,True,,340,1784512,336105246,976956,340,226154,220942507224,332165040,973984,h_u=2n,module_barriers,retain_all_square_workspace
163,2,48,48,328,184,3,6,lane_first,True,,340,1757364,331059838,962714,340,226154,217721621956,327322760,959742,h_u=2n,module_barriers,retain_all_square_workspace
163,2,49,49,328,181,3,6,lane_first,True,,344,1730216,326014434,948472,344,228920,217124210240,326274368,945500,h_u=2n,module_barriers,retain_all_square_workspace
163,2,50,50,328,178,3,6,lane_first,True,,340,1703068,320969026,934230,340,226108,211236876840,317638200,931258,h_u=2n,module_barriers,retain_all_square_workspace
163,2,51,51,328,175,3,6,lane_first,True,,340,1675920,315923618,919988,340,226108,208016646704,312795920,917016,h_u=2n,module_barriers,retain_all_square_workspace
163,2,52,52,328,172,3,6,lane_first,True,,336,1648772,310878210,905746,336,223296,202249458816,304330656,902774,h_u=2n,module_barriers,retain_all_square_workspace
163,2,53,53,328,169,3,6,lane_first,True,,336,1621624,305832802,891504,336,223296,199069277184,299545344,888532,h_u=2n,module_barriers,retain_all_square_workspace
163,2,54,54,328,166,3,6,lane_first,True,,328,1594476,300787394,877262,328,217672,190955374064,287741936,874290,h_u=2n,module_barriers,retain_all_square_workspace
163,2,55,55,328,165,2,6,lane_first,True,,300,1574552,296719350,866644,300,196904,170645670176,259993200,863672,h_u=2n,module_barriers,retain_all_square_workspace
163,2,56,56,328,168,2,6,lane_first,True,,300,1601692,301751734,881538,300,196904,173578358352,264461400,878566,h_u=2n,module_barriers,retain_all_square_workspace
163,2,57,57,328,171,2,6,lane_first,True,,300,1628832,306784118,896432,300,196904,176511046528,268929600,893460,h_u=2n,module_barriers,retain_all_square_workspace
163,2,58,58,328,174,2,6,lane_first,True,,300,1655972,311816502,911326,300,196904,179443734704,273397800,908354,h_u=2n,module_barriers,retain_all_square_workspace
163,2,59,59,328,177,2,6,lane_first,True,,300,1683112,316848886,926220,300,196904,182376422880,277866000,923248,h_u=2n,module_barriers,retain_all_square_workspace
163,2,60,60,328,180,2,6,lane_first,True,,300,1710252,321881270,941114,300,196904,185309111056,282334200,938142,h_u=2n,module_barriers,retain_all_square_workspace
163,2,61,61,328,183,2,6,lane_first,True,,300,1737392,326913654,956008,300,196904,188241799232,286802400,953036,h_u=2n,module_barriers,retain_all_square_workspace
163,2,62,62,328,186,2,6,lane_first,True,,300,1764532,331946038,970902,300,196904,191174487408,291270600,967930,h_u=2n,module_barriers,retain_all_square_workspace
163,2,63,63,328,189,2,6,lane_first,True,,300,1791672,336978422,985796,300,196904,194107175584,295738800,982824,h_u=2n,module_barriers,retain_all_square_workspace
163,2,64,64,328,192,2,6,lane_first,True,,300,1818812,342010806,1000690,300,196904,197039863760,300207000,997718,h_u=2n,module_barriers,retain_all_square_workspace
163,2,65,65,328,195,2,7,lane_first,True,,328,1856824,349425086,1021672,328,217596,222311740512,335108416,1018700,h_u=2n,module_barriers,retain_all_square_workspace
163,2,66,66,328,196,2,7,lane_first,True,,316,1865868,351098206,1026854,316,217424,223262704096,324485864,1023882,h_u=2n,module_barriers,retain_all_square_workspace
163,2,67,67,328,194,2,7,lane_first,True,,320,1847768,347732430,1017468,320,220236,224083082448,325589760,1014496,h_u=2n,module_barriers,retain_all_square_workspace
163,2,68,68,328,192,2,7,lane_first,True,,320,1829668,344366654,1008082,320,220236,222015947352,322586240,1005110,h_u=2n,module_barriers,retain_all_square_workspace
163,2,69,69,328,190,2,7,lane_first,True,,324,1811568,341000878,998696,324,223048,222757145408,323577504,995724,h_u=2n,module_barriers,retain_all_square_workspace
163,2,70,70,328,188,2,7,lane_first,True,,324,1793468,337635102,989310,324,223048,220663616880,320536440,986338,h_u=2n,module_barriers,retain_all_square_workspace
163,2,71,71,328,186,2,7,lane_first,True,,324,1775368,334269326,979924,324,223048,218570088352,317495376,976952,h_u=2n,module_barriers,retain_all_square_workspace
163,2,72,72,328,184,2,7,lane_first,True,,324,1757268,330903550,970538,324,223048,216476559824,314454312,967566,h_u=2n,module_barriers,retain_all_square_workspace
163,2,73,73,328,182,2,7,lane_first,True,,328,1739168,327537774,961152,328,225860,217085790720,315257856,958180,h_u=2n,module_barriers,retain_all_square_workspace
163,2,74,74,328,180,2,7,lane_first,True,,324,1721068,324171998,951766,324,223048,212289502768,308372184,948794,h_u=2n,module_barriers,retain_all_square_workspace
163,2,75,75,328,178,2,7,lane_first,True,,324,1702968,320806222,942380,324,223048,210195974240,305331120,939408,h_u=2n,module_barriers,retain_all_square_workspace
163,2,76,76,328,176,2,7,lane_first,True,,324,1684868,317440446,932994,324,223048,208102445712,302290056,930022,h_u=2n,module_barriers,retain_all_square_workspace
163,2,77,77,328,174,2,7,lane_first,True,,324,1666768,314074670,923608,324,223048,206008917184,299248992,920636,h_u=2n,module_barriers,retain_all_square_workspace
163,2,78,78,328,172,2,7,lane_first,True,,320,1648668,310708894,914222,320,220236,201344596392,292551040,911250,h_u=2n,module_barriers,retain_all_square_workspace
163,2,79,79,328,170,2,7,lane_first,True,,320,1630568,307343118,904836,320,220236,199277461296,289547520,901864,h_u=2n,module_barriers,retain_all_square_workspace
163,2,80,80,328,168,2,7,lane_first,True,,316,1612468,303977342,895450,316,217424,194692320800,282962200,892478,h_u=2n,module_barriers,retain_all_square_workspace
163,2,81,81,328,166,2,7,lane_first,True,,316,1594368,300611566,886064,316,217424,192651579136,279996224,883092,h_u=2n,module_barriers,retain_all_square_workspace
163,2,82,82,328,164,1,7,lane_first,True,,288,1565396,294863890,870590,288,196656,171206747040,250729920,867618,h_u=2n,module_barriers,retain_all_square_workspace
163,2,83,83,328,166,1,7,lane_first,False,tail:83,288,,,,,,,,,,,
163,2,84,84,328,168,1,7,lane_first,False,tail:84,288,,,,,,,,,,,
163,2,85,85,328,170,1,7,lane_first,False,tail:85,288,,,,,,,,,,,
163,2,86,86,328,172,1,7,lane_first,False,tail:86,288,,,,,,,,,,,
163,2,87,87,328,174,1,7,lane_first,False,tail:87,288,,,,,,,,,,,
163,2,88,88,328,176,1,7,lane_first,False,tail:88,288,,,,,,,,,,,
163,2,89,89,328,178,1,7,lane_first,False,tail:89,288,,,,,,,,,,,
163,2,90,90,328,180,1,7,lane_first,False,tail:90,288,,,,,,,,,,,
163,2,91,91,328,182,1,7,lane_first,False,tail:91,288,,,,,,,,,,,
163,2,92,92,328,184,1,7,lane_first,False,tail:92,288,,,,,,,,,,,
163,2,93,93,328,186,1,7,lane_first,False,tail:93,288,,,,,,,,,,,
163,2,94,94,328,188,1,7,lane_first,False,tail:94,288,,,,,,,,,,,
163,2,95,95,328,190,1,7,lane_first,False,tail:95,288,,,,,,,,,,,
163,2,96,96,328,192,1,7,lane_first,False,tail:96,288,,,,,,,,,,,
163,2,97,97,328,194,1,7,lane_first,False,tail:97,292,,,,,,,,,,,
163,2,98,98,328,196,1,7,lane_first,False,tail:98,292,,,,,,,,,,,
163,2,99,99,328,198,1,7,lane_first,False,tail:99,292,,,,,,,,,,,
163,2,100,100,328,200,1,7,lane_first,False,tail:100,292,,,,,,,,,,,
163,2,101,101,328,202,1,7,lane_first,False,tail:101,292,,,,,,,,,,,
163,2,102,102,328,204,1,7,lane_first,False,tail:102,292,,,,,,,,,,,
163,2,103,103,328,206,1,7,lane_first,False,tail:103,292,,,,,,,,,,,
163,2,104,104,328,208,1,7,lane_first,False,tail:104,292,,,,,,,,,,,
163,2,105,105,328,210,1,7,lane_first,False,tail:105,292,,,,,,,,,,,
163,2,106,106,328,212,1,7,lane_first,False,tail:106,292,,,,,,,,,,,
163,2,107,107,328,214,1,7,lane_first,False,tail:107,292,,,,,,,,,,,
163,2,108,108,328,216,1,7,lane_first,False,tail:108,292,,,,,,,,,,,
163,2,109,109,328,218,1,7,lane_first,False,tail:109,292,,,,,,,,,,,
163,2,110,110,328,218,1,7,lane_first,False,tail:108,280,,,,,,,,,,,
163,2,111,111,328,217,1,7,lane_first,False,tail:106,280,,,,,,,,,,,
163,2,112,112,328,216,1,7,lane_first,False,tail:104,280,,,,,,,,,,,
163,2,113,113,328,215,1,7,lane_first,False,tail:102,280,,,,,,,,,,,
163,2,114,114,328,214,1,7,lane_first,False,tail:100,280,,,,,,,,,,,
163,2,115,115,328,213,1,7,lane_first,False,tail:98,280,,,,,,,,,,,
163,2,116,116,328,212,1,7,lane_first,False,tail:96,280,,,,,,,,,,,
163,2,117,117,328,211,1,7,lane_first,False,tail:94,280,,,,,,,,,,,
163,2,118,118,328,210,1,7,lane_first,False,tail:92,280,,,,,,,,,,,
163,2,119,119,328,209,1,7,lane_first,False,tail:90,280,,,,,,,,,,,
163,2,120,120,328,208,1,7,lane_first,False,tail:88,280,,,,,,,,,,,
163,2,121,121,328,207,1,7,lane_first,False,tail:86,280,,,,,,,,,,,
163,2,122,122,328,206,1,7,lane_first,False,tail:84,280,,,,,,,,,,,
163,2,123,123,328,205,1,7,lane_first,True,,280,1936200,363461814,1083052,280,199250,215798111000,303254560,1080080,h_u=2n,module_barriers,retain_all_square_workspace
163,2,124,124,328,204,1,7,lane_first,True,,280,1927148,361775670,1078522,280,199250,214895508500,301986160,1075550,h_u=2n,module_barriers,retain_all_square_workspace
163,2,125,125,328,203,1,7,lane_first,True,,280,1918096,360089526,1073992,280,199250,213992906000,300717760,1071020,h_u=2n,module_barriers,retain_all_square_workspace
163,2,126,126,328,202,1,7,lane_first,True,,280,1909044,358403382,1069462,280,199250,213090303500,299449360,1066490,h_u=2n,module_barriers,retain_all_square_workspace
163,2,127,127,328,201,1,7,lane_first,True,,280,1899992,356717238,1064932,280,199250,212187701000,298180960,1061960,h_u=2n,module_barriers,retain_all_square_workspace
163,2,128,128,328,200,1,7,lane_first,True,,280,1890940,355031094,1060402,280,199250,211285098500,296912560,1057430,h_u=2n,module_barriers,retain_all_square_workspace
163,2,129,129,328,199,1,8,lane_first,True,,300,1892760,355726846,1061960,300,214318,227597143280,318588000,1058988,h_u=2n,module_barriers,retain_all_square_workspace
163,2,130,130,328,198,1,8,lane_first,True,,304,1883708,354040702,1057430,304,217130,229599775900,321458720,1054458,h_u=2n,module_barriers,retain_all_square_workspace
163,2,131,131,328,197,1,8,lane_first,True,,308,1874656,352354558,1052900,308,219942,231576931800,324293200,1049928,h_u=2n,module_barriers,retain_all_square_workspace
163,2,132,132,328,196,1,8,lane_first,True,,304,1865604,350668414,1048370,304,217130,227632578100,318704480,1045398,h_u=2n,module_barriers,retain_all_square_workspace
163,2,133,133,328,195,1,8,lane_first,True,,308,1856552,348982270,1043840,308,219942,229584257280,321502720,1040868,h_u=2n,module_barriers,retain_all_square_workspace
163,2,134,134,328,194,1,8,lane_first,True,,308,1847500,347296126,1039310,308,219942,228587920020,320107480,1036338,h_u=2n,module_barriers,retain_all_square_workspace
163,2,135,135,328,193,1,8,lane_first,True,,308,1838448,345609982,1034780,308,219942,227591582760,318712240,1031808,h_u=2n,module_barriers,retain_all_square_workspace
163,2,136,136,328,192,1,8,lane_first,True,,308,1829396,343923838,1030250,308,219942,226595245500,317317000,1027278,h_u=2n,module_barriers,retain_all_square_workspace
163,2,137,137,328,191,1,8,lane_first,True,,312,1820344,342237694,1025720,312,222754,228483232880,320024640,1022748,h_u=2n,module_barriers,retain_all_square_workspace
163,2,138,138,328,190,1,8,lane_first,True,,312,1811292,340551550,1021190,312,222754,227474157260,318611280,1018218,h_u=2n,module_barriers,retain_all_square_workspace
163,2,139,139,328,189,1,8,lane_first,True,,312,1802240,338865406,1016660,312,222754,226465081640,317197920,1013688,h_u=2n,module_barriers,retain_all_square_workspace
163,2,140,140,328,188,1,8,lane_first,True,,312,1793188,337179262,1012130,312,222754,225456006020,315784560,1009158,h_u=2n,module_barriers,retain_all_square_workspace
163,2,141,141,328,187,1,8,lane_first,True,,312,1784136,335493118,1007600,312,222754,224446930400,314371200,1004628,h_u=2n,module_barriers,retain_all_square_workspace
163,2,142,142,328,186,1,8,lane_first,True,,312,1775084,333806974,1003070,312,222754,223437854780,312957840,1000098,h_u=2n,module_barriers,retain_all_square_workspace
163,2,143,143,328,185,1,8,lane_first,True,,312,1766032,332120830,998540,312,222754,222428779160,311544480,995568,h_u=2n,module_barriers,retain_all_square_workspace
163,2,144,144,328,184,1,8,lane_first,True,,312,1756980,330434686,994010,312,222754,221419703540,310131120,991038,h_u=2n,module_barriers,retain_all_square_workspace
163,2,145,145,328,183,1,8,lane_first,True,,316,1747928,328748542,989480,316,225566,223193045680,312675680,986508,h_u=2n,module_barriers,retain_all_square_workspace
163,2,146,146,328,182,1,8,lane_first,True,,316,1738876,327062398,984950,316,225566,222171231700,311244200,981978,h_u=2n,module_barriers,retain_all_square_workspace
163,2,147,147,328,181,1,8,lane_first,True,,316,1729824,325376254,980420,316,225566,221149417720,309812720,977448,h_u=2n,module_barriers,retain_all_square_workspace
163,2,148,148,328,180,1,8,lane_first,True,,312,1720772,323690110,975890,312,222754,217383401060,304477680,972918,h_u=2n,module_barriers,retain_all_square_workspace
163,2,149,149,328,179,1,8,lane_first,True,,312,1711720,322003966,971360,312,222754,216374325440,303064320,968388,h_u=2n,module_barriers,retain_all_square_workspace
163,2,150,150,328,178,1,8,lane_first,True,,312,1702668,320317822,966830,312,222754,215365249820,301650960,963858,h_u=2n,module_barriers,retain_all_square_workspace
163,2,151,151,328,177,1,8,lane_first,True,,312,1693616,318631678,962300,312,222754,214356174200,300237600,959328,h_u=2n,module_barriers,retain_all_square_workspace
163,2,152,152,328,176,1,8,lane_first,True,,312,1684564,316945534,957770,312,222754,213347098580,298824240,954798,h_u=2n,module_barriers,retain_all_square_workspace
163,2,153,153,328,175,1,8,lane_first,True,,312,1675512,315259390,953240,312,222754,212338022960,297410880,950268,h_u=2n,module_barriers,retain_all_square_workspace
163,2,154,154,328,174,1,8,lane_first,True,,312,1666460,313573246,948710,312,222754,211328947340,295997520,945738,h_u=2n,module_barriers,retain_all_square_workspace
163,2,155,155,328,173,1,8,lane_first,True,,312,1657408,311887102,944180,312,222754,210319871720,294584160,941208,h_u=2n,module_barriers,retain_all_square_workspace
163,2,156,156,328,172,1,8,lane_first,True,,308,1648356,310200958,939650,308,219942,206668500300,289412200,936678,h_u=2n,module_barriers,retain_all_square_workspace
163,2,157,157,328,171,1,8,lane_first,True,,308,1639304,308514814,935120,308,219942,205672163040,288016960,932148,h_u=2n,module_barriers,retain_all_square_workspace
163,2,158,158,328,170,1,8,lane_first,True,,308,1630252,306828670,930590,308,219942,204675825780,286621720,927618,h_u=2n,module_barriers,retain_all_square_workspace
163,2,159,159,328,169,1,8,lane_first,True,,308,1621200,305142526,926060,308,219942,203679488520,285226480,923088,h_u=2n,module_barriers,retain_all_square_workspace
163,2,160,160,328,168,1,8,lane_first,True,,304,1612148,303456382,921530,304,217130,200091808900,280145120,918558,h_u=2n,module_barriers,retain_all_square_workspace
163,2,161,161,328,167,1,8,lane_first,True,,308,1603096,301770238,917000,308,219942,201686814000,282436000,914028,h_u=2n,module_barriers,retain_all_square_workspace
163,2,162,162,328,166,1,8,lane_first,True,,304,1594044,300084094,912470,304,217130,198124611100,277390880,909498,h_u=2n,module_barriers,retain_all_square_workspace
163,2,163,163,328,165,1,8,lane_first,True,,300,1584992,298397950,907940,300,214318,194587884920,272382000,904968,h_u=2n,module_barriers,retain_all_square_workspace
163,2,164,164,328,164,0,8,lane_first,True,,276,1565068,294329906,897322,276,196362,176199942564,247660872,894350,h_u=2n,module_barriers,retain_all_square_workspace
163,2,165,165,328,165,0,8,lane_first,True,,276,1574120,296010842,902504,276,196362,177217490448,249091104,899532,h_u=2n,module_barriers,retain_all_square_workspace
163,2,166,166,328,166,0,8,lane_first,False,reduction:83,276,,,,,,,,,,,
163,2,167,167,328,167,0,8,lane_first,False,reduction:83,276,,,,,,,,,,,
163,2,168,168,328,168,0,8,lane_first,False,reduction:84,276,,,,,,,,,,,
163,2,169,169,328,169,0,8,lane_first,False,reduction:84,276,,,,,,,,,,,
163,2,170,170,328,170,0,8,lane_first,False,reduction:85,276,,,,,,,,,,,
163,2,171,171,328,171,0,8,lane_first,False,reduction:85,276,,,,,,,,,,,
163,2,172,172,328,172,0,8,lane_first,False,reduction:86,276,,,,,,,,,,,
163,2,173,173,328,173,0,8,lane_first,False,reduction:86,276,,,,,,,,,,,
163,2,174,174,328,174,0,8,lane_first,False,reduction:87,276,,,,,,,,,,,
163,2,175,175,328,175,0,8,lane_first,False,reduction:87,276,,,,,,,,,,,
163,2,176,176,328,176,0,8,lane_first,False,reduction:88,276,,,,,,,,,,,
163,2,177,177,328,177,0,8,lane_first,False,reduction:88,276,,,,,,,,,,,
163,2,178,178,328,178,0,8,lane_first,False,reduction:89,276,,,,,,,,,,,
163,2,179,179,328,179,0,8,lane_first,False,reduction:89,276,,,,,,,,,,,
163,2,180,180,328,180,0,8,lane_first,False,reduction:90,276,,,,,,,,,,,
163,2,181,181,328,181,0,8,lane_first,False,reduction:90,276,,,,,,,,,,,
163,2,182,182,328,182,0,8,lane_first,False,reduction:91,276,,,,,,,,,,,
163,2,183,183,328,183,0,8,lane_first,False,reduction:91,276,,,,,,,,,,,
163,2,184,184,328,184,0,8,lane_first,False,reduction:92,276,,,,,,,,,,,
163,2,185,185,328,185,0,8,lane_first,False,reduction:92,276,,,,,,,,,,,
163,2,186,186,328,186,0,8,lane_first,False,reduction:93,276,,,,,,,,,,,
163,2,187,187,328,187,0,8,lane_first,False,reduction:93,276,,,,,,,,,,,
163,2,188,188,328,188,0,8,lane_first,False,reduction:94,276,,,,,,,,,,,
163,2,189,189,328,189,0,8,lane_first,False,reduction:94,276,,,,,,,,,,,
163,2,190,190,328,190,0,8,lane_first,False,reduction:95,276,,,,,,,,,,,
163,2,191,191,328,191,0,8,lane_first,False,reduction:95,276,,,,,,,,,,,
163,2,192,192,328,192,0,8,lane_first,False,reduction:96,276,,,,,,,,,,,
163,2,193,193,328,193,0,8,lane_first,False,reduction:96,280,,,,,,,,,,,
163,2,194,194,328,194,0,8,lane_first,False,reduction:97,280,,,,,,,,,,,
163,2,195,195,328,195,0,8,lane_first,False,reduction:97,280,,,,,,,,,,,
163,2,196,196,328,196,0,8,lane_first,False,reduction:98,280,,,,,,,,,,,
163,2,197,197,328,197,0,8,lane_first,False,reduction:98,280,,,,,,,,,,,
163,2,198,198,328,198,0,8,lane_first,False,reduction:99,280,,,,,,,,,,,
163,2,199,199,328,199,0,8,lane_first,False,reduction:99,280,,,,,,,,,,,
163,2,200,200,328,200,0,8,lane_first,False,reduction:100,280,,,,,,,,,,,
163,2,201,201,328,201,0,8,lane_first,False,reduction:100,280,,,,,,,,,,,
163,2,202,202,328,202,0,8,lane_first,False,reduction:101,280,,,,,,,,,,,
163,2,203,203,328,203,0,8,lane_first,False,reduction:101,280,,,,,,,,,,,
163,2,204,204,328,204,0,8,lane_first,False,reduction:102,280,,,,,,,,,,,
163,2,205,205,328,205,0,8,lane_first,False,reduction:102,280,,,,,,,,,,,
163,2,206,206,328,206,0,8,lane_first,False,reduction:103,280,,,,,,,,,,,
163,2,207,207,328,207,0,8,lane_first,False,reduction:103,280,,,,,,,,,,,
163,2,208,208,328,208,0,8,lane_first,False,reduction:104,280,,,,,,,,,,,
163,2,209,209,328,209,0,8,lane_first,False,reduction:104,280,,,,,,,,,,,
163,2,210,210,328,210,0,8,lane_first,False,reduction:105,280,,,,,,,,,,,
163,2,211,211,328,211,0,8,lane_first,False,reduction:105,280,,,,,,,,,,,
163,2,212,212,328,212,0,8,lane_first,False,reduction:106,280,,,,,,,,,,,
163,2,213,213,328,213,0,8,lane_first,False,reduction:106,280,,,,,,,,,,,
163,2,214,214,328,214,0,8,lane_first,False,reduction:107,280,,,,,,,,,,,
163,2,215,215,328,215,0,8,lane_first,False,reduction:107,280,,,,,,,,,,,
163,2,216,216,328,216,0,8,lane_first,False,reduction:108,280,,,,,,,,,,,
163,2,217,217,328,217,0,8,lane_first,False,reduction:108,280,,,,,,,,,,,
163,2,218,218,328,218,0,8,lane_first,False,reduction:109,280,,,,,,,,,,,
163,2,219,219,328,219,0,8,lane_first,False,reduction:109,280,,,,,,,,,,,
163,2,220,220,328,220,0,8,lane_first,False,reduction:110,280,,,,,,,,,,,
163,2,221,221,328,221,0,8,lane_first,False,reduction:110,280,,,,,,,,,,,
163,2,222,222,328,222,0,8,lane_first,False,reduction:111,280,,,,,,,,,,,
163,2,223,223,328,223,0,8,lane_first,False,reduction:111,280,,,,,,,,,,,
163,2,224,224,328,224,0,8,lane_first,False,reduction:112,280,,,,,,,,,,,
163,2,225,225,328,225,0,8,lane_first,False,reduction:112,280,,,,,,,,,,,
163,2,226,226,328,226,0,8,lane_first,False,reduction:113,280,,,,,,,,,,,
163,2,227,227,328,227,0,8,lane_first,False,reduction:113,280,,,,,,,,,,,
163,2,228,228,328,228,0,8,lane_first,False,reduction:114,280,,,,,,,,,,,
163,2,229,229,328,229,0,8,lane_first,False,reduction:114,280,,,,,,,,,,,
163,2,230,230,328,230,0,8,lane_first,False,reduction:115,280,,,,,,,,,,,
163,2,231,231,328,231,0,8,lane_first,False,reduction:115,280,,,,,,,,,,,
163,2,232,232,328,232,0,8,lane_first,False,reduction:116,280,,,,,,,,,,,
163,2,233,233,328,233,0,8,lane_first,False,reduction:116,280,,,,,,,,,,,
163,2,234,234,328,234,0,8,lane_first,False,reduction:117,280,,,,,,,,,,,
163,2,235,235,328,235,0,8,lane_first,False,reduction:117,280,,,,,,,,,,,
163,2,236,236,328,236,0,8,lane_first,False,reduction:118,280,,,,,,,,,,,
163,2,237,237,328,237,0,8,lane_first,False,reduction:118,280,,,,,,,,,,,
163,2,238,238,328,238,0,8,lane_first,False,reduction:119,280,,,,,,,,,,,
163,2,239,239,328,239,0,8,lane_first,False,reduction:119,280,,,,,,,,,,,
163,2,240,240,328,240,0,8,lane_first,False,reduction:120,280,,,,,,,,,,,
163,2,241,241,328,241,0,8,lane_first,False,reduction:120,280,,,,,,,,,,,
163,2,242,242,328,242,0,8,lane_first,False,reduction:121,280,,,,,,,,,,,
163,2,243,243,328,243,0,8,lane_first,False,reduction:121,280,,,,,,,,,,,
163,2,244,244,328,244,0,8,lane_first,False,reduction:122,280,,,,,,,,,,,
163,2,245,245,328,245,0,8,lane_first,False,reduction:122,280,,,,,,,,,,,
163,2,246,246,328,246,0,8,lane_first,False,reduction:123,280,,,,,,,,,,,
163,2,247,247,328,247,0,8,lane_first,False,reduction:123,280,,,,,,,,,,,
163,2,248,248,328,248,0,8,lane_first,False,reduction:124,280,,,,,,,,,,,
163,2,249,249,328,249,0,8,lane_first,False,reduction:124,280,,,,,,,,,,,
163,2,250,250,328,250,0,8,lane_first,False,reduction:125,280,,,,,,,,,,,
163,2,251,251,328,251,0,8,lane_first,False,reduction:125,280,,,,,,,,,,,
163,2,252,252,328,252,0,8,lane_first,False,reduction:126,280,,,,,,,,,,,
163,2,253,253,328,253,0,8,lane_first,False,reduction:126,280,,,,,,,,,,,
163,2,254,254,328,254,0,8,lane_first,False,reduction:127,280,,,,,,,,,,,
163,2,255,255,328,255,0,8,lane_first,False,reduction:127,280,,,,,,,,,,,
163,2,256,256,328,256,0,8,lane_first,False,reduction:128,280,,,,,,,,,,,
163,2,257,257,328,257,0,9,lane_first,False,reduction:128,300,,,,,,,,,,,
163,2,258,258,328,258,0,9,lane_first,False,reduction:129,304,,,,,,,,,,,
163,2,259,259,328,259,0,9,lane_first,False,reduction:129,308,,,,,,,,,,,
163,2,260,260,328,260,0,9,lane_first,False,reduction:130,308,,,,,,,,,,,
163,2,261,261,328,261,0,9,lane_first,False,reduction:130,312,,,,,,,,,,,
163,2,262,262,328,262,0,9,lane_first,False,reduction:131,312,,,,,,,,,,,
163,2,263,263,328,263,0,9,lane_first,False,reduction:131,312,,,,,,,,,,,
163,2,264,264,328,264,0,9,lane_first,False,reduction:132,312,,,,,,,,,,,
163,2,265,265,328,265,0,9,lane_first,False,reduction:132,316,,,,,,,,,,,
163,2,266,266,328,266,0,9,lane_first,False,reduction:133,316,,,,,,,,,,,
163,2,267,267,328,267,0,9,lane_first,False,reduction:133,316,,,,,,,,,,,
163,2,268,268,328,268,0,9,lane_first,False,reduction:134,316,,,,,,,,,,,
163,2,269,269,328,269,0,9,lane_first,False,reduction:134,316,,,,,,,,,,,
163,2,270,270,328,270,0,9,lane_first,False,reduction:135,316,,,,,,,,,,,
163,2,271,271,328,271,0,9,lane_first,False,reduction:135,316,,,,,,,,,,,
163,2,272,272,328,272,0,9,lane_first,False,reduction:136,316,,,,,,,,,,,
163,2,273,273,328,273,0,9,lane_first,False,reduction:136,320,,,,,,,,,,,
163,2,274,274,328,274,0,9,lane_first,False,reduction:137,320,,,,,,,,,,,
163,2,275,275,328,275,0,9,lane_first,False,reduction:137,320,,,,,,,,,,,
163,2,276,276,328,276,0,9,lane_first,False,reduction:138,320,,,,,,,,,,,
163,2,277,277,328,277,0,9,lane_first,False,reduction:138,320,,,,,,,,,,,
163,2,278,278,328,278,0,9,lane_first,False,reduction:139,320,,,,,,,,,,,
163,2,279,279,328,279,0,9,lane_first,False,reduction:139,320,,,,,,,,,,,
163,2,280,280,328,280,0,9,lane_first,False,reduction:140,320,,,,,,,,,,,
163,2,281,281,328,281,0,9,lane_first,False,reduction:140,320,,,,,,,,,,,
163,2,282,282,328,282,0,9,lane_first,False,reduction:141,320,,,,,,,,,,,
163,2,283,283,328,283,0,9,lane_first,False,reduction:141,320,,,,,,,,,,,
163,2,284,284,328,284,0,9,lane_first,False,reduction:142,320,,,,,,,,,,,
163,2,285,285,328,285,0,9,lane_first,False,reduction:142,320,,,,,,,,,,,
163,2,286,286,328,286,0,9,lane_first,False,reduction:143,320,,,,,,,,,,,
163,2,287,287,328,287,0,9,lane_first,False,reduction:143,320,,,,,,,,,,,
163,2,288,288,328,288,0,9,lane_first,False,reduction:144,320,,,,,,,,,,,
163,2,289,289,328,289,0,9,lane_first,False,reduction:144,324,,,,,,,,,,,
163,2,290,290,328,290,0,9,lane_first,False,reduction:145,324,,,,,,,,,,,
163,2,291,291,328,291,0,9,lane_first,False,reduction:145,324,,,,,,,,,,,
163,2,292,292,328,292,0,9,lane_first,False,reduction:146,324,,,,,,,,,,,
163,2,293,293,328,293,0,9,lane_first,False,reduction:146,324,,,,,,,,,,,
163,2,294,294,328,294,0,9,lane_first,False,reduction:147,324,,,,,,,,,,,
163,2,295,295,328,295,0,9,lane_first,False,reduction:147,324,,,,,,,,,,,
163,2,296,296,328,296,0,9,lane_first,False,reduction:148,324,,,,,,,,,,,
163,2,297,297,328,297,0,9,lane_first,False,reduction:148,324,,,,,,,,,,,
163,2,298,298,328,298,0,9,lane_first,False,reduction:149,324,,,,,,,,,,,
163,2,299,299,328,299,0,9,lane_first,False,reduction:149,324,,,,,,,,,,,
163,2,300,300,328,300,0,9,lane_first,False,reduction:150,324,,,,,,,,,,,
163,2,301,301,328,301,0,9,lane_first,False,reduction:150,324,,,,,,,,,,,
163,2,302,302,328,302,0,9,lane_first,False,reduction:151,324,,,,,,,,,,,
163,2,303,303,328,303,0,9,lane_first,False,reduction:151,324,,,,,,,,,,,
163,2,304,304,328,304,0,9,lane_first,False,reduction:152,324,,,,,,,,,,,
163,2,305,305,328,305,0,9,lane_first,False,reduction:152,324,,,,,,,,,,,
163,2,306,306,328,306,0,9,lane_first,False,reduction:153,324,,,,,,,,,,,
163,2,307,307,328,307,0,9,lane_first,False,reduction:153,324,,,,,,,,,,,
163,2,308,308,328,308,0,9,lane_first,False,reduction:154,324,,,,,,,,,,,
163,2,309,309,328,309,0,9,lane_first,False,reduction:154,324,,,,,,,,,,,
163,2,310,310,328,310,0,9,lane_first,False,reduction:155,324,,,,,,,,,,,
163,2,311,311,328,311,0,9,lane_first,False,reduction:155,324,,,,,,,,,,,
163,2,312,312,328,312,0,9,lane_first,False,reduction:156,324,,,,,,,,,,,
163,2,313,313,328,313,0,9,lane_first,False,reduction:156,324,,,,,,,,,,,
163,2,314,314,328,314,0,9,lane_first,False,reduction:157,324,,,,,,,,,,,
163,2,315,315,328,315,0,9,lane_first,False,reduction:157,324,,,,,,,,,,,
163,2,316,316,328,316,0,9,lane_first,False,reduction:158,324,,,,,,,,,,,
163,2,317,317,328,317,0,9,lane_first,False,reduction:158,324,,,,,,,,,,,
163,2,318,318,328,318,0,9,lane_first,False,reduction:159,324,,,,,,,,,,,
163,2,319,319,328,319,0,9,lane_first,False,reduction:159,324,,,,,,,,,,,
163,2,320,320,328,320,0,9,lane_first,False,reduction:160,324,,,,,,,,,,,
163,2,321,321,328,321,0,9,lane_first,False,reduction:160,328,,,,,,,,,,,
163,2,322,322,328,322,0,9,lane_first,False,reduction:161,328,,,,,,,,,,,
163,2,323,323,328,323,0,9,lane_first,False,reduction:161,328,,,,,,,,,,,
163,2,324,324,328,324,0,9,lane_first,False,reduction:162,328,,,,,,,,,,,
163,2,325,325,328,325,0,9,lane_first,False,reduction:162,328,,,,,,,,,,,
163,2,326,326,328,326,0,9,lane_first,False,reduction:163,328,,,,,,,,,,,
163,2,327,327,328,327,0,9,lane_first,False,reduction:163,328,,,,,,,,,,,
163,2,328,328,328,328,0,9,lane_first,False,reduction:164,320,,,,,,,,,,,
163,3,1,1,328,110,109,0,lane_first,True,,6524,2176932,446106834,1196848,6524,1712216,2049262295168,7808236352,1193876,h_u=2n,module_barriers,retain_all_square_workspace
163,3,2,2,328,110,54,1,lane_first,True,,3472,1589812,317462522,868422,3472,1012770,879511748940,3015161184,865450,h_u=2n,module_barriers,retain_all_square_workspace
163,3,3,3,328,111,36,2,lane_first,True,,2484,1414020,278635522,770108,2484,796502,613392562216,1912948272,767136,h_u=2n,module_barriers,retain_all_square_workspace
163,3,4,4,328,112,27,2,lane_first,True,,1864,1325204,258863730,720498,1864,607504,437705416992,1343008272,717526,h_u=2n,module_barriers,retain_all_square_workspace
163,3,5,5,328,110,21,3,lane_first,True,,1600,1252732,243580634,680672,1600,554416,377375447552,1089075200,677700,h_u=2n,module_barriers,retain_all_square_workspace
163,3,6,6,328,112,18,3,lane_first,True,,1344,1238196,239779870,672446,1344,481596,323847303816,903767424,669474,h_u=2n,module_barriers,retain_all_square_workspace
163,3,7,7,328,112,15,3,lane_first,True,,1148,1205516,232596398,654508,1148,415046,271650927368,751375184,651536,h_u=2n,module_barriers,retain_all_square_workspace
163,3,8,8,328,112,13,3,lane_first,True,,1004,1183740,227810454,642658,1004,366846,235756516668,645228632,639686,h_u=2n,module_barriers,retain_all_square_workspace
163,3,9,9,328,112,12,4,lane_first,True,,980,1183788,227827386,642984,980,385762,248038793808,630124320,640012,h_u=2n,module_barriers,retain_all_square_workspace
163,3,10,10,328,110,10,4,lane_first,True,,880,1143932,219689994,621422,880,340894,211839031268,546851360,618450,h_u=2n,module_barriers,retain_all_square_workspace
163,3,11,11,328,110,9,4,lane_first,True,,808,1133044,217293766,615660,808,316794,195037394040,497453280,612688,h_u=2n,module_barriers,retain_all_square_workspace
163,3,12,12,328,112,9,4,lane_first,True,,760,1151124,220638702,625698,760,310650,194373083700,475530480,622726,h_u=2n,module_barriers,retain_all_square_workspace
163,3,13,13,328,117,8,4,lane_first,True,,708,1185412,226609374,644216,708,292300,188304336800,456104928,641244,h_u=2n,module_barriers,retain_all_square_workspace
163,3,14,14,328,112,7,4,lane_first,True,,660,1129284,215814986,614174,660,265736,163208142064,405354840,611202,h_u=2n,module_barriers,retain_all_square_workspace
163,3,15,15,328,118,7,4,lane_first,True,,620,1183572,225886266,643636,620,265216,170702565376,399054320,640664,h_u=2n,module_barriers,retain_all_square_workspace
163,3,16,16,328,112,6,4,lane_first,True,,584,1118380,213404430,608738,584,238824,145381244112,355502992,605766,h_u=2n,module_barriers,retain_all_square_workspace
163,3,17,17,328,119,6,5,lane_first,True,,600,1192540,227513790,649144,600,270416,175538923904,389486400,646172,h_u=2n,module_barriers,retain_all_square_workspace
163,3,18,18,328,112,6,5,lane_first,True,,580,1129284,215788934,615478,580,264620,162867788360,356977240,612506,h_u=2n,module_barriers,retain_all_square_workspace
163,3,19,19,328,114,5,5,lane_first,True,,556,1136364,216689442,619428,556,246664,152790588192,344401968,616456,h_u=2n,module_barriers,retain_all_square_workspace
163,3,20,20,328,120,5,5,lane_first,True,,528,1190636,226752906,648890,528,246316,159831989240,342613920,645918,h_u=2n,module_barriers,retain_all_square_workspace
163,3,21,21,328,118,5,5,lane_first,True,,516,1172604,223418394,639504,516,246144,157410072576,329984064,636532,h_u=2n,module_barriers,retain_all_square_workspace
163,3,22,22,328,110,4,5,lane_first,True,,480,1089380,207608558,594894,480,219752,130729146288,285549120,591922,h_u=2n,module_barriers,retain_all_square_workspace
163,3,23,23,328,115,4,5,lane_first,True,,480,1134444,215914230,619500,480,219752,136136364000,297360000,616528,h_u=2n,module_barriers,retain_all_square_workspace
163,3,24,24,328,120,4,5,lane_first,True,,452,1179636,224282430,644106,452,219404,141319432824,291135912,641134,h_u=2n,module_barriers,retain_all_square_workspace
163,3,25,25,328,125,4,5,lane_first,True,,456,1224924,232697530,668712,456,222170,148567745040,304932672,665740,h_u=2n,module_barriers,retain_all_square_workspace
163,3,26,26,328,120,4,5,lane_first,True,,440,1179732,224316306,644758,440,219186,141321926988,283693520,641786,h_u=2n,module_barriers,retain_all_square_workspace
163,3,27,27,328,112,4,5,lane_first,True,,432,1107396,210896186,606236,432,213562,129468972632,261893952,603264,h_u=2n,module_barriers,retain_all_square_workspace
163,3,28,28,328,112,3,5,lane_first,True,,404,1096444,208468694,600474,404,192794,115767784356,242591496,597502,h_u=2n,module_barriers,retain_all_square_workspace
163,3,29,29,328,116,3,5,lane_first,True,,404,1132492,215110366,620224,404,192794,119575465856,250570496,617252,h_u=2n,module_barriers,retain_all_square_workspace
163,3,30,30,328,120,3,5,lane_first,True,,376,1168572,221767670,639974,376,192446,123160436404,240630224,637002,h_u=2n,module_barriers,retain_all_square_workspace
163,3,31,31,328,124,3,5,lane_first,True,,376,1204796,228495318,659724,376,192446,126961244904,248056224,656752,h_u=2n,module_barriers,retain_all_square_workspace
163,3,32,32,328,128,3,5,lane_first,True,,376,1241020,235222966,679474,376,192446,130762053404,255482224,676502,h_u=2n,module_barriers,retain_all_square_workspace
163,3,33,33,328,130,3,6,lane_first,True,,392,1270020,240973246,695600,392,212966,148139149600,272675200,692628,h_u=2n,module_barriers,retain_all_square_workspace
163,3,34,34,328,124,3,6,lane_first,True,,396,1215764,230904574,666790,396,215778,143878612620,264048840,663818,h_u=2n,module_barriers,retain_all_square_workspace
163,3,35,35,328,118,3,6,lane_first,True,,396,1161508,220835902,637980,396,215778,137662048440,252640080,635008,h_u=2n,module_barriers,retain_all_square_workspace
163,3,36,36,328,112,3,6,lane_first,True,,388,1107252,210767230,609170,388,210154,128019512180,236357960,606198,h_u=2n,module_barriers,retain_all_square_workspace
163,3,37,37,328,111,2,6,lane_first,True,,364,1087284,206675738,598552,364,192198,115040497296,217872928,595580,h_u=2n,module_barriers,retain_all_square_workspace
163,3,38,38,328,114,2,6,lane_first,True,,364,1114316,211653410,613446,364,192198,117903094308,223294344,610474,h_u=2n,module_barriers,retain_all_square_workspace
163,3,39,39,328,117,2,6,lane_first,True,,364,1141348,216631082,628340,364,192198,120765691320,228715760,625368,h_u=2n,module_barriers,retain_all_square_workspace
163,3,40,40,328,120,2,6,lane_first,True,,364,1168380,221608754,643234,364,192198,123628288332,234137176,640262,h_u=2n,module_barriers,retain_all_square_workspace
163,3,41,41,328,123,2,6,lane_first,True,,340,1195412,226586426,658128,340,194662,128112512736,223763520,655156,h_u=2n,module_barriers,retain_all_square_workspace
163,3,42,42,328,126,2,6,lane_first,True,,340,1222572,231626626,673022,340,194662,131011808564,228827480,670050,h_u=2n,module_barriers,retain_all_square_workspace
163,3,43,43,328,129,2,6,lane_first,True,,340,1249732,236666826,687916,340,194662,133911104392,233891440,684944,h_u=2n,module_barriers,retain_all_square_workspace
163,3,44,44,328,132,2,6,lane_first,True,,340,1276892,241707026,702810,340,194662,136810400220,238955400,699838,h_u=2n,module_barriers,retain_all_square_workspace
163,3,45,45,328,135,2,6,lane_first,True,,340,1304052,246747226,717704,340,194662,139709696048,244019360,714732,h_u=2n,module_barriers,retain_all_square_workspace
163,3,46,46,328,138,2,6,lane_first,True,,340,1331212,251787426,732598,340,194662,142608991876,249083320,729626,h_u=2n,module_barriers,retain_all_square_workspace
163,3,47,47,328,140,2,6,lane_first,True,,328,1349324,255147994,742636,328,194490,144435275640,243584608,739664,h_u=2n,module_barriers,retain_all_square_workspace
163,3,48,48,328,136,2,6,lane_first,True,,328,1313148,248430770,723538,328,194490,140720905620,237320464,720566,h_u=2n,module_barriers,retain_all_square_workspace
163,3,49,49,328,132,2,6,lane_first,True,,332,1276972,241713550,704440,332,197256,138955016640,233874080,701468,h_u=2n,module_barriers,retain_all_square_workspace
163,3,50,50,328,128,2,6,lane_first,True,,328,1240796,234996326,685342,328,194444,133260639848,224792176,682370,h_u=2n,module_barriers,retain_all_square_workspace
163,3,51,51,328,124,2,6,lane_first,True,,328,1204620,228279102,666244,328,194444,129547148336,218528032,663272,h_u=2n,module_barriers,retain_all_square_workspace
163,3,52,52,328,120,2,6,lane_first,True,,324,1168444,221561878,647146,324,191632,124013882272,209675304,644174,h_u=2n,module_barriers,retain_all_square_workspace
163,3,53,53,328,116,2,6,lane_first,True,,324,1132268,214844654,628048,324,191632,120354094336,203487552,625076,h_u=2n,module_barriers,retain_all_square_workspace
163,3,54,54,328,112,2,6,lane_first,True,,316,1096092,208127430,608950,316,186008,113269571600,192428200,605978,h_u=2n,module_barriers,retain_all_square_workspace
163,3,55,55,328,110,1,6,lane_first,True,,288,1067108,202371938,593476,288,165240,98065974240,170921088,590504,h_u=2n,module_barriers,retain_all_square_workspace
163,3,56,56,328,112,1,6,lane_first,True,,288,1085124,205685610,603514,288,165240,99724653360,173812032,600542,h_u=2n,module_barriers,retain_all_square_workspace
163,3,57,57,328,114,1,6,lane_first,True,,288,1103140,208999282,613552,288,165240,101383332480,176702976,610580,h_u=2n,module_barriers,retain_all_square_workspace
163,3,58,58,328,116,1,6,lane_first,True,,288,1121156,212312954,623590,288,165240,103042011600,179593920,620618,h_u=2n,module_barriers,retain_all_square_workspace
163,3,59,59,328,118,1,6,lane_first,True,,288,1139172,215626626,633628,288,165240,104700690720,182484864,630656,h_u=2n,module_barriers,retain_all_square_workspace
163,3,60,60,328,120,1,6,lane_first,True,,288,1157188,218940298,643666,288,165240,106359369840,185375808,640694,h_u=2n,module_barriers,retain_all_square_workspace
163,3,61,61,328,122,1,6,lane_first,True,,288,1175204,222253970,653704,288,165240,108018048960,188266752,650732,h_u=2n,module_barriers,retain_all_square_workspace
163,3,62,62,328,124,1,6,lane_first,True,,288,1193220,225567642,663742,288,165240,109676728080,191157696,660770,h_u=2n,module_barriers,retain_all_square_workspace
163,3,63,63,328,126,1,6,lane_first,True,,288,1211236,228881314,673780,288,165240,111335407200,194048640,670808,h_u=2n,module_barriers,retain_all_square_workspace
163,3,64,64,328,128,1,6,lane_first,True,,288,1229252,232194986,683818,288,165240,112994086320,196939584,680846,h_u=2n,module_barriers,retain_all_square_workspace
163,3,65,65,328,130,1,7,lane_first,True,,312,1258140,237890554,699944,312,183120,128173745280,218382528,696972,h_u=2n,module_barriers,retain_all_square_workspace
163,3,66,66,328,132,1,7,lane_first,True,,288,1276188,241219858,709982,288,185584,131761299488,204474816,707010,h_u=2n,module_barriers,retain_all_square_workspace
163,3,67,67,328,134,1,7,lane_first,True,,292,1294284,244572610,720020,292,188396,135648887920,210245840,717048,h_u=2n,module_barriers,retain_all_square_workspace
163,3,68,68,328,136,1,7,lane_first,True,,292,1312380,247925362,730058,292,188396,137540006968,213176936,727086,h_u=2n,module_barriers,retain_all_square_workspace
163,3,69,69,328,138,1,7,lane_first,True,,296,1330476,251278114,740096,296,191208,141512275968,219068416,737124,h_u=2n,module_barriers,retain_all_square_workspace
163,3,70,70,328,140,1,7,lane_first,True,,296,1348572,254630866,750134,296,191208,143431621872,222039664,747162,h_u=2n,module_barriers,retain_all_square_workspace
163,3,71,71,328,142,1,7,lane_first,True,,296,1366668,257983618,760172,296,191208,145350967776,225010912,757200,h_u=2n,module_barriers,retain_all_square_workspace
163,3,72,72,328,144,1,7,lane_first,True,,296,1384764,261336370,770210,296,191208,147270313680,227982160,767238,h_u=2n,module_barriers,retain_all_square_workspace
163,3,73,73,328,146,1,7,lane_first,True,,300,1402860,264689122,780248,300,194020,151383716960,234074400,777276,h_u=2n,module_barriers,retain_all_square_workspace
163,3,74,74,328,148,1,7,lane_first,True,,300,1420956,268041874,790286,300,194020,153331289720,237085800,787314,h_u=2n,module_barriers,retain_all_square_workspace
163,3,75,75,328,150,1,7,lane_first,True,,300,1439052,271394626,800324,300,194020,155278862480,240097200,797352,h_u=2n,module_barriers,retain_all_square_workspace
163,3,76,76,328,152,1,7,lane_first,True,,300,1457148,274747378,810362,300,194020,157226435240,243108600,807390,h_u=2n,module_barriers,retain_all_square_workspace
163,3,77,77,328,154,1,7,lane_first,True,,300,1475244,278100130,820400,300,194020,159174008000,246120000,817428,h_u=2n,module_barriers,retain_all_square_workspace
163,3,78,78,328,156,1,7,lane_first,True,,300,1493340,281452882,830438,300,194020,161121580760,249131400,827466,h_u=2n,module_barriers,retain_all_square_workspace
163,3,79,79,328,158,1,7,lane_first,True,,300,1511436,284805634,840476,300,194020,163069153520,252142800,837504,h_u=2n,module_barriers,retain_all_square_workspace
163,3,80,80,328,160,1,7,lane_first,True,,300,1529532,288158386,850514,300,194020,165016726280,255154200,847542,h_u=2n,module_barriers,retain_all_square_workspace
163,3,81,81,328,162,1,7,lane_first,True,,304,1547628,291511138,860552,304,196832,169384171264,261607808,857580,h_u=2n,module_barriers,retain_all_square_workspace
163,3,82,82,328,164,1,7,lane_first,True,,292,1565724,294863890,870590,292,196660,171210229400,254212280,867618,h_u=2n,module_barriers,retain_all_square_workspace
163,3,83,83,328,162,1,7,lane_first,True,,292,1547628,291498114,861204,292,196660,169364378640,251471568,858232,h_u=2n,module_barriers,retain_all_square_workspace
163,3,84,84,328,160,1,7,lane_first,True,,292,1529532,288132338,851818,292,196660,167518527880,248730856,848846,h_u=2n,module_barriers,retain_all_square_workspace
163,3,85,85,328,158,1,7,lane_first,True,,292,1511436,284766562,842432,292,196660,165672677120,245990144,839460,h_u=2n,module_barriers,retain_all_square_workspace
163,3,86,86,328,156,1,7,lane_first,True,,292,1493340,281400786,833046,292,196660,163826826360,243249432,830074,h_u=2n,module_barriers,retain_all_square_workspace
163,3,87,87,328,154,1,7,lane_first,True,,292,1475244,278035010,823660,292,196660,161980975600,240508720,820688,h_u=2n,module_barriers,retain_all_square_workspace
163,3,88,88,328,152,1,7,lane_first,True,,288,1457148,274669234,814274,288,193848,157845386352,234510912,811302,h_u=2n,module_barriers,retain_all_square_workspace
163,3,89,89,328,150,1,7,lane_first,True,,288,1439052,271303458,804888,288,193848,156025929024,231807744,801916,h_u=2n,module_barriers,retain_all_square_workspace
163,3,90,90,328,148,1,7,lane_first,True,,288,1420956,267937682,795502,288,193848,154206471696,229104576,792530,h_u=2n,module_barriers,retain_all_square_workspace
163,3,91,91,328,146,1,7,lane_first,True,,288,1402860,264571906,786116,288,193848,152387014368,226401408,783144,h_u=2n,module_barriers,retain_all_square_workspace
163,3,92,92,328,144,1,7,lane_first,True,,288,1384764,261206130,776730,288,193848,150567557040,223698240,773758,h_u=2n,module_barriers,retain_all_square_workspace
163,3,93,93,328,142,1,7,lane_first,True,,288,1366668,257840354,767344,288,193848,148748099712,220995072,764372,h_u=2n,module_barriers,retain_all_square_workspace
163,3,94,94,328,140,1,7,lane_first,True,,288,1348572,254474578,757958,288,193848,146928642384,218291904,754986,h_u=2n,module_barriers,retain_all_square_workspace
163,3,95,95,328,138,1,7,lane_first,True,,288,1330476,251108802,748572,288,193848,145109185056,215588736,745600,h_u=2n,module_barriers,retain_all_square_workspace
163,3,96,96,328,136,1,7,lane_first,True,,288,1312380,247743026,739186,288,193848,143289727728,212885568,736214,h_u=2n,module_barriers,retain_all_square_workspace
163,3,97,97,328,134,1,7,lane_first,True,,292,1294284,244377254,729800,292,196614,143488897200,213101600,726828,h_u=2n,module_barriers,retain_all_square_workspace
163,3,98,98,328,132,1,7,lane_first,True,,292,1276188,241011478,720414,292,196614,141643478196,210360888,717442,h_u=2n,module_barriers,retain_all_square_workspace
163,3,99,99,328,130,1,7,lane_first,True,,288,1258092,237645702,711028,288,193802,137798648456,204776064,708056,h_u=2n,module_barriers,retain_all_square_workspace
163,3,100,100,328,128,1,7,lane_first,True,,288,1239996,234279926,701642,288,193802,135979622884,202072896,698670,h_u=2n,module_barriers,retain_all_square_workspace
163,3,101,101,328,126,1,7,lane_first,True,,288,1221900,230914150,692256,288,193802,134160597312,199369728,689284,h_u=2n,module_barriers,retain_all_square_workspace
163,3,102,102,328,124,1,7,lane_first,True,,288,1203804,227548374,682870,288,193802,132341571740,196666560,679898,h_u=2n,module_barriers,retain_all_square_workspace
163,3,103,103,328,122,1,7,lane_first,True,,288,1185708,224182598,673484,288,193802,130522546168,193963392,670512,h_u=2n,module_barriers,retain_all_square_workspace
163,3,104,104,328,120,1,7,lane_first,True,,284,1167612,220816822,664098,284,190990,126836077020,188603832,661126,h_u=2n,module_barriers,retain_all_square_workspace
163,3,105,105,328,118,1,7,lane_first,True,,284,1149516,217451046,654712,284,190990,125043444880,185938208,651740,h_u=2n,module_barriers,retain_all_square_workspace
163,3,106,106,328,116,1,7,lane_first,True,,284,1131420,214085270,645326,284,190990,123250812740,183272584,642354,h_u=2n,module_barriers,retain_all_square_workspace
163,3,107,107,328,114,1,7,lane_first,True,,280,1113324,210719494,635940,280,188178,119669917320,178063200,632968,h_u=2n,module_barriers,retain_all_square_workspace
163,3,108,108,328,112,1,7,lane_first,True,,276,1095228,207353718,626554,276,185366,116141808764,172928904,623582,h_u=2n,module_barriers,retain_all_square_workspace
163,3,109,109,328,110,1,7,lane_first,True,,268,1077132,203987938,617168,268,179788,110959400384,165401024,614196,h_u=2n,module_barriers,retain_all_square_workspace
163,3,110,110,328,110,0,7,lane_first,True,,248,1066252,201599530,611406,248,164598,100636204788,151628688,608434,h_u=2n,module_barriers,retain_all_square_workspace
163,3,111,111,328,111,0,7,lane_first,True,,248,1075288,203272650,616588,248,164598,101489151624,152913824,613616,h_u=2n,module_barriers,retain_all_square_workspace
163,3,112,112,328,112,0,7,lane_first,True,,248,1084324,204945770,621770,248,164598,102342098460,154198960,618798,h_u=2n,module_barriers,retain_all_square_workspace
163,3,113,113,328,113,0,7,lane_first,True,,248,1093360,206618890,626952,248,164598,103195045296,155484096,623980,h_u=2n,module_barriers,retain_all_square_workspace
163,3,114,114,328,114,0,7,lane_first,True,,248,1102396,208292010,632134,248,164598,104047992132,156769232,629162,h_u=2n,module_barriers,retain_all_square_workspace
163,3,115,115,328,115,0,7,lane_first,True,,248,1111432,209965130,637316,248,164598,104900938968,158054368,634344,h_u=2n,module_barriers,retain_all_square_workspace
163,3,116,116,328,116,0,7,lane_first,True,,248,1120468,211638250,642498,248,164598,105753885804,159339504,639526,h_u=2n,module_barriers,retain_all_square_workspace
163,3,117,117,328,117,0,7,lane_first,True,,248,1129504,213311370,647680,248,164598,106606832640,160624640,644708,h_u=2n,module_barriers,retain_all_square_workspace
163,3,118,118,328,118,0,7,lane_first,True,,248,1138540,214984490,652862,248,164598,107459779476,161909776,649890,h_u=2n,module_barriers,retain_all_square_workspace
163,3,119,119,328,119,0,7,lane_first,True,,248,1147576,216657610,658044,248,164598,108312726312,163194912,655072,h_u=2n,module_barriers,retain_all_square_workspace
163,3,120,120,328,120,0,7,lane_first,True,,248,1156612,218330730,663226,248,164598,109165673148,164480048,660254,h_u=2n,module_barriers,retain_all_square_workspace
163,3,121,121,328,121,0,7,lane_first,True,,248,1165648,220003850,668408,248,164598,110018619984,165765184,665436,h_u=2n,module_barriers,retain_all_square_workspace
163,3,122,122,328,122,0,7,lane_first,True,,248,1174684,221676970,673590,248,164598,110871566820,167050320,670618,h_u=2n,module_barriers,retain_all_square_workspace
163,3,123,123,328,123,0,7,lane_first,True,,248,1183720,223350090,678772,248,164598,111724513656,168335456,675800,h_u=2n,module_barriers,retain_all_square_workspace
163,3,124,124,328,124,0,7,lane_first,True,,248,1192756,225023210,683954,248,164598,112577460492,169620592,680982,h_u=2n,module_barriers,retain_all_square_workspace
163,3,125,125,328,125,0,7,lane_first,True,,248,1201792,226696330,689136,248,164598,113430407328,170905728,686164,h_u=2n,module_barriers,retain_all_square_workspace
163,3,126,126,328,126,0,7,lane_first,True,,248,1210828,228369450,694318,248,164598,114283354164,172190864,691346,h_u=2n,module_barriers,retain_all_square_workspace
163,3,127,127,328,127,0,7,lane_first,True,,248,1219864,230042570,699500,248,164598,115136301000,173476000,696528,h_u=2n,module_barriers,retain_all_square_workspace
163,3,128,128,328,128,0,7,lane_first,True,,248,1228900,231715690,704682,248,164598,115989247836,174761136,701710,h_u=2n,module_barriers,retain_all_square_workspace
163,3,129,129,328,129,0,8,lane_first,True,,268,1248808,235770706,715952,268,179666,128632232032,191875136,712980,h_u=2n,module_barriers,retain_all_square_workspace
163,3,130,130,328,130,0,8,lane_first,True,,272,1257844,237443826,721134,272,182478,131591090052,196148448,718162,h_u=2n,module_barriers,retain_all_square_workspace
163,3,131,131,328,131,0,8,lane_first,True,,276,1266880,239116946,726316,276,185290,134579091640,200463216,723344,h_u=2n,module_barriers,retain_all_square_workspace
163,3,132,132,328,132,0,8,lane_first,True,,276,1275916,240790066,731498,276,185290,135539264420,201893448,728526,h_u=2n,module_barriers,retain_all_square_workspace
163,3,133,133,328,133,0,8,lane_first,True,,280,1284952,242463186,736680,280,188102,138570981360,206270400,733708,h_u=2n,module_barriers,retain_all_square_workspace
163,3,134,134,328,134,0,8,lane_first,True,,280,1293988,244136306,741862,280,188102,139545725924,207721360,738890,h_u=2n,module_barriers,retain_all_square_workspace
163,3,135,135,328,135,0,8,lane_first,True,,280,1303024,245809426,747044,280,188102,140520470488,209172320,744072,h_u=2n,module_barriers,retain_all_square_workspace
163,3,136,136,328,136,0,8,lane_first,True,,280,1312060,247482546,752226,280,188102,141495215052,210623280,749254,h_u=2n,module_barriers,retain_all_square_workspace
163,3,137,137,328,137,0,8,lane_first,True,,284,1321096,249155666,757408,284,190914,144599790912,215103872,754436,h_u=2n,module_barriers,retain_all_square_workspace
163,3,138,138,328,138,0,8,lane_first,True,,284,1330132,250828786,762590,284,190914,145589107260,216575560,759618,h_u=2n,module_barriers,retain_all_square_workspace
163,3,139,139,328,139,0,8,lane_first,True,,284,1339168,252501906,767772,284,190914,146578423608,218047248,764800,h_u=2n,module_barriers,retain_all_square_workspace
163,3,140,140,328,140,0,8,lane_first,True,,284,1348204,254175026,772954,284,190914,147567739956,219518936,769982,h_u=2n,module_barriers,retain_all_square_workspace
163,3,141,141,328,141,0,8,lane_first,True,,284,1357240,255848146,778136,284,190914,148557056304,220990624,775164,h_u=2n,module_barriers,retain_all_square_workspace
163,3,142,142,328,142,0,8,lane_first,True,,284,1366276,257521266,783318,284,190914,149546372652,222462312,780346,h_u=2n,module_barriers,retain_all_square_workspace
163,3,143,143,328,143,0,8,lane_first,True,,284,1375312,259194386,788500,284,190914,150535689000,223934000,785528,h_u=2n,module_barriers,retain_all_square_workspace
163,3,144,144,328,144,0,8,lane_first,True,,284,1384348,260867506,793682,284,190914,151525005348,225405688,790710,h_u=2n,module_barriers,retain_all_square_workspace
163,3,145,145,328,145,0,8,lane_first,True,,288,1393384,262540626,798864,288,193726,154760727264,230072832,795892,h_u=2n,module_barriers,retain_all_square_workspace
163,3,146,146,328,146,0,8,lane_first,True,,288,1402420,264213746,804046,288,193726,155764615396,231565248,801074,h_u=2n,module_barriers,retain_all_square_workspace
163,3,147,147,328,147,0,8,lane_first,True,,288,1411456,265886866,809228,288,193726,156768503528,233057664,806256,h_u=2n,module_barriers,retain_all_square_workspace
163,3,148,148,328,148,0,8,lane_first,True,,288,1420492,267559986,814410,288,193726,157772391660,234550080,811438,h_u=2n,module_barriers,retain_all_square_workspace
163,3,149,149,328,149,0,8,lane_first,True,,288,1429528,269233106,819592,288,193726,158776279792,236042496,816620,h_u=2n,module_barriers,retain_all_square_workspace
163,3,150,150,328,150,0,8,lane_first,True,,288,1438564,270906226,824774,288,193726,159780167924,237534912,821802,h_u=2n,module_barriers,retain_all_square_workspace
163,3,151,151,328,151,0,8,lane_first,True,,288,1447600,272579346,829956,288,193726,160784056056,239027328,826984,h_u=2n,module_barriers,retain_all_square_workspace
163,3,152,152,328,152,0,8,lane_first,True,,288,1456636,274252466,835138,288,193726,161787944188,240519744,832166,h_u=2n,module_barriers,retain_all_square_workspace
163,3,153,153,328,153,0,8,lane_first,True,,288,1465672,275925586,840320,288,193726,162791832320,242012160,837348,h_u=2n,module_barriers,retain_all_square_workspace
163,3,154,154,328,154,0,8,lane_first,True,,288,1474708,277598706,845502,288,193726,163795720452,243504576,842530,h_u=2n,module_barriers,retain_all_square_workspace
163,3,155,155,328,155,0,8,lane_first,True,,288,1483744,279271826,850684,288,193726,164799608584,244996992,847712,h_u=2n,module_barriers,retain_all_square_workspace
163,3,156,156,328,156,0,8,lane_first,True,,288,1492780,280944946,855866,288,193726,165803496716,246489408,852894,h_u=2n,module_barriers,retain_all_square_workspace
163,3,157,157,328,157,0,8,lane_first,True,,288,1501816,282618066,861048,288,193726,166807384848,247981824,858076,h_u=2n,module_barriers,retain_all_square_workspace
163,3,158,158,328,158,0,8,lane_first,True,,288,1510852,284291186,866230,288,193726,167811272980,249474240,863258,h_u=2n,module_barriers,retain_all_square_workspace
163,3,159,159,328,159,0,8,lane_first,True,,288,1519888,285964306,871412,288,193726,168815161112,250966656,868440,h_u=2n,module_barriers,retain_all_square_workspace
163,3,160,160,328,160,0,8,lane_first,True,,288,1528924,287637426,876594,288,193726,169819049244,252459072,873622,h_u=2n,module_barriers,retain_all_square_workspace
163,3,161,161,328,161,0,8,lane_first,True,,292,1537960,289310546,881776,292,196538,173302491488,257478592,878804,h_u=2n,module_barriers,retain_all_square_workspace
163,3,162,162,328,162,0,8,lane_first,True,,292,1546996,290983666,886958,292,196538,174320951404,258991736,883986,h_u=2n,module_barriers,retain_all_square_workspace
163,3,163,163,328,163,0,8,lane_first,True,,292,1556032,292656786,892140,292,196538,175339411320,260504880,889168,h_u=2n,module_barriers,retain_all_square_workspace
163,3,164,164,328,164,0,8,lane_first,True,,276,1565068,294329906,897322,276,196362,176199942564,247660872,894350,h_u=2n,module_barriers,retain_all_square_workspace
163,3,165,165,328,165,0,8,lane_first,True,,276,1574120,296010842,902504,276,196362,177217490448,249091104,899532,h_u=2n,module_barriers,retain_all_square_workspace
163,3,166,166,328,166,0,8,lane_first,False,reduction:83,276,,,,,,,,,,,
163,3,167,167,328,167,0,8,lane_first,False,reduction:83,276,,,,,,,,,,,
163,3,168,168,328,168,0,8,lane_first,False,reduction:84,276,,,,,,,,,,,
163,3,169,169,328,169,0,8,lane_first,False,reduction:84,276,,,,,,,,,,,
163,3,170,170,328,170,0,8,lane_first,False,reduction:85,276,,,,,,,,,,,
163,3,171,171,328,171,0,8,lane_first,False,reduction:85,276,,,,,,,,,,,
163,3,172,172,328,172,0,8,lane_first,False,reduction:86,276,,,,,,,,,,,
163,3,173,173,328,173,0,8,lane_first,False,reduction:86,276,,,,,,,,,,,
163,3,174,174,328,174,0,8,lane_first,False,reduction:87,276,,,,,,,,,,,
163,3,175,175,328,175,0,8,lane_first,False,reduction:87,276,,,,,,,,,,,
163,3,176,176,328,176,0,8,lane_first,False,reduction:88,276,,,,,,,,,,,
163,3,177,177,328,177,0,8,lane_first,False,reduction:88,276,,,,,,,,,,,
163,3,178,178,328,178,0,8,lane_first,False,reduction:89,276,,,,,,,,,,,
163,3,179,179,328,179,0,8,lane_first,False,reduction:89,276,,,,,,,,,,,
163,3,180,180,328,180,0,8,lane_first,False,reduction:90,276,,,,,,,,,,,
163,3,181,181,328,181,0,8,lane_first,False,reduction:90,276,,,,,,,,,,,
163,3,182,182,328,182,0,8,lane_first,False,reduction:91,276,,,,,,,,,,,
163,3,183,183,328,183,0,8,lane_first,False,reduction:91,276,,,,,,,,,,,
163,3,184,184,328,184,0,8,lane_first,False,reduction:92,276,,,,,,,,,,,
163,3,185,185,328,185,0,8,lane_first,False,reduction:92,276,,,,,,,,,,,
163,3,186,186,328,186,0,8,lane_first,False,reduction:93,276,,,,,,,,,,,
163,3,187,187,328,187,0,8,lane_first,False,reduction:93,276,,,,,,,,,,,
163,3,188,188,328,188,0,8,lane_first,False,reduction:94,276,,,,,,,,,,,
163,3,189,189,328,189,0,8,lane_first,False,reduction:94,276,,,,,,,,,,,
163,3,190,190,328,190,0,8,lane_first,False,reduction:95,276,,,,,,,,,,,
163,3,191,191,328,191,0,8,lane_first,False,reduction:95,276,,,,,,,,,,,
163,3,192,192,328,192,0,8,lane_first,False,reduction:96,276,,,,,,,,,,,
163,3,193,193,328,193,0,8,lane_first,False,reduction:96,280,,,,,,,,,,,
163,3,194,194,328,194,0,8,lane_first,False,reduction:97,280,,,,,,,,,,,
163,3,195,195,328,195,0,8,lane_first,False,reduction:97,280,,,,,,,,,,,
163,3,196,196,328,196,0,8,lane_first,False,reduction:98,280,,,,,,,,,,,
163,3,197,197,328,197,0,8,lane_first,False,reduction:98,280,,,,,,,,,,,
163,3,198,198,328,198,0,8,lane_first,False,reduction:99,280,,,,,,,,,,,
163,3,199,199,328,199,0,8,lane_first,False,reduction:99,280,,,,,,,,,,,
163,3,200,200,328,200,0,8,lane_first,False,reduction:100,280,,,,,,,,,,,
163,3,201,201,328,201,0,8,lane_first,False,reduction:100,280,,,,,,,,,,,
163,3,202,202,328,202,0,8,lane_first,False,reduction:101,280,,,,,,,,,,,
163,3,203,203,328,203,0,8,lane_first,False,reduction:101,280,,,,,,,,,,,
163,3,204,204,328,204,0,8,lane_first,False,reduction:102,280,,,,,,,,,,,
163,3,205,205,328,205,0,8,lane_first,False,reduction:102,280,,,,,,,,,,,
163,3,206,206,328,206,0,8,lane_first,False,reduction:103,280,,,,,,,,,,,
163,3,207,207,328,207,0,8,lane_first,False,reduction:103,280,,,,,,,,,,,
163,3,208,208,328,208,0,8,lane_first,False,reduction:104,280,,,,,,,,,,,
163,3,209,209,328,209,0,8,lane_first,False,reduction:104,280,,,,,,,,,,,
163,3,210,210,328,210,0,8,lane_first,False,reduction:105,280,,,,,,,,,,,
163,3,211,211,328,211,0,8,lane_first,False,reduction:105,280,,,,,,,,,,,
163,3,212,212,328,212,0,8,lane_first,False,reduction:106,280,,,,,,,,,,,
163,3,213,213,328,213,0,8,lane_first,False,reduction:106,280,,,,,,,,,,,
163,3,214,214,328,214,0,8,lane_first,False,reduction:107,280,,,,,,,,,,,
163,3,215,215,328,215,0,8,lane_first,False,reduction:107,280,,,,,,,,,,,
163,3,216,216,328,216,0,8,lane_first,False,reduction:108,280,,,,,,,,,,,
163,3,217,217,328,217,0,8,lane_first,False,reduction:108,280,,,,,,,,,,,
163,3,218,218,328,218,0,8,lane_first,False,reduction:109,280,,,,,,,,,,,
163,3,219,219,328,219,0,8,lane_first,False,reduction:109,280,,,,,,,,,,,
163,3,220,220,328,220,0,8,lane_first,False,reduction:110,280,,,,,,,,,,,
163,3,221,221,328,221,0,8,lane_first,False,reduction:110,280,,,,,,,,,,,
163,3,222,222,328,222,0,8,lane_first,False,reduction:111,280,,,,,,,,,,,
163,3,223,223,328,223,0,8,lane_first,False,reduction:111,280,,,,,,,,,,,
163,3,224,224,328,224,0,8,lane_first,False,reduction:112,280,,,,,,,,,,,
163,3,225,225,328,225,0,8,lane_first,False,reduction:112,280,,,,,,,,,,,
163,3,226,226,328,226,0,8,lane_first,False,reduction:113,280,,,,,,,,,,,
163,3,227,227,328,227,0,8,lane_first,False,reduction:113,280,,,,,,,,,,,
163,3,228,228,328,228,0,8,lane_first,False,reduction:114,280,,,,,,,,,,,
163,3,229,229,328,229,0,8,lane_first,False,reduction:114,280,,,,,,,,,,,
163,3,230,230,328,230,0,8,lane_first,False,reduction:115,280,,,,,,,,,,,
163,3,231,231,328,231,0,8,lane_first,False,reduction:115,280,,,,,,,,,,,
163,3,232,232,328,232,0,8,lane_first,False,reduction:116,280,,,,,,,,,,,
163,3,233,233,328,233,0,8,lane_first,False,reduction:116,280,,,,,,,,,,,
163,3,234,234,328,234,0,8,lane_first,False,reduction:117,280,,,,,,,,,,,
163,3,235,235,328,235,0,8,lane_first,False,reduction:117,280,,,,,,,,,,,
163,3,236,236,328,236,0,8,lane_first,False,reduction:118,280,,,,,,,,,,,
163,3,237,237,328,237,0,8,lane_first,False,reduction:118,280,,,,,,,,,,,
163,3,238,238,328,238,0,8,lane_first,False,reduction:119,280,,,,,,,,,,,
163,3,239,239,328,239,0,8,lane_first,False,reduction:119,280,,,,,,,,,,,
163,3,240,240,328,240,0,8,lane_first,False,reduction:120,280,,,,,,,,,,,
163,3,241,241,328,241,0,8,lane_first,False,reduction:120,280,,,,,,,,,,,
163,3,242,242,328,242,0,8,lane_first,False,reduction:121,280,,,,,,,,,,,
163,3,243,243,328,243,0,8,lane_first,False,reduction:121,280,,,,,,,,,,,
163,3,244,244,328,244,0,8,lane_first,False,reduction:122,280,,,,,,,,,,,
163,3,245,245,328,245,0,8,lane_first,False,reduction:122,280,,,,,,,,,,,
163,3,246,246,328,246,0,8,lane_first,False,reduction:123,280,,,,,,,,,,,
163,3,247,247,328,247,0,8,lane_first,False,reduction:123,280,,,,,,,,,,,
163,3,248,248,328,248,0,8,lane_first,False,reduction:124,280,,,,,,,,,,,
163,3,249,249,328,249,0,8,lane_first,False,reduction:124,280,,,,,,,,,,,
163,3,250,250,328,250,0,8,lane_first,False,reduction:125,280,,,,,,,,,,,
163,3,251,251,328,251,0,8,lane_first,False,reduction:125,280,,,,,,,,,,,
163,3,252,252,328,252,0,8,lane_first,False,reduction:126,280,,,,,,,,,,,
163,3,253,253,328,253,0,8,lane_first,False,reduction:126,280,,,,,,,,,,,
163,3,254,254,328,254,0,8,lane_first,False,reduction:127,280,,,,,,,,,,,
163,3,255,255,328,255,0,8,lane_first,False,reduction:127,280,,,,,,,,,,,
163,3,256,256,328,256,0,8,lane_first,False,reduction:128,280,,,,,,,,,,,
163,3,257,257,328,257,0,9,lane_first,False,reduction:128,300,,,,,,,,,,,
163,3,258,258,328,258,0,9,lane_first,False,reduction:129,304,,,,,,,,,,,
163,3,259,259,328,259,0,9,lane_first,False,reduction:129,308,,,,,,,,,,,
163,3,260,260,328,260,0,9,lane_first,False,reduction:130,308,,,,,,,,,,,
163,3,261,261,328,261,0,9,lane_first,False,reduction:130,312,,,,,,,,,,,
163,3,262,262,328,262,0,9,lane_first,False,reduction:131,312,,,,,,,,,,,
163,3,263,263,328,263,0,9,lane_first,False,reduction:131,312,,,,,,,,,,,
163,3,264,264,328,264,0,9,lane_first,False,reduction:132,312,,,,,,,,,,,
163,3,265,265,328,265,0,9,lane_first,False,reduction:132,316,,,,,,,,,,,
163,3,266,266,328,266,0,9,lane_first,False,reduction:133,316,,,,,,,,,,,
163,3,267,267,328,267,0,9,lane_first,False,reduction:133,316,,,,,,,,,,,
163,3,268,268,328,268,0,9,lane_first,False,reduction:134,316,,,,,,,,,,,
163,3,269,269,328,269,0,9,lane_first,False,reduction:134,316,,,,,,,,,,,
163,3,270,270,328,270,0,9,lane_first,False,reduction:135,316,,,,,,,,,,,
163,3,271,271,328,271,0,9,lane_first,False,reduction:135,316,,,,,,,,,,,
163,3,272,272,328,272,0,9,lane_first,False,reduction:136,316,,,,,,,,,,,
163,3,273,273,328,273,0,9,lane_first,False,reduction:136,320,,,,,,,,,,,
163,3,274,274,328,274,0,9,lane_first,False,reduction:137,320,,,,,,,,,,,
163,3,275,275,328,275,0,9,lane_first,False,reduction:137,320,,,,,,,,,,,
163,3,276,276,328,276,0,9,lane_first,False,reduction:138,320,,,,,,,,,,,
163,3,277,277,328,277,0,9,lane_first,False,reduction:138,320,,,,,,,,,,,
163,3,278,278,328,278,0,9,lane_first,False,reduction:139,320,,,,,,,,,,,
163,3,279,279,328,279,0,9,lane_first,False,reduction:139,320,,,,,,,,,,,
163,3,280,280,328,280,0,9,lane_first,False,reduction:140,320,,,,,,,,,,,
163,3,281,281,328,281,0,9,lane_first,False,reduction:140,320,,,,,,,,,,,
163,3,282,282,328,282,0,9,lane_first,False,reduction:141,320,,,,,,,,,,,
163,3,283,283,328,283,0,9,lane_first,False,reduction:141,320,,,,,,,,,,,
163,3,284,284,328,284,0,9,lane_first,False,reduction:142,320,,,,,,,,,,,
163,3,285,285,328,285,0,9,lane_first,False,reduction:142,320,,,,,,,,,,,
163,3,286,286,328,286,0,9,lane_first,False,reduction:143,320,,,,,,,,,,,
163,3,287,287,328,287,0,9,lane_first,False,reduction:143,320,,,,,,,,,,,
163,3,288,288,328,288,0,9,lane_first,False,reduction:144,320,,,,,,,,,,,
163,3,289,289,328,289,0,9,lane_first,False,reduction:144,324,,,,,,,,,,,
163,3,290,290,328,290,0,9,lane_first,False,reduction:145,324,,,,,,,,,,,
163,3,291,291,328,291,0,9,lane_first,False,reduction:145,324,,,,,,,,,,,
163,3,292,292,328,292,0,9,lane_first,False,reduction:146,324,,,,,,,,,,,
163,3,293,293,328,293,0,9,lane_first,False,reduction:146,324,,,,,,,,,,,
163,3,294,294,328,294,0,9,lane_first,False,reduction:147,324,,,,,,,,,,,
163,3,295,295,328,295,0,9,lane_first,False,reduction:147,324,,,,,,,,,,,
163,3,296,296,328,296,0,9,lane_first,False,reduction:148,324,,,,,,,,,,,
163,3,297,297,328,297,0,9,lane_first,False,reduction:148,324,,,,,,,,,,,
163,3,298,298,328,298,0,9,lane_first,False,reduction:149,324,,,,,,,,,,,
163,3,299,299,328,299,0,9,lane_first,False,reduction:149,324,,,,,,,,,,,
163,3,300,300,328,300,0,9,lane_first,False,reduction:150,324,,,,,,,,,,,
163,3,301,301,328,301,0,9,lane_first,False,reduction:150,324,,,,,,,,,,,
163,3,302,302,328,302,0,9,lane_first,False,reduction:151,324,,,,,,,,,,,
163,3,303,303,328,303,0,9,lane_first,False,reduction:151,324,,,,,,,,,,,
163,3,304,304,328,304,0,9,lane_first,False,reduction:152,324,,,,,,,,,,,
163,3,305,305,328,305,0,9,lane_first,False,reduction:152,324,,,,,,,,,,,
163,3,306,306,328,306,0,9,lane_first,False,reduction:153,324,,,,,,,,,,,
163,3,307,307,328,307,0,9,lane_first,False,reduction:153,324,,,,,,,,,,,
163,3,308,308,328,308,0,9,lane_first,False,reduction:154,324,,,,,,,,,,,
163,3,309,309,328,309,0,9,lane_first,False,reduction:154,324,,,,,,,,,,,
163,3,310,310,328,310,0,9,lane_first,False,reduction:155,324,,,,,,,,,,,
163,3,311,311,328,311,0,9,lane_first,False,reduction:155,324,,,,,,,,,,,
163,3,312,312,328,312,0,9,lane_first,False,reduction:156,324,,,,,,,,,,,
163,3,313,313,328,313,0,9,lane_first,False,reduction:156,324,,,,,,,,,,,
163,3,314,314,328,314,0,9,lane_first,False,reduction:157,324,,,,,,,,,,,
163,3,315,315,328,315,0,9,lane_first,False,reduction:157,324,,,,,,,,,,,
163,3,316,316,328,316,0,9,lane_first,False,reduction:158,324,,,,,,,,,,,
163,3,317,317,328,317,0,9,lane_first,False,reduction:158,324,,,,,,,,,,,
163,3,318,318,328,318,0,9,lane_first,False,reduction:159,324,,,,,,,,,,,
163,3,319,319,328,319,0,9,lane_first,False,reduction:159,324,,,,,,,,,,,
163,3,320,320,328,320,0,9,lane_first,False,reduction:160,324,,,,,,,,,,,
163,3,321,321,328,321,0,9,lane_first,False,reduction:160,328,,,,,,,,,,,
163,3,322,322,328,322,0,9,lane_first,False,reduction:161,328,,,,,,,,,,,
163,3,323,323,328,323,0,9,lane_first,False,reduction:161,328,,,,,,,,,,,
163,3,324,324,328,324,0,9,lane_first,False,reduction:162,328,,,,,,,,,,,
163,3,325,325,328,325,0,9,lane_first,False,reduction:162,328,,,,,,,,,,,
163,3,326,326,328,326,0,9,lane_first,False,reduction:163,328,,,,,,,,,,,
163,3,327,327,328,327,0,9,lane_first,False,reduction:163,328,,,,,,,,,,,
163,3,328,328,328,328,0,9,lane_first,False,reduction:164,320,,,,,,,,,,,
163,4,1,1,328,82,81,0,lane_first,True,,9776,1622648,334080122,890416,9776,1329908,1184171361728,8704706816,887444,h_u=2n,module_barriers,retain_all_square_workspace
163,4,2,2,328,82,40,1,lane_first,True,,5036,1187724,238774482,647222,5036,782806,506649264932,3259409992,644250,h_u=2n,module_barriers,retain_all_square_workspace
163,4,3,3,328,84,27,2,lane_first,True,,3464,1075248,213489718,584204,3464,623462,364228994248,2023682656,581232,h_u=2n,module_barriers,retain_all_square_workspace
163,4,4,4,328,84,20,2,lane_first,True,,2572,999036,196755198,541914,2572,472312,255952485168,1393802808,538942,h_u=2n,module_barriers,retain_all_square_workspace
163,4,5,5,328,85,16,3,lane_first,True,,2144,975424,191259166,528832,2144,444420,235023517440,1133815808,525860,h_u=2n,module_barriers,retain_all_square_workspace
163,4,6,6,328,84,13,3,lane_first,True,,1780,933652,182372610,506038,1780,373180,188843260840,900747640,503066,h_u=2n,module_barriers,retain_all_square_workspace
163,4,7,7,328,84,11,3,lane_first,True,,1520,911832,177563222,494188,1520,326346,161276277048,751165760,491216,h_u=2n,module_barriers,retain_all_square_workspace
163,4,8,8,328,88,10,3,lane_first,True,,1348,937204,181916786,507850,1348,301026,152876054100,684581800,504878,h_u=2n,module_barriers,retain_all_square_workspace
163,4,9,9,328,85,9,4,lane_first,True,,1264,910080,176879190,493608,1264,310978,153501228624,623920512,490636,h_u=2n,module_barriers,retain_all_square_workspace
163,4,10,10,328,88,8,4,lane_first,True,,1136,926244,179474962,502414,1136,288990,145192621860,570742304,499442,h_u=2n,module_barriers,retain_all_square_workspace
163,4,11,11,328,88,7,4,lane_first,True,,1020,915136,176969310,496652,1020,267174,132692501448,506585040,493680,h_u=2n,module_barriers,retain_all_square_workspace
163,4,12,12,328,84,6,4,lane_first,True,,972,868092,167870186,471466,972,240610,113439434260,458264952,468494,h_u=2n,module_barriers,retain_all_square_workspace
163,4,13,13,328,91,6,4,lane_first,True,,888,931384,179597654,505784,888,242328,122565625152,449136192,502812,h_u=2n,module_barriers,retain_all_square_workspace
163,4,14,14,328,84,5,4,lane_first,True,,840,857132,165428370,466030,840,215764,100552496920,391465200,463058,h_u=2n,module_barriers,retain_all_square_workspace
163,4,15,15,328,90,5,4,lane_first,True,,752,911184,175382410,495492,752,214716,106390060272,372609984,492520,h_u=2n,module_barriers,retain_all_square_workspace
163,4,16,16,328,88,5,4,lane_first,True,,736,893364,172149506,486106,736,211732,102924195592,357774016,483134,h_u=2n,module_barriers,retain_all_square_workspace
163,4,17,17,328,85,4,5,lane_first,True,,740,865920,166955590,471864,740,214468,101199728352,349179360,468892,h_u=2n,module_barriers,retain_all_square_workspace
163,4,18,18,328,90,4,5,lane_first,True,,684,910924,175229998,496470,684,216580,107525472600,339585480,493498,h_u=2n,module_barriers,retain_all_square_workspace
163,4,19,19,328,95,4,5,lane_first,True,,660,956312,183691990,521076,660,219044,114138571344,343910160,518104,h_u=2n,module_barriers,retain_all_square_workspace
163,4,20,20,328,88,4,5,lane_first,True,,640,893188,172029662,487410,640,213248,103939207680,311942400,484438,h_u=2n,module_barriers,retain_all_square_workspace
163,4,21,21,328,84,3,5,lane_first,True,,612,845952,162836746,462224,612,192480,88968875520,282881088,459252,h_u=2n,module_barriers,retain_all_square_workspace
163,4,22,22,328,88,3,5,lane_first,True,,552,881652,169306466,481974,552,191780,92432973720,266049648,479002,h_u=2n,module_barriers,retain_all_square_workspace
163,4,23,23,328,92,3,5,lane_first,True,,552,917768,175979402,501724,552,191780,96220628720,276951648,498752,h_u=2n,module_barriers,retain_all_square_workspace
163,4,24,24,328,96,3,5,lane_first,True,,524,954012,182714866,521474,524,191432,99826810768,273252376,518502,h_u=2n,module_barriers,retain_all_square_workspace
163,4,25,25,328,100,3,5,lane_first,True,,528,990352,189497230,541224,528,194198,105104618352,285766272,538252,h_u=2n,module_barriers,retain_all_square_workspace
163,4,26,26,328,94,3,5,lane_first,True,,512,936212,179483270,512414,512,191214,97980730596,262355968,509442,h_u=2n,module_barriers,retain_all_square_workspace
163,4,27,27,328,85,3,5,lane_first,True,,504,854928,164430414,469036,504,185590,87048391240,236394144,466064,h_u=2n,module_barriers,retain_all_square_workspace
163,4,28,28,328,84,2,5,lane_first,True,,476,834772,160245130,458418,476,164822,75557371596,218206968,455446,h_u=2n,module_barriers,retain_all_square_workspace
163,4,29,29,328,87,2,5,lane_first,True,,476,861488,165066482,473312,476,164822,78012230464,225296512,470340,h_u=2n,module_barriers,retain_all_square_workspace
163,4,30,30,328,90,2,5,lane_first,True,,416,888268,169919098,488206,416,164122,80125345132,203093696,485234,h_u=2n,module_barriers,retain_all_square_workspace
163,4,31,31,328,93,2,5,lane_first,True,,416,915336,174912402,503100,416,164122,82569778200,209289600,500128,h_u=2n,module_barriers,retain_all_square_workspace
163,4,32,32,328,96,2,5,lane_first,True,,416,942404,179905706,517994,416,164122,85014211268,215485504,515022,h_u=2n,module_barriers,retain_all_square_workspace
163,4,33,33,328,99,2,6,lane_first,True,,416,980376,187296538,538976,416,184466,99422746816,224214016,536004,h_u=2n,module_barriers,retain_all_square_workspace
163,4,34,34,328,102,2,6,lane_first,True,,420,1007604,192368002,553870,420,187278,103727665860,232625400,550898,h_u=2n,module_barriers,retain_all_square_workspace
163,4,35,35,328,105,2,6,lane_first,True,,424,1034832,197439466,568764,424,190090,108116348760,241155936,565792,h_u=2n,module_barriers,retain_all_square_workspace
163,4,36,36,328,108,2,6,lane_first,True,,424,1062060,202510930,583658,424,190090,110947549220,247470992,580686,h_u=2n,module_barriers,retain_all_square_workspace
163,4,37,37,328,106,2,6,lane_first,True,,412,1044048,199184234,574272,412,189918,109064589696,236600064,571300,h_u=2n,module_barriers,retain_all_square_workspace
163,4,38,38,328,100,2,6,lane_first,True,,412,989844,189139010,545462,412,189918,103593052116,224730344,542490,h_u=2n,module_barriers,retain_all_square_workspace
163,4,39,39,328,94,2,6,lane_first,True,,408,935640,179093786,516652,408,187106,96668689112,210794016,513680,h_u=2n,module_barriers,retain_all_square_workspace
163,4,40,40,328,88,2,6,lane_first,True,,404,881436,169048562,487842,404,184294,89906353548,197088168,484870,h_u=2n,module_barriers,retain_all_square_workspace
163,4,41,41,328,82,1,6,lane_first,True,,376,816360,156621438,452944,376,163526,74068120544,170306944,449972,h_u=2n,module_barriers,retain_all_square_workspace
163,4,42,42,328,84,1,6,lane_first,True,,376,834156,159825686,462982,376,163526,75709594532,174081232,460010,h_u=2n,module_barriers,retain_all_square_workspace
163,4,43,43,328,86,1,6,lane_first,True,,376,851952,163029934,473020,376,163526,77351068520,177855520,470048,h_u=2n,module_barriers,retain_all_square_workspace
163,4,44,44,328,88,1,6,lane_first,True,,376,869748,166234182,483058,376,163526,78992542508,181629808,480086,h_u=2n,module_barriers,retain_all_square_workspace
163,4,45,45,328,90,1,6,lane_first,True,,376,887544,169438430,493096,376,163526,80634016496,185404096,490124,h_u=2n,module_barriers,retain_all_square_workspace
163,4,46,46,328,92,1,6,lane_first,True,,376,905340,172642678,503134,376,163526,82275490484,189178384,500162,h_u=2n,module_barriers,retain_all_square_workspace
163,4,47,47,328,94,1,6,lane_first,True,,316,923168,175862558,513172,316,162826,83557744072,162162352,510200,h_u=2n,module_barriers,retain_all_square_workspace
163,4,48,48,328,96,1,6,lane_first,True,,316,941188,179176230,523210,316,162826,85192191460,165334360,520238,h_u=2n,module_barriers,retain_all_square_workspace
163,4,49,49,328,98,1,6,lane_first,True,,320,959208,182489906,533248,320,165592,88301602816,170639360,530276,h_u=2n,module_barriers,retain_all_square_workspace
163,4,50,50,328,100,1,6,lane_first,True,,320,977228,185803578,543286,320,165592,89963815312,173851520,540314,h_u=2n,module_barriers,retain_all_square_workspace
163,4,51,51,328,102,1,6,lane_first,True,,320,995248,189117250,553324,320,165592,91626027808,177063680,550352,h_u=2n,module_barriers,retain_all_square_workspace
163,4,52,52,328,104,1,6,lane_first,True,,320,1013268,192430922,563362,320,165592,93288240304,180275840,560390,h_u=2n,module_barriers,retain_all_square_workspace
163,4,53,53,328,106,1,6,lane_first,True,,320,1031288,195744594,573400,320,165592,94950452800,183488000,570428,h_u=2n,module_barriers,retain_all_square_workspace
163,4,54,54,328,108,1,6,lane_first,True,,320,1049308,199058266,583438,320,165592,96612665296,186700160,580466,h_u=2n,module_barriers,retain_all_square_workspace
163,4,55,55,328,110,1,6,lane_first,True,,292,1067360,202387570,593476,292,165244,98068348144,173294992,590504,h_u=2n,module_barriers,retain_all_square_workspace
163,4,56,56,328,112,1,6,lane_first,True,,292,1085476,205748138,603514,292,165244,99727067416,176226088,600542,h_u=2n,module_barriers,retain_all_square_workspace
163,4,57,57,328,114,1,6,lane_first,True,,292,1103592,209108706,613552,292,165244,101385786688,179157184,610580,h_u=2n,module_barriers,retain_all_square_workspace
163,4,58,58,328,116,1,6,lane_first,True,,292,1121708,212469274,623590,292,165244,103044505960,182088280,620618,h_u=2n,module_barriers,retain_all_square_workspace
163,4,59,59,328,118,1,6,lane_first,True,,292,1139824,215829842,633628,292,165244,104703225232,185019376,630656,h_u=2n,module_barriers,retain_all_square_workspace
163,4,60,60,328,120,1,6,lane_first,True,,292,1157940,219190410,643666,292,165244,106361944504,187950472,640694,h_u=2n,module_barriers,retain_all_square_workspace
163,4,61,61,328,122,1,6,lane_first,True,,292,1176056,222550978,653704,292,165244,108020663776,190881568,650732,h_u=2n,module_barriers,retain_all_square_workspace
163,4,62,62,328,124,1,6,lane_first,True,,292,1194172,225911546,663742,292,165244,109679383048,193812664,660770,h_u=2n,module_barriers,retain_all_square_workspace
163,4,63,63,328,126,1,6,lane_first,True,,292,1212288,229272114,673780,292,165244,111338102320,196743760,670808,h_u=2n,module_barriers,retain_all_square_workspace
163,4,64,64,328,128,1,6,lane_first,True,,292,1230404,232632682,683818,292,165244,112996821592,199674856,680846,h_u=2n,module_barriers,retain_all_square_workspace
163,4,65,65,328,130,1,7,lane_first,True,,316,1259392,238375146,699944,316,183124,128176545056,221182304,696972,h_u=2n,module_barriers,retain_all_square_workspace
163,4,66,66,328,130,1,7,lane_first,True,,304,1259412,238376450,700270,304,182952,128115797040,212882080,697298,h_u=2n,module_barriers,retain_all_square_workspace
163,4,67,67,328,127,1,7,lane_first,True,,308,1232288,233338858,686028,308,185764,127439305392,211296624,683056,h_u=2n,module_barriers,retain_all_square_workspace
163,4,68,68,328,124,1,7,lane_first,True,,308,1205164,228301266,671786,308,185764,124793654504,206910088,668814,h_u=2n,module_barriers,retain_all_square_workspace
163,4,69,69,328,121,1,7,lane_first,True,,312,1178040,223263674,657544,312,188576,123997017344,205153728,654572,h_u=2n,module_barriers,retain_all_square_workspace
163,4,70,70,328,118,1,7,lane_first,True,,312,1150916,218226082,643302,312,188576,121311317952,200710224,640330,h_u=2n,module_barriers,retain_all_square_workspace
163,4,71,71,328,115,1,7,lane_first,True,,312,1123792,213188490,629060,312,188576,118625618560,196266720,626088,h_u=2n,module_barriers,retain_all_square_workspace
163,4,72,72,328,112,1,7,lane_first,True,,312,1096668,208150898,614818,312,188576,115939919168,191823216,611846,h_u=2n,module_barriers,retain_all_square_workspace
163,4,73,73,328,109,1,7,lane_first,True,,316,1069544,203113306,600576,316,191388,114943039488,189782016,597604,h_u=2n,module_barriers,retain_all_square_workspace
163,4,74,74,328,106,1,7,lane_first,True,,312,1042420,198075714,586334,312,188576,110568520384,182936208,583362,h_u=2n,module_barriers,retain_all_square_workspace
163,4,75,75,328,103,1,7,lane_first,True,,312,1015296,193038122,572092,312,188576,107882820992,178492704,569120,h_u=2n,module_barriers,retain_all_square_workspace
163,4,76,76,328,100,1,7,lane_first,True,,312,988172,188000530,557850,312,188576,105197121600,174049200,554878,h_u=2n,module_barriers,retain_all_square_workspace
163,4,77,77,328,97,1,7,lane_first,True,,312,961048,182962938,543608,312,188576,102511422208,169605696,540636,h_u=2n,module_barriers,retain_all_square_workspace
163,4,78,78,328,94,1,7,lane_first,True,,308,933924,177925346,529366,308,185764,98337145624,163044728,526394,h_u=2n,module_barriers,retain_all_square_workspace
163,4,79,79,328,91,1,7,lane_first,True,,308,906800,172887754,515124,308,185764,95691494736,158658192,512152,h_u=2n,module_barriers,retain_all_square_workspace
163,4,80,80,328,88,1,7,lane_first,True,,304,879676,167850162,500882,304,182952,91637363664,152268128,497910,h_u=2n,module_barriers,retain_all_square_workspace
163,4,81,81,328,85,1,7,lane_first,True,,304,852552,162812570,486640,304,182952,89031761280,147938560,483668,h_u=2n,module_barriers,retain_all_square_workspace
163,4,82,82,328,82,0,7,lane_first,True,,276,814556,155393078,466310,276,162184,75628021040,128701560,463338,h_u=2n,module_barriers,retain_all_square_workspace
163,4,83,83,328,83,0,7,lane_first,True,,276,823544,157042750,471492,276,162184,76468458528,130131792,468520,h_u=2n,module_barriers,retain_all_square_workspace
163,4,84,84,328,84,0,7,lane_first,True,,276,832532,158692422,476674,276,162184,77308896016,131562024,473702,h_u=2n,module_barriers,retain_all_square_workspace
163,4,85,85,328,85,0,7,lane_first,True,,276,841520,160342094,481856,276,162184,78149333504,132992256,478884,h_u=2n,module_barriers,retain_all_square_workspace
163,4,86,86,328,86,0,7,lane_first,True,,276,850508,161991766,487038,276,162184,78989770992,134422488,484066,h_u=2n,module_barriers,retain_all_square_workspace
163,4,87,87,328,87,0,7,lane_first,True,,276,859496,163641438,492220,276,162184,79830208480,135852720,489248,h_u=2n,module_barriers,retain_all_square_workspace
163,4,88,88,328,88,0,7,lane_first,True,,276,868484,165291110,497402,276,162184,80670645968,137282952,494430,h_u=2n,module_barriers,retain_all_square_workspace
163,4,89,89,328,89,0,7,lane_first,True,,276,877472,166940782,502584,276,162184,81511083456,138713184,499612,h_u=2n,module_barriers,retain_all_square_workspace
163,4,90,90,328,90,0,7,lane_first,True,,276,886460,168590454,507766,276,162184,82351520944,140143416,504794,h_u=2n,module_barriers,retain_all_square_workspace
163,4,91,91,328,91,0,7,lane_first,True,,276,895448,170240126,512948,276,162184,83191958432,141573648,509976,h_u=2n,module_barriers,retain_all_square_workspace
163,4,92,92,328,92,0,7,lane_first,True,,276,904436,171889798,518130,276,162184,84032395920,143003880,515158,h_u=2n,module_barriers,retain_all_square_workspace
163,4,93,93,328,93,0,7,lane_first,True,,276,913424,173539470,523312,276,162184,84872833408,144434112,520340,h_u=2n,module_barriers,retain_all_square_workspace
163,4,94,94,328,94,0,7,lane_first,True,,276,922412,175189142,528494,276,162184,85713270896,145864344,525522,h_u=2n,module_barriers,retain_all_square_workspace
163,4,95,95,328,95,0,7,lane_first,True,,276,931400,176838814,533676,276,162184,86553708384,147294576,530704,h_u=2n,module_barriers,retain_all_square_workspace
163,4,96,96,328,96,0,7,lane_first,True,,276,940388,178488486,538858,276,162184,87394145872,148724808,535886,h_u=2n,module_barriers,retain_all_square_workspace
163,4,97,97,328,97,0,7,lane_first,True,,280,949376,180138162,544040,280,164950,89739398000,152331200,541068,h_u=2n,module_barriers,retain_all_square_workspace
163,4,98,98,328,98,0,7,lane_first,True,,280,958364,181787834,549222,280,164950,90594168900,153782160,546250,h_u=2n,module_barriers,retain_all_square_workspace
163,4,99,99,328,99,0,7,lane_first,True,,280,967352,183437506,554404,280,164950,91448939800,155233120,551432,h_u=2n,module_barriers,retain_all_square_workspace
163,4,100,100,328,100,0,7,lane_first,True,,280,976340,185087178,559586,280,164950,92303710700,156684080,556614,h_u=2n,module_barriers,retain_all_square_workspace
163,4,101,101,328,101,0,7,lane_first,True,,280,985328,186736850,564768,280,164950,93158481600,158135040,561796,h_u=2n,module_barriers,retain_all_square_workspace
163,4,102,102,328,102,0,7,lane_first,True,,280,994316,188386522,569950,280,164950,94013252500,159586000,566978,h_u=2n,module_barriers,retain_all_square_workspace
163,4,103,103,328,103,0,7,lane_first,True,,280,1003304,190036194,575132,280,164950,94868023400,161036960,572160,h_u=2n,module_barriers,retain_all_square_workspace
163,4,104,104,328,104,0,7,lane_first,True,,280,1012292,191685866,580314,280,164950,95722794300,162487920,577342,h_u=2n,module_barriers,retain_all_square_workspace
163,4,105,105,328,105,0,7,lane_first,True,,280,1021280,193335538,585496,280,164950,96577565200,163938880,582524,h_u=2n,module_barriers,retain_all_square_workspace
163,4,106,106,328,106,0,7,lane_first,True,,280,1030268,194985210,590678,280,164950,97432336100,165389840,587706,h_u=2n,module_barriers,retain_all_square_workspace
163,4,107,107,328,107,0,7,lane_first,True,,280,1039256,196634882,595860,280,164950,98287107000,166840800,592888,h_u=2n,module_barriers,retain_all_square_workspace
163,4,108,108,328,108,0,7,lane_first,True,,280,1048244,198284554,601042,280,164950,99141877900,168291760,598070,h_u=2n,module_barriers,retain_all_square_workspace
163,4,109,109,328,109,0,7,lane_first,True,,280,1057232,199934226,606224,280,164950,99996648800,169742720,603252,h_u=2n,module_barriers,retain_all_square_workspace
163,4,110,110,328,110,0,7,lane_first,True,,248,1066252,201599530,611406,248,164598,100636204788,151628688,608434,h_u=2n,module_barriers,retain_all_square_workspace
163,4,111,111,328,111,0,7,lane_first,True,,248,1075288,203272650,616588,248,164598,101489151624,152913824,613616,h_u=2n,module_barriers,retain_all_square_workspace
163,4,112,112,328,112,0,7,lane_first,True,,248,1084324,204945770,621770,248,164598,102342098460,154198960,618798,h_u=2n,module_barriers,retain_all_square_workspace
163,4,113,113,328,113,0,7,lane_first,True,,248,1093360,206618890,626952,248,164598,103195045296,155484096,623980,h_u=2n,module_barriers,retain_all_square_workspace
163,4,114,114,328,114,0,7,lane_first,True,,248,1102396,208292010,632134,248,164598,104047992132,156769232,629162,h_u=2n,module_barriers,retain_all_square_workspace
163,4,115,115,328,115,0,7,lane_first,True,,248,1111432,209965130,637316,248,164598,104900938968,158054368,634344,h_u=2n,module_barriers,retain_all_square_workspace
163,4,116,116,328,116,0,7,lane_first,True,,248,1120468,211638250,642498,248,164598,105753885804,159339504,639526,h_u=2n,module_barriers,retain_all_square_workspace
163,4,117,117,328,117,0,7,lane_first,True,,248,1129504,213311370,647680,248,164598,106606832640,160624640,644708,h_u=2n,module_barriers,retain_all_square_workspace
163,4,118,118,328,118,0,7,lane_first,True,,248,1138540,214984490,652862,248,164598,107459779476,161909776,649890,h_u=2n,module_barriers,retain_all_square_workspace
163,4,119,119,328,119,0,7,lane_first,True,,248,1147576,216657610,658044,248,164598,108312726312,163194912,655072,h_u=2n,module_barriers,retain_all_square_workspace
163,4,120,120,328,120,0,7,lane_first,True,,248,1156612,218330730,663226,248,164598,109165673148,164480048,660254,h_u=2n,module_barriers,retain_all_square_workspace
163,4,121,121,328,121,0,7,lane_first,True,,248,1165648,220003850,668408,248,164598,110018619984,165765184,665436,h_u=2n,module_barriers,retain_all_square_workspace
163,4,122,122,328,122,0,7,lane_first,True,,248,1174684,221676970,673590,248,164598,110871566820,167050320,670618,h_u=2n,module_barriers,retain_all_square_workspace
163,4,123,123,328,123,0,7,lane_first,True,,248,1183720,223350090,678772,248,164598,111724513656,168335456,675800,h_u=2n,module_barriers,retain_all_square_workspace
163,4,124,124,328,124,0,7,lane_first,True,,248,1192756,225023210,683954,248,164598,112577460492,169620592,680982,h_u=2n,module_barriers,retain_all_square_workspace
163,4,125,125,328,125,0,7,lane_first,True,,248,1201792,226696330,689136,248,164598,113430407328,170905728,686164,h_u=2n,module_barriers,retain_all_square_workspace
163,4,126,126,328,126,0,7,lane_first,True,,248,1210828,228369450,694318,248,164598,114283354164,172190864,691346,h_u=2n,module_barriers,retain_all_square_workspace
163,4,127,127,328,127,0,7,lane_first,True,,248,1219864,230042570,699500,248,164598,115136301000,173476000,696528,h_u=2n,module_barriers,retain_all_square_workspace
163,4,128,128,328,128,0,7,lane_first,True,,248,1228900,231715690,704682,248,164598,115989247836,174761136,701710,h_u=2n,module_barriers,retain_all_square_workspace
163,4,129,129,328,129,0,8,lane_first,True,,268,1248808,235770706,715952,268,179666,128632232032,191875136,712980,h_u=2n,module_barriers,retain_all_square_workspace
163,4,130,130,328,130,0,8,lane_first,True,,272,1257844,237443826,721134,272,182478,131591090052,196148448,718162,h_u=2n,module_barriers,retain_all_square_workspace
163,4,131,131,328,131,0,8,lane_first,True,,276,1266880,239116946,726316,276,185290,134579091640,200463216,723344,h_u=2n,module_barriers,retain_all_square_workspace
163,4,132,132,328,132,0,8,lane_first,True,,276,1275916,240790066,731498,276,185290,135539264420,201893448,728526,h_u=2n,module_barriers,retain_all_square_workspace
163,4,133,133,328,133,0,8,lane_first,True,,280,1284952,242463186,736680,280,188102,138570981360,206270400,733708,h_u=2n,module_barriers,retain_all_square_workspace
163,4,134,134,328,134,0,8,lane_first,True,,280,1293988,244136306,741862,280,188102,139545725924,207721360,738890,h_u=2n,module_barriers,retain_all_square_workspace
163,4,135,135,328,135,0,8,lane_first,True,,280,1303024,245809426,747044,280,188102,140520470488,209172320,744072,h_u=2n,module_barriers,retain_all_square_workspace
163,4,136,136,328,136,0,8,lane_first,True,,280,1312060,247482546,752226,280,188102,141495215052,210623280,749254,h_u=2n,module_barriers,retain_all_square_workspace
163,4,137,137,328,137,0,8,lane_first,True,,284,1321096,249155666,757408,284,190914,144599790912,215103872,754436,h_u=2n,module_barriers,retain_all_square_workspace
163,4,138,138,328,138,0,8,lane_first,True,,284,1330132,250828786,762590,284,190914,145589107260,216575560,759618,h_u=2n,module_barriers,retain_all_square_workspace
163,4,139,139,328,139,0,8,lane_first,True,,284,1339168,252501906,767772,284,190914,146578423608,218047248,764800,h_u=2n,module_barriers,retain_all_square_workspace
163,4,140,140,328,140,0,8,lane_first,True,,284,1348204,254175026,772954,284,190914,147567739956,219518936,769982,h_u=2n,module_barriers,retain_all_square_workspace
163,4,141,141,328,141,0,8,lane_first,True,,284,1357240,255848146,778136,284,190914,148557056304,220990624,775164,h_u=2n,module_barriers,retain_all_square_workspace
163,4,142,142,328,142,0,8,lane_first,True,,284,1366276,257521266,783318,284,190914,149546372652,222462312,780346,h_u=2n,module_barriers,retain_all_square_workspace
163,4,143,143,328,143,0,8,lane_first,True,,284,1375312,259194386,788500,284,190914,150535689000,223934000,785528,h_u=2n,module_barriers,retain_all_square_workspace
163,4,144,144,328,144,0,8,lane_first,True,,284,1384348,260867506,793682,284,190914,151525005348,225405688,790710,h_u=2n,module_barriers,retain_all_square_workspace
163,4,145,145,328,145,0,8,lane_first,True,,288,1393384,262540626,798864,288,193726,154760727264,230072832,795892,h_u=2n,module_barriers,retain_all_square_workspace
163,4,146,146,328,146,0,8,lane_first,True,,288,1402420,264213746,804046,288,193726,155764615396,231565248,801074,h_u=2n,module_barriers,retain_all_square_workspace
163,4,147,147,328,147,0,8,lane_first,True,,288,1411456,265886866,809228,288,193726,156768503528,233057664,806256,h_u=2n,module_barriers,retain_all_square_workspace
163,4,148,148,328,148,0,8,lane_first,True,,288,1420492,267559986,814410,288,193726,157772391660,234550080,811438,h_u=2n,module_barriers,retain_all_square_workspace
163,4,149,149,328,149,0,8,lane_first,True,,288,1429528,269233106,819592,288,193726,158776279792,236042496,816620,h_u=2n,module_barriers,retain_all_square_workspace
163,4,150,150,328,150,0,8,lane_first,True,,288,1438564,270906226,824774,288,193726,159780167924,237534912,821802,h_u=2n,module_barriers,retain_all_square_workspace
163,4,151,151,328,151,0,8,lane_first,True,,288,1447600,272579346,829956,288,193726,160784056056,239027328,826984,h_u=2n,module_barriers,retain_all_square_workspace
163,4,152,152,328,152,0,8,lane_first,True,,288,1456636,274252466,835138,288,193726,161787944188,240519744,832166,h_u=2n,module_barriers,retain_all_square_workspace
163,4,153,153,328,153,0,8,lane_first,True,,288,1465672,275925586,840320,288,193726,162791832320,242012160,837348,h_u=2n,module_barriers,retain_all_square_workspace
163,4,154,154,328,154,0,8,lane_first,True,,288,1474708,277598706,845502,288,193726,163795720452,243504576,842530,h_u=2n,module_barriers,retain_all_square_workspace
163,4,155,155,328,155,0,8,lane_first,True,,288,1483744,279271826,850684,288,193726,164799608584,244996992,847712,h_u=2n,module_barriers,retain_all_square_workspace
163,4,156,156,328,156,0,8,lane_first,True,,288,1492780,280944946,855866,288,193726,165803496716,246489408,852894,h_u=2n,module_barriers,retain_all_square_workspace
163,4,157,157,328,157,0,8,lane_first,True,,288,1501816,282618066,861048,288,193726,166807384848,247981824,858076,h_u=2n,module_barriers,retain_all_square_workspace
163,4,158,158,328,158,0,8,lane_first,True,,288,1510852,284291186,866230,288,193726,167811272980,249474240,863258,h_u=2n,module_barriers,retain_all_square_workspace
163,4,159,159,328,159,0,8,lane_first,True,,288,1519888,285964306,871412,288,193726,168815161112,250966656,868440,h_u=2n,module_barriers,retain_all_square_workspace
163,4,160,160,328,160,0,8,lane_first,True,,288,1528924,287637426,876594,288,193726,169819049244,252459072,873622,h_u=2n,module_barriers,retain_all_square_workspace
163,4,161,161,328,161,0,8,lane_first,True,,292,1537960,289310546,881776,292,196538,173302491488,257478592,878804,h_u=2n,module_barriers,retain_all_square_workspace
163,4,162,162,328,162,0,8,lane_first,True,,292,1546996,290983666,886958,292,196538,174320951404,258991736,883986,h_u=2n,module_barriers,retain_all_square_workspace
163,4,163,163,328,163,0,8,lane_first,True,,292,1556032,292656786,892140,292,196538,175339411320,260504880,889168,h_u=2n,module_barriers,retain_all_square_workspace
163,4,164,164,328,164,0,8,lane_first,True,,276,1565068,294329906,897322,276,196362,176199942564,247660872,894350,h_u=2n,module_barriers,retain_all_square_workspace
163,4,165,165,328,165,0,8,lane_first,True,,276,1574120,296010842,902504,276,196362,177217490448,249091104,899532,h_u=2n,module_barriers,retain_all_square_workspace
163,4,166,166,328,166,0,8,lane_first,False,reduction:83,276,,,,,,,,,,,
163,4,167,167,328,167,0,8,lane_first,False,reduction:83,276,,,,,,,,,,,
163,4,168,168,328,168,0,8,lane_first,False,reduction:84,276,,,,,,,,,,,
163,4,169,169,328,169,0,8,lane_first,False,reduction:84,276,,,,,,,,,,,
163,4,170,170,328,170,0,8,lane_first,False,reduction:85,276,,,,,,,,,,,
163,4,171,171,328,171,0,8,lane_first,False,reduction:85,276,,,,,,,,,,,
163,4,172,172,328,172,0,8,lane_first,False,reduction:86,276,,,,,,,,,,,
163,4,173,173,328,173,0,8,lane_first,False,reduction:86,276,,,,,,,,,,,
163,4,174,174,328,174,0,8,lane_first,False,reduction:87,276,,,,,,,,,,,
163,4,175,175,328,175,0,8,lane_first,False,reduction:87,276,,,,,,,,,,,
163,4,176,176,328,176,0,8,lane_first,False,reduction:88,276,,,,,,,,,,,
163,4,177,177,328,177,0,8,lane_first,False,reduction:88,276,,,,,,,,,,,
163,4,178,178,328,178,0,8,lane_first,False,reduction:89,276,,,,,,,,,,,
163,4,179,179,328,179,0,8,lane_first,False,reduction:89,276,,,,,,,,,,,
163,4,180,180,328,180,0,8,lane_first,False,reduction:90,276,,,,,,,,,,,
163,4,181,181,328,181,0,8,lane_first,False,reduction:90,276,,,,,,,,,,,
163,4,182,182,328,182,0,8,lane_first,False,reduction:91,276,,,,,,,,,,,
163,4,183,183,328,183,0,8,lane_first,False,reduction:91,276,,,,,,,,,,,
163,4,184,184,328,184,0,8,lane_first,False,reduction:92,276,,,,,,,,,,,
163,4,185,185,328,185,0,8,lane_first,False,reduction:92,276,,,,,,,,,,,
163,4,186,186,328,186,0,8,lane_first,False,reduction:93,276,,,,,,,,,,,
163,4,187,187,328,187,0,8,lane_first,False,reduction:93,276,,,,,,,,,,,
163,4,188,188,328,188,0,8,lane_first,False,reduction:94,276,,,,,,,,,,,
163,4,189,189,328,189,0,8,lane_first,False,reduction:94,276,,,,,,,,,,,
163,4,190,190,328,190,0,8,lane_first,False,reduction:95,276,,,,,,,,,,,
163,4,191,191,328,191,0,8,lane_first,False,reduction:95,276,,,,,,,,,,,
163,4,192,192,328,192,0,8,lane_first,False,reduction:96,276,,,,,,,,,,,
163,4,193,193,328,193,0,8,lane_first,False,reduction:96,280,,,,,,,,,,,
163,4,194,194,328,194,0,8,lane_first,False,reduction:97,280,,,,,,,,,,,
163,4,195,195,328,195,0,8,lane_first,False,reduction:97,280,,,,,,,,,,,
163,4,196,196,328,196,0,8,lane_first,False,reduction:98,280,,,,,,,,,,,
163,4,197,197,328,197,0,8,lane_first,False,reduction:98,280,,,,,,,,,,,
163,4,198,198,328,198,0,8,lane_first,False,reduction:99,280,,,,,,,,,,,
163,4,199,199,328,199,0,8,lane_first,False,reduction:99,280,,,,,,,,,,,
163,4,200,200,328,200,0,8,lane_first,False,reduction:100,280,,,,,,,,,,,
163,4,201,201,328,201,0,8,lane_first,False,reduction:100,280,,,,,,,,,,,
163,4,202,202,328,202,0,8,lane_first,False,reduction:101,280,,,,,,,,,,,
163,4,203,203,328,203,0,8,lane_first,False,reduction:101,280,,,,,,,,,,,
163,4,204,204,328,204,0,8,lane_first,False,reduction:102,280,,,,,,,,,,,
163,4,205,205,328,205,0,8,lane_first,False,reduction:102,280,,,,,,,,,,,
163,4,206,206,328,206,0,8,lane_first,False,reduction:103,280,,,,,,,,,,,
163,4,207,207,328,207,0,8,lane_first,False,reduction:103,280,,,,,,,,,,,
163,4,208,208,328,208,0,8,lane_first,False,reduction:104,280,,,,,,,,,,,
163,4,209,209,328,209,0,8,lane_first,False,reduction:104,280,,,,,,,,,,,
163,4,210,210,328,210,0,8,lane_first,False,reduction:105,280,,,,,,,,,,,
163,4,211,211,328,211,0,8,lane_first,False,reduction:105,280,,,,,,,,,,,
163,4,212,212,328,212,0,8,lane_first,False,reduction:106,280,,,,,,,,,,,
163,4,213,213,328,213,0,8,lane_first,False,reduction:106,280,,,,,,,,,,,
163,4,214,214,328,214,0,8,lane_first,False,reduction:107,280,,,,,,,,,,,
163,4,215,215,328,215,0,8,lane_first,False,reduction:107,280,,,,,,,,,,,
163,4,216,216,328,216,0,8,lane_first,False,reduction:108,280,,,,,,,,,,,
163,4,217,217,328,217,0,8,lane_first,False,reduction:108,280,,,,,,,,,,,
163,4,218,218,328,218,0,8,lane_first,False,reduction:109,280,,,,,,,,,,,
163,4,219,219,328,219,0,8,lane_first,False,reduction:109,280,,,,,,,,,,,
163,4,220,220,328,220,0,8,lane_first,False,reduction:110,280,,,,,,,,,,,
163,4,221,221,328,221,0,8,lane_first,False,reduction:110,280,,,,,,,,,,,
163,4,222,222,328,222,0,8,lane_first,False,reduction:111,280,,,,,,,,,,,
163,4,223,223,328,223,0,8,lane_first,False,reduction:111,280,,,,,,,,,,,
163,4,224,224,328,224,0,8,lane_first,False,reduction:112,280,,,,,,,,,,,
163,4,225,225,328,225,0,8,lane_first,False,reduction:112,280,,,,,,,,,,,
163,4,226,226,328,226,0,8,lane_first,False,reduction:113,280,,,,,,,,,,,
163,4,227,227,328,227,0,8,lane_first,False,reduction:113,280,,,,,,,,,,,
163,4,228,228,328,228,0,8,lane_first,False,reduction:114,280,,,,,,,,,,,
163,4,229,229,328,229,0,8,lane_first,False,reduction:114,280,,,,,,,,,,,
163,4,230,230,328,230,0,8,lane_first,False,reduction:115,280,,,,,,,,,,,
163,4,231,231,328,231,0,8,lane_first,False,reduction:115,280,,,,,,,,,,,
163,4,232,232,328,232,0,8,lane_first,False,reduction:116,280,,,,,,,,,,,
163,4,233,233,328,233,0,8,lane_first,False,reduction:116,280,,,,,,,,,,,
163,4,234,234,328,234,0,8,lane_first,False,reduction:117,280,,,,,,,,,,,
163,4,235,235,328,235,0,8,lane_first,False,reduction:117,280,,,,,,,,,,,
163,4,236,236,328,236,0,8,lane_first,False,reduction:118,280,,,,,,,,,,,
163,4,237,237,328,237,0,8,lane_first,False,reduction:118,280,,,,,,,,,,,
163,4,238,238,328,238,0,8,lane_first,False,reduction:119,280,,,,,,,,,,,
163,4,239,239,328,239,0,8,lane_first,False,reduction:119,280,,,,,,,,,,,
163,4,240,240,328,240,0,8,lane_first,False,reduction:120,280,,,,,,,,,,,
163,4,241,241,328,241,0,8,lane_first,False,reduction:120,280,,,,,,,,,,,
163,4,242,242,328,242,0,8,lane_first,False,reduction:121,280,,,,,,,,,,,
163,4,243,243,328,243,0,8,lane_first,False,reduction:121,280,,,,,,,,,,,
163,4,244,244,328,244,0,8,lane_first,False,reduction:122,280,,,,,,,,,,,
163,4,245,245,328,245,0,8,lane_first,False,reduction:122,280,,,,,,,,,,,
163,4,246,246,328,246,0,8,lane_first,False,reduction:123,280,,,,,,,,,,,
163,4,247,247,328,247,0,8,lane_first,False,reduction:123,280,,,,,,,,,,,
163,4,248,248,328,248,0,8,lane_first,False,reduction:124,280,,,,,,,,,,,
163,4,249,249,328,249,0,8,lane_first,False,reduction:124,280,,,,,,,,,,,
163,4,250,250,328,250,0,8,lane_first,False,reduction:125,280,,,,,,,,,,,
163,4,251,251,328,251,0,8,lane_first,False,reduction:125,280,,,,,,,,,,,
163,4,252,252,328,252,0,8,lane_first,False,reduction:126,280,,,,,,,,,,,
163,4,253,253,328,253,0,8,lane_first,False,reduction:126,280,,,,,,,,,,,
163,4,254,254,328,254,0,8,lane_first,False,reduction:127,280,,,,,,,,,,,
163,4,255,255,328,255,0,8,lane_first,False,reduction:127,280,,,,,,,,,,,
163,4,256,256,328,256,0,8,lane_first,False,reduction:128,280,,,,,,,,,,,
163,4,257,257,328,257,0,9,lane_first,False,reduction:128,300,,,,,,,,,,,
163,4,258,258,328,258,0,9,lane_first,False,reduction:129,304,,,,,,,,,,,
163,4,259,259,328,259,0,9,lane_first,False,reduction:129,308,,,,,,,,,,,
163,4,260,260,328,260,0,9,lane_first,False,reduction:130,308,,,,,,,,,,,
163,4,261,261,328,261,0,9,lane_first,False,reduction:130,312,,,,,,,,,,,
163,4,262,262,328,262,0,9,lane_first,False,reduction:131,312,,,,,,,,,,,
163,4,263,263,328,263,0,9,lane_first,False,reduction:131,312,,,,,,,,,,,
163,4,264,264,328,264,0,9,lane_first,False,reduction:132,312,,,,,,,,,,,
163,4,265,265,328,265,0,9,lane_first,False,reduction:132,316,,,,,,,,,,,
163,4,266,266,328,266,0,9,lane_first,False,reduction:133,316,,,,,,,,,,,
163,4,267,267,328,267,0,9,lane_first,False,reduction:133,316,,,,,,,,,,,
163,4,268,268,328,268,0,9,lane_first,False,reduction:134,316,,,,,,,,,,,
163,4,269,269,328,269,0,9,lane_first,False,reduction:134,316,,,,,,,,,,,
163,4,270,270,328,270,0,9,lane_first,False,reduction:135,316,,,,,,,,,,,
163,4,271,271,328,271,0,9,lane_first,False,reduction:135,316,,,,,,,,,,,
163,4,272,272,328,272,0,9,lane_first,False,reduction:136,316,,,,,,,,,,,
163,4,273,273,328,273,0,9,lane_first,False,reduction:136,320,,,,,,,,,,,
163,4,274,274,328,274,0,9,lane_first,False,reduction:137,320,,,,,,,,,,,
163,4,275,275,328,275,0,9,lane_first,False,reduction:137,320,,,,,,,,,,,
163,4,276,276,328,276,0,9,lane_first,False,reduction:138,320,,,,,,,,,,,
163,4,277,277,328,277,0,9,lane_first,False,reduction:138,320,,,,,,,,,,,
163,4,278,278,328,278,0,9,lane_first,False,reduction:139,320,,,,,,,,,,,
163,4,279,279,328,279,0,9,lane_first,False,reduction:139,320,,,,,,,,,,,
163,4,280,280,328,280,0,9,lane_first,False,reduction:140,320,,,,,,,,,,,
163,4,281,281,328,281,0,9,lane_first,False,reduction:140,320,,,,,,,,,,,
163,4,282,282,328,282,0,9,lane_first,False,reduction:141,320,,,,,,,,,,,
163,4,283,283,328,283,0,9,lane_first,False,reduction:141,320,,,,,,,,,,,
163,4,284,284,328,284,0,9,lane_first,False,reduction:142,320,,,,,,,,,,,
163,4,285,285,328,285,0,9,lane_first,False,reduction:142,320,,,,,,,,,,,
163,4,286,286,328,286,0,9,lane_first,False,reduction:143,320,,,,,,,,,,,
163,4,287,287,328,287,0,9,lane_first,False,reduction:143,320,,,,,,,,,,,
163,4,288,288,328,288,0,9,lane_first,False,reduction:144,320,,,,,,,,,,,
163,4,289,289,328,289,0,9,lane_first,False,reduction:144,324,,,,,,,,,,,
163,4,290,290,328,290,0,9,lane_first,False,reduction:145,324,,,,,,,,,,,
163,4,291,291,328,291,0,9,lane_first,False,reduction:145,324,,,,,,,,,,,
163,4,292,292,328,292,0,9,lane_first,False,reduction:146,324,,,,,,,,,,,
163,4,293,293,328,293,0,9,lane_first,False,reduction:146,324,,,,,,,,,,,
163,4,294,294,328,294,0,9,lane_first,False,reduction:147,324,,,,,,,,,,,
163,4,295,295,328,295,0,9,lane_first,False,reduction:147,324,,,,,,,,,,,
163,4,296,296,328,296,0,9,lane_first,False,reduction:148,324,,,,,,,,,,,
163,4,297,297,328,297,0,9,lane_first,False,reduction:148,324,,,,,,,,,,,
163,4,298,298,328,298,0,9,lane_first,False,reduction:149,324,,,,,,,,,,,
163,4,299,299,328,299,0,9,lane_first,False,reduction:149,324,,,,,,,,,,,
163,4,300,300,328,300,0,9,lane_first,False,reduction:150,324,,,,,,,,,,,
163,4,301,301,328,301,0,9,lane_first,False,reduction:150,324,,,,,,,,,,,
163,4,302,302,328,302,0,9,lane_first,False,reduction:151,324,,,,,,,,,,,
163,4,303,303,328,303,0,9,lane_first,False,reduction:151,324,,,,,,,,,,,
163,4,304,304,328,304,0,9,lane_first,False,reduction:152,324,,,,,,,,,,,
163,4,305,305,328,305,0,9,lane_first,False,reduction:152,324,,,,,,,,,,,
163,4,306,306,328,306,0,9,lane_first,False,reduction:153,324,,,,,,,,,,,
163,4,307,307,328,307,0,9,lane_first,False,reduction:153,324,,,,,,,,,,,
163,4,308,308,328,308,0,9,lane_first,False,reduction:154,324,,,,,,,,,,,
163,4,309,309,328,309,0,9,lane_first,False,reduction:154,324,,,,,,,,,,,
163,4,310,310,328,310,0,9,lane_first,False,reduction:155,324,,,,,,,,,,,
163,4,311,311,328,311,0,9,lane_first,False,reduction:155,324,,,,,,,,,,,
163,4,312,312,328,312,0,9,lane_first,False,reduction:156,324,,,,,,,,,,,
163,4,313,313,328,313,0,9,lane_first,False,reduction:156,324,,,,,,,,,,,
163,4,314,314,328,314,0,9,lane_first,False,reduction:157,324,,,,,,,,,,,
163,4,315,315,328,315,0,9,lane_first,False,reduction:157,324,,,,,,,,,,,
163,4,316,316,328,316,0,9,lane_first,False,reduction:158,324,,,,,,,,,,,
163,4,317,317,328,317,0,9,lane_first,False,reduction:158,324,,,,,,,,,,,
163,4,318,318,328,318,0,9,lane_first,False,reduction:159,324,,,,,,,,,,,
163,4,319,319,328,319,0,9,lane_first,False,reduction:159,324,,,,,,,,,,,
163,4,320,320,328,320,0,9,lane_first,False,reduction:160,324,,,,,,,,,,,
163,4,321,321,328,321,0,9,lane_first,False,reduction:160,328,,,,,,,,,,,
163,4,322,322,328,322,0,9,lane_first,False,reduction:161,328,,,,,,,,,,,
163,4,323,323,328,323,0,9,lane_first,False,reduction:161,328,,,,,,,,,,,
163,4,324,324,328,324,0,9,lane_first,False,reduction:162,328,,,,,,,,,,,
163,4,325,325,328,325,0,9,lane_first,False,reduction:162,328,,,,,,,,,,,
163,4,326,326,328,326,0,9,lane_first,False,reduction:163,328,,,,,,,,,,,
163,4,327,327,328,327,0,9,lane_first,False,reduction:163,328,,,,,,,,,,,
163,4,328,328,328,328,0,9,lane_first,False,reduction:164,320,,,,,,,,,,,
163,5,1,1,328,66,65,0,lane_first,True,,15796,1310076,272097018,715312,15796,1157208,827764768896,11299068352,712340,h_u=2n,module_barriers,retain_all_square_workspace
163,5,2,2,328,66,32,1,lane_first,True,,7952,962004,195783986,520822,7952,673626,350839240572,4141576544,517850,h_u=2n,module_barriers,retain_all_square_workspace
163,5,3,3,328,66,21,2,lane_first,True,,5452,853180,171903758,460268,5452,522770,240614302360,2509381136,457296,h_u=2n,module_barriers,retain_all_square_workspace
163,5,4,4,328,68,16,2,lane_first,True,,3984,816684,163229774,439866,3984,406124,178640139384,1752426144,436894,h_u=2n,module_barriers,retain_all_square_workspace
163,5,5,5,328,68,13,3,lane_first,True,,3284,795012,158490722,428016,3284,384588,164609817408,1405604544,425044,h_u=2n,module_barriers,retain_all_square_workspace
163,5,6,6,328,66,10,3,lane_first,True,,2748,744148,147901086,400366,2748,314224,125804605984,1100205768,397394,h_u=2n,module_barriers,retain_all_square_workspace
163,5,7,7,328,70,9,3,lane_first,True,,2284,769060,152027990,414028,2284,288334,119378349352,945639952,411056,h_u=2n,module_barriers,retain_all_square_workspace
163,5,8,8,328,72,8,3,lane_first,True,,2016,776356,153030106,417978,2016,261958,109492680924,842643648,415006,h_u=2n,module_barriers,retain_all_square_workspace
163,5,9,9,328,72,7,4,lane_first,True,,1820,776076,152882902,418304,1820,270678,113225690112,761313280,415332,h_u=2n,module_barriers,retain_all_square_workspace
163,5,10,10,328,70,6,4,lane_first,True,,1592,746604,146885114,402830,1592,244822,98621646260,641305360,399858,h_u=2n,module_barriers,retain_all_square_workspace
163,5,11,11,328,66,5,4,lane_first,True,,1520,700140,138067366,377644,1520,220722,83354338968,574018880,374672,h_u=2n,module_barriers,retain_all_square_workspace
163,5,12,12,328,72,5,4,lane_first,True,,1336,753556,147708766,407106,1336,218618,89000699508,543893616,404134,h_u=2n,module_barriers,retain_all_square_workspace
163,5,13,13,328,68,5,4,lane_first,True,,1292,718076,141327634,388008,1292,215240,83514841920,501306336,385036,h_u=2n,module_barriers,retain_all_square_workspace
163,5,14,14,328,70,4,4,lane_first,True,,1140,724124,141720102,391958,1140,193068,75674547144,446832120,388986,h_u=2n,module_barriers,retain_all_square_workspace
163,5,15,15,328,75,4,4,lane_first,True,,1052,769452,150150830,416564,1052,192020,79988619280,438225328,413592,h_u=2n,module_barriers,retain_all_square_workspace
163,5,16,16,328,72,4,4,lane_first,True,,1036,742908,145394614,402322,1036,189036,76053341592,416805592,399350,h_u=2n,module_barriers,retain_all_square_workspace
163,5,17,17,328,68,3,5,lane_first,True,,1036,705972,138302218,383224,1036,188960,72414007040,397020064,380252,h_u=2n,module_barriers,retain_all_square_workspace
163,5,18,18,328,72,3,5,lane_first,True,,916,741420,144646882,402974,916,190368,76713354432,369124184,400002,h_u=2n,module_barriers,retain_all_square_workspace
163,5,19,19,328,76,3,5,lane_first,True,,860,777636,151366714,422724,860,192480,81365915520,363542640,419752,h_u=2n,module_barriers,retain_all_square_workspace
163,5,20,20,328,80,3,5,lane_first,True,,832,814172,158242866,442474,832,192132,85013414568,368138368,439502,h_u=2n,module_barriers,retain_all_square_workspace
163,5,21,21,328,76,3,5,lane_first,True,,820,778404,151721042,423376,820,191960,81271256960,347168320,420404,h_u=2n,module_barriers,retain_all_square_workspace
163,5,22,22,328,66,2,5,lane_first,True,,784,677252,132630102,369054,784,165568,61103532672,289338336,366082,h_u=2n,module_barriers,retain_all_square_workspace
163,5,23,23,328,69,2,5,lane_first,True,,784,703140,137045022,383948,784,165568,63569502464,301015232,380976,h_u=2n,module_barriers,retain_all_square_workspace
163,5,24,24,328,72,2,5,lane_first,True,,660,729540,141710054,398842,660,164164,65475498088,263235720,395870,h_u=2n,module_barriers,retain_all_square_workspace
163,5,25,25,328,75,2,5,lane_first,True,,664,756324,146562674,413736,664,166930,69064950480,274720704,410764,h_u=2n,module_barriers,retain_all_square_workspace
163,5,26,26,328,78,2,5,lane_first,True,,604,783428,151571610,428630,604,166230,71251164900,258892520,425658,h_u=2n,module_barriers,retain_all_square_workspace
163,5,27,27,328,81,2,5,lane_first,True,,604,810628,156627442,443524,604,166230,73726994520,267888496,440552,h_u=2n,module_barriers,retain_all_square_workspace
163,5,28,28,328,84,2,5,lane_first,True,,576,837956,161745802,458418,576,165882,76043294676,264048768,455446,h_u=2n,module_barriers,retain_all_square_workspace
163,5,29,29,328,87,2,5,lane_first,True,,576,865348,166895426,473312,576,165882,78513941184,272627712,470340,h_u=2n,module_barriers,retain_all_square_workspace
163,5,30,30,328,88,2,5,lane_first,True,,564,874644,168685786,478494,564,165710,79291240740,269870616,475522,h_u=2n,module_barriers,retain_all_square_workspace
163,5,31,31,328,80,2,5,lane_first,True,,564,802508,155359458,439972,564,165710,72907760120,248144208,437000,h_u=2n,module_barriers,retain_all_square_workspace
163,5,32,32,328,72,2,5,lane_first,True,,556,730372,142033130,401450,556,160086,64266524700,223206200,398478,h_u=2n,module_barriers,retain_all_square_workspace
163,5,33,33,328,66,1,6,lane_first,True,,548,676108,131956638,372640,548,154386,57530399040,204206720,369668,h_u=2n,module_barriers,retain_all_square_workspace
163,5,34,34,328,68,1,6,lane_first,True,,552,693332,134879510,382678,552,157198,60156216244,211238256,379706,h_u=2n,module_barriers,retain_all_square_workspace
163,5,35,35,328,70,1,6,lane_first,True,,556,710556,137802382,392716,556,160010,62838487160,218350096,389744,h_u=2n,module_barriers,retain_all_square_workspace
163,5,36,36,328,72,1,6,lane_first,True,,556,727780,140725254,402754,556,160010,64444667540,223931224,399782,h_u=2n,module_barriers,retain_all_square_workspace
163,5,37,37,328,74,1,6,lane_first,True,,436,745324,143804446,412792,436,161418,66632059056,179977312,409820,h_u=2n,module_barriers,retain_all_square_workspace
163,5,38,38,328,76,1,6,lane_first,True,,436,763124,147008694,422830,436,161418,68252372940,184353880,419858,h_u=2n,module_barriers,retain_all_square_workspace
163,5,39,39,328,78,1,6,lane_first,True,,436,780924,150212942,432868,436,161418,69872686824,188730448,429896,h_u=2n,module_barriers,retain_all_square_workspace
163,5,40,40,328,80,1,6,lane_first,True,,436,798724,153417190,442906,436,161418,71493000708,193107016,439934,h_u=2n,module_barriers,retain_all_square_workspace
163,5,41,41,328,82,1,6,lane_first,True,,380,816524,156621438,452944,380,163530,74069932320,172118720,449972,h_u=2n,module_barriers,retain_all_square_workspace
163,5,42,42,328,84,1,6,lane_first,True,,380,834580,159950742,462982,380,163530,75711446460,175933160,460010,h_u=2n,module_barriers,retain_all_square_workspace
163,5,43,43,328,86,1,6,lane_first,True,,380,852636,163280046,473020,380,163530,77352960600,179747600,470048,h_u=2n,module_barriers,retain_all_square_workspace
163,5,44,44,328,88,1,6,lane_first,True,,380,870692,166609350,483058,380,163530,78994474740,183562040,480086,h_u=2n,module_barriers,retain_all_square_workspace
163,5,45,45,328,90,1,6,lane_first,True,,380,888748,169938654,493096,380,163530,80635988880,187376480,490124,h_u=2n,module_barriers,retain_all_square_workspace
163,5,46,46,328,92,1,6,lane_first,True,,380,906804,173267958,503134,380,163530,82277503020,191190920,500162,h_u=2n,module_barriers,retain_all_square_workspace
163,5,47,47,328,94,1,6,lane_first,True,,352,924876,176605078,513172,352,163182,83740433304,180636544,510200,h_u=2n,module_barriers,retain_all_square_workspace
163,5,48,48,328,96,1,6,lane_first,True,,352,943044,179989094,523210,352,163182,85378454220,184169920,520238,h_u=2n,module_barriers,retain_all_square_workspace
163,5,49,49,328,98,1,6,lane_first,True,,356,961212,183373114,533248,356,165948,88491439104,189836288,530276,h_u=2n,module_barriers,retain_all_square_workspace
163,5,50,50,328,100,1,6,lane_first,True,,356,979380,186757130,543286,356,165948,90157225128,193409816,540314,h_u=2n,module_barriers,retain_all_square_workspace
163,5,51,51,328,102,1,6,lane_first,True,,356,997548,190141146,553324,356,165948,91823011152,196983344,550352,h_u=2n,module_barriers,retain_all_square_workspace
163,5,52,52,328,104,1,6,lane_first,True,,356,1015716,193525162,563362,356,165948,93488797176,200556872,560390,h_u=2n,module_barriers,retain_all_square_workspace
163,5,53,53,328,106,1,6,lane_first,True,,356,1033884,196909178,573400,356,165948,95154583200,204130400,570428,h_u=2n,module_barriers,retain_all_square_workspace
163,5,54,54,328,108,1,6,lane_first,True,,356,1052052,200293194,583438,356,165948,96820369224,207703928,580466,h_u=2n,module_barriers,retain_all_square_workspace
163,5,55,55,328,108,1,6,lane_first,True,,344,1052124,200317946,583764,344,165776,96774060864,200814816,580792,h_u=2n,module_barriers,retain_all_square_workspace
163,5,56,56,328,104,1,6,lane_first,True,,344,1016004,193624170,564666,344,165776,93608070816,194245104,561694,h_u=2n,module_barriers,retain_all_square_workspace
163,5,57,57,328,100,1,6,lane_first,True,,344,979884,186930394,545568,344,165776,90442080768,187675392,542596,h_u=2n,module_barriers,retain_all_square_workspace
163,5,58,58,328,96,1,6,lane_first,True,,344,943764,180236618,526470,344,165776,87276090720,181105680,523498,h_u=2n,module_barriers,retain_all_square_workspace
163,5,59,59,328,92,1,6,lane_first,True,,344,907644,173542842,507372,344,165776,84110100672,174535968,504400,h_u=2n,module_barriers,retain_all_square_workspace
163,5,60,60,328,88,1,6,lane_first,True,,340,871524,166849066,488274,340,162964,79571084136,166013160,485302,h_u=2n,module_barriers,retain_all_square_workspace
163,5,61,61,328,84,1,6,lane_first,True,,340,835404,160155290,469176,340,162964,76458797664,159519840,466204,h_u=2n,module_barriers,retain_all_square_workspace
163,5,62,62,328,80,1,6,lane_first,True,,340,799284,153461514,450078,340,162964,73346511192,153026520,447106,h_u=2n,module_barriers,retain_all_square_workspace
163,5,63,63,328,76,1,6,lane_first,True,,336,763164,146767738,430980,336,160152,69022308960,144809280,428008,h_u=2n,module_barriers,retain_all_square_workspace
163,5,64,64,328,72,1,6,lane_first,True,,332,727044,140073962,411882,332,157340,64805513880,136744824,408910,h_u=2n,module_barriers,retain_all_square_workspace
163,5,65,65,328,68,1,7,lane_first,True,,348,701796,135762082,398872,348,169596,67647095712,138807456,395900,h_u=2n,module_barriers,retain_all_square_workspace
163,5,66,66,328,66,0,7,lane_first,True,,324,672796,129998774,383398,324,151640,58138472720,124220952,380426,h_u=2n,module_barriers,retain_all_square_workspace
163,5,67,67,328,67,0,7,lane_first,True,,328,681656,131585918,388580,328,154452,60016958160,127454240,385608,h_u=2n,module_barriers,retain_all_square_workspace
163,5,68,68,328,68,0,7,lane_first,True,,328,690516,133173062,393762,328,154452,60817328424,129153936,390790,h_u=2n,module_barriers,retain_all_square_workspace
163,5,69,69,328,69,0,7,lane_first,True,,332,699376,134760206,398944,332,157264,62739529216,132449408,395972,h_u=2n,module_barriers,retain_all_square_workspace
163,5,70,70,328,70,0,7,lane_first,True,,332,708236,136347350,404126,332,157264,63554471264,134169832,401154,h_u=2n,module_barriers,retain_all_square_workspace
163,5,71,71,328,71,0,7,lane_first,True,,332,717096,137934494,409308,332,157264,64369413312,135890256,406336,h_u=2n,module_barriers,retain_all_square_workspace
163,5,72,72,328,72,0,7,lane_first,True,,332,725956,139521638,414490,332,157264,65184355360,137610680,411518,h_u=2n,module_barriers,retain_all_square_workspace
163,5,73,73,328,73,0,7,lane_first,True,,336,734816,141108782,419672,336,160076,67179415072,141009792,416700,h_u=2n,module_barriers,retain_all_square_workspace
163,5,74,74,328,74,0,7,lane_first,True,,336,743676,142695926,424854,336,160076,68008928904,142750944,421882,h_u=2n,module_barriers,retain_all_square_workspace
163,5,75,75,328,75,0,7,lane_first,True,,336,752536,144283070,430036,336,160076,68838442736,144492096,427064,h_u=2n,module_barriers,retain_all_square_workspace
163,5,76,76,328,76,0,7,lane_first,True,,336,761396,145870214,435218,336,160076,69667956568,146233248,432246,h_u=2n,module_barriers,retain_all_square_workspace
163,5,77,77,328,77,0,7,lane_first,True,,336,770256,147457358,440400,336,160076,70497470400,147974400,437428,h_u=2n,module_barriers,retain_all_square_workspace
163,5,78,78,328,78,0,7,lane_first,True,,336,779116,149044502,445582,336,160076,71326984232,149715552,442610,h_u=2n,module_barriers,retain_all_square_workspace
163,5,79,79,328,79,0,7,lane_first,True,,336,787976,150631646,450764,336,160076,72156498064,151456704,447792,h_u=2n,module_barriers,retain_all_square_workspace
163,5,80,80,328,80,0,7,lane_first,True,,336,796836,152218790,455946,336,160076,72986011896,153197856,452974,h_u=2n,module_barriers,retain_all_square_workspace
163,5,81,81,328,81,0,7,lane_first,True,,340,805696,153805934,461128,340,162888,75112217664,156783520,458156,h_u=2n,module_barriers,retain_all_square_workspace
163,5,82,82,328,82,0,7,lane_first,True,,276,814556,155393078,466310,276,162184,75628021040,128701560,463338,h_u=2n,module_barriers,retain_all_square_workspace
163,5,83,83,328,83,0,7,lane_first,True,,276,823544,157042750,471492,276,162184,76468458528,130131792,468520,h_u=2n,module_barriers,retain_all_square_workspace
163,5,84,84,328,84,0,7,lane_first,True,,276,832532,158692422,476674,276,162184,77308896016,131562024,473702,h_u=2n,module_barriers,retain_all_square_workspace
163,5,85,85,328,85,0,7,lane_first,True,,276,841520,160342094,481856,276,162184,78149333504,132992256,478884,h_u=2n,module_barriers,retain_all_square_workspace
163,5,86,86,328,86,0,7,lane_first,True,,276,850508,161991766,487038,276,162184,78989770992,134422488,484066,h_u=2n,module_barriers,retain_all_square_workspace
163,5,87,87,328,87,0,7,lane_first,True,,276,859496,163641438,492220,276,162184,79830208480,135852720,489248,h_u=2n,module_barriers,retain_all_square_workspace
163,5,88,88,328,88,0,7,lane_first,True,,276,868484,165291110,497402,276,162184,80670645968,137282952,494430,h_u=2n,module_barriers,retain_all_square_workspace
163,5,89,89,328,89,0,7,lane_first,True,,276,877472,166940782,502584,276,162184,81511083456,138713184,499612,h_u=2n,module_barriers,retain_all_square_workspace
163,5,90,90,328,90,0,7,lane_first,True,,276,886460,168590454,507766,276,162184,82351520944,140143416,504794,h_u=2n,module_barriers,retain_all_square_workspace
163,5,91,91,328,91,0,7,lane_first,True,,276,895448,170240126,512948,276,162184,83191958432,141573648,509976,h_u=2n,module_barriers,retain_all_square_workspace
163,5,92,92,328,92,0,7,lane_first,True,,276,904436,171889798,518130,276,162184,84032395920,143003880,515158,h_u=2n,module_barriers,retain_all_square_workspace
163,5,93,93,328,93,0,7,lane_first,True,,276,913424,173539470,523312,276,162184,84872833408,144434112,520340,h_u=2n,module_barriers,retain_all_square_workspace
163,5,94,94,328,94,0,7,lane_first,True,,276,922412,175189142,528494,276,162184,85713270896,145864344,525522,h_u=2n,module_barriers,retain_all_square_workspace
163,5,95,95,328,95,0,7,lane_first,True,,276,931400,176838814,533676,276,162184,86553708384,147294576,530704,h_u=2n,module_barriers,retain_all_square_workspace
163,5,96,96,328,96,0,7,lane_first,True,,276,940388,178488486,538858,276,162184,87394145872,148724808,535886,h_u=2n,module_barriers,retain_all_square_workspace
163,5,97,97,328,97,0,7,lane_first,True,,280,949376,180138162,544040,280,164950,89739398000,152331200,541068,h_u=2n,module_barriers,retain_all_square_workspace
163,5,98,98,328,98,0,7,lane_first,True,,280,958364,181787834,549222,280,164950,90594168900,153782160,546250,h_u=2n,module_barriers,retain_all_square_workspace
163,5,99,99,328,99,0,7,lane_first,True,,280,967352,183437506,554404,280,164950,91448939800,155233120,551432,h_u=2n,module_barriers,retain_all_square_workspace
163,5,100,100,328,100,0,7,lane_first,True,,280,976340,185087178,559586,280,164950,92303710700,156684080,556614,h_u=2n,module_barriers,retain_all_square_workspace
163,5,101,101,328,101,0,7,lane_first,True,,280,985328,186736850,564768,280,164950,93158481600,158135040,561796,h_u=2n,module_barriers,retain_all_square_workspace
163,5,102,102,328,102,0,7,lane_first,True,,280,994316,188386522,569950,280,164950,94013252500,159586000,566978,h_u=2n,module_barriers,retain_all_square_workspace
163,5,103,103,328,103,0,7,lane_first,True,,280,1003304,190036194,575132,280,164950,94868023400,161036960,572160,h_u=2n,module_barriers,retain_all_square_workspace
163,5,104,104,328,104,0,7,lane_first,True,,280,1012292,191685866,580314,280,164950,95722794300,162487920,577342,h_u=2n,module_barriers,retain_all_square_workspace
163,5,105,105,328,105,0,7,lane_first,True,,280,1021280,193335538,585496,280,164950,96577565200,163938880,582524,h_u=2n,module_barriers,retain_all_square_workspace
163,5,106,106,328,106,0,7,lane_first,True,,280,1030268,194985210,590678,280,164950,97432336100,165389840,587706,h_u=2n,module_barriers,retain_all_square_workspace
163,5,107,107,328,107,0,7,lane_first,True,,280,1039256,196634882,595860,280,164950,98287107000,166840800,592888,h_u=2n,module_barriers,retain_all_square_workspace
163,5,108,108,328,108,0,7,lane_first,True,,280,1048244,198284554,601042,280,164950,99141877900,168291760,598070,h_u=2n,module_barriers,retain_all_square_workspace
163,5,109,109,328,109,0,7,lane_first,True,,280,1057232,199934226,606224,280,164950,99996648800,169742720,603252,h_u=2n,module_barriers,retain_all_square_workspace
163,5,110,110,328,110,0,7,lane_first,True,,248,1066252,201599530,611406,248,164598,100636204788,151628688,608434,h_u=2n,module_barriers,retain_all_square_workspace
163,5,111,111,328,111,0,7,lane_first,True,,248,1075288,203272650,616588,248,164598,101489151624,152913824,613616,h_u=2n,module_barriers,retain_all_square_workspace
163,5,112,112,328,112,0,7,lane_first,True,,248,1084324,204945770,621770,248,164598,102342098460,154198960,618798,h_u=2n,module_barriers,retain_all_square_workspace
163,5,113,113,328,113,0,7,lane_first,True,,248,1093360,206618890,626952,248,164598,103195045296,155484096,623980,h_u=2n,module_barriers,retain_all_square_workspace
163,5,114,114,328,114,0,7,lane_first,True,,248,1102396,208292010,632134,248,164598,104047992132,156769232,629162,h_u=2n,module_barriers,retain_all_square_workspace
163,5,115,115,328,115,0,7,lane_first,True,,248,1111432,209965130,637316,248,164598,104900938968,158054368,634344,h_u=2n,module_barriers,retain_all_square_workspace
163,5,116,116,328,116,0,7,lane_first,True,,248,1120468,211638250,642498,248,164598,105753885804,159339504,639526,h_u=2n,module_barriers,retain_all_square_workspace
163,5,117,117,328,117,0,7,lane_first,True,,248,1129504,213311370,647680,248,164598,106606832640,160624640,644708,h_u=2n,module_barriers,retain_all_square_workspace
163,5,118,118,328,118,0,7,lane_first,True,,248,1138540,214984490,652862,248,164598,107459779476,161909776,649890,h_u=2n,module_barriers,retain_all_square_workspace
163,5,119,119,328,119,0,7,lane_first,True,,248,1147576,216657610,658044,248,164598,108312726312,163194912,655072,h_u=2n,module_barriers,retain_all_square_workspace
163,5,120,120,328,120,0,7,lane_first,True,,248,1156612,218330730,663226,248,164598,109165673148,164480048,660254,h_u=2n,module_barriers,retain_all_square_workspace
163,5,121,121,328,121,0,7,lane_first,True,,248,1165648,220003850,668408,248,164598,110018619984,165765184,665436,h_u=2n,module_barriers,retain_all_square_workspace
163,5,122,122,328,122,0,7,lane_first,True,,248,1174684,221676970,673590,248,164598,110871566820,167050320,670618,h_u=2n,module_barriers,retain_all_square_workspace
163,5,123,123,328,123,0,7,lane_first,True,,248,1183720,223350090,678772,248,164598,111724513656,168335456,675800,h_u=2n,module_barriers,retain_all_square_workspace
163,5,124,124,328,124,0,7,lane_first,True,,248,1192756,225023210,683954,248,164598,112577460492,169620592,680982,h_u=2n,module_barriers,retain_all_square_workspace
163,5,125,125,328,125,0,7,lane_first,True,,248,1201792,226696330,689136,248,164598,113430407328,170905728,686164,h_u=2n,module_barriers,retain_all_square_workspace
163,5,126,126,328,126,0,7,lane_first,True,,248,1210828,228369450,694318,248,164598,114283354164,172190864,691346,h_u=2n,module_barriers,retain_all_square_workspace
163,5,127,127,328,127,0,7,lane_first,True,,248,1219864,230042570,699500,248,164598,115136301000,173476000,696528,h_u=2n,module_barriers,retain_all_square_workspace
163,5,128,128,328,128,0,7,lane_first,True,,248,1228900,231715690,704682,248,164598,115989247836,174761136,701710,h_u=2n,module_barriers,retain_all_square_workspace
163,5,129,129,328,129,0,8,lane_first,True,,268,1248808,235770706,715952,268,179666,128632232032,191875136,712980,h_u=2n,module_barriers,retain_all_square_workspace
163,5,130,130,328,130,0,8,lane_first,True,,272,1257844,237443826,721134,272,182478,131591090052,196148448,718162,h_u=2n,module_barriers,retain_all_square_workspace
163,5,131,131,328,131,0,8,lane_first,True,,276,1266880,239116946,726316,276,185290,134579091640,200463216,723344,h_u=2n,module_barriers,retain_all_square_workspace
163,5,132,132,328,132,0,8,lane_first,True,,276,1275916,240790066,731498,276,185290,135539264420,201893448,728526,h_u=2n,module_barriers,retain_all_square_workspace
163,5,133,133,328,133,0,8,lane_first,True,,280,1284952,242463186,736680,280,188102,138570981360,206270400,733708,h_u=2n,module_barriers,retain_all_square_workspace
163,5,134,134,328,134,0,8,lane_first,True,,280,1293988,244136306,741862,280,188102,139545725924,207721360,738890,h_u=2n,module_barriers,retain_all_square_workspace
163,5,135,135,328,135,0,8,lane_first,True,,280,1303024,245809426,747044,280,188102,140520470488,209172320,744072,h_u=2n,module_barriers,retain_all_square_workspace
163,5,136,136,328,136,0,8,lane_first,True,,280,1312060,247482546,752226,280,188102,141495215052,210623280,749254,h_u=2n,module_barriers,retain_all_square_workspace
163,5,137,137,328,137,0,8,lane_first,True,,284,1321096,249155666,757408,284,190914,144599790912,215103872,754436,h_u=2n,module_barriers,retain_all_square_workspace
163,5,138,138,328,138,0,8,lane_first,True,,284,1330132,250828786,762590,284,190914,145589107260,216575560,759618,h_u=2n,module_barriers,retain_all_square_workspace
163,5,139,139,328,139,0,8,lane_first,True,,284,1339168,252501906,767772,284,190914,146578423608,218047248,764800,h_u=2n,module_barriers,retain_all_square_workspace
163,5,140,140,328,140,0,8,lane_first,True,,284,1348204,254175026,772954,284,190914,147567739956,219518936,769982,h_u=2n,module_barriers,retain_all_square_workspace
163,5,141,141,328,141,0,8,lane_first,True,,284,1357240,255848146,778136,284,190914,148557056304,220990624,775164,h_u=2n,module_barriers,retain_all_square_workspace
163,5,142,142,328,142,0,8,lane_first,True,,284,1366276,257521266,783318,284,190914,149546372652,222462312,780346,h_u=2n,module_barriers,retain_all_square_workspace
163,5,143,143,328,143,0,8,lane_first,True,,284,1375312,259194386,788500,284,190914,150535689000,223934000,785528,h_u=2n,module_barriers,retain_all_square_workspace
163,5,144,144,328,144,0,8,lane_first,True,,284,1384348,260867506,793682,284,190914,151525005348,225405688,790710,h_u=2n,module_barriers,retain_all_square_workspace
163,5,145,145,328,145,0,8,lane_first,True,,288,1393384,262540626,798864,288,193726,154760727264,230072832,795892,h_u=2n,module_barriers,retain_all_square_workspace
163,5,146,146,328,146,0,8,lane_first,True,,288,1402420,264213746,804046,288,193726,155764615396,231565248,801074,h_u=2n,module_barriers,retain_all_square_workspace
163,5,147,147,328,147,0,8,lane_first,True,,288,1411456,265886866,809228,288,193726,156768503528,233057664,806256,h_u=2n,module_barriers,retain_all_square_workspace
163,5,148,148,328,148,0,8,lane_first,True,,288,1420492,267559986,814410,288,193726,157772391660,234550080,811438,h_u=2n,module_barriers,retain_all_square_workspace
163,5,149,149,328,149,0,8,lane_first,True,,288,1429528,269233106,819592,288,193726,158776279792,236042496,816620,h_u=2n,module_barriers,retain_all_square_workspace
163,5,150,150,328,150,0,8,lane_first,True,,288,1438564,270906226,824774,288,193726,159780167924,237534912,821802,h_u=2n,module_barriers,retain_all_square_workspace
163,5,151,151,328,151,0,8,lane_first,True,,288,1447600,272579346,829956,288,193726,160784056056,239027328,826984,h_u=2n,module_barriers,retain_all_square_workspace
163,5,152,152,328,152,0,8,lane_first,True,,288,1456636,274252466,835138,288,193726,161787944188,240519744,832166,h_u=2n,module_barriers,retain_all_square_workspace
163,5,153,153,328,153,0,8,lane_first,True,,288,1465672,275925586,840320,288,193726,162791832320,242012160,837348,h_u=2n,module_barriers,retain_all_square_workspace
163,5,154,154,328,154,0,8,lane_first,True,,288,1474708,277598706,845502,288,193726,163795720452,243504576,842530,h_u=2n,module_barriers,retain_all_square_workspace
163,5,155,155,328,155,0,8,lane_first,True,,288,1483744,279271826,850684,288,193726,164799608584,244996992,847712,h_u=2n,module_barriers,retain_all_square_workspace
163,5,156,156,328,156,0,8,lane_first,True,,288,1492780,280944946,855866,288,193726,165803496716,246489408,852894,h_u=2n,module_barriers,retain_all_square_workspace
163,5,157,157,328,157,0,8,lane_first,True,,288,1501816,282618066,861048,288,193726,166807384848,247981824,858076,h_u=2n,module_barriers,retain_all_square_workspace
163,5,158,158,328,158,0,8,lane_first,True,,288,1510852,284291186,866230,288,193726,167811272980,249474240,863258,h_u=2n,module_barriers,retain_all_square_workspace
163,5,159,159,328,159,0,8,lane_first,True,,288,1519888,285964306,871412,288,193726,168815161112,250966656,868440,h_u=2n,module_barriers,retain_all_square_workspace
163,5,160,160,328,160,0,8,lane_first,True,,288,1528924,287637426,876594,288,193726,169819049244,252459072,873622,h_u=2n,module_barriers,retain_all_square_workspace
163,5,161,161,328,161,0,8,lane_first,True,,292,1537960,289310546,881776,292,196538,173302491488,257478592,878804,h_u=2n,module_barriers,retain_all_square_workspace
163,5,162,162,328,162,0,8,lane_first,True,,292,1546996,290983666,886958,292,196538,174320951404,258991736,883986,h_u=2n,module_barriers,retain_all_square_workspace
163,5,163,163,328,163,0,8,lane_first,True,,292,1556032,292656786,892140,292,196538,175339411320,260504880,889168,h_u=2n,module_barriers,retain_all_square_workspace
163,5,164,164,328,164,0,8,lane_first,True,,276,1565068,294329906,897322,276,196362,176199942564,247660872,894350,h_u=2n,module_barriers,retain_all_square_workspace
163,5,165,165,328,165,0,8,lane_first,True,,276,1574120,296010842,902504,276,196362,177217490448,249091104,899532,h_u=2n,module_barriers,retain_all_square_workspace
163,5,166,166,328,166,0,8,lane_first,False,reduction:83,276,,,,,,,,,,,
163,5,167,167,328,167,0,8,lane_first,False,reduction:83,276,,,,,,,,,,,
163,5,168,168,328,168,0,8,lane_first,False,reduction:84,276,,,,,,,,,,,
163,5,169,169,328,169,0,8,lane_first,False,reduction:84,276,,,,,,,,,,,
163,5,170,170,328,170,0,8,lane_first,False,reduction:85,276,,,,,,,,,,,
163,5,171,171,328,171,0,8,lane_first,False,reduction:85,276,,,,,,,,,,,
163,5,172,172,328,172,0,8,lane_first,False,reduction:86,276,,,,,,,,,,,
163,5,173,173,328,173,0,8,lane_first,False,reduction:86,276,,,,,,,,,,,
163,5,174,174,328,174,0,8,lane_first,False,reduction:87,276,,,,,,,,,,,
163,5,175,175,328,175,0,8,lane_first,False,reduction:87,276,,,,,,,,,,,
163,5,176,176,328,176,0,8,lane_first,False,reduction:88,276,,,,,,,,,,,
163,5,177,177,328,177,0,8,lane_first,False,reduction:88,276,,,,,,,,,,,
163,5,178,178,328,178,0,8,lane_first,False,reduction:89,276,,,,,,,,,,,
163,5,179,179,328,179,0,8,lane_first,False,reduction:89,276,,,,,,,,,,,
163,5,180,180,328,180,0,8,lane_first,False,reduction:90,276,,,,,,,,,,,
163,5,181,181,328,181,0,8,lane_first,False,reduction:90,276,,,,,,,,,,,
163,5,182,182,328,182,0,8,lane_first,False,reduction:91,276,,,,,,,,,,,
163,5,183,183,328,183,0,8,lane_first,False,reduction:91,276,,,,,,,,,,,
163,5,184,184,328,184,0,8,lane_first,False,reduction:92,276,,,,,,,,,,,
163,5,185,185,328,185,0,8,lane_first,False,reduction:92,276,,,,,,,,,,,
163,5,186,186,328,186,0,8,lane_first,False,reduction:93,276,,,,,,,,,,,
163,5,187,187,328,187,0,8,lane_first,False,reduction:93,276,,,,,,,,,,,
163,5,188,188,328,188,0,8,lane_first,False,reduction:94,276,,,,,,,,,,,
163,5,189,189,328,189,0,8,lane_first,False,reduction:94,276,,,,,,,,,,,
163,5,190,190,328,190,0,8,lane_first,False,reduction:95,276,,,,,,,,,,,
163,5,191,191,328,191,0,8,lane_first,False,reduction:95,276,,,,,,,,,,,
163,5,192,192,328,192,0,8,lane_first,False,reduction:96,276,,,,,,,,,,,
163,5,193,193,328,193,0,8,lane_first,False,reduction:96,280,,,,,,,,,,,
163,5,194,194,328,194,0,8,lane_first,False,reduction:97,280,,,,,,,,,,,
163,5,195,195,328,195,0,8,lane_first,False,reduction:97,280,,,,,,,,,,,
163,5,196,196,328,196,0,8,lane_first,False,reduction:98,280,,,,,,,,,,,
163,5,197,197,328,197,0,8,lane_first,False,reduction:98,280,,,,,,,,,,,
163,5,198,198,328,198,0,8,lane_first,False,reduction:99,280,,,,,,,,,,,
163,5,199,199,328,199,0,8,lane_first,False,reduction:99,280,,,,,,,,,,,
163,5,200,200,328,200,0,8,lane_first,False,reduction:100,280,,,,,,,,,,,
163,5,201,201,328,201,0,8,lane_first,False,reduction:100,280,,,,,,,,,,,
163,5,202,202,328,202,0,8,lane_first,False,reduction:101,280,,,,,,,,,,,
163,5,203,203,328,203,0,8,lane_first,False,reduction:101,280,,,,,,,,,,,
163,5,204,204,328,204,0,8,lane_first,False,reduction:102,280,,,,,,,,,,,
163,5,205,205,328,205,0,8,lane_first,False,reduction:102,280,,,,,,,,,,,
163,5,206,206,328,206,0,8,lane_first,False,reduction:103,280,,,,,,,,,,,
163,5,207,207,328,207,0,8,lane_first,False,reduction:103,280,,,,,,,,,,,
163,5,208,208,328,208,0,8,lane_first,False,reduction:104,280,,,,,,,,,,,
163,5,209,209,328,209,0,8,lane_first,False,reduction:104,280,,,,,,,,,,,
163,5,210,210,328,210,0,8,lane_first,False,reduction:105,280,,,,,,,,,,,
163,5,211,211,328,211,0,8,lane_first,False,reduction:105,280,,,,,,,,,,,
163,5,212,212,328,212,0,8,lane_first,False,reduction:106,280,,,,,,,,,,,
163,5,213,213,328,213,0,8,lane_first,False,reduction:106,280,,,,,,,,,,,
163,5,214,214,328,214,0,8,lane_first,False,reduction:107,280,,,,,,,,,,,
163,5,215,215,328,215,0,8,lane_first,False,reduction:107,280,,,,,,,,,,,
163,5,216,216,328,216,0,8,lane_first,False,reduction:108,280,,,,,,,,,,,
163,5,217,217,328,217,0,8,lane_first,False,reduction:108,280,,,,,,,,,,,
163,5,218,218,328,218,0,8,lane_first,False,reduction:109,280,,,,,,,,,,,
163,5,219,219,328,219,0,8,lane_first,False,reduction:109,280,,,,,,,,,,,
163,5,220,220,328,220,0,8,lane_first,False,reduction:110,280,,,,,,,,,,,
163,5,221,221,328,221,0,8,lane_first,False,reduction:110,280,,,,,,,,,,,
163,5,222,222,328,222,0,8,lane_first,False,reduction:111,280,,,,,,,,,,,
163,5,223,223,328,223,0,8,lane_first,False,reduction:111,280,,,,,,,,,,,
163,5,224,224,328,224,0,8,lane_first,False,reduction:112,280,,,,,,,,,,,
163,5,225,225,328,225,0,8,lane_first,False,reduction:112,280,,,,,,,,,,,
163,5,226,226,328,226,0,8,lane_first,False,reduction:113,280,,,,,,,,,,,
163,5,227,227,328,227,0,8,lane_first,False,reduction:113,280,,,,,,,,,,,
163,5,228,228,328,228,0,8,lane_first,False,reduction:114,280,,,,,,,,,,,
163,5,229,229,328,229,0,8,lane_first,False,reduction:114,280,,,,,,,,,,,
163,5,230,230,328,230,0,8,lane_first,False,reduction:115,280,,,,,,,,,,,
163,5,231,231,328,231,0,8,lane_first,False,reduction:115,280,,,,,,,,,,,
163,5,232,232,328,232,0,8,lane_first,False,reduction:116,280,,,,,,,,,,,
163,5,233,233,328,233,0,8,lane_first,False,reduction:116,280,,,,,,,,,,,
163,5,234,234,328,234,0,8,lane_first,False,reduction:117,280,,,,,,,,,,,
163,5,235,235,328,235,0,8,lane_first,False,reduction:117,280,,,,,,,,,,,
163,5,236,236,328,236,0,8,lane_first,False,reduction:118,280,,,,,,,,,,,
163,5,237,237,328,237,0,8,lane_first,False,reduction:118,280,,,,,,,,,,,
163,5,238,238,328,238,0,8,lane_first,False,reduction:119,280,,,,,,,,,,,
163,5,239,239,328,239,0,8,lane_first,False,reduction:119,280,,,,,,,,,,,
163,5,240,240,328,240,0,8,lane_first,False,reduction:120,280,,,,,,,,,,,
163,5,241,241,328,241,0,8,lane_first,False,reduction:120,280,,,,,,,,,,,
163,5,242,242,328,242,0,8,lane_first,False,reduction:121,280,,,,,,,,,,,
163,5,243,243,328,243,0,8,lane_first,False,reduction:121,280,,,,,,,,,,,
163,5,244,244,328,244,0,8,lane_first,False,reduction:122,280,,,,,,,,,,,
163,5,245,245,328,245,0,8,lane_first,False,reduction:122,280,,,,,,,,,,,
163,5,246,246,328,246,0,8,lane_first,False,reduction:123,280,,,,,,,,,,,
163,5,247,247,328,247,0,8,lane_first,False,reduction:123,280,,,,,,,,,,,
163,5,248,248,328,248,0,8,lane_first,False,reduction:124,280,,,,,,,,,,,
163,5,249,249,328,249,0,8,lane_first,False,reduction:124,280,,,,,,,,,,,
163,5,250,250,328,250,0,8,lane_first,False,reduction:125,280,,,,,,,,,,,
163,5,251,251,328,251,0,8,lane_first,False,reduction:125,280,,,,,,,,,,,
163,5,252,252,328,252,0,8,lane_first,False,reduction:126,280,,,,,,,,,,,
163,5,253,253,328,253,0,8,lane_first,False,reduction:126,280,,,,,,,,,,,
163,5,254,254,328,254,0,8,lane_first,False,reduction:127,280,,,,,,,,,,,
163,5,255,255,328,255,0,8,lane_first,False,reduction:127,280,,,,,,,,,,,
163,5,256,256,328,256,0,8,lane_first,False,reduction:128,280,,,,,,,,,,,
163,5,257,257,328,257,0,9,lane_first,False,reduction:128,300,,,,,,,,,,,
163,5,258,258,328,258,0,9,lane_first,False,reduction:129,304,,,,,,,,,,,
163,5,259,259,328,259,0,9,lane_first,False,reduction:129,308,,,,,,,,,,,
163,5,260,260,328,260,0,9,lane_first,False,reduction:130,308,,,,,,,,,,,
163,5,261,261,328,261,0,9,lane_first,False,reduction:130,312,,,,,,,,,,,
163,5,262,262,328,262,0,9,lane_first,False,reduction:131,312,,,,,,,,,,,
163,5,263,263,328,263,0,9,lane_first,False,reduction:131,312,,,,,,,,,,,
163,5,264,264,328,264,0,9,lane_first,False,reduction:132,312,,,,,,,,,,,
163,5,265,265,328,265,0,9,lane_first,False,reduction:132,316,,,,,,,,,,,
163,5,266,266,328,266,0,9,lane_first,False,reduction:133,316,,,,,,,,,,,
163,5,267,267,328,267,0,9,lane_first,False,reduction:133,316,,,,,,,,,,,
163,5,268,268,328,268,0,9,lane_first,False,reduction:134,316,,,,,,,,,,,
163,5,269,269,328,269,0,9,lane_first,False,reduction:134,316,,,,,,,,,,,
163,5,270,270,328,270,0,9,lane_first,False,reduction:135,316,,,,,,,,,,,
163,5,271,271,328,271,0,9,lane_first,False,reduction:135,316,,,,,,,,,,,
163,5,272,272,328,272,0,9,lane_first,False,reduction:136,316,,,,,,,,,,,
163,5,273,273,328,273,0,9,lane_first,False,reduction:136,320,,,,,,,,,,,
163,5,274,274,328,274,0,9,lane_first,False,reduction:137,320,,,,,,,,,,,
163,5,275,275,328,275,0,9,lane_first,False,reduction:137,320,,,,,,,,,,,
163,5,276,276,328,276,0,9,lane_first,False,reduction:138,320,,,,,,,,,,,
163,5,277,277,328,277,0,9,lane_first,False,reduction:138,320,,,,,,,,,,,
163,5,278,278,328,278,0,9,lane_first,False,reduction:139,320,,,,,,,,,,,
163,5,279,279,328,279,0,9,lane_first,False,reduction:139,320,,,,,,,,,,,
163,5,280,280,328,280,0,9,lane_first,False,reduction:140,320,,,,,,,,,,,
163,5,281,281,328,281,0,9,lane_first,False,reduction:140,320,,,,,,,,,,,
163,5,282,282,328,282,0,9,lane_first,False,reduction:141,320,,,,,,,,,,,
163,5,283,283,328,283,0,9,lane_first,False,reduction:141,320,,,,,,,,,,,
163,5,284,284,328,284,0,9,lane_first,False,reduction:142,320,,,,,,,,,,,
163,5,285,285,328,285,0,9,lane_first,False,reduction:142,320,,,,,,,,,,,
163,5,286,286,328,286,0,9,lane_first,False,reduction:143,320,,,,,,,,,,,
163,5,287,287,328,287,0,9,lane_first,False,reduction:143,320,,,,,,,,,,,
163,5,288,288,328,288,0,9,lane_first,False,reduction:144,320,,,,,,,,,,,
163,5,289,289,328,289,0,9,lane_first,False,reduction:144,324,,,,,,,,,,,
163,5,290,290,328,290,0,9,lane_first,False,reduction:145,324,,,,,,,,,,,
163,5,291,291,328,291,0,9,lane_first,False,reduction:145,324,,,,,,,,,,,
163,5,292,292,328,292,0,9,lane_first,False,reduction:146,324,,,,,,,,,,,
163,5,293,293,328,293,0,9,lane_first,False,reduction:146,324,,,,,,,,,,,
163,5,294,294,328,294,0,9,lane_first,False,reduction:147,324,,,,,,,,,,,
163,5,295,295,328,295,0,9,lane_first,False,reduction:147,324,,,,,,,,,,,
163,5,296,296,328,296,0,9,lane_first,False,reduction:148,324,,,,,,,,,,,
163,5,297,297,328,297,0,9,lane_first,False,reduction:148,324,,,,,,,,,,,
163,5,298,298,328,298,0,9,lane_first,False,reduction:149,324,,,,,,,,,,,
163,5,299,299,328,299,0,9,lane_first,False,reduction:149,324,,,,,,,,,,,
163,5,300,300,328,300,0,9,lane_first,False,reduction:150,324,,,,,,,,,,,
163,5,301,301,328,301,0,9,lane_first,False,reduction:150,324,,,,,,,,,,,
163,5,302,302,328,302,0,9,lane_first,False,reduction:151,324,,,,,,,,,,,
163,5,303,303,328,303,0,9,lane_first,False,reduction:151,324,,,,,,,,,,,
163,5,304,304,328,304,0,9,lane_first,False,reduction:152,324,,,,,,,,,,,
163,5,305,305,328,305,0,9,lane_first,False,reduction:152,324,,,,,,,,,,,
163,5,306,306,328,306,0,9,lane_first,False,reduction:153,324,,,,,,,,,,,
163,5,307,307,328,307,0,9,lane_first,False,reduction:153,324,,,,,,,,,,,
163,5,308,308,328,308,0,9,lane_first,False,reduction:154,324,,,,,,,,,,,
163,5,309,309,328,309,0,9,lane_first,False,reduction:154,324,,,,,,,,,,,
163,5,310,310,328,310,0,9,lane_first,False,reduction:155,324,,,,,,,,,,,
163,5,311,311,328,311,0,9,lane_first,False,reduction:155,324,,,,,,,,,,,
163,5,312,312,328,312,0,9,lane_first,False,reduction:156,324,,,,,,,,,,,
163,5,313,313,328,313,0,9,lane_first,False,reduction:156,324,,,,,,,,,,,
163,5,314,314,328,314,0,9,lane_first,False,reduction:157,324,,,,,,,,,,,
163,5,315,315,328,315,0,9,lane_first,False,reduction:157,324,,,,,,,,,,,
163,5,316,316,328,316,0,9,lane_first,False,reduction:158,324,,,,,,,,,,,
163,5,317,317,328,317,0,9,lane_first,False,reduction:158,324,,,,,,,,,,,
163,5,318,318,328,318,0,9,lane_first,False,reduction:159,324,,,,,,,,,,,
163,5,319,319,328,319,0,9,lane_first,False,reduction:159,324,,,,,,,,,,,
163,5,320,320,328,320,0,9,lane_first,False,reduction:160,324,,,,,,,,,,,
163,5,321,321,328,321,0,9,lane_first,False,reduction:160,328,,,,,,,,,,,
163,5,322,322,328,322,0,9,lane_first,False,reduction:161,328,,,,,,,,,,,
163,5,323,323,328,323,0,9,lane_first,False,reduction:161,328,,,,,,,,,,,
163,5,324,324,328,324,0,9,lane_first,False,reduction:162,328,,,,,,,,,,,
163,5,325,325,328,325,0,9,lane_first,False,reduction:162,328,,,,,,,,,,,
163,5,326,326,328,326,0,9,lane_first,False,reduction:163,328,,,,,,,,,,,
163,5,327,327,328,327,0,9,lane_first,False,reduction:163,328,,,,,,,,,,,
163,5,328,328,328,328,0,9,lane_first,False,reduction:164,320,,,,,,,,,,,
163,6,1,1,328,55,54,0,lane_first,True,,26656,1101904,232766354,594928,26656,1112398,661796717344,15858400768,591956,h_u=2n,module_barriers,retain_all_square_workspace
163,6,2,2,328,56,27,1,lane_first,True,,13304,827988,172361782,441822,13304,644198,284620848756,5877999888,438850,h_u=2n,module_barriers,retain_all_square_workspace
163,6,3,3,328,57,18,2,lane_first,True,,8896,749832,154862458,398300,8896,499354,198892698200,3543276800,395328,h_u=2n,module_barriers,retain_all_square_workspace
163,6,4,4,328,56,13,2,lane_first,True,,6468,685620,140868202,363330,6468,372148,135212532840,2350018440,360358,h_u=2n,module_barriers,retain_all_square_workspace
163,6,5,5,328,55,10,3,lane_first,True,,5392,655112,134551126,346624,5392,340940,118177986560,1868996608,343652,h_u=2n,module_barriers,retain_all_square_workspace
163,6,6,6,328,58,9,3,lane_first,True,,4408,671220,137115634,355430,4408,306488,108935029840,1566735440,352458,h_u=2n,module_barriers,retain_all_square_workspace
163,6,7,7,328,56,7,3,lane_first,True,,3624,630192,128399862,333868,3624,256658,85689893144,1209937632,330896,h_u=2n,module_barriers,retain_all_square_workspace
163,6,8,8,328,56,6,3,lane_first,True,,3116,618964,125831682,328106,3116,227642,74690706052,1022378296,325134,h_u=2n,module_barriers,retain_all_square_workspace
163,6,9,9,328,58,6,4,lane_first,True,,2928,648792,131980578,344232,2928,251334,86517205488,1007911296,341260,h_u=2n,module_barriers,retain_all_square_workspace
163,6,10,10,328,60,5,4,lane_first,True,,2468,654252,132083854,348182,2468,228462,79546356084,859313176,345210,h_u=2n,module_barriers,retain_all_square_workspace
163,6,11,11,328,55,4,4,lane_first,True,,2396,599384,121899114,318140,2396,204362,65015726680,762263440,315168,h_u=2n,module_barriers,retain_all_square_workspace
163,6,12,12,328,60,4,4,lane_first,True,,2020,642348,129173074,342746,2020,200146,68599240916,692346920,339774,h_u=2n,module_barriers,retain_all_square_workspace
163,6,13,13,328,65,4,4,lane_first,True,,1936,688640,138072766,367352,1936,201864,74155144128,711193472,364380,h_u=2n,module_barriers,retain_all_square_workspace
163,6,14,14,328,56,3,4,lane_first,True,,1888,595852,120325370,317886,1888,175300,55725415800,600168768,314914,h_u=2n,module_barriers,retain_all_square_workspace
163,6,15,15,328,60,3,4,lane_first,True,,1512,630024,126044754,337636,1512,171084,57764117424,510505632,334664,h_u=2n,module_barriers,retain_all_square_workspace
163,6,16,16,328,64,3,4,lane_first,True,,1452,666500,132889642,357386,1452,170384,60892856224,518924472,354414,h_u=2n,module_barriers,retain_all_square_workspace
163,6,17,17,328,68,3,5,lane_first,True,,1456,714456,142413434,383224,1456,193540,74169172960,557974144,380252,h_u=2n,module_barriers,retain_all_square_workspace
163,6,18,18,328,58,3,5,lane_first,True,,1436,624996,126103010,334990,1436,187744,62892362560,481045640,332018,h_u=2n,module_barriers,retain_all_square_workspace
163,6,19,19,328,57,2,5,lane_first,True,,1412,602736,120886014,324372,1412,169788,55074473136,458013264,321400,h_u=2n,module_barriers,retain_all_square_workspace
163,6,20,20,328,60,2,5,lane_first,True,,1160,628116,125050822,339266,1160,166976,56649279616,393548560,336294,h_u=2n,module_barriers,retain_all_square_workspace
163,6,21,21,328,63,2,5,lane_first,True,,1040,654648,129778382,354160,1040,168384,59634877440,368326400,351188,h_u=2n,module_barriers,retain_all_square_workspace
163,6,22,22,328,66,2,5,lane_first,True,,980,681756,134787318,369054,980,167684,61884450936,361672920,366082,h_u=2n,module_barriers,retain_all_square_workspace
163,6,23,23,328,69,2,5,lane_first,True,,980,709280,139999470,383948,980,167684,64381936432,376269040,380976,h_u=2n,module_barriers,retain_all_square_workspace
163,6,24,24,328,72,2,5,lane_first,True,,952,736932,145274150,398842,952,167336,66740624912,379697584,395870,h_u=2n,module_barriers,retain_all_square_workspace
163,6,25,25,328,75,2,5,lane_first,True,,956,764680,150595730,413736,956,170102,70377321072,395531616,410764,h_u=2n,module_barriers,retain_all_square_workspace
163,6,26,26,328,68,2,5,lane_first,True,,940,701948,139120986,380070,940,167118,63516538260,357265800,377098,h_u=2n,module_barriers,retain_all_square_workspace
163,6,27,27,328,58,2,5,lane_first,True,,932,612072,122607346,331836,932,161494,53589522984,309271152,328864,h_u=2n,module_barriers,retain_all_square_workspace
163,6,28,28,328,56,1,5,lane_first,True,,904,581788,116210942,316362,904,140726,44520358812,285991248,313390,h_u=2n,module_barriers,retain_all_square_workspace
163,6,29,29,328,58,1,5,lane_first,True,,904,597608,118446006,326400,904,140726,45932966400,295065600,323428,h_u=2n,module_barriers,retain_all_square_workspace
163,6,30,30,328,60,1,5,lane_first,True,,652,613684,120806126,336438,652,137914,46399510332,219357576,333466,h_u=2n,module_barriers,retain_all_square_workspace
163,6,31,31,328,62,1,5,lane_first,True,,652,630912,123728998,346476,652,137914,47783891064,225902352,343504,h_u=2n,module_barriers,retain_all_square_workspace
163,6,32,32,328,64,1,5,lane_first,True,,652,648140,126651870,356514,652,137914,49168271796,232447128,353542,h_u=2n,module_barriers,retain_all_square_workspace
163,6,33,33,328,66,1,6,lane_first,True,,552,676368,132019166,372640,552,154390,57531889600,205697280,369668,h_u=2n,module_barriers,retain_all_square_workspace
163,6,34,34,328,68,1,6,lane_first,True,,556,694236,135254678,382678,556,157202,60157746956,212768968,379706,h_u=2n,module_barriers,retain_all_square_workspace
163,6,35,35,328,70,1,6,lane_first,True,,560,712104,138490190,392716,560,160014,62840058024,219920960,389744,h_u=2n,module_barriers,retain_all_square_workspace
163,6,36,36,328,72,1,6,lane_first,True,,560,729972,141725702,402754,560,160014,64446278556,225542240,399782,h_u=2n,module_barriers,retain_all_square_workspace
163,6,37,37,328,74,1,6,lane_first,True,,504,748000,145039374,412792,504,162126,66924315792,208047168,409820,h_u=2n,module_barriers,retain_all_square_workspace
163,6,38,38,328,76,1,6,lane_first,True,,504,766156,148415574,422830,504,162126,68551736580,213106320,419858,h_u=2n,module_barriers,retain_all_square_workspace
163,6,39,39,328,78,1,6,lane_first,True,,504,784312,151791774,432868,504,162126,70179157368,218165472,429896,h_u=2n,module_barriers,retain_all_square_workspace
163,6,40,40,328,80,1,6,lane_first,True,,504,802468,155167974,442906,504,162126,71806578156,223224624,439934,h_u=2n,module_barriers,retain_all_square_workspace
163,6,41,41,328,82,1,6,lane_first,True,,480,820624,158544174,452944,480,164590,74550052960,217413120,449972,h_u=2n,module_barriers,retain_all_square_workspace
163,6,42,42,328,84,1,6,lane_first,True,,480,838908,161982902,462982,480,164590,76202207380,222231360,460010,h_u=2n,module_barriers,retain_all_square_workspace
163,6,43,43,328,86,1,6,lane_first,True,,480,857192,165421630,473020,480,164590,77854361800,227049600,470048,h_u=2n,module_barriers,retain_all_square_workspace
163,6,44,44,328,88,1,6,lane_first,True,,480,875476,168860358,483058,480,164590,79506516220,231867840,480086,h_u=2n,module_barriers,retain_all_square_workspace
163,6,45,45,328,90,1,6,lane_first,True,,480,893760,172299086,493096,480,164590,81158670640,236686080,490124,h_u=2n,module_barriers,retain_all_square_workspace
163,6,46,46,328,92,1,6,lane_first,True,,480,912044,175737814,503134,480,164590,82810825060,241504320,500162,h_u=2n,module_barriers,retain_all_square_workspace
163,6,47,47,328,93,1,6,lane_first,True,,468,921280,177496910,508316,468,164418,83576300088,237891888,505344,h_u=2n,module_barriers,retain_all_square_workspace
163,6,48,48,328,88,1,6,lane_first,True,,468,876228,169178214,484362,468,164418,79637831316,226681416,481390,h_u=2n,module_barriers,retain_all_square_workspace
163,6,49,49,328,83,1,6,lane_first,True,,472,831176,160859522,460408,472,167184,76972851072,217312576,457436,h_u=2n,module_barriers,retain_all_square_workspace
163,6,50,50,328,78,1,6,lane_first,True,,468,786124,152540826,436454,468,164372,71740816888,204260472,433482,h_u=2n,module_barriers,retain_all_square_workspace
163,6,51,51,328,73,1,6,lane_first,True,,468,741072,144222130,412500,468,164372,67803450000,193050000,409528,h_u=2n,module_barriers,retain_all_square_workspace
163,6,52,52,328,68,1,6,lane_first,True,,464,696020,135903434,388546,464,161560,62773491760,180285344,385574,h_u=2n,module_barriers,retain_all_square_workspace
163,6,53,53,328,63,1,6,lane_first,True,,464,650968,127584738,364592,464,161560,58903483520,169170688,361620,h_u=2n,module_barriers,retain_all_square_workspace
163,6,54,54,328,58,1,6,lane_first,True,,456,605916,119266042,340638,456,155936,53117727168,155330928,337666,h_u=2n,module_barriers,retain_all_square_workspace
163,6,55,55,328,55,0,6,lane_first,True,,428,567856,111815286,320308,428,135168,43295391744,137091824,317336,h_u=2n,module_barriers,retain_all_square_workspace
163,6,56,56,328,56,0,6,lane_first,True,,428,576396,113246110,325490,428,135168,43995832320,139309720,322518,h_u=2n,module_barriers,retain_all_square_workspace
163,6,57,57,328,57,0,6,lane_first,True,,428,584936,114676934,330672,428,135168,44696272896,141527616,327700,h_u=2n,module_barriers,retain_all_square_workspace
163,6,58,58,328,58,0,6,lane_first,True,,428,593476,116107758,335854,428,135168,45396713472,143745512,332882,h_u=2n,module_barriers,retain_all_square_workspace
163,6,59,59,328,59,0,6,lane_first,True,,428,602016,117538582,341036,428,135168,46097154048,145963408,338064,h_u=2n,module_barriers,retain_all_square_workspace
163,6,60,60,328,60,0,6,lane_first,True,,428,610556,118969406,346218,428,135168,46797594624,148181304,343246,h_u=2n,module_barriers,retain_all_square_workspace
163,6,61,61,328,61,0,6,lane_first,True,,428,619096,120400230,351400,428,135168,47498035200,150399200,348428,h_u=2n,module_barriers,retain_all_square_workspace
163,6,62,62,328,62,0,6,lane_first,True,,428,627636,121831054,356582,428,135168,48198475776,152617096,353610,h_u=2n,module_barriers,retain_all_square_workspace
163,6,63,63,328,63,0,6,lane_first,True,,428,636176,123261878,361764,428,135168,48898916352,154834992,358792,h_u=2n,module_barriers,retain_all_square_workspace
163,6,64,64,328,64,0,6,lane_first,True,,428,644716,124692702,366946,428,135168,49599356928,157052888,363974,h_u=2n,module_barriers,retain_all_square_workspace
163,6,65,65,328,65,0,7,lane_first,True,,448,664128,128505422,378216,448,150236,56821658976,169440768,375244,h_u=2n,module_barriers,retain_all_square_workspace
163,6,66,66,328,66,0,7,lane_first,True,,324,672796,129998774,383398,324,151640,58138472720,124220952,380426,h_u=2n,module_barriers,retain_all_square_workspace
163,6,67,67,328,67,0,7,lane_first,True,,328,681656,131585918,388580,328,154452,60016958160,127454240,385608,h_u=2n,module_barriers,retain_all_square_workspace
163,6,68,68,328,68,0,7,lane_first,True,,328,690516,133173062,393762,328,154452,60817328424,129153936,390790,h_u=2n,module_barriers,retain_all_square_workspace
163,6,69,69,328,69,0,7,lane_first,True,,332,699376,134760206,398944,332,157264,62739529216,132449408,395972,h_u=2n,module_barriers,retain_all_square_workspace
163,6,70,70,328,70,0,7,lane_first,True,,332,708236,136347350,404126,332,157264,63554471264,134169832,401154,h_u=2n,module_barriers,retain_all_square_workspace
163,6,71,71,328,71,0,7,lane_first,True,,332,717096,137934494,409308,332,157264,64369413312,135890256,406336,h_u=2n,module_barriers,retain_all_square_workspace
163,6,72,72,328,72,0,7,lane_first,True,,332,725956,139521638,414490,332,157264,65184355360,137610680,411518,h_u=2n,module_barriers,retain_all_square_workspace
163,6,73,73,328,73,0,7,lane_first,True,,336,734816,141108782,419672,336,160076,67179415072,141009792,416700,h_u=2n,module_barriers,retain_all_square_workspace
163,6,74,74,328,74,0,7,lane_first,True,,336,743676,142695926,424854,336,160076,68008928904,142750944,421882,h_u=2n,module_barriers,retain_all_square_workspace
163,6,75,75,328,75,0,7,lane_first,True,,336,752536,144283070,430036,336,160076,68838442736,144492096,427064,h_u=2n,module_barriers,retain_all_square_workspace
163,6,76,76,328,76,0,7,lane_first,True,,336,761396,145870214,435218,336,160076,69667956568,146233248,432246,h_u=2n,module_barriers,retain_all_square_workspace
163,6,77,77,328,77,0,7,lane_first,True,,336,770256,147457358,440400,336,160076,70497470400,147974400,437428,h_u=2n,module_barriers,retain_all_square_workspace
163,6,78,78,328,78,0,7,lane_first,True,,336,779116,149044502,445582,336,160076,71326984232,149715552,442610,h_u=2n,module_barriers,retain_all_square_workspace
163,6,79,79,328,79,0,7,lane_first,True,,336,787976,150631646,450764,336,160076,72156498064,151456704,447792,h_u=2n,module_barriers,retain_all_square_workspace
163,6,80,80,328,80,0,7,lane_first,True,,336,796836,152218790,455946,336,160076,72986011896,153197856,452974,h_u=2n,module_barriers,retain_all_square_workspace
163,6,81,81,328,81,0,7,lane_first,True,,340,805696,153805934,461128,340,162888,75112217664,156783520,458156,h_u=2n,module_barriers,retain_all_square_workspace
163,6,82,82,328,82,0,7,lane_first,True,,276,814556,155393078,466310,276,162184,75628021040,128701560,463338,h_u=2n,module_barriers,retain_all_square_workspace
163,6,83,83,328,83,0,7,lane_first,True,,276,823544,157042750,471492,276,162184,76468458528,130131792,468520,h_u=2n,module_barriers,retain_all_square_workspace
163,6,84,84,328,84,0,7,lane_first,True,,276,832532,158692422,476674,276,162184,77308896016,131562024,473702,h_u=2n,module_barriers,retain_all_square_workspace
163,6,85,85,328,85,0,7,lane_first,True,,276,841520,160342094,481856,276,162184,78149333504,132992256,478884,h_u=2n,module_barriers,retain_all_square_workspace
163,6,86,86,328,86,0,7,lane_first,True,,276,850508,161991766,487038,276,162184,78989770992,134422488,484066,h_u=2n,module_barriers,retain_all_square_workspace
163,6,87,87,328,87,0,7,lane_first,True,,276,859496,163641438,492220,276,162184,79830208480,135852720,489248,h_u=2n,module_barriers,retain_all_square_workspace
163,6,88,88,328,88,0,7,lane_first,True,,276,868484,165291110,497402,276,162184,80670645968,137282952,494430,h_u=2n,module_barriers,retain_all_square_workspace
163,6,89,89,328,89,0,7,lane_first,True,,276,877472,166940782,502584,276,162184,81511083456,138713184,499612,h_u=2n,module_barriers,retain_all_square_workspace
163,6,90,90,328,90,0,7,lane_first,True,,276,886460,168590454,507766,276,162184,82351520944,140143416,504794,h_u=2n,module_barriers,retain_all_square_workspace
163,6,91,91,328,91,0,7,lane_first,True,,276,895448,170240126,512948,276,162184,83191958432,141573648,509976,h_u=2n,module_barriers,retain_all_square_workspace
163,6,92,92,328,92,0,7,lane_first,True,,276,904436,171889798,518130,276,162184,84032395920,143003880,515158,h_u=2n,module_barriers,retain_all_square_workspace
163,6,93,93,328,93,0,7,lane_first,True,,276,913424,173539470,523312,276,162184,84872833408,144434112,520340,h_u=2n,module_barriers,retain_all_square_workspace
163,6,94,94,328,94,0,7,lane_first,True,,276,922412,175189142,528494,276,162184,85713270896,145864344,525522,h_u=2n,module_barriers,retain_all_square_workspace
163,6,95,95,328,95,0,7,lane_first,True,,276,931400,176838814,533676,276,162184,86553708384,147294576,530704,h_u=2n,module_barriers,retain_all_square_workspace
163,6,96,96,328,96,0,7,lane_first,True,,276,940388,178488486,538858,276,162184,87394145872,148724808,535886,h_u=2n,module_barriers,retain_all_square_workspace
163,6,97,97,328,97,0,7,lane_first,True,,280,949376,180138162,544040,280,164950,89739398000,152331200,541068,h_u=2n,module_barriers,retain_all_square_workspace
163,6,98,98,328,98,0,7,lane_first,True,,280,958364,181787834,549222,280,164950,90594168900,153782160,546250,h_u=2n,module_barriers,retain_all_square_workspace
163,6,99,99,328,99,0,7,lane_first,True,,280,967352,183437506,554404,280,164950,91448939800,155233120,551432,h_u=2n,module_barriers,retain_all_square_workspace
163,6,100,100,328,100,0,7,lane_first,True,,280,976340,185087178,559586,280,164950,92303710700,156684080,556614,h_u=2n,module_barriers,retain_all_square_workspace
163,6,101,101,328,101,0,7,lane_first,True,,280,985328,186736850,564768,280,164950,93158481600,158135040,561796,h_u=2n,module_barriers,retain_all_square_workspace
163,6,102,102,328,102,0,7,lane_first,True,,280,994316,188386522,569950,280,164950,94013252500,159586000,566978,h_u=2n,module_barriers,retain_all_square_workspace
163,6,103,103,328,103,0,7,lane_first,True,,280,1003304,190036194,575132,280,164950,94868023400,161036960,572160,h_u=2n,module_barriers,retain_all_square_workspace
163,6,104,104,328,104,0,7,lane_first,True,,280,1012292,191685866,580314,280,164950,95722794300,162487920,577342,h_u=2n,module_barriers,retain_all_square_workspace
163,6,105,105,328,105,0,7,lane_first,True,,280,1021280,193335538,585496,280,164950,96577565200,163938880,582524,h_u=2n,module_barriers,retain_all_square_workspace
163,6,106,106,328,106,0,7,lane_first,True,,280,1030268,194985210,590678,280,164950,97432336100,165389840,587706,h_u=2n,module_barriers,retain_all_square_workspace
163,6,107,107,328,107,0,7,lane_first,True,,280,1039256,196634882,595860,280,164950,98287107000,166840800,592888,h_u=2n,module_barriers,retain_all_square_workspace
163,6,108,108,328,108,0,7,lane_first,True,,280,1048244,198284554,601042,280,164950,99141877900,168291760,598070,h_u=2n,module_barriers,retain_all_square_workspace
163,6,109,109,328,109,0,7,lane_first,True,,280,1057232,199934226,606224,280,164950,99996648800,169742720,603252,h_u=2n,module_barriers,retain_all_square_workspace
163,6,110,110,328,110,0,7,lane_first,True,,248,1066252,201599530,611406,248,164598,100636204788,151628688,608434,h_u=2n,module_barriers,retain_all_square_workspace
163,6,111,111,328,111,0,7,lane_first,True,,248,1075288,203272650,616588,248,164598,101489151624,152913824,613616,h_u=2n,module_barriers,retain_all_square_workspace
163,6,112,112,328,112,0,7,lane_first,True,,248,1084324,204945770,621770,248,164598,102342098460,154198960,618798,h_u=2n,module_barriers,retain_all_square_workspace
163,6,113,113,328,113,0,7,lane_first,True,,248,1093360,206618890,626952,248,164598,103195045296,155484096,623980,h_u=2n,module_barriers,retain_all_square_workspace
163,6,114,114,328,114,0,7,lane_first,True,,248,1102396,208292010,632134,248,164598,104047992132,156769232,629162,h_u=2n,module_barriers,retain_all_square_workspace
163,6,115,115,328,115,0,7,lane_first,True,,248,1111432,209965130,637316,248,164598,104900938968,158054368,634344,h_u=2n,module_barriers,retain_all_square_workspace
163,6,116,116,328,116,0,7,lane_first,True,,248,1120468,211638250,642498,248,164598,105753885804,159339504,639526,h_u=2n,module_barriers,retain_all_square_workspace
163,6,117,117,328,117,0,7,lane_first,True,,248,1129504,213311370,647680,248,164598,106606832640,160624640,644708,h_u=2n,module_barriers,retain_all_square_workspace
163,6,118,118,328,118,0,7,lane_first,True,,248,1138540,214984490,652862,248,164598,107459779476,161909776,649890,h_u=2n,module_barriers,retain_all_square_workspace
163,6,119,119,328,119,0,7,lane_first,True,,248,1147576,216657610,658044,248,164598,108312726312,163194912,655072,h_u=2n,module_barriers,retain_all_square_workspace
163,6,120,120,328,120,0,7,lane_first,True,,248,1156612,218330730,663226,248,164598,109165673148,164480048,660254,h_u=2n,module_barriers,retain_all_square_workspace
163,6,121,121,328,121,0,7,lane_first,True,,248,1165648,220003850,668408,248,164598,110018619984,165765184,665436,h_u=2n,module_barriers,retain_all_square_workspace
163,6,122,122,328,122,0,7,lane_first,True,,248,1174684,221676970,673590,248,164598,110871566820,167050320,670618,h_u=2n,module_barriers,retain_all_square_workspace
163,6,123,123,328,123,0,7,lane_first,True,,248,1183720,223350090,678772,248,164598,111724513656,168335456,675800,h_u=2n,module_barriers,retain_all_square_workspace
163,6,124,124,328,124,0,7,lane_first,True,,248,1192756,225023210,683954,248,164598,112577460492,169620592,680982,h_u=2n,module_barriers,retain_all_square_workspace
163,6,125,125,328,125,0,7,lane_first,True,,248,1201792,226696330,689136,248,164598,113430407328,170905728,686164,h_u=2n,module_barriers,retain_all_square_workspace
163,6,126,126,328,126,0,7,lane_first,True,,248,1210828,228369450,694318,248,164598,114283354164,172190864,691346,h_u=2n,module_barriers,retain_all_square_workspace
163,6,127,127,328,127,0,7,lane_first,True,,248,1219864,230042570,699500,248,164598,115136301000,173476000,696528,h_u=2n,module_barriers,retain_all_square_workspace
163,6,128,128,328,128,0,7,lane_first,True,,248,1228900,231715690,704682,248,164598,115989247836,174761136,701710,h_u=2n,module_barriers,retain_all_square_workspace
163,6,129,129,328,129,0,8,lane_first,True,,268,1248808,235770706,715952,268,179666,128632232032,191875136,712980,h_u=2n,module_barriers,retain_all_square_workspace
163,6,130,130,328,130,0,8,lane_first,True,,272,1257844,237443826,721134,272,182478,131591090052,196148448,718162,h_u=2n,module_barriers,retain_all_square_workspace
163,6,131,131,328,131,0,8,lane_first,True,,276,1266880,239116946,726316,276,185290,134579091640,200463216,723344,h_u=2n,module_barriers,retain_all_square_workspace
163,6,132,132,328,132,0,8,lane_first,True,,276,1275916,240790066,731498,276,185290,135539264420,201893448,728526,h_u=2n,module_barriers,retain_all_square_workspace
163,6,133,133,328,133,0,8,lane_first,True,,280,1284952,242463186,736680,280,188102,138570981360,206270400,733708,h_u=2n,module_barriers,retain_all_square_workspace
163,6,134,134,328,134,0,8,lane_first,True,,280,1293988,244136306,741862,280,188102,139545725924,207721360,738890,h_u=2n,module_barriers,retain_all_square_workspace
163,6,135,135,328,135,0,8,lane_first,True,,280,1303024,245809426,747044,280,188102,140520470488,209172320,744072,h_u=2n,module_barriers,retain_all_square_workspace
163,6,136,136,328,136,0,8,lane_first,True,,280,1312060,247482546,752226,280,188102,141495215052,210623280,749254,h_u=2n,module_barriers,retain_all_square_workspace
163,6,137,137,328,137,0,8,lane_first,True,,284,1321096,249155666,757408,284,190914,144599790912,215103872,754436,h_u=2n,module_barriers,retain_all_square_workspace
163,6,138,138,328,138,0,8,lane_first,True,,284,1330132,250828786,762590,284,190914,145589107260,216575560,759618,h_u=2n,module_barriers,retain_all_square_workspace
163,6,139,139,328,139,0,8,lane_first,True,,284,1339168,252501906,767772,284,190914,146578423608,218047248,764800,h_u=2n,module_barriers,retain_all_square_workspace
163,6,140,140,328,140,0,8,lane_first,True,,284,1348204,254175026,772954,284,190914,147567739956,219518936,769982,h_u=2n,module_barriers,retain_all_square_workspace
163,6,141,141,328,141,0,8,lane_first,True,,284,1357240,255848146,778136,284,190914,148557056304,220990624,775164,h_u=2n,module_barriers,retain_all_square_workspace
163,6,142,142,328,142,0,8,lane_first,True,,284,1366276,257521266,783318,284,190914,149546372652,222462312,780346,h_u=2n,module_barriers,retain_all_square_workspace
163,6,143,143,328,143,0,8,lane_first,True,,284,1375312,259194386,788500,284,190914,150535689000,223934000,785528,h_u=2n,module_barriers,retain_all_square_workspace
163,6,144,144,328,144,0,8,lane_first,True,,284,1384348,260867506,793682,284,190914,151525005348,225405688,790710,h_u=2n,module_barriers,retain_all_square_workspace
163,6,145,145,328,145,0,8,lane_first,True,,288,1393384,262540626,798864,288,193726,154760727264,230072832,795892,h_u=2n,module_barriers,retain_all_square_workspace
163,6,146,146,328,146,0,8,lane_first,True,,288,1402420,264213746,804046,288,193726,155764615396,231565248,801074,h_u=2n,module_barriers,retain_all_square_workspace
163,6,147,147,328,147,0,8,lane_first,True,,288,1411456,265886866,809228,288,193726,156768503528,233057664,806256,h_u=2n,module_barriers,retain_all_square_workspace
163,6,148,148,328,148,0,8,lane_first,True,,288,1420492,267559986,814410,288,193726,157772391660,234550080,811438,h_u=2n,module_barriers,retain_all_square_workspace
163,6,149,149,328,149,0,8,lane_first,True,,288,1429528,269233106,819592,288,193726,158776279792,236042496,816620,h_u=2n,module_barriers,retain_all_square_workspace
163,6,150,150,328,150,0,8,lane_first,True,,288,1438564,270906226,824774,288,193726,159780167924,237534912,821802,h_u=2n,module_barriers,retain_all_square_workspace
163,6,151,151,328,151,0,8,lane_first,True,,288,1447600,272579346,829956,288,193726,160784056056,239027328,826984,h_u=2n,module_barriers,retain_all_square_workspace
163,6,152,152,328,152,0,8,lane_first,True,,288,1456636,274252466,835138,288,193726,161787944188,240519744,832166,h_u=2n,module_barriers,retain_all_square_workspace
163,6,153,153,328,153,0,8,lane_first,True,,288,1465672,275925586,840320,288,193726,162791832320,242012160,837348,h_u=2n,module_barriers,retain_all_square_workspace
163,6,154,154,328,154,0,8,lane_first,True,,288,1474708,277598706,845502,288,193726,163795720452,243504576,842530,h_u=2n,module_barriers,retain_all_square_workspace
163,6,155,155,328,155,0,8,lane_first,True,,288,1483744,279271826,850684,288,193726,164799608584,244996992,847712,h_u=2n,module_barriers,retain_all_square_workspace
163,6,156,156,328,156,0,8,lane_first,True,,288,1492780,280944946,855866,288,193726,165803496716,246489408,852894,h_u=2n,module_barriers,retain_all_square_workspace
163,6,157,157,328,157,0,8,lane_first,True,,288,1501816,282618066,861048,288,193726,166807384848,247981824,858076,h_u=2n,module_barriers,retain_all_square_workspace
163,6,158,158,328,158,0,8,lane_first,True,,288,1510852,284291186,866230,288,193726,167811272980,249474240,863258,h_u=2n,module_barriers,retain_all_square_workspace
163,6,159,159,328,159,0,8,lane_first,True,,288,1519888,285964306,871412,288,193726,168815161112,250966656,868440,h_u=2n,module_barriers,retain_all_square_workspace
163,6,160,160,328,160,0,8,lane_first,True,,288,1528924,287637426,876594,288,193726,169819049244,252459072,873622,h_u=2n,module_barriers,retain_all_square_workspace
163,6,161,161,328,161,0,8,lane_first,True,,292,1537960,289310546,881776,292,196538,173302491488,257478592,878804,h_u=2n,module_barriers,retain_all_square_workspace
163,6,162,162,328,162,0,8,lane_first,True,,292,1546996,290983666,886958,292,196538,174320951404,258991736,883986,h_u=2n,module_barriers,retain_all_square_workspace
163,6,163,163,328,163,0,8,lane_first,True,,292,1556032,292656786,892140,292,196538,175339411320,260504880,889168,h_u=2n,module_barriers,retain_all_square_workspace
163,6,164,164,328,164,0,8,lane_first,True,,276,1565068,294329906,897322,276,196362,176199942564,247660872,894350,h_u=2n,module_barriers,retain_all_square_workspace
163,6,165,165,328,165,0,8,lane_first,True,,276,1574120,296010842,902504,276,196362,177217490448,249091104,899532,h_u=2n,module_barriers,retain_all_square_workspace
163,6,166,166,328,166,0,8,lane_first,False,reduction:83,276,,,,,,,,,,,
163,6,167,167,328,167,0,8,lane_first,False,reduction:83,276,,,,,,,,,,,
163,6,168,168,328,168,0,8,lane_first,False,reduction:84,276,,,,,,,,,,,
163,6,169,169,328,169,0,8,lane_first,False,reduction:84,276,,,,,,,,,,,
163,6,170,170,328,170,0,8,lane_first,False,reduction:85,276,,,,,,,,,,,
163,6,171,171,328,171,0,8,lane_first,False,reduction:85,276,,,,,,,,,,,
163,6,172,172,328,172,0,8,lane_first,False,reduction:86,276,,,,,,,,,,,
163,6,173,173,328,173,0,8,lane_first,False,reduction:86,276,,,,,,,,,,,
163,6,174,174,328,174,0,8,lane_first,False,reduction:87,276,,,,,,,,,,,
163,6,175,175,328,175,0,8,lane_first,False,reduction:87,276,,,,,,,,,,,
163,6,176,176,328,176,0,8,lane_first,False,reduction:88,276,,,,,,,,,,,
163,6,177,177,328,177,0,8,lane_first,False,reduction:88,276,,,,,,,,,,,
163,6,178,178,328,178,0,8,lane_first,False,reduction:89,276,,,,,,,,,,,
163,6,179,179,328,179,0,8,lane_first,False,reduction:89,276,,,,,,,,,,,
163,6,180,180,328,180,0,8,lane_first,False,reduction:90,276,,,,,,,,,,,
163,6,181,181,328,181,0,8,lane_first,False,reduction:90,276,,,,,,,,,,,
163,6,182,182,328,182,0,8,lane_first,False,reduction:91,276,,,,,,,,,,,
163,6,183,183,328,183,0,8,lane_first,False,reduction:91,276,,,,,,,,,,,
163,6,184,184,328,184,0,8,lane_first,False,reduction:92,276,,,,,,,,,,,
163,6,185,185,328,185,0,8,lane_first,False,reduction:92,276,,,,,,,,,,,
163,6,186,186,328,186,0,8,lane_first,False,reduction:93,276,,,,,,,,,,,
163,6,187,187,328,187,0,8,lane_first,False,reduction:93,276,,,,,,,,,,,
163,6,188,188,328,188,0,8,lane_first,False,reduction:94,276,,,,,,,,,,,
163,6,189,189,328,189,0,8,lane_first,False,reduction:94,276,,,,,,,,,,,
163,6,190,190,328,190,0,8,lane_first,False,reduction:95,276,,,,,,,,,,,
163,6,191,191,328,191,0,8,lane_first,False,reduction:95,276,,,,,,,,,,,
163,6,192,192,328,192,0,8,lane_first,False,reduction:96,276,,,,,,,,,,,
163,6,193,193,328,193,0,8,lane_first,False,reduction:96,280,,,,,,,,,,,
163,6,194,194,328,194,0,8,lane_first,False,reduction:97,280,,,,,,,,,,,
163,6,195,195,328,195,0,8,lane_first,False,reduction:97,280,,,,,,,,,,,
163,6,196,196,328,196,0,8,lane_first,False,reduction:98,280,,,,,,,,,,,
163,6,197,197,328,197,0,8,lane_first,False,reduction:98,280,,,,,,,,,,,
163,6,198,198,328,198,0,8,lane_first,False,reduction:99,280,,,,,,,,,,,
163,6,199,199,328,199,0,8,lane_first,False,reduction:99,280,,,,,,,,,,,
163,6,200,200,328,200,0,8,lane_first,False,reduction:100,280,,,,,,,,,,,
163,6,201,201,328,201,0,8,lane_first,False,reduction:100,280,,,,,,,,,,,
163,6,202,202,328,202,0,8,lane_first,False,reduction:101,280,,,,,,,,,,,
163,6,203,203,328,203,0,8,lane_first,False,reduction:101,280,,,,,,,,,,,
163,6,204,204,328,204,0,8,lane_first,False,reduction:102,280,,,,,,,,,,,
163,6,205,205,328,205,0,8,lane_first,False,reduction:102,280,,,,,,,,,,,
163,6,206,206,328,206,0,8,lane_first,False,reduction:103,280,,,,,,,,,,,
163,6,207,207,328,207,0,8,lane_first,False,reduction:103,280,,,,,,,,,,,
163,6,208,208,328,208,0,8,lane_first,False,reduction:104,280,,,,,,,,,,,
163,6,209,209,328,209,0,8,lane_first,False,reduction:104,280,,,,,,,,,,,
163,6,210,210,328,210,0,8,lane_first,False,reduction:105,280,,,,,,,,,,,
163,6,211,211,328,211,0,8,lane_first,False,reduction:105,280,,,,,,,,,,,
163,6,212,212,328,212,0,8,lane_first,False,reduction:106,280,,,,,,,,,,,
163,6,213,213,328,213,0,8,lane_first,False,reduction:106,280,,,,,,,,,,,
163,6,214,214,328,214,0,8,lane_first,False,reduction:107,280,,,,,,,,,,,
163,6,215,215,328,215,0,8,lane_first,False,reduction:107,280,,,,,,,,,,,
163,6,216,216,328,216,0,8,lane_first,False,reduction:108,280,,,,,,,,,,,
163,6,217,217,328,217,0,8,lane_first,False,reduction:108,280,,,,,,,,,,,
163,6,218,218,328,218,0,8,lane_first,False,reduction:109,280,,,,,,,,,,,
163,6,219,219,328,219,0,8,lane_first,False,reduction:109,280,,,,,,,,,,,
163,6,220,220,328,220,0,8,lane_first,False,reduction:110,280,,,,,,,,,,,
163,6,221,221,328,221,0,8,lane_first,False,reduction:110,280,,,,,,,,,,,
163,6,222,222,328,222,0,8,lane_first,False,reduction:111,280,,,,,,,,,,,
163,6,223,223,328,223,0,8,lane_first,False,reduction:111,280,,,,,,,,,,,
163,6,224,224,328,224,0,8,lane_first,False,reduction:112,280,,,,,,,,,,,
163,6,225,225,328,225,0,8,lane_first,False,reduction:112,280,,,,,,,,,,,
163,6,226,226,328,226,0,8,lane_first,False,reduction:113,280,,,,,,,,,,,
163,6,227,227,328,227,0,8,lane_first,False,reduction:113,280,,,,,,,,,,,
163,6,228,228,328,228,0,8,lane_first,False,reduction:114,280,,,,,,,,,,,
163,6,229,229,328,229,0,8,lane_first,False,reduction:114,280,,,,,,,,,,,
163,6,230,230,328,230,0,8,lane_first,False,reduction:115,280,,,,,,,,,,,
163,6,231,231,328,231,0,8,lane_first,False,reduction:115,280,,,,,,,,,,,
163,6,232,232,328,232,0,8,lane_first,False,reduction:116,280,,,,,,,,,,,
163,6,233,233,328,233,0,8,lane_first,False,reduction:116,280,,,,,,,,,,,
163,6,234,234,328,234,0,8,lane_first,False,reduction:117,280,,,,,,,,,,,
163,6,235,235,328,235,0,8,lane_first,False,reduction:117,280,,,,,,,,,,,
163,6,236,236,328,236,0,8,lane_first,False,reduction:118,280,,,,,,,,,,,
163,6,237,237,328,237,0,8,lane_first,False,reduction:118,280,,,,,,,,,,,
163,6,238,238,328,238,0,8,lane_first,False,reduction:119,280,,,,,,,,,,,
163,6,239,239,328,239,0,8,lane_first,False,reduction:119,280,,,,,,,,,,,
163,6,240,240,328,240,0,8,lane_first,False,reduction:120,280,,,,,,,,,,,
163,6,241,241,328,241,0,8,lane_first,False,reduction:120,280,,,,,,,,,,,
163,6,242,242,328,242,0,8,lane_first,False,reduction:121,280,,,,,,,,,,,
163,6,243,243,328,243,0,8,lane_first,False,reduction:121,280,,,,,,,,,,,
163,6,244,244,328,244,0,8,lane_first,False,reduction:122,280,,,,,,,,,,,
163,6,245,245,328,245,0,8,lane_first,False,reduction:122,280,,,,,,,,,,,
163,6,246,246,328,246,0,8,lane_first,False,reduction:123,280,,,,,,,,,,,
163,6,247,247,328,247,0,8,lane_first,False,reduction:123,280,,,,,,,,,,,
163,6,248,248,328,248,0,8,lane_first,False,reduction:124,280,,,,,,,,,,,
163,6,249,249,328,249,0,8,lane_first,False,reduction:124,280,,,,,,,,,,,
163,6,250,250,328,250,0,8,lane_first,False,reduction:125,280,,,,,,,,,,,
163,6,251,251,328,251,0,8,lane_first,False,reduction:125,280,,,,,,,,,,,
163,6,252,252,328,252,0,8,lane_first,False,reduction:126,280,,,,,,,,,,,
163,6,253,253,328,253,0,8,lane_first,False,reduction:126,280,,,,,,,,,,,
163,6,254,254,328,254,0,8,lane_first,False,reduction:127,280,,,,,,,,,,,
163,6,255,255,328,255,0,8,lane_first,False,reduction:127,280,,,,,,,,,,,
163,6,256,256,328,256,0,8,lane_first,False,reduction:128,280,,,,,,,,,,,
163,6,257,257,328,257,0,9,lane_first,False,reduction:128,300,,,,,,,,,,,
163,6,258,258,328,258,0,9,lane_first,False,reduction:129,304,,,,,,,,,,,
163,6,259,259,328,259,0,9,lane_first,False,reduction:129,308,,,,,,,,,,,
163,6,260,260,328,260,0,9,lane_first,False,reduction:130,308,,,,,,,,,,,
163,6,261,261,328,261,0,9,lane_first,False,reduction:130,312,,,,,,,,,,,
163,6,262,262,328,262,0,9,lane_first,False,reduction:131,312,,,,,,,,,,,
163,6,263,263,328,263,0,9,lane_first,False,reduction:131,312,,,,,,,,,,,
163,6,264,264,328,264,0,9,lane_first,False,reduction:132,312,,,,,,,,,,,
163,6,265,265,328,265,0,9,lane_first,False,reduction:132,316,,,,,,,,,,,
163,6,266,266,328,266,0,9,lane_first,False,reduction:133,316,,,,,,,,,,,
163,6,267,267,328,267,0,9,lane_first,False,reduction:133,316,,,,,,,,,,,
163,6,268,268,328,268,0,9,lane_first,False,reduction:134,316,,,,,,,,,,,
163,6,269,269,328,269,0,9,lane_first,False,reduction:134,316,,,,,,,,,,,
163,6,270,270,328,270,0,9,lane_first,False,reduction:135,316,,,,,,,,,,,
163,6,271,271,328,271,0,9,lane_first,False,reduction:135,316,,,,,,,,,,,
163,6,272,272,328,272,0,9,lane_first,False,reduction:136,316,,,,,,,,,,,
163,6,273,273,328,273,0,9,lane_first,False,reduction:136,320,,,,,,,,,,,
163,6,274,274,328,274,0,9,lane_first,False,reduction:137,320,,,,,,,,,,,
163,6,275,275,328,275,0,9,lane_first,False,reduction:137,320,,,,,,,,,,,
163,6,276,276,328,276,0,9,lane_first,False,reduction:138,320,,,,,,,,,,,
163,6,277,277,328,277,0,9,lane_first,False,reduction:138,320,,,,,,,,,,,
163,6,278,278,328,278,0,9,lane_first,False,reduction:139,320,,,,,,,,,,,
163,6,279,279,328,279,0,9,lane_first,False,reduction:139,320,,,,,,,,,,,
163,6,280,280,328,280,0,9,lane_first,False,reduction:140,320,,,,,,,,,,,
163,6,281,281,328,281,0,9,lane_first,False,reduction:140,320,,,,,,,,,,,
163,6,282,282,328,282,0,9,lane_first,False,reduction:141,320,,,,,,,,,,,
163,6,283,283,328,283,0,9,lane_first,False,reduction:141,320,,,,,,,,,,,
163,6,284,284,328,284,0,9,lane_first,False,reduction:142,320,,,,,,,,,,,
163,6,285,285,328,285,0,9,lane_first,False,reduction:142,320,,,,,,,,,,,
163,6,286,286,328,286,0,9,lane_first,False,reduction:143,320,,,,,,,,,,,
163,6,287,287,328,287,0,9,lane_first,False,reduction:143,320,,,,,,,,,,,
163,6,288,288,328,288,0,9,lane_first,False,reduction:144,320,,,,,,,,,,,
163,6,289,289,328,289,0,9,lane_first,False,reduction:144,324,,,,,,,,,,,
163,6,290,290,328,290,0,9,lane_first,False,reduction:145,324,,,,,,,,,,,
163,6,291,291,328,291,0,9,lane_first,False,reduction:145,324,,,,,,,,,,,
163,6,292,292,328,292,0,9,lane_first,False,reduction:146,324,,,,,,,,,,,
163,6,293,293,328,293,0,9,lane_first,False,reduction:146,324,,,,,,,,,,,
163,6,294,294,328,294,0,9,lane_first,False,reduction:147,324,,,,,,,,,,,
163,6,295,295,328,295,0,9,lane_first,False,reduction:147,324,,,,,,,,,,,
163,6,296,296,328,296,0,9,lane_first,False,reduction:148,324,,,,,,,,,,,
163,6,297,297,328,297,0,9,lane_first,False,reduction:148,324,,,,,,,,,,,
163,6,298,298,328,298,0,9,lane_first,False,reduction:149,324,,,,,,,,,,,
163,6,299,299,328,299,0,9,lane_first,False,reduction:149,324,,,,,,,,,,,
163,6,300,300,328,300,0,9,lane_first,False,reduction:150,324,,,,,,,,,,,
163,6,301,301,328,301,0,9,lane_first,False,reduction:150,324,,,,,,,,,,,
163,6,302,302,328,302,0,9,lane_first,False,reduction:151,324,,,,,,,,,,,
163,6,303,303,328,303,0,9,lane_first,False,reduction:151,324,,,,,,,,,,,
163,6,304,304,328,304,0,9,lane_first,False,reduction:152,324,,,,,,,,,,,
163,6,305,305,328,305,0,9,lane_first,False,reduction:152,324,,,,,,,,,,,
163,6,306,306,328,306,0,9,lane_first,False,reduction:153,324,,,,,,,,,,,
163,6,307,307,328,307,0,9,lane_first,False,reduction:153,324,,,,,,,,,,,
163,6,308,308,328,308,0,9,lane_first,False,reduction:154,324,,,,,,,,,,,
163,6,309,309,328,309,0,9,lane_first,False,reduction:154,324,,,,,,,,,,,
163,6,310,310,328,310,0,9,lane_first,False,reduction:155,324,,,,,,,,,,,
163,6,311,311,328,311,0,9,lane_first,False,reduction:155,324,,,,,,,,,,,
163,6,312,312,328,312,0,9,lane_first,False,reduction:156,324,,,,,,,,,,,
163,6,313,313,328,313,0,9,lane_first,False,reduction:156,324,,,,,,,,,,,
163,6,314,314,328,314,0,9,lane_first,False,reduction:157,324,,,,,,,,,,,
163,6,315,315,328,315,0,9,lane_first,False,reduction:157,324,,,,,,,,,,,
163,6,316,316,328,316,0,9,lane_first,False,reduction:158,324,,,,,,,,,,,
163,6,317,317,328,317,0,9,lane_first,False,reduction:158,324,,,,,,,,,,,
163,6,318,318,328,318,0,9,lane_first,False,reduction:159,324,,,,,,,,,,,
163,6,319,319,328,319,0,9,lane_first,False,reduction:159,324,,,,,,,,,,,
163,6,320,320,328,320,0,9,lane_first,False,reduction:160,324,,,,,,,,,,,
163,6,321,321,328,321,0,9,lane_first,False,reduction:160,328,,,,,,,,,,,
163,6,322,322,328,322,0,9,lane_first,False,reduction:161,328,,,,,,,,,,,
163,6,323,323,328,323,0,9,lane_first,False,reduction:161,328,,,,,,,,,,,
163,6,324,324,328,324,0,9,lane_first,False,reduction:162,328,,,,,,,,,,,
163,6,325,325,328,325,0,9,lane_first,False,reduction:162,328,,,,,,,,,,,
163,6,326,326,328,326,0,9,lane_first,False,reduction:163,328,,,,,,,,,,,
163,6,327,327,328,327,0,9,lane_first,False,reduction:163,328,,,,,,,,,,,
163,6,328,328,328,328,0,9,lane_first,False,reduction:164,320,,,,,,,,,,,
163,7,1,1,328,47,46,0,lane_first,True,,46180,962132,209840914,507376,46180,1207682,612748862432,23430623680,504404,h_u=2n,module_barriers,retain_all_square_workspace
163,7,2,2,328,48,23,1,lane_first,True,,22764,731132,158682534,378622,22764,677610,256558053420,8618951208,375650,h_u=2n,module_barriers,retain_all_square_workspace
163,7,3,3,328,48,15,2,lane_first,True,,14964,653908,141447782,336332,14964,504802,169781066264,5032872048,333360,h_u=2n,module_barriers,retain_all_square_workspace
163,7,4,4,328,48,11,2,lane_first,True,,10920,609428,131421266,312306,10920,380240,118751233440,3410381520,309334,h_u=2n,module_barriers,retain_all_square_workspace
163,7,5,5,328,50,9,3,lane_first,True,,8768,616428,132274874,316256,8768,354848,112222809088,2772932608,313284,h_u=2n,module_barriers,retain_all_square_workspace
163,7,6,6,328,48,7,3,lane_first,True,,7176,575340,123527834,294694,7176,293288,86430213872,2114724144,291722,h_u=2n,module_barriers,retain_all_square_workspace
163,7,7,7,328,49,6,3,lane_first,True,,5912,572140,122139066,293788,5912,258598,75972989224,1736874656,290816,h_u=2n,module_barriers,retain_all_square_workspace
163,7,8,8,328,48,5,3,lane_first,True,,5148,552124,118016310,283170,5148,226766,64213328220,1457759160,280198,h_u=2n,module_barriers,retain_all_square_workspace
163,7,9,9,328,54,5,4,lane_first,True,,4724,618036,130829022,318720,4724,250630,79880793600,1505633280,315748,h_u=2n,module_barriers,retain_all_square_workspace
163,7,10,10,328,50,4,4,lane_first,True,,3920,567468,120002562,293534,3920,218438,64118979892,1150653280,290562,h_u=2n,module_barriers,retain_all_square_workspace
163,7,11,11,328,55,4,4,lane_first,True,,3712,614340,129183626,318140,3712,218798,69608395720,1180935680,315168,h_u=2n,module_barriers,retain_all_square_workspace
163,7,12,12,328,48,3,4,lane_first,True,,3664,539332,114639174,278386,3664,192234,53515254324,1020006304,275414,h_u=2n,module_barriers,retain_all_square_workspace
163,7,13,13,328,52,3,4,lane_first,True,,2908,571972,119608226,298136,2908,186560,55620252160,866979488,295164,h_u=2n,module_barriers,retain_all_square_workspace
163,7,14,14,328,56,3,4,lane_first,True,,2724,609348,126890810,317886,2724,184456,58635980016,865921464,314914,h_u=2n,module_barriers,retain_all_square_workspace
163,7,15,15,328,58,3,4,lane_first,True,,2684,629604,131290906,327924,2684,183936,60317028864,880148016,324952,h_u=2n,module_barriers,retain_all_square_workspace
163,7,16,16,328,48,2,4,lane_first,True,,2648,526540,111262046,273602,2648,157544,43104353488,724498096,270630,h_u=2n,module_barriers,retain_all_square_workspace
163,7,17,17,328,51,2,5,lane_first,True,,2168,559468,116183022,294584,2168,172608,50847555072,638658112,291612,h_u=2n,module_barriers,retain_all_square_workspace
163,7,18,18,328,54,2,5,lane_first,True,,1920,585364,120597942,309478,1920,172608,53418378624,594197760,306506,h_u=2n,module_barriers,retain_all_square_workspace
163,7,19,19,328,57,2,5,lane_first,True,,1800,612796,125763198,324372,1800,174016,56445917952,583869600,321400,h_u=2n,module_barriers,retain_all_square_workspace
163,7,20,20,328,60,2,5,lane_first,True,,1740,640868,131241094,339266,1740,173316,58800226056,590322840,336294,h_u=2n,module_barriers,retain_all_square_workspace
163,7,21,21,328,63,2,5,lane_first,True,,1716,669228,136859678,354160,1716,175780,62254244800,607738560,351188,h_u=2n,module_barriers,retain_all_square_workspace
163,7,22,22,328,64,2,5,lane_first,True,,1704,679620,139181526,359342,1704,175608,63103329936,612318768,356370,h_u=2n,module_barriers,retain_all_square_workspace
163,7,23,23,328,52,2,5,lane_first,True,,1696,572388,119668158,301396,1696,169984,51232497664,511167616,298424,h_u=2n,module_barriers,retain_all_square_workspace
163,7,24,24,328,48,1,5,lane_first,True,,1664,522700,109271578,276210,1664,146404,40438248840,459613440,273238,h_u=2n,module_barriers,retain_all_square_workspace
163,7,25,25,328,50,1,5,lane_first,True,,1668,535196,109880918,286248,1668,149170,42699614160,477461664,283276,h_u=2n,module_barriers,retain_all_square_workspace
163,7,26,26,328,52,1,5,lane_first,True,,1160,550252,111740814,296286,1160,143542,42529485012,343691760,293314,h_u=2n,module_barriers,retain_all_square_workspace
163,7,27,27,328,54,1,5,lane_first,True,,1160,566076,113975878,306324,1160,143542,43970359608,355335840,303352,h_u=2n,module_barriers,retain_all_square_workspace
163,7,28,28,328,56,1,5,lane_first,True,,908,582924,116711166,316362,908,140730,44521624260,287256696,313390,h_u=2n,module_barriers,retain_all_square_workspace
163,7,29,29,328,58,1,5,lane_first,True,,908,600284,119696566,326400,908,140730,45934272000,296371200,323428,h_u=2n,module_barriers,retain_all_square_workspace
163,7,30,30,328,60,1,5,lane_first,True,,784,617772,122744494,336438,784,139326,46874560788,263767392,333466,h_u=2n,module_barriers,retain_all_square_workspace
163,7,31,31,328,62,1,5,lane_first,True,,784,635836,126073798,346476,784,139326,48273115176,271637184,343504,h_u=2n,module_barriers,retain_all_square_workspace
163,7,32,32,328,64,1,5,lane_first,True,,784,653900,129403102,356514,784,139326,49671669564,279506976,353542,h_u=2n,module_barriers,retain_all_square_workspace
163,7,33,33,328,66,1,6,lane_first,True,,748,682900,135145566,372640,748,156506,58320395840,278734720,369668,h_u=2n,module_barriers,retain_all_square_workspace
163,7,34,34,328,68,1,6,lane_first,True,,752,701284,138631190,382678,752,159318,60967493604,287773856,379706,h_u=2n,module_barriers,retain_all_square_workspace
163,7,35,35,328,70,1,6,lane_first,True,,756,719668,142116814,392716,756,162130,63671045080,296893296,389744,h_u=2n,module_barriers,retain_all_square_workspace
163,7,36,36,328,72,1,6,lane_first,True,,756,738052,145602438,402754,756,162130,65298506020,304482024,399782,h_u=2n,module_barriers,retain_all_square_workspace
163,7,37,37,328,74,1,6,lane_first,True,,732,756516,149127142,412792,732,164594,67943086448,302163744,409820,h_u=2n,module_barriers,retain_all_square_workspace
163,7,38,38,328,76,1,6,lane_first,True,,732,775044,152683110,422830,732,164594,69595281020,309511560,419858,h_u=2n,module_barriers,retain_all_square_workspace
163,7,39,39,328,78,1,6,lane_first,True,,732,793572,156239078,432868,732,164594,71247475592,316859376,429896,h_u=2n,module_barriers,retain_all_square_workspace
163,7,40,40,328,80,1,6,lane_first,True,,732,812100,159795046,442906,732,164594,72899670164,324207192,439934,h_u=2n,module_barriers,retain_all_square_workspace
163,7,41,41,328,82,1,6,lane_first,True,,724,830628,163351014,452944,724,167234,75747636896,327931456,449972,h_u=2n,module_barriers,retain_all_square_workspace
163,7,42,42,328,76,1,6,lane_first,True,,724,776772,153469926,424134,724,167234,70929625356,307073016,421162,h_u=2n,module_barriers,retain_all_square_workspace
163,7,43,43,328,70,1,6,lane_first,True,,720,722916,143588838,395324,720,164422,64999962728,284633280,392352,h_u=2n,module_barriers,retain_all_square_workspace
163,7,44,44,328,64,1,6,lane_first,True,,720,669060,133707750,366514,720,164422,60262964908,263890080,363542,h_u=2n,module_barriers,retain_all_square_workspace
163,7,45,45,328,58,1,6,lane_first,True,,716,615204,123826662,337704,716,161610,54576343440,241796064,334732,h_u=2n,module_barriers,retain_all_square_workspace
163,7,46,46,328,52,1,6,lane_first,True,,712,561348,113945574,308894,712,158798,49051749412,219932528,305922,h_u=2n,module_barriers,retain_all_square_workspace
163,7,47,47,328,47,0,6,lane_first,True,,680,505424,103244978,278852,680,135218,37705809736,189619360,275880,h_u=2n,module_barriers,retain_all_square_workspace
163,7,48,48,328,48,0,6,lane_first,True,,680,513196,104300634,284034,680,135218,38406509412,193143120,281062,h_u=2n,module_barriers,retain_all_square_workspace
163,7,49,49,328,49,0,6,lane_first,True,,684,520968,105356294,289216,684,137984,39907180544,197823744,286244,h_u=2n,module_barriers,retain_all_square_workspace
163,7,50,50,328,50,0,6,lane_first,True,,684,528740,106411950,294398,684,137984,40622213632,201368232,291426,h_u=2n,module_barriers,retain_all_square_workspace
163,7,51,51,328,51,0,6,lane_first,True,,684,536512,107467606,299580,684,137984,41337246720,204912720,296608,h_u=2n,module_barriers,retain_all_square_workspace
163,7,52,52,328,52,0,6,lane_first,True,,684,544284,108523262,304762,684,137984,42052279808,208457208,301790,h_u=2n,module_barriers,retain_all_square_workspace
163,7,53,53,328,53,0,6,lane_first,True,,684,552056,109578918,309944,684,137984,42767312896,212001696,306972,h_u=2n,module_barriers,retain_all_square_workspace
163,7,54,54,328,54,0,6,lane_first,True,,684,559828,110634574,315126,684,137984,43482345984,215546184,312154,h_u=2n,module_barriers,retain_all_square_workspace
163,7,55,55,328,55,0,6,lane_first,True,,428,567856,111815286,320308,428,135168,43295391744,137091824,317336,h_u=2n,module_barriers,retain_all_square_workspace
163,7,56,56,328,56,0,6,lane_first,True,,428,576396,113246110,325490,428,135168,43995832320,139309720,322518,h_u=2n,module_barriers,retain_all_square_workspace
163,7,57,57,328,57,0,6,lane_first,True,,428,584936,114676934,330672,428,135168,44696272896,141527616,327700,h_u=2n,module_barriers,retain_all_square_workspace
163,7,58,58,328,58,0,6,lane_first,True,,428,593476,116107758,335854,428,135168,45396713472,143745512,332882,h_u=2n,module_barriers,retain_all_square_workspace
163,7,59,59,328,59,0,6,lane_first,True,,428,602016,117538582,341036,428,135168,46097154048,145963408,338064,h_u=2n,module_barriers,retain_all_square_workspace
163,7,60,60,328,60,0,6,lane_first,True,,428,610556,118969406,346218,428,135168,46797594624,148181304,343246,h_u=2n,module_barriers,retain_all_square_workspace
163,7,61,61,328,61,0,6,lane_first,True,,428,619096,120400230,351400,428,135168,47498035200,150399200,348428,h_u=2n,module_barriers,retain_all_square_workspace
163,7,62,62,328,62,0,6,lane_first,True,,428,627636,121831054,356582,428,135168,48198475776,152617096,353610,h_u=2n,module_barriers,retain_all_square_workspace
163,7,63,63,328,63,0,6,lane_first,True,,428,636176,123261878,361764,428,135168,48898916352,154834992,358792,h_u=2n,module_barriers,retain_all_square_workspace
163,7,64,64,328,64,0,6,lane_first,True,,428,644716,124692702,366946,428,135168,49599356928,157052888,363974,h_u=2n,module_barriers,retain_all_square_workspace
163,7,65,65,328,65,0,7,lane_first,True,,448,664128,128505422,378216,448,150236,56821658976,169440768,375244,h_u=2n,module_barriers,retain_all_square_workspace
163,7,66,66,328,66,0,7,lane_first,True,,324,672796,129998774,383398,324,151640,58138472720,124220952,380426,h_u=2n,module_barriers,retain_all_square_workspace
163,7,67,67,328,67,0,7,lane_first,True,,328,681656,131585918,388580,328,154452,60016958160,127454240,385608,h_u=2n,module_barriers,retain_all_square_workspace
163,7,68,68,328,68,0,7,lane_first,True,,328,690516,133173062,393762,328,154452,60817328424,129153936,390790,h_u=2n,module_barriers,retain_all_square_workspace
163,7,69,69,328,69,0,7,lane_first,True,,332,699376,134760206,398944,332,157264,62739529216,132449408,395972,h_u=2n,module_barriers,retain_all_square_workspace
163,7,70,70,328,70,0,7,lane_first,True,,332,708236,136347350,404126,332,157264,63554471264,134169832,401154,h_u=2n,module_barriers,retain_all_square_workspace
163,7,71,71,328,71,0,7,lane_first,True,,332,717096,137934494,409308,332,157264,64369413312,135890256,406336,h_u=2n,module_barriers,retain_all_square_workspace
163,7,72,72,328,72,0,7,lane_first,True,,332,725956,139521638,414490,332,157264,65184355360,137610680,411518,h_u=2n,module_barriers,retain_all_square_workspace
163,7,73,73,328,73,0,7,lane_first,True,,336,734816,141108782,419672,336,160076,67179415072,141009792,416700,h_u=2n,module_barriers,retain_all_square_workspace
163,7,74,74,328,74,0,7,lane_first,True,,336,743676,142695926,424854,336,160076,68008928904,142750944,421882,h_u=2n,module_barriers,retain_all_square_workspace
163,7,75,75,328,75,0,7,lane_first,True,,336,752536,144283070,430036,336,160076,68838442736,144492096,427064,h_u=2n,module_barriers,retain_all_square_workspace
163,7,76,76,328,76,0,7,lane_first,True,,336,761396,145870214,435218,336,160076,69667956568,146233248,432246,h_u=2n,module_barriers,retain_all_square_workspace
163,7,77,77,328,77,0,7,lane_first,True,,336,770256,147457358,440400,336,160076,70497470400,147974400,437428,h_u=2n,module_barriers,retain_all_square_workspace
163,7,78,78,328,78,0,7,lane_first,True,,336,779116,149044502,445582,336,160076,71326984232,149715552,442610,h_u=2n,module_barriers,retain_all_square_workspace
163,7,79,79,328,79,0,7,lane_first,True,,336,787976,150631646,450764,336,160076,72156498064,151456704,447792,h_u=2n,module_barriers,retain_all_square_workspace
163,7,80,80,328,80,0,7,lane_first,True,,336,796836,152218790,455946,336,160076,72986011896,153197856,452974,h_u=2n,module_barriers,retain_all_square_workspace
163,7,81,81,328,81,0,7,lane_first,True,,340,805696,153805934,461128,340,162888,75112217664,156783520,458156,h_u=2n,module_barriers,retain_all_square_workspace
163,7,82,82,328,82,0,7,lane_first,True,,276,814556,155393078,466310,276,162184,75628021040,128701560,463338,h_u=2n,module_barriers,retain_all_square_workspace
163,7,83,83,328,83,0,7,lane_first,True,,276,823544,157042750,471492,276,162184,76468458528,130131792,468520,h_u=2n,module_barriers,retain_all_square_workspace
163,7,84,84,328,84,0,7,lane_first,True,,276,832532,158692422,476674,276,162184,77308896016,131562024,473702,h_u=2n,module_barriers,retain_all_square_workspace
163,7,85,85,328,85,0,7,lane_first,True,,276,841520,160342094,481856,276,162184,78149333504,132992256,478884,h_u=2n,module_barriers,retain_all_square_workspace
163,7,86,86,328,86,0,7,lane_first,True,,276,850508,161991766,487038,276,162184,78989770992,134422488,484066,h_u=2n,module_barriers,retain_all_square_workspace
163,7,87,87,328,87,0,7,lane_first,True,,276,859496,163641438,492220,276,162184,79830208480,135852720,489248,h_u=2n,module_barriers,retain_all_square_workspace
163,7,88,88,328,88,0,7,lane_first,True,,276,868484,165291110,497402,276,162184,80670645968,137282952,494430,h_u=2n,module_barriers,retain_all_square_workspace
163,7,89,89,328,89,0,7,lane_first,True,,276,877472,166940782,502584,276,162184,81511083456,138713184,499612,h_u=2n,module_barriers,retain_all_square_workspace
163,7,90,90,328,90,0,7,lane_first,True,,276,886460,168590454,507766,276,162184,82351520944,140143416,504794,h_u=2n,module_barriers,retain_all_square_workspace
163,7,91,91,328,91,0,7,lane_first,True,,276,895448,170240126,512948,276,162184,83191958432,141573648,509976,h_u=2n,module_barriers,retain_all_square_workspace
163,7,92,92,328,92,0,7,lane_first,True,,276,904436,171889798,518130,276,162184,84032395920,143003880,515158,h_u=2n,module_barriers,retain_all_square_workspace
163,7,93,93,328,93,0,7,lane_first,True,,276,913424,173539470,523312,276,162184,84872833408,144434112,520340,h_u=2n,module_barriers,retain_all_square_workspace
163,7,94,94,328,94,0,7,lane_first,True,,276,922412,175189142,528494,276,162184,85713270896,145864344,525522,h_u=2n,module_barriers,retain_all_square_workspace
163,7,95,95,328,95,0,7,lane_first,True,,276,931400,176838814,533676,276,162184,86553708384,147294576,530704,h_u=2n,module_barriers,retain_all_square_workspace
163,7,96,96,328,96,0,7,lane_first,True,,276,940388,178488486,538858,276,162184,87394145872,148724808,535886,h_u=2n,module_barriers,retain_all_square_workspace
163,7,97,97,328,97,0,7,lane_first,True,,280,949376,180138162,544040,280,164950,89739398000,152331200,541068,h_u=2n,module_barriers,retain_all_square_workspace
163,7,98,98,328,98,0,7,lane_first,True,,280,958364,181787834,549222,280,164950,90594168900,153782160,546250,h_u=2n,module_barriers,retain_all_square_workspace
163,7,99,99,328,99,0,7,lane_first,True,,280,967352,183437506,554404,280,164950,91448939800,155233120,551432,h_u=2n,module_barriers,retain_all_square_workspace
163,7,100,100,328,100,0,7,lane_first,True,,280,976340,185087178,559586,280,164950,92303710700,156684080,556614,h_u=2n,module_barriers,retain_all_square_workspace
163,7,101,101,328,101,0,7,lane_first,True,,280,985328,186736850,564768,280,164950,93158481600,158135040,561796,h_u=2n,module_barriers,retain_all_square_workspace
163,7,102,102,328,102,0,7,lane_first,True,,280,994316,188386522,569950,280,164950,94013252500,159586000,566978,h_u=2n,module_barriers,retain_all_square_workspace
163,7,103,103,328,103,0,7,lane_first,True,,280,1003304,190036194,575132,280,164950,94868023400,161036960,572160,h_u=2n,module_barriers,retain_all_square_workspace
163,7,104,104,328,104,0,7,lane_first,True,,280,1012292,191685866,580314,280,164950,95722794300,162487920,577342,h_u=2n,module_barriers,retain_all_square_workspace
163,7,105,105,328,105,0,7,lane_first,True,,280,1021280,193335538,585496,280,164950,96577565200,163938880,582524,h_u=2n,module_barriers,retain_all_square_workspace
163,7,106,106,328,106,0,7,lane_first,True,,280,1030268,194985210,590678,280,164950,97432336100,165389840,587706,h_u=2n,module_barriers,retain_all_square_workspace
163,7,107,107,328,107,0,7,lane_first,True,,280,1039256,196634882,595860,280,164950,98287107000,166840800,592888,h_u=2n,module_barriers,retain_all_square_workspace
163,7,108,108,328,108,0,7,lane_first,True,,280,1048244,198284554,601042,280,164950,99141877900,168291760,598070,h_u=2n,module_barriers,retain_all_square_workspace
163,7,109,109,328,109,0,7,lane_first,True,,280,1057232,199934226,606224,280,164950,99996648800,169742720,603252,h_u=2n,module_barriers,retain_all_square_workspace
163,7,110,110,328,110,0,7,lane_first,True,,248,1066252,201599530,611406,248,164598,100636204788,151628688,608434,h_u=2n,module_barriers,retain_all_square_workspace
163,7,111,111,328,111,0,7,lane_first,True,,248,1075288,203272650,616588,248,164598,101489151624,152913824,613616,h_u=2n,module_barriers,retain_all_square_workspace
163,7,112,112,328,112,0,7,lane_first,True,,248,1084324,204945770,621770,248,164598,102342098460,154198960,618798,h_u=2n,module_barriers,retain_all_square_workspace
163,7,113,113,328,113,0,7,lane_first,True,,248,1093360,206618890,626952,248,164598,103195045296,155484096,623980,h_u=2n,module_barriers,retain_all_square_workspace
163,7,114,114,328,114,0,7,lane_first,True,,248,1102396,208292010,632134,248,164598,104047992132,156769232,629162,h_u=2n,module_barriers,retain_all_square_workspace
163,7,115,115,328,115,0,7,lane_first,True,,248,1111432,209965130,637316,248,164598,104900938968,158054368,634344,h_u=2n,module_barriers,retain_all_square_workspace
163,7,116,116,328,116,0,7,lane_first,True,,248,1120468,211638250,642498,248,164598,105753885804,159339504,639526,h_u=2n,module_barriers,retain_all_square_workspace
163,7,117,117,328,117,0,7,lane_first,True,,248,1129504,213311370,647680,248,164598,106606832640,160624640,644708,h_u=2n,module_barriers,retain_all_square_workspace
163,7,118,118,328,118,0,7,lane_first,True,,248,1138540,214984490,652862,248,164598,107459779476,161909776,649890,h_u=2n,module_barriers,retain_all_square_workspace
163,7,119,119,328,119,0,7,lane_first,True,,248,1147576,216657610,658044,248,164598,108312726312,163194912,655072,h_u=2n,module_barriers,retain_all_square_workspace
163,7,120,120,328,120,0,7,lane_first,True,,248,1156612,218330730,663226,248,164598,109165673148,164480048,660254,h_u=2n,module_barriers,retain_all_square_workspace
163,7,121,121,328,121,0,7,lane_first,True,,248,1165648,220003850,668408,248,164598,110018619984,165765184,665436,h_u=2n,module_barriers,retain_all_square_workspace
163,7,122,122,328,122,0,7,lane_first,True,,248,1174684,221676970,673590,248,164598,110871566820,167050320,670618,h_u=2n,module_barriers,retain_all_square_workspace
163,7,123,123,328,123,0,7,lane_first,True,,248,1183720,223350090,678772,248,164598,111724513656,168335456,675800,h_u=2n,module_barriers,retain_all_square_workspace
163,7,124,124,328,124,0,7,lane_first,True,,248,1192756,225023210,683954,248,164598,112577460492,169620592,680982,h_u=2n,module_barriers,retain_all_square_workspace
163,7,125,125,328,125,0,7,lane_first,True,,248,1201792,226696330,689136,248,164598,113430407328,170905728,686164,h_u=2n,module_barriers,retain_all_square_workspace
163,7,126,126,328,126,0,7,lane_first,True,,248,1210828,228369450,694318,248,164598,114283354164,172190864,691346,h_u=2n,module_barriers,retain_all_square_workspace
163,7,127,127,328,127,0,7,lane_first,True,,248,1219864,230042570,699500,248,164598,115136301000,173476000,696528,h_u=2n,module_barriers,retain_all_square_workspace
163,7,128,128,328,128,0,7,lane_first,True,,248,1228900,231715690,704682,248,164598,115989247836,174761136,701710,h_u=2n,module_barriers,retain_all_square_workspace
163,7,129,129,328,129,0,8,lane_first,True,,268,1248808,235770706,715952,268,179666,128632232032,191875136,712980,h_u=2n,module_barriers,retain_all_square_workspace
163,7,130,130,328,130,0,8,lane_first,True,,272,1257844,237443826,721134,272,182478,131591090052,196148448,718162,h_u=2n,module_barriers,retain_all_square_workspace
163,7,131,131,328,131,0,8,lane_first,True,,276,1266880,239116946,726316,276,185290,134579091640,200463216,723344,h_u=2n,module_barriers,retain_all_square_workspace
163,7,132,132,328,132,0,8,lane_first,True,,276,1275916,240790066,731498,276,185290,135539264420,201893448,728526,h_u=2n,module_barriers,retain_all_square_workspace
163,7,133,133,328,133,0,8,lane_first,True,,280,1284952,242463186,736680,280,188102,138570981360,206270400,733708,h_u=2n,module_barriers,retain_all_square_workspace
163,7,134,134,328,134,0,8,lane_first,True,,280,1293988,244136306,741862,280,188102,139545725924,207721360,738890,h_u=2n,module_barriers,retain_all_square_workspace
163,7,135,135,328,135,0,8,lane_first,True,,280,1303024,245809426,747044,280,188102,140520470488,209172320,744072,h_u=2n,module_barriers,retain_all_square_workspace
163,7,136,136,328,136,0,8,lane_first,True,,280,1312060,247482546,752226,280,188102,141495215052,210623280,749254,h_u=2n,module_barriers,retain_all_square_workspace
163,7,137,137,328,137,0,8,lane_first,True,,284,1321096,249155666,757408,284,190914,144599790912,215103872,754436,h_u=2n,module_barriers,retain_all_square_workspace
163,7,138,138,328,138,0,8,lane_first,True,,284,1330132,250828786,762590,284,190914,145589107260,216575560,759618,h_u=2n,module_barriers,retain_all_square_workspace
163,7,139,139,328,139,0,8,lane_first,True,,284,1339168,252501906,767772,284,190914,146578423608,218047248,764800,h_u=2n,module_barriers,retain_all_square_workspace
163,7,140,140,328,140,0,8,lane_first,True,,284,1348204,254175026,772954,284,190914,147567739956,219518936,769982,h_u=2n,module_barriers,retain_all_square_workspace
163,7,141,141,328,141,0,8,lane_first,True,,284,1357240,255848146,778136,284,190914,148557056304,220990624,775164,h_u=2n,module_barriers,retain_all_square_workspace
163,7,142,142,328,142,0,8,lane_first,True,,284,1366276,257521266,783318,284,190914,149546372652,222462312,780346,h_u=2n,module_barriers,retain_all_square_workspace
163,7,143,143,328,143,0,8,lane_first,True,,284,1375312,259194386,788500,284,190914,150535689000,223934000,785528,h_u=2n,module_barriers,retain_all_square_workspace
163,7,144,144,328,144,0,8,lane_first,True,,284,1384348,260867506,793682,284,190914,151525005348,225405688,790710,h_u=2n,module_barriers,retain_all_square_workspace
163,7,145,145,328,145,0,8,lane_first,True,,288,1393384,262540626,798864,288,193726,154760727264,230072832,795892,h_u=2n,module_barriers,retain_all_square_workspace
163,7,146,146,328,146,0,8,lane_first,True,,288,1402420,264213746,804046,288,193726,155764615396,231565248,801074,h_u=2n,module_barriers,retain_all_square_workspace
163,7,147,147,328,147,0,8,lane_first,True,,288,1411456,265886866,809228,288,193726,156768503528,233057664,806256,h_u=2n,module_barriers,retain_all_square_workspace
163,7,148,148,328,148,0,8,lane_first,True,,288,1420492,267559986,814410,288,193726,157772391660,234550080,811438,h_u=2n,module_barriers,retain_all_square_workspace
163,7,149,149,328,149,0,8,lane_first,True,,288,1429528,269233106,819592,288,193726,158776279792,236042496,816620,h_u=2n,module_barriers,retain_all_square_workspace
163,7,150,150,328,150,0,8,lane_first,True,,288,1438564,270906226,824774,288,193726,159780167924,237534912,821802,h_u=2n,module_barriers,retain_all_square_workspace
163,7,151,151,328,151,0,8,lane_first,True,,288,1447600,272579346,829956,288,193726,160784056056,239027328,826984,h_u=2n,module_barriers,retain_all_square_workspace
163,7,152,152,328,152,0,8,lane_first,True,,288,1456636,274252466,835138,288,193726,161787944188,240519744,832166,h_u=2n,module_barriers,retain_all_square_workspace
163,7,153,153,328,153,0,8,lane_first,True,,288,1465672,275925586,840320,288,193726,162791832320,242012160,837348,h_u=2n,module_barriers,retain_all_square_workspace
163,7,154,154,328,154,0,8,lane_first,True,,288,1474708,277598706,845502,288,193726,163795720452,243504576,842530,h_u=2n,module_barriers,retain_all_square_workspace
163,7,155,155,328,155,0,8,lane_first,True,,288,1483744,279271826,850684,288,193726,164799608584,244996992,847712,h_u=2n,module_barriers,retain_all_square_workspace
163,7,156,156,328,156,0,8,lane_first,True,,288,1492780,280944946,855866,288,193726,165803496716,246489408,852894,h_u=2n,module_barriers,retain_all_square_workspace
163,7,157,157,328,157,0,8,lane_first,True,,288,1501816,282618066,861048,288,193726,166807384848,247981824,858076,h_u=2n,module_barriers,retain_all_square_workspace
163,7,158,158,328,158,0,8,lane_first,True,,288,1510852,284291186,866230,288,193726,167811272980,249474240,863258,h_u=2n,module_barriers,retain_all_square_workspace
163,7,159,159,328,159,0,8,lane_first,True,,288,1519888,285964306,871412,288,193726,168815161112,250966656,868440,h_u=2n,module_barriers,retain_all_square_workspace
163,7,160,160,328,160,0,8,lane_first,True,,288,1528924,287637426,876594,288,193726,169819049244,252459072,873622,h_u=2n,module_barriers,retain_all_square_workspace
163,7,161,161,328,161,0,8,lane_first,True,,292,1537960,289310546,881776,292,196538,173302491488,257478592,878804,h_u=2n,module_barriers,retain_all_square_workspace
163,7,162,162,328,162,0,8,lane_first,True,,292,1546996,290983666,886958,292,196538,174320951404,258991736,883986,h_u=2n,module_barriers,retain_all_square_workspace
163,7,163,163,328,163,0,8,lane_first,True,,292,1556032,292656786,892140,292,196538,175339411320,260504880,889168,h_u=2n,module_barriers,retain_all_square_workspace
163,7,164,164,328,164,0,8,lane_first,True,,276,1565068,294329906,897322,276,196362,176199942564,247660872,894350,h_u=2n,module_barriers,retain_all_square_workspace
163,7,165,165,328,165,0,8,lane_first,True,,276,1574120,296010842,902504,276,196362,177217490448,249091104,899532,h_u=2n,module_barriers,retain_all_square_workspace
163,7,166,166,328,166,0,8,lane_first,False,reduction:83,276,,,,,,,,,,,
163,7,167,167,328,167,0,8,lane_first,False,reduction:83,276,,,,,,,,,,,
163,7,168,168,328,168,0,8,lane_first,False,reduction:84,276,,,,,,,,,,,
163,7,169,169,328,169,0,8,lane_first,False,reduction:84,276,,,,,,,,,,,
163,7,170,170,328,170,0,8,lane_first,False,reduction:85,276,,,,,,,,,,,
163,7,171,171,328,171,0,8,lane_first,False,reduction:85,276,,,,,,,,,,,
163,7,172,172,328,172,0,8,lane_first,False,reduction:86,276,,,,,,,,,,,
163,7,173,173,328,173,0,8,lane_first,False,reduction:86,276,,,,,,,,,,,
163,7,174,174,328,174,0,8,lane_first,False,reduction:87,276,,,,,,,,,,,
163,7,175,175,328,175,0,8,lane_first,False,reduction:87,276,,,,,,,,,,,
163,7,176,176,328,176,0,8,lane_first,False,reduction:88,276,,,,,,,,,,,
163,7,177,177,328,177,0,8,lane_first,False,reduction:88,276,,,,,,,,,,,
163,7,178,178,328,178,0,8,lane_first,False,reduction:89,276,,,,,,,,,,,
163,7,179,179,328,179,0,8,lane_first,False,reduction:89,276,,,,,,,,,,,
163,7,180,180,328,180,0,8,lane_first,False,reduction:90,276,,,,,,,,,,,
163,7,181,181,328,181,0,8,lane_first,False,reduction:90,276,,,,,,,,,,,
163,7,182,182,328,182,0,8,lane_first,False,reduction:91,276,,,,,,,,,,,
163,7,183,183,328,183,0,8,lane_first,False,reduction:91,276,,,,,,,,,,,
163,7,184,184,328,184,0,8,lane_first,False,reduction:92,276,,,,,,,,,,,
163,7,185,185,328,185,0,8,lane_first,False,reduction:92,276,,,,,,,,,,,
163,7,186,186,328,186,0,8,lane_first,False,reduction:93,276,,,,,,,,,,,
163,7,187,187,328,187,0,8,lane_first,False,reduction:93,276,,,,,,,,,,,
163,7,188,188,328,188,0,8,lane_first,False,reduction:94,276,,,,,,,,,,,
163,7,189,189,328,189,0,8,lane_first,False,reduction:94,276,,,,,,,,,,,
163,7,190,190,328,190,0,8,lane_first,False,reduction:95,276,,,,,,,,,,,
163,7,191,191,328,191,0,8,lane_first,False,reduction:95,276,,,,,,,,,,,
163,7,192,192,328,192,0,8,lane_first,False,reduction:96,276,,,,,,,,,,,
163,7,193,193,328,193,0,8,lane_first,False,reduction:96,280,,,,,,,,,,,
163,7,194,194,328,194,0,8,lane_first,False,reduction:97,280,,,,,,,,,,,
163,7,195,195,328,195,0,8,lane_first,False,reduction:97,280,,,,,,,,,,,
163,7,196,196,328,196,0,8,lane_first,False,reduction:98,280,,,,,,,,,,,
163,7,197,197,328,197,0,8,lane_first,False,reduction:98,280,,,,,,,,,,,
163,7,198,198,328,198,0,8,lane_first,False,reduction:99,280,,,,,,,,,,,
163,7,199,199,328,199,0,8,lane_first,False,reduction:99,280,,,,,,,,,,,
163,7,200,200,328,200,0,8,lane_first,False,reduction:100,280,,,,,,,,,,,
163,7,201,201,328,201,0,8,lane_first,False,reduction:100,280,,,,,,,,,,,
163,7,202,202,328,202,0,8,lane_first,False,reduction:101,280,,,,,,,,,,,
163,7,203,203,328,203,0,8,lane_first,False,reduction:101,280,,,,,,,,,,,
163,7,204,204,328,204,0,8,lane_first,False,reduction:102,280,,,,,,,,,,,
163,7,205,205,328,205,0,8,lane_first,False,reduction:102,280,,,,,,,,,,,
163,7,206,206,328,206,0,8,lane_first,False,reduction:103,280,,,,,,,,,,,
163,7,207,207,328,207,0,8,lane_first,False,reduction:103,280,,,,,,,,,,,
163,7,208,208,328,208,0,8,lane_first,False,reduction:104,280,,,,,,,,,,,
163,7,209,209,328,209,0,8,lane_first,False,reduction:104,280,,,,,,,,,,,
163,7,210,210,328,210,0,8,lane_first,False,reduction:105,280,,,,,,,,,,,
163,7,211,211,328,211,0,8,lane_first,False,reduction:105,280,,,,,,,,,,,
163,7,212,212,328,212,0,8,lane_first,False,reduction:106,280,,,,,,,,,,,
163,7,213,213,328,213,0,8,lane_first,False,reduction:106,280,,,,,,,,,,,
163,7,214,214,328,214,0,8,lane_first,False,reduction:107,280,,,,,,,,,,,
163,7,215,215,328,215,0,8,lane_first,False,reduction:107,280,,,,,,,,,,,
163,7,216,216,328,216,0,8,lane_first,False,reduction:108,280,,,,,,,,,,,
163,7,217,217,328,217,0,8,lane_first,False,reduction:108,280,,,,,,,,,,,
163,7,218,218,328,218,0,8,lane_first,False,reduction:109,280,,,,,,,,,,,
163,7,219,219,328,219,0,8,lane_first,False,reduction:109,280,,,,,,,,,,,
163,7,220,220,328,220,0,8,lane_first,False,reduction:110,280,,,,,,,,,,,
163,7,221,221,328,221,0,8,lane_first,False,reduction:110,280,,,,,,,,,,,
163,7,222,222,328,222,0,8,lane_first,False,reduction:111,280,,,,,,,,,,,
163,7,223,223,328,223,0,8,lane_first,False,reduction:111,280,,,,,,,,,,,
163,7,224,224,328,224,0,8,lane_first,False,reduction:112,280,,,,,,,,,,,
163,7,225,225,328,225,0,8,lane_first,False,reduction:112,280,,,,,,,,,,,
163,7,226,226,328,226,0,8,lane_first,False,reduction:113,280,,,,,,,,,,,
163,7,227,227,328,227,0,8,lane_first,False,reduction:113,280,,,,,,,,,,,
163,7,228,228,328,228,0,8,lane_first,False,reduction:114,280,,,,,,,,,,,
163,7,229,229,328,229,0,8,lane_first,False,reduction:114,280,,,,,,,,,,,
163,7,230,230,328,230,0,8,lane_first,False,reduction:115,280,,,,,,,,,,,
163,7,231,231,328,231,0,8,lane_first,False,reduction:115,280,,,,,,,,,,,
163,7,232,232,328,232,0,8,lane_first,False,reduction:116,280,,,,,,,,,,,
163,7,233,233,328,233,0,8,lane_first,False,reduction:116,280,,,,,,,,,,,
163,7,234,234,328,234,0,8,lane_first,False,reduction:117,280,,,,,,,,,,,
163,7,235,235,328,235,0,8,lane_first,False,reduction:117,280,,,,,,,,,,,
163,7,236,236,328,236,0,8,lane_first,False,reduction:118,280,,,,,,,,,,,
163,7,237,237,328,237,0,8,lane_first,False,reduction:118,280,,,,,,,,,,,
163,7,238,238,328,238,0,8,lane_first,False,reduction:119,280,,,,,,,,,,,
163,7,239,239,328,239,0,8,lane_first,False,reduction:119,280,,,,,,,,,,,
163,7,240,240,328,240,0,8,lane_first,False,reduction:120,280,,,,,,,,,,,
163,7,241,241,328,241,0,8,lane_first,False,reduction:120,280,,,,,,,,,,,
163,7,242,242,328,242,0,8,lane_first,False,reduction:121,280,,,,,,,,,,,
163,7,243,243,328,243,0,8,lane_first,False,reduction:121,280,,,,,,,,,,,
163,7,244,244,328,244,0,8,lane_first,False,reduction:122,280,,,,,,,,,,,
163,7,245,245,328,245,0,8,lane_first,False,reduction:122,280,,,,,,,,,,,
163,7,246,246,328,246,0,8,lane_first,False,reduction:123,280,,,,,,,,,,,
163,7,247,247,328,247,0,8,lane_first,False,reduction:123,280,,,,,,,,,,,
163,7,248,248,328,248,0,8,lane_first,False,reduction:124,280,,,,,,,,,,,
163,7,249,249,328,249,0,8,lane_first,False,reduction:124,280,,,,,,,,,,,
163,7,250,250,328,250,0,8,lane_first,False,reduction:125,280,,,,,,,,,,,
163,7,251,251,328,251,0,8,lane_first,False,reduction:125,280,,,,,,,,,,,
163,7,252,252,328,252,0,8,lane_first,False,reduction:126,280,,,,,,,,,,,
163,7,253,253,328,253,0,8,lane_first,False,reduction:126,280,,,,,,,,,,,
163,7,254,254,328,254,0,8,lane_first,False,reduction:127,280,,,,,,,,,,,
163,7,255,255,328,255,0,8,lane_first,False,reduction:127,280,,,,,,,,,,,
163,7,256,256,328,256,0,8,lane_first,False,reduction:128,280,,,,,,,,,,,
163,7,257,257,328,257,0,9,lane_first,False,reduction:128,300,,,,,,,,,,,
163,7,258,258,328,258,0,9,lane_first,False,reduction:129,304,,,,,,,,,,,
163,7,259,259,328,259,0,9,lane_first,False,reduction:129,308,,,,,,,,,,,
163,7,260,260,328,260,0,9,lane_first,False,reduction:130,308,,,,,,,,,,,
163,7,261,261,328,261,0,9,lane_first,False,reduction:130,312,,,,,,,,,,,
163,7,262,262,328,262,0,9,lane_first,False,reduction:131,312,,,,,,,,,,,
163,7,263,263,328,263,0,9,lane_first,False,reduction:131,312,,,,,,,,,,,
163,7,264,264,328,264,0,9,lane_first,False,reduction:132,312,,,,,,,,,,,
163,7,265,265,328,265,0,9,lane_first,False,reduction:132,316,,,,,,,,,,,
163,7,266,266,328,266,0,9,lane_first,False,reduction:133,316,,,,,,,,,,,
163,7,267,267,328,267,0,9,lane_first,False,reduction:133,316,,,,,,,,,,,
163,7,268,268,328,268,0,9,lane_first,False,reduction:134,316,,,,,,,,,,,
163,7,269,269,328,269,0,9,lane_first,False,reduction:134,316,,,,,,,,,,,
163,7,270,270,328,270,0,9,lane_first,False,reduction:135,316,,,,,,,,,,,
163,7,271,271,328,271,0,9,lane_first,False,reduction:135,316,,,,,,,,,,,
163,7,272,272,328,272,0,9,lane_first,False,reduction:136,316,,,,,,,,,,,
163,7,273,273,328,273,0,9,lane_first,False,reduction:136,320,,,,,,,,,,,
163,7,274,274,328,274,0,9,lane_first,False,reduction:137,320,,,,,,,,,,,
163,7,275,275,328,275,0,9,lane_first,False,reduction:137,320,,,,,,,,,,,
163,7,276,276,328,276,0,9,lane_first,False,reduction:138,320,,,,,,,,,,,
163,7,277,277,328,277,0,9,lane_first,False,reduction:138,320,,,,,,,,,,,
163,7,278,278,328,278,0,9,lane_first,False,reduction:139,320,,,,,,,,,,,
163,7,279,279,328,279,0,9,lane_first,False,reduction:139,320,,,,,,,,,,,
163,7,280,280,328,280,0,9,lane_first,False,reduction:140,320,,,,,,,,,,,
163,7,281,281,328,281,0,9,lane_first,False,reduction:140,320,,,,,,,,,,,
163,7,282,282,328,282,0,9,lane_first,False,reduction:141,320,,,,,,,,,,,
163,7,283,283,328,283,0,9,lane_first,False,reduction:141,320,,,,,,,,,,,
163,7,284,284,328,284,0,9,lane_first,False,reduction:142,320,,,,,,,,,,,
163,7,285,285,328,285,0,9,lane_first,False,reduction:142,320,,,,,,,,,,,
163,7,286,286,328,286,0,9,lane_first,False,reduction:143,320,,,,,,,,,,,
163,7,287,287,328,287,0,9,lane_first,False,reduction:143,320,,,,,,,,,,,
163,7,288,288,328,288,0,9,lane_first,False,reduction:144,320,,,,,,,,,,,
163,7,289,289,328,289,0,9,lane_first,False,reduction:144,324,,,,,,,,,,,
163,7,290,290,328,290,0,9,lane_first,False,reduction:145,324,,,,,,,,,,,
163,7,291,291,328,291,0,9,lane_first,False,reduction:145,324,,,,,,,,,,,
163,7,292,292,328,292,0,9,lane_first,False,reduction:146,324,,,,,,,,,,,
163,7,293,293,328,293,0,9,lane_first,False,reduction:146,324,,,,,,,,,,,
163,7,294,294,328,294,0,9,lane_first,False,reduction:147,324,,,,,,,,,,,
163,7,295,295,328,295,0,9,lane_first,False,reduction:147,324,,,,,,,,,,,
163,7,296,296,328,296,0,9,lane_first,False,reduction:148,324,,,,,,,,,,,
163,7,297,297,328,297,0,9,lane_first,False,reduction:148,324,,,,,,,,,,,
163,7,298,298,328,298,0,9,lane_first,False,reduction:149,324,,,,,,,,,,,
163,7,299,299,328,299,0,9,lane_first,False,reduction:149,324,,,,,,,,,,,
163,7,300,300,328,300,0,9,lane_first,False,reduction:150,324,,,,,,,,,,,
163,7,301,301,328,301,0,9,lane_first,False,reduction:150,324,,,,,,,,,,,
163,7,302,302,328,302,0,9,lane_first,False,reduction:151,324,,,,,,,,,,,
163,7,303,303,328,303,0,9,lane_first,False,reduction:151,324,,,,,,,,,,,
163,7,304,304,328,304,0,9,lane_first,False,reduction:152,324,,,,,,,,,,,
163,7,305,305,328,305,0,9,lane_first,False,reduction:152,324,,,,,,,,,,,
163,7,306,306,328,306,0,9,lane_first,False,reduction:153,324,,,,,,,,,,,
163,7,307,307,328,307,0,9,lane_first,False,reduction:153,324,,,,,,,,,,,
163,7,308,308,328,308,0,9,lane_first,False,reduction:154,324,,,,,,,,,,,
163,7,309,309,328,309,0,9,lane_first,False,reduction:154,324,,,,,,,,,,,
163,7,310,310,328,310,0,9,lane_first,False,reduction:155,324,,,,,,,,,,,
163,7,311,311,328,311,0,9,lane_first,False,reduction:155,324,,,,,,,,,,,
163,7,312,312,328,312,0,9,lane_first,False,reduction:156,324,,,,,,,,,,,
163,7,313,313,328,313,0,9,lane_first,False,reduction:156,324,,,,,,,,,,,
163,7,314,314,328,314,0,9,lane_first,False,reduction:157,324,,,,,,,,,,,
163,7,315,315,328,315,0,9,lane_first,False,reduction:157,324,,,,,,,,,,,
163,7,316,316,328,316,0,9,lane_first,False,reduction:158,324,,,,,,,,,,,
163,7,317,317,328,317,0,9,lane_first,False,reduction:158,324,,,,,,,,,,,
163,7,318,318,328,318,0,9,lane_first,False,reduction:159,324,,,,,,,,,,,
163,7,319,319,328,319,0,9,lane_first,False,reduction:159,324,,,,,,,,,,,
163,7,320,320,328,320,0,9,lane_first,False,reduction:160,324,,,,,,,,,,,
163,7,321,321,328,321,0,9,lane_first,False,reduction:160,328,,,,,,,,,,,
163,7,322,322,328,322,0,9,lane_first,False,reduction:161,328,,,,,,,,,,,
163,7,323,323,328,323,0,9,lane_first,False,reduction:161,328,,,,,,,,,,,
163,7,324,324,328,324,0,9,lane_first,False,reduction:162,328,,,,,,,,,,,
163,7,325,325,328,325,0,9,lane_first,False,reduction:162,328,,,,,,,,,,,
163,7,326,326,328,326,0,9,lane_first,False,reduction:163,328,,,,,,,,,,,
163,7,327,327,328,327,0,9,lane_first,False,reduction:163,328,,,,,,,,,,,
163,7,328,328,328,328,0,9,lane_first,False,reduction:164,320,,,,,,,,,,,
163,8,1,1,328,41,40,0,lane_first,True,,81976,878456,202979586,441712,81976,1511818,667788152416,36209782912,438740,h_u=2n,module_barriers,retain_all_square_workspace
163,8,2,2,328,42,20,1,lane_first,True,,39692,678156,158028962,331222,39692,810822,268562084484,13146863624,328250,h_u=2n,module_barriers,retain_all_square_workspace
163,8,3,3,328,42,13,2,lane_first,True,,25944,610656,142613358,295020,25944,584702,172498784040,7653998880,292048,h_u=2n,module_barriers,retain_all_square_workspace
163,8,4,4,328,44,10,2,lane_first,True,,19388,596300,138890758,286794,19388,452928,129897032832,5560362072,283822,h_u=2n,module_barriers,retain_all_square_workspace
163,8,5,5,328,45,8,3,lane_first,True,,15376,593488,137689566,285888,15376,404308,115586805504,4395813888,282916,h_u=2n,module_barriers,retain_all_square_workspace
163,8,6,6,328,42,6,3,lane_first,True,,12280,540412,125824750,259470,12280,326204,84640151880,3186291600,256498,h_u=2n,module_barriers,retain_all_square_workspace
163,8,7,7,328,42,5,3,lane_first,True,,10248,528040,122693822,253708,10248,283066,71816108728,2599999584,250736,h_u=2n,module_barriers,retain_all_square_workspace
163,8,8,8,328,48,5,3,lane_first,True,,9264,585052,134086006,283170,9264,272002,77022806340,2623286880,280198,h_u=2n,module_barriers,retain_all_square_workspace
163,8,9,9,328,45,4,4,lane_first,True,,7488,550264,125296730,268928,7488,255038,68586859264,2013732864,265956,h_u=2n,module_barriers,retain_all_square_workspace
163,8,10,10,328,48,4,4,lane_first,True,,7264,583076,133088162,283822,7264,252414,71640646308,2061683008,280850,h_u=2n,module_barriers,retain_all_square_workspace
163,8,11,11,328,44,3,4,lane_first,True,,5708,525680,118924270,258636,5708,214758,55544150088,1476294288,255664,h_u=2n,module_barriers,retain_all_square_workspace
163,8,12,12,328,48,3,4,lane_first,True,,5332,562932,126144326,278386,5332,210542,58611945212,1484354152,275414,h_u=2n,module_barriers,retain_all_square_workspace
163,8,13,13,328,52,3,4,lane_first,True,,5248,603512,134990114,298136,5248,212260,63282347360,1564617728,295164,h_u=2n,module_barriers,retain_all_square_workspace
163,8,14,14,328,42,2,4,lane_first,True,,5200,498868,114187470,243814,5200,185696,45275284544,1267832800,240842,h_u=2n,module_barriers,retain_all_square_workspace
163,8,15,15,328,45,2,4,lane_first,True,,3672,515808,114225430,258708,3672,168808,43671980064,949975776,255736,h_u=2n,module_barriers,retain_all_square_workspace
163,8,16,16,328,48,2,4,lane_first,True,,3420,541964,118765406,273602,3420,165996,45416837592,935718840,270630,h_u=2n,module_barriers,retain_all_square_workspace
163,8,17,17,328,51,2,5,lane_first,True,,3324,581424,126875310,294584,3324,185284,54581701856,979197216,291612,h_u=2n,module_barriers,retain_all_square_workspace
163,8,18,18,328,54,2,5,lane_first,True,,3268,610972,133072278,309478,3268,187396,57994939288,1011374104,306506,h_u=2n,module_barriers,retain_all_square_workspace
163,8,19,19,328,57,2,5,lane_first,True,,3244,640904,139456830,324372,3244,189860,61585267920,1052262768,321400,h_u=2n,module_barriers,retain_all_square_workspace
163,8,20,20,328,48,2,5,lane_first,True,,3224,562324,125717062,280994,3224,184064,51720879616,905924656,278022,h_u=2n,module_barriers,retain_all_square_workspace
163,8,21,21,328,42,1,5,lane_first,True,,3196,491952,110695026,246096,3196,163296,40186492416,786522816,243124,h_u=2n,module_barriers,retain_all_square_workspace
163,8,22,22,328,44,1,5,lane_first,True,,2176,497796,108052906,256134,2176,152036,38941588824,557347584,253162,h_u=2n,module_barriers,retain_all_square_workspace
163,8,23,23,328,46,1,5,lane_first,True,,2176,510296,108662242,266172,2176,152036,40467726192,579190272,263200,h_u=2n,module_barriers,retain_all_square_workspace
163,8,24,24,328,48,1,5,lane_first,True,,1668,524844,110272026,276210,1668,146408,40439353680,460718280,273238,h_u=2n,module_barriers,retain_all_square_workspace
163,8,25,25,328,50,1,5,lane_first,True,,1672,540928,112632150,286248,1672,149174,42700759152,478606656,283276,h_u=2n,module_barriers,retain_all_square_workspace
163,8,26,26,328,52,1,5,lane_first,True,,1420,558292,115617550,296286,1420,146362,43365011532,420726120,293314,h_u=2n,module_barriers,retain_all_square_workspace
163,8,27,27,328,54,1,5,lane_first,True,,1420,576040,118790534,306324,1420,146362,44834193288,434980080,303352,h_u=2n,module_barriers,retain_all_square_workspace
163,8,28,28,328,56,1,5,lane_first,True,,1296,594300,122213630,316362,1296,144958,45859202796,410005152,313390,h_u=2n,module_barriers,retain_all_square_workspace
163,8,29,29,328,58,1,5,lane_first,True,,1296,612816,125761782,326400,1296,144958,47314291200,423014400,323428,h_u=2n,module_barriers,retain_all_square_workspace
163,8,30,30,328,60,1,5,lane_first,True,,1236,631396,129341198,336438,1236,144258,48533873004,415837368,333466,h_u=2n,module_barriers,retain_all_square_workspace
163,8,31,31,328,62,1,5,lane_first,True,,1236,650264,133061302,346476,1236,144258,49981934808,428244336,343504,h_u=2n,module_barriers,retain_all_square_workspace
163,8,32,32,328,64,1,5,lane_first,True,,1236,669132,136781406,356514,1236,144258,51429996612,440651304,353542,h_u=2n,module_barriers,retain_all_square_workspace
163,8,33,33,328,66,1,6,lane_first,True,,1232,698904,142899038,372640,1232,161790,60289425600,459092480,369668,h_u=2n,module_barriers,retain_all_square_workspace
163,8,34,34,328,68,1,6,lane_first,True,,1236,717932,146697302,382678,1236,164602,62989564156,472990008,379706,h_u=2n,module_barriers,retain_all_square_workspace
163,8,35,35,328,70,1,6,lane_first,True,,1240,736960,150495566,392716,1240,167414,65746156424,486967840,389744,h_u=2n,module_barriers,retain_all_square_workspace
163,8,36,36,328,72,1,6,lane_first,True,,1240,755988,154293830,402754,1240,167414,67426658156,499414960,399782,h_u=2n,module_barriers,retain_all_square_workspace
163,8,37,37,328,69,1,6,lane_first,True,,1228,729776,149693934,388512,1228,167242,64975523904,477092736,385540,h_u=2n,module_barriers,retain_all_square_workspace
163,8,38,38,328,62,1,6,lane_first,True,,1228,667372,138375510,354846,1228,167242,59345154732,435750888,351874,h_u=2n,module_barriers,retain_all_square_workspace
163,8,39,39,328,55,1,6,lane_first,True,,1224,604968,127057086,321180,1224,164430,52811627400,393124320,318208,h_u=2n,module_barriers,retain_all_square_workspace
163,8,40,40,328,48,1,6,lane_first,True,,1220,542564,115738662,287514,1220,161618,46467437652,350767080,284542,h_u=2n,module_barriers,retain_all_square_workspace
163,8,41,41,328,41,0,6,lane_first,True,,1192,469288,102038338,247760,1192,140850,34896996000,295329920,244788,h_u=2n,module_barriers,retain_all_square_workspace
163,8,42,42,328,42,0,6,lane_first,True,,1192,475268,102218602,252942,1192,140850,35626880700,301506864,249970,h_u=2n,module_barriers,retain_all_square_workspace
163,8,43,43,328,43,0,6,lane_first,True,,1192,481248,102398866,258124,1192,140850,36356765400,307683808,255152,h_u=2n,module_barriers,retain_all_square_workspace
163,8,44,44,328,44,0,6,lane_first,True,,1192,487228,102579130,263306,1192,140850,37086650100,313860752,260334,h_u=2n,module_barriers,retain_all_square_workspace
163,8,45,45,328,45,0,6,lane_first,True,,1192,493208,102759394,268488,1192,140850,37816534800,320037696,265516,h_u=2n,module_barriers,retain_all_square_workspace
163,8,46,46,328,46,0,6,lane_first,True,,1192,499188,102939658,273670,1192,140850,38546419500,326214640,270698,h_u=2n,module_barriers,retain_all_square_workspace
163,8,47,47,328,47,0,6,lane_first,True,,680,505424,103244978,278852,680,135218,37705809736,189619360,275880,h_u=2n,module_barriers,retain_all_square_workspace
163,8,48,48,328,48,0,6,lane_first,True,,680,513196,104300634,284034,680,135218,38406509412,193143120,281062,h_u=2n,module_barriers,retain_all_square_workspace
163,8,49,49,328,49,0,6,lane_first,True,,684,520968,105356294,289216,684,137984,39907180544,197823744,286244,h_u=2n,module_barriers,retain_all_square_workspace
163,8,50,50,328,50,0,6,lane_first,True,,684,528740,106411950,294398,684,137984,40622213632,201368232,291426,h_u=2n,module_barriers,retain_all_square_workspace
163,8,51,51,328,51,0,6,lane_first,True,,684,536512,107467606,299580,684,137984,41337246720,204912720,296608,h_u=2n,module_barriers,retain_all_square_workspace
163,8,52,52,328,52,0,6,lane_first,True,,684,544284,108523262,304762,684,137984,42052279808,208457208,301790,h_u=2n,module_barriers,retain_all_square_workspace
163,8,53,53,328,53,0,6,lane_first,True,,684,552056,109578918,309944,684,137984,42767312896,212001696,306972,h_u=2n,module_barriers,retain_all_square_workspace
163,8,54,54,328,54,0,6,lane_first,True,,684,559828,110634574,315126,684,137984,43482345984,215546184,312154,h_u=2n,module_barriers,retain_all_square_workspace
163,8,55,55,328,55,0,6,lane_first,True,,428,567856,111815286,320308,428,135168,43295391744,137091824,317336,h_u=2n,module_barriers,retain_all_square_workspace
163,8,56,56,328,56,0,6,lane_first,True,,428,576396,113246110,325490,428,135168,43995832320,139309720,322518,h_u=2n,module_barriers,retain_all_square_workspace
163,8,57,57,328,57,0,6,lane_first,True,,428,584936,114676934,330672,428,135168,44696272896,141527616,327700,h_u=2n,module_barriers,retain_all_square_workspace
163,8,58,58,328,58,0,6,lane_first,True,,428,593476,116107758,335854,428,135168,45396713472,143745512,332882,h_u=2n,module_barriers,retain_all_square_workspace
163,8,59,59,328,59,0,6,lane_first,True,,428,602016,117538582,341036,428,135168,46097154048,145963408,338064,h_u=2n,module_barriers,retain_all_square_workspace
163,8,60,60,328,60,0,6,lane_first,True,,428,610556,118969406,346218,428,135168,46797594624,148181304,343246,h_u=2n,module_barriers,retain_all_square_workspace
163,8,61,61,328,61,0,6,lane_first,True,,428,619096,120400230,351400,428,135168,47498035200,150399200,348428,h_u=2n,module_barriers,retain_all_square_workspace
163,8,62,62,328,62,0,6,lane_first,True,,428,627636,121831054,356582,428,135168,48198475776,152617096,353610,h_u=2n,module_barriers,retain_all_square_workspace
163,8,63,63,328,63,0,6,lane_first,True,,428,636176,123261878,361764,428,135168,48898916352,154834992,358792,h_u=2n,module_barriers,retain_all_square_workspace
163,8,64,64,328,64,0,6,lane_first,True,,428,644716,124692702,366946,428,135168,49599356928,157052888,363974,h_u=2n,module_barriers,retain_all_square_workspace
163,8,65,65,328,65,0,7,lane_first,True,,448,664128,128505422,378216,448,150236,56821658976,169440768,375244,h_u=2n,module_barriers,retain_all_square_workspace
163,8,66,66,328,66,0,7,lane_first,True,,324,672796,129998774,383398,324,151640,58138472720,124220952,380426,h_u=2n,module_barriers,retain_all_square_workspace
163,8,67,67,328,67,0,7,lane_first,True,,328,681656,131585918,388580,328,154452,60016958160,127454240,385608,h_u=2n,module_barriers,retain_all_square_workspace
163,8,68,68,328,68,0,7,lane_first,True,,328,690516,133173062,393762,328,154452,60817328424,129153936,390790,h_u=2n,module_barriers,retain_all_square_workspace
163,8,69,69,328,69,0,7,lane_first,True,,332,699376,134760206,398944,332,157264,62739529216,132449408,395972,h_u=2n,module_barriers,retain_all_square_workspace
163,8,70,70,328,70,0,7,lane_first,True,,332,708236,136347350,404126,332,157264,63554471264,134169832,401154,h_u=2n,module_barriers,retain_all_square_workspace
163,8,71,71,328,71,0,7,lane_first,True,,332,717096,137934494,409308,332,157264,64369413312,135890256,406336,h_u=2n,module_barriers,retain_all_square_workspace
163,8,72,72,328,72,0,7,lane_first,True,,332,725956,139521638,414490,332,157264,65184355360,137610680,411518,h_u=2n,module_barriers,retain_all_square_workspace
163,8,73,73,328,73,0,7,lane_first,True,,336,734816,141108782,419672,336,160076,67179415072,141009792,416700,h_u=2n,module_barriers,retain_all_square_workspace
163,8,74,74,328,74,0,7,lane_first,True,,336,743676,142695926,424854,336,160076,68008928904,142750944,421882,h_u=2n,module_barriers,retain_all_square_workspace
163,8,75,75,328,75,0,7,lane_first,True,,336,752536,144283070,430036,336,160076,68838442736,144492096,427064,h_u=2n,module_barriers,retain_all_square_workspace
163,8,76,76,328,76,0,7,lane_first,True,,336,761396,145870214,435218,336,160076,69667956568,146233248,432246,h_u=2n,module_barriers,retain_all_square_workspace
163,8,77,77,328,77,0,7,lane_first,True,,336,770256,147457358,440400,336,160076,70497470400,147974400,437428,h_u=2n,module_barriers,retain_all_square_workspace
163,8,78,78,328,78,0,7,lane_first,True,,336,779116,149044502,445582,336,160076,71326984232,149715552,442610,h_u=2n,module_barriers,retain_all_square_workspace
163,8,79,79,328,79,0,7,lane_first,True,,336,787976,150631646,450764,336,160076,72156498064,151456704,447792,h_u=2n,module_barriers,retain_all_square_workspace
163,8,80,80,328,80,0,7,lane_first,True,,336,796836,152218790,455946,336,160076,72986011896,153197856,452974,h_u=2n,module_barriers,retain_all_square_workspace
163,8,81,81,328,81,0,7,lane_first,True,,340,805696,153805934,461128,340,162888,75112217664,156783520,458156,h_u=2n,module_barriers,retain_all_square_workspace
163,8,82,82,328,82,0,7,lane_first,True,,276,814556,155393078,466310,276,162184,75628021040,128701560,463338,h_u=2n,module_barriers,retain_all_square_workspace
163,8,83,83,328,83,0,7,lane_first,True,,276,823544,157042750,471492,276,162184,76468458528,130131792,468520,h_u=2n,module_barriers,retain_all_square_workspace
163,8,84,84,328,84,0,7,lane_first,True,,276,832532,158692422,476674,276,162184,77308896016,131562024,473702,h_u=2n,module_barriers,retain_all_square_workspace
163,8,85,85,328,85,0,7,lane_first,True,,276,841520,160342094,481856,276,162184,78149333504,132992256,478884,h_u=2n,module_barriers,retain_all_square_workspace
163,8,86,86,328,86,0,7,lane_first,True,,276,850508,161991766,487038,276,162184,78989770992,134422488,484066,h_u=2n,module_barriers,retain_all_square_workspace
163,8,87,87,328,87,0,7,lane_first,True,,276,859496,163641438,492220,276,162184,79830208480,135852720,489248,h_u=2n,module_barriers,retain_all_square_workspace
163,8,88,88,328,88,0,7,lane_first,True,,276,868484,165291110,497402,276,162184,80670645968,137282952,494430,h_u=2n,module_barriers,retain_all_square_workspace
163,8,89,89,328,89,0,7,lane_first,True,,276,877472,166940782,502584,276,162184,81511083456,138713184,499612,h_u=2n,module_barriers,retain_all_square_workspace
163,8,90,90,328,90,0,7,lane_first,True,,276,886460,168590454,507766,276,162184,82351520944,140143416,504794,h_u=2n,module_barriers,retain_all_square_workspace
163,8,91,91,328,91,0,7,lane_first,True,,276,895448,170240126,512948,276,162184,83191958432,141573648,509976,h_u=2n,module_barriers,retain_all_square_workspace
163,8,92,92,328,92,0,7,lane_first,True,,276,904436,171889798,518130,276,162184,84032395920,143003880,515158,h_u=2n,module_barriers,retain_all_square_workspace
163,8,93,93,328,93,0,7,lane_first,True,,276,913424,173539470,523312,276,162184,84872833408,144434112,520340,h_u=2n,module_barriers,retain_all_square_workspace
163,8,94,94,328,94,0,7,lane_first,True,,276,922412,175189142,528494,276,162184,85713270896,145864344,525522,h_u=2n,module_barriers,retain_all_square_workspace
163,8,95,95,328,95,0,7,lane_first,True,,276,931400,176838814,533676,276,162184,86553708384,147294576,530704,h_u=2n,module_barriers,retain_all_square_workspace
163,8,96,96,328,96,0,7,lane_first,True,,276,940388,178488486,538858,276,162184,87394145872,148724808,535886,h_u=2n,module_barriers,retain_all_square_workspace
163,8,97,97,328,97,0,7,lane_first,True,,280,949376,180138162,544040,280,164950,89739398000,152331200,541068,h_u=2n,module_barriers,retain_all_square_workspace
163,8,98,98,328,98,0,7,lane_first,True,,280,958364,181787834,549222,280,164950,90594168900,153782160,546250,h_u=2n,module_barriers,retain_all_square_workspace
163,8,99,99,328,99,0,7,lane_first,True,,280,967352,183437506,554404,280,164950,91448939800,155233120,551432,h_u=2n,module_barriers,retain_all_square_workspace
163,8,100,100,328,100,0,7,lane_first,True,,280,976340,185087178,559586,280,164950,92303710700,156684080,556614,h_u=2n,module_barriers,retain_all_square_workspace
163,8,101,101,328,101,0,7,lane_first,True,,280,985328,186736850,564768,280,164950,93158481600,158135040,561796,h_u=2n,module_barriers,retain_all_square_workspace
163,8,102,102,328,102,0,7,lane_first,True,,280,994316,188386522,569950,280,164950,94013252500,159586000,566978,h_u=2n,module_barriers,retain_all_square_workspace
163,8,103,103,328,103,0,7,lane_first,True,,280,1003304,190036194,575132,280,164950,94868023400,161036960,572160,h_u=2n,module_barriers,retain_all_square_workspace
163,8,104,104,328,104,0,7,lane_first,True,,280,1012292,191685866,580314,280,164950,95722794300,162487920,577342,h_u=2n,module_barriers,retain_all_square_workspace
163,8,105,105,328,105,0,7,lane_first,True,,280,1021280,193335538,585496,280,164950,96577565200,163938880,582524,h_u=2n,module_barriers,retain_all_square_workspace
163,8,106,106,328,106,0,7,lane_first,True,,280,1030268,194985210,590678,280,164950,97432336100,165389840,587706,h_u=2n,module_barriers,retain_all_square_workspace
163,8,107,107,328,107,0,7,lane_first,True,,280,1039256,196634882,595860,280,164950,98287107000,166840800,592888,h_u=2n,module_barriers,retain_all_square_workspace
163,8,108,108,328,108,0,7,lane_first,True,,280,1048244,198284554,601042,280,164950,99141877900,168291760,598070,h_u=2n,module_barriers,retain_all_square_workspace
163,8,109,109,328,109,0,7,lane_first,True,,280,1057232,199934226,606224,280,164950,99996648800,169742720,603252,h_u=2n,module_barriers,retain_all_square_workspace
163,8,110,110,328,110,0,7,lane_first,True,,248,1066252,201599530,611406,248,164598,100636204788,151628688,608434,h_u=2n,module_barriers,retain_all_square_workspace
163,8,111,111,328,111,0,7,lane_first,True,,248,1075288,203272650,616588,248,164598,101489151624,152913824,613616,h_u=2n,module_barriers,retain_all_square_workspace
163,8,112,112,328,112,0,7,lane_first,True,,248,1084324,204945770,621770,248,164598,102342098460,154198960,618798,h_u=2n,module_barriers,retain_all_square_workspace
163,8,113,113,328,113,0,7,lane_first,True,,248,1093360,206618890,626952,248,164598,103195045296,155484096,623980,h_u=2n,module_barriers,retain_all_square_workspace
163,8,114,114,328,114,0,7,lane_first,True,,248,1102396,208292010,632134,248,164598,104047992132,156769232,629162,h_u=2n,module_barriers,retain_all_square_workspace
163,8,115,115,328,115,0,7,lane_first,True,,248,1111432,209965130,637316,248,164598,104900938968,158054368,634344,h_u=2n,module_barriers,retain_all_square_workspace
163,8,116,116,328,116,0,7,lane_first,True,,248,1120468,211638250,642498,248,164598,105753885804,159339504,639526,h_u=2n,module_barriers,retain_all_square_workspace
163,8,117,117,328,117,0,7,lane_first,True,,248,1129504,213311370,647680,248,164598,106606832640,160624640,644708,h_u=2n,module_barriers,retain_all_square_workspace
163,8,118,118,328,118,0,7,lane_first,True,,248,1138540,214984490,652862,248,164598,107459779476,161909776,649890,h_u=2n,module_barriers,retain_all_square_workspace
163,8,119,119,328,119,0,7,lane_first,True,,248,1147576,216657610,658044,248,164598,108312726312,163194912,655072,h_u=2n,module_barriers,retain_all_square_workspace
163,8,120,120,328,120,0,7,lane_first,True,,248,1156612,218330730,663226,248,164598,109165673148,164480048,660254,h_u=2n,module_barriers,retain_all_square_workspace
163,8,121,121,328,121,0,7,lane_first,True,,248,1165648,220003850,668408,248,164598,110018619984,165765184,665436,h_u=2n,module_barriers,retain_all_square_workspace
163,8,122,122,328,122,0,7,lane_first,True,,248,1174684,221676970,673590,248,164598,110871566820,167050320,670618,h_u=2n,module_barriers,retain_all_square_workspace
163,8,123,123,328,123,0,7,lane_first,True,,248,1183720,223350090,678772,248,164598,111724513656,168335456,675800,h_u=2n,module_barriers,retain_all_square_workspace
163,8,124,124,328,124,0,7,lane_first,True,,248,1192756,225023210,683954,248,164598,112577460492,169620592,680982,h_u=2n,module_barriers,retain_all_square_workspace
163,8,125,125,328,125,0,7,lane_first,True,,248,1201792,226696330,689136,248,164598,113430407328,170905728,686164,h_u=2n,module_barriers,retain_all_square_workspace
163,8,126,126,328,126,0,7,lane_first,True,,248,1210828,228369450,694318,248,164598,114283354164,172190864,691346,h_u=2n,module_barriers,retain_all_square_workspace
163,8,127,127,328,127,0,7,lane_first,True,,248,1219864,230042570,699500,248,164598,115136301000,173476000,696528,h_u=2n,module_barriers,retain_all_square_workspace
163,8,128,128,328,128,0,7,lane_first,True,,248,1228900,231715690,704682,248,164598,115989247836,174761136,701710,h_u=2n,module_barriers,retain_all_square_workspace
163,8,129,129,328,129,0,8,lane_first,True,,268,1248808,235770706,715952,268,179666,128632232032,191875136,712980,h_u=2n,module_barriers,retain_all_square_workspace
163,8,130,130,328,130,0,8,lane_first,True,,272,1257844,237443826,721134,272,182478,131591090052,196148448,718162,h_u=2n,module_barriers,retain_all_square_workspace
163,8,131,131,328,131,0,8,lane_first,True,,276,1266880,239116946,726316,276,185290,134579091640,200463216,723344,h_u=2n,module_barriers,retain_all_square_workspace
163,8,132,132,328,132,0,8,lane_first,True,,276,1275916,240790066,731498,276,185290,135539264420,201893448,728526,h_u=2n,module_barriers,retain_all_square_workspace
163,8,133,133,328,133,0,8,lane_first,True,,280,1284952,242463186,736680,280,188102,138570981360,206270400,733708,h_u=2n,module_barriers,retain_all_square_workspace
163,8,134,134,328,134,0,8,lane_first,True,,280,1293988,244136306,741862,280,188102,139545725924,207721360,738890,h_u=2n,module_barriers,retain_all_square_workspace
163,8,135,135,328,135,0,8,lane_first,True,,280,1303024,245809426,747044,280,188102,140520470488,209172320,744072,h_u=2n,module_barriers,retain_all_square_workspace
163,8,136,136,328,136,0,8,lane_first,True,,280,1312060,247482546,752226,280,188102,141495215052,210623280,749254,h_u=2n,module_barriers,retain_all_square_workspace
163,8,137,137,328,137,0,8,lane_first,True,,284,1321096,249155666,757408,284,190914,144599790912,215103872,754436,h_u=2n,module_barriers,retain_all_square_workspace
163,8,138,138,328,138,0,8,lane_first,True,,284,1330132,250828786,762590,284,190914,145589107260,216575560,759618,h_u=2n,module_barriers,retain_all_square_workspace
163,8,139,139,328,139,0,8,lane_first,True,,284,1339168,252501906,767772,284,190914,146578423608,218047248,764800,h_u=2n,module_barriers,retain_all_square_workspace
163,8,140,140,328,140,0,8,lane_first,True,,284,1348204,254175026,772954,284,190914,147567739956,219518936,769982,h_u=2n,module_barriers,retain_all_square_workspace
163,8,141,141,328,141,0,8,lane_first,True,,284,1357240,255848146,778136,284,190914,148557056304,220990624,775164,h_u=2n,module_barriers,retain_all_square_workspace
163,8,142,142,328,142,0,8,lane_first,True,,284,1366276,257521266,783318,284,190914,149546372652,222462312,780346,h_u=2n,module_barriers,retain_all_square_workspace
163,8,143,143,328,143,0,8,lane_first,True,,284,1375312,259194386,788500,284,190914,150535689000,223934000,785528,h_u=2n,module_barriers,retain_all_square_workspace
163,8,144,144,328,144,0,8,lane_first,True,,284,1384348,260867506,793682,284,190914,151525005348,225405688,790710,h_u=2n,module_barriers,retain_all_square_workspace
163,8,145,145,328,145,0,8,lane_first,True,,288,1393384,262540626,798864,288,193726,154760727264,230072832,795892,h_u=2n,module_barriers,retain_all_square_workspace
163,8,146,146,328,146,0,8,lane_first,True,,288,1402420,264213746,804046,288,193726,155764615396,231565248,801074,h_u=2n,module_barriers,retain_all_square_workspace
163,8,147,147,328,147,0,8,lane_first,True,,288,1411456,265886866,809228,288,193726,156768503528,233057664,806256,h_u=2n,module_barriers,retain_all_square_workspace
163,8,148,148,328,148,0,8,lane_first,True,,288,1420492,267559986,814410,288,193726,157772391660,234550080,811438,h_u=2n,module_barriers,retain_all_square_workspace
163,8,149,149,328,149,0,8,lane_first,True,,288,1429528,269233106,819592,288,193726,158776279792,236042496,816620,h_u=2n,module_barriers,retain_all_square_workspace
163,8,150,150,328,150,0,8,lane_first,True,,288,1438564,270906226,824774,288,193726,159780167924,237534912,821802,h_u=2n,module_barriers,retain_all_square_workspace
163,8,151,151,328,151,0,8,lane_first,True,,288,1447600,272579346,829956,288,193726,160784056056,239027328,826984,h_u=2n,module_barriers,retain_all_square_workspace
163,8,152,152,328,152,0,8,lane_first,True,,288,1456636,274252466,835138,288,193726,161787944188,240519744,832166,h_u=2n,module_barriers,retain_all_square_workspace
163,8,153,153,328,153,0,8,lane_first,True,,288,1465672,275925586,840320,288,193726,162791832320,242012160,837348,h_u=2n,module_barriers,retain_all_square_workspace
163,8,154,154,328,154,0,8,lane_first,True,,288,1474708,277598706,845502,288,193726,163795720452,243504576,842530,h_u=2n,module_barriers,retain_all_square_workspace
163,8,155,155,328,155,0,8,lane_first,True,,288,1483744,279271826,850684,288,193726,164799608584,244996992,847712,h_u=2n,module_barriers,retain_all_square_workspace
163,8,156,156,328,156,0,8,lane_first,True,,288,1492780,280944946,855866,288,193726,165803496716,246489408,852894,h_u=2n,module_barriers,retain_all_square_workspace
163,8,157,157,328,157,0,8,lane_first,True,,288,1501816,282618066,861048,288,193726,166807384848,247981824,858076,h_u=2n,module_barriers,retain_all_square_workspace
163,8,158,158,328,158,0,8,lane_first,True,,288,1510852,284291186,866230,288,193726,167811272980,249474240,863258,h_u=2n,module_barriers,retain_all_square_workspace
163,8,159,159,328,159,0,8,lane_first,True,,288,1519888,285964306,871412,288,193726,168815161112,250966656,868440,h_u=2n,module_barriers,retain_all_square_workspace
163,8,160,160,328,160,0,8,lane_first,True,,288,1528924,287637426,876594,288,193726,169819049244,252459072,873622,h_u=2n,module_barriers,retain_all_square_workspace
163,8,161,161,328,161,0,8,lane_first,True,,292,1537960,289310546,881776,292,196538,173302491488,257478592,878804,h_u=2n,module_barriers,retain_all_square_workspace
163,8,162,162,328,162,0,8,lane_first,True,,292,1546996,290983666,886958,292,196538,174320951404,258991736,883986,h_u=2n,module_barriers,retain_all_square_workspace
163,8,163,163,328,163,0,8,lane_first,True,,292,1556032,292656786,892140,292,196538,175339411320,260504880,889168,h_u=2n,module_barriers,retain_all_square_workspace
163,8,164,164,328,164,0,8,lane_first,True,,276,1565068,294329906,897322,276,196362,176199942564,247660872,894350,h_u=2n,module_barriers,retain_all_square_workspace
163,8,165,165,328,165,0,8,lane_first,True,,276,1574120,296010842,902504,276,196362,177217490448,249091104,899532,h_u=2n,module_barriers,retain_all_square_workspace
163,8,166,166,328,166,0,8,lane_first,False,reduction:83,276,,,,,,,,,,,
163,8,167,167,328,167,0,8,lane_first,False,reduction:83,276,,,,,,,,,,,
163,8,168,168,328,168,0,8,lane_first,False,reduction:84,276,,,,,,,,,,,
163,8,169,169,328,169,0,8,lane_first,False,reduction:84,276,,,,,,,,,,,
163,8,170,170,328,170,0,8,lane_first,False,reduction:85,276,,,,,,,,,,,
163,8,171,171,328,171,0,8,lane_first,False,reduction:85,276,,,,,,,,,,,
163,8,172,172,328,172,0,8,lane_first,False,reduction:86,276,,,,,,,,,,,
163,8,173,173,328,173,0,8,lane_first,False,reduction:86,276,,,,,,,,,,,
163,8,174,174,328,174,0,8,lane_first,False,reduction:87,276,,,,,,,,,,,
163,8,175,175,328,175,0,8,lane_first,False,reduction:87,276,,,,,,,,,,,
163,8,176,176,328,176,0,8,lane_first,False,reduction:88,276,,,,,,,,,,,
163,8,177,177,328,177,0,8,lane_first,False,reduction:88,276,,,,,,,,,,,
163,8,178,178,328,178,0,8,lane_first,False,reduction:89,276,,,,,,,,,,,
163,8,179,179,328,179,0,8,lane_first,False,reduction:89,276,,,,,,,,,,,
163,8,180,180,328,180,0,8,lane_first,False,reduction:90,276,,,,,,,,,,,
163,8,181,181,328,181,0,8,lane_first,False,reduction:90,276,,,,,,,,,,,
163,8,182,182,328,182,0,8,lane_first,False,reduction:91,276,,,,,,,,,,,
163,8,183,183,328,183,0,8,lane_first,False,reduction:91,276,,,,,,,,,,,
163,8,184,184,328,184,0,8,lane_first,False,reduction:92,276,,,,,,,,,,,
163,8,185,185,328,185,0,8,lane_first,False,reduction:92,276,,,,,,,,,,,
163,8,186,186,328,186,0,8,lane_first,False,reduction:93,276,,,,,,,,,,,
163,8,187,187,328,187,0,8,lane_first,False,reduction:93,276,,,,,,,,,,,
163,8,188,188,328,188,0,8,lane_first,False,reduction:94,276,,,,,,,,,,,
163,8,189,189,328,189,0,8,lane_first,False,reduction:94,276,,,,,,,,,,,
163,8,190,190,328,190,0,8,lane_first,False,reduction:95,276,,,,,,,,,,,
163,8,191,191,328,191,0,8,lane_first,False,reduction:95,276,,,,,,,,,,,
163,8,192,192,328,192,0,8,lane_first,False,reduction:96,276,,,,,,,,,,,
163,8,193,193,328,193,0,8,lane_first,False,reduction:96,280,,,,,,,,,,,
163,8,194,194,328,194,0,8,lane_first,False,reduction:97,280,,,,,,,,,,,
163,8,195,195,328,195,0,8,lane_first,False,reduction:97,280,,,,,,,,,,,
163,8,196,196,328,196,0,8,lane_first,False,reduction:98,280,,,,,,,,,,,
163,8,197,197,328,197,0,8,lane_first,False,reduction:98,280,,,,,,,,,,,
163,8,198,198,328,198,0,8,lane_first,False,reduction:99,280,,,,,,,,,,,
163,8,199,199,328,199,0,8,lane_first,False,reduction:99,280,,,,,,,,,,,
163,8,200,200,328,200,0,8,lane_first,False,reduction:100,280,,,,,,,,,,,
163,8,201,201,328,201,0,8,lane_first,False,reduction:100,280,,,,,,,,,,,
163,8,202,202,328,202,0,8,lane_first,False,reduction:101,280,,,,,,,,,,,
163,8,203,203,328,203,0,8,lane_first,False,reduction:101,280,,,,,,,,,,,
163,8,204,204,328,204,0,8,lane_first,False,reduction:102,280,,,,,,,,,,,
163,8,205,205,328,205,0,8,lane_first,False,reduction:102,280,,,,,,,,,,,
163,8,206,206,328,206,0,8,lane_first,False,reduction:103,280,,,,,,,,,,,
163,8,207,207,328,207,0,8,lane_first,False,reduction:103,280,,,,,,,,,,,
163,8,208,208,328,208,0,8,lane_first,False,reduction:104,280,,,,,,,,,,,
163,8,209,209,328,209,0,8,lane_first,False,reduction:104,280,,,,,,,,,,,
163,8,210,210,328,210,0,8,lane_first,False,reduction:105,280,,,,,,,,,,,
163,8,211,211,328,211,0,8,lane_first,False,reduction:105,280,,,,,,,,,,,
163,8,212,212,328,212,0,8,lane_first,False,reduction:106,280,,,,,,,,,,,
163,8,213,213,328,213,0,8,lane_first,False,reduction:106,280,,,,,,,,,,,
163,8,214,214,328,214,0,8,lane_first,False,reduction:107,280,,,,,,,,,,,
163,8,215,215,328,215,0,8,lane_first,False,reduction:107,280,,,,,,,,,,,
163,8,216,216,328,216,0,8,lane_first,False,reduction:108,280,,,,,,,,,,,
163,8,217,217,328,217,0,8,lane_first,False,reduction:108,280,,,,,,,,,,,
163,8,218,218,328,218,0,8,lane_first,False,reduction:109,280,,,,,,,,,,,
163,8,219,219,328,219,0,8,lane_first,False,reduction:109,280,,,,,,,,,,,
163,8,220,220,328,220,0,8,lane_first,False,reduction:110,280,,,,,,,,,,,
163,8,221,221,328,221,0,8,lane_first,False,reduction:110,280,,,,,,,,,,,
163,8,222,222,328,222,0,8,lane_first,False,reduction:111,280,,,,,,,,,,,
163,8,223,223,328,223,0,8,lane_first,False,reduction:111,280,,,,,,,,,,,
163,8,224,224,328,224,0,8,lane_first,False,reduction:112,280,,,,,,,,,,,
163,8,225,225,328,225,0,8,lane_first,False,reduction:112,280,,,,,,,,,,,
163,8,226,226,328,226,0,8,lane_first,False,reduction:113,280,,,,,,,,,,,
163,8,227,227,328,227,0,8,lane_first,False,reduction:113,280,,,,,,,,,,,
163,8,228,228,328,228,0,8,lane_first,False,reduction:114,280,,,,,,,,,,,
163,8,229,229,328,229,0,8,lane_first,False,reduction:114,280,,,,,,,,,,,
163,8,230,230,328,230,0,8,lane_first,False,reduction:115,280,,,,,,,,,,,
163,8,231,231,328,231,0,8,lane_first,False,reduction:115,280,,,,,,,,,,,
163,8,232,232,328,232,0,8,lane_first,False,reduction:116,280,,,,,,,,,,,
163,8,233,233,328,233,0,8,lane_first,False,reduction:116,280,,,,,,,,,,,
163,8,234,234,328,234,0,8,lane_first,False,reduction:117,280,,,,,,,,,,,
163,8,235,235,328,235,0,8,lane_first,False,reduction:117,280,,,,,,,,,,,
163,8,236,236,328,236,0,8,lane_first,False,reduction:118,280,,,,,,,,,,,
163,8,237,237,328,237,0,8,lane_first,False,reduction:118,280,,,,,,,,,,,
163,8,238,238,328,238,0,8,lane_first,False,reduction:119,280,,,,,,,,,,,
163,8,239,239,328,239,0,8,lane_first,False,reduction:119,280,,,,,,,,,,,
163,8,240,240,328,240,0,8,lane_first,False,reduction:120,280,,,,,,,,,,,
163,8,241,241,328,241,0,8,lane_first,False,reduction:120,280,,,,,,,,,,,
163,8,242,242,328,242,0,8,lane_first,False,reduction:121,280,,,,,,,,,,,
163,8,243,243,328,243,0,8,lane_first,False,reduction:121,280,,,,,,,,,,,
163,8,244,244,328,244,0,8,lane_first,False,reduction:122,280,,,,,,,,,,,
163,8,245,245,328,245,0,8,lane_first,False,reduction:122,280,,,,,,,,,,,
163,8,246,246,328,246,0,8,lane_first,False,reduction:123,280,,,,,,,,,,,
163,8,247,247,328,247,0,8,lane_first,False,reduction:123,280,,,,,,,,,,,
163,8,248,248,328,248,0,8,lane_first,False,reduction:124,280,,,,,,,,,,,
163,8,249,249,328,249,0,8,lane_first,False,reduction:124,280,,,,,,,,,,,
163,8,250,250,328,250,0,8,lane_first,False,reduction:125,280,,,,,,,,,,,
163,8,251,251,328,251,0,8,lane_first,False,reduction:125,280,,,,,,,,,,,
163,8,252,252,328,252,0,8,lane_first,False,reduction:126,280,,,,,,,,,,,
163,8,253,253,328,253,0,8,lane_first,False,reduction:126,280,,,,,,,,,,,
163,8,254,254,328,254,0,8,lane_first,False,reduction:127,280,,,,,,,,,,,
163,8,255,255,328,255,0,8,lane_first,False,reduction:127,280,,,,,,,,,,,
163,8,256,256,328,256,0,8,lane_first,False,reduction:128,280,,,,,,,,,,,
163,8,257,257,328,257,0,9,lane_first,False,reduction:128,300,,,,,,,,,,,
163,8,258,258,328,258,0,9,lane_first,False,reduction:129,304,,,,,,,,,,,
163,8,259,259,328,259,0,9,lane_first,False,reduction:129,308,,,,,,,,,,,
163,8,260,260,328,260,0,9,lane_first,False,reduction:130,308,,,,,,,,,,,
163,8,261,261,328,261,0,9,lane_first,False,reduction:130,312,,,,,,,,,,,
163,8,262,262,328,262,0,9,lane_first,False,reduction:131,312,,,,,,,,,,,
163,8,263,263,328,263,0,9,lane_first,False,reduction:131,312,,,,,,,,,,,
163,8,264,264,328,264,0,9,lane_first,False,reduction:132,312,,,,,,,,,,,
163,8,265,265,328,265,0,9,lane_first,False,reduction:132,316,,,,,,,,,,,
163,8,266,266,328,266,0,9,lane_first,False,reduction:133,316,,,,,,,,,,,
163,8,267,267,328,267,0,9,lane_first,False,reduction:133,316,,,,,,,,,,,
163,8,268,268,328,268,0,9,lane_first,False,reduction:134,316,,,,,,,,,,,
163,8,269,269,328,269,0,9,lane_first,False,reduction:134,316,,,,,,,,,,,
163,8,270,270,328,270,0,9,lane_first,False,reduction:135,316,,,,,,,,,,,
163,8,271,271,328,271,0,9,lane_first,False,reduction:135,316,,,,,,,,,,,
163,8,272,272,328,272,0,9,lane_first,False,reduction:136,316,,,,,,,,,,,
163,8,273,273,328,273,0,9,lane_first,False,reduction:136,320,,,,,,,,,,,
163,8,274,274,328,274,0,9,lane_first,False,reduction:137,320,,,,,,,,,,,
163,8,275,275,328,275,0,9,lane_first,False,reduction:137,320,,,,,,,,,,,
163,8,276,276,328,276,0,9,lane_first,False,reduction:138,320,,,,,,,,,,,
163,8,277,277,328,277,0,9,lane_first,False,reduction:138,320,,,,,,,,,,,
163,8,278,278,328,278,0,9,lane_first,False,reduction:139,320,,,,,,,,,,,
163,8,279,279,328,279,0,9,lane_first,False,reduction:139,320,,,,,,,,,,,
163,8,280,280,328,280,0,9,lane_first,False,reduction:140,320,,,,,,,,,,,
163,8,281,281,328,281,0,9,lane_first,False,reduction:140,320,,,,,,,,,,,
163,8,282,282,328,282,0,9,lane_first,False,reduction:141,320,,,,,,,,,,,
163,8,283,283,328,283,0,9,lane_first,False,reduction:141,320,,,,,,,,,,,
163,8,284,284,328,284,0,9,lane_first,False,reduction:142,320,,,,,,,,,,,
163,8,285,285,328,285,0,9,lane_first,False,reduction:142,320,,,,,,,,,,,
163,8,286,286,328,286,0,9,lane_first,False,reduction:143,320,,,,,,,,,,,
163,8,287,287,328,287,0,9,lane_first,False,reduction:143,320,,,,,,,,,,,
163,8,288,288,328,288,0,9,lane_first,False,reduction:144,320,,,,,,,,,,,
163,8,289,289,328,289,0,9,lane_first,False,reduction:144,324,,,,,,,,,,,
163,8,290,290,328,290,0,9,lane_first,False,reduction:145,324,,,,,,,,,,,
163,8,291,291,328,291,0,9,lane_first,False,reduction:145,324,,,,,,,,,,,
163,8,292,292,328,292,0,9,lane_first,False,reduction:146,324,,,,,,,,,,,
163,8,293,293,328,293,0,9,lane_first,False,reduction:146,324,,,,,,,,,,,
163,8,294,294,328,294,0,9,lane_first,False,reduction:147,324,,,,,,,,,,,
163,8,295,295,328,295,0,9,lane_first,False,reduction:147,324,,,,,,,,,,,
163,8,296,296,328,296,0,9,lane_first,False,reduction:148,324,,,,,,,,,,,
163,8,297,297,328,297,0,9,lane_first,False,reduction:148,324,,,,,,,,,,,
163,8,298,298,328,298,0,9,lane_first,False,reduction:149,324,,,,,,,,,,,
163,8,299,299,328,299,0,9,lane_first,False,reduction:149,324,,,,,,,,,,,
163,8,300,300,328,300,0,9,lane_first,False,reduction:150,324,,,,,,,,,,,
163,8,301,301,328,301,0,9,lane_first,False,reduction:150,324,,,,,,,,,,,
163,8,302,302,328,302,0,9,lane_first,False,reduction:151,324,,,,,,,,,,,
163,8,303,303,328,303,0,9,lane_first,False,reduction:151,324,,,,,,,,,,,
163,8,304,304,328,304,0,9,lane_first,False,reduction:152,324,,,,,,,,,,,
163,8,305,305,328,305,0,9,lane_first,False,reduction:152,324,,,,,,,,,,,
163,8,306,306,328,306,0,9,lane_first,False,reduction:153,324,,,,,,,,,,,
163,8,307,307,328,307,0,9,lane_first,False,reduction:153,324,,,,,,,,,,,
163,8,308,308,328,308,0,9,lane_first,False,reduction:154,324,,,,,,,,,,,
163,8,309,309,328,309,0,9,lane_first,False,reduction:154,324,,,,,,,,,,,
163,8,310,310,328,310,0,9,lane_first,False,reduction:155,324,,,,,,,,,,,
163,8,311,311,328,311,0,9,lane_first,False,reduction:155,324,,,,,,,,,,,
163,8,312,312,328,312,0,9,lane_first,False,reduction:156,324,,,,,,,,,,,
163,8,313,313,328,313,0,9,lane_first,False,reduction:156,324,,,,,,,,,,,
163,8,314,314,328,314,0,9,lane_first,False,reduction:157,324,,,,,,,,,,,
163,8,315,315,328,315,0,9,lane_first,False,reduction:157,324,,,,,,,,,,,
163,8,316,316,328,316,0,9,lane_first,False,reduction:158,324,,,,,,,,,,,
163,8,317,317,328,317,0,9,lane_first,False,reduction:158,324,,,,,,,,,,,
163,8,318,318,328,318,0,9,lane_first,False,reduction:159,324,,,,,,,,,,,
163,8,319,319,328,319,0,9,lane_first,False,reduction:159,324,,,,,,,,,,,
163,8,320,320,328,320,0,9,lane_first,False,reduction:160,324,,,,,,,,,,,
163,8,321,321,328,321,0,9,lane_first,False,reduction:160,328,,,,,,,,,,,
163,8,322,322,328,322,0,9,lane_first,False,reduction:161,328,,,,,,,,,,,
163,8,323,323,328,323,0,9,lane_first,False,reduction:161,328,,,,,,,,,,,
163,8,324,324,328,324,0,9,lane_first,False,reduction:162,328,,,,,,,,,,,
163,8,325,325,328,325,0,9,lane_first,False,reduction:162,328,,,,,,,,,,,
163,8,326,326,328,326,0,9,lane_first,False,reduction:163,328,,,,,,,,,,,
163,8,327,327,328,327,0,9,lane_first,False,reduction:163,328,,,,,,,,,,,
163,8,328,328,328,328,0,9,lane_first,False,reduction:164,320,,,,,,,,,,,
163,9,1,1,328,37,36,0,lane_first,True,,144540,861372,217309666,397936,144540,2140262,851687299232,57517669440,394964,h_u=2n,module_barriers,retain_all_square_workspace
163,9,2,2,328,38,18,1,lane_first,True,,71320,683524,177466730,299622,71320,1123386,336591160092,21369041040,296650,h_u=2n,module_barriers,retain_all_square_workspace
163,9,3,3,328,39,12,2,lane_first,True,,46956,636204,166237714,274364,46956,795374,218221992136,12883035984,271392,h_u=2n,module_barriers,retain_all_square_workspace
163,9,4,4,328,40,9,2,lane_first,True,,34720,610628,159772506,261282,34720,601120,157061835840,9071711040,258310,h_u=2n,module_barriers,retain_all_square_workspace
163,9,5,5,328,40,7,3,lane_first,True,,26656,593844,154484354,255520,26656,505160,129078483200,6811141120,252548,h_u=2n,module_barriers,retain_all_square_workspace
163,9,6,6,328,40,6,3,lane_first,True,,22536,584868,153010414,249758,22536,436212,108947436696,5628546288,246786,h_u=2n,module_barriers,retain_all_square_workspace
163,9,7,7,328,42,5,3,lane_first,True,,18476,586132,151058086,253708,18476,373534,94768564072,4687509008,250736,h_u=2n,module_barriers,retain_all_square_workspace
163,9,8,8,328,40,4,3,lane_first,True,,14608,544708,139213930,238234,14608,307558,73270772572,3480122272,235262,h_u=2n,module_barriers,retain_all_square_workspace
163,9,9,9,328,40,4,4,lane_first,True,,14412,567972,147631082,244648,14412,325626,79663749648,3525866976,241676,h_u=2n,module_barriers,retain_all_square_workspace
163,9,10,10,328,40,3,4,lane_first,True,,10816,535060,134464406,238886,10816,268258,64083080588,2583790976,235914,h_u=2n,module_barriers,retain_all_square_workspace
163,9,11,11,328,44,3,4,lane_first,True,,10384,577564,144248110,258636,10384,266154,68837005944,2685676224,255664,h_u=2n,module_barriers,retain_all_square_workspace
163,9,12,12,328,40,3,4,lane_first,True,,10336,551076,142251750,239538,10336,260010,62282275380,2475864768,236566,h_u=2n,module_barriers,retain_all_square_workspace
163,9,13,13,328,39,2,4,lane_first,True,,8268,504508,125154438,228920,8268,219484,50244277280,1892710560,225948,h_u=2n,module_barriers,retain_all_square_workspace
163,9,14,14,328,42,2,4,lane_first,True,,6740,526572,127693518,243814,6740,202596,49395741144,1643306360,240842,h_u=2n,module_barriers,retain_all_square_workspace
163,9,15,15,328,45,2,4,lane_first,True,,6364,556572,134109334,258708,6364,198380,51322493040,1646417712,255736,h_u=2n,module_barriers,retain_all_square_workspace
163,9,16,16,328,48,2,4,lane_first,True,,6304,588876,141650654,273602,6304,197680,54085643360,1724787008,270630,h_u=2n,module_barriers,retain_all_square_workspace
163,9,17,17,328,51,2,5,lane_first,True,,6304,632660,151870878,294584,6304,218024,64226382016,1857057536,291612,h_u=2n,module_barriers,retain_all_square_workspace
163,9,18,18,328,40,2,5,lane_first,True,,6284,539028,136256886,241494,6284,212228,51251788632,1517548296,238522,h_u=2n,module_barriers,retain_all_square_workspace
163,9,19,19,328,38,1,5,lane_first,True,,6260,487508,119480834,226020,6260,194272,43909357440,1414885200,223048,h_u=2n,module_barriers,retain_all_square_workspace
163,9,20,20,328,40,1,5,lane_first,True,,4216,487212,113837370,236058,4216,171748,40542489384,995220528,233086,h_u=2n,module_barriers,retain_all_square_workspace
163,9,21,21,328,42,1,5,lane_first,True,,3200,496132,112695922,246096,3200,163300,40187476800,787507200,243124,h_u=2n,module_barriers,retain_all_square_workspace
163,9,22,22,328,44,1,5,lane_first,True,,2692,509660,113805482,256134,2692,157672,40385160048,689512728,253162,h_u=2n,module_barriers,retain_all_square_workspace
163,9,23,23,328,46,1,5,lane_first,True,,2692,526516,116540770,266172,2692,157672,41967871584,716535024,263200,h_u=2n,module_barriers,retain_all_square_workspace
163,9,24,24,328,48,1,5,lane_first,True,,2440,544396,119776282,276210,2440,154860,42773880600,673952400,273238,h_u=2n,module_barriers,retain_all_square_workspace
163,9,25,25,328,50,1,5,lane_first,True,,2444,563044,123386966,286248,2444,157626,45120127248,699590112,283276,h_u=2n,module_barriers,retain_all_square_workspace
163,9,26,26,328,52,1,5,lane_first,True,,2320,582332,127310286,296286,2320,156222,46286391492,687383520,293314,h_u=2n,module_barriers,retain_all_square_workspace
163,9,27,27,328,54,1,5,lane_first,True,,2320,601812,131327398,306324,2320,156222,47854547928,710671680,303352,h_u=2n,module_barriers,retain_all_square_workspace
163,9,28,28,328,56,1,5,lane_first,True,,2260,621548,135469566,316362,2260,155522,49201250964,714978120,313390,h_u=2n,module_barriers,retain_all_square_workspace
163,9,29,29,328,58,1,5,lane_first,True,,2260,641412,139674262,326400,2260,155522,50762380800,737664000,323428,h_u=2n,module_barriers,retain_all_square_workspace
163,9,30,30,328,60,1,5,lane_first,True,,2232,661308,143894590,336438,2232,155174,52206430212,750929616,333466,h_u=2n,module_barriers,retain_all_square_workspace
163,9,31,31,328,62,1,5,lane_first,True,,2232,681348,148185262,346476,2232,155174,53764066824,773334432,343504,h_u=2n,module_barriers,retain_all_square_workspace
163,9,32,32,328,64,1,5,lane_first,True,,2232,701388,152475934,356514,2232,155174,55321703436,795739248,353542,h_u=2n,module_barriers,retain_all_square_workspace
163,9,33,33,328,64,1,6,lane_first,True,,2240,714204,155789238,362928,2240,170070,61723164960,812958720,359956,h_u=2n,module_barriers,retain_all_square_workspace
163,9,34,34,328,56,1,6,lane_first,True,,2244,643764,143283590,324406,2244,172882,56083958092,727967064,321434,h_u=2n,module_barriers,retain_all_square_workspace
163,9,35,35,328,48,1,6,lane_first,True,,2244,573324,130777942,285884,2244,172882,49424197688,641523696,282912,h_u=2n,module_barriers,retain_all_square_workspace
163,9,36,36,328,40,1,6,lane_first,True,,2236,502884,118272294,247362,2236,167258,41373273396,553101432,244390,h_u=2n,module_barriers,retain_all_square_workspace
163,9,37,37,328,37,0,6,lane_first,True,,2212,461752,109320866,227032,2212,149302,33896331664,502194784,224060,h_u=2n,module_barriers,retain_all_square_workspace
163,9,38,38,328,38,0,6,lane_first,True,,2212,463636,107500234,232214,2212,149302,34670014628,513657368,229242,h_u=2n,module_barriers,retain_all_square_workspace
163,9,39,39,328,39,0,6,lane_first,True,,2212,465520,105679602,237396,2212,149302,35443697592,525119952,234424,h_u=2n,module_barriers,retain_all_square_workspace
163,9,40,40,328,40,0,6,lane_first,True,,2212,467404,103858970,242578,2212,149302,36217380556,536582536,239606,h_u=2n,module_barriers,retain_all_square_workspace
163,9,41,41,328,41,0,6,lane_first,True,,1192,469288,102038338,247760,1192,140850,34896996000,295329920,244788,h_u=2n,module_barriers,retain_all_square_workspace
163,9,42,42,328,42,0,6,lane_first,True,,1192,475268,102218602,252942,1192,140850,35626880700,301506864,249970,h_u=2n,module_barriers,retain_all_square_workspace
163,9,43,43,328,43,0,6,lane_first,True,,1192,481248,102398866,258124,1192,140850,36356765400,307683808,255152,h_u=2n,module_barriers,retain_all_square_workspace
163,9,44,44,328,44,0,6,lane_first,True,,1192,487228,102579130,263306,1192,140850,37086650100,313860752,260334,h_u=2n,module_barriers,retain_all_square_workspace
163,9,45,45,328,45,0,6,lane_first,True,,1192,493208,102759394,268488,1192,140850,37816534800,320037696,265516,h_u=2n,module_barriers,retain_all_square_workspace
163,9,46,46,328,46,0,6,lane_first,True,,1192,499188,102939658,273670,1192,140850,38546419500,326214640,270698,h_u=2n,module_barriers,retain_all_square_workspace
163,9,47,47,328,47,0,6,lane_first,True,,680,505424,103244978,278852,680,135218,37705809736,189619360,275880,h_u=2n,module_barriers,retain_all_square_workspace
163,9,48,48,328,48,0,6,lane_first,True,,680,513196,104300634,284034,680,135218,38406509412,193143120,281062,h_u=2n,module_barriers,retain_all_square_workspace
163,9,49,49,328,49,0,6,lane_first,True,,684,520968,105356294,289216,684,137984,39907180544,197823744,286244,h_u=2n,module_barriers,retain_all_square_workspace
163,9,50,50,328,50,0,6,lane_first,True,,684,528740,106411950,294398,684,137984,40622213632,201368232,291426,h_u=2n,module_barriers,retain_all_square_workspace
163,9,51,51,328,51,0,6,lane_first,True,,684,536512,107467606,299580,684,137984,41337246720,204912720,296608,h_u=2n,module_barriers,retain_all_square_workspace
163,9,52,52,328,52,0,6,lane_first,True,,684,544284,108523262,304762,684,137984,42052279808,208457208,301790,h_u=2n,module_barriers,retain_all_square_workspace
163,9,53,53,328,53,0,6,lane_first,True,,684,552056,109578918,309944,684,137984,42767312896,212001696,306972,h_u=2n,module_barriers,retain_all_square_workspace
163,9,54,54,328,54,0,6,lane_first,True,,684,559828,110634574,315126,684,137984,43482345984,215546184,312154,h_u=2n,module_barriers,retain_all_square_workspace
163,9,55,55,328,55,0,6,lane_first,True,,428,567856,111815286,320308,428,135168,43295391744,137091824,317336,h_u=2n,module_barriers,retain_all_square_workspace
163,9,56,56,328,56,0,6,lane_first,True,,428,576396,113246110,325490,428,135168,43995832320,139309720,322518,h_u=2n,module_barriers,retain_all_square_workspace
163,9,57,57,328,57,0,6,lane_first,True,,428,584936,114676934,330672,428,135168,44696272896,141527616,327700,h_u=2n,module_barriers,retain_all_square_workspace
163,9,58,58,328,58,0,6,lane_first,True,,428,593476,116107758,335854,428,135168,45396713472,143745512,332882,h_u=2n,module_barriers,retain_all_square_workspace
163,9,59,59,328,59,0,6,lane_first,True,,428,602016,117538582,341036,428,135168,46097154048,145963408,338064,h_u=2n,module_barriers,retain_all_square_workspace
163,9,60,60,328,60,0,6,lane_first,True,,428,610556,118969406,346218,428,135168,46797594624,148181304,343246,h_u=2n,module_barriers,retain_all_square_workspace
163,9,61,61,328,61,0,6,lane_first,True,,428,619096,120400230,351400,428,135168,47498035200,150399200,348428,h_u=2n,module_barriers,retain_all_square_workspace
163,9,62,62,328,62,0,6,lane_first,True,,428,627636,121831054,356582,428,135168,48198475776,152617096,353610,h_u=2n,module_barriers,retain_all_square_workspace
163,9,63,63,328,63,0,6,lane_first,True,,428,636176,123261878,361764,428,135168,48898916352,154834992,358792,h_u=2n,module_barriers,retain_all_square_workspace
163,9,64,64,328,64,0,6,lane_first,True,,428,644716,124692702,366946,428,135168,49599356928,157052888,363974,h_u=2n,module_barriers,retain_all_square_workspace
163,9,65,65,328,65,0,7,lane_first,True,,448,664128,128505422,378216,448,150236,56821658976,169440768,375244,h_u=2n,module_barriers,retain_all_square_workspace
163,9,66,66,328,66,0,7,lane_first,True,,324,672796,129998774,383398,324,151640,58138472720,124220952,380426,h_u=2n,module_barriers,retain_all_square_workspace
163,9,67,67,328,67,0,7,lane_first,True,,328,681656,131585918,388580,328,154452,60016958160,127454240,385608,h_u=2n,module_barriers,retain_all_square_workspace
163,9,68,68,328,68,0,7,lane_first,True,,328,690516,133173062,393762,328,154452,60817328424,129153936,390790,h_u=2n,module_barriers,retain_all_square_workspace
163,9,69,69,328,69,0,7,lane_first,True,,332,699376,134760206,398944,332,157264,62739529216,132449408,395972,h_u=2n,module_barriers,retain_all_square_workspace
163,9,70,70,328,70,0,7,lane_first,True,,332,708236,136347350,404126,332,157264,63554471264,134169832,401154,h_u=2n,module_barriers,retain_all_square_workspace
163,9,71,71,328,71,0,7,lane_first,True,,332,717096,137934494,409308,332,157264,64369413312,135890256,406336,h_u=2n,module_barriers,retain_all_square_workspace
163,9,72,72,328,72,0,7,lane_first,True,,332,725956,139521638,414490,332,157264,65184355360,137610680,411518,h_u=2n,module_barriers,retain_all_square_workspace
163,9,73,73,328,73,0,7,lane_first,True,,336,734816,141108782,419672,336,160076,67179415072,141009792,416700,h_u=2n,module_barriers,retain_all_square_workspace
163,9,74,74,328,74,0,7,lane_first,True,,336,743676,142695926,424854,336,160076,68008928904,142750944,421882,h_u=2n,module_barriers,retain_all_square_workspace
163,9,75,75,328,75,0,7,lane_first,True,,336,752536,144283070,430036,336,160076,68838442736,144492096,427064,h_u=2n,module_barriers,retain_all_square_workspace
163,9,76,76,328,76,0,7,lane_first,True,,336,761396,145870214,435218,336,160076,69667956568,146233248,432246,h_u=2n,module_barriers,retain_all_square_workspace
163,9,77,77,328,77,0,7,lane_first,True,,336,770256,147457358,440400,336,160076,70497470400,147974400,437428,h_u=2n,module_barriers,retain_all_square_workspace
163,9,78,78,328,78,0,7,lane_first,True,,336,779116,149044502,445582,336,160076,71326984232,149715552,442610,h_u=2n,module_barriers,retain_all_square_workspace
163,9,79,79,328,79,0,7,lane_first,True,,336,787976,150631646,450764,336,160076,72156498064,151456704,447792,h_u=2n,module_barriers,retain_all_square_workspace
163,9,80,80,328,80,0,7,lane_first,True,,336,796836,152218790,455946,336,160076,72986011896,153197856,452974,h_u=2n,module_barriers,retain_all_square_workspace
163,9,81,81,328,81,0,7,lane_first,True,,340,805696,153805934,461128,340,162888,75112217664,156783520,458156,h_u=2n,module_barriers,retain_all_square_workspace
163,9,82,82,328,82,0,7,lane_first,True,,276,814556,155393078,466310,276,162184,75628021040,128701560,463338,h_u=2n,module_barriers,retain_all_square_workspace
163,9,83,83,328,83,0,7,lane_first,True,,276,823544,157042750,471492,276,162184,76468458528,130131792,468520,h_u=2n,module_barriers,retain_all_square_workspace
163,9,84,84,328,84,0,7,lane_first,True,,276,832532,158692422,476674,276,162184,77308896016,131562024,473702,h_u=2n,module_barriers,retain_all_square_workspace
163,9,85,85,328,85,0,7,lane_first,True,,276,841520,160342094,481856,276,162184,78149333504,132992256,478884,h_u=2n,module_barriers,retain_all_square_workspace
163,9,86,86,328,86,0,7,lane_first,True,,276,850508,161991766,487038,276,162184,78989770992,134422488,484066,h_u=2n,module_barriers,retain_all_square_workspace
163,9,87,87,328,87,0,7,lane_first,True,,276,859496,163641438,492220,276,162184,79830208480,135852720,489248,h_u=2n,module_barriers,retain_all_square_workspace
163,9,88,88,328,88,0,7,lane_first,True,,276,868484,165291110,497402,276,162184,80670645968,137282952,494430,h_u=2n,module_barriers,retain_all_square_workspace
163,9,89,89,328,89,0,7,lane_first,True,,276,877472,166940782,502584,276,162184,81511083456,138713184,499612,h_u=2n,module_barriers,retain_all_square_workspace
163,9,90,90,328,90,0,7,lane_first,True,,276,886460,168590454,507766,276,162184,82351520944,140143416,504794,h_u=2n,module_barriers,retain_all_square_workspace
163,9,91,91,328,91,0,7,lane_first,True,,276,895448,170240126,512948,276,162184,83191958432,141573648,509976,h_u=2n,module_barriers,retain_all_square_workspace
163,9,92,92,328,92,0,7,lane_first,True,,276,904436,171889798,518130,276,162184,84032395920,143003880,515158,h_u=2n,module_barriers,retain_all_square_workspace
163,9,93,93,328,93,0,7,lane_first,True,,276,913424,173539470,523312,276,162184,84872833408,144434112,520340,h_u=2n,module_barriers,retain_all_square_workspace
163,9,94,94,328,94,0,7,lane_first,True,,276,922412,175189142,528494,276,162184,85713270896,145864344,525522,h_u=2n,module_barriers,retain_all_square_workspace
163,9,95,95,328,95,0,7,lane_first,True,,276,931400,176838814,533676,276,162184,86553708384,147294576,530704,h_u=2n,module_barriers,retain_all_square_workspace
163,9,96,96,328,96,0,7,lane_first,True,,276,940388,178488486,538858,276,162184,87394145872,148724808,535886,h_u=2n,module_barriers,retain_all_square_workspace
163,9,97,97,328,97,0,7,lane_first,True,,280,949376,180138162,544040,280,164950,89739398000,152331200,541068,h_u=2n,module_barriers,retain_all_square_workspace
163,9,98,98,328,98,0,7,lane_first,True,,280,958364,181787834,549222,280,164950,90594168900,153782160,546250,h_u=2n,module_barriers,retain_all_square_workspace
163,9,99,99,328,99,0,7,lane_first,True,,280,967352,183437506,554404,280,164950,91448939800,155233120,551432,h_u=2n,module_barriers,retain_all_square_workspace
163,9,100,100,328,100,0,7,lane_first,True,,280,976340,185087178,559586,280,164950,92303710700,156684080,556614,h_u=2n,module_barriers,retain_all_square_workspace
163,9,101,101,328,101,0,7,lane_first,True,,280,985328,186736850,564768,280,164950,93158481600,158135040,561796,h_u=2n,module_barriers,retain_all_square_workspace
163,9,102,102,328,102,0,7,lane_first,True,,280,994316,188386522,569950,280,164950,94013252500,159586000,566978,h_u=2n,module_barriers,retain_all_square_workspace
163,9,103,103,328,103,0,7,lane_first,True,,280,1003304,190036194,575132,280,164950,94868023400,161036960,572160,h_u=2n,module_barriers,retain_all_square_workspace
163,9,104,104,328,104,0,7,lane_first,True,,280,1012292,191685866,580314,280,164950,95722794300,162487920,577342,h_u=2n,module_barriers,retain_all_square_workspace
163,9,105,105,328,105,0,7,lane_first,True,,280,1021280,193335538,585496,280,164950,96577565200,163938880,582524,h_u=2n,module_barriers,retain_all_square_workspace
163,9,106,106,328,106,0,7,lane_first,True,,280,1030268,194985210,590678,280,164950,97432336100,165389840,587706,h_u=2n,module_barriers,retain_all_square_workspace
163,9,107,107,328,107,0,7,lane_first,True,,280,1039256,196634882,595860,280,164950,98287107000,166840800,592888,h_u=2n,module_barriers,retain_all_square_workspace
163,9,108,108,328,108,0,7,lane_first,True,,280,1048244,198284554,601042,280,164950,99141877900,168291760,598070,h_u=2n,module_barriers,retain_all_square_workspace
163,9,109,109,328,109,0,7,lane_first,True,,280,1057232,199934226,606224,280,164950,99996648800,169742720,603252,h_u=2n,module_barriers,retain_all_square_workspace
163,9,110,110,328,110,0,7,lane_first,True,,248,1066252,201599530,611406,248,164598,100636204788,151628688,608434,h_u=2n,module_barriers,retain_all_square_workspace
163,9,111,111,328,111,0,7,lane_first,True,,248,1075288,203272650,616588,248,164598,101489151624,152913824,613616,h_u=2n,module_barriers,retain_all_square_workspace
163,9,112,112,328,112,0,7,lane_first,True,,248,1084324,204945770,621770,248,164598,102342098460,154198960,618798,h_u=2n,module_barriers,retain_all_square_workspace
163,9,113,113,328,113,0,7,lane_first,True,,248,1093360,206618890,626952,248,164598,103195045296,155484096,623980,h_u=2n,module_barriers,retain_all_square_workspace
163,9,114,114,328,114,0,7,lane_first,True,,248,1102396,208292010,632134,248,164598,104047992132,156769232,629162,h_u=2n,module_barriers,retain_all_square_workspace
163,9,115,115,328,115,0,7,lane_first,True,,248,1111432,209965130,637316,248,164598,104900938968,158054368,634344,h_u=2n,module_barriers,retain_all_square_workspace
163,9,116,116,328,116,0,7,lane_first,True,,248,1120468,211638250,642498,248,164598,105753885804,159339504,639526,h_u=2n,module_barriers,retain_all_square_workspace
163,9,117,117,328,117,0,7,lane_first,True,,248,1129504,213311370,647680,248,164598,106606832640,160624640,644708,h_u=2n,module_barriers,retain_all_square_workspace
163,9,118,118,328,118,0,7,lane_first,True,,248,1138540,214984490,652862,248,164598,107459779476,161909776,649890,h_u=2n,module_barriers,retain_all_square_workspace
163,9,119,119,328,119,0,7,lane_first,True,,248,1147576,216657610,658044,248,164598,108312726312,163194912,655072,h_u=2n,module_barriers,retain_all_square_workspace
163,9,120,120,328,120,0,7,lane_first,True,,248,1156612,218330730,663226,248,164598,109165673148,164480048,660254,h_u=2n,module_barriers,retain_all_square_workspace
163,9,121,121,328,121,0,7,lane_first,True,,248,1165648,220003850,668408,248,164598,110018619984,165765184,665436,h_u=2n,module_barriers,retain_all_square_workspace
163,9,122,122,328,122,0,7,lane_first,True,,248,1174684,221676970,673590,248,164598,110871566820,167050320,670618,h_u=2n,module_barriers,retain_all_square_workspace
163,9,123,123,328,123,0,7,lane_first,True,,248,1183720,223350090,678772,248,164598,111724513656,168335456,675800,h_u=2n,module_barriers,retain_all_square_workspace
163,9,124,124,328,124,0,7,lane_first,True,,248,1192756,225023210,683954,248,164598,112577460492,169620592,680982,h_u=2n,module_barriers,retain_all_square_workspace
163,9,125,125,328,125,0,7,lane_first,True,,248,1201792,226696330,689136,248,164598,113430407328,170905728,686164,h_u=2n,module_barriers,retain_all_square_workspace
163,9,126,126,328,126,0,7,lane_first,True,,248,1210828,228369450,694318,248,164598,114283354164,172190864,691346,h_u=2n,module_barriers,retain_all_square_workspace
163,9,127,127,328,127,0,7,lane_first,True,,248,1219864,230042570,699500,248,164598,115136301000,173476000,696528,h_u=2n,module_barriers,retain_all_square_workspace
163,9,128,128,328,128,0,7,lane_first,True,,248,1228900,231715690,704682,248,164598,115989247836,174761136,701710,h_u=2n,module_barriers,retain_all_square_workspace
163,9,129,129,328,129,0,8,lane_first,True,,268,1248808,235770706,715952,268,179666,128632232032,191875136,712980,h_u=2n,module_barriers,retain_all_square_workspace
163,9,130,130,328,130,0,8,lane_first,True,,272,1257844,237443826,721134,272,182478,131591090052,196148448,718162,h_u=2n,module_barriers,retain_all_square_workspace
163,9,131,131,328,131,0,8,lane_first,True,,276,1266880,239116946,726316,276,185290,134579091640,200463216,723344,h_u=2n,module_barriers,retain_all_square_workspace
163,9,132,132,328,132,0,8,lane_first,True,,276,1275916,240790066,731498,276,185290,135539264420,201893448,728526,h_u=2n,module_barriers,retain_all_square_workspace
163,9,133,133,328,133,0,8,lane_first,True,,280,1284952,242463186,736680,280,188102,138570981360,206270400,733708,h_u=2n,module_barriers,retain_all_square_workspace
163,9,134,134,328,134,0,8,lane_first,True,,280,1293988,244136306,741862,280,188102,139545725924,207721360,738890,h_u=2n,module_barriers,retain_all_square_workspace
163,9,135,135,328,135,0,8,lane_first,True,,280,1303024,245809426,747044,280,188102,140520470488,209172320,744072,h_u=2n,module_barriers,retain_all_square_workspace
163,9,136,136,328,136,0,8,lane_first,True,,280,1312060,247482546,752226,280,188102,141495215052,210623280,749254,h_u=2n,module_barriers,retain_all_square_workspace
163,9,137,137,328,137,0,8,lane_first,True,,284,1321096,249155666,757408,284,190914,144599790912,215103872,754436,h_u=2n,module_barriers,retain_all_square_workspace
163,9,138,138,328,138,0,8,lane_first,True,,284,1330132,250828786,762590,284,190914,145589107260,216575560,759618,h_u=2n,module_barriers,retain_all_square_workspace
163,9,139,139,328,139,0,8,lane_first,True,,284,1339168,252501906,767772,284,190914,146578423608,218047248,764800,h_u=2n,module_barriers,retain_all_square_workspace
163,9,140,140,328,140,0,8,lane_first,True,,284,1348204,254175026,772954,284,190914,147567739956,219518936,769982,h_u=2n,module_barriers,retain_all_square_workspace
163,9,141,141,328,141,0,8,lane_first,True,,284,1357240,255848146,778136,284,190914,148557056304,220990624,775164,h_u=2n,module_barriers,retain_all_square_workspace
163,9,142,142,328,142,0,8,lane_first,True,,284,1366276,257521266,783318,284,190914,149546372652,222462312,780346,h_u=2n,module_barriers,retain_all_square_workspace
163,9,143,143,328,143,0,8,lane_first,True,,284,1375312,259194386,788500,284,190914,150535689000,223934000,785528,h_u=2n,module_barriers,retain_all_square_workspace
163,9,144,144,328,144,0,8,lane_first,True,,284,1384348,260867506,793682,284,190914,151525005348,225405688,790710,h_u=2n,module_barriers,retain_all_square_workspace
163,9,145,145,328,145,0,8,lane_first,True,,288,1393384,262540626,798864,288,193726,154760727264,230072832,795892,h_u=2n,module_barriers,retain_all_square_workspace
163,9,146,146,328,146,0,8,lane_first,True,,288,1402420,264213746,804046,288,193726,155764615396,231565248,801074,h_u=2n,module_barriers,retain_all_square_workspace
163,9,147,147,328,147,0,8,lane_first,True,,288,1411456,265886866,809228,288,193726,156768503528,233057664,806256,h_u=2n,module_barriers,retain_all_square_workspace
163,9,148,148,328,148,0,8,lane_first,True,,288,1420492,267559986,814410,288,193726,157772391660,234550080,811438,h_u=2n,module_barriers,retain_all_square_workspace
163,9,149,149,328,149,0,8,lane_first,True,,288,1429528,269233106,819592,288,193726,158776279792,236042496,816620,h_u=2n,module_barriers,retain_all_square_workspace
163,9,150,150,328,150,0,8,lane_first,True,,288,1438564,270906226,824774,288,193726,159780167924,237534912,821802,h_u=2n,module_barriers,retain_all_square_workspace
163,9,151,151,328,151,0,8,lane_first,True,,288,1447600,272579346,829956,288,193726,160784056056,239027328,826984,h_u=2n,module_barriers,retain_all_square_workspace
163,9,152,152,328,152,0,8,lane_first,True,,288,1456636,274252466,835138,288,193726,161787944188,240519744,832166,h_u=2n,module_barriers,retain_all_square_workspace
163,9,153,153,328,153,0,8,lane_first,True,,288,1465672,275925586,840320,288,193726,162791832320,242012160,837348,h_u=2n,module_barriers,retain_all_square_workspace
163,9,154,154,328,154,0,8,lane_first,True,,288,1474708,277598706,845502,288,193726,163795720452,243504576,842530,h_u=2n,module_barriers,retain_all_square_workspace
163,9,155,155,328,155,0,8,lane_first,True,,288,1483744,279271826,850684,288,193726,164799608584,244996992,847712,h_u=2n,module_barriers,retain_all_square_workspace
163,9,156,156,328,156,0,8,lane_first,True,,288,1492780,280944946,855866,288,193726,165803496716,246489408,852894,h_u=2n,module_barriers,retain_all_square_workspace
163,9,157,157,328,157,0,8,lane_first,True,,288,1501816,282618066,861048,288,193726,166807384848,247981824,858076,h_u=2n,module_barriers,retain_all_square_workspace
163,9,158,158,328,158,0,8,lane_first,True,,288,1510852,284291186,866230,288,193726,167811272980,249474240,863258,h_u=2n,module_barriers,retain_all_square_workspace
163,9,159,159,328,159,0,8,lane_first,True,,288,1519888,285964306,871412,288,193726,168815161112,250966656,868440,h_u=2n,module_barriers,retain_all_square_workspace
163,9,160,160,328,160,0,8,lane_first,True,,288,1528924,287637426,876594,288,193726,169819049244,252459072,873622,h_u=2n,module_barriers,retain_all_square_workspace
163,9,161,161,328,161,0,8,lane_first,True,,292,1537960,289310546,881776,292,196538,173302491488,257478592,878804,h_u=2n,module_barriers,retain_all_square_workspace
163,9,162,162,328,162,0,8,lane_first,True,,292,1546996,290983666,886958,292,196538,174320951404,258991736,883986,h_u=2n,module_barriers,retain_all_square_workspace
163,9,163,163,328,163,0,8,lane_first,True,,292,1556032,292656786,892140,292,196538,175339411320,260504880,889168,h_u=2n,module_barriers,retain_all_square_workspace
163,9,164,164,328,164,0,8,lane_first,True,,276,1565068,294329906,897322,276,196362,176199942564,247660872,894350,h_u=2n,module_barriers,retain_all_square_workspace
163,9,165,165,328,165,0,8,lane_first,True,,276,1574120,296010842,902504,276,196362,177217490448,249091104,899532,h_u=2n,module_barriers,retain_all_square_workspace
163,9,166,166,328,166,0,8,lane_first,False,reduction:83,276,,,,,,,,,,,
163,9,167,167,328,167,0,8,lane_first,False,reduction:83,276,,,,,,,,,,,
163,9,168,168,328,168,0,8,lane_first,False,reduction:84,276,,,,,,,,,,,
163,9,169,169,328,169,0,8,lane_first,False,reduction:84,276,,,,,,,,,,,
163,9,170,170,328,170,0,8,lane_first,False,reduction:85,276,,,,,,,,,,,
163,9,171,171,328,171,0,8,lane_first,False,reduction:85,276,,,,,,,,,,,
163,9,172,172,328,172,0,8,lane_first,False,reduction:86,276,,,,,,,,,,,
163,9,173,173,328,173,0,8,lane_first,False,reduction:86,276,,,,,,,,,,,
163,9,174,174,328,174,0,8,lane_first,False,reduction:87,276,,,,,,,,,,,
163,9,175,175,328,175,0,8,lane_first,False,reduction:87,276,,,,,,,,,,,
163,9,176,176,328,176,0,8,lane_first,False,reduction:88,276,,,,,,,,,,,
163,9,177,177,328,177,0,8,lane_first,False,reduction:88,276,,,,,,,,,,,
163,9,178,178,328,178,0,8,lane_first,False,reduction:89,276,,,,,,,,,,,
163,9,179,179,328,179,0,8,lane_first,False,reduction:89,276,,,,,,,,,,,
163,9,180,180,328,180,0,8,lane_first,False,reduction:90,276,,,,,,,,,,,
163,9,181,181,328,181,0,8,lane_first,False,reduction:90,276,,,,,,,,,,,
163,9,182,182,328,182,0,8,lane_first,False,reduction:91,276,,,,,,,,,,,
163,9,183,183,328,183,0,8,lane_first,False,reduction:91,276,,,,,,,,,,,
163,9,184,184,328,184,0,8,lane_first,False,reduction:92,276,,,,,,,,,,,
163,9,185,185,328,185,0,8,lane_first,False,reduction:92,276,,,,,,,,,,,
163,9,186,186,328,186,0,8,lane_first,False,reduction:93,276,,,,,,,,,,,
163,9,187,187,328,187,0,8,lane_first,False,reduction:93,276,,,,,,,,,,,
163,9,188,188,328,188,0,8,lane_first,False,reduction:94,276,,,,,,,,,,,
163,9,189,189,328,189,0,8,lane_first,False,reduction:94,276,,,,,,,,,,,
163,9,190,190,328,190,0,8,lane_first,False,reduction:95,276,,,,,,,,,,,
163,9,191,191,328,191,0,8,lane_first,False,reduction:95,276,,,,,,,,,,,
163,9,192,192,328,192,0,8,lane_first,False,reduction:96,276,,,,,,,,,,,
163,9,193,193,328,193,0,8,lane_first,False,reduction:96,280,,,,,,,,,,,
163,9,194,194,328,194,0,8,lane_first,False,reduction:97,280,,,,,,,,,,,
163,9,195,195,328,195,0,8,lane_first,False,reduction:97,280,,,,,,,,,,,
163,9,196,196,328,196,0,8,lane_first,False,reduction:98,280,,,,,,,,,,,
163,9,197,197,328,197,0,8,lane_first,False,reduction:98,280,,,,,,,,,,,
163,9,198,198,328,198,0,8,lane_first,False,reduction:99,280,,,,,,,,,,,
163,9,199,199,328,199,0,8,lane_first,False,reduction:99,280,,,,,,,,,,,
163,9,200,200,328,200,0,8,lane_first,False,reduction:100,280,,,,,,,,,,,
163,9,201,201,328,201,0,8,lane_first,False,reduction:100,280,,,,,,,,,,,
163,9,202,202,328,202,0,8,lane_first,False,reduction:101,280,,,,,,,,,,,
163,9,203,203,328,203,0,8,lane_first,False,reduction:101,280,,,,,,,,,,,
163,9,204,204,328,204,0,8,lane_first,False,reduction:102,280,,,,,,,,,,,
163,9,205,205,328,205,0,8,lane_first,False,reduction:102,280,,,,,,,,,,,
163,9,206,206,328,206,0,8,lane_first,False,reduction:103,280,,,,,,,,,,,
163,9,207,207,328,207,0,8,lane_first,False,reduction:103,280,,,,,,,,,,,
163,9,208,208,328,208,0,8,lane_first,False,reduction:104,280,,,,,,,,,,,
163,9,209,209,328,209,0,8,lane_first,False,reduction:104,280,,,,,,,,,,,
163,9,210,210,328,210,0,8,lane_first,False,reduction:105,280,,,,,,,,,,,
163,9,211,211,328,211,0,8,lane_first,False,reduction:105,280,,,,,,,,,,,
163,9,212,212,328,212,0,8,lane_first,False,reduction:106,280,,,,,,,,,,,
163,9,213,213,328,213,0,8,lane_first,False,reduction:106,280,,,,,,,,,,,
163,9,214,214,328,214,0,8,lane_first,False,reduction:107,280,,,,,,,,,,,
163,9,215,215,328,215,0,8,lane_first,False,reduction:107,280,,,,,,,,,,,
163,9,216,216,328,216,0,8,lane_first,False,reduction:108,280,,,,,,,,,,,
163,9,217,217,328,217,0,8,lane_first,False,reduction:108,280,,,,,,,,,,,
163,9,218,218,328,218,0,8,lane_first,False,reduction:109,280,,,,,,,,,,,
163,9,219,219,328,219,0,8,lane_first,False,reduction:109,280,,,,,,,,,,,
163,9,220,220,328,220,0,8,lane_first,False,reduction:110,280,,,,,,,,,,,
163,9,221,221,328,221,0,8,lane_first,False,reduction:110,280,,,,,,,,,,,
163,9,222,222,328,222,0,8,lane_first,False,reduction:111,280,,,,,,,,,,,
163,9,223,223,328,223,0,8,lane_first,False,reduction:111,280,,,,,,,,,,,
163,9,224,224,328,224,0,8,lane_first,False,reduction:112,280,,,,,,,,,,,
163,9,225,225,328,225,0,8,lane_first,False,reduction:112,280,,,,,,,,,,,
163,9,226,226,328,226,0,8,lane_first,False,reduction:113,280,,,,,,,,,,,
163,9,227,227,328,227,0,8,lane_first,False,reduction:113,280,,,,,,,,,,,
163,9,228,228,328,228,0,8,lane_first,False,reduction:114,280,,,,,,,,,,,
163,9,229,229,328,229,0,8,lane_first,False,reduction:114,280,,,,,,,,,,,
163,9,230,230,328,230,0,8,lane_first,False,reduction:115,280,,,,,,,,,,,
163,9,231,231,328,231,0,8,lane_first,False,reduction:115,280,,,,,,,,,,,
163,9,232,232,328,232,0,8,lane_first,False,reduction:116,280,,,,,,,,,,,
163,9,233,233,328,233,0,8,lane_first,False,reduction:116,280,,,,,,,,,,,
163,9,234,234,328,234,0,8,lane_first,False,reduction:117,280,,,,,,,,,,,
163,9,235,235,328,235,0,8,lane_first,False,reduction:117,280,,,,,,,,,,,
163,9,236,236,328,236,0,8,lane_first,False,reduction:118,280,,,,,,,,,,,
163,9,237,237,328,237,0,8,lane_first,False,reduction:118,280,,,,,,,,,,,
163,9,238,238,328,238,0,8,lane_first,False,reduction:119,280,,,,,,,,,,,
163,9,239,239,328,239,0,8,lane_first,False,reduction:119,280,,,,,,,,,,,
163,9,240,240,328,240,0,8,lane_first,False,reduction:120,280,,,,,,,,,,,
163,9,241,241,328,241,0,8,lane_first,False,reduction:120,280,,,,,,,,,,,
163,9,242,242,328,242,0,8,lane_first,False,reduction:121,280,,,,,,,,,,,
163,9,243,243,328,243,0,8,lane_first,False,reduction:121,280,,,,,,,,,,,
163,9,244,244,328,244,0,8,lane_first,False,reduction:122,280,,,,,,,,,,,
163,9,245,245,328,245,0,8,lane_first,False,reduction:122,280,,,,,,,,,,,
163,9,246,246,328,246,0,8,lane_first,False,reduction:123,280,,,,,,,,,,,
163,9,247,247,328,247,0,8,lane_first,False,reduction:123,280,,,,,,,,,,,
163,9,248,248,328,248,0,8,lane_first,False,reduction:124,280,,,,,,,,,,,
163,9,249,249,328,249,0,8,lane_first,False,reduction:124,280,,,,,,,,,,,
163,9,250,250,328,250,0,8,lane_first,False,reduction:125,280,,,,,,,,,,,
163,9,251,251,328,251,0,8,lane_first,False,reduction:125,280,,,,,,,,,,,
163,9,252,252,328,252,0,8,lane_first,False,reduction:126,280,,,,,,,,,,,
163,9,253,253,328,253,0,8,lane_first,False,reduction:126,280,,,,,,,,,,,
163,9,254,254,328,254,0,8,lane_first,False,reduction:127,280,,,,,,,,,,,
163,9,255,255,328,255,0,8,lane_first,False,reduction:127,280,,,,,,,,,,,
163,9,256,256,328,256,0,8,lane_first,False,reduction:128,280,,,,,,,,,,,
163,9,257,257,328,257,0,9,lane_first,False,reduction:128,300,,,,,,,,,,,
163,9,258,258,328,258,0,9,lane_first,False,reduction:129,304,,,,,,,,,,,
163,9,259,259,328,259,0,9,lane_first,False,reduction:129,308,,,,,,,,,,,
163,9,260,260,328,260,0,9,lane_first,False,reduction:130,308,,,,,,,,,,,
163,9,261,261,328,261,0,9,lane_first,False,reduction:130,312,,,,,,,,,,,
163,9,262,262,328,262,0,9,lane_first,False,reduction:131,312,,,,,,,,,,,
163,9,263,263,328,263,0,9,lane_first,False,reduction:131,312,,,,,,,,,,,
163,9,264,264,328,264,0,9,lane_first,False,reduction:132,312,,,,,,,,,,,
163,9,265,265,328,265,0,9,lane_first,False,reduction:132,316,,,,,,,,,,,
163,9,266,266,328,266,0,9,lane_first,False,reduction:133,316,,,,,,,,,,,
163,9,267,267,328,267,0,9,lane_first,False,reduction:133,316,,,,,,,,,,,
163,9,268,268,328,268,0,9,lane_first,False,reduction:134,316,,,,,,,,,,,
163,9,269,269,328,269,0,9,lane_first,False,reduction:134,316,,,,,,,,,,,
163,9,270,270,328,270,0,9,lane_first,False,reduction:135,316,,,,,,,,,,,
163,9,271,271,328,271,0,9,lane_first,False,reduction:135,316,,,,,,,,,,,
163,9,272,272,328,272,0,9,lane_first,False,reduction:136,316,,,,,,,,,,,
163,9,273,273,328,273,0,9,lane_first,False,reduction:136,320,,,,,,,,,,,
163,9,274,274,328,274,0,9,lane_first,False,reduction:137,320,,,,,,,,,,,
163,9,275,275,328,275,0,9,lane_first,False,reduction:137,320,,,,,,,,,,,
163,9,276,276,328,276,0,9,lane_first,False,reduction:138,320,,,,,,,,,,,
163,9,277,277,328,277,0,9,lane_first,False,reduction:138,320,,,,,,,,,,,
163,9,278,278,328,278,0,9,lane_first,False,reduction:139,320,,,,,,,,,,,
163,9,279,279,328,279,0,9,lane_first,False,reduction:139,320,,,,,,,,,,,
163,9,280,280,328,280,0,9,lane_first,False,reduction:140,320,,,,,,,,,,,
163,9,281,281,328,281,0,9,lane_first,False,reduction:140,320,,,,,,,,,,,
163,9,282,282,328,282,0,9,lane_first,False,reduction:141,320,,,,,,,,,,,
163,9,283,283,328,283,0,9,lane_first,False,reduction:141,320,,,,,,,,,,,
163,9,284,284,328,284,0,9,lane_first,False,reduction:142,320,,,,,,,,,,,
163,9,285,285,328,285,0,9,lane_first,False,reduction:142,320,,,,,,,,,,,
163,9,286,286,328,286,0,9,lane_first,False,reduction:143,320,,,,,,,,,,,
163,9,287,287,328,287,0,9,lane_first,False,reduction:143,320,,,,,,,,,,,
163,9,288,288,328,288,0,9,lane_first,False,reduction:144,320,,,,,,,,,,,
163,9,289,289,328,289,0,9,lane_first,False,reduction:144,324,,,,,,,,,,,
163,9,290,290,328,290,0,9,lane_first,False,reduction:145,324,,,,,,,,,,,
163,9,291,291,328,291,0,9,lane_first,False,reduction:145,324,,,,,,,,,,,
163,9,292,292,328,292,0,9,lane_first,False,reduction:146,324,,,,,,,,,,,
163,9,293,293,328,293,0,9,lane_first,False,reduction:146,324,,,,,,,,,,,
163,9,294,294,328,294,0,9,lane_first,False,reduction:147,324,,,,,,,,,,,
163,9,295,295,328,295,0,9,lane_first,False,reduction:147,324,,,,,,,,,,,
163,9,296,296,328,296,0,9,lane_first,False,reduction:148,324,,,,,,,,,,,
163,9,297,297,328,297,0,9,lane_first,False,reduction:148,324,,,,,,,,,,,
163,9,298,298,328,298,0,9,lane_first,False,reduction:149,324,,,,,,,,,,,
163,9,299,299,328,299,0,9,lane_first,False,reduction:149,324,,,,,,,,,,,
163,9,300,300,328,300,0,9,lane_first,False,reduction:150,324,,,,,,,,,,,
163,9,301,301,328,301,0,9,lane_first,False,reduction:150,324,,,,,,,,,,,
163,9,302,302,328,302,0,9,lane_first,False,reduction:151,324,,,,,,,,,,,
163,9,303,303,328,303,0,9,lane_first,False,reduction:151,324,,,,,,,,,,,
163,9,304,304,328,304,0,9,lane_first,False,reduction:152,324,,,,,,,,,,,
163,9,305,305,328,305,0,9,lane_first,False,reduction:152,324,,,,,,,,,,,
163,9,306,306,328,306,0,9,lane_first,False,reduction:153,324,,,,,,,,,,,
163,9,307,307,328,307,0,9,lane_first,False,reduction:153,324,,,,,,,,,,,
163,9,308,308,328,308,0,9,lane_first,False,reduction:154,324,,,,,,,,,,,
163,9,309,309,328,309,0,9,lane_first,False,reduction:154,324,,,,,,,,,,,
163,9,310,310,328,310,0,9,lane_first,False,reduction:155,324,,,,,,,,,,,
163,9,311,311,328,311,0,9,lane_first,False,reduction:155,324,,,,,,,,,,,
163,9,312,312,328,312,0,9,lane_first,False,reduction:156,324,,,,,,,,,,,
163,9,313,313,328,313,0,9,lane_first,False,reduction:156,324,,,,,,,,,,,
163,9,314,314,328,314,0,9,lane_first,False,reduction:157,324,,,,,,,,,,,
163,9,315,315,328,315,0,9,lane_first,False,reduction:157,324,,,,,,,,,,,
163,9,316,316,328,316,0,9,lane_first,False,reduction:158,324,,,,,,,,,,,
163,9,317,317,328,317,0,9,lane_first,False,reduction:158,324,,,,,,,,,,,
163,9,318,318,328,318,0,9,lane_first,False,reduction:159,324,,,,,,,,,,,
163,9,319,319,328,319,0,9,lane_first,False,reduction:159,324,,,,,,,,,,,
163,9,320,320,328,320,0,9,lane_first,False,reduction:160,324,,,,,,,,,,,
163,9,321,321,328,321,0,9,lane_first,False,reduction:160,328,,,,,,,,,,,
163,9,322,322,328,322,0,9,lane_first,False,reduction:161,328,,,,,,,,,,,
163,9,323,323,328,323,0,9,lane_first,False,reduction:161,328,,,,,,,,,,,
163,9,324,324,328,324,0,9,lane_first,False,reduction:162,328,,,,,,,,,,,
163,9,325,325,328,325,0,9,lane_first,False,reduction:162,328,,,,,,,,,,,
163,9,326,326,328,326,0,9,lane_first,False,reduction:163,328,,,,,,,,,,,
163,9,327,327,328,327,0,9,lane_first,False,reduction:163,328,,,,,,,,,,,
163,9,328,328,328,328,0,9,lane_first,False,reduction:164,320,,,,,,,,,,,
163,10,1,1,328,33,32,0,lane_first,True,,259072,896256,257026114,354160,259072,3340354,1183019772640,91752939520,351188,h_u=2n,module_barriers,retain_all_square_workspace
163,10,2,2,328,34,16,1,lane_first,True,,126692,736380,220102386,268022,126692,1697134,454869248948,33956243224,265050,h_u=2n,module_barriers,retain_all_square_workspace
163,10,3,3,328,33,10,2,lane_first,True,,85808,668664,204388602,233052,85808,1181866,275436235032,19997726016,230080,h_u=2n,module_barriers,retain_all_square_workspace
163,10,4,4,328,36,8,2,lane_first,True,,61348,670140,202726638,235770,61348,873568,205961127360,14464017960,232798,h_u=2n,module_barriers,retain_all_square_workspace
163,10,5,5,328,35,6,3,lane_first,True,,45520,631704,189599846,225152,45520,689436,155227894272,10248919040,222180,h_u=2n,module_barriers,retain_all_square_workspace
163,10,6,6,328,36,5,3,lane_first,True,,37100,625060,186522818,224246,37100,575956,129155829176,8319526600,221274,h_u=2n,module_barriers,retain_all_square_workspace
163,10,7,7,328,35,4,3,lane_first,True,,29692,590080,175084290,213628,29692,473682,101191738296,6343042576,210656,h_u=2n,module_barriers,retain_all_square_workspace
163,10,8,8,328,40,4,3,lane_first,True,,28708,657508,194301098,238234,28708,462618,110211336612,6839221672,235262,h_u=2n,module_barriers,retain_all_square_workspace
163,10,9,9,328,36,3,4,lane_first,True,,21552,582832,168762942,219136,21552,383706,84083798016,4722819072,216164,h_u=2n,module_barriers,retain_all_square_workspace
163,10,10,10,328,40,3,4,lane_first,True,,20612,633468,182517174,238886,20612,375974,89814924964,4923918232,235914,h_u=2n,module_barriers,retain_all_square_workspace
163,10,11,11,328,33,2,4,lane_first,True,,20540,571016,174100466,199132,20540,351874,70069373368,4090171280,196160,h_u=2n,module_barriers,retain_all_square_workspace
163,10,12,12,328,36,2,4,lane_first,True,,14404,544956,153129018,214026,14404,284298,60847163748,3082830504,211054,h_u=2n,module_barriers,retain_all_square_workspace
163,10,13,13,328,39,2,4,lane_first,True,,12880,572144,158169222,228920,12880,270176,61848689920,2948489600,225948,h_u=2n,module_barriers,retain_all_square_workspace
163,10,14,14,328,42,2,4,lane_first,True,,12504,608804,167836494,243814,12504,265960,64844771440,3048650256,240842,h_u=2n,module_barriers,retain_all_square_workspace
163,10,15,15,328,45,2,4,lane_first,True,,12416,647448,178472950,258708,12416,264912,68534853696,3212118528,255736,h_u=2n,module_barriers,retain_all_square_workspace
163,10,16,16,328,40,2,4,lane_first,True,,12400,614220,175922462,234754,12400,261928,61488645712,2910949600,231782,h_u=2n,module_barriers,retain_all_square_workspace
163,10,17,17,328,34,1,5,lane_first,True,,12392,522984,147775378,205944,12392,256228,52768619232,2552058048,202972,h_u=2n,module_barriers,retain_all_square_workspace
163,10,18,18,328,36,1,5,lane_first,True,,8304,500164,131126986,215982,8304,213988,46217556216,1793514528,213010,h_u=2n,module_barriers,retain_all_square_workspace
163,10,19,19,328,38,1,5,lane_first,True,,6264,501920,126483970,226020,6264,194276,43910261520,1415789280,223048,h_u=2n,module_barriers,retain_all_square_workspace
163,10,20,20,328,40,1,5,lane_first,True,,5244,513916,126843194,236058,5244,183016,43202390928,1237888152,233086,h_u=2n,module_barriers,retain_all_square_workspace
163,10,21,21,328,42,1,5,lane_first,True,,4740,530520,129453426,246096,4740,180200,44346499200,1166495040,243124,h_u=2n,module_barriers,retain_all_square_workspace
163,10,22,22,328,44,1,5,lane_first,True,,4488,549428,133189162,256134,4488,177388,45435097992,1149529392,253162,h_u=2n,module_barriers,retain_all_square_workspace
163,10,23,23,328,46,1,5,lane_first,True,,4488,570000,137737762,266172,4488,177388,47215718736,1194579936,263200,h_u=2n,module_barriers,retain_all_square_workspace
163,10,24,24,328,48,1,5,lane_first,True,,4364,591084,142536474,276210,4364,175984,48608540640,1205380440,273238,h_u=2n,module_barriers,retain_all_square_workspace
163,10,25,25,328,50,1,5,lane_first,True,,4368,612552,147522774,286248,4368,178750,51166830000,1250331264,283276,h_u=2n,module_barriers,retain_all_square_workspace
163,10,26,26,328,52,1,5,lane_first,True,,4308,634340,152665390,296286,4308,178050,52753722300,1276400088,293314,h_u=2n,module_barriers,retain_all_square_workspace
163,10,27,27,328,54,1,5,lane_first,True,,4308,656224,157854902,306324,4308,178050,54540988200,1319643792,303352,h_u=2n,module_barriers,retain_all_square_workspace
163,10,28,28,328,56,1,5,lane_first,True,,4280,678236,163106942,316362,4280,177702,56218160124,1354029360,313390,h_u=2n,module_barriers,retain_all_square_workspace
163,10,29,29,328,58,1,5,lane_first,True,,4280,700312,168390246,326400,4280,177702,58001932800,1396992000,323428,h_u=2n,module_barriers,retain_all_square_workspace
163,10,30,30,328,58,1,5,lane_first,True,,4268,704292,170314286,326726,4268,177530,58003666780,1394466568,323754,h_u=2n,module_barriers,retain_all_square_workspace
163,10,31,31,328,49,1,5,lane_first,True,,4268,626840,157121638,283348,4268,177530,50302770440,1209329264,280376,h_u=2n,module_barriers,retain_all_square_workspace
163,10,32,32,328,40,1,5,lane_first,True,,4260,549388,143928990,239970,4260,171906,41252282820,1022272200,236998,h_u=2n,module_barriers,retain_all_square_workspace
163,10,33,33,328,33,0,6,lane_first,True,,4248,485960,132110338,206304,4248,163394,33708835776,876379392,203332,h_u=2n,module_barriers,retain_all_square_workspace
163,10,34,34,328,34,0,6,lane_first,True,,4252,478628,125787690,211486,4252,166206,35150242116,899238472,208514,h_u=2n,module_barriers,retain_all_square_workspace
163,10,35,35,328,35,0,6,lane_first,True,,4256,471296,119465042,216668,4256,169018,36620792024,922139008,213696,h_u=2n,module_barriers,retain_all_square_workspace
163,10,36,36,328,36,0,6,lane_first,True,,4256,463964,113142394,221850,4256,169018,37496643300,944193600,218878,h_u=2n,module_barriers,retain_all_square_workspace
163,10,37,37,328,37,0,6,lane_first,True,,2212,461752,109320866,227032,2212,149302,33896331664,502194784,224060,h_u=2n,module_barriers,retain_all_square_workspace
163,10,38,38,328,38,0,6,lane_first,True,,2212,463636,107500234,232214,2212,149302,34670014628,513657368,229242,h_u=2n,module_barriers,retain_all_square_workspace
163,10,39,39,328,39,0,6,lane_first,True,,2212,465520,105679602,237396,2212,149302,35443697592,525119952,234424,h_u=2n,module_barriers,retain_all_square_workspace
163,10,40,40,328,40,0,6,lane_first,True,,2212,467404,103858970,242578,2212,149302,36217380556,536582536,239606,h_u=2n,module_barriers,retain_all_square_workspace
163,10,41,41,328,41,0,6,lane_first,True,,1192,469288,102038338,247760,1192,140850,34896996000,295329920,244788,h_u=2n,module_barriers,retain_all_square_workspace
163,10,42,42,328,42,0,6,lane_first,True,,1192,475268,102218602,252942,1192,140850,35626880700,301506864,249970,h_u=2n,module_barriers,retain_all_square_workspace
163,10,43,43,328,43,0,6,lane_first,True,,1192,481248,102398866,258124,1192,140850,36356765400,307683808,255152,h_u=2n,module_barriers,retain_all_square_workspace
163,10,44,44,328,44,0,6,lane_first,True,,1192,487228,102579130,263306,1192,140850,37086650100,313860752,260334,h_u=2n,module_barriers,retain_all_square_workspace
163,10,45,45,328,45,0,6,lane_first,True,,1192,493208,102759394,268488,1192,140850,37816534800,320037696,265516,h_u=2n,module_barriers,retain_all_square_workspace
163,10,46,46,328,46,0,6,lane_first,True,,1192,499188,102939658,273670,1192,140850,38546419500,326214640,270698,h_u=2n,module_barriers,retain_all_square_workspace
163,10,47,47,328,47,0,6,lane_first,True,,680,505424,103244978,278852,680,135218,37705809736,189619360,275880,h_u=2n,module_barriers,retain_all_square_workspace
163,10,48,48,328,48,0,6,lane_first,True,,680,513196,104300634,284034,680,135218,38406509412,193143120,281062,h_u=2n,module_barriers,retain_all_square_workspace
163,10,49,49,328,49,0,6,lane_first,True,,684,520968,105356294,289216,684,137984,39907180544,197823744,286244,h_u=2n,module_barriers,retain_all_square_workspace
163,10,50,50,328,50,0,6,lane_first,True,,684,528740,106411950,294398,684,137984,40622213632,201368232,291426,h_u=2n,module_barriers,retain_all_square_workspace
163,10,51,51,328,51,0,6,lane_first,True,,684,536512,107467606,299580,684,137984,41337246720,204912720,296608,h_u=2n,module_barriers,retain_all_square_workspace
163,10,52,52,328,52,0,6,lane_first,True,,684,544284,108523262,304762,684,137984,42052279808,208457208,301790,h_u=2n,module_barriers,retain_all_square_workspace
163,10,53,53,328,53,0,6,lane_first,True,,684,552056,109578918,309944,684,137984,42767312896,212001696,306972,h_u=2n,module_barriers,retain_all_square_workspace
163,10,54,54,328,54,0,6,lane_first,True,,684,559828,110634574,315126,684,137984,43482345984,215546184,312154,h_u=2n,module_barriers,retain_all_square_workspace
163,10,55,55,328,55,0,6,lane_first,True,,428,567856,111815286,320308,428,135168,43295391744,137091824,317336,h_u=2n,module_barriers,retain_all_square_workspace
163,10,56,56,328,56,0,6,lane_first,True,,428,576396,113246110,325490,428,135168,43995832320,139309720,322518,h_u=2n,module_barriers,retain_all_square_workspace
163,10,57,57,328,57,0,6,lane_first,True,,428,584936,114676934,330672,428,135168,44696272896,141527616,327700,h_u=2n,module_barriers,retain_all_square_workspace
163,10,58,58,328,58,0,6,lane_first,True,,428,593476,116107758,335854,428,135168,45396713472,143745512,332882,h_u=2n,module_barriers,retain_all_square_workspace
163,10,59,59,328,59,0,6,lane_first,True,,428,602016,117538582,341036,428,135168,46097154048,145963408,338064,h_u=2n,module_barriers,retain_all_square_workspace
163,10,60,60,328,60,0,6,lane_first,True,,428,610556,118969406,346218,428,135168,46797594624,148181304,343246,h_u=2n,module_barriers,retain_all_square_workspace
163,10,61,61,328,61,0,6,lane_first,True,,428,619096,120400230,351400,428,135168,47498035200,150399200,348428,h_u=2n,module_barriers,retain_all_square_workspace
163,10,62,62,328,62,0,6,lane_first,True,,428,627636,121831054,356582,428,135168,48198475776,152617096,353610,h_u=2n,module_barriers,retain_all_square_workspace
163,10,63,63,328,63,0,6,lane_first,True,,428,636176,123261878,361764,428,135168,48898916352,154834992,358792,h_u=2n,module_barriers,retain_all_square_workspace
163,10,64,64,328,64,0,6,lane_first,True,,428,644716,124692702,366946,428,135168,49599356928,157052888,363974,h_u=2n,module_barriers,retain_all_square_workspace
163,10,65,65,328,65,0,7,lane_first,True,,448,664128,128505422,378216,448,150236,56821658976,169440768,375244,h_u=2n,module_barriers,retain_all_square_workspace
163,10,66,66,328,66,0,7,lane_first,True,,324,672796,129998774,383398,324,151640,58138472720,124220952,380426,h_u=2n,module_barriers,retain_all_square_workspace
163,10,67,67,328,67,0,7,lane_first,True,,328,681656,131585918,388580,328,154452,60016958160,127454240,385608,h_u=2n,module_barriers,retain_all_square_workspace
163,10,68,68,328,68,0,7,lane_first,True,,328,690516,133173062,393762,328,154452,60817328424,129153936,390790,h_u=2n,module_barriers,retain_all_square_workspace
163,10,69,69,328,69,0,7,lane_first,True,,332,699376,134760206,398944,332,157264,62739529216,132449408,395972,h_u=2n,module_barriers,retain_all_square_workspace
163,10,70,70,328,70,0,7,lane_first,True,,332,708236,136347350,404126,332,157264,63554471264,134169832,401154,h_u=2n,module_barriers,retain_all_square_workspace
163,10,71,71,328,71,0,7,lane_first,True,,332,717096,137934494,409308,332,157264,64369413312,135890256,406336,h_u=2n,module_barriers,retain_all_square_workspace
163,10,72,72,328,72,0,7,lane_first,True,,332,725956,139521638,414490,332,157264,65184355360,137610680,411518,h_u=2n,module_barriers,retain_all_square_workspace
163,10,73,73,328,73,0,7,lane_first,True,,336,734816,141108782,419672,336,160076,67179415072,141009792,416700,h_u=2n,module_barriers,retain_all_square_workspace
163,10,74,74,328,74,0,7,lane_first,True,,336,743676,142695926,424854,336,160076,68008928904,142750944,421882,h_u=2n,module_barriers,retain_all_square_workspace
163,10,75,75,328,75,0,7,lane_first,True,,336,752536,144283070,430036,336,160076,68838442736,144492096,427064,h_u=2n,module_barriers,retain_all_square_workspace
163,10,76,76,328,76,0,7,lane_first,True,,336,761396,145870214,435218,336,160076,69667956568,146233248,432246,h_u=2n,module_barriers,retain_all_square_workspace
163,10,77,77,328,77,0,7,lane_first,True,,336,770256,147457358,440400,336,160076,70497470400,147974400,437428,h_u=2n,module_barriers,retain_all_square_workspace
163,10,78,78,328,78,0,7,lane_first,True,,336,779116,149044502,445582,336,160076,71326984232,149715552,442610,h_u=2n,module_barriers,retain_all_square_workspace
163,10,79,79,328,79,0,7,lane_first,True,,336,787976,150631646,450764,336,160076,72156498064,151456704,447792,h_u=2n,module_barriers,retain_all_square_workspace
163,10,80,80,328,80,0,7,lane_first,True,,336,796836,152218790,455946,336,160076,72986011896,153197856,452974,h_u=2n,module_barriers,retain_all_square_workspace
163,10,81,81,328,81,0,7,lane_first,True,,340,805696,153805934,461128,340,162888,75112217664,156783520,458156,h_u=2n,module_barriers,retain_all_square_workspace
163,10,82,82,328,82,0,7,lane_first,True,,276,814556,155393078,466310,276,162184,75628021040,128701560,463338,h_u=2n,module_barriers,retain_all_square_workspace
163,10,83,83,328,83,0,7,lane_first,True,,276,823544,157042750,471492,276,162184,76468458528,130131792,468520,h_u=2n,module_barriers,retain_all_square_workspace
163,10,84,84,328,84,0,7,lane_first,True,,276,832532,158692422,476674,276,162184,77308896016,131562024,473702,h_u=2n,module_barriers,retain_all_square_workspace
163,10,85,85,328,85,0,7,lane_first,True,,276,841520,160342094,481856,276,162184,78149333504,132992256,478884,h_u=2n,module_barriers,retain_all_square_workspace
163,10,86,86,328,86,0,7,lane_first,True,,276,850508,161991766,487038,276,162184,78989770992,134422488,484066,h_u=2n,module_barriers,retain_all_square_workspace
163,10,87,87,328,87,0,7,lane_first,True,,276,859496,163641438,492220,276,162184,79830208480,135852720,489248,h_u=2n,module_barriers,retain_all_square_workspace
163,10,88,88,328,88,0,7,lane_first,True,,276,868484,165291110,497402,276,162184,80670645968,137282952,494430,h_u=2n,module_barriers,retain_all_square_workspace
163,10,89,89,328,89,0,7,lane_first,True,,276,877472,166940782,502584,276,162184,81511083456,138713184,499612,h_u=2n,module_barriers,retain_all_square_workspace
163,10,90,90,328,90,0,7,lane_first,True,,276,886460,168590454,507766,276,162184,82351520944,140143416,504794,h_u=2n,module_barriers,retain_all_square_workspace
163,10,91,91,328,91,0,7,lane_first,True,,276,895448,170240126,512948,276,162184,83191958432,141573648,509976,h_u=2n,module_barriers,retain_all_square_workspace
163,10,92,92,328,92,0,7,lane_first,True,,276,904436,171889798,518130,276,162184,84032395920,143003880,515158,h_u=2n,module_barriers,retain_all_square_workspace
163,10,93,93,328,93,0,7,lane_first,True,,276,913424,173539470,523312,276,162184,84872833408,144434112,520340,h_u=2n,module_barriers,retain_all_square_workspace
163,10,94,94,328,94,0,7,lane_first,True,,276,922412,175189142,528494,276,162184,85713270896,145864344,525522,h_u=2n,module_barriers,retain_all_square_workspace
163,10,95,95,328,95,0,7,lane_first,True,,276,931400,176838814,533676,276,162184,86553708384,147294576,530704,h_u=2n,module_barriers,retain_all_square_workspace
163,10,96,96,328,96,0,7,lane_first,True,,276,940388,178488486,538858,276,162184,87394145872,148724808,535886,h_u=2n,module_barriers,retain_all_square_workspace
163,10,97,97,328,97,0,7,lane_first,True,,280,949376,180138162,544040,280,164950,89739398000,152331200,541068,h_u=2n,module_barriers,retain_all_square_workspace
163,10,98,98,328,98,0,7,lane_first,True,,280,958364,181787834,549222,280,164950,90594168900,153782160,546250,h_u=2n,module_barriers,retain_all_square_workspace
163,10,99,99,328,99,0,7,lane_first,True,,280,967352,183437506,554404,280,164950,91448939800,155233120,551432,h_u=2n,module_barriers,retain_all_square_workspace
163,10,100,100,328,100,0,7,lane_first,True,,280,976340,185087178,559586,280,164950,92303710700,156684080,556614,h_u=2n,module_barriers,retain_all_square_workspace
163,10,101,101,328,101,0,7,lane_first,True,,280,985328,186736850,564768,280,164950,93158481600,158135040,561796,h_u=2n,module_barriers,retain_all_square_workspace
163,10,102,102,328,102,0,7,lane_first,True,,280,994316,188386522,569950,280,164950,94013252500,159586000,566978,h_u=2n,module_barriers,retain_all_square_workspace
163,10,103,103,328,103,0,7,lane_first,True,,280,1003304,190036194,575132,280,164950,94868023400,161036960,572160,h_u=2n,module_barriers,retain_all_square_workspace
163,10,104,104,328,104,0,7,lane_first,True,,280,1012292,191685866,580314,280,164950,95722794300,162487920,577342,h_u=2n,module_barriers,retain_all_square_workspace
163,10,105,105,328,105,0,7,lane_first,True,,280,1021280,193335538,585496,280,164950,96577565200,163938880,582524,h_u=2n,module_barriers,retain_all_square_workspace
163,10,106,106,328,106,0,7,lane_first,True,,280,1030268,194985210,590678,280,164950,97432336100,165389840,587706,h_u=2n,module_barriers,retain_all_square_workspace
163,10,107,107,328,107,0,7,lane_first,True,,280,1039256,196634882,595860,280,164950,98287107000,166840800,592888,h_u=2n,module_barriers,retain_all_square_workspace
163,10,108,108,328,108,0,7,lane_first,True,,280,1048244,198284554,601042,280,164950,99141877900,168291760,598070,h_u=2n,module_barriers,retain_all_square_workspace
163,10,109,109,328,109,0,7,lane_first,True,,280,1057232,199934226,606224,280,164950,99996648800,169742720,603252,h_u=2n,module_barriers,retain_all_square_workspace
163,10,110,110,328,110,0,7,lane_first,True,,248,1066252,201599530,611406,248,164598,100636204788,151628688,608434,h_u=2n,module_barriers,retain_all_square_workspace
163,10,111,111,328,111,0,7,lane_first,True,,248,1075288,203272650,616588,248,164598,101489151624,152913824,613616,h_u=2n,module_barriers,retain_all_square_workspace
163,10,112,112,328,112,0,7,lane_first,True,,248,1084324,204945770,621770,248,164598,102342098460,154198960,618798,h_u=2n,module_barriers,retain_all_square_workspace
163,10,113,113,328,113,0,7,lane_first,True,,248,1093360,206618890,626952,248,164598,103195045296,155484096,623980,h_u=2n,module_barriers,retain_all_square_workspace
163,10,114,114,328,114,0,7,lane_first,True,,248,1102396,208292010,632134,248,164598,104047992132,156769232,629162,h_u=2n,module_barriers,retain_all_square_workspace
163,10,115,115,328,115,0,7,lane_first,True,,248,1111432,209965130,637316,248,164598,104900938968,158054368,634344,h_u=2n,module_barriers,retain_all_square_workspace
163,10,116,116,328,116,0,7,lane_first,True,,248,1120468,211638250,642498,248,164598,105753885804,159339504,639526,h_u=2n,module_barriers,retain_all_square_workspace
163,10,117,117,328,117,0,7,lane_first,True,,248,1129504,213311370,647680,248,164598,106606832640,160624640,644708,h_u=2n,module_barriers,retain_all_square_workspace
163,10,118,118,328,118,0,7,lane_first,True,,248,1138540,214984490,652862,248,164598,107459779476,161909776,649890,h_u=2n,module_barriers,retain_all_square_workspace
163,10,119,119,328,119,0,7,lane_first,True,,248,1147576,216657610,658044,248,164598,108312726312,163194912,655072,h_u=2n,module_barriers,retain_all_square_workspace
163,10,120,120,328,120,0,7,lane_first,True,,248,1156612,218330730,663226,248,164598,109165673148,164480048,660254,h_u=2n,module_barriers,retain_all_square_workspace
163,10,121,121,328,121,0,7,lane_first,True,,248,1165648,220003850,668408,248,164598,110018619984,165765184,665436,h_u=2n,module_barriers,retain_all_square_workspace
163,10,122,122,328,122,0,7,lane_first,True,,248,1174684,221676970,673590,248,164598,110871566820,167050320,670618,h_u=2n,module_barriers,retain_all_square_workspace
163,10,123,123,328,123,0,7,lane_first,True,,248,1183720,223350090,678772,248,164598,111724513656,168335456,675800,h_u=2n,module_barriers,retain_all_square_workspace
163,10,124,124,328,124,0,7,lane_first,True,,248,1192756,225023210,683954,248,164598,112577460492,169620592,680982,h_u=2n,module_barriers,retain_all_square_workspace
163,10,125,125,328,125,0,7,lane_first,True,,248,1201792,226696330,689136,248,164598,113430407328,170905728,686164,h_u=2n,module_barriers,retain_all_square_workspace
163,10,126,126,328,126,0,7,lane_first,True,,248,1210828,228369450,694318,248,164598,114283354164,172190864,691346,h_u=2n,module_barriers,retain_all_square_workspace
163,10,127,127,328,127,0,7,lane_first,True,,248,1219864,230042570,699500,248,164598,115136301000,173476000,696528,h_u=2n,module_barriers,retain_all_square_workspace
163,10,128,128,328,128,0,7,lane_first,True,,248,1228900,231715690,704682,248,164598,115989247836,174761136,701710,h_u=2n,module_barriers,retain_all_square_workspace
163,10,129,129,328,129,0,8,lane_first,True,,268,1248808,235770706,715952,268,179666,128632232032,191875136,712980,h_u=2n,module_barriers,retain_all_square_workspace
163,10,130,130,328,130,0,8,lane_first,True,,272,1257844,237443826,721134,272,182478,131591090052,196148448,718162,h_u=2n,module_barriers,retain_all_square_workspace
163,10,131,131,328,131,0,8,lane_first,True,,276,1266880,239116946,726316,276,185290,134579091640,200463216,723344,h_u=2n,module_barriers,retain_all_square_workspace
163,10,132,132,328,132,0,8,lane_first,True,,276,1275916,240790066,731498,276,185290,135539264420,201893448,728526,h_u=2n,module_barriers,retain_all_square_workspace
163,10,133,133,328,133,0,8,lane_first,True,,280,1284952,242463186,736680,280,188102,138570981360,206270400,733708,h_u=2n,module_barriers,retain_all_square_workspace
163,10,134,134,328,134,0,8,lane_first,True,,280,1293988,244136306,741862,280,188102,139545725924,207721360,738890,h_u=2n,module_barriers,retain_all_square_workspace
163,10,135,135,328,135,0,8,lane_first,True,,280,1303024,245809426,747044,280,188102,140520470488,209172320,744072,h_u=2n,module_barriers,retain_all_square_workspace
163,10,136,136,328,136,0,8,lane_first,True,,280,1312060,247482546,752226,280,188102,141495215052,210623280,749254,h_u=2n,module_barriers,retain_all_square_workspace
163,10,137,137,328,137,0,8,lane_first,True,,284,1321096,249155666,757408,284,190914,144599790912,215103872,754436,h_u=2n,module_barriers,retain_all_square_workspace
163,10,138,138,328,138,0,8,lane_first,True,,284,1330132,250828786,762590,284,190914,145589107260,216575560,759618,h_u=2n,module_barriers,retain_all_square_workspace
163,10,139,139,328,139,0,8,lane_first,True,,284,1339168,252501906,767772,284,190914,146578423608,218047248,764800,h_u=2n,module_barriers,retain_all_square_workspace
163,10,140,140,328,140,0,8,lane_first,True,,284,1348204,254175026,772954,284,190914,147567739956,219518936,769982,h_u=2n,module_barriers,retain_all_square_workspace
163,10,141,141,328,141,0,8,lane_first,True,,284,1357240,255848146,778136,284,190914,148557056304,220990624,775164,h_u=2n,module_barriers,retain_all_square_workspace
163,10,142,142,328,142,0,8,lane_first,True,,284,1366276,257521266,783318,284,190914,149546372652,222462312,780346,h_u=2n,module_barriers,retain_all_square_workspace
163,10,143,143,328,143,0,8,lane_first,True,,284,1375312,259194386,788500,284,190914,150535689000,223934000,785528,h_u=2n,module_barriers,retain_all_square_workspace
163,10,144,144,328,144,0,8,lane_first,True,,284,1384348,260867506,793682,284,190914,151525005348,225405688,790710,h_u=2n,module_barriers,retain_all_square_workspace
163,10,145,145,328,145,0,8,lane_first,True,,288,1393384,262540626,798864,288,193726,154760727264,230072832,795892,h_u=2n,module_barriers,retain_all_square_workspace
163,10,146,146,328,146,0,8,lane_first,True,,288,1402420,264213746,804046,288,193726,155764615396,231565248,801074,h_u=2n,module_barriers,retain_all_square_workspace
163,10,147,147,328,147,0,8,lane_first,True,,288,1411456,265886866,809228,288,193726,156768503528,233057664,806256,h_u=2n,module_barriers,retain_all_square_workspace
163,10,148,148,328,148,0,8,lane_first,True,,288,1420492,267559986,814410,288,193726,157772391660,234550080,811438,h_u=2n,module_barriers,retain_all_square_workspace
163,10,149,149,328,149,0,8,lane_first,True,,288,1429528,269233106,819592,288,193726,158776279792,236042496,816620,h_u=2n,module_barriers,retain_all_square_workspace
163,10,150,150,328,150,0,8,lane_first,True,,288,1438564,270906226,824774,288,193726,159780167924,237534912,821802,h_u=2n,module_barriers,retain_all_square_workspace
163,10,151,151,328,151,0,8,lane_first,True,,288,1447600,272579346,829956,288,193726,160784056056,239027328,826984,h_u=2n,module_barriers,retain_all_square_workspace
163,10,152,152,328,152,0,8,lane_first,True,,288,1456636,274252466,835138,288,193726,161787944188,240519744,832166,h_u=2n,module_barriers,retain_all_square_workspace
163,10,153,153,328,153,0,8,lane_first,True,,288,1465672,275925586,840320,288,193726,162791832320,242012160,837348,h_u=2n,module_barriers,retain_all_square_workspace
163,10,154,154,328,154,0,8,lane_first,True,,288,1474708,277598706,845502,288,193726,163795720452,243504576,842530,h_u=2n,module_barriers,retain_all_square_workspace
163,10,155,155,328,155,0,8,lane_first,True,,288,1483744,279271826,850684,288,193726,164799608584,244996992,847712,h_u=2n,module_barriers,retain_all_square_workspace
163,10,156,156,328,156,0,8,lane_first,True,,288,1492780,280944946,855866,288,193726,165803496716,246489408,852894,h_u=2n,module_barriers,retain_all_square_workspace
163,10,157,157,328,157,0,8,lane_first,True,,288,1501816,282618066,861048,288,193726,166807384848,247981824,858076,h_u=2n,module_barriers,retain_all_square_workspace
163,10,158,158,328,158,0,8,lane_first,True,,288,1510852,284291186,866230,288,193726,167811272980,249474240,863258,h_u=2n,module_barriers,retain_all_square_workspace
163,10,159,159,328,159,0,8,lane_first,True,,288,1519888,285964306,871412,288,193726,168815161112,250966656,868440,h_u=2n,module_barriers,retain_all_square_workspace
163,10,160,160,328,160,0,8,lane_first,True,,288,1528924,287637426,876594,288,193726,169819049244,252459072,873622,h_u=2n,module_barriers,retain_all_square_workspace
163,10,161,161,328,161,0,8,lane_first,True,,292,1537960,289310546,881776,292,196538,173302491488,257478592,878804,h_u=2n,module_barriers,retain_all_square_workspace
163,10,162,162,328,162,0,8,lane_first,True,,292,1546996,290983666,886958,292,196538,174320951404,258991736,883986,h_u=2n,module_barriers,retain_all_square_workspace
163,10,163,163,328,163,0,8,lane_first,True,,292,1556032,292656786,892140,292,196538,175339411320,260504880,889168,h_u=2n,module_barriers,retain_all_square_workspace
163,10,164,164,328,164,0,8,lane_first,True,,276,1565068,294329906,897322,276,196362,176199942564,247660872,894350,h_u=2n,module_barriers,retain_all_square_workspace
163,10,165,165,328,165,0,8,lane_first,True,,276,1574120,296010842,902504,276,196362,177217490448,249091104,899532,h_u=2n,module_barriers,retain_all_square_workspace
163,10,166,166,328,166,0,8,lane_first,False,reduction:83,276,,,,,,,,,,,
163,10,167,167,328,167,0,8,lane_first,False,reduction:83,276,,,,,,,,,,,
163,10,168,168,328,168,0,8,lane_first,False,reduction:84,276,,,,,,,,,,,
163,10,169,169,328,169,0,8,lane_first,False,reduction:84,276,,,,,,,,,,,
163,10,170,170,328,170,0,8,lane_first,False,reduction:85,276,,,,,,,,,,,
163,10,171,171,328,171,0,8,lane_first,False,reduction:85,276,,,,,,,,,,,
163,10,172,172,328,172,0,8,lane_first,False,reduction:86,276,,,,,,,,,,,
163,10,173,173,328,173,0,8,lane_first,False,reduction:86,276,,,,,,,,,,,
163,10,174,174,328,174,0,8,lane_first,False,reduction:87,276,,,,,,,,,,,
163,10,175,175,328,175,0,8,lane_first,False,reduction:87,276,,,,,,,,,,,
163,10,176,176,328,176,0,8,lane_first,False,reduction:88,276,,,,,,,,,,,
163,10,177,177,328,177,0,8,lane_first,False,reduction:88,276,,,,,,,,,,,
163,10,178,178,328,178,0,8,lane_first,False,reduction:89,276,,,,,,,,,,,
163,10,179,179,328,179,0,8,lane_first,False,reduction:89,276,,,,,,,,,,,
163,10,180,180,328,180,0,8,lane_first,False,reduction:90,276,,,,,,,,,,,
163,10,181,181,328,181,0,8,lane_first,False,reduction:90,276,,,,,,,,,,,
163,10,182,182,328,182,0,8,lane_first,False,reduction:91,276,,,,,,,,,,,
163,10,183,183,328,183,0,8,lane_first,False,reduction:91,276,,,,,,,,,,,
163,10,184,184,328,184,0,8,lane_first,False,reduction:92,276,,,,,,,,,,,
163,10,185,185,328,185,0,8,lane_first,False,reduction:92,276,,,,,,,,,,,
163,10,186,186,328,186,0,8,lane_first,False,reduction:93,276,,,,,,,,,,,
163,10,187,187,328,187,0,8,lane_first,False,reduction:93,276,,,,,,,,,,,
163,10,188,188,328,188,0,8,lane_first,False,reduction:94,276,,,,,,,,,,,
163,10,189,189,328,189,0,8,lane_first,False,reduction:94,276,,,,,,,,,,,
163,10,190,190,328,190,0,8,lane_first,False,reduction:95,276,,,,,,,,,,,
163,10,191,191,328,191,0,8,lane_first,False,reduction:95,276,,,,,,,,,,,
163,10,192,192,328,192,0,8,lane_first,False,reduction:96,276,,,,,,,,,,,
163,10,193,193,328,193,0,8,lane_first,False,reduction:96,280,,,,,,,,,,,
163,10,194,194,328,194,0,8,lane_first,False,reduction:97,280,,,,,,,,,,,
163,10,195,195,328,195,0,8,lane_first,False,reduction:97,280,,,,,,,,,,,
163,10,196,196,328,196,0,8,lane_first,False,reduction:98,280,,,,,,,,,,,
163,10,197,197,328,197,0,8,lane_first,False,reduction:98,280,,,,,,,,,,,
163,10,198,198,328,198,0,8,lane_first,False,reduction:99,280,,,,,,,,,,,
163,10,199,199,328,199,0,8,lane_first,False,reduction:99,280,,,,,,,,,,,
163,10,200,200,328,200,0,8,lane_first,False,reduction:100,280,,,,,,,,,,,
163,10,201,201,328,201,0,8,lane_first,False,reduction:100,280,,,,,,,,,,,
163,10,202,202,328,202,0,8,lane_first,False,reduction:101,280,,,,,,,,,,,
163,10,203,203,328,203,0,8,lane_first,False,reduction:101,280,,,,,,,,,,,
163,10,204,204,328,204,0,8,lane_first,False,reduction:102,280,,,,,,,,,,,
163,10,205,205,328,205,0,8,lane_first,False,reduction:102,280,,,,,,,,,,,
163,10,206,206,328,206,0,8,lane_first,False,reduction:103,280,,,,,,,,,,,
163,10,207,207,328,207,0,8,lane_first,False,reduction:103,280,,,,,,,,,,,
163,10,208,208,328,208,0,8,lane_first,False,reduction:104,280,,,,,,,,,,,
163,10,209,209,328,209,0,8,lane_first,False,reduction:104,280,,,,,,,,,,,
163,10,210,210,328,210,0,8,lane_first,False,reduction:105,280,,,,,,,,,,,
163,10,211,211,328,211,0,8,lane_first,False,reduction:105,280,,,,,,,,,,,
163,10,212,212,328,212,0,8,lane_first,False,reduction:106,280,,,,,,,,,,,
163,10,213,213,328,213,0,8,lane_first,False,reduction:106,280,,,,,,,,,,,
163,10,214,214,328,214,0,8,lane_first,False,reduction:107,280,,,,,,,,,,,
163,10,215,215,328,215,0,8,lane_first,False,reduction:107,280,,,,,,,,,,,
163,10,216,216,328,216,0,8,lane_first,False,reduction:108,280,,,,,,,,,,,
163,10,217,217,328,217,0,8,lane_first,False,reduction:108,280,,,,,,,,,,,
163,10,218,218,328,218,0,8,lane_first,False,reduction:109,280,,,,,,,,,,,
163,10,219,219,328,219,0,8,lane_first,False,reduction:109,280,,,,,,,,,,,
163,10,220,220,328,220,0,8,lane_first,False,reduction:110,280,,,,,,,,,,,
163,10,221,221,328,221,0,8,lane_first,False,reduction:110,280,,,,,,,,,,,
163,10,222,222,328,222,0,8,lane_first,False,reduction:111,280,,,,,,,,,,,
163,10,223,223,328,223,0,8,lane_first,False,reduction:111,280,,,,,,,,,,,
163,10,224,224,328,224,0,8,lane_first,False,reduction:112,280,,,,,,,,,,,
163,10,225,225,328,225,0,8,lane_first,False,reduction:112,280,,,,,,,,,,,
163,10,226,226,328,226,0,8,lane_first,False,reduction:113,280,,,,,,,,,,,
163,10,227,227,328,227,0,8,lane_first,False,reduction:113,280,,,,,,,,,,,
163,10,228,228,328,228,0,8,lane_first,False,reduction:114,280,,,,,,,,,,,
163,10,229,229,328,229,0,8,lane_first,False,reduction:114,280,,,,,,,,,,,
163,10,230,230,328,230,0,8,lane_first,False,reduction:115,280,,,,,,,,,,,
163,10,231,231,328,231,0,8,lane_first,False,reduction:115,280,,,,,,,,,,,
163,10,232,232,328,232,0,8,lane_first,False,reduction:116,280,,,,,,,,,,,
163,10,233,233,328,233,0,8,lane_first,False,reduction:116,280,,,,,,,,,,,
163,10,234,234,328,234,0,8,lane_first,False,reduction:117,280,,,,,,,,,,,
163,10,235,235,328,235,0,8,lane_first,False,reduction:117,280,,,,,,,,,,,
163,10,236,236,328,236,0,8,lane_first,False,reduction:118,280,,,,,,,,,,,
163,10,237,237,328,237,0,8,lane_first,False,reduction:118,280,,,,,,,,,,,
163,10,238,238,328,238,0,8,lane_first,False,reduction:119,280,,,,,,,,,,,
163,10,239,239,328,239,0,8,lane_first,False,reduction:119,280,,,,,,,,,,,
163,10,240,240,328,240,0,8,lane_first,False,reduction:120,280,,,,,,,,,,,
163,10,241,241,328,241,0,8,lane_first,False,reduction:120,280,,,,,,,,,,,
163,10,242,242,328,242,0,8,lane_first,False,reduction:121,280,,,,,,,,,,,
163,10,243,243,328,243,0,8,lane_first,False,reduction:121,280,,,,,,,,,,,
163,10,244,244,328,244,0,8,lane_first,False,reduction:122,280,,,,,,,,,,,
163,10,245,245,328,245,0,8,lane_first,False,reduction:122,280,,,,,,,,,,,
163,10,246,246,328,246,0,8,lane_first,False,reduction:123,280,,,,,,,,,,,
163,10,247,247,328,247,0,8,lane_first,False,reduction:123,280,,,,,,,,,,,
163,10,248,248,328,248,0,8,lane_first,False,reduction:124,280,,,,,,,,,,,
163,10,249,249,328,249,0,8,lane_first,False,reduction:124,280,,,,,,,,,,,
163,10,250,250,328,250,0,8,lane_first,False,reduction:125,280,,,,,,,,,,,
163,10,251,251,328,251,0,8,lane_first,False,reduction:125,280,,,,,,,,,,,
163,10,252,252,328,252,0,8,lane_first,False,reduction:126,280,,,,,,,,,,,
163,10,253,253,328,253,0,8,lane_first,False,reduction:126,280,,,,,,,,,,,
163,10,254,254,328,254,0,8,lane_first,False,reduction:127,280,,,,,,,,,,,
163,10,255,255,328,255,0,8,lane_first,False,reduction:127,280,,,,,,,,,,,
163,10,256,256,328,256,0,8,lane_first,False,reduction:128,280,,,,,,,,,,,
163,10,257,257,328,257,0,9,lane_first,False,reduction:128,300,,,,,,,,,,,
163,10,258,258,328,258,0,9,lane_first,False,reduction:129,304,,,,,,,,,,,
163,10,259,259,328,259,0,9,lane_first,False,reduction:129,308,,,,,,,,,,,
163,10,260,260,328,260,0,9,lane_first,False,reduction:130,308,,,,,,,,,,,
163,10,261,261,328,261,0,9,lane_first,False,reduction:130,312,,,,,,,,,,,
163,10,262,262,328,262,0,9,lane_first,False,reduction:131,312,,,,,,,,,,,
163,10,263,263,328,263,0,9,lane_first,False,reduction:131,312,,,,,,,,,,,
163,10,264,264,328,264,0,9,lane_first,False,reduction:132,312,,,,,,,,,,,
163,10,265,265,328,265,0,9,lane_first,False,reduction:132,316,,,,,,,,,,,
163,10,266,266,328,266,0,9,lane_first,False,reduction:133,316,,,,,,,,,,,
163,10,267,267,328,267,0,9,lane_first,False,reduction:133,316,,,,,,,,,,,
163,10,268,268,328,268,0,9,lane_first,False,reduction:134,316,,,,,,,,,,,
163,10,269,269,328,269,0,9,lane_first,False,reduction:134,316,,,,,,,,,,,
163,10,270,270,328,270,0,9,lane_first,False,reduction:135,316,,,,,,,,,,,
163,10,271,271,328,271,0,9,lane_first,False,reduction:135,316,,,,,,,,,,,
163,10,272,272,328,272,0,9,lane_first,False,reduction:136,316,,,,,,,,,,,
163,10,273,273,328,273,0,9,lane_first,False,reduction:136,320,,,,,,,,,,,
163,10,274,274,328,274,0,9,lane_first,False,reduction:137,320,,,,,,,,,,,
163,10,275,275,328,275,0,9,lane_first,False,reduction:137,320,,,,,,,,,,,
163,10,276,276,328,276,0,9,lane_first,False,reduction:138,320,,,,,,,,,,,
163,10,277,277,328,277,0,9,lane_first,False,reduction:138,320,,,,,,,,,,,
163,10,278,278,328,278,0,9,lane_first,False,reduction:139,320,,,,,,,,,,,
163,10,279,279,328,279,0,9,lane_first,False,reduction:139,320,,,,,,,,,,,
163,10,280,280,328,280,0,9,lane_first,False,reduction:140,320,,,,,,,,,,,
163,10,281,281,328,281,0,9,lane_first,False,reduction:140,320,,,,,,,,,,,
163,10,282,282,328,282,0,9,lane_first,False,reduction:141,320,,,,,,,,,,,
163,10,283,283,328,283,0,9,lane_first,False,reduction:141,320,,,,,,,,,,,
163,10,284,284,328,284,0,9,lane_first,False,reduction:142,320,,,,,,,,,,,
163,10,285,285,328,285,0,9,lane_first,False,reduction:142,320,,,,,,,,,,,
163,10,286,286,328,286,0,9,lane_first,False,reduction:143,320,,,,,,,,,,,
163,10,287,287,328,287,0,9,lane_first,False,reduction:143,320,,,,,,,,,,,
163,10,288,288,328,288,0,9,lane_first,False,reduction:144,320,,,,,,,,,,,
163,10,289,289,328,289,0,9,lane_first,False,reduction:144,324,,,,,,,,,,,
163,10,290,290,328,290,0,9,lane_first,False,reduction:145,324,,,,,,,,,,,
163,10,291,291,328,291,0,9,lane_first,False,reduction:145,324,,,,,,,,,,,
163,10,292,292,328,292,0,9,lane_first,False,reduction:146,324,,,,,,,,,,,
163,10,293,293,328,293,0,9,lane_first,False,reduction:146,324,,,,,,,,,,,
163,10,294,294,328,294,0,9,lane_first,False,reduction:147,324,,,,,,,,,,,
163,10,295,295,328,295,0,9,lane_first,False,reduction:147,324,,,,,,,,,,,
163,10,296,296,328,296,0,9,lane_first,False,reduction:148,324,,,,,,,,,,,
163,10,297,297,328,297,0,9,lane_first,False,reduction:148,324,,,,,,,,,,,
163,10,298,298,328,298,0,9,lane_first,False,reduction:149,324,,,,,,,,,,,
163,10,299,299,328,299,0,9,lane_first,False,reduction:149,324,,,,,,,,,,,
163,10,300,300,328,300,0,9,lane_first,False,reduction:150,324,,,,,,,,,,,
163,10,301,301,328,301,0,9,lane_first,False,reduction:150,324,,,,,,,,,,,
163,10,302,302,328,302,0,9,lane_first,False,reduction:151,324,,,,,,,,,,,
163,10,303,303,328,303,0,9,lane_first,False,reduction:151,324,,,,,,,,,,,
163,10,304,304,328,304,0,9,lane_first,False,reduction:152,324,,,,,,,,,,,
163,10,305,305,328,305,0,9,lane_first,False,reduction:152,324,,,,,,,,,,,
163,10,306,306,328,306,0,9,lane_first,False,reduction:153,324,,,,,,,,,,,
163,10,307,307,328,307,0,9,lane_first,False,reduction:153,324,,,,,,,,,,,
163,10,308,308,328,308,0,9,lane_first,False,reduction:154,324,,,,,,,,,,,
163,10,309,309,328,309,0,9,lane_first,False,reduction:154,324,,,,,,,,,,,
163,10,310,310,328,310,0,9,lane_first,False,reduction:155,324,,,,,,,,,,,
163,10,311,311,328,311,0,9,lane_first,False,reduction:155,324,,,,,,,,,,,
163,10,312,312,328,312,0,9,lane_first,False,reduction:156,324,,,,,,,,,,,
163,10,313,313,328,313,0,9,lane_first,False,reduction:156,324,,,,,,,,,,,
163,10,314,314,328,314,0,9,lane_first,False,reduction:157,324,,,,,,,,,,,
163,10,315,315,328,315,0,9,lane_first,False,reduction:157,324,,,,,,,,,,,
163,10,316,316,328,316,0,9,lane_first,False,reduction:158,324,,,,,,,,,,,
163,10,317,317,328,317,0,9,lane_first,False,reduction:158,324,,,,,,,,,,,
163,10,318,318,328,318,0,9,lane_first,False,reduction:159,324,,,,,,,,,,,
163,10,319,319,328,319,0,9,lane_first,False,reduction:159,324,,,,,,,,,,,
163,10,320,320,328,320,0,9,lane_first,False,reduction:160,324,,,,,,,,,,,
163,10,321,321,328,321,0,9,lane_first,False,reduction:160,328,,,,,,,,,,,
163,10,322,322,328,322,0,9,lane_first,False,reduction:161,328,,,,,,,,,,,
163,10,323,323,328,323,0,9,lane_first,False,reduction:161,328,,,,,,,,,,,
163,10,324,324,328,324,0,9,lane_first,False,reduction:162,328,,,,,,,,,,,
163,10,325,325,328,325,0,9,lane_first,False,reduction:162,328,,,,,,,,,,,
163,10,326,326,328,326,0,9,lane_first,False,reduction:163,328,,,,,,,,,,,
163,10,327,327,328,327,0,9,lane_first,False,reduction:163,328,,,,,,,,,,,
163,10,328,328,328,328,0,9,lane_first,False,reduction:164,320,,,,,,,,,,,
163,11,1,1,328,30,29,0,lane_first,True,,469996,1047444,347887674,321328,469996,5615688,1804477793664,151022874688,318356,h_u=2n,module_barriers,retain_all_square_workspace
163,11,2,2,328,30,14,1,lane_first,True,,228944,882996,308539802,236422,228944,2786562,658804561164,54127398368,233450,h_u=2n,module_barriers,retain_all_square_workspace
163,11,3,3,328,30,9,2,lane_first,True,,155428,831364,295011710,212396,155428,1927226,409335093496,33012285488,209424,h_u=2n,module_barriers,retain_all_square_workspace
163,11,4,4,328,32,7,2,lane_first,True,,106616,804212,282103330,210258,106616,1351056,284070332448,22416866928,207286,h_u=2n,module_barriers,retain_all_square_workspace
163,11,5,5,328,30,5,3,lane_first,True,,90048,782460,279865034,194784,90048,1156016,225173420544,17539909632,191812,h_u=2n,module_barriers,retain_all_square_workspace
163,11,6,6,328,30,4,3,lane_first,True,,73692,763444,273482646,189022,73692,955240,180561375280,13929409224,186050,h_u=2n,module_barriers,retain_all_square_workspace
163,11,7,7,328,35,4,3,lane_first,True,,57408,784572,270079954,213628,57408,778518,166313243304,12263956224,210656,h_u=2n,module_barriers,retain_all_square_workspace
163,11,8,8,328,32,3,3,lane_first,True,,43012,688844,234444702,193298,43012,596734,115347488732,8314133576,190326,h_u=2n,module_barriers,retain_all_square_workspace
163,11,9,9,328,36,3,4,lane_first,True,,41140,761364,255958238,219136,41140,599134,131291828224,9015255040,216164,h_u=2n,module_barriers,retain_all_square_workspace
163,11,10,10,328,30,2,4,lane_first,True,,41008,719996,255098794,184238,41008,574334,105814147492,7555231904,181266,h_u=2n,module_barriers,retain_all_square_workspace
163,11,11,11,328,33,2,4,lane_first,True,,26688,644788,210116594,199132,26688,419462,83528306984,5314434816,196160,h_u=2n,module_barriers,retain_all_square_workspace
163,11,12,12,328,36,2,4,lane_first,True,,25160,680172,219158586,214026,25160,402574,86161302924,5384894160,211054,h_u=2n,module_barriers,retain_all_square_workspace
163,11,13,13,328,39,2,4,lane_first,True,,24788,728868,234703494,228920,24788,401124,91825306080,5674468960,225948,h_u=2n,module_barriers,retain_all_square_workspace
163,11,14,14,328,42,2,4,lane_first,True,,24700,779932,251405166,243814,24700,400076,97544129864,6022205800,240842,h_u=2n,module_barriers,retain_all_square_workspace
163,11,15,15,328,30,1,4,lane_first,True,,24652,668404,232714458,179780,24652,373512,67149987360,4431936560,176808,h_u=2n,module_barriers,retain_all_square_workspace
163,11,16,16,328,32,1,4,lane_first,True,,16464,563668,176048146,189818,16464,283404,53795180472,3125163552,186846,h_u=2n,module_barriers,retain_all_square_workspace
163,11,17,17,328,34,1,5,lane_first,True,,12396,547628,159780754,205944,12396,256232,52769443008,2552881824,202972,h_u=2n,module_barriers,retain_all_square_workspace
163,11,18,18,328,36,1,5,lane_first,True,,10356,551436,156138186,215982,10356,236520,51084062640,2236709592,213010,h_u=2n,module_barriers,retain_all_square_workspace
163,11,19,19,328,38,1,5,lane_first,True,,9340,567532,158498306,226020,9340,228072,51548833440,2111026800,223048,h_u=2n,module_barriers,retain_all_square_workspace
163,11,20,20,328,40,1,5,lane_first,True,,8832,588748,163359546,236058,8832,222444,52509685752,2084864256,233086,h_u=2n,module_barriers,retain_all_square_workspace
163,11,21,21,328,42,1,5,lane_first,True,,8584,612268,169346290,246096,8584,222444,54742578624,2112488064,243124,h_u=2n,module_barriers,retain_all_square_workspace
163,11,22,22,328,44,1,5,lane_first,True,,8460,636940,175895786,256134,8460,221040,56615859360,2166893640,253162,h_u=2n,module_barriers,retain_all_square_workspace
163,11,23,23,328,46,1,5,lane_first,True,,8460,662444,182851714,266172,8460,221040,58834658880,2251815120,263200,h_u=2n,module_barriers,retain_all_square_workspace
163,11,24,24,328,48,1,5,lane_first,True,,8400,688204,189932698,276210,8400,220340,60860111400,2320164000,273238,h_u=2n,module_barriers,retain_all_square_workspace
163,11,25,25,328,50,1,5,lane_first,True,,8404,714156,197107478,286248,8404,223106,63863646288,2405628192,283276,h_u=2n,module_barriers,retain_all_square_workspace
163,11,26,26,328,52,1,5,lane_first,True,,8376,740268,204360414,296286,8376,222758,66000076788,2481691536,293314,h_u=2n,module_barriers,retain_all_square_workspace
163,11,27,27,328,54,1,5,lane_first,True,,8376,766428,211636798,306324,8376,222758,68236121592,2565769824,303352,h_u=2n,module_barriers,retain_all_square_workspace
163,11,28,28,328,48,1,5,lane_first,True,,8364,720204,205476126,277514,8364,222586,61770731204,2321127096,274542,h_u=2n,module_barriers,retain_all_square_workspace
163,11,29,29,328,38,1,5,lane_first,True,,8360,637788,192596926,229280,8360,219774,50389782720,1916780800,226308,h_u=2n,module_barriers,retain_all_square_workspace
163,11,30,30,328,30,0,5,lane_first,True,,8324,554428,176708930,184670,8324,193382,35711853940,1537193080,181698,h_u=2n,module_barriers,retain_all_square_workspace
163,11,31,31,328,31,0,5,lane_first,True,,8324,526616,160381802,189852,8324,193382,36713959464,1580328048,186880,h_u=2n,module_barriers,retain_all_square_workspace
163,11,32,32,328,32,0,5,lane_first,True,,8324,498804,144054674,195034,8324,193382,37716064988,1623463016,192062,h_u=2n,module_barriers,retain_all_square_workspace
163,11,33,33,328,33,0,6,lane_first,True,,4248,485960,132110338,206304,4248,163394,33708835776,876379392,203332,h_u=2n,module_barriers,retain_all_square_workspace
163,11,34,34,328,34,0,6,lane_first,True,,4252,478628,125787690,211486,4252,166206,35150242116,899238472,208514,h_u=2n,module_barriers,retain_all_square_workspace
163,11,35,35,328,35,0,6,lane_first,True,,4256,471296,119465042,216668,4256,169018,36620792024,922139008,213696,h_u=2n,module_barriers,retain_all_square_workspace
163,11,36,36,328,36,0,6,lane_first,True,,4256,463964,113142394,221850,4256,169018,37496643300,944193600,218878,h_u=2n,module_barriers,retain_all_square_workspace
163,11,37,37,328,37,0,6,lane_first,True,,2212,461752,109320866,227032,2212,149302,33896331664,502194784,224060,h_u=2n,module_barriers,retain_all_square_workspace
163,11,38,38,328,38,0,6,lane_first,True,,2212,463636,107500234,232214,2212,149302,34670014628,513657368,229242,h_u=2n,module_barriers,retain_all_square_workspace
163,11,39,39,328,39,0,6,lane_first,True,,2212,465520,105679602,237396,2212,149302,35443697592,525119952,234424,h_u=2n,module_barriers,retain_all_square_workspace
163,11,40,40,328,40,0,6,lane_first,True,,2212,467404,103858970,242578,2212,149302,36217380556,536582536,239606,h_u=2n,module_barriers,retain_all_square_workspace
163,11,41,41,328,41,0,6,lane_first,True,,1192,469288,102038338,247760,1192,140850,34896996000,295329920,244788,h_u=2n,module_barriers,retain_all_square_workspace
163,11,42,42,328,42,0,6,lane_first,True,,1192,475268,102218602,252942,1192,140850,35626880700,301506864,249970,h_u=2n,module_barriers,retain_all_square_workspace
163,11,43,43,328,43,0,6,lane_first,True,,1192,481248,102398866,258124,1192,140850,36356765400,307683808,255152,h_u=2n,module_barriers,retain_all_square_workspace
163,11,44,44,328,44,0,6,lane_first,True,,1192,487228,102579130,263306,1192,140850,37086650100,313860752,260334,h_u=2n,module_barriers,retain_all_square_workspace
163,11,45,45,328,45,0,6,lane_first,True,,1192,493208,102759394,268488,1192,140850,37816534800,320037696,265516,h_u=2n,module_barriers,retain_all_square_workspace
163,11,46,46,328,46,0,6,lane_first,True,,1192,499188,102939658,273670,1192,140850,38546419500,326214640,270698,h_u=2n,module_barriers,retain_all_square_workspace
163,11,47,47,328,47,0,6,lane_first,True,,680,505424,103244978,278852,680,135218,37705809736,189619360,275880,h_u=2n,module_barriers,retain_all_square_workspace
163,11,48,48,328,48,0,6,lane_first,True,,680,513196,104300634,284034,680,135218,38406509412,193143120,281062,h_u=2n,module_barriers,retain_all_square_workspace
163,11,49,49,328,49,0,6,lane_first,True,,684,520968,105356294,289216,684,137984,39907180544,197823744,286244,h_u=2n,module_barriers,retain_all_square_workspace
163,11,50,50,328,50,0,6,lane_first,True,,684,528740,106411950,294398,684,137984,40622213632,201368232,291426,h_u=2n,module_barriers,retain_all_square_workspace
163,11,51,51,328,51,0,6,lane_first,True,,684,536512,107467606,299580,684,137984,41337246720,204912720,296608,h_u=2n,module_barriers,retain_all_square_workspace
163,11,52,52,328,52,0,6,lane_first,True,,684,544284,108523262,304762,684,137984,42052279808,208457208,301790,h_u=2n,module_barriers,retain_all_square_workspace
163,11,53,53,328,53,0,6,lane_first,True,,684,552056,109578918,309944,684,137984,42767312896,212001696,306972,h_u=2n,module_barriers,retain_all_square_workspace
163,11,54,54,328,54,0,6,lane_first,True,,684,559828,110634574,315126,684,137984,43482345984,215546184,312154,h_u=2n,module_barriers,retain_all_square_workspace
163,11,55,55,328,55,0,6,lane_first,True,,428,567856,111815286,320308,428,135168,43295391744,137091824,317336,h_u=2n,module_barriers,retain_all_square_workspace
163,11,56,56,328,56,0,6,lane_first,True,,428,576396,113246110,325490,428,135168,43995832320,139309720,322518,h_u=2n,module_barriers,retain_all_square_workspace
163,11,57,57,328,57,0,6,lane_first,True,,428,584936,114676934,330672,428,135168,44696272896,141527616,327700,h_u=2n,module_barriers,retain_all_square_workspace
163,11,58,58,328,58,0,6,lane_first,True,,428,593476,116107758,335854,428,135168,45396713472,143745512,332882,h_u=2n,module_barriers,retain_all_square_workspace
163,11,59,59,328,59,0,6,lane_first,True,,428,602016,117538582,341036,428,135168,46097154048,145963408,338064,h_u=2n,module_barriers,retain_all_square_workspace
163,11,60,60,328,60,0,6,lane_first,True,,428,610556,118969406,346218,428,135168,46797594624,148181304,343246,h_u=2n,module_barriers,retain_all_square_workspace
163,11,61,61,328,61,0,6,lane_first,True,,428,619096,120400230,351400,428,135168,47498035200,150399200,348428,h_u=2n,module_barriers,retain_all_square_workspace
163,11,62,62,328,62,0,6,lane_first,True,,428,627636,121831054,356582,428,135168,48198475776,152617096,353610,h_u=2n,module_barriers,retain_all_square_workspace
163,11,63,63,328,63,0,6,lane_first,True,,428,636176,123261878,361764,428,135168,48898916352,154834992,358792,h_u=2n,module_barriers,retain_all_square_workspace
163,11,64,64,328,64,0,6,lane_first,True,,428,644716,124692702,366946,428,135168,49599356928,157052888,363974,h_u=2n,module_barriers,retain_all_square_workspace
163,11,65,65,328,65,0,7,lane_first,True,,448,664128,128505422,378216,448,150236,56821658976,169440768,375244,h_u=2n,module_barriers,retain_all_square_workspace
163,11,66,66,328,66,0,7,lane_first,True,,324,672796,129998774,383398,324,151640,58138472720,124220952,380426,h_u=2n,module_barriers,retain_all_square_workspace
163,11,67,67,328,67,0,7,lane_first,True,,328,681656,131585918,388580,328,154452,60016958160,127454240,385608,h_u=2n,module_barriers,retain_all_square_workspace
163,11,68,68,328,68,0,7,lane_first,True,,328,690516,133173062,393762,328,154452,60817328424,129153936,390790,h_u=2n,module_barriers,retain_all_square_workspace
163,11,69,69,328,69,0,7,lane_first,True,,332,699376,134760206,398944,332,157264,62739529216,132449408,395972,h_u=2n,module_barriers,retain_all_square_workspace
163,11,70,70,328,70,0,7,lane_first,True,,332,708236,136347350,404126,332,157264,63554471264,134169832,401154,h_u=2n,module_barriers,retain_all_square_workspace
163,11,71,71,328,71,0,7,lane_first,True,,332,717096,137934494,409308,332,157264,64369413312,135890256,406336,h_u=2n,module_barriers,retain_all_square_workspace
163,11,72,72,328,72,0,7,lane_first,True,,332,725956,139521638,414490,332,157264,65184355360,137610680,411518,h_u=2n,module_barriers,retain_all_square_workspace
163,11,73,73,328,73,0,7,lane_first,True,,336,734816,141108782,419672,336,160076,67179415072,141009792,416700,h_u=2n,module_barriers,retain_all_square_workspace
163,11,74,74,328,74,0,7,lane_first,True,,336,743676,142695926,424854,336,160076,68008928904,142750944,421882,h_u=2n,module_barriers,retain_all_square_workspace
163,11,75,75,328,75,0,7,lane_first,True,,336,752536,144283070,430036,336,160076,68838442736,144492096,427064,h_u=2n,module_barriers,retain_all_square_workspace
163,11,76,76,328,76,0,7,lane_first,True,,336,761396,145870214,435218,336,160076,69667956568,146233248,432246,h_u=2n,module_barriers,retain_all_square_workspace
163,11,77,77,328,77,0,7,lane_first,True,,336,770256,147457358,440400,336,160076,70497470400,147974400,437428,h_u=2n,module_barriers,retain_all_square_workspace
163,11,78,78,328,78,0,7,lane_first,True,,336,779116,149044502,445582,336,160076,71326984232,149715552,442610,h_u=2n,module_barriers,retain_all_square_workspace
163,11,79,79,328,79,0,7,lane_first,True,,336,787976,150631646,450764,336,160076,72156498064,151456704,447792,h_u=2n,module_barriers,retain_all_square_workspace
163,11,80,80,328,80,0,7,lane_first,True,,336,796836,152218790,455946,336,160076,72986011896,153197856,452974,h_u=2n,module_barriers,retain_all_square_workspace
163,11,81,81,328,81,0,7,lane_first,True,,340,805696,153805934,461128,340,162888,75112217664,156783520,458156,h_u=2n,module_barriers,retain_all_square_workspace
163,11,82,82,328,82,0,7,lane_first,True,,276,814556,155393078,466310,276,162184,75628021040,128701560,463338,h_u=2n,module_barriers,retain_all_square_workspace
163,11,83,83,328,83,0,7,lane_first,True,,276,823544,157042750,471492,276,162184,76468458528,130131792,468520,h_u=2n,module_barriers,retain_all_square_workspace
163,11,84,84,328,84,0,7,lane_first,True,,276,832532,158692422,476674,276,162184,77308896016,131562024,473702,h_u=2n,module_barriers,retain_all_square_workspace
163,11,85,85,328,85,0,7,lane_first,True,,276,841520,160342094,481856,276,162184,78149333504,132992256,478884,h_u=2n,module_barriers,retain_all_square_workspace
163,11,86,86,328,86,0,7,lane_first,True,,276,850508,161991766,487038,276,162184,78989770992,134422488,484066,h_u=2n,module_barriers,retain_all_square_workspace
163,11,87,87,328,87,0,7,lane_first,True,,276,859496,163641438,492220,276,162184,79830208480,135852720,489248,h_u=2n,module_barriers,retain_all_square_workspace
163,11,88,88,328,88,0,7,lane_first,True,,276,868484,165291110,497402,276,162184,80670645968,137282952,494430,h_u=2n,module_barriers,retain_all_square_workspace
163,11,89,89,328,89,0,7,lane_first,True,,276,877472,166940782,502584,276,162184,81511083456,138713184,499612,h_u=2n,module_barriers,retain_all_square_workspace
163,11,90,90,328,90,0,7,lane_first,True,,276,886460,168590454,507766,276,162184,82351520944,140143416,504794,h_u=2n,module_barriers,retain_all_square_workspace
163,11,91,91,328,91,0,7,lane_first,True,,276,895448,170240126,512948,276,162184,83191958432,141573648,509976,h_u=2n,module_barriers,retain_all_square_workspace
163,11,92,92,328,92,0,7,lane_first,True,,276,904436,171889798,518130,276,162184,84032395920,143003880,515158,h_u=2n,module_barriers,retain_all_square_workspace
163,11,93,93,328,93,0,7,lane_first,True,,276,913424,173539470,523312,276,162184,84872833408,144434112,520340,h_u=2n,module_barriers,retain_all_square_workspace
163,11,94,94,328,94,0,7,lane_first,True,,276,922412,175189142,528494,276,162184,85713270896,145864344,525522,h_u=2n,module_barriers,retain_all_square_workspace
163,11,95,95,328,95,0,7,lane_first,True,,276,931400,176838814,533676,276,162184,86553708384,147294576,530704,h_u=2n,module_barriers,retain_all_square_workspace
163,11,96,96,328,96,0,7,lane_first,True,,276,940388,178488486,538858,276,162184,87394145872,148724808,535886,h_u=2n,module_barriers,retain_all_square_workspace
163,11,97,97,328,97,0,7,lane_first,True,,280,949376,180138162,544040,280,164950,89739398000,152331200,541068,h_u=2n,module_barriers,retain_all_square_workspace
163,11,98,98,328,98,0,7,lane_first,True,,280,958364,181787834,549222,280,164950,90594168900,153782160,546250,h_u=2n,module_barriers,retain_all_square_workspace
163,11,99,99,328,99,0,7,lane_first,True,,280,967352,183437506,554404,280,164950,91448939800,155233120,551432,h_u=2n,module_barriers,retain_all_square_workspace
163,11,100,100,328,100,0,7,lane_first,True,,280,976340,185087178,559586,280,164950,92303710700,156684080,556614,h_u=2n,module_barriers,retain_all_square_workspace
163,11,101,101,328,101,0,7,lane_first,True,,280,985328,186736850,564768,280,164950,93158481600,158135040,561796,h_u=2n,module_barriers,retain_all_square_workspace
163,11,102,102,328,102,0,7,lane_first,True,,280,994316,188386522,569950,280,164950,94013252500,159586000,566978,h_u=2n,module_barriers,retain_all_square_workspace
163,11,103,103,328,103,0,7,lane_first,True,,280,1003304,190036194,575132,280,164950,94868023400,161036960,572160,h_u=2n,module_barriers,retain_all_square_workspace
163,11,104,104,328,104,0,7,lane_first,True,,280,1012292,191685866,580314,280,164950,95722794300,162487920,577342,h_u=2n,module_barriers,retain_all_square_workspace
163,11,105,105,328,105,0,7,lane_first,True,,280,1021280,193335538,585496,280,164950,96577565200,163938880,582524,h_u=2n,module_barriers,retain_all_square_workspace
163,11,106,106,328,106,0,7,lane_first,True,,280,1030268,194985210,590678,280,164950,97432336100,165389840,587706,h_u=2n,module_barriers,retain_all_square_workspace
163,11,107,107,328,107,0,7,lane_first,True,,280,1039256,196634882,595860,280,164950,98287107000,166840800,592888,h_u=2n,module_barriers,retain_all_square_workspace
163,11,108,108,328,108,0,7,lane_first,True,,280,1048244,198284554,601042,280,164950,99141877900,168291760,598070,h_u=2n,module_barriers,retain_all_square_workspace
163,11,109,109,328,109,0,7,lane_first,True,,280,1057232,199934226,606224,280,164950,99996648800,169742720,603252,h_u=2n,module_barriers,retain_all_square_workspace
163,11,110,110,328,110,0,7,lane_first,True,,248,1066252,201599530,611406,248,164598,100636204788,151628688,608434,h_u=2n,module_barriers,retain_all_square_workspace
163,11,111,111,328,111,0,7,lane_first,True,,248,1075288,203272650,616588,248,164598,101489151624,152913824,613616,h_u=2n,module_barriers,retain_all_square_workspace
163,11,112,112,328,112,0,7,lane_first,True,,248,1084324,204945770,621770,248,164598,102342098460,154198960,618798,h_u=2n,module_barriers,retain_all_square_workspace
163,11,113,113,328,113,0,7,lane_first,True,,248,1093360,206618890,626952,248,164598,103195045296,155484096,623980,h_u=2n,module_barriers,retain_all_square_workspace
163,11,114,114,328,114,0,7,lane_first,True,,248,1102396,208292010,632134,248,164598,104047992132,156769232,629162,h_u=2n,module_barriers,retain_all_square_workspace
163,11,115,115,328,115,0,7,lane_first,True,,248,1111432,209965130,637316,248,164598,104900938968,158054368,634344,h_u=2n,module_barriers,retain_all_square_workspace
163,11,116,116,328,116,0,7,lane_first,True,,248,1120468,211638250,642498,248,164598,105753885804,159339504,639526,h_u=2n,module_barriers,retain_all_square_workspace
163,11,117,117,328,117,0,7,lane_first,True,,248,1129504,213311370,647680,248,164598,106606832640,160624640,644708,h_u=2n,module_barriers,retain_all_square_workspace
163,11,118,118,328,118,0,7,lane_first,True,,248,1138540,214984490,652862,248,164598,107459779476,161909776,649890,h_u=2n,module_barriers,retain_all_square_workspace
163,11,119,119,328,119,0,7,lane_first,True,,248,1147576,216657610,658044,248,164598,108312726312,163194912,655072,h_u=2n,module_barriers,retain_all_square_workspace
163,11,120,120,328,120,0,7,lane_first,True,,248,1156612,218330730,663226,248,164598,109165673148,164480048,660254,h_u=2n,module_barriers,retain_all_square_workspace
163,11,121,121,328,121,0,7,lane_first,True,,248,1165648,220003850,668408,248,164598,110018619984,165765184,665436,h_u=2n,module_barriers,retain_all_square_workspace
163,11,122,122,328,122,0,7,lane_first,True,,248,1174684,221676970,673590,248,164598,110871566820,167050320,670618,h_u=2n,module_barriers,retain_all_square_workspace
163,11,123,123,328,123,0,7,lane_first,True,,248,1183720,223350090,678772,248,164598,111724513656,168335456,675800,h_u=2n,module_barriers,retain_all_square_workspace
163,11,124,124,328,124,0,7,lane_first,True,,248,1192756,225023210,683954,248,164598,112577460492,169620592,680982,h_u=2n,module_barriers,retain_all_square_workspace
163,11,125,125,328,125,0,7,lane_first,True,,248,1201792,226696330,689136,248,164598,113430407328,170905728,686164,h_u=2n,module_barriers,retain_all_square_workspace
163,11,126,126,328,126,0,7,lane_first,True,,248,1210828,228369450,694318,248,164598,114283354164,172190864,691346,h_u=2n,module_barriers,retain_all_square_workspace
163,11,127,127,328,127,0,7,lane_first,True,,248,1219864,230042570,699500,248,164598,115136301000,173476000,696528,h_u=2n,module_barriers,retain_all_square_workspace
163,11,128,128,328,128,0,7,lane_first,True,,248,1228900,231715690,704682,248,164598,115989247836,174761136,701710,h_u=2n,module_barriers,retain_all_square_workspace
163,11,129,129,328,129,0,8,lane_first,True,,268,1248808,235770706,715952,268,179666,128632232032,191875136,712980,h_u=2n,module_barriers,retain_all_square_workspace
163,11,130,130,328,130,0,8,lane_first,True,,272,1257844,237443826,721134,272,182478,131591090052,196148448,718162,h_u=2n,module_barriers,retain_all_square_workspace
163,11,131,131,328,131,0,8,lane_first,True,,276,1266880,239116946,726316,276,185290,134579091640,200463216,723344,h_u=2n,module_barriers,retain_all_square_workspace
163,11,132,132,328,132,0,8,lane_first,True,,276,1275916,240790066,731498,276,185290,135539264420,201893448,728526,h_u=2n,module_barriers,retain_all_square_workspace
163,11,133,133,328,133,0,8,lane_first,True,,280,1284952,242463186,736680,280,188102,138570981360,206270400,733708,h_u=2n,module_barriers,retain_all_square_workspace
163,11,134,134,328,134,0,8,lane_first,True,,280,1293988,244136306,741862,280,188102,139545725924,207721360,738890,h_u=2n,module_barriers,retain_all_square_workspace
163,11,135,135,328,135,0,8,lane_first,True,,280,1303024,245809426,747044,280,188102,140520470488,209172320,744072,h_u=2n,module_barriers,retain_all_square_workspace
163,11,136,136,328,136,0,8,lane_first,True,,280,1312060,247482546,752226,280,188102,141495215052,210623280,749254,h_u=2n,module_barriers,retain_all_square_workspace
163,11,137,137,328,137,0,8,lane_first,True,,284,1321096,249155666,757408,284,190914,144599790912,215103872,754436,h_u=2n,module_barriers,retain_all_square_workspace
163,11,138,138,328,138,0,8,lane_first,True,,284,1330132,250828786,762590,284,190914,145589107260,216575560,759618,h_u=2n,module_barriers,retain_all_square_workspace
163,11,139,139,328,139,0,8,lane_first,True,,284,1339168,252501906,767772,284,190914,146578423608,218047248,764800,h_u=2n,module_barriers,retain_all_square_workspace
163,11,140,140,328,140,0,8,lane_first,True,,284,1348204,254175026,772954,284,190914,147567739956,219518936,769982,h_u=2n,module_barriers,retain_all_square_workspace
163,11,141,141,328,141,0,8,lane_first,True,,284,1357240,255848146,778136,284,190914,148557056304,220990624,775164,h_u=2n,module_barriers,retain_all_square_workspace
163,11,142,142,328,142,0,8,lane_first,True,,284,1366276,257521266,783318,284,190914,149546372652,222462312,780346,h_u=2n,module_barriers,retain_all_square_workspace
163,11,143,143,328,143,0,8,lane_first,True,,284,1375312,259194386,788500,284,190914,150535689000,223934000,785528,h_u=2n,module_barriers,retain_all_square_workspace
163,11,144,144,328,144,0,8,lane_first,True,,284,1384348,260867506,793682,284,190914,151525005348,225405688,790710,h_u=2n,module_barriers,retain_all_square_workspace
163,11,145,145,328,145,0,8,lane_first,True,,288,1393384,262540626,798864,288,193726,154760727264,230072832,795892,h_u=2n,module_barriers,retain_all_square_workspace
163,11,146,146,328,146,0,8,lane_first,True,,288,1402420,264213746,804046,288,193726,155764615396,231565248,801074,h_u=2n,module_barriers,retain_all_square_workspace
163,11,147,147,328,147,0,8,lane_first,True,,288,1411456,265886866,809228,288,193726,156768503528,233057664,806256,h_u=2n,module_barriers,retain_all_square_workspace
163,11,148,148,328,148,0,8,lane_first,True,,288,1420492,267559986,814410,288,193726,157772391660,234550080,811438,h_u=2n,module_barriers,retain_all_square_workspace
163,11,149,149,328,149,0,8,lane_first,True,,288,1429528,269233106,819592,288,193726,158776279792,236042496,816620,h_u=2n,module_barriers,retain_all_square_workspace
163,11,150,150,328,150,0,8,lane_first,True,,288,1438564,270906226,824774,288,193726,159780167924,237534912,821802,h_u=2n,module_barriers,retain_all_square_workspace
163,11,151,151,328,151,0,8,lane_first,True,,288,1447600,272579346,829956,288,193726,160784056056,239027328,826984,h_u=2n,module_barriers,retain_all_square_workspace
163,11,152,152,328,152,0,8,lane_first,True,,288,1456636,274252466,835138,288,193726,161787944188,240519744,832166,h_u=2n,module_barriers,retain_all_square_workspace
163,11,153,153,328,153,0,8,lane_first,True,,288,1465672,275925586,840320,288,193726,162791832320,242012160,837348,h_u=2n,module_barriers,retain_all_square_workspace
163,11,154,154,328,154,0,8,lane_first,True,,288,1474708,277598706,845502,288,193726,163795720452,243504576,842530,h_u=2n,module_barriers,retain_all_square_workspace
163,11,155,155,328,155,0,8,lane_first,True,,288,1483744,279271826,850684,288,193726,164799608584,244996992,847712,h_u=2n,module_barriers,retain_all_square_workspace
163,11,156,156,328,156,0,8,lane_first,True,,288,1492780,280944946,855866,288,193726,165803496716,246489408,852894,h_u=2n,module_barriers,retain_all_square_workspace
163,11,157,157,328,157,0,8,lane_first,True,,288,1501816,282618066,861048,288,193726,166807384848,247981824,858076,h_u=2n,module_barriers,retain_all_square_workspace
163,11,158,158,328,158,0,8,lane_first,True,,288,1510852,284291186,866230,288,193726,167811272980,249474240,863258,h_u=2n,module_barriers,retain_all_square_workspace
163,11,159,159,328,159,0,8,lane_first,True,,288,1519888,285964306,871412,288,193726,168815161112,250966656,868440,h_u=2n,module_barriers,retain_all_square_workspace
163,11,160,160,328,160,0,8,lane_first,True,,288,1528924,287637426,876594,288,193726,169819049244,252459072,873622,h_u=2n,module_barriers,retain_all_square_workspace
163,11,161,161,328,161,0,8,lane_first,True,,292,1537960,289310546,881776,292,196538,173302491488,257478592,878804,h_u=2n,module_barriers,retain_all_square_workspace
163,11,162,162,328,162,0,8,lane_first,True,,292,1546996,290983666,886958,292,196538,174320951404,258991736,883986,h_u=2n,module_barriers,retain_all_square_workspace
163,11,163,163,328,163,0,8,lane_first,True,,292,1556032,292656786,892140,292,196538,175339411320,260504880,889168,h_u=2n,module_barriers,retain_all_square_workspace
163,11,164,164,328,164,0,8,lane_first,True,,276,1565068,294329906,897322,276,196362,176199942564,247660872,894350,h_u=2n,module_barriers,retain_all_square_workspace
163,11,165,165,328,165,0,8,lane_first,True,,276,1574120,296010842,902504,276,196362,177217490448,249091104,899532,h_u=2n,module_barriers,retain_all_square_workspace
163,11,166,166,328,166,0,8,lane_first,False,reduction:83,276,,,,,,,,,,,
163,11,167,167,328,167,0,8,lane_first,False,reduction:83,276,,,,,,,,,,,
163,11,168,168,328,168,0,8,lane_first,False,reduction:84,276,,,,,,,,,,,
163,11,169,169,328,169,0,8,lane_first,False,reduction:84,276,,,,,,,,,,,
163,11,170,170,328,170,0,8,lane_first,False,reduction:85,276,,,,,,,,,,,
163,11,171,171,328,171,0,8,lane_first,False,reduction:85,276,,,,,,,,,,,
163,11,172,172,328,172,0,8,lane_first,False,reduction:86,276,,,,,,,,,,,
163,11,173,173,328,173,0,8,lane_first,False,reduction:86,276,,,,,,,,,,,
163,11,174,174,328,174,0,8,lane_first,False,reduction:87,276,,,,,,,,,,,
163,11,175,175,328,175,0,8,lane_first,False,reduction:87,276,,,,,,,,,,,
163,11,176,176,328,176,0,8,lane_first,False,reduction:88,276,,,,,,,,,,,
163,11,177,177,328,177,0,8,lane_first,False,reduction:88,276,,,,,,,,,,,
163,11,178,178,328,178,0,8,lane_first,False,reduction:89,276,,,,,,,,,,,
163,11,179,179,328,179,0,8,lane_first,False,reduction:89,276,,,,,,,,,,,
163,11,180,180,328,180,0,8,lane_first,False,reduction:90,276,,,,,,,,,,,
163,11,181,181,328,181,0,8,lane_first,False,reduction:90,276,,,,,,,,,,,
163,11,182,182,328,182,0,8,lane_first,False,reduction:91,276,,,,,,,,,,,
163,11,183,183,328,183,0,8,lane_first,False,reduction:91,276,,,,,,,,,,,
163,11,184,184,328,184,0,8,lane_first,False,reduction:92,276,,,,,,,,,,,
163,11,185,185,328,185,0,8,lane_first,False,reduction:92,276,,,,,,,,,,,
163,11,186,186,328,186,0,8,lane_first,False,reduction:93,276,,,,,,,,,,,
163,11,187,187,328,187,0,8,lane_first,False,reduction:93,276,,,,,,,,,,,
163,11,188,188,328,188,0,8,lane_first,False,reduction:94,276,,,,,,,,,,,
163,11,189,189,328,189,0,8,lane_first,False,reduction:94,276,,,,,,,,,,,
163,11,190,190,328,190,0,8,lane_first,False,reduction:95,276,,,,,,,,,,,
163,11,191,191,328,191,0,8,lane_first,False,reduction:95,276,,,,,,,,,,,
163,11,192,192,328,192,0,8,lane_first,False,reduction:96,276,,,,,,,,,,,
163,11,193,193,328,193,0,8,lane_first,False,reduction:96,280,,,,,,,,,,,
163,11,194,194,328,194,0,8,lane_first,False,reduction:97,280,,,,,,,,,,,
163,11,195,195,328,195,0,8,lane_first,False,reduction:97,280,,,,,,,,,,,
163,11,196,196,328,196,0,8,lane_first,False,reduction:98,280,,,,,,,,,,,
163,11,197,197,328,197,0,8,lane_first,False,reduction:98,280,,,,,,,,,,,
163,11,198,198,328,198,0,8,lane_first,False,reduction:99,280,,,,,,,,,,,
163,11,199,199,328,199,0,8,lane_first,False,reduction:99,280,,,,,,,,,,,
163,11,200,200,328,200,0,8,lane_first,False,reduction:100,280,,,,,,,,,,,
163,11,201,201,328,201,0,8,lane_first,False,reduction:100,280,,,,,,,,,,,
163,11,202,202,328,202,0,8,lane_first,False,reduction:101,280,,,,,,,,,,,
163,11,203,203,328,203,0,8,lane_first,False,reduction:101,280,,,,,,,,,,,
163,11,204,204,328,204,0,8,lane_first,False,reduction:102,280,,,,,,,,,,,
163,11,205,205,328,205,0,8,lane_first,False,reduction:102,280,,,,,,,,,,,
163,11,206,206,328,206,0,8,lane_first,False,reduction:103,280,,,,,,,,,,,
163,11,207,207,328,207,0,8,lane_first,False,reduction:103,280,,,,,,,,,,,
163,11,208,208,328,208,0,8,lane_first,False,reduction:104,280,,,,,,,,,,,
163,11,209,209,328,209,0,8,lane_first,False,reduction:104,280,,,,,,,,,,,
163,11,210,210,328,210,0,8,lane_first,False,reduction:105,280,,,,,,,,,,,
163,11,211,211,328,211,0,8,lane_first,False,reduction:105,280,,,,,,,,,,,
163,11,212,212,328,212,0,8,lane_first,False,reduction:106,280,,,,,,,,,,,
163,11,213,213,328,213,0,8,lane_first,False,reduction:106,280,,,,,,,,,,,
163,11,214,214,328,214,0,8,lane_first,False,reduction:107,280,,,,,,,,,,,
163,11,215,215,328,215,0,8,lane_first,False,reduction:107,280,,,,,,,,,,,
163,11,216,216,328,216,0,8,lane_first,False,reduction:108,280,,,,,,,,,,,
163,11,217,217,328,217,0,8,lane_first,False,reduction:108,280,,,,,,,,,,,
163,11,218,218,328,218,0,8,lane_first,False,reduction:109,280,,,,,,,,,,,
163,11,219,219,328,219,0,8,lane_first,False,reduction:109,280,,,,,,,,,,,
163,11,220,220,328,220,0,8,lane_first,False,reduction:110,280,,,,,,,,,,,
163,11,221,221,328,221,0,8,lane_first,False,reduction:110,280,,,,,,,,,,,
163,11,222,222,328,222,0,8,lane_first,False,reduction:111,280,,,,,,,,,,,
163,11,223,223,328,223,0,8,lane_first,False,reduction:111,280,,,,,,,,,,,
163,11,224,224,328,224,0,8,lane_first,False,reduction:112,280,,,,,,,,,,,
163,11,225,225,328,225,0,8,lane_first,False,reduction:112,280,,,,,,,,,,,
163,11,226,226,328,226,0,8,lane_first,False,reduction:113,280,,,,,,,,,,,
163,11,227,227,328,227,0,8,lane_first,False,reduction:113,280,,,,,,,,,,,
163,11,228,228,328,228,0,8,lane_first,False,reduction:114,280,,,,,,,,,,,
163,11,229,229,328,229,0,8,lane_first,False,reduction:114,280,,,,,,,,,,,
163,11,230,230,328,230,0,8,lane_first,False,reduction:115,280,,,,,,,,,,,
163,11,231,231,328,231,0,8,lane_first,False,reduction:115,280,,,,,,,,,,,
163,11,232,232,328,232,0,8,lane_first,False,reduction:116,280,,,,,,,,,,,
163,11,233,233,328,233,0,8,lane_first,False,reduction:116,280,,,,,,,,,,,
163,11,234,234,328,234,0,8,lane_first,False,reduction:117,280,,,,,,,,,,,
163,11,235,235,328,235,0,8,lane_first,False,reduction:117,280,,,,,,,,,,,
163,11,236,236,328,236,0,8,lane_first,False,reduction:118,280,,,,,,,,,,,
163,11,237,237,328,237,0,8,lane_first,False,reduction:118,280,,,,,,,,,,,
163,11,238,238,328,238,0,8,lane_first,False,reduction:119,280,,,,,,,,,,,
163,11,239,239,328,239,0,8,lane_first,False,reduction:119,280,,,,,,,,,,,
163,11,240,240,328,240,0,8,lane_first,False,reduction:120,280,,,,,,,,,,,
163,11,241,241,328,241,0,8,lane_first,False,reduction:120,280,,,,,,,,,,,
163,11,242,242,328,242,0,8,lane_first,False,reduction:121,280,,,,,,,,,,,
163,11,243,243,328,243,0,8,lane_first,False,reduction:121,280,,,,,,,,,,,
163,11,244,244,328,244,0,8,lane_first,False,reduction:122,280,,,,,,,,,,,
163,11,245,245,328,245,0,8,lane_first,False,reduction:122,280,,,,,,,,,,,
163,11,246,246,328,246,0,8,lane_first,False,reduction:123,280,,,,,,,,,,,
163,11,247,247,328,247,0,8,lane_first,False,reduction:123,280,,,,,,,,,,,
163,11,248,248,328,248,0,8,lane_first,False,reduction:124,280,,,,,,,,,,,
163,11,249,249,328,249,0,8,lane_first,False,reduction:124,280,,,,,,,,,,,
163,11,250,250,328,250,0,8,lane_first,False,reduction:125,280,,,,,,,,,,,
163,11,251,251,328,251,0,8,lane_first,False,reduction:125,280,,,,,,,,,,,
163,11,252,252,328,252,0,8,lane_first,False,reduction:126,280,,,,,,,,,,,
163,11,253,253,328,253,0,8,lane_first,False,reduction:126,280,,,,,,,,,,,
163,11,254,254,328,254,0,8,lane_first,False,reduction:127,280,,,,,,,,,,,
163,11,255,255,328,255,0,8,lane_first,False,reduction:127,280,,,,,,,,,,,
163,11,256,256,328,256,0,8,lane_first,False,reduction:128,280,,,,,,,,,,,
163,11,257,257,328,257,0,9,lane_first,False,reduction:128,300,,,,,,,,,,,
163,11,258,258,328,258,0,9,lane_first,False,reduction:129,304,,,,,,,,,,,
163,11,259,259,328,259,0,9,lane_first,False,reduction:129,308,,,,,,,,,,,
163,11,260,260,328,260,0,9,lane_first,False,reduction:130,308,,,,,,,,,,,
163,11,261,261,328,261,0,9,lane_first,False,reduction:130,312,,,,,,,,,,,
163,11,262,262,328,262,0,9,lane_first,False,reduction:131,312,,,,,,,,,,,
163,11,263,263,328,263,0,9,lane_first,False,reduction:131,312,,,,,,,,,,,
163,11,264,264,328,264,0,9,lane_first,False,reduction:132,312,,,,,,,,,,,
163,11,265,265,328,265,0,9,lane_first,False,reduction:132,316,,,,,,,,,,,
163,11,266,266,328,266,0,9,lane_first,False,reduction:133,316,,,,,,,,,,,
163,11,267,267,328,267,0,9,lane_first,False,reduction:133,316,,,,,,,,,,,
163,11,268,268,328,268,0,9,lane_first,False,reduction:134,316,,,,,,,,,,,
163,11,269,269,328,269,0,9,lane_first,False,reduction:134,316,,,,,,,,,,,
163,11,270,270,328,270,0,9,lane_first,False,reduction:135,316,,,,,,,,,,,
163,11,271,271,328,271,0,9,lane_first,False,reduction:135,316,,,,,,,,,,,
163,11,272,272,328,272,0,9,lane_first,False,reduction:136,316,,,,,,,,,,,
163,11,273,273,328,273,0,9,lane_first,False,reduction:136,320,,,,,,,,,,,
163,11,274,274,328,274,0,9,lane_first,False,reduction:137,320,,,,,,,,,,,
163,11,275,275,328,275,0,9,lane_first,False,reduction:137,320,,,,,,,,,,,
163,11,276,276,328,276,0,9,lane_first,False,reduction:138,320,,,,,,,,,,,
163,11,277,277,328,277,0,9,lane_first,False,reduction:138,320,,,,,,,,,,,
163,11,278,278,328,278,0,9,lane_first,False,reduction:139,320,,,,,,,,,,,
163,11,279,279,328,279,0,9,lane_first,False,reduction:139,320,,,,,,,,,,,
163,11,280,280,328,280,0,9,lane_first,False,reduction:140,320,,,,,,,,,,,
163,11,281,281,328,281,0,9,lane_first,False,reduction:140,320,,,,,,,,,,,
163,11,282,282,328,282,0,9,lane_first,False,reduction:141,320,,,,,,,,,,,
163,11,283,283,328,283,0,9,lane_first,False,reduction:141,320,,,,,,,,,,,
163,11,284,284,328,284,0,9,lane_first,False,reduction:142,320,,,,,,,,,,,
163,11,285,285,328,285,0,9,lane_first,False,reduction:142,320,,,,,,,,,,,
163,11,286,286,328,286,0,9,lane_first,False,reduction:143,320,,,,,,,,,,,
163,11,287,287,328,287,0,9,lane_first,False,reduction:143,320,,,,,,,,,,,
163,11,288,288,328,288,0,9,lane_first,False,reduction:144,320,,,,,,,,,,,
163,11,289,289,328,289,0,9,lane_first,False,reduction:144,324,,,,,,,,,,,
163,11,290,290,328,290,0,9,lane_first,False,reduction:145,324,,,,,,,,,,,
163,11,291,291,328,291,0,9,lane_first,False,reduction:145,324,,,,,,,,,,,
163,11,292,292,328,292,0,9,lane_first,False,reduction:146,324,,,,,,,,,,,
163,11,293,293,328,293,0,9,lane_first,False,reduction:146,324,,,,,,,,,,,
163,11,294,294,328,294,0,9,lane_first,False,reduction:147,324,,,,,,,,,,,
163,11,295,295,328,295,0,9,lane_first,False,reduction:147,324,,,,,,,,,,,
163,11,296,296,328,296,0,9,lane_first,False,reduction:148,324,,,,,,,,,,,
163,11,297,297,328,297,0,9,lane_first,False,reduction:148,324,,,,,,,,,,,
163,11,298,298,328,298,0,9,lane_first,False,reduction:149,324,,,,,,,,,,,
163,11,299,299,328,299,0,9,lane_first,False,reduction:149,324,,,,,,,,,,,
163,11,300,300,328,300,0,9,lane_first,False,reduction:150,324,,,,,,,,,,,
163,11,301,301,328,301,0,9,lane_first,False,reduction:150,324,,,,,,,,,,,
163,11,302,302,328,302,0,9,lane_first,False,reduction:151,324,,,,,,,,,,,
163,11,303,303,328,303,0,9,lane_first,False,reduction:151,324,,,,,,,,,,,
163,11,304,304,328,304,0,9,lane_first,False,reduction:152,324,,,,,,,,,,,
163,11,305,305,328,305,0,9,lane_first,False,reduction:152,324,,,,,,,,,,,
163,11,306,306,328,306,0,9,lane_first,False,reduction:153,324,,,,,,,,,,,
163,11,307,307,328,307,0,9,lane_first,False,reduction:153,324,,,,,,,,,,,
163,11,308,308,328,308,0,9,lane_first,False,reduction:154,324,,,,,,,,,,,
163,11,309,309,328,309,0,9,lane_first,False,reduction:154,324,,,,,,,,,,,
163,11,310,310,328,310,0,9,lane_first,False,reduction:155,324,,,,,,,,,,,
163,11,311,311,328,311,0,9,lane_first,False,reduction:155,324,,,,,,,,,,,
163,11,312,312,328,312,0,9,lane_first,False,reduction:156,324,,,,,,,,,,,
163,11,313,313,328,313,0,9,lane_first,False,reduction:156,324,,,,,,,,,,,
163,11,314,314,328,314,0,9,lane_first,False,reduction:157,324,,,,,,,,,,,
163,11,315,315,328,315,0,9,lane_first,False,reduction:157,324,,,,,,,,,,,
163,11,316,316,328,316,0,9,lane_first,False,reduction:158,324,,,,,,,,,,,
163,11,317,317,328,317,0,9,lane_first,False,reduction:158,324,,,,,,,,,,,
163,11,318,318,328,318,0,9,lane_first,False,reduction:159,324,,,,,,,,,,,
163,11,319,319,328,319,0,9,lane_first,False,reduction:159,324,,,,,,,,,,,
163,11,320,320,328,320,0,9,lane_first,False,reduction:160,324,,,,,,,,,,,
163,11,321,321,328,321,0,9,lane_first,False,reduction:160,328,,,,,,,,,,,
163,11,322,322,328,322,0,9,lane_first,False,reduction:161,328,,,,,,,,,,,
163,11,323,323,328,323,0,9,lane_first,False,reduction:161,328,,,,,,,,,,,
163,11,324,324,328,324,0,9,lane_first,False,reduction:162,328,,,,,,,,,,,
163,11,325,325,328,325,0,9,lane_first,False,reduction:162,328,,,,,,,,,,,
163,11,326,326,328,326,0,9,lane_first,False,reduction:163,328,,,,,,,,,,,
163,11,327,327,328,327,0,9,lane_first,False,reduction:163,328,,,,,,,,,,,
163,11,328,328,328,328,0,9,lane_first,False,reduction:164,320,,,,,,,,,,,
163,12,1,1,328,28,27,0,lane_first,True,,867424,1405048,533914058,299440,867424,9957496,2981672602240,259741442560,296468,h_u=2n,module_barriers,retain_all_square_workspace
163,12,2,2,328,28,13,1,lane_first,True,,411208,1218580,480878382,220622,411208,4773774,1053199567428,90721531376,217650,h_u=2n,module_barriers,retain_all_square_workspace
163,12,3,3,328,30,9,2,lane_first,True,,278344,1216464,483127198,212396,278344,3279262,696502131752,59119152224,209424,h_u=2n,module_barriers,retain_all_square_workspace
163,12,4,4,328,28,6,2,lane_first,True,,188268,1083820,432574358,184746,188268,2228768,411755972928,34781759928,181774,h_u=2n,module_barriers,retain_all_square_workspace
163,12,5,5,328,30,5,3,lane_first,True,,147908,1087632,428931786,194784,147908,1792436,349137853824,28810111872,191812,h_u=2n,module_barriers,retain_all_square_workspace
163,12,6,6,328,30,4,3,lane_first,True,,115680,1030732,404041110,189022,115680,1417068,267857027496,21866064960,186050,h_u=2n,module_barriers,retain_all_square_workspace
163,12,7,7,328,28,3,3,lane_first,True,,98288,988504,391798342,173548,98288,1204970,209120133560,17057685824,170576,h_u=2n,module_barriers,retain_all_square_workspace
163,12,8,8,328,32,3,3,lane_first,True,,82184,1002220,387513246,193298,82184,1027586,198630318628,15886002832,190326,h_u=2n,module_barriers,retain_all_square_workspace
163,12,9,9,328,31,3,4,lane_first,True,,81984,1084032,427265550,194856,81984,1042842,203204020752,15975074304,191884,h_u=2n,module_barriers,retain_all_square_workspace
163,12,10,10,328,30,2,4,lane_first,True,,53300,855204,321128362,184238,53300,709506,130717966428,9819885400,181266,h_u=2n,module_barriers,retain_all_square_workspace
163,12,11,11,328,33,2,4,lane_first,True,,49732,899808,334672370,199132,49732,672906,133997117592,9903232624,196160,h_u=2n,module_barriers,retain_all_square_workspace
163,12,12,12,328,36,2,4,lane_first,True,,49356,972060,361722426,214026,49356,668690,143117045940,10563467256,211054,h_u=2n,module_barriers,retain_all_square_workspace
163,12,13,13,328,39,2,4,lane_first,True,,49272,1047640,390398214,228920,49272,670408,153469799360,11279346240,225948,h_u=2n,module_barriers,retain_all_square_workspace
163,12,14,14,328,28,1,4,lane_first,True,,49224,855116,329398690,169742,49224,643844,109287368248,8355380208,166770,h_u=2n,module_barriers,retain_all_square_workspace
163,12,15,15,328,30,1,4,lane_first,True,,24656,676656,236716250,179780,24656,373516,67150706480,4432655680,176808,h_u=2n,module_barriers,retain_all_square_workspace
163,12,16,16,328,32,1,4,lane_first,True,,20564,645652,216066066,189818,20564,328464,62348379552,3903417352,186846,h_u=2n,module_barriers,retain_all_square_workspace
163,12,17,17,328,34,1,5,lane_first,True,,18544,664432,216806290,205944,18544,323820,66688786080,3819025536,202972,h_u=2n,module_barriers,retain_all_square_workspace
163,12,18,18,328,36,1,5,lane_first,True,,17528,687700,222667978,215982,17528,315372,68114675304,3785732496,213010,h_u=2n,module_barriers,retain_all_square_workspace
163,12,19,19,328,38,1,5,lane_first,True,,17024,717112,231531010,226020,17024,312556,70643907120,3847764480,223048,h_u=2n,module_barriers,retain_all_square_workspace
163,12,20,20,328,40,1,5,lane_first,True,,16772,749084,241644602,236058,16772,309744,73117549152,3959164776,233086,h_u=2n,module_barriers,retain_all_square_workspace
163,12,21,21,328,42,1,5,lane_first,True,,16652,782208,252320946,246096,16652,311152,76573262592,4097990592,243124,h_u=2n,module_barriers,retain_all_square_workspace
163,12,22,22,328,44,1,5,lane_first,True,,16592,815908,263278666,256134,16592,310452,79517312568,4249775328,253162,h_u=2n,module_barriers,retain_all_square_workspace
163,12,23,23,328,46,1,5,lane_first,True,,16592,850024,274439602,266172,16592,310452,82633629744,4416325824,263200,h_u=2n,module_barriers,retain_all_square_workspace
163,12,24,24,328,48,1,5,lane_first,True,,16564,884268,285663066,276210,16564,310104,85653825840,4575142440,273238,h_u=2n,module_barriers,retain_all_square_workspace
163,12,25,25,328,50,1,5,lane_first,True,,16568,918608,296933430,286248,16568,312870,89558411760,4742556864,283276,h_u=2n,module_barriers,retain_all_square_workspace
163,12,26,26,328,42,1,5,lane_first,True,,16552,862468,291407470,247726,16552,309886,76766819236,4100360752,244754,h_u=2n,module_barriers,retain_all_square_workspace
163,12,27,27,328,31,1,5,lane_first,True,,16544,779184,280842614,194636,16544,304262,59220338632,3220057984,191664,h_u=2n,module_barriers,retain_all_square_workspace
163,12,28,28,328,28,0,5,lane_first,True,,16516,691972,249381106,174306,16516,283494,49414705164,2878837896,171334,h_u=2n,module_barriers,retain_all_square_workspace
163,12,29,29,328,29,0,5,lane_first,True,,16516,619104,211044122,179488,16516,283494,50883771072,2964423808,176516,h_u=2n,module_barriers,retain_all_square_workspace
163,12,30,30,328,30,0,5,lane_first,True,,8324,554428,176708930,184670,8324,193382,35711853940,1537193080,181698,h_u=2n,module_barriers,retain_all_square_workspace
163,12,31,31,328,31,0,5,lane_first,True,,8324,526616,160381802,189852,8324,193382,36713959464,1580328048,186880,h_u=2n,module_barriers,retain_all_square_workspace
163,12,32,32,328,32,0,5,lane_first,True,,8324,498804,144054674,195034,8324,193382,37716064988,1623463016,192062,h_u=2n,module_barriers,retain_all_square_workspace
163,12,33,33,328,33,0,6,lane_first,True,,4248,485960,132110338,206304,4248,163394,33708835776,876379392,203332,h_u=2n,module_barriers,retain_all_square_workspace
163,12,34,34,328,34,0,6,lane_first,True,,4252,478628,125787690,211486,4252,166206,35150242116,899238472,208514,h_u=2n,module_barriers,retain_all_square_workspace
163,12,35,35,328,35,0,6,lane_first,True,,4256,471296,119465042,216668,4256,169018,36620792024,922139008,213696,h_u=2n,module_barriers,retain_all_square_workspace
163,12,36,36,328,36,0,6,lane_first,True,,4256,463964,113142394,221850,4256,169018,37496643300,944193600,218878,h_u=2n,module_barriers,retain_all_square_workspace
163,12,37,37,328,37,0,6,lane_first,True,,2212,461752,109320866,227032,2212,149302,33896331664,502194784,224060,h_u=2n,module_barriers,retain_all_square_workspace
163,12,38,38,328,38,0,6,lane_first,True,,2212,463636,107500234,232214,2212,149302,34670014628,513657368,229242,h_u=2n,module_barriers,retain_all_square_workspace
163,12,39,39,328,39,0,6,lane_first,True,,2212,465520,105679602,237396,2212,149302,35443697592,525119952,234424,h_u=2n,module_barriers,retain_all_square_workspace
163,12,40,40,328,40,0,6,lane_first,True,,2212,467404,103858970,242578,2212,149302,36217380556,536582536,239606,h_u=2n,module_barriers,retain_all_square_workspace
163,12,41,41,328,41,0,6,lane_first,True,,1192,469288,102038338,247760,1192,140850,34896996000,295329920,244788,h_u=2n,module_barriers,retain_all_square_workspace
163,12,42,42,328,42,0,6,lane_first,True,,1192,475268,102218602,252942,1192,140850,35626880700,301506864,249970,h_u=2n,module_barriers,retain_all_square_workspace
163,12,43,43,328,43,0,6,lane_first,True,,1192,481248,102398866,258124,1192,140850,36356765400,307683808,255152,h_u=2n,module_barriers,retain_all_square_workspace
163,12,44,44,328,44,0,6,lane_first,True,,1192,487228,102579130,263306,1192,140850,37086650100,313860752,260334,h_u=2n,module_barriers,retain_all_square_workspace
163,12,45,45,328,45,0,6,lane_first,True,,1192,493208,102759394,268488,1192,140850,37816534800,320037696,265516,h_u=2n,module_barriers,retain_all_square_workspace
163,12,46,46,328,46,0,6,lane_first,True,,1192,499188,102939658,273670,1192,140850,38546419500,326214640,270698,h_u=2n,module_barriers,retain_all_square_workspace
163,12,47,47,328,47,0,6,lane_first,True,,680,505424,103244978,278852,680,135218,37705809736,189619360,275880,h_u=2n,module_barriers,retain_all_square_workspace
163,12,48,48,328,48,0,6,lane_first,True,,680,513196,104300634,284034,680,135218,38406509412,193143120,281062,h_u=2n,module_barriers,retain_all_square_workspace
163,12,49,49,328,49,0,6,lane_first,True,,684,520968,105356294,289216,684,137984,39907180544,197823744,286244,h_u=2n,module_barriers,retain_all_square_workspace
163,12,50,50,328,50,0,6,lane_first,True,,684,528740,106411950,294398,684,137984,40622213632,201368232,291426,h_u=2n,module_barriers,retain_all_square_workspace
163,12,51,51,328,51,0,6,lane_first,True,,684,536512,107467606,299580,684,137984,41337246720,204912720,296608,h_u=2n,module_barriers,retain_all_square_workspace
163,12,52,52,328,52,0,6,lane_first,True,,684,544284,108523262,304762,684,137984,42052279808,208457208,301790,h_u=2n,module_barriers,retain_all_square_workspace
163,12,53,53,328,53,0,6,lane_first,True,,684,552056,109578918,309944,684,137984,42767312896,212001696,306972,h_u=2n,module_barriers,retain_all_square_workspace
163,12,54,54,328,54,0,6,lane_first,True,,684,559828,110634574,315126,684,137984,43482345984,215546184,312154,h_u=2n,module_barriers,retain_all_square_workspace
163,12,55,55,328,55,0,6,lane_first,True,,428,567856,111815286,320308,428,135168,43295391744,137091824,317336,h_u=2n,module_barriers,retain_all_square_workspace
163,12,56,56,328,56,0,6,lane_first,True,,428,576396,113246110,325490,428,135168,43995832320,139309720,322518,h_u=2n,module_barriers,retain_all_square_workspace
163,12,57,57,328,57,0,6,lane_first,True,,428,584936,114676934,330672,428,135168,44696272896,141527616,327700,h_u=2n,module_barriers,retain_all_square_workspace
163,12,58,58,328,58,0,6,lane_first,True,,428,593476,116107758,335854,428,135168,45396713472,143745512,332882,h_u=2n,module_barriers,retain_all_square_workspace
163,12,59,59,328,59,0,6,lane_first,True,,428,602016,117538582,341036,428,135168,46097154048,145963408,338064,h_u=2n,module_barriers,retain_all_square_workspace
163,12,60,60,328,60,0,6,lane_first,True,,428,610556,118969406,346218,428,135168,46797594624,148181304,343246,h_u=2n,module_barriers,retain_all_square_workspace
163,12,61,61,328,61,0,6,lane_first,True,,428,619096,120400230,351400,428,135168,47498035200,150399200,348428,h_u=2n,module_barriers,retain_all_square_workspace
163,12,62,62,328,62,0,6,lane_first,True,,428,627636,121831054,356582,428,135168,48198475776,152617096,353610,h_u=2n,module_barriers,retain_all_square_workspace
163,12,63,63,328,63,0,6,lane_first,True,,428,636176,123261878,361764,428,135168,48898916352,154834992,358792,h_u=2n,module_barriers,retain_all_square_workspace
163,12,64,64,328,64,0,6,lane_first,True,,428,644716,124692702,366946,428,135168,49599356928,157052888,363974,h_u=2n,module_barriers,retain_all_square_workspace
163,12,65,65,328,65,0,7,lane_first,True,,448,664128,128505422,378216,448,150236,56821658976,169440768,375244,h_u=2n,module_barriers,retain_all_square_workspace
163,12,66,66,328,66,0,7,lane_first,True,,324,672796,129998774,383398,324,151640,58138472720,124220952,380426,h_u=2n,module_barriers,retain_all_square_workspace
163,12,67,67,328,67,0,7,lane_first,True,,328,681656,131585918,388580,328,154452,60016958160,127454240,385608,h_u=2n,module_barriers,retain_all_square_workspace
163,12,68,68,328,68,0,7,lane_first,True,,328,690516,133173062,393762,328,154452,60817328424,129153936,390790,h_u=2n,module_barriers,retain_all_square_workspace
163,12,69,69,328,69,0,7,lane_first,True,,332,699376,134760206,398944,332,157264,62739529216,132449408,395972,h_u=2n,module_barriers,retain_all_square_workspace
163,12,70,70,328,70,0,7,lane_first,True,,332,708236,136347350,404126,332,157264,63554471264,134169832,401154,h_u=2n,module_barriers,retain_all_square_workspace
163,12,71,71,328,71,0,7,lane_first,True,,332,717096,137934494,409308,332,157264,64369413312,135890256,406336,h_u=2n,module_barriers,retain_all_square_workspace
163,12,72,72,328,72,0,7,lane_first,True,,332,725956,139521638,414490,332,157264,65184355360,137610680,411518,h_u=2n,module_barriers,retain_all_square_workspace
163,12,73,73,328,73,0,7,lane_first,True,,336,734816,141108782,419672,336,160076,67179415072,141009792,416700,h_u=2n,module_barriers,retain_all_square_workspace
163,12,74,74,328,74,0,7,lane_first,True,,336,743676,142695926,424854,336,160076,68008928904,142750944,421882,h_u=2n,module_barriers,retain_all_square_workspace
163,12,75,75,328,75,0,7,lane_first,True,,336,752536,144283070,430036,336,160076,68838442736,144492096,427064,h_u=2n,module_barriers,retain_all_square_workspace
163,12,76,76,328,76,0,7,lane_first,True,,336,761396,145870214,435218,336,160076,69667956568,146233248,432246,h_u=2n,module_barriers,retain_all_square_workspace
163,12,77,77,328,77,0,7,lane_first,True,,336,770256,147457358,440400,336,160076,70497470400,147974400,437428,h_u=2n,module_barriers,retain_all_square_workspace
163,12,78,78,328,78,0,7,lane_first,True,,336,779116,149044502,445582,336,160076,71326984232,149715552,442610,h_u=2n,module_barriers,retain_all_square_workspace
163,12,79,79,328,79,0,7,lane_first,True,,336,787976,150631646,450764,336,160076,72156498064,151456704,447792,h_u=2n,module_barriers,retain_all_square_workspace
163,12,80,80,328,80,0,7,lane_first,True,,336,796836,152218790,455946,336,160076,72986011896,153197856,452974,h_u=2n,module_barriers,retain_all_square_workspace
163,12,81,81,328,81,0,7,lane_first,True,,340,805696,153805934,461128,340,162888,75112217664,156783520,458156,h_u=2n,module_barriers,retain_all_square_workspace
163,12,82,82,328,82,0,7,lane_first,True,,276,814556,155393078,466310,276,162184,75628021040,128701560,463338,h_u=2n,module_barriers,retain_all_square_workspace
163,12,83,83,328,83,0,7,lane_first,True,,276,823544,157042750,471492,276,162184,76468458528,130131792,468520,h_u=2n,module_barriers,retain_all_square_workspace
163,12,84,84,328,84,0,7,lane_first,True,,276,832532,158692422,476674,276,162184,77308896016,131562024,473702,h_u=2n,module_barriers,retain_all_square_workspace
163,12,85,85,328,85,0,7,lane_first,True,,276,841520,160342094,481856,276,162184,78149333504,132992256,478884,h_u=2n,module_barriers,retain_all_square_workspace
163,12,86,86,328,86,0,7,lane_first,True,,276,850508,161991766,487038,276,162184,78989770992,134422488,484066,h_u=2n,module_barriers,retain_all_square_workspace
163,12,87,87,328,87,0,7,lane_first,True,,276,859496,163641438,492220,276,162184,79830208480,135852720,489248,h_u=2n,module_barriers,retain_all_square_workspace
163,12,88,88,328,88,0,7,lane_first,True,,276,868484,165291110,497402,276,162184,80670645968,137282952,494430,h_u=2n,module_barriers,retain_all_square_workspace
163,12,89,89,328,89,0,7,lane_first,True,,276,877472,166940782,502584,276,162184,81511083456,138713184,499612,h_u=2n,module_barriers,retain_all_square_workspace
163,12,90,90,328,90,0,7,lane_first,True,,276,886460,168590454,507766,276,162184,82351520944,140143416,504794,h_u=2n,module_barriers,retain_all_square_workspace
163,12,91,91,328,91,0,7,lane_first,True,,276,895448,170240126,512948,276,162184,83191958432,141573648,509976,h_u=2n,module_barriers,retain_all_square_workspace
163,12,92,92,328,92,0,7,lane_first,True,,276,904436,171889798,518130,276,162184,84032395920,143003880,515158,h_u=2n,module_barriers,retain_all_square_workspace
163,12,93,93,328,93,0,7,lane_first,True,,276,913424,173539470,523312,276,162184,84872833408,144434112,520340,h_u=2n,module_barriers,retain_all_square_workspace
163,12,94,94,328,94,0,7,lane_first,True,,276,922412,175189142,528494,276,162184,85713270896,145864344,525522,h_u=2n,module_barriers,retain_all_square_workspace
163,12,95,95,328,95,0,7,lane_first,True,,276,931400,176838814,533676,276,162184,86553708384,147294576,530704,h_u=2n,module_barriers,retain_all_square_workspace
163,12,96,96,328,96,0,7,lane_first,True,,276,940388,178488486,538858,276,162184,87394145872,148724808,535886,h_u=2n,module_barriers,retain_all_square_workspace
163,12,97,97,328,97,0,7,lane_first,True,,280,949376,180138162,544040,280,164950,89739398000,152331200,541068,h_u=2n,module_barriers,retain_all_square_workspace
163,12,98,98,328,98,0,7,lane_first,True,,280,958364,181787834,549222,280,164950,90594168900,153782160,546250,h_u=2n,module_barriers,retain_all_square_workspace
163,12,99,99,328,99,0,7,lane_first,True,,280,967352,183437506,554404,280,164950,91448939800,155233120,551432,h_u=2n,module_barriers,retain_all_square_workspace
163,12,100,100,328,100,0,7,lane_first,True,,280,976340,185087178,559586,280,164950,92303710700,156684080,556614,h_u=2n,module_barriers,retain_all_square_workspace
163,12,101,101,328,101,0,7,lane_first,True,,280,985328,186736850,564768,280,164950,93158481600,158135040,561796,h_u=2n,module_barriers,retain_all_square_workspace
163,12,102,102,328,102,0,7,lane_first,True,,280,994316,188386522,569950,280,164950,94013252500,159586000,566978,h_u=2n,module_barriers,retain_all_square_workspace
163,12,103,103,328,103,0,7,lane_first,True,,280,1003304,190036194,575132,280,164950,94868023400,161036960,572160,h_u=2n,module_barriers,retain_all_square_workspace
163,12,104,104,328,104,0,7,lane_first,True,,280,1012292,191685866,580314,280,164950,95722794300,162487920,577342,h_u=2n,module_barriers,retain_all_square_workspace
163,12,105,105,328,105,0,7,lane_first,True,,280,1021280,193335538,585496,280,164950,96577565200,163938880,582524,h_u=2n,module_barriers,retain_all_square_workspace
163,12,106,106,328,106,0,7,lane_first,True,,280,1030268,194985210,590678,280,164950,97432336100,165389840,587706,h_u=2n,module_barriers,retain_all_square_workspace
163,12,107,107,328,107,0,7,lane_first,True,,280,1039256,196634882,595860,280,164950,98287107000,166840800,592888,h_u=2n,module_barriers,retain_all_square_workspace
163,12,108,108,328,108,0,7,lane_first,True,,280,1048244,198284554,601042,280,164950,99141877900,168291760,598070,h_u=2n,module_barriers,retain_all_square_workspace
163,12,109,109,328,109,0,7,lane_first,True,,280,1057232,199934226,606224,280,164950,99996648800,169742720,603252,h_u=2n,module_barriers,retain_all_square_workspace
163,12,110,110,328,110,0,7,lane_first,True,,248,1066252,201599530,611406,248,164598,100636204788,151628688,608434,h_u=2n,module_barriers,retain_all_square_workspace
163,12,111,111,328,111,0,7,lane_first,True,,248,1075288,203272650,616588,248,164598,101489151624,152913824,613616,h_u=2n,module_barriers,retain_all_square_workspace
163,12,112,112,328,112,0,7,lane_first,True,,248,1084324,204945770,621770,248,164598,102342098460,154198960,618798,h_u=2n,module_barriers,retain_all_square_workspace
163,12,113,113,328,113,0,7,lane_first,True,,248,1093360,206618890,626952,248,164598,103195045296,155484096,623980,h_u=2n,module_barriers,retain_all_square_workspace
163,12,114,114,328,114,0,7,lane_first,True,,248,1102396,208292010,632134,248,164598,104047992132,156769232,629162,h_u=2n,module_barriers,retain_all_square_workspace
163,12,115,115,328,115,0,7,lane_first,True,,248,1111432,209965130,637316,248,164598,104900938968,158054368,634344,h_u=2n,module_barriers,retain_all_square_workspace
163,12,116,116,328,116,0,7,lane_first,True,,248,1120468,211638250,642498,248,164598,105753885804,159339504,639526,h_u=2n,module_barriers,retain_all_square_workspace
163,12,117,117,328,117,0,7,lane_first,True,,248,1129504,213311370,647680,248,164598,106606832640,160624640,644708,h_u=2n,module_barriers,retain_all_square_workspace
163,12,118,118,328,118,0,7,lane_first,True,,248,1138540,214984490,652862,248,164598,107459779476,161909776,649890,h_u=2n,module_barriers,retain_all_square_workspace
163,12,119,119,328,119,0,7,lane_first,True,,248,1147576,216657610,658044,248,164598,108312726312,163194912,655072,h_u=2n,module_barriers,retain_all_square_workspace
163,12,120,120,328,120,0,7,lane_first,True,,248,1156612,218330730,663226,248,164598,109165673148,164480048,660254,h_u=2n,module_barriers,retain_all_square_workspace
163,12,121,121,328,121,0,7,lane_first,True,,248,1165648,220003850,668408,248,164598,110018619984,165765184,665436,h_u=2n,module_barriers,retain_all_square_workspace
163,12,122,122,328,122,0,7,lane_first,True,,248,1174684,221676970,673590,248,164598,110871566820,167050320,670618,h_u=2n,module_barriers,retain_all_square_workspace
163,12,123,123,328,123,0,7,lane_first,True,,248,1183720,223350090,678772,248,164598,111724513656,168335456,675800,h_u=2n,module_barriers,retain_all_square_workspace
163,12,124,124,328,124,0,7,lane_first,True,,248,1192756,225023210,683954,248,164598,112577460492,169620592,680982,h_u=2n,module_barriers,retain_all_square_workspace
163,12,125,125,328,125,0,7,lane_first,True,,248,1201792,226696330,689136,248,164598,113430407328,170905728,686164,h_u=2n,module_barriers,retain_all_square_workspace
163,12,126,126,328,126,0,7,lane_first,True,,248,1210828,228369450,694318,248,164598,114283354164,172190864,691346,h_u=2n,module_barriers,retain_all_square_workspace
163,12,127,127,328,127,0,7,lane_first,True,,248,1219864,230042570,699500,248,164598,115136301000,173476000,696528,h_u=2n,module_barriers,retain_all_square_workspace
163,12,128,128,328,128,0,7,lane_first,True,,248,1228900,231715690,704682,248,164598,115989247836,174761136,701710,h_u=2n,module_barriers,retain_all_square_workspace
163,12,129,129,328,129,0,8,lane_first,True,,268,1248808,235770706,715952,268,179666,128632232032,191875136,712980,h_u=2n,module_barriers,retain_all_square_workspace
163,12,130,130,328,130,0,8,lane_first,True,,272,1257844,237443826,721134,272,182478,131591090052,196148448,718162,h_u=2n,module_barriers,retain_all_square_workspace
163,12,131,131,328,131,0,8,lane_first,True,,276,1266880,239116946,726316,276,185290,134579091640,200463216,723344,h_u=2n,module_barriers,retain_all_square_workspace
163,12,132,132,328,132,0,8,lane_first,True,,276,1275916,240790066,731498,276,185290,135539264420,201893448,728526,h_u=2n,module_barriers,retain_all_square_workspace
163,12,133,133,328,133,0,8,lane_first,True,,280,1284952,242463186,736680,280,188102,138570981360,206270400,733708,h_u=2n,module_barriers,retain_all_square_workspace
163,12,134,134,328,134,0,8,lane_first,True,,280,1293988,244136306,741862,280,188102,139545725924,207721360,738890,h_u=2n,module_barriers,retain_all_square_workspace
163,12,135,135,328,135,0,8,lane_first,True,,280,1303024,245809426,747044,280,188102,140520470488,209172320,744072,h_u=2n,module_barriers,retain_all_square_workspace
163,12,136,136,328,136,0,8,lane_first,True,,280,1312060,247482546,752226,280,188102,141495215052,210623280,749254,h_u=2n,module_barriers,retain_all_square_workspace
163,12,137,137,328,137,0,8,lane_first,True,,284,1321096,249155666,757408,284,190914,144599790912,215103872,754436,h_u=2n,module_barriers,retain_all_square_workspace
163,12,138,138,328,138,0,8,lane_first,True,,284,1330132,250828786,762590,284,190914,145589107260,216575560,759618,h_u=2n,module_barriers,retain_all_square_workspace
163,12,139,139,328,139,0,8,lane_first,True,,284,1339168,252501906,767772,284,190914,146578423608,218047248,764800,h_u=2n,module_barriers,retain_all_square_workspace
163,12,140,140,328,140,0,8,lane_first,True,,284,1348204,254175026,772954,284,190914,147567739956,219518936,769982,h_u=2n,module_barriers,retain_all_square_workspace
163,12,141,141,328,141,0,8,lane_first,True,,284,1357240,255848146,778136,284,190914,148557056304,220990624,775164,h_u=2n,module_barriers,retain_all_square_workspace
163,12,142,142,328,142,0,8,lane_first,True,,284,1366276,257521266,783318,284,190914,149546372652,222462312,780346,h_u=2n,module_barriers,retain_all_square_workspace
163,12,143,143,328,143,0,8,lane_first,True,,284,1375312,259194386,788500,284,190914,150535689000,223934000,785528,h_u=2n,module_barriers,retain_all_square_workspace
163,12,144,144,328,144,0,8,lane_first,True,,284,1384348,260867506,793682,284,190914,151525005348,225405688,790710,h_u=2n,module_barriers,retain_all_square_workspace
163,12,145,145,328,145,0,8,lane_first,True,,288,1393384,262540626,798864,288,193726,154760727264,230072832,795892,h_u=2n,module_barriers,retain_all_square_workspace
163,12,146,146,328,146,0,8,lane_first,True,,288,1402420,264213746,804046,288,193726,155764615396,231565248,801074,h_u=2n,module_barriers,retain_all_square_workspace
163,12,147,147,328,147,0,8,lane_first,True,,288,1411456,265886866,809228,288,193726,156768503528,233057664,806256,h_u=2n,module_barriers,retain_all_square_workspace
163,12,148,148,328,148,0,8,lane_first,True,,288,1420492,267559986,814410,288,193726,157772391660,234550080,811438,h_u=2n,module_barriers,retain_all_square_workspace
163,12,149,149,328,149,0,8,lane_first,True,,288,1429528,269233106,819592,288,193726,158776279792,236042496,816620,h_u=2n,module_barriers,retain_all_square_workspace
163,12,150,150,328,150,0,8,lane_first,True,,288,1438564,270906226,824774,288,193726,159780167924,237534912,821802,h_u=2n,module_barriers,retain_all_square_workspace
163,12,151,151,328,151,0,8,lane_first,True,,288,1447600,272579346,829956,288,193726,160784056056,239027328,826984,h_u=2n,module_barriers,retain_all_square_workspace
163,12,152,152,328,152,0,8,lane_first,True,,288,1456636,274252466,835138,288,193726,161787944188,240519744,832166,h_u=2n,module_barriers,retain_all_square_workspace
163,12,153,153,328,153,0,8,lane_first,True,,288,1465672,275925586,840320,288,193726,162791832320,242012160,837348,h_u=2n,module_barriers,retain_all_square_workspace
163,12,154,154,328,154,0,8,lane_first,True,,288,1474708,277598706,845502,288,193726,163795720452,243504576,842530,h_u=2n,module_barriers,retain_all_square_workspace
163,12,155,155,328,155,0,8,lane_first,True,,288,1483744,279271826,850684,288,193726,164799608584,244996992,847712,h_u=2n,module_barriers,retain_all_square_workspace
163,12,156,156,328,156,0,8,lane_first,True,,288,1492780,280944946,855866,288,193726,165803496716,246489408,852894,h_u=2n,module_barriers,retain_all_square_workspace
163,12,157,157,328,157,0,8,lane_first,True,,288,1501816,282618066,861048,288,193726,166807384848,247981824,858076,h_u=2n,module_barriers,retain_all_square_workspace
163,12,158,158,328,158,0,8,lane_first,True,,288,1510852,284291186,866230,288,193726,167811272980,249474240,863258,h_u=2n,module_barriers,retain_all_square_workspace
163,12,159,159,328,159,0,8,lane_first,True,,288,1519888,285964306,871412,288,193726,168815161112,250966656,868440,h_u=2n,module_barriers,retain_all_square_workspace
163,12,160,160,328,160,0,8,lane_first,True,,288,1528924,287637426,876594,288,193726,169819049244,252459072,873622,h_u=2n,module_barriers,retain_all_square_workspace
163,12,161,161,328,161,0,8,lane_first,True,,292,1537960,289310546,881776,292,196538,173302491488,257478592,878804,h_u=2n,module_barriers,retain_all_square_workspace
163,12,162,162,328,162,0,8,lane_first,True,,292,1546996,290983666,886958,292,196538,174320951404,258991736,883986,h_u=2n,module_barriers,retain_all_square_workspace
163,12,163,163,328,163,0,8,lane_first,True,,292,1556032,292656786,892140,292,196538,175339411320,260504880,889168,h_u=2n,module_barriers,retain_all_square_workspace
163,12,164,164,328,164,0,8,lane_first,True,,276,1565068,294329906,897322,276,196362,176199942564,247660872,894350,h_u=2n,module_barriers,retain_all_square_workspace
163,12,165,165,328,165,0,8,lane_first,True,,276,1574120,296010842,902504,276,196362,177217490448,249091104,899532,h_u=2n,module_barriers,retain_all_square_workspace
163,12,166,166,328,166,0,8,lane_first,False,reduction:83,276,,,,,,,,,,,
163,12,167,167,328,167,0,8,lane_first,False,reduction:83,276,,,,,,,,,,,
163,12,168,168,328,168,0,8,lane_first,False,reduction:84,276,,,,,,,,,,,
163,12,169,169,328,169,0,8,lane_first,False,reduction:84,276,,,,,,,,,,,
163,12,170,170,328,170,0,8,lane_first,False,reduction:85,276,,,,,,,,,,,
163,12,171,171,328,171,0,8,lane_first,False,reduction:85,276,,,,,,,,,,,
163,12,172,172,328,172,0,8,lane_first,False,reduction:86,276,,,,,,,,,,,
163,12,173,173,328,173,0,8,lane_first,False,reduction:86,276,,,,,,,,,,,
163,12,174,174,328,174,0,8,lane_first,False,reduction:87,276,,,,,,,,,,,
163,12,175,175,328,175,0,8,lane_first,False,reduction:87,276,,,,,,,,,,,
163,12,176,176,328,176,0,8,lane_first,False,reduction:88,276,,,,,,,,,,,
163,12,177,177,328,177,0,8,lane_first,False,reduction:88,276,,,,,,,,,,,
163,12,178,178,328,178,0,8,lane_first,False,reduction:89,276,,,,,,,,,,,
163,12,179,179,328,179,0,8,lane_first,False,reduction:89,276,,,,,,,,,,,
163,12,180,180,328,180,0,8,lane_first,False,reduction:90,276,,,,,,,,,,,
163,12,181,181,328,181,0,8,lane_first,False,reduction:90,276,,,,,,,,,,,
163,12,182,182,328,182,0,8,lane_first,False,reduction:91,276,,,,,,,,,,,
163,12,183,183,328,183,0,8,lane_first,False,reduction:91,276,,,,,,,,,,,
163,12,184,184,328,184,0,8,lane_first,False,reduction:92,276,,,,,,,,,,,
163,12,185,185,328,185,0,8,lane_first,False,reduction:92,276,,,,,,,,,,,
163,12,186,186,328,186,0,8,lane_first,False,reduction:93,276,,,,,,,,,,,
163,12,187,187,328,187,0,8,lane_first,False,reduction:93,276,,,,,,,,,,,
163,12,188,188,328,188,0,8,lane_first,False,reduction:94,276,,,,,,,,,,,
163,12,189,189,328,189,0,8,lane_first,False,reduction:94,276,,,,,,,,,,,
163,12,190,190,328,190,0,8,lane_first,False,reduction:95,276,,,,,,,,,,,
163,12,191,191,328,191,0,8,lane_first,False,reduction:95,276,,,,,,,,,,,
163,12,192,192,328,192,0,8,lane_first,False,reduction:96,276,,,,,,,,,,,
163,12,193,193,328,193,0,8,lane_first,False,reduction:96,280,,,,,,,,,,,
163,12,194,194,328,194,0,8,lane_first,False,reduction:97,280,,,,,,,,,,,
163,12,195,195,328,195,0,8,lane_first,False,reduction:97,280,,,,,,,,,,,
163,12,196,196,328,196,0,8,lane_first,False,reduction:98,280,,,,,,,,,,,
163,12,197,197,328,197,0,8,lane_first,False,reduction:98,280,,,,,,,,,,,
163,12,198,198,328,198,0,8,lane_first,False,reduction:99,280,,,,,,,,,,,
163,12,199,199,328,199,0,8,lane_first,False,reduction:99,280,,,,,,,,,,,
163,12,200,200,328,200,0,8,lane_first,False,reduction:100,280,,,,,,,,,,,
163,12,201,201,328,201,0,8,lane_first,False,reduction:100,280,,,,,,,,,,,
163,12,202,202,328,202,0,8,lane_first,False,reduction:101,280,,,,,,,,,,,
163,12,203,203,328,203,0,8,lane_first,False,reduction:101,280,,,,,,,,,,,
163,12,204,204,328,204,0,8,lane_first,False,reduction:102,280,,,,,,,,,,,
163,12,205,205,328,205,0,8,lane_first,False,reduction:102,280,,,,,,,,,,,
163,12,206,206,328,206,0,8,lane_first,False,reduction:103,280,,,,,,,,,,,
163,12,207,207,328,207,0,8,lane_first,False,reduction:103,280,,,,,,,,,,,
163,12,208,208,328,208,0,8,lane_first,False,reduction:104,280,,,,,,,,,,,
163,12,209,209,328,209,0,8,lane_first,False,reduction:104,280,,,,,,,,,,,
163,12,210,210,328,210,0,8,lane_first,False,reduction:105,280,,,,,,,,,,,
163,12,211,211,328,211,0,8,lane_first,False,reduction:105,280,,,,,,,,,,,
163,12,212,212,328,212,0,8,lane_first,False,reduction:106,280,,,,,,,,,,,
163,12,213,213,328,213,0,8,lane_first,False,reduction:106,280,,,,,,,,,,,
163,12,214,214,328,214,0,8,lane_first,False,reduction:107,280,,,,,,,,,,,
163,12,215,215,328,215,0,8,lane_first,False,reduction:107,280,,,,,,,,,,,
163,12,216,216,328,216,0,8,lane_first,False,reduction:108,280,,,,,,,,,,,
163,12,217,217,328,217,0,8,lane_first,False,reduction:108,280,,,,,,,,,,,
163,12,218,218,328,218,0,8,lane_first,False,reduction:109,280,,,,,,,,,,,
163,12,219,219,328,219,0,8,lane_first,False,reduction:109,280,,,,,,,,,,,
163,12,220,220,328,220,0,8,lane_first,False,reduction:110,280,,,,,,,,,,,
163,12,221,221,328,221,0,8,lane_first,False,reduction:110,280,,,,,,,,,,,
163,12,222,222,328,222,0,8,lane_first,False,reduction:111,280,,,,,,,,,,,
163,12,223,223,328,223,0,8,lane_first,False,reduction:111,280,,,,,,,,,,,
163,12,224,224,328,224,0,8,lane_first,False,reduction:112,280,,,,,,,,,,,
163,12,225,225,328,225,0,8,lane_first,False,reduction:112,280,,,,,,,,,,,
163,12,226,226,328,226,0,8,lane_first,False,reduction:113,280,,,,,,,,,,,
163,12,227,227,328,227,0,8,lane_first,False,reduction:113,280,,,,,,,,,,,
163,12,228,228,328,228,0,8,lane_first,False,reduction:114,280,,,,,,,,,,,
163,12,229,229,328,229,0,8,lane_first,False,reduction:114,280,,,,,,,,,,,
163,12,230,230,328,230,0,8,lane_first,False,reduction:115,280,,,,,,,,,,,
163,12,231,231,328,231,0,8,lane_first,False,reduction:115,280,,,,,,,,,,,
163,12,232,232,328,232,0,8,lane_first,False,reduction:116,280,,,,,,,,,,,
163,12,233,233,328,233,0,8,lane_first,False,reduction:116,280,,,,,,,,,,,
163,12,234,234,328,234,0,8,lane_first,False,reduction:117,280,,,,,,,,,,,
163,12,235,235,328,235,0,8,lane_first,False,reduction:117,280,,,,,,,,,,,
163,12,236,236,328,236,0,8,lane_first,False,reduction:118,280,,,,,,,,,,,
163,12,237,237,328,237,0,8,lane_first,False,reduction:118,280,,,,,,,,,,,
163,12,238,238,328,238,0,8,lane_first,False,reduction:119,280,,,,,,,,,,,
163,12,239,239,328,239,0,8,lane_first,False,reduction:119,280,,,,,,,,,,,
163,12,240,240,328,240,0,8,lane_first,False,reduction:120,280,,,,,,,,,,,
163,12,241,241,328,241,0,8,lane_first,False,reduction:120,280,,,,,,,,,,,
163,12,242,242,328,242,0,8,lane_first,False,reduction:121,280,,,,,,,,,,,
163,12,243,243,328,243,0,8,lane_first,False,reduction:121,280,,,,,,,,,,,
163,12,244,244,328,244,0,8,lane_first,False,reduction:122,280,,,,,,,,,,,
163,12,245,245,328,245,0,8,lane_first,False,reduction:122,280,,,,,,,,,,,
163,12,246,246,328,246,0,8,lane_first,False,reduction:123,280,,,,,,,,,,,
163,12,247,247,328,247,0,8,lane_first,False,reduction:123,280,,,,,,,,,,,
163,12,248,248,328,248,0,8,lane_first,False,reduction:124,280,,,,,,,,,,,
163,12,249,249,328,249,0,8,lane_first,False,reduction:124,280,,,,,,,,,,,
163,12,250,250,328,250,0,8,lane_first,False,reduction:125,280,,,,,,,,,,,
163,12,251,251,328,251,0,8,lane_first,False,reduction:125,280,,,,,,,,,,,
163,12,252,252,328,252,0,8,lane_first,False,reduction:126,280,,,,,,,,,,,
163,12,253,253,328,253,0,8,lane_first,False,reduction:126,280,,,,,,,,,,,
163,12,254,254,328,254,0,8,lane_first,False,reduction:127,280,,,,,,,,,,,
163,12,255,255,328,255,0,8,lane_first,False,reduction:127,280,,,,,,,,,,,
163,12,256,256,328,256,0,8,lane_first,False,reduction:128,280,,,,,,,,,,,
163,12,257,257,328,257,0,9,lane_first,False,reduction:128,300,,,,,,,,,,,
163,12,258,258,328,258,0,9,lane_first,False,reduction:129,304,,,,,,,,,,,
163,12,259,259,328,259,0,9,lane_first,False,reduction:129,308,,,,,,,,,,,
163,12,260,260,328,260,0,9,lane_first,False,reduction:130,308,,,,,,,,,,,
163,12,261,261,328,261,0,9,lane_first,False,reduction:130,312,,,,,,,,,,,
163,12,262,262,328,262,0,9,lane_first,False,reduction:131,312,,,,,,,,,,,
163,12,263,263,328,263,0,9,lane_first,False,reduction:131,312,,,,,,,,,,,
163,12,264,264,328,264,0,9,lane_first,False,reduction:132,312,,,,,,,,,,,
163,12,265,265,328,265,0,9,lane_first,False,reduction:132,316,,,,,,,,,,,
163,12,266,266,328,266,0,9,lane_first,False,reduction:133,316,,,,,,,,,,,
163,12,267,267,328,267,0,9,lane_first,False,reduction:133,316,,,,,,,,,,,
163,12,268,268,328,268,0,9,lane_first,False,reduction:134,316,,,,,,,,,,,
163,12,269,269,328,269,0,9,lane_first,False,reduction:134,316,,,,,,,,,,,
163,12,270,270,328,270,0,9,lane_first,False,reduction:135,316,,,,,,,,,,,
163,12,271,271,328,271,0,9,lane_first,False,reduction:135,316,,,,,,,,,,,
163,12,272,272,328,272,0,9,lane_first,False,reduction:136,316,,,,,,,,,,,
163,12,273,273,328,273,0,9,lane_first,False,reduction:136,320,,,,,,,,,,,
163,12,274,274,328,274,0,9,lane_first,False,reduction:137,320,,,,,,,,,,,
163,12,275,275,328,275,0,9,lane_first,False,reduction:137,320,,,,,,,,,,,
163,12,276,276,328,276,0,9,lane_first,False,reduction:138,320,,,,,,,,,,,
163,12,277,277,328,277,0,9,lane_first,False,reduction:138,320,,,,,,,,,,,
163,12,278,278,328,278,0,9,lane_first,False,reduction:139,320,,,,,,,,,,,
163,12,279,279,328,279,0,9,lane_first,False,reduction:139,320,,,,,,,,,,,
163,12,280,280,328,280,0,9,lane_first,False,reduction:140,320,,,,,,,,,,,
163,12,281,281,328,281,0,9,lane_first,False,reduction:140,320,,,,,,,,,,,
163,12,282,282,328,282,0,9,lane_first,False,reduction:141,320,,,,,,,,,,,
163,12,283,283,328,283,0,9,lane_first,False,reduction:141,320,,,,,,,,,,,
163,12,284,284,328,284,0,9,lane_first,False,reduction:142,320,,,,,,,,,,,
163,12,285,285,328,285,0,9,lane_first,False,reduction:142,320,,,,,,,,,,,
163,12,286,286,328,286,0,9,lane_first,False,reduction:143,320,,,,,,,,,,,
163,12,287,287,328,287,0,9,lane_first,False,reduction:143,320,,,,,,,,,,,
163,12,288,288,328,288,0,9,lane_first,False,reduction:144,320,,,,,,,,,,,
163,12,289,289,328,289,0,9,lane_first,False,reduction:144,324,,,,,,,,,,,
163,12,290,290,328,290,0,9,lane_first,False,reduction:145,324,,,,,,,,,,,
163,12,291,291,328,291,0,9,lane_first,False,reduction:145,324,,,,,,,,,,,
163,12,292,292,328,292,0,9,lane_first,False,reduction:146,324,,,,,,,,,,,
163,12,293,293,328,293,0,9,lane_first,False,reduction:146,324,,,,,,,,,,,
163,12,294,294,328,294,0,9,lane_first,False,reduction:147,324,,,,,,,,,,,
163,12,295,295,328,295,0,9,lane_first,False,reduction:147,324,,,,,,,,,,,
163,12,296,296,328,296,0,9,lane_first,False,reduction:148,324,,,,,,,,,,,
163,12,297,297,328,297,0,9,lane_first,False,reduction:148,324,,,,,,,,,,,
163,12,298,298,328,298,0,9,lane_first,False,reduction:149,324,,,,,,,,,,,
163,12,299,299,328,299,0,9,lane_first,False,reduction:149,324,,,,,,,,,,,
163,12,300,300,328,300,0,9,lane_first,False,reduction:150,324,,,,,,,,,,,
163,12,301,301,328,301,0,9,lane_first,False,reduction:150,324,,,,,,,,,,,
163,12,302,302,328,302,0,9,lane_first,False,reduction:151,324,,,,,,,,,,,
163,12,303,303,328,303,0,9,lane_first,False,reduction:151,324,,,,,,,,,,,
163,12,304,304,328,304,0,9,lane_first,False,reduction:152,324,,,,,,,,,,,
163,12,305,305,328,305,0,9,lane_first,False,reduction:152,324,,,,,,,,,,,
163,12,306,306,328,306,0,9,lane_first,False,reduction:153,324,,,,,,,,,,,
163,12,307,307,328,307,0,9,lane_first,False,reduction:153,324,,,,,,,,,,,
163,12,308,308,328,308,0,9,lane_first,False,reduction:154,324,,,,,,,,,,,
163,12,309,309,328,309,0,9,lane_first,False,reduction:154,324,,,,,,,,,,,
163,12,310,310,328,310,0,9,lane_first,False,reduction:155,324,,,,,,,,,,,
163,12,311,311,328,311,0,9,lane_first,False,reduction:155,324,,,,,,,,,,,
163,12,312,312,328,312,0,9,lane_first,False,reduction:156,324,,,,,,,,,,,
163,12,313,313,328,313,0,9,lane_first,False,reduction:156,324,,,,,,,,,,,
163,12,314,314,328,314,0,9,lane_first,False,reduction:157,324,,,,,,,,,,,
163,12,315,315,328,315,0,9,lane_first,False,reduction:157,324,,,,,,,,,,,
163,12,316,316,328,316,0,9,lane_first,False,reduction:158,324,,,,,,,,,,,
163,12,317,317,328,317,0,9,lane_first,False,reduction:158,324,,,,,,,,,,,
163,12,318,318,328,318,0,9,lane_first,False,reduction:159,324,,,,,,,,,,,
163,12,319,319,328,319,0,9,lane_first,False,reduction:159,324,,,,,,,,,,,
163,12,320,320,328,320,0,9,lane_first,False,reduction:160,324,,,,,,,,,,,
163,12,321,321,328,321,0,9,lane_first,False,reduction:160,328,,,,,,,,,,,
163,12,322,322,328,322,0,9,lane_first,False,reduction:161,328,,,,,,,,,,,
163,12,323,323,328,323,0,9,lane_first,False,reduction:161,328,,,,,,,,,,,
163,12,324,324,328,324,0,9,lane_first,False,reduction:162,328,,,,,,,,,,,
163,12,325,325,328,325,0,9,lane_first,False,reduction:162,328,,,,,,,,,,,
163,12,326,326,328,326,0,9,lane_first,False,reduction:163,328,,,,,,,,,,,
163,12,327,327,328,327,0,9,lane_first,False,reduction:163,328,,,,,,,,,,,
163,12,328,328,328,328,0,9,lane_first,False,reduction:164,320,,,,,,,,,,,
163,13,1,1,328,26,25,0,lane_first,True,,1604628,2102428,885921018,277552,1604628,18036840,5006161015680,445367710656,274580,h_u=2n,module_barriers,retain_all_square_workspace
163,13,2,2,328,26,12,1,lane_first,True,,755264,1877748,811287746,204822,755264,8540698,1749322845756,154694683008,201850,h_u=2n,module_barriers,retain_all_square_workspace
163,13,3,3,328,27,8,2,lane_first,True,,491804,1818396,788315138,191740,491804,5606862,1075059719880,94298498960,188768,h_u=2n,module_barriers,retain_all_square_workspace
163,13,4,4,328,28,6,2,lane_first,True,,360432,1772476,768974998,184746,360432,4122532,761621296872,66588370272,181774,h_u=2n,module_barriers,retain_all_square_workspace
163,13,5,5,328,28,5,3,lane_first,True,,294868,1804836,784756802,185072,294868,3406188,630390025536,54571810496,182100,h_u=2n,module_barriers,retain_all_square_workspace
163,13,6,6,328,30,4,3,lane_first,True,,229412,1714084,737846838,189022,229412,2668080,504325817760,43363915064,186050,h_u=2n,module_barriers,retain_all_square_workspace
163,13,7,7,328,28,3,3,lane_first,True,,165876,1468788,626403398,173548,165876,1948398,338140576104,28787448048,170576,h_u=2n,module_barriers,retain_all_square_workspace
163,13,8,8,328,32,3,3,lane_first,True,,163884,1655820,706781214,193298,163884,1926246,372339499308,31678449432,190326,h_u=2n,module_barriers,retain_all_square_workspace
163,13,9,9,328,27,2,4,lane_first,True,,114724,1290892,542189410,169344,114724,1382522,234121805568,19427821056,166372,h_u=2n,module_barriers,retain_all_square_workspace
163,13,10,10,328,30,2,4,lane_first,True,,99384,1319116,547729834,184238,99384,1216390,224105260820,18310309392,181266,h_u=2n,module_barriers,retain_all_square_workspace
163,13,11,11,328,33,2,4,lane_first,True,,98504,1436684,596914802,199132,98504,1209358,240821877256,19615298528,196160,h_u=2n,module_barriers,retain_all_square_workspace
163,13,12,12,328,36,2,4,lane_first,True,,98416,1561164,649476282,214026,98416,1208310,258609756060,21063582816,211054,h_u=2n,module_barriers,retain_all_square_workspace
163,13,13,13,328,26,1,4,lane_first,True,,98372,1230236,518124138,159704,98372,1184512,189171304448,15710401888,156732,h_u=2n,module_barriers,retain_all_square_workspace
163,13,14,14,328,28,1,4,lane_first,True,,49228,920708,361413026,169742,49228,643848,109288047216,8356059176,166770,h_u=2n,module_barriers,retain_all_square_workspace
163,13,15,15,328,30,1,4,lane_first,True,,36948,865132,328757466,179780,36948,508688,91451928640,6642511440,176808,h_u=2n,module_barriers,retain_all_square_workspace
163,13,16,16,328,32,1,4,lane_first,True,,34904,883284,332118034,189818,34904,486164,92282678152,6625407472,186846,h_u=2n,module_barriers,retain_all_square_workspace
163,13,17,17,328,34,1,5,lane_first,True,,33908,931764,347364754,205944,33908,492784,101485908096,6983149152,202972,h_u=2n,module_barriers,retain_all_square_workspace
163,13,18,18,328,36,1,5,lane_first,True,,33404,977052,363981258,215982,33404,489968,105824268576,7214662728,213010,h_u=2n,module_barriers,retain_all_square_workspace
163,13,19,19,328,38,1,5,lane_first,True,,33156,1025412,382098434,226020,33156,489968,110742567360,7493919120,223048,h_u=2n,module_barriers,retain_all_square_workspace
163,13,20,20,328,40,1,5,lane_first,True,,33032,1075052,400840890,236058,33032,488564,115329440712,7797467856,233086,h_u=2n,module_barriers,retain_all_square_workspace
163,13,21,21,328,42,1,5,lane_first,True,,32976,1125268,419864722,246096,32976,490676,120753400896,8115261696,243124,h_u=2n,module_barriers,retain_all_square_workspace
163,13,22,22,328,44,1,5,lane_first,True,,32948,1175772,439029242,256134,32948,490328,125589671952,8439103032,253162,h_u=2n,module_barriers,retain_all_square_workspace
163,13,23,23,328,46,1,5,lane_first,True,,32948,1226484,458295370,266172,32948,490328,130511584416,8769835056,263200,h_u=2n,module_barriers,retain_all_square_workspace
163,13,24,24,328,40,1,5,lane_first,True,,32932,1204812,464124442,237362,32932,487344,115676946528,7816805384,234390,h_u=2n,module_barriers,retain_all_square_workspace
163,13,25,25,328,28,1,5,lane_first,True,,32928,1128852,459875726,179416,32928,484486,86924540176,5907810048,176444,h_u=2n,module_barriers,retain_all_square_workspace
163,13,26,26,328,26,0,5,lane_first,True,,32900,968780,390083746,163942,32900,463718,76022856356,5393691800,160970,h_u=2n,module_barriers,retain_all_square_workspace
163,13,27,27,328,27,0,5,lane_first,True,,32900,797608,303725258,169124,32900,463718,78425843032,5564179600,166152,h_u=2n,module_barriers,retain_all_square_workspace
163,13,28,28,328,28,0,5,lane_first,True,,16516,691972,249381106,174306,16516,283494,49414705164,2878837896,171334,h_u=2n,module_barriers,retain_all_square_workspace
163,13,29,29,328,29,0,5,lane_first,True,,16516,619104,211044122,179488,16516,283494,50883771072,2964423808,176516,h_u=2n,module_barriers,retain_all_square_workspace
163,13,30,30,328,30,0,5,lane_first,True,,8324,554428,176708930,184670,8324,193382,35711853940,1537193080,181698,h_u=2n,module_barriers,retain_all_square_workspace
163,13,31,31,328,31,0,5,lane_first,True,,8324,526616,160381802,189852,8324,193382,36713959464,1580328048,186880,h_u=2n,module_barriers,retain_all_square_workspace
163,13,32,32,328,32,0,5,lane_first,True,,8324,498804,144054674,195034,8324,193382,37716064988,1623463016,192062,h_u=2n,module_barriers,retain_all_square_workspace
163,13,33,33,328,33,0,6,lane_first,True,,4248,485960,132110338,206304,4248,163394,33708835776,876379392,203332,h_u=2n,module_barriers,retain_all_square_workspace
163,13,34,34,328,34,0,6,lane_first,True,,4252,478628,125787690,211486,4252,166206,35150242116,899238472,208514,h_u=2n,module_barriers,retain_all_square_workspace
163,13,35,35,328,35,0,6,lane_first,True,,4256,471296,119465042,216668,4256,169018,36620792024,922139008,213696,h_u=2n,module_barriers,retain_all_square_workspace
163,13,36,36,328,36,0,6,lane_first,True,,4256,463964,113142394,221850,4256,169018,37496643300,944193600,218878,h_u=2n,module_barriers,retain_all_square_workspace
163,13,37,37,328,37,0,6,lane_first,True,,2212,461752,109320866,227032,2212,149302,33896331664,502194784,224060,h_u=2n,module_barriers,retain_all_square_workspace
163,13,38,38,328,38,0,6,lane_first,True,,2212,463636,107500234,232214,2212,149302,34670014628,513657368,229242,h_u=2n,module_barriers,retain_all_square_workspace
163,13,39,39,328,39,0,6,lane_first,True,,2212,465520,105679602,237396,2212,149302,35443697592,525119952,234424,h_u=2n,module_barriers,retain_all_square_workspace
163,13,40,40,328,40,0,6,lane_first,True,,2212,467404,103858970,242578,2212,149302,36217380556,536582536,239606,h_u=2n,module_barriers,retain_all_square_workspace
163,13,41,41,328,41,0,6,lane_first,True,,1192,469288,102038338,247760,1192,140850,34896996000,295329920,244788,h_u=2n,module_barriers,retain_all_square_workspace
163,13,42,42,328,42,0,6,lane_first,True,,1192,475268,102218602,252942,1192,140850,35626880700,301506864,249970,h_u=2n,module_barriers,retain_all_square_workspace
163,13,43,43,328,43,0,6,lane_first,True,,1192,481248,102398866,258124,1192,140850,36356765400,307683808,255152,h_u=2n,module_barriers,retain_all_square_workspace
163,13,44,44,328,44,0,6,lane_first,True,,1192,487228,102579130,263306,1192,140850,37086650100,313860752,260334,h_u=2n,module_barriers,retain_all_square_workspace
163,13,45,45,328,45,0,6,lane_first,True,,1192,493208,102759394,268488,1192,140850,37816534800,320037696,265516,h_u=2n,module_barriers,retain_all_square_workspace
163,13,46,46,328,46,0,6,lane_first,True,,1192,499188,102939658,273670,1192,140850,38546419500,326214640,270698,h_u=2n,module_barriers,retain_all_square_workspace
163,13,47,47,328,47,0,6,lane_first,True,,680,505424,103244978,278852,680,135218,37705809736,189619360,275880,h_u=2n,module_barriers,retain_all_square_workspace
163,13,48,48,328,48,0,6,lane_first,True,,680,513196,104300634,284034,680,135218,38406509412,193143120,281062,h_u=2n,module_barriers,retain_all_square_workspace
163,13,49,49,328,49,0,6,lane_first,True,,684,520968,105356294,289216,684,137984,39907180544,197823744,286244,h_u=2n,module_barriers,retain_all_square_workspace
163,13,50,50,328,50,0,6,lane_first,True,,684,528740,106411950,294398,684,137984,40622213632,201368232,291426,h_u=2n,module_barriers,retain_all_square_workspace
163,13,51,51,328,51,0,6,lane_first,True,,684,536512,107467606,299580,684,137984,41337246720,204912720,296608,h_u=2n,module_barriers,retain_all_square_workspace
163,13,52,52,328,52,0,6,lane_first,True,,684,544284,108523262,304762,684,137984,42052279808,208457208,301790,h_u=2n,module_barriers,retain_all_square_workspace
163,13,53,53,328,53,0,6,lane_first,True,,684,552056,109578918,309944,684,137984,42767312896,212001696,306972,h_u=2n,module_barriers,retain_all_square_workspace
163,13,54,54,328,54,0,6,lane_first,True,,684,559828,110634574,315126,684,137984,43482345984,215546184,312154,h_u=2n,module_barriers,retain_all_square_workspace
163,13,55,55,328,55,0,6,lane_first,True,,428,567856,111815286,320308,428,135168,43295391744,137091824,317336,h_u=2n,module_barriers,retain_all_square_workspace
163,13,56,56,328,56,0,6,lane_first,True,,428,576396,113246110,325490,428,135168,43995832320,139309720,322518,h_u=2n,module_barriers,retain_all_square_workspace
163,13,57,57,328,57,0,6,lane_first,True,,428,584936,114676934,330672,428,135168,44696272896,141527616,327700,h_u=2n,module_barriers,retain_all_square_workspace
163,13,58,58,328,58,0,6,lane_first,True,,428,593476,116107758,335854,428,135168,45396713472,143745512,332882,h_u=2n,module_barriers,retain_all_square_workspace
163,13,59,59,328,59,0,6,lane_first,True,,428,602016,117538582,341036,428,135168,46097154048,145963408,338064,h_u=2n,module_barriers,retain_all_square_workspace
163,13,60,60,328,60,0,6,lane_first,True,,428,610556,118969406,346218,428,135168,46797594624,148181304,343246,h_u=2n,module_barriers,retain_all_square_workspace
163,13,61,61,328,61,0,6,lane_first,True,,428,619096,120400230,351400,428,135168,47498035200,150399200,348428,h_u=2n,module_barriers,retain_all_square_workspace
163,13,62,62,328,62,0,6,lane_first,True,,428,627636,121831054,356582,428,135168,48198475776,152617096,353610,h_u=2n,module_barriers,retain_all_square_workspace
163,13,63,63,328,63,0,6,lane_first,True,,428,636176,123261878,361764,428,135168,48898916352,154834992,358792,h_u=2n,module_barriers,retain_all_square_workspace
163,13,64,64,328,64,0,6,lane_first,True,,428,644716,124692702,366946,428,135168,49599356928,157052888,363974,h_u=2n,module_barriers,retain_all_square_workspace
163,13,65,65,328,65,0,7,lane_first,True,,448,664128,128505422,378216,448,150236,56821658976,169440768,375244,h_u=2n,module_barriers,retain_all_square_workspace
163,13,66,66,328,66,0,7,lane_first,True,,324,672796,129998774,383398,324,151640,58138472720,124220952,380426,h_u=2n,module_barriers,retain_all_square_workspace
163,13,67,67,328,67,0,7,lane_first,True,,328,681656,131585918,388580,328,154452,60016958160,127454240,385608,h_u=2n,module_barriers,retain_all_square_workspace
163,13,68,68,328,68,0,7,lane_first,True,,328,690516,133173062,393762,328,154452,60817328424,129153936,390790,h_u=2n,module_barriers,retain_all_square_workspace
163,13,69,69,328,69,0,7,lane_first,True,,332,699376,134760206,398944,332,157264,62739529216,132449408,395972,h_u=2n,module_barriers,retain_all_square_workspace
163,13,70,70,328,70,0,7,lane_first,True,,332,708236,136347350,404126,332,157264,63554471264,134169832,401154,h_u=2n,module_barriers,retain_all_square_workspace
163,13,71,71,328,71,0,7,lane_first,True,,332,717096,137934494,409308,332,157264,64369413312,135890256,406336,h_u=2n,module_barriers,retain_all_square_workspace
163,13,72,72,328,72,0,7,lane_first,True,,332,725956,139521638,414490,332,157264,65184355360,137610680,411518,h_u=2n,module_barriers,retain_all_square_workspace
163,13,73,73,328,73,0,7,lane_first,True,,336,734816,141108782,419672,336,160076,67179415072,141009792,416700,h_u=2n,module_barriers,retain_all_square_workspace
163,13,74,74,328,74,0,7,lane_first,True,,336,743676,142695926,424854,336,160076,68008928904,142750944,421882,h_u=2n,module_barriers,retain_all_square_workspace
163,13,75,75,328,75,0,7,lane_first,True,,336,752536,144283070,430036,336,160076,68838442736,144492096,427064,h_u=2n,module_barriers,retain_all_square_workspace
163,13,76,76,328,76,0,7,lane_first,True,,336,761396,145870214,435218,336,160076,69667956568,146233248,432246,h_u=2n,module_barriers,retain_all_square_workspace
163,13,77,77,328,77,0,7,lane_first,True,,336,770256,147457358,440400,336,160076,70497470400,147974400,437428,h_u=2n,module_barriers,retain_all_square_workspace
163,13,78,78,328,78,0,7,lane_first,True,,336,779116,149044502,445582,336,160076,71326984232,149715552,442610,h_u=2n,module_barriers,retain_all_square_workspace
163,13,79,79,328,79,0,7,lane_first,True,,336,787976,150631646,450764,336,160076,72156498064,151456704,447792,h_u=2n,module_barriers,retain_all_square_workspace
163,13,80,80,328,80,0,7,lane_first,True,,336,796836,152218790,455946,336,160076,72986011896,153197856,452974,h_u=2n,module_barriers,retain_all_square_workspace
163,13,81,81,328,81,0,7,lane_first,True,,340,805696,153805934,461128,340,162888,75112217664,156783520,458156,h_u=2n,module_barriers,retain_all_square_workspace
163,13,82,82,328,82,0,7,lane_first,True,,276,814556,155393078,466310,276,162184,75628021040,128701560,463338,h_u=2n,module_barriers,retain_all_square_workspace
163,13,83,83,328,83,0,7,lane_first,True,,276,823544,157042750,471492,276,162184,76468458528,130131792,468520,h_u=2n,module_barriers,retain_all_square_workspace
163,13,84,84,328,84,0,7,lane_first,True,,276,832532,158692422,476674,276,162184,77308896016,131562024,473702,h_u=2n,module_barriers,retain_all_square_workspace
163,13,85,85,328,85,0,7,lane_first,True,,276,841520,160342094,481856,276,162184,78149333504,132992256,478884,h_u=2n,module_barriers,retain_all_square_workspace
163,13,86,86,328,86,0,7,lane_first,True,,276,850508,161991766,487038,276,162184,78989770992,134422488,484066,h_u=2n,module_barriers,retain_all_square_workspace
163,13,87,87,328,87,0,7,lane_first,True,,276,859496,163641438,492220,276,162184,79830208480,135852720,489248,h_u=2n,module_barriers,retain_all_square_workspace
163,13,88,88,328,88,0,7,lane_first,True,,276,868484,165291110,497402,276,162184,80670645968,137282952,494430,h_u=2n,module_barriers,retain_all_square_workspace
163,13,89,89,328,89,0,7,lane_first,True,,276,877472,166940782,502584,276,162184,81511083456,138713184,499612,h_u=2n,module_barriers,retain_all_square_workspace
163,13,90,90,328,90,0,7,lane_first,True,,276,886460,168590454,507766,276,162184,82351520944,140143416,504794,h_u=2n,module_barriers,retain_all_square_workspace
163,13,91,91,328,91,0,7,lane_first,True,,276,895448,170240126,512948,276,162184,83191958432,141573648,509976,h_u=2n,module_barriers,retain_all_square_workspace
163,13,92,92,328,92,0,7,lane_first,True,,276,904436,171889798,518130,276,162184,84032395920,143003880,515158,h_u=2n,module_barriers,retain_all_square_workspace
163,13,93,93,328,93,0,7,lane_first,True,,276,913424,173539470,523312,276,162184,84872833408,144434112,520340,h_u=2n,module_barriers,retain_all_square_workspace
163,13,94,94,328,94,0,7,lane_first,True,,276,922412,175189142,528494,276,162184,85713270896,145864344,525522,h_u=2n,module_barriers,retain_all_square_workspace
163,13,95,95,328,95,0,7,lane_first,True,,276,931400,176838814,533676,276,162184,86553708384,147294576,530704,h_u=2n,module_barriers,retain_all_square_workspace
163,13,96,96,328,96,0,7,lane_first,True,,276,940388,178488486,538858,276,162184,87394145872,148724808,535886,h_u=2n,module_barriers,retain_all_square_workspace
163,13,97,97,328,97,0,7,lane_first,True,,280,949376,180138162,544040,280,164950,89739398000,152331200,541068,h_u=2n,module_barriers,retain_all_square_workspace
163,13,98,98,328,98,0,7,lane_first,True,,280,958364,181787834,549222,280,164950,90594168900,153782160,546250,h_u=2n,module_barriers,retain_all_square_workspace
163,13,99,99,328,99,0,7,lane_first,True,,280,967352,183437506,554404,280,164950,91448939800,155233120,551432,h_u=2n,module_barriers,retain_all_square_workspace
163,13,100,100,328,100,0,7,lane_first,True,,280,976340,185087178,559586,280,164950,92303710700,156684080,556614,h_u=2n,module_barriers,retain_all_square_workspace
163,13,101,101,328,101,0,7,lane_first,True,,280,985328,186736850,564768,280,164950,93158481600,158135040,561796,h_u=2n,module_barriers,retain_all_square_workspace
163,13,102,102,328,102,0,7,lane_first,True,,280,994316,188386522,569950,280,164950,94013252500,159586000,566978,h_u=2n,module_barriers,retain_all_square_workspace
163,13,103,103,328,103,0,7,lane_first,True,,280,1003304,190036194,575132,280,164950,94868023400,161036960,572160,h_u=2n,module_barriers,retain_all_square_workspace
163,13,104,104,328,104,0,7,lane_first,True,,280,1012292,191685866,580314,280,164950,95722794300,162487920,577342,h_u=2n,module_barriers,retain_all_square_workspace
163,13,105,105,328,105,0,7,lane_first,True,,280,1021280,193335538,585496,280,164950,96577565200,163938880,582524,h_u=2n,module_barriers,retain_all_square_workspace
163,13,106,106,328,106,0,7,lane_first,True,,280,1030268,194985210,590678,280,164950,97432336100,165389840,587706,h_u=2n,module_barriers,retain_all_square_workspace
163,13,107,107,328,107,0,7,lane_first,True,,280,1039256,196634882,595860,280,164950,98287107000,166840800,592888,h_u=2n,module_barriers,retain_all_square_workspace
163,13,108,108,328,108,0,7,lane_first,True,,280,1048244,198284554,601042,280,164950,99141877900,168291760,598070,h_u=2n,module_barriers,retain_all_square_workspace
163,13,109,109,328,109,0,7,lane_first,True,,280,1057232,199934226,606224,280,164950,99996648800,169742720,603252,h_u=2n,module_barriers,retain_all_square_workspace
163,13,110,110,328,110,0,7,lane_first,True,,248,1066252,201599530,611406,248,164598,100636204788,151628688,608434,h_u=2n,module_barriers,retain_all_square_workspace
163,13,111,111,328,111,0,7,lane_first,True,,248,1075288,203272650,616588,248,164598,101489151624,152913824,613616,h_u=2n,module_barriers,retain_all_square_workspace
163,13,112,112,328,112,0,7,lane_first,True,,248,1084324,204945770,621770,248,164598,102342098460,154198960,618798,h_u=2n,module_barriers,retain_all_square_workspace
163,13,113,113,328,113,0,7,lane_first,True,,248,1093360,206618890,626952,248,164598,103195045296,155484096,623980,h_u=2n,module_barriers,retain_all_square_workspace
163,13,114,114,328,114,0,7,lane_first,True,,248,1102396,208292010,632134,248,164598,104047992132,156769232,629162,h_u=2n,module_barriers,retain_all_square_workspace
163,13,115,115,328,115,0,7,lane_first,True,,248,1111432,209965130,637316,248,164598,104900938968,158054368,634344,h_u=2n,module_barriers,retain_all_square_workspace
163,13,116,116,328,116,0,7,lane_first,True,,248,1120468,211638250,642498,248,164598,105753885804,159339504,639526,h_u=2n,module_barriers,retain_all_square_workspace
163,13,117,117,328,117,0,7,lane_first,True,,248,1129504,213311370,647680,248,164598,106606832640,160624640,644708,h_u=2n,module_barriers,retain_all_square_workspace
163,13,118,118,328,118,0,7,lane_first,True,,248,1138540,214984490,652862,248,164598,107459779476,161909776,649890,h_u=2n,module_barriers,retain_all_square_workspace
163,13,119,119,328,119,0,7,lane_first,True,,248,1147576,216657610,658044,248,164598,108312726312,163194912,655072,h_u=2n,module_barriers,retain_all_square_workspace
163,13,120,120,328,120,0,7,lane_first,True,,248,1156612,218330730,663226,248,164598,109165673148,164480048,660254,h_u=2n,module_barriers,retain_all_square_workspace
163,13,121,121,328,121,0,7,lane_first,True,,248,1165648,220003850,668408,248,164598,110018619984,165765184,665436,h_u=2n,module_barriers,retain_all_square_workspace
163,13,122,122,328,122,0,7,lane_first,True,,248,1174684,221676970,673590,248,164598,110871566820,167050320,670618,h_u=2n,module_barriers,retain_all_square_workspace
163,13,123,123,328,123,0,7,lane_first,True,,248,1183720,223350090,678772,248,164598,111724513656,168335456,675800,h_u=2n,module_barriers,retain_all_square_workspace
163,13,124,124,328,124,0,7,lane_first,True,,248,1192756,225023210,683954,248,164598,112577460492,169620592,680982,h_u=2n,module_barriers,retain_all_square_workspace
163,13,125,125,328,125,0,7,lane_first,True,,248,1201792,226696330,689136,248,164598,113430407328,170905728,686164,h_u=2n,module_barriers,retain_all_square_workspace
163,13,126,126,328,126,0,7,lane_first,True,,248,1210828,228369450,694318,248,164598,114283354164,172190864,691346,h_u=2n,module_barriers,retain_all_square_workspace
163,13,127,127,328,127,0,7,lane_first,True,,248,1219864,230042570,699500,248,164598,115136301000,173476000,696528,h_u=2n,module_barriers,retain_all_square_workspace
163,13,128,128,328,128,0,7,lane_first,True,,248,1228900,231715690,704682,248,164598,115989247836,174761136,701710,h_u=2n,module_barriers,retain_all_square_workspace
163,13,129,129,328,129,0,8,lane_first,True,,268,1248808,235770706,715952,268,179666,128632232032,191875136,712980,h_u=2n,module_barriers,retain_all_square_workspace
163,13,130,130,328,130,0,8,lane_first,True,,272,1257844,237443826,721134,272,182478,131591090052,196148448,718162,h_u=2n,module_barriers,retain_all_square_workspace
163,13,131,131,328,131,0,8,lane_first,True,,276,1266880,239116946,726316,276,185290,134579091640,200463216,723344,h_u=2n,module_barriers,retain_all_square_workspace
163,13,132,132,328,132,0,8,lane_first,True,,276,1275916,240790066,731498,276,185290,135539264420,201893448,728526,h_u=2n,module_barriers,retain_all_square_workspace
163,13,133,133,328,133,0,8,lane_first,True,,280,1284952,242463186,736680,280,188102,138570981360,206270400,733708,h_u=2n,module_barriers,retain_all_square_workspace
163,13,134,134,328,134,0,8,lane_first,True,,280,1293988,244136306,741862,280,188102,139545725924,207721360,738890,h_u=2n,module_barriers,retain_all_square_workspace
163,13,135,135,328,135,0,8,lane_first,True,,280,1303024,245809426,747044,280,188102,140520470488,209172320,744072,h_u=2n,module_barriers,retain_all_square_workspace
163,13,136,136,328,136,0,8,lane_first,True,,280,1312060,247482546,752226,280,188102,141495215052,210623280,749254,h_u=2n,module_barriers,retain_all_square_workspace
163,13,137,137,328,137,0,8,lane_first,True,,284,1321096,249155666,757408,284,190914,144599790912,215103872,754436,h_u=2n,module_barriers,retain_all_square_workspace
163,13,138,138,328,138,0,8,lane_first,True,,284,1330132,250828786,762590,284,190914,145589107260,216575560,759618,h_u=2n,module_barriers,retain_all_square_workspace
163,13,139,139,328,139,0,8,lane_first,True,,284,1339168,252501906,767772,284,190914,146578423608,218047248,764800,h_u=2n,module_barriers,retain_all_square_workspace
163,13,140,140,328,140,0,8,lane_first,True,,284,1348204,254175026,772954,284,190914,147567739956,219518936,769982,h_u=2n,module_barriers,retain_all_square_workspace
163,13,141,141,328,141,0,8,lane_first,True,,284,1357240,255848146,778136,284,190914,148557056304,220990624,775164,h_u=2n,module_barriers,retain_all_square_workspace
163,13,142,142,328,142,0,8,lane_first,True,,284,1366276,257521266,783318,284,190914,149546372652,222462312,780346,h_u=2n,module_barriers,retain_all_square_workspace
163,13,143,143,328,143,0,8,lane_first,True,,284,1375312,259194386,788500,284,190914,150535689000,223934000,785528,h_u=2n,module_barriers,retain_all_square_workspace
163,13,144,144,328,144,0,8,lane_first,True,,284,1384348,260867506,793682,284,190914,151525005348,225405688,790710,h_u=2n,module_barriers,retain_all_square_workspace
163,13,145,145,328,145,0,8,lane_first,True,,288,1393384,262540626,798864,288,193726,154760727264,230072832,795892,h_u=2n,module_barriers,retain_all_square_workspace
163,13,146,146,328,146,0,8,lane_first,True,,288,1402420,264213746,804046,288,193726,155764615396,231565248,801074,h_u=2n,module_barriers,retain_all_square_workspace
163,13,147,147,328,147,0,8,lane_first,True,,288,1411456,265886866,809228,288,193726,156768503528,233057664,806256,h_u=2n,module_barriers,retain_all_square_workspace
163,13,148,148,328,148,0,8,lane_first,True,,288,1420492,267559986,814410,288,193726,157772391660,234550080,811438,h_u=2n,module_barriers,retain_all_square_workspace
163,13,149,149,328,149,0,8,lane_first,True,,288,1429528,269233106,819592,288,193726,158776279792,236042496,816620,h_u=2n,module_barriers,retain_all_square_workspace
163,13,150,150,328,150,0,8,lane_first,True,,288,1438564,270906226,824774,288,193726,159780167924,237534912,821802,h_u=2n,module_barriers,retain_all_square_workspace
163,13,151,151,328,151,0,8,lane_first,True,,288,1447600,272579346,829956,288,193726,160784056056,239027328,826984,h_u=2n,module_barriers,retain_all_square_workspace
163,13,152,152,328,152,0,8,lane_first,True,,288,1456636,274252466,835138,288,193726,161787944188,240519744,832166,h_u=2n,module_barriers,retain_all_square_workspace
163,13,153,153,328,153,0,8,lane_first,True,,288,1465672,275925586,840320,288,193726,162791832320,242012160,837348,h_u=2n,module_barriers,retain_all_square_workspace
163,13,154,154,328,154,0,8,lane_first,True,,288,1474708,277598706,845502,288,193726,163795720452,243504576,842530,h_u=2n,module_barriers,retain_all_square_workspace
163,13,155,155,328,155,0,8,lane_first,True,,288,1483744,279271826,850684,288,193726,164799608584,244996992,847712,h_u=2n,module_barriers,retain_all_square_workspace
163,13,156,156,328,156,0,8,lane_first,True,,288,1492780,280944946,855866,288,193726,165803496716,246489408,852894,h_u=2n,module_barriers,retain_all_square_workspace
163,13,157,157,328,157,0,8,lane_first,True,,288,1501816,282618066,861048,288,193726,166807384848,247981824,858076,h_u=2n,module_barriers,retain_all_square_workspace
163,13,158,158,328,158,0,8,lane_first,True,,288,1510852,284291186,866230,288,193726,167811272980,249474240,863258,h_u=2n,module_barriers,retain_all_square_workspace
163,13,159,159,328,159,0,8,lane_first,True,,288,1519888,285964306,871412,288,193726,168815161112,250966656,868440,h_u=2n,module_barriers,retain_all_square_workspace
163,13,160,160,328,160,0,8,lane_first,True,,288,1528924,287637426,876594,288,193726,169819049244,252459072,873622,h_u=2n,module_barriers,retain_all_square_workspace
163,13,161,161,328,161,0,8,lane_first,True,,292,1537960,289310546,881776,292,196538,173302491488,257478592,878804,h_u=2n,module_barriers,retain_all_square_workspace
163,13,162,162,328,162,0,8,lane_first,True,,292,1546996,290983666,886958,292,196538,174320951404,258991736,883986,h_u=2n,module_barriers,retain_all_square_workspace
163,13,163,163,328,163,0,8,lane_first,True,,292,1556032,292656786,892140,292,196538,175339411320,260504880,889168,h_u=2n,module_barriers,retain_all_square_workspace
163,13,164,164,328,164,0,8,lane_first,True,,276,1565068,294329906,897322,276,196362,176199942564,247660872,894350,h_u=2n,module_barriers,retain_all_square_workspace
163,13,165,165,328,165,0,8,lane_first,True,,276,1574120,296010842,902504,276,196362,177217490448,249091104,899532,h_u=2n,module_barriers,retain_all_square_workspace
163,13,166,166,328,166,0,8,lane_first,False,reduction:83,276,,,,,,,,,,,
163,13,167,167,328,167,0,8,lane_first,False,reduction:83,276,,,,,,,,,,,
163,13,168,168,328,168,0,8,lane_first,False,reduction:84,276,,,,,,,,,,,
163,13,169,169,328,169,0,8,lane_first,False,reduction:84,276,,,,,,,,,,,
163,13,170,170,328,170,0,8,lane_first,False,reduction:85,276,,,,,,,,,,,
163,13,171,171,328,171,0,8,lane_first,False,reduction:85,276,,,,,,,,,,,
163,13,172,172,328,172,0,8,lane_first,False,reduction:86,276,,,,,,,,,,,
163,13,173,173,328,173,0,8,lane_first,False,reduction:86,276,,,,,,,,,,,
163,13,174,174,328,174,0,8,lane_first,False,reduction:87,276,,,,,,,,,,,
163,13,175,175,328,175,0,8,lane_first,False,reduction:87,276,,,,,,,,,,,
163,13,176,176,328,176,0,8,lane_first,False,reduction:88,276,,,,,,,,,,,
163,13,177,177,328,177,0,8,lane_first,False,reduction:88,276,,,,,,,,,,,
163,13,178,178,328,178,0,8,lane_first,False,reduction:89,276,,,,,,,,,,,
163,13,179,179,328,179,0,8,lane_first,False,reduction:89,276,,,,,,,,,,,
163,13,180,180,328,180,0,8,lane_first,False,reduction:90,276,,,,,,,,,,,
163,13,181,181,328,181,0,8,lane_first,False,reduction:90,276,,,,,,,,,,,
163,13,182,182,328,182,0,8,lane_first,False,reduction:91,276,,,,,,,,,,,
163,13,183,183,328,183,0,8,lane_first,False,reduction:91,276,,,,,,,,,,,
163,13,184,184,328,184,0,8,lane_first,False,reduction:92,276,,,,,,,,,,,
163,13,185,185,328,185,0,8,lane_first,False,reduction:92,276,,,,,,,,,,,
163,13,186,186,328,186,0,8,lane_first,False,reduction:93,276,,,,,,,,,,,
163,13,187,187,328,187,0,8,lane_first,False,reduction:93,276,,,,,,,,,,,
163,13,188,188,328,188,0,8,lane_first,False,reduction:94,276,,,,,,,,,,,
163,13,189,189,328,189,0,8,lane_first,False,reduction:94,276,,,,,,,,,,,
163,13,190,190,328,190,0,8,lane_first,False,reduction:95,276,,,,,,,,,,,
163,13,191,191,328,191,0,8,lane_first,False,reduction:95,276,,,,,,,,,,,
163,13,192,192,328,192,0,8,lane_first,False,reduction:96,276,,,,,,,,,,,
163,13,193,193,328,193,0,8,lane_first,False,reduction:96,280,,,,,,,,,,,
163,13,194,194,328,194,0,8,lane_first,False,reduction:97,280,,,,,,,,,,,
163,13,195,195,328,195,0,8,lane_first,False,reduction:97,280,,,,,,,,,,,
163,13,196,196,328,196,0,8,lane_first,False,reduction:98,280,,,,,,,,,,,
163,13,197,197,328,197,0,8,lane_first,False,reduction:98,280,,,,,,,,,,,
163,13,198,198,328,198,0,8,lane_first,False,reduction:99,280,,,,,,,,,,,
163,13,199,199,328,199,0,8,lane_first,False,reduction:99,280,,,,,,,,,,,
163,13,200,200,328,200,0,8,lane_first,False,reduction:100,280,,,,,,,,,,,
163,13,201,201,328,201,0,8,lane_first,False,reduction:100,280,,,,,,,,,,,
163,13,202,202,328,202,0,8,lane_first,False,reduction:101,280,,,,,,,,,,,
163,13,203,203,328,203,0,8,lane_first,False,reduction:101,280,,,,,,,,,,,
163,13,204,204,328,204,0,8,lane_first,False,reduction:102,280,,,,,,,,,,,
163,13,205,205,328,205,0,8,lane_first,False,reduction:102,280,,,,,,,,,,,
163,13,206,206,328,206,0,8,lane_first,False,reduction:103,280,,,,,,,,,,,
163,13,207,207,328,207,0,8,lane_first,False,reduction:103,280,,,,,,,,,,,
163,13,208,208,328,208,0,8,lane_first,False,reduction:104,280,,,,,,,,,,,
163,13,209,209,328,209,0,8,lane_first,False,reduction:104,280,,,,,,,,,,,
163,13,210,210,328,210,0,8,lane_first,False,reduction:105,280,,,,,,,,,,,
163,13,211,211,328,211,0,8,lane_first,False,reduction:105,280,,,,,,,,,,,
163,13,212,212,328,212,0,8,lane_first,False,reduction:106,280,,,,,,,,,,,
163,13,213,213,328,213,0,8,lane_first,False,reduction:106,280,,,,,,,,,,,
163,13,214,214,328,214,0,8,lane_first,False,reduction:107,280,,,,,,,,,,,
163,13,215,215,328,215,0,8,lane_first,False,reduction:107,280,,,,,,,,,,,
163,13,216,216,328,216,0,8,lane_first,False,reduction:108,280,,,,,,,,,,,
163,13,217,217,328,217,0,8,lane_first,False,reduction:108,280,,,,,,,,,,,
163,13,218,218,328,218,0,8,lane_first,False,reduction:109,280,,,,,,,,,,,
163,13,219,219,328,219,0,8,lane_first,False,reduction:109,280,,,,,,,,,,,
163,13,220,220,328,220,0,8,lane_first,False,reduction:110,280,,,,,,,,,,,
163,13,221,221,328,221,0,8,lane_first,False,reduction:110,280,,,,,,,,,,,
163,13,222,222,328,222,0,8,lane_first,False,reduction:111,280,,,,,,,,,,,
163,13,223,223,328,223,0,8,lane_first,False,reduction:111,280,,,,,,,,,,,
163,13,224,224,328,224,0,8,lane_first,False,reduction:112,280,,,,,,,,,,,
163,13,225,225,328,225,0,8,lane_first,False,reduction:112,280,,,,,,,,,,,
163,13,226,226,328,226,0,8,lane_first,False,reduction:113,280,,,,,,,,,,,
163,13,227,227,328,227,0,8,lane_first,False,reduction:113,280,,,,,,,,,,,
163,13,228,228,328,228,0,8,lane_first,False,reduction:114,280,,,,,,,,,,,
163,13,229,229,328,229,0,8,lane_first,False,reduction:114,280,,,,,,,,,,,
163,13,230,230,328,230,0,8,lane_first,False,reduction:115,280,,,,,,,,,,,
163,13,231,231,328,231,0,8,lane_first,False,reduction:115,280,,,,,,,,,,,
163,13,232,232,328,232,0,8,lane_first,False,reduction:116,280,,,,,,,,,,,
163,13,233,233,328,233,0,8,lane_first,False,reduction:116,280,,,,,,,,,,,
163,13,234,234,328,234,0,8,lane_first,False,reduction:117,280,,,,,,,,,,,
163,13,235,235,328,235,0,8,lane_first,False,reduction:117,280,,,,,,,,,,,
163,13,236,236,328,236,0,8,lane_first,False,reduction:118,280,,,,,,,,,,,
163,13,237,237,328,237,0,8,lane_first,False,reduction:118,280,,,,,,,,,,,
163,13,238,238,328,238,0,8,lane_first,False,reduction:119,280,,,,,,,,,,,
163,13,239,239,328,239,0,8,lane_first,False,reduction:119,280,,,,,,,,,,,
163,13,240,240,328,240,0,8,lane_first,False,reduction:120,280,,,,,,,,,,,
163,13,241,241,328,241,0,8,lane_first,False,reduction:120,280,,,,,,,,,,,
163,13,242,242,328,242,0,8,lane_first,False,reduction:121,280,,,,,,,,,,,
163,13,243,243,328,243,0,8,lane_first,False,reduction:121,280,,,,,,,,,,,
163,13,244,244,328,244,0,8,lane_first,False,reduction:122,280,,,,,,,,,,,
163,13,245,245,328,245,0,8,lane_first,False,reduction:122,280,,,,,,,,,,,
163,13,246,246,328,246,0,8,lane_first,False,reduction:123,280,,,,,,,,,,,
163,13,247,247,328,247,0,8,lane_first,False,reduction:123,280,,,,,,,,,,,
163,13,248,248,328,248,0,8,lane_first,False,reduction:124,280,,,,,,,,,,,
163,13,249,249,328,249,0,8,lane_first,False,reduction:124,280,,,,,,,,,,,
163,13,250,250,328,250,0,8,lane_first,False,reduction:125,280,,,,,,,,,,,
163,13,251,251,328,251,0,8,lane_first,False,reduction:125,280,,,,,,,,,,,
163,13,252,252,328,252,0,8,lane_first,False,reduction:126,280,,,,,,,,,,,
163,13,253,253,328,253,0,8,lane_first,False,reduction:126,280,,,,,,,,,,,
163,13,254,254,328,254,0,8,lane_first,False,reduction:127,280,,,,,,,,,,,
163,13,255,255,328,255,0,8,lane_first,False,reduction:127,280,,,,,,,,,,,
163,13,256,256,328,256,0,8,lane_first,False,reduction:128,280,,,,,,,,,,,
163,13,257,257,328,257,0,9,lane_first,False,reduction:128,300,,,,,,,,,,,
163,13,258,258,328,258,0,9,lane_first,False,reduction:129,304,,,,,,,,,,,
163,13,259,259,328,259,0,9,lane_first,False,reduction:129,308,,,,,,,,,,,
163,13,260,260,328,260,0,9,lane_first,False,reduction:130,308,,,,,,,,,,,
163,13,261,261,328,261,0,9,lane_first,False,reduction:130,312,,,,,,,,,,,
163,13,262,262,328,262,0,9,lane_first,False,reduction:131,312,,,,,,,,,,,
163,13,263,263,328,263,0,9,lane_first,False,reduction:131,312,,,,,,,,,,,
163,13,264,264,328,264,0,9,lane_first,False,reduction:132,312,,,,,,,,,,,
163,13,265,265,328,265,0,9,lane_first,False,reduction:132,316,,,,,,,,,,,
163,13,266,266,328,266,0,9,lane_first,False,reduction:133,316,,,,,,,,,,,
163,13,267,267,328,267,0,9,lane_first,False,reduction:133,316,,,,,,,,,,,
163,13,268,268,328,268,0,9,lane_first,False,reduction:134,316,,,,,,,,,,,
163,13,269,269,328,269,0,9,lane_first,False,reduction:134,316,,,,,,,,,,,
163,13,270,270,328,270,0,9,lane_first,False,reduction:135,316,,,,,,,,,,,
163,13,271,271,328,271,0,9,lane_first,False,reduction:135,316,,,,,,,,,,,
163,13,272,272,328,272,0,9,lane_first,False,reduction:136,316,,,,,,,,,,,
163,13,273,273,328,273,0,9,lane_first,False,reduction:136,320,,,,,,,,,,,
163,13,274,274,328,274,0,9,lane_first,False,reduction:137,320,,,,,,,,,,,
163,13,275,275,328,275,0,9,lane_first,False,reduction:137,320,,,,,,,,,,,
163,13,276,276,328,276,0,9,lane_first,False,reduction:138,320,,,,,,,,,,,
163,13,277,277,328,277,0,9,lane_first,False,reduction:138,320,,,,,,,,,,,
163,13,278,278,328,278,0,9,lane_first,False,reduction:139,320,,,,,,,,,,,
163,13,279,279,328,279,0,9,lane_first,False,reduction:139,320,,,,,,,,,,,
163,13,280,280,328,280,0,9,lane_first,False,reduction:140,320,,,,,,,,,,,
163,13,281,281,328,281,0,9,lane_first,False,reduction:140,320,,,,,,,,,,,
163,13,282,282,328,282,0,9,lane_first,False,reduction:141,320,,,,,,,,,,,
163,13,283,283,328,283,0,9,lane_first,False,reduction:141,320,,,,,,,,,,,
163,13,284,284,328,284,0,9,lane_first,False,reduction:142,320,,,,,,,,,,,
163,13,285,285,328,285,0,9,lane_first,False,reduction:142,320,,,,,,,,,,,
163,13,286,286,328,286,0,9,lane_first,False,reduction:143,320,,,,,,,,,,,
163,13,287,287,328,287,0,9,lane_first,False,reduction:143,320,,,,,,,,,,,
163,13,288,288,328,288,0,9,lane_first,False,reduction:144,320,,,,,,,,,,,
163,13,289,289,328,289,0,9,lane_first,False,reduction:144,324,,,,,,,,,,,
163,13,290,290,328,290,0,9,lane_first,False,reduction:145,324,,,,,,,,,,,
163,13,291,291,328,291,0,9,lane_first,False,reduction:145,324,,,,,,,,,,,
163,13,292,292,328,292,0,9,lane_first,False,reduction:146,324,,,,,,,,,,,
163,13,293,293,328,293,0,9,lane_first,False,reduction:146,324,,,,,,,,,,,
163,13,294,294,328,294,0,9,lane_first,False,reduction:147,324,,,,,,,,,,,
163,13,295,295,328,295,0,9,lane_first,False,reduction:147,324,,,,,,,,,,,
163,13,296,296,328,296,0,9,lane_first,False,reduction:148,324,,,,,,,,,,,
163,13,297,297,328,297,0,9,lane_first,False,reduction:148,324,,,,,,,,,,,
163,13,298,298,328,298,0,9,lane_first,False,reduction:149,324,,,,,,,,,,,
163,13,299,299,328,299,0,9,lane_first,False,reduction:149,324,,,,,,,,,,,
163,13,300,300,328,300,0,9,lane_first,False,reduction:150,324,,,,,,,,,,,
163,13,301,301,328,301,0,9,lane_first,False,reduction:150,324,,,,,,,,,,,
163,13,302,302,328,302,0,9,lane_first,False,reduction:151,324,,,,,,,,,,,
163,13,303,303,328,303,0,9,lane_first,False,reduction:151,324,,,,,,,,,,,
163,13,304,304,328,304,0,9,lane_first,False,reduction:152,324,,,,,,,,,,,
163,13,305,305,328,305,0,9,lane_first,False,reduction:152,324,,,,,,,,,,,
163,13,306,306,328,306,0,9,lane_first,False,reduction:153,324,,,,,,,,,,,
163,13,307,307,328,307,0,9,lane_first,False,reduction:153,324,,,,,,,,,,,
163,13,308,308,328,308,0,9,lane_first,False,reduction:154,324,,,,,,,,,,,
163,13,309,309,328,309,0,9,lane_first,False,reduction:154,324,,,,,,,,,,,
163,13,310,310,328,310,0,9,lane_first,False,reduction:155,324,,,,,,,,,,,
163,13,311,311,328,311,0,9,lane_first,False,reduction:155,324,,,,,,,,,,,
163,13,312,312,328,312,0,9,lane_first,False,reduction:156,324,,,,,,,,,,,
163,13,313,313,328,313,0,9,lane_first,False,reduction:156,324,,,,,,,,,,,
163,13,314,314,328,314,0,9,lane_first,False,reduction:157,324,,,,,,,,,,,
163,13,315,315,328,315,0,9,lane_first,False,reduction:157,324,,,,,,,,,,,
163,13,316,316,328,316,0,9,lane_first,False,reduction:158,324,,,,,,,,,,,
163,13,317,317,328,317,0,9,lane_first,False,reduction:158,324,,,,,,,,,,,
163,13,318,318,328,318,0,9,lane_first,False,reduction:159,324,,,,,,,,,,,
163,13,319,319,328,319,0,9,lane_first,False,reduction:159,324,,,,,,,,,,,
163,13,320,320,328,320,0,9,lane_first,False,reduction:160,324,,,,,,,,,,,
163,13,321,321,328,321,0,9,lane_first,False,reduction:160,328,,,,,,,,,,,
163,13,322,322,328,322,0,9,lane_first,False,reduction:161,328,,,,,,,,,,,
163,13,323,323,328,323,0,9,lane_first,False,reduction:161,328,,,,,,,,,,,
163,13,324,324,328,324,0,9,lane_first,False,reduction:162,328,,,,,,,,,,,
163,13,325,325,328,325,0,9,lane_first,False,reduction:162,328,,,,,,,,,,,
163,13,326,326,328,326,0,9,lane_first,False,reduction:163,328,,,,,,,,,,,
163,13,327,327,328,327,0,9,lane_first,False,reduction:163,328,,,,,,,,,,,
163,13,328,328,328,328,0,9,lane_first,False,reduction:164,320,,,,,,,,,,,
163,14,1,1,328,24,23,0,lane_first,True,,2948552,3406528,1534310698,255664,2948552,32790104,8383249149056,753838598528,252692,h_u=2n,module_barriers,retain_all_square_workspace
163,14,2,2,328,24,11,1,lane_first,True,,1383992,3106260,1419821654,189022,1383992,15439014,2918313304308,261604935824,186050,h_u=2n,module_barriers,retain_all_square_workspace
163,14,3,3,328,24,7,2,lane_first,True,,884496,2926248,1340644998,171084,884496,9906014,1694760499176,151323113664,168112,h_u=2n,module_barriers,retain_all_square_workspace
163,14,4,4,328,24,5,2,lane_first,True,,622436,2773492,1271853834,159234,622436,6984116,1112108727144,99112974024,156262,h_u=2n,module_barriers,retain_all_square_workspace
163,14,5,5,328,25,4,3,lane_first,True,,466872,2618760,1193498926,164416,466872,5277772,867750161152,76761226752,161444,h_u=2n,module_barriers,retain_all_square_workspace
163,14,6,6,328,24,3,3,lane_first,True,,393172,2566132,1173431530,153798,393172,4446212,683818513176,60469067256,150826,h_u=2n,module_barriers,retain_all_square_workspace
163,14,7,7,328,28,3,3,lane_first,True,,327928,2604048,1180964230,173548,327928,3730930,647495439640,56911248544,170576,h_u=2n,module_barriers,retain_all_square_workspace
163,14,8,8,328,24,2,3,lane_first,True,,262140,2358772,1075009234,148362,262140,2983834,442687579908,38891614680,145390,h_u=2n,module_barriers,retain_all_square_workspace
163,14,9,9,328,27,2,4,lane_first,True,,200744,2095792,935365474,169344,200744,2328702,394351711488,33994791936,166372,h_u=2n,module_barriers,retain_all_square_workspace
163,14,10,10,328,30,2,4,lane_first,True,,196924,2295284,1024568362,184238,196924,2289290,421774211020,36280883912,181266,h_u=2n,module_barriers,retain_all_square_workspace
163,14,11,11,328,33,2,4,lane_first,True,,196716,2517112,1124682386,199132,196716,2289650,455942583800,39172450512,196160,h_u=2n,module_barriers,retain_all_square_workspace
163,14,12,12,328,24,1,4,lane_first,True,,196668,2096868,946957102,149666,196668,2263086,338707029276,29434512888,146694,h_u=2n,module_barriers,retain_all_square_workspace
163,14,13,13,328,26,1,4,lane_first,True,,98376,1394128,598159978,159704,98376,1184516,189171943264,15711040704,156732,h_u=2n,module_barriers,retain_all_square_workspace
163,14,14,14,328,28,1,4,lane_first,True,,73808,1297596,545495458,169742,73808,914188,155176099496,12528317536,166770,h_u=2n,module_barriers,retain_all_square_workspace
163,14,15,15,328,30,1,4,lane_first,True,,67672,1328040,554858714,179780,67672,846612,152203905360,12166072160,176808,h_u=2n,module_barriers,retain_all_square_workspace
163,14,16,16,328,32,1,4,lane_first,True,,66652,1395348,582230034,189818,66652,835352,158564845936,12651749336,186846,h_u=2n,module_barriers,retain_all_square_workspace
163,14,17,17,328,34,1,5,lane_first,True,,66168,1483256,616735378,205944,66168,847604,174558958176,13626902592,202972,h_u=2n,module_barriers,retain_all_square_workspace
163,14,18,18,328,36,1,5,lane_first,True,,65920,1564132,650734666,215982,65920,847604,183067207128,14237533440,213010,h_u=2n,module_barriers,retain_all_square_workspace
163,14,19,19,328,38,1,5,lane_first,True,,65800,1646544,685484290,226020,65800,849012,191893692240,14872116000,223048,h_u=2n,module_barriers,retain_all_square_workspace
163,14,20,20,328,40,1,5,lane_first,True,,65740,1729596,720546554,236058,65740,848312,200250834096,15518452920,233086,h_u=2n,module_barriers,retain_all_square_workspace
163,14,21,21,328,42,1,5,lane_first,True,,65716,1812936,755749506,246096,65716,850776,209372570496,16172444736,243124,h_u=2n,module_barriers,retain_all_square_workspace
163,14,22,22,328,42,1,5,lane_first,True,,65704,1878308,787655722,246422,65704,850604,209607538888,16190911088,243450,h_u=2n,module_barriers,retain_all_square_workspace
163,14,23,23,328,29,1,5,lane_first,True,,65696,1826056,797726722,183620,65696,844980,155155227600,12063099520,180648,h_u=2n,module_barriers,retain_all_square_workspace
163,14,24,24,328,24,0,5,lane_first,True,,65664,1573268,690858062,153578,65664,821400,126148969200,10084545792,150606,h_u=2n,module_barriers,retain_all_square_workspace
163,14,25,25,328,25,0,5,lane_first,True,,65668,1189104,500452986,158760,65668,824166,130844594160,10425451680,155788,h_u=2n,module_barriers,retain_all_square_workspace
163,14,26,26,328,26,0,5,lane_first,True,,32900,968780,390083746,163942,32900,463718,76022856356,5393691800,160970,h_u=2n,module_barriers,retain_all_square_workspace
163,14,27,27,328,27,0,5,lane_first,True,,32900,797608,303725258,169124,32900,463718,78425843032,5564179600,166152,h_u=2n,module_barriers,retain_all_square_workspace
163,14,28,28,328,28,0,5,lane_first,True,,16516,691972,249381106,174306,16516,283494,49414705164,2878837896,171334,h_u=2n,module_barriers,retain_all_square_workspace
163,14,29,29,328,29,0,5,lane_first,True,,16516,619104,211044122,179488,16516,283494,50883771072,2964423808,176516,h_u=2n,module_barriers,retain_all_square_workspace
163,14,30,30,328,30,0,5,lane_first,True,,8324,554428,176708930,184670,8324,193382,35711853940,1537193080,181698,h_u=2n,module_barriers,retain_all_square_workspace
163,14,31,31,328,31,0,5,lane_first,True,,8324,526616,160381802,189852,8324,193382,36713959464,1580328048,186880,h_u=2n,module_barriers,retain_all_square_workspace
163,14,32,32,328,32,0,5,lane_first,True,,8324,498804,144054674,195034,8324,193382,37716064988,1623463016,192062,h_u=2n,module_barriers,retain_all_square_workspace
163,14,33,33,328,33,0,6,lane_first,True,,4248,485960,132110338,206304,4248,163394,33708835776,876379392,203332,h_u=2n,module_barriers,retain_all_square_workspace
163,14,34,34,328,34,0,6,lane_first,True,,4252,478628,125787690,211486,4252,166206,35150242116,899238472,208514,h_u=2n,module_barriers,retain_all_square_workspace
163,14,35,35,328,35,0,6,lane_first,True,,4256,471296,119465042,216668,4256,169018,36620792024,922139008,213696,h_u=2n,module_barriers,retain_all_square_workspace
163,14,36,36,328,36,0,6,lane_first,True,,4256,463964,113142394,221850,4256,169018,37496643300,944193600,218878,h_u=2n,module_barriers,retain_all_square_workspace
163,14,37,37,328,37,0,6,lane_first,True,,2212,461752,109320866,227032,2212,149302,33896331664,502194784,224060,h_u=2n,module_barriers,retain_all_square_workspace
163,14,38,38,328,38,0,6,lane_first,True,,2212,463636,107500234,232214,2212,149302,34670014628,513657368,229242,h_u=2n,module_barriers,retain_all_square_workspace
163,14,39,39,328,39,0,6,lane_first,True,,2212,465520,105679602,237396,2212,149302,35443697592,525119952,234424,h_u=2n,module_barriers,retain_all_square_workspace
163,14,40,40,328,40,0,6,lane_first,True,,2212,467404,103858970,242578,2212,149302,36217380556,536582536,239606,h_u=2n,module_barriers,retain_all_square_workspace
163,14,41,41,328,41,0,6,lane_first,True,,1192,469288,102038338,247760,1192,140850,34896996000,295329920,244788,h_u=2n,module_barriers,retain_all_square_workspace
163,14,42,42,328,42,0,6,lane_first,True,,1192,475268,102218602,252942,1192,140850,35626880700,301506864,249970,h_u=2n,module_barriers,retain_all_square_workspace
163,14,43,43,328,43,0,6,lane_first,True,,1192,481248,102398866,258124,1192,140850,36356765400,307683808,255152,h_u=2n,module_barriers,retain_all_square_workspace
163,14,44,44,328,44,0,6,lane_first,True,,1192,487228,102579130,263306,1192,140850,37086650100,313860752,260334,h_u=2n,module_barriers,retain_all_square_workspace
163,14,45,45,328,45,0,6,lane_first,True,,1192,493208,102759394,268488,1192,140850,37816534800,320037696,265516,h_u=2n,module_barriers,retain_all_square_workspace
163,14,46,46,328,46,0,6,lane_first,True,,1192,499188,102939658,273670,1192,140850,38546419500,326214640,270698,h_u=2n,module_barriers,retain_all_square_workspace
163,14,47,47,328,47,0,6,lane_first,True,,680,505424,103244978,278852,680,135218,37705809736,189619360,275880,h_u=2n,module_barriers,retain_all_square_workspace
163,14,48,48,328,48,0,6,lane_first,True,,680,513196,104300634,284034,680,135218,38406509412,193143120,281062,h_u=2n,module_barriers,retain_all_square_workspace
163,14,49,49,328,49,0,6,lane_first,True,,684,520968,105356294,289216,684,137984,39907180544,197823744,286244,h_u=2n,module_barriers,retain_all_square_workspace
163,14,50,50,328,50,0,6,lane_first,True,,684,528740,106411950,294398,684,137984,40622213632,201368232,291426,h_u=2n,module_barriers,retain_all_square_workspace
163,14,51,51,328,51,0,6,lane_first,True,,684,536512,107467606,299580,684,137984,41337246720,204912720,296608,h_u=2n,module_barriers,retain_all_square_workspace
163,14,52,52,328,52,0,6,lane_first,True,,684,544284,108523262,304762,684,137984,42052279808,208457208,301790,h_u=2n,module_barriers,retain_all_square_workspace
163,14,53,53,328,53,0,6,lane_first,True,,684,552056,109578918,309944,684,137984,42767312896,212001696,306972,h_u=2n,module_barriers,retain_all_square_workspace
163,14,54,54,328,54,0,6,lane_first,True,,684,559828,110634574,315126,684,137984,43482345984,215546184,312154,h_u=2n,module_barriers,retain_all_square_workspace
163,14,55,55,328,55,0,6,lane_first,True,,428,567856,111815286,320308,428,135168,43295391744,137091824,317336,h_u=2n,module_barriers,retain_all_square_workspace
163,14,56,56,328,56,0,6,lane_first,True,,428,576396,113246110,325490,428,135168,43995832320,139309720,322518,h_u=2n,module_barriers,retain_all_square_workspace
163,14,57,57,328,57,0,6,lane_first,True,,428,584936,114676934,330672,428,135168,44696272896,141527616,327700,h_u=2n,module_barriers,retain_all_square_workspace
163,14,58,58,328,58,0,6,lane_first,True,,428,593476,116107758,335854,428,135168,45396713472,143745512,332882,h_u=2n,module_barriers,retain_all_square_workspace
163,14,59,59,328,59,0,6,lane_first,True,,428,602016,117538582,341036,428,135168,46097154048,145963408,338064,h_u=2n,module_barriers,retain_all_square_workspace
163,14,60,60,328,60,0,6,lane_first,True,,428,610556,118969406,346218,428,135168,46797594624,148181304,343246,h_u=2n,module_barriers,retain_all_square_workspace
163,14,61,61,328,61,0,6,lane_first,True,,428,619096,120400230,351400,428,135168,47498035200,150399200,348428,h_u=2n,module_barriers,retain_all_square_workspace
163,14,62,62,328,62,0,6,lane_first,True,,428,627636,121831054,356582,428,135168,48198475776,152617096,353610,h_u=2n,module_barriers,retain_all_square_workspace
163,14,63,63,328,63,0,6,lane_first,True,,428,636176,123261878,361764,428,135168,48898916352,154834992,358792,h_u=2n,module_barriers,retain_all_square_workspace
163,14,64,64,328,64,0,6,lane_first,True,,428,644716,124692702,366946,428,135168,49599356928,157052888,363974,h_u=2n,module_barriers,retain_all_square_workspace
163,14,65,65,328,65,0,7,lane_first,True,,448,664128,128505422,378216,448,150236,56821658976,169440768,375244,h_u=2n,module_barriers,retain_all_square_workspace
163,14,66,66,328,66,0,7,lane_first,True,,324,672796,129998774,383398,324,151640,58138472720,124220952,380426,h_u=2n,module_barriers,retain_all_square_workspace
163,14,67,67,328,67,0,7,lane_first,True,,328,681656,131585918,388580,328,154452,60016958160,127454240,385608,h_u=2n,module_barriers,retain_all_square_workspace
163,14,68,68,328,68,0,7,lane_first,True,,328,690516,133173062,393762,328,154452,60817328424,129153936,390790,h_u=2n,module_barriers,retain_all_square_workspace
163,14,69,69,328,69,0,7,lane_first,True,,332,699376,134760206,398944,332,157264,62739529216,132449408,395972,h_u=2n,module_barriers,retain_all_square_workspace
163,14,70,70,328,70,0,7,lane_first,True,,332,708236,136347350,404126,332,157264,63554471264,134169832,401154,h_u=2n,module_barriers,retain_all_square_workspace
163,14,71,71,328,71,0,7,lane_first,True,,332,717096,137934494,409308,332,157264,64369413312,135890256,406336,h_u=2n,module_barriers,retain_all_square_workspace
163,14,72,72,328,72,0,7,lane_first,True,,332,725956,139521638,414490,332,157264,65184355360,137610680,411518,h_u=2n,module_barriers,retain_all_square_workspace
163,14,73,73,328,73,0,7,lane_first,True,,336,734816,141108782,419672,336,160076,67179415072,141009792,416700,h_u=2n,module_barriers,retain_all_square_workspace
163,14,74,74,328,74,0,7,lane_first,True,,336,743676,142695926,424854,336,160076,68008928904,142750944,421882,h_u=2n,module_barriers,retain_all_square_workspace
163,14,75,75,328,75,0,7,lane_first,True,,336,752536,144283070,430036,336,160076,68838442736,144492096,427064,h_u=2n,module_barriers,retain_all_square_workspace
163,14,76,76,328,76,0,7,lane_first,True,,336,761396,145870214,435218,336,160076,69667956568,146233248,432246,h_u=2n,module_barriers,retain_all_square_workspace
163,14,77,77,328,77,0,7,lane_first,True,,336,770256,147457358,440400,336,160076,70497470400,147974400,437428,h_u=2n,module_barriers,retain_all_square_workspace
163,14,78,78,328,78,0,7,lane_first,True,,336,779116,149044502,445582,336,160076,71326984232,149715552,442610,h_u=2n,module_barriers,retain_all_square_workspace
163,14,79,79,328,79,0,7,lane_first,True,,336,787976,150631646,450764,336,160076,72156498064,151456704,447792,h_u=2n,module_barriers,retain_all_square_workspace
163,14,80,80,328,80,0,7,lane_first,True,,336,796836,152218790,455946,336,160076,72986011896,153197856,452974,h_u=2n,module_barriers,retain_all_square_workspace
163,14,81,81,328,81,0,7,lane_first,True,,340,805696,153805934,461128,340,162888,75112217664,156783520,458156,h_u=2n,module_barriers,retain_all_square_workspace
163,14,82,82,328,82,0,7,lane_first,True,,276,814556,155393078,466310,276,162184,75628021040,128701560,463338,h_u=2n,module_barriers,retain_all_square_workspace
163,14,83,83,328,83,0,7,lane_first,True,,276,823544,157042750,471492,276,162184,76468458528,130131792,468520,h_u=2n,module_barriers,retain_all_square_workspace
163,14,84,84,328,84,0,7,lane_first,True,,276,832532,158692422,476674,276,162184,77308896016,131562024,473702,h_u=2n,module_barriers,retain_all_square_workspace
163,14,85,85,328,85,0,7,lane_first,True,,276,841520,160342094,481856,276,162184,78149333504,132992256,478884,h_u=2n,module_barriers,retain_all_square_workspace
163,14,86,86,328,86,0,7,lane_first,True,,276,850508,161991766,487038,276,162184,78989770992,134422488,484066,h_u=2n,module_barriers,retain_all_square_workspace
163,14,87,87,328,87,0,7,lane_first,True,,276,859496,163641438,492220,276,162184,79830208480,135852720,489248,h_u=2n,module_barriers,retain_all_square_workspace
163,14,88,88,328,88,0,7,lane_first,True,,276,868484,165291110,497402,276,162184,80670645968,137282952,494430,h_u=2n,module_barriers,retain_all_square_workspace
163,14,89,89,328,89,0,7,lane_first,True,,276,877472,166940782,502584,276,162184,81511083456,138713184,499612,h_u=2n,module_barriers,retain_all_square_workspace
163,14,90,90,328,90,0,7,lane_first,True,,276,886460,168590454,507766,276,162184,82351520944,140143416,504794,h_u=2n,module_barriers,retain_all_square_workspace
163,14,91,91,328,91,0,7,lane_first,True,,276,895448,170240126,512948,276,162184,83191958432,141573648,509976,h_u=2n,module_barriers,retain_all_square_workspace
163,14,92,92,328,92,0,7,lane_first,True,,276,904436,171889798,518130,276,162184,84032395920,143003880,515158,h_u=2n,module_barriers,retain_all_square_workspace
163,14,93,93,328,93,0,7,lane_first,True,,276,913424,173539470,523312,276,162184,84872833408,144434112,520340,h_u=2n,module_barriers,retain_all_square_workspace
163,14,94,94,328,94,0,7,lane_first,True,,276,922412,175189142,528494,276,162184,85713270896,145864344,525522,h_u=2n,module_barriers,retain_all_square_workspace
163,14,95,95,328,95,0,7,lane_first,True,,276,931400,176838814,533676,276,162184,86553708384,147294576,530704,h_u=2n,module_barriers,retain_all_square_workspace
163,14,96,96,328,96,0,7,lane_first,True,,276,940388,178488486,538858,276,162184,87394145872,148724808,535886,h_u=2n,module_barriers,retain_all_square_workspace
163,14,97,97,328,97,0,7,lane_first,True,,280,949376,180138162,544040,280,164950,89739398000,152331200,541068,h_u=2n,module_barriers,retain_all_square_workspace
163,14,98,98,328,98,0,7,lane_first,True,,280,958364,181787834,549222,280,164950,90594168900,153782160,546250,h_u=2n,module_barriers,retain_all_square_workspace
163,14,99,99,328,99,0,7,lane_first,True,,280,967352,183437506,554404,280,164950,91448939800,155233120,551432,h_u=2n,module_barriers,retain_all_square_workspace
163,14,100,100,328,100,0,7,lane_first,True,,280,976340,185087178,559586,280,164950,92303710700,156684080,556614,h_u=2n,module_barriers,retain_all_square_workspace
163,14,101,101,328,101,0,7,lane_first,True,,280,985328,186736850,564768,280,164950,93158481600,158135040,561796,h_u=2n,module_barriers,retain_all_square_workspace
163,14,102,102,328,102,0,7,lane_first,True,,280,994316,188386522,569950,280,164950,94013252500,159586000,566978,h_u=2n,module_barriers,retain_all_square_workspace
163,14,103,103,328,103,0,7,lane_first,True,,280,1003304,190036194,575132,280,164950,94868023400,161036960,572160,h_u=2n,module_barriers,retain_all_square_workspace
163,14,104,104,328,104,0,7,lane_first,True,,280,1012292,191685866,580314,280,164950,95722794300,162487920,577342,h_u=2n,module_barriers,retain_all_square_workspace
163,14,105,105,328,105,0,7,lane_first,True,,280,1021280,193335538,585496,280,164950,96577565200,163938880,582524,h_u=2n,module_barriers,retain_all_square_workspace
163,14,106,106,328,106,0,7,lane_first,True,,280,1030268,194985210,590678,280,164950,97432336100,165389840,587706,h_u=2n,module_barriers,retain_all_square_workspace
163,14,107,107,328,107,0,7,lane_first,True,,280,1039256,196634882,595860,280,164950,98287107000,166840800,592888,h_u=2n,module_barriers,retain_all_square_workspace
163,14,108,108,328,108,0,7,lane_first,True,,280,1048244,198284554,601042,280,164950,99141877900,168291760,598070,h_u=2n,module_barriers,retain_all_square_workspace
163,14,109,109,328,109,0,7,lane_first,True,,280,1057232,199934226,606224,280,164950,99996648800,169742720,603252,h_u=2n,module_barriers,retain_all_square_workspace
163,14,110,110,328,110,0,7,lane_first,True,,248,1066252,201599530,611406,248,164598,100636204788,151628688,608434,h_u=2n,module_barriers,retain_all_square_workspace
163,14,111,111,328,111,0,7,lane_first,True,,248,1075288,203272650,616588,248,164598,101489151624,152913824,613616,h_u=2n,module_barriers,retain_all_square_workspace
163,14,112,112,328,112,0,7,lane_first,True,,248,1084324,204945770,621770,248,164598,102342098460,154198960,618798,h_u=2n,module_barriers,retain_all_square_workspace
163,14,113,113,328,113,0,7,lane_first,True,,248,1093360,206618890,626952,248,164598,103195045296,155484096,623980,h_u=2n,module_barriers,retain_all_square_workspace
163,14,114,114,328,114,0,7,lane_first,True,,248,1102396,208292010,632134,248,164598,104047992132,156769232,629162,h_u=2n,module_barriers,retain_all_square_workspace
163,14,115,115,328,115,0,7,lane_first,True,,248,1111432,209965130,637316,248,164598,104900938968,158054368,634344,h_u=2n,module_barriers,retain_all_square_workspace
163,14,116,116,328,116,0,7,lane_first,True,,248,1120468,211638250,642498,248,164598,105753885804,159339504,639526,h_u=2n,module_barriers,retain_all_square_workspace
163,14,117,117,328,117,0,7,lane_first,True,,248,1129504,213311370,647680,248,164598,106606832640,160624640,644708,h_u=2n,module_barriers,retain_all_square_workspace
163,14,118,118,328,118,0,7,lane_first,True,,248,1138540,214984490,652862,248,164598,107459779476,161909776,649890,h_u=2n,module_barriers,retain_all_square_workspace
163,14,119,119,328,119,0,7,lane_first,True,,248,1147576,216657610,658044,248,164598,108312726312,163194912,655072,h_u=2n,module_barriers,retain_all_square_workspace
163,14,120,120,328,120,0,7,lane_first,True,,248,1156612,218330730,663226,248,164598,109165673148,164480048,660254,h_u=2n,module_barriers,retain_all_square_workspace
163,14,121,121,328,121,0,7,lane_first,True,,248,1165648,220003850,668408,248,164598,110018619984,165765184,665436,h_u=2n,module_barriers,retain_all_square_workspace
163,14,122,122,328,122,0,7,lane_first,True,,248,1174684,221676970,673590,248,164598,110871566820,167050320,670618,h_u=2n,module_barriers,retain_all_square_workspace
163,14,123,123,328,123,0,7,lane_first,True,,248,1183720,223350090,678772,248,164598,111724513656,168335456,675800,h_u=2n,module_barriers,retain_all_square_workspace
163,14,124,124,328,124,0,7,lane_first,True,,248,1192756,225023210,683954,248,164598,112577460492,169620592,680982,h_u=2n,module_barriers,retain_all_square_workspace
163,14,125,125,328,125,0,7,lane_first,True,,248,1201792,226696330,689136,248,164598,113430407328,170905728,686164,h_u=2n,module_barriers,retain_all_square_workspace
163,14,126,126,328,126,0,7,lane_first,True,,248,1210828,228369450,694318,248,164598,114283354164,172190864,691346,h_u=2n,module_barriers,retain_all_square_workspace
163,14,127,127,328,127,0,7,lane_first,True,,248,1219864,230042570,699500,248,164598,115136301000,173476000,696528,h_u=2n,module_barriers,retain_all_square_workspace
163,14,128,128,328,128,0,7,lane_first,True,,248,1228900,231715690,704682,248,164598,115989247836,174761136,701710,h_u=2n,module_barriers,retain_all_square_workspace
163,14,129,129,328,129,0,8,lane_first,True,,268,1248808,235770706,715952,268,179666,128632232032,191875136,712980,h_u=2n,module_barriers,retain_all_square_workspace
163,14,130,130,328,130,0,8,lane_first,True,,272,1257844,237443826,721134,272,182478,131591090052,196148448,718162,h_u=2n,module_barriers,retain_all_square_workspace
163,14,131,131,328,131,0,8,lane_first,True,,276,1266880,239116946,726316,276,185290,134579091640,200463216,723344,h_u=2n,module_barriers,retain_all_square_workspace
163,14,132,132,328,132,0,8,lane_first,True,,276,1275916,240790066,731498,276,185290,135539264420,201893448,728526,h_u=2n,module_barriers,retain_all_square_workspace
163,14,133,133,328,133,0,8,lane_first,True,,280,1284952,242463186,736680,280,188102,138570981360,206270400,733708,h_u=2n,module_barriers,retain_all_square_workspace
163,14,134,134,328,134,0,8,lane_first,True,,280,1293988,244136306,741862,280,188102,139545725924,207721360,738890,h_u=2n,module_barriers,retain_all_square_workspace
163,14,135,135,328,135,0,8,lane_first,True,,280,1303024,245809426,747044,280,188102,140520470488,209172320,744072,h_u=2n,module_barriers,retain_all_square_workspace
163,14,136,136,328,136,0,8,lane_first,True,,280,1312060,247482546,752226,280,188102,141495215052,210623280,749254,h_u=2n,module_barriers,retain_all_square_workspace
163,14,137,137,328,137,0,8,lane_first,True,,284,1321096,249155666,757408,284,190914,144599790912,215103872,754436,h_u=2n,module_barriers,retain_all_square_workspace
163,14,138,138,328,138,0,8,lane_first,True,,284,1330132,250828786,762590,284,190914,145589107260,216575560,759618,h_u=2n,module_barriers,retain_all_square_workspace
163,14,139,139,328,139,0,8,lane_first,True,,284,1339168,252501906,767772,284,190914,146578423608,218047248,764800,h_u=2n,module_barriers,retain_all_square_workspace
163,14,140,140,328,140,0,8,lane_first,True,,284,1348204,254175026,772954,284,190914,147567739956,219518936,769982,h_u=2n,module_barriers,retain_all_square_workspace
163,14,141,141,328,141,0,8,lane_first,True,,284,1357240,255848146,778136,284,190914,148557056304,220990624,775164,h_u=2n,module_barriers,retain_all_square_workspace
163,14,142,142,328,142,0,8,lane_first,True,,284,1366276,257521266,783318,284,190914,149546372652,222462312,780346,h_u=2n,module_barriers,retain_all_square_workspace
163,14,143,143,328,143,0,8,lane_first,True,,284,1375312,259194386,788500,284,190914,150535689000,223934000,785528,h_u=2n,module_barriers,retain_all_square_workspace
163,14,144,144,328,144,0,8,lane_first,True,,284,1384348,260867506,793682,284,190914,151525005348,225405688,790710,h_u=2n,module_barriers,retain_all_square_workspace
163,14,145,145,328,145,0,8,lane_first,True,,288,1393384,262540626,798864,288,193726,154760727264,230072832,795892,h_u=2n,module_barriers,retain_all_square_workspace
163,14,146,146,328,146,0,8,lane_first,True,,288,1402420,264213746,804046,288,193726,155764615396,231565248,801074,h_u=2n,module_barriers,retain_all_square_workspace
163,14,147,147,328,147,0,8,lane_first,True,,288,1411456,265886866,809228,288,193726,156768503528,233057664,806256,h_u=2n,module_barriers,retain_all_square_workspace
163,14,148,148,328,148,0,8,lane_first,True,,288,1420492,267559986,814410,288,193726,157772391660,234550080,811438,h_u=2n,module_barriers,retain_all_square_workspace
163,14,149,149,328,149,0,8,lane_first,True,,288,1429528,269233106,819592,288,193726,158776279792,236042496,816620,h_u=2n,module_barriers,retain_all_square_workspace
163,14,150,150,328,150,0,8,lane_first,True,,288,1438564,270906226,824774,288,193726,159780167924,237534912,821802,h_u=2n,module_barriers,retain_all_square_workspace
163,14,151,151,328,151,0,8,lane_first,True,,288,1447600,272579346,829956,288,193726,160784056056,239027328,826984,h_u=2n,module_barriers,retain_all_square_workspace
163,14,152,152,328,152,0,8,lane_first,True,,288,1456636,274252466,835138,288,193726,161787944188,240519744,832166,h_u=2n,module_barriers,retain_all_square_workspace
163,14,153,153,328,153,0,8,lane_first,True,,288,1465672,275925586,840320,288,193726,162791832320,242012160,837348,h_u=2n,module_barriers,retain_all_square_workspace
163,14,154,154,328,154,0,8,lane_first,True,,288,1474708,277598706,845502,288,193726,163795720452,243504576,842530,h_u=2n,module_barriers,retain_all_square_workspace
163,14,155,155,328,155,0,8,lane_first,True,,288,1483744,279271826,850684,288,193726,164799608584,244996992,847712,h_u=2n,module_barriers,retain_all_square_workspace
163,14,156,156,328,156,0,8,lane_first,True,,288,1492780,280944946,855866,288,193726,165803496716,246489408,852894,h_u=2n,module_barriers,retain_all_square_workspace
163,14,157,157,328,157,0,8,lane_first,True,,288,1501816,282618066,861048,288,193726,166807384848,247981824,858076,h_u=2n,module_barriers,retain_all_square_workspace
163,14,158,158,328,158,0,8,lane_first,True,,288,1510852,284291186,866230,288,193726,167811272980,249474240,863258,h_u=2n,module_barriers,retain_all_square_workspace
163,14,159,159,328,159,0,8,lane_first,True,,288,1519888,285964306,871412,288,193726,168815161112,250966656,868440,h_u=2n,module_barriers,retain_all_square_workspace
163,14,160,160,328,160,0,8,lane_first,True,,288,1528924,287637426,876594,288,193726,169819049244,252459072,873622,h_u=2n,module_barriers,retain_all_square_workspace
163,14,161,161,328,161,0,8,lane_first,True,,292,1537960,289310546,881776,292,196538,173302491488,257478592,878804,h_u=2n,module_barriers,retain_all_square_workspace
163,14,162,162,328,162,0,8,lane_first,True,,292,1546996,290983666,886958,292,196538,174320951404,258991736,883986,h_u=2n,module_barriers,retain_all_square_workspace
163,14,163,163,328,163,0,8,lane_first,True,,292,1556032,292656786,892140,292,196538,175339411320,260504880,889168,h_u=2n,module_barriers,retain_all_square_workspace
163,14,164,164,328,164,0,8,lane_first,True,,276,1565068,294329906,897322,276,196362,176199942564,247660872,894350,h_u=2n,module_barriers,retain_all_square_workspace
163,14,165,165,328,165,0,8,lane_first,True,,276,1574120,296010842,902504,276,196362,177217490448,249091104,899532,h_u=2n,module_barriers,retain_all_square_workspace
163,14,166,166,328,166,0,8,lane_first,False,reduction:83,276,,,,,,,,,,,
163,14,167,167,328,167,0,8,lane_first,False,reduction:83,276,,,,,,,,,,,
163,14,168,168,328,168,0,8,lane_first,False,reduction:84,276,,,,,,,,,,,
163,14,169,169,328,169,0,8,lane_first,False,reduction:84,276,,,,,,,,,,,
163,14,170,170,328,170,0,8,lane_first,False,reduction:85,276,,,,,,,,,,,
163,14,171,171,328,171,0,8,lane_first,False,reduction:85,276,,,,,,,,,,,
163,14,172,172,328,172,0,8,lane_first,False,reduction:86,276,,,,,,,,,,,
163,14,173,173,328,173,0,8,lane_first,False,reduction:86,276,,,,,,,,,,,
163,14,174,174,328,174,0,8,lane_first,False,reduction:87,276,,,,,,,,,,,
163,14,175,175,328,175,0,8,lane_first,False,reduction:87,276,,,,,,,,,,,
163,14,176,176,328,176,0,8,lane_first,False,reduction:88,276,,,,,,,,,,,
163,14,177,177,328,177,0,8,lane_first,False,reduction:88,276,,,,,,,,,,,
163,14,178,178,328,178,0,8,lane_first,False,reduction:89,276,,,,,,,,,,,
163,14,179,179,328,179,0,8,lane_first,False,reduction:89,276,,,,,,,,,,,
163,14,180,180,328,180,0,8,lane_first,False,reduction:90,276,,,,,,,,,,,
163,14,181,181,328,181,0,8,lane_first,False,reduction:90,276,,,,,,,,,,,
163,14,182,182,328,182,0,8,lane_first,False,reduction:91,276,,,,,,,,,,,
163,14,183,183,328,183,0,8,lane_first,False,reduction:91,276,,,,,,,,,,,
163,14,184,184,328,184,0,8,lane_first,False,reduction:92,276,,,,,,,,,,,
163,14,185,185,328,185,0,8,lane_first,False,reduction:92,276,,,,,,,,,,,
163,14,186,186,328,186,0,8,lane_first,False,reduction:93,276,,,,,,,,,,,
163,14,187,187,328,187,0,8,lane_first,False,reduction:93,276,,,,,,,,,,,
163,14,188,188,328,188,0,8,lane_first,False,reduction:94,276,,,,,,,,,,,
163,14,189,189,328,189,0,8,lane_first,False,reduction:94,276,,,,,,,,,,,
163,14,190,190,328,190,0,8,lane_first,False,reduction:95,276,,,,,,,,,,,
163,14,191,191,328,191,0,8,lane_first,False,reduction:95,276,,,,,,,,,,,
163,14,192,192,328,192,0,8,lane_first,False,reduction:96,276,,,,,,,,,,,
163,14,193,193,328,193,0,8,lane_first,False,reduction:96,280,,,,,,,,,,,
163,14,194,194,328,194,0,8,lane_first,False,reduction:97,280,,,,,,,,,,,
163,14,195,195,328,195,0,8,lane_first,False,reduction:97,280,,,,,,,,,,,
163,14,196,196,328,196,0,8,lane_first,False,reduction:98,280,,,,,,,,,,,
163,14,197,197,328,197,0,8,lane_first,False,reduction:98,280,,,,,,,,,,,
163,14,198,198,328,198,0,8,lane_first,False,reduction:99,280,,,,,,,,,,,
163,14,199,199,328,199,0,8,lane_first,False,reduction:99,280,,,,,,,,,,,
163,14,200,200,328,200,0,8,lane_first,False,reduction:100,280,,,,,,,,,,,
163,14,201,201,328,201,0,8,lane_first,False,reduction:100,280,,,,,,,,,,,
163,14,202,202,328,202,0,8,lane_first,False,reduction:101,280,,,,,,,,,,,
163,14,203,203,328,203,0,8,lane_first,False,reduction:101,280,,,,,,,,,,,
163,14,204,204,328,204,0,8,lane_first,False,reduction:102,280,,,,,,,,,,,
163,14,205,205,328,205,0,8,lane_first,False,reduction:102,280,,,,,,,,,,,
163,14,206,206,328,206,0,8,lane_first,False,reduction:103,280,,,,,,,,,,,
163,14,207,207,328,207,0,8,lane_first,False,reduction:103,280,,,,,,,,,,,
163,14,208,208,328,208,0,8,lane_first,False,reduction:104,280,,,,,,,,,,,
163,14,209,209,328,209,0,8,lane_first,False,reduction:104,280,,,,,,,,,,,
163,14,210,210,328,210,0,8,lane_first,False,reduction:105,280,,,,,,,,,,,
163,14,211,211,328,211,0,8,lane_first,False,reduction:105,280,,,,,,,,,,,
163,14,212,212,328,212,0,8,lane_first,False,reduction:106,280,,,,,,,,,,,
163,14,213,213,328,213,0,8,lane_first,False,reduction:106,280,,,,,,,,,,,
163,14,214,214,328,214,0,8,lane_first,False,reduction:107,280,,,,,,,,,,,
163,14,215,215,328,215,0,8,lane_first,False,reduction:107,280,,,,,,,,,,,
163,14,216,216,328,216,0,8,lane_first,False,reduction:108,280,,,,,,,,,,,
163,14,217,217,328,217,0,8,lane_first,False,reduction:108,280,,,,,,,,,,,
163,14,218,218,328,218,0,8,lane_first,False,reduction:109,280,,,,,,,,,,,
163,14,219,219,328,219,0,8,lane_first,False,reduction:109,280,,,,,,,,,,,
163,14,220,220,328,220,0,8,lane_first,False,reduction:110,280,,,,,,,,,,,
163,14,221,221,328,221,0,8,lane_first,False,reduction:110,280,,,,,,,,,,,
163,14,222,222,328,222,0,8,lane_first,False,reduction:111,280,,,,,,,,,,,
163,14,223,223,328,223,0,8,lane_first,False,reduction:111,280,,,,,,,,,,,
163,14,224,224,328,224,0,8,lane_first,False,reduction:112,280,,,,,,,,,,,
163,14,225,225,328,225,0,8,lane_first,False,reduction:112,280,,,,,,,,,,,
163,14,226,226,328,226,0,8,lane_first,False,reduction:113,280,,,,,,,,,,,
163,14,227,227,328,227,0,8,lane_first,False,reduction:113,280,,,,,,,,,,,
163,14,228,228,328,228,0,8,lane_first,False,reduction:114,280,,,,,,,,,,,
163,14,229,229,328,229,0,8,lane_first,False,reduction:114,280,,,,,,,,,,,
163,14,230,230,328,230,0,8,lane_first,False,reduction:115,280,,,,,,,,,,,
163,14,231,231,328,231,0,8,lane_first,False,reduction:115,280,,,,,,,,,,,
163,14,232,232,328,232,0,8,lane_first,False,reduction:116,280,,,,,,,,,,,
163,14,233,233,328,233,0,8,lane_first,False,reduction:116,280,,,,,,,,,,,
163,14,234,234,328,234,0,8,lane_first,False,reduction:117,280,,,,,,,,,,,
163,14,235,235,328,235,0,8,lane_first,False,reduction:117,280,,,,,,,,,,,
163,14,236,236,328,236,0,8,lane_first,False,reduction:118,280,,,,,,,,,,,
163,14,237,237,328,237,0,8,lane_first,False,reduction:118,280,,,,,,,,,,,
163,14,238,238,328,238,0,8,lane_first,False,reduction:119,280,,,,,,,,,,,
163,14,239,239,328,239,0,8,lane_first,False,reduction:119,280,,,,,,,,,,,
163,14,240,240,328,240,0,8,lane_first,False,reduction:120,280,,,,,,,,,,,
163,14,241,241,328,241,0,8,lane_first,False,reduction:120,280,,,,,,,,,,,
163,14,242,242,328,242,0,8,lane_first,False,reduction:121,280,,,,,,,,,,,
163,14,243,243,328,243,0,8,lane_first,False,reduction:121,280,,,,,,,,,,,
163,14,244,244,328,244,0,8,lane_first,False,reduction:122,280,,,,,,,,,,,
163,14,245,245,328,245,0,8,lane_first,False,reduction:122,280,,,,,,,,,,,
163,14,246,246,328,246,0,8,lane_first,False,reduction:123,280,,,,,,,,,,,
163,14,247,247,328,247,0,8,lane_first,False,reduction:123,280,,,,,,,,,,,
163,14,248,248,328,248,0,8,lane_first,False,reduction:124,280,,,,,,,,,,,
163,14,249,249,328,249,0,8,lane_first,False,reduction:124,280,,,,,,,,,,,
163,14,250,250,328,250,0,8,lane_first,False,reduction:125,280,,,,,,,,,,,
163,14,251,251,328,251,0,8,lane_first,False,reduction:125,280,,,,,,,,,,,
163,14,252,252,328,252,0,8,lane_first,False,reduction:126,280,,,,,,,,,,,
163,14,253,253,328,253,0,8,lane_first,False,reduction:126,280,,,,,,,,,,,
163,14,254,254,328,254,0,8,lane_first,False,reduction:127,280,,,,,,,,,,,
163,14,255,255,328,255,0,8,lane_first,False,reduction:127,280,,,,,,,,,,,
163,14,256,256,328,256,0,8,lane_first,False,reduction:128,280,,,,,,,,,,,
163,14,257,257,328,257,0,9,lane_first,False,reduction:128,300,,,,,,,,,,,
163,14,258,258,328,258,0,9,lane_first,False,reduction:129,304,,,,,,,,,,,
163,14,259,259,328,259,0,9,lane_first,False,reduction:129,308,,,,,,,,,,,
163,14,260,260,328,260,0,9,lane_first,False,reduction:130,308,,,,,,,,,,,
163,14,261,261,328,261,0,9,lane_first,False,reduction:130,312,,,,,,,,,,,
163,14,262,262,328,262,0,9,lane_first,False,reduction:131,312,,,,,,,,,,,
163,14,263,263,328,263,0,9,lane_first,False,reduction:131,312,,,,,,,,,,,
163,14,264,264,328,264,0,9,lane_first,False,reduction:132,312,,,,,,,,,,,
163,14,265,265,328,265,0,9,lane_first,False,reduction:132,316,,,,,,,,,,,
163,14,266,266,328,266,0,9,lane_first,False,reduction:133,316,,,,,,,,,,,
163,14,267,267,328,267,0,9,lane_first,False,reduction:133,316,,,,,,,,,,,
163,14,268,268,328,268,0,9,lane_first,False,reduction:134,316,,,,,,,,,,,
163,14,269,269,328,269,0,9,lane_first,False,reduction:134,316,,,,,,,,,,,
163,14,270,270,328,270,0,9,lane_first,False,reduction:135,316,,,,,,,,,,,
163,14,271,271,328,271,0,9,lane_first,False,reduction:135,316,,,,,,,,,,,
163,14,272,272,328,272,0,9,lane_first,False,reduction:136,316,,,,,,,,,,,
163,14,273,273,328,273,0,9,lane_first,False,reduction:136,320,,,,,,,,,,,
163,14,274,274,328,274,0,9,lane_first,False,reduction:137,320,,,,,,,,,,,
163,14,275,275,328,275,0,9,lane_first,False,reduction:137,320,,,,,,,,,,,
163,14,276,276,328,276,0,9,lane_first,False,reduction:138,320,,,,,,,,,,,
163,14,277,277,328,277,0,9,lane_first,False,reduction:138,320,,,,,,,,,,,
163,14,278,278,328,278,0,9,lane_first,False,reduction:139,320,,,,,,,,,,,
163,14,279,279,328,279,0,9,lane_first,False,reduction:139,320,,,,,,,,,,,
163,14,280,280,328,280,0,9,lane_first,False,reduction:140,320,,,,,,,,,,,
163,14,281,281,328,281,0,9,lane_first,False,reduction:140,320,,,,,,,,,,,
163,14,282,282,328,282,0,9,lane_first,False,reduction:141,320,,,,,,,,,,,
163,14,283,283,328,283,0,9,lane_first,False,reduction:141,320,,,,,,,,,,,
163,14,284,284,328,284,0,9,lane_first,False,reduction:142,320,,,,,,,,,,,
163,14,285,285,328,285,0,9,lane_first,False,reduction:142,320,,,,,,,,,,,
163,14,286,286,328,286,0,9,lane_first,False,reduction:143,320,,,,,,,,,,,
163,14,287,287,328,287,0,9,lane_first,False,reduction:143,320,,,,,,,,,,,
163,14,288,288,328,288,0,9,lane_first,False,reduction:144,320,,,,,,,,,,,
163,14,289,289,328,289,0,9,lane_first,False,reduction:144,324,,,,,,,,,,,
163,14,290,290,328,290,0,9,lane_first,False,reduction:145,324,,,,,,,,,,,
163,14,291,291,328,291,0,9,lane_first,False,reduction:145,324,,,,,,,,,,,
163,14,292,292,328,292,0,9,lane_first,False,reduction:146,324,,,,,,,,,,,
163,14,293,293,328,293,0,9,lane_first,False,reduction:146,324,,,,,,,,,,,
163,14,294,294,328,294,0,9,lane_first,False,reduction:147,324,,,,,,,,,,,
163,14,295,295,328,295,0,9,lane_first,False,reduction:147,324,,,,,,,,,,,
163,14,296,296,328,296,0,9,lane_first,False,reduction:148,324,,,,,,,,,,,
163,14,297,297,328,297,0,9,lane_first,False,reduction:148,324,,,,,,,,,,,
163,14,298,298,328,298,0,9,lane_first,False,reduction:149,324,,,,,,,,,,,
163,14,299,299,328,299,0,9,lane_first,False,reduction:149,324,,,,,,,,,,,
163,14,300,300,328,300,0,9,lane_first,False,reduction:150,324,,,,,,,,,,,
163,14,301,301,328,301,0,9,lane_first,False,reduction:150,324,,,,,,,,,,,
163,14,302,302,328,302,0,9,lane_first,False,reduction:151,324,,,,,,,,,,,
163,14,303,303,328,303,0,9,lane_first,False,reduction:151,324,,,,,,,,,,,
163,14,304,304,328,304,0,9,lane_first,False,reduction:152,324,,,,,,,,,,,
163,14,305,305,328,305,0,9,lane_first,False,reduction:152,324,,,,,,,,,,,
163,14,306,306,328,306,0,9,lane_first,False,reduction:153,324,,,,,,,,,,,
163,14,307,307,328,307,0,9,lane_first,False,reduction:153,324,,,,,,,,,,,
163,14,308,308,328,308,0,9,lane_first,False,reduction:154,324,,,,,,,,,,,
163,14,309,309,328,309,0,9,lane_first,False,reduction:154,324,,,,,,,,,,,
163,14,310,310,328,310,0,9,lane_first,False,reduction:155,324,,,,,,,,,,,
163,14,311,311,328,311,0,9,lane_first,False,reduction:155,324,,,,,,,,,,,
163,14,312,312,328,312,0,9,lane_first,False,reduction:156,324,,,,,,,,,,,
163,14,313,313,328,313,0,9,lane_first,False,reduction:156,324,,,,,,,,,,,
163,14,314,314,328,314,0,9,lane_first,False,reduction:157,324,,,,,,,,,,,
163,14,315,315,328,315,0,9,lane_first,False,reduction:157,324,,,,,,,,,,,
163,14,316,316,328,316,0,9,lane_first,False,reduction:158,324,,,,,,,,,,,
163,14,317,317,328,317,0,9,lane_first,False,reduction:158,324,,,,,,,,,,,
163,14,318,318,328,318,0,9,lane_first,False,reduction:159,324,,,,,,,,,,,
163,14,319,319,328,319,0,9,lane_first,False,reduction:159,324,,,,,,,,,,,
163,14,320,320,328,320,0,9,lane_first,False,reduction:160,324,,,,,,,,,,,
163,14,321,321,328,321,0,9,lane_first,False,reduction:160,328,,,,,,,,,,,
163,14,322,322,328,322,0,9,lane_first,False,reduction:161,328,,,,,,,,,,,
163,14,323,323,328,323,0,9,lane_first,False,reduction:161,328,,,,,,,,,,,
163,14,324,324,328,324,0,9,lane_first,False,reduction:162,328,,,,,,,,,,,
163,14,325,325,328,325,0,9,lane_first,False,reduction:162,328,,,,,,,,,,,
163,14,326,326,328,326,0,9,lane_first,False,reduction:163,328,,,,,,,,,,,
163,14,327,327,328,327,0,9,lane_first,False,reduction:163,328,,,,,,,,,,,
163,14,328,328,328,328,0,9,lane_first,False,reduction:164,320,,,,,,,,,,,
163,15,1,1,328,22,21,0,lane_first,True,,5438396,5856548,2742482298,233776,5438396,60148488,14061272930688,1271366463296,230804,h_u=2n,module_barriers,retain_all_square_workspace
163,15,2,2,328,22,10,1,lane_first,True,,2620976,5551284,2622621674,173222,2620976,29028146,5028313506412,454010704672,170250,h_u=2n,module_barriers,retain_all_square_workspace
163,15,3,3,328,24,7,2,lane_first,True,,1703956,5417140,2557439878,171084,1703956,18920034,3236915096856,291519608304,168112,h_u=2n,module_barriers,retain_all_square_workspace
163,15,4,4,328,24,5,2,lane_first,True,,1180520,5005828,2362342154,159234,1180520,13123000,2089627782000,187978921680,156262,h_u=2n,module_barriers,retain_all_square_workspace
163,15,5,5,328,25,4,3,lane_first,True,,917948,4881820,2298993966,164416,917948,10239568,1683548812288,150925338368,161444,h_u=2n,module_barriers,retain_all_square_workspace
163,15,6,6,328,24,3,3,lane_first,True,,663512,4245516,1993798890,153798,663512,7419912,1141167625776,102046818576,150826,h_u=2n,module_barriers,retain_all_square_workspace
163,15,7,7,328,28,3,3,lane_first,True,,655388,4896380,2300754734,173548,655388,7332950,1272618806600,113741276624,170576,h_u=2n,module_barriers,retain_all_square_workspace
163,15,8,8,328,24,2,3,lane_first,True,,409600,3538452,1651267282,148362,409600,4605854,683333711148,60769075200,145390,h_u=2n,module_barriers,retain_all_square_workspace
163,15,9,9,328,27,2,4,lane_first,True,,394284,3845332,1789998178,169344,394284,4457602,754868153088,66769629696,166372,h_u=2n,module_barriers,retain_all_square_workspace
163,15,10,10,328,30,2,4,lane_first,True,,393344,4259676,1984154314,184238,393344,4449870,819835149060,72468911872,181266,h_u=2n,module_barriers,retain_all_square_workspace
163,15,11,11,328,22,1,4,lane_first,True,,393272,4306980,2032083958,139628,393272,4425770,617961413560,54911782816,136656,h_u=2n,module_barriers,retain_all_square_workspace
163,15,12,12,328,24,1,4,lane_first,True,,196672,2359060,1075014446,149666,196672,2263090,338707627940,29435111552,146694,h_u=2n,module_barriers,retain_all_square_workspace
163,15,13,13,328,26,1,4,lane_first,True,,147532,2115076,950317674,159704,147532,1725192,275520063168,23561450528,156732,h_u=2n,module_barriers,retain_all_square_workspace
163,15,14,14,328,28,1,4,lane_first,True,,135252,2174196,973687202,169742,135252,1590032,269895211744,22957944984,166770,h_u=2n,module_barriers,retain_all_square_workspace
163,15,15,15,328,30,1,4,lane_first,True,,132188,2296804,1028070618,179780,132188,1556248,279782265440,23764758640,176808,h_u=2n,module_barriers,retain_all_square_workspace
163,15,16,16,328,32,1,4,lane_first,True,,131680,2437844,1091458066,189818,131680,1550620,294335587160,24995234240,186846,h_u=2n,module_barriers,retain_all_square_workspace
163,15,17,17,328,34,1,5,lane_first,True,,131452,2594620,1159603474,205944,131452,1565688,322444049472,27071750688,202972,h_u=2n,module_barriers,retain_all_square_workspace
163,15,18,18,328,36,1,5,lane_first,True,,131332,2742444,1226304906,215982,131332,1567096,338464528272,28365348024,213010,h_u=2n,module_barriers,retain_all_square_workspace
163,15,19,19,328,38,1,5,lane_first,True,,131276,2891036,1293381506,226020,131276,1569208,354672392160,29671001520,223048,h_u=2n,module_barriers,retain_all_square_workspace
163,15,20,20,328,40,1,5,lane_first,True,,131248,3039948,1360614426,236058,131248,1568860,370341953880,30982140384,233086,h_u=2n,module_barriers,retain_all_square_workspace
163,15,21,21,328,34,1,5,lane_first,True,,131236,3116556,1414449370,207248,131236,1568688,325107450624,27198398528,204276,h_u=2n,module_barriers,retain_all_square_workspace
163,15,22,22,328,22,0,5,lane_first,True,,131200,2996956,1391811582,143214,131200,1542296,220878379344,18789676800,140242,h_u=2n,module_barriers,retain_all_square_workspace
163,15,23,23,328,23,0,5,lane_first,True,,131200,2154040,977306150,148396,131200,1542296,228870557216,19469555200,145424,h_u=2n,module_barriers,retain_all_square_workspace
163,15,24,24,328,24,0,5,lane_first,True,,65664,1573268,690858062,153578,65664,821400,126148969200,10084545792,150606,h_u=2n,module_barriers,retain_all_square_workspace
163,15,25,25,328,25,0,5,lane_first,True,,65668,1189104,500452986,158760,65668,824166,130844594160,10425451680,155788,h_u=2n,module_barriers,retain_all_square_workspace
163,15,26,26,328,26,0,5,lane_first,True,,32900,968780,390083746,163942,32900,463718,76022856356,5393691800,160970,h_u=2n,module_barriers,retain_all_square_workspace
163,15,27,27,328,27,0,5,lane_first,True,,32900,797608,303725258,169124,32900,463718,78425843032,5564179600,166152,h_u=2n,module_barriers,retain_all_square_workspace
163,15,28,28,328,28,0,5,lane_first,True,,16516,691972,249381106,174306,16516,283494,49414705164,2878837896,171334,h_u=2n,module_barriers,retain_all_square_workspace
163,15,29,29,328,29,0,5,lane_first,True,,16516,619104,211044122,179488,16516,283494,50883771072,2964423808,176516,h_u=2n,module_barriers,retain_all_square_workspace
163,15,30,30,328,30,0,5,lane_first,True,,8324,554428,176708930,184670,8324,193382,35711853940,1537193080,181698,h_u=2n,module_barriers,retain_all_square_workspace
163,15,31,31,328,31,0,5,lane_first,True,,8324,526616,160381802,189852,8324,193382,36713959464,1580328048,186880,h_u=2n,module_barriers,retain_all_square_workspace
163,15,32,32,328,32,0,5,lane_first,True,,8324,498804,144054674,195034,8324,193382,37716064988,1623463016,192062,h_u=2n,module_barriers,retain_all_square_workspace
163,15,33,33,328,33,0,6,lane_first,True,,4248,485960,132110338,206304,4248,163394,33708835776,876379392,203332,h_u=2n,module_barriers,retain_all_square_workspace
163,15,34,34,328,34,0,6,lane_first,True,,4252,478628,125787690,211486,4252,166206,35150242116,899238472,208514,h_u=2n,module_barriers,retain_all_square_workspace
163,15,35,35,328,35,0,6,lane_first,True,,4256,471296,119465042,216668,4256,169018,36620792024,922139008,213696,h_u=2n,module_barriers,retain_all_square_workspace
163,15,36,36,328,36,0,6,lane_first,True,,4256,463964,113142394,221850,4256,169018,37496643300,944193600,218878,h_u=2n,module_barriers,retain_all_square_workspace
163,15,37,37,328,37,0,6,lane_first,True,,2212,461752,109320866,227032,2212,149302,33896331664,502194784,224060,h_u=2n,module_barriers,retain_all_square_workspace
163,15,38,38,328,38,0,6,lane_first,True,,2212,463636,107500234,232214,2212,149302,34670014628,513657368,229242,h_u=2n,module_barriers,retain_all_square_workspace
163,15,39,39,328,39,0,6,lane_first,True,,2212,465520,105679602,237396,2212,149302,35443697592,525119952,234424,h_u=2n,module_barriers,retain_all_square_workspace
163,15,40,40,328,40,0,6,lane_first,True,,2212,467404,103858970,242578,2212,149302,36217380556,536582536,239606,h_u=2n,module_barriers,retain_all_square_workspace
163,15,41,41,328,41,0,6,lane_first,True,,1192,469288,102038338,247760,1192,140850,34896996000,295329920,244788,h_u=2n,module_barriers,retain_all_square_workspace
163,15,42,42,328,42,0,6,lane_first,True,,1192,475268,102218602,252942,1192,140850,35626880700,301506864,249970,h_u=2n,module_barriers,retain_all_square_workspace
163,15,43,43,328,43,0,6,lane_first,True,,1192,481248,102398866,258124,1192,140850,36356765400,307683808,255152,h_u=2n,module_barriers,retain_all_square_workspace
163,15,44,44,328,44,0,6,lane_first,True,,1192,487228,102579130,263306,1192,140850,37086650100,313860752,260334,h_u=2n,module_barriers,retain_all_square_workspace
163,15,45,45,328,45,0,6,lane_first,True,,1192,493208,102759394,268488,1192,140850,37816534800,320037696,265516,h_u=2n,module_barriers,retain_all_square_workspace
163,15,46,46,328,46,0,6,lane_first,True,,1192,499188,102939658,273670,1192,140850,38546419500,326214640,270698,h_u=2n,module_barriers,retain_all_square_workspace
163,15,47,47,328,47,0,6,lane_first,True,,680,505424,103244978,278852,680,135218,37705809736,189619360,275880,h_u=2n,module_barriers,retain_all_square_workspace
163,15,48,48,328,48,0,6,lane_first,True,,680,513196,104300634,284034,680,135218,38406509412,193143120,281062,h_u=2n,module_barriers,retain_all_square_workspace
163,15,49,49,328,49,0,6,lane_first,True,,684,520968,105356294,289216,684,137984,39907180544,197823744,286244,h_u=2n,module_barriers,retain_all_square_workspace
163,15,50,50,328,50,0,6,lane_first,True,,684,528740,106411950,294398,684,137984,40622213632,201368232,291426,h_u=2n,module_barriers,retain_all_square_workspace
163,15,51,51,328,51,0,6,lane_first,True,,684,536512,107467606,299580,684,137984,41337246720,204912720,296608,h_u=2n,module_barriers,retain_all_square_workspace
163,15,52,52,328,52,0,6,lane_first,True,,684,544284,108523262,304762,684,137984,42052279808,208457208,301790,h_u=2n,module_barriers,retain_all_square_workspace
163,15,53,53,328,53,0,6,lane_first,True,,684,552056,109578918,309944,684,137984,42767312896,212001696,306972,h_u=2n,module_barriers,retain_all_square_workspace
163,15,54,54,328,54,0,6,lane_first,True,,684,559828,110634574,315126,684,137984,43482345984,215546184,312154,h_u=2n,module_barriers,retain_all_square_workspace
163,15,55,55,328,55,0,6,lane_first,True,,428,567856,111815286,320308,428,135168,43295391744,137091824,317336,h_u=2n,module_barriers,retain_all_square_workspace
163,15,56,56,328,56,0,6,lane_first,True,,428,576396,113246110,325490,428,135168,43995832320,139309720,322518,h_u=2n,module_barriers,retain_all_square_workspace
163,15,57,57,328,57,0,6,lane_first,True,,428,584936,114676934,330672,428,135168,44696272896,141527616,327700,h_u=2n,module_barriers,retain_all_square_workspace
163,15,58,58,328,58,0,6,lane_first,True,,428,593476,116107758,335854,428,135168,45396713472,143745512,332882,h_u=2n,module_barriers,retain_all_square_workspace
163,15,59,59,328,59,0,6,lane_first,True,,428,602016,117538582,341036,428,135168,46097154048,145963408,338064,h_u=2n,module_barriers,retain_all_square_workspace
163,15,60,60,328,60,0,6,lane_first,True,,428,610556,118969406,346218,428,135168,46797594624,148181304,343246,h_u=2n,module_barriers,retain_all_square_workspace
163,15,61,61,328,61,0,6,lane_first,True,,428,619096,120400230,351400,428,135168,47498035200,150399200,348428,h_u=2n,module_barriers,retain_all_square_workspace
163,15,62,62,328,62,0,6,lane_first,True,,428,627636,121831054,356582,428,135168,48198475776,152617096,353610,h_u=2n,module_barriers,retain_all_square_workspace
163,15,63,63,328,63,0,6,lane_first,True,,428,636176,123261878,361764,428,135168,48898916352,154834992,358792,h_u=2n,module_barriers,retain_all_square_workspace
163,15,64,64,328,64,0,6,lane_first,True,,428,644716,124692702,366946,428,135168,49599356928,157052888,363974,h_u=2n,module_barriers,retain_all_square_workspace
163,15,65,65,328,65,0,7,lane_first,True,,448,664128,128505422,378216,448,150236,56821658976,169440768,375244,h_u=2n,module_barriers,retain_all_square_workspace
163,15,66,66,328,66,0,7,lane_first,True,,324,672796,129998774,383398,324,151640,58138472720,124220952,380426,h_u=2n,module_barriers,retain_all_square_workspace
163,15,67,67,328,67,0,7,lane_first,True,,328,681656,131585918,388580,328,154452,60016958160,127454240,385608,h_u=2n,module_barriers,retain_all_square_workspace
163,15,68,68,328,68,0,7,lane_first,True,,328,690516,133173062,393762,328,154452,60817328424,129153936,390790,h_u=2n,module_barriers,retain_all_square_workspace
163,15,69,69,328,69,0,7,lane_first,True,,332,699376,134760206,398944,332,157264,62739529216,132449408,395972,h_u=2n,module_barriers,retain_all_square_workspace
163,15,70,70,328,70,0,7,lane_first,True,,332,708236,136347350,404126,332,157264,63554471264,134169832,401154,h_u=2n,module_barriers,retain_all_square_workspace
163,15,71,71,328,71,0,7,lane_first,True,,332,717096,137934494,409308,332,157264,64369413312,135890256,406336,h_u=2n,module_barriers,retain_all_square_workspace
163,15,72,72,328,72,0,7,lane_first,True,,332,725956,139521638,414490,332,157264,65184355360,137610680,411518,h_u=2n,module_barriers,retain_all_square_workspace
163,15,73,73,328,73,0,7,lane_first,True,,336,734816,141108782,419672,336,160076,67179415072,141009792,416700,h_u=2n,module_barriers,retain_all_square_workspace
163,15,74,74,328,74,0,7,lane_first,True,,336,743676,142695926,424854,336,160076,68008928904,142750944,421882,h_u=2n,module_barriers,retain_all_square_workspace
163,15,75,75,328,75,0,7,lane_first,True,,336,752536,144283070,430036,336,160076,68838442736,144492096,427064,h_u=2n,module_barriers,retain_all_square_workspace
163,15,76,76,328,76,0,7,lane_first,True,,336,761396,145870214,435218,336,160076,69667956568,146233248,432246,h_u=2n,module_barriers,retain_all_square_workspace
163,15,77,77,328,77,0,7,lane_first,True,,336,770256,147457358,440400,336,160076,70497470400,147974400,437428,h_u=2n,module_barriers,retain_all_square_workspace
163,15,78,78,328,78,0,7,lane_first,True,,336,779116,149044502,445582,336,160076,71326984232,149715552,442610,h_u=2n,module_barriers,retain_all_square_workspace
163,15,79,79,328,79,0,7,lane_first,True,,336,787976,150631646,450764,336,160076,72156498064,151456704,447792,h_u=2n,module_barriers,retain_all_square_workspace
163,15,80,80,328,80,0,7,lane_first,True,,336,796836,152218790,455946,336,160076,72986011896,153197856,452974,h_u=2n,module_barriers,retain_all_square_workspace
163,15,81,81,328,81,0,7,lane_first,True,,340,805696,153805934,461128,340,162888,75112217664,156783520,458156,h_u=2n,module_barriers,retain_all_square_workspace
163,15,82,82,328,82,0,7,lane_first,True,,276,814556,155393078,466310,276,162184,75628021040,128701560,463338,h_u=2n,module_barriers,retain_all_square_workspace
163,15,83,83,328,83,0,7,lane_first,True,,276,823544,157042750,471492,276,162184,76468458528,130131792,468520,h_u=2n,module_barriers,retain_all_square_workspace
163,15,84,84,328,84,0,7,lane_first,True,,276,832532,158692422,476674,276,162184,77308896016,131562024,473702,h_u=2n,module_barriers,retain_all_square_workspace
163,15,85,85,328,85,0,7,lane_first,True,,276,841520,160342094,481856,276,162184,78149333504,132992256,478884,h_u=2n,module_barriers,retain_all_square_workspace
163,15,86,86,328,86,0,7,lane_first,True,,276,850508,161991766,487038,276,162184,78989770992,134422488,484066,h_u=2n,module_barriers,retain_all_square_workspace
163,15,87,87,328,87,0,7,lane_first,True,,276,859496,163641438,492220,276,162184,79830208480,135852720,489248,h_u=2n,module_barriers,retain_all_square_workspace
163,15,88,88,328,88,0,7,lane_first,True,,276,868484,165291110,497402,276,162184,80670645968,137282952,494430,h_u=2n,module_barriers,retain_all_square_workspace
163,15,89,89,328,89,0,7,lane_first,True,,276,877472,166940782,502584,276,162184,81511083456,138713184,499612,h_u=2n,module_barriers,retain_all_square_workspace
163,15,90,90,328,90,0,7,lane_first,True,,276,886460,168590454,507766,276,162184,82351520944,140143416,504794,h_u=2n,module_barriers,retain_all_square_workspace
163,15,91,91,328,91,0,7,lane_first,True,,276,895448,170240126,512948,276,162184,83191958432,141573648,509976,h_u=2n,module_barriers,retain_all_square_workspace
163,15,92,92,328,92,0,7,lane_first,True,,276,904436,171889798,518130,276,162184,84032395920,143003880,515158,h_u=2n,module_barriers,retain_all_square_workspace
163,15,93,93,328,93,0,7,lane_first,True,,276,913424,173539470,523312,276,162184,84872833408,144434112,520340,h_u=2n,module_barriers,retain_all_square_workspace
163,15,94,94,328,94,0,7,lane_first,True,,276,922412,175189142,528494,276,162184,85713270896,145864344,525522,h_u=2n,module_barriers,retain_all_square_workspace
163,15,95,95,328,95,0,7,lane_first,True,,276,931400,176838814,533676,276,162184,86553708384,147294576,530704,h_u=2n,module_barriers,retain_all_square_workspace
163,15,96,96,328,96,0,7,lane_first,True,,276,940388,178488486,538858,276,162184,87394145872,148724808,535886,h_u=2n,module_barriers,retain_all_square_workspace
163,15,97,97,328,97,0,7,lane_first,True,,280,949376,180138162,544040,280,164950,89739398000,152331200,541068,h_u=2n,module_barriers,retain_all_square_workspace
163,15,98,98,328,98,0,7,lane_first,True,,280,958364,181787834,549222,280,164950,90594168900,153782160,546250,h_u=2n,module_barriers,retain_all_square_workspace
163,15,99,99,328,99,0,7,lane_first,True,,280,967352,183437506,554404,280,164950,91448939800,155233120,551432,h_u=2n,module_barriers,retain_all_square_workspace
163,15,100,100,328,100,0,7,lane_first,True,,280,976340,185087178,559586,280,164950,92303710700,156684080,556614,h_u=2n,module_barriers,retain_all_square_workspace
163,15,101,101,328,101,0,7,lane_first,True,,280,985328,186736850,564768,280,164950,93158481600,158135040,561796,h_u=2n,module_barriers,retain_all_square_workspace
163,15,102,102,328,102,0,7,lane_first,True,,280,994316,188386522,569950,280,164950,94013252500,159586000,566978,h_u=2n,module_barriers,retain_all_square_workspace
163,15,103,103,328,103,0,7,lane_first,True,,280,1003304,190036194,575132,280,164950,94868023400,161036960,572160,h_u=2n,module_barriers,retain_all_square_workspace
163,15,104,104,328,104,0,7,lane_first,True,,280,1012292,191685866,580314,280,164950,95722794300,162487920,577342,h_u=2n,module_barriers,retain_all_square_workspace
163,15,105,105,328,105,0,7,lane_first,True,,280,1021280,193335538,585496,280,164950,96577565200,163938880,582524,h_u=2n,module_barriers,retain_all_square_workspace
163,15,106,106,328,106,0,7,lane_first,True,,280,1030268,194985210,590678,280,164950,97432336100,165389840,587706,h_u=2n,module_barriers,retain_all_square_workspace
163,15,107,107,328,107,0,7,lane_first,True,,280,1039256,196634882,595860,280,164950,98287107000,166840800,592888,h_u=2n,module_barriers,retain_all_square_workspace
163,15,108,108,328,108,0,7,lane_first,True,,280,1048244,198284554,601042,280,164950,99141877900,168291760,598070,h_u=2n,module_barriers,retain_all_square_workspace
163,15,109,109,328,109,0,7,lane_first,True,,280,1057232,199934226,606224,280,164950,99996648800,169742720,603252,h_u=2n,module_barriers,retain_all_square_workspace
163,15,110,110,328,110,0,7,lane_first,True,,248,1066252,201599530,611406,248,164598,100636204788,151628688,608434,h_u=2n,module_barriers,retain_all_square_workspace
163,15,111,111,328,111,0,7,lane_first,True,,248,1075288,203272650,616588,248,164598,101489151624,152913824,613616,h_u=2n,module_barriers,retain_all_square_workspace
163,15,112,112,328,112,0,7,lane_first,True,,248,1084324,204945770,621770,248,164598,102342098460,154198960,618798,h_u=2n,module_barriers,retain_all_square_workspace
163,15,113,113,328,113,0,7,lane_first,True,,248,1093360,206618890,626952,248,164598,103195045296,155484096,623980,h_u=2n,module_barriers,retain_all_square_workspace
163,15,114,114,328,114,0,7,lane_first,True,,248,1102396,208292010,632134,248,164598,104047992132,156769232,629162,h_u=2n,module_barriers,retain_all_square_workspace
163,15,115,115,328,115,0,7,lane_first,True,,248,1111432,209965130,637316,248,164598,104900938968,158054368,634344,h_u=2n,module_barriers,retain_all_square_workspace
163,15,116,116,328,116,0,7,lane_first,True,,248,1120468,211638250,642498,248,164598,105753885804,159339504,639526,h_u=2n,module_barriers,retain_all_square_workspace
163,15,117,117,328,117,0,7,lane_first,True,,248,1129504,213311370,647680,248,164598,106606832640,160624640,644708,h_u=2n,module_barriers,retain_all_square_workspace
163,15,118,118,328,118,0,7,lane_first,True,,248,1138540,214984490,652862,248,164598,107459779476,161909776,649890,h_u=2n,module_barriers,retain_all_square_workspace
163,15,119,119,328,119,0,7,lane_first,True,,248,1147576,216657610,658044,248,164598,108312726312,163194912,655072,h_u=2n,module_barriers,retain_all_square_workspace
163,15,120,120,328,120,0,7,lane_first,True,,248,1156612,218330730,663226,248,164598,109165673148,164480048,660254,h_u=2n,module_barriers,retain_all_square_workspace
163,15,121,121,328,121,0,7,lane_first,True,,248,1165648,220003850,668408,248,164598,110018619984,165765184,665436,h_u=2n,module_barriers,retain_all_square_workspace
163,15,122,122,328,122,0,7,lane_first,True,,248,1174684,221676970,673590,248,164598,110871566820,167050320,670618,h_u=2n,module_barriers,retain_all_square_workspace
163,15,123,123,328,123,0,7,lane_first,True,,248,1183720,223350090,678772,248,164598,111724513656,168335456,675800,h_u=2n,module_barriers,retain_all_square_workspace
163,15,124,124,328,124,0,7,lane_first,True,,248,1192756,225023210,683954,248,164598,112577460492,169620592,680982,h_u=2n,module_barriers,retain_all_square_workspace
163,15,125,125,328,125,0,7,lane_first,True,,248,1201792,226696330,689136,248,164598,113430407328,170905728,686164,h_u=2n,module_barriers,retain_all_square_workspace
163,15,126,126,328,126,0,7,lane_first,True,,248,1210828,228369450,694318,248,164598,114283354164,172190864,691346,h_u=2n,module_barriers,retain_all_square_workspace
163,15,127,127,328,127,0,7,lane_first,True,,248,1219864,230042570,699500,248,164598,115136301000,173476000,696528,h_u=2n,module_barriers,retain_all_square_workspace
163,15,128,128,328,128,0,7,lane_first,True,,248,1228900,231715690,704682,248,164598,115989247836,174761136,701710,h_u=2n,module_barriers,retain_all_square_workspace
163,15,129,129,328,129,0,8,lane_first,True,,268,1248808,235770706,715952,268,179666,128632232032,191875136,712980,h_u=2n,module_barriers,retain_all_square_workspace
163,15,130,130,328,130,0,8,lane_first,True,,272,1257844,237443826,721134,272,182478,131591090052,196148448,718162,h_u=2n,module_barriers,retain_all_square_workspace
163,15,131,131,328,131,0,8,lane_first,True,,276,1266880,239116946,726316,276,185290,134579091640,200463216,723344,h_u=2n,module_barriers,retain_all_square_workspace
163,15,132,132,328,132,0,8,lane_first,True,,276,1275916,240790066,731498,276,185290,135539264420,201893448,728526,h_u=2n,module_barriers,retain_all_square_workspace
163,15,133,133,328,133,0,8,lane_first,True,,280,1284952,242463186,736680,280,188102,138570981360,206270400,733708,h_u=2n,module_barriers,retain_all_square_workspace
163,15,134,134,328,134,0,8,lane_first,True,,280,1293988,244136306,741862,280,188102,139545725924,207721360,738890,h_u=2n,module_barriers,retain_all_square_workspace
163,15,135,135,328,135,0,8,lane_first,True,,280,1303024,245809426,747044,280,188102,140520470488,209172320,744072,h_u=2n,module_barriers,retain_all_square_workspace
163,15,136,136,328,136,0,8,lane_first,True,,280,1312060,247482546,752226,280,188102,141495215052,210623280,749254,h_u=2n,module_barriers,retain_all_square_workspace
163,15,137,137,328,137,0,8,lane_first,True,,284,1321096,249155666,757408,284,190914,144599790912,215103872,754436,h_u=2n,module_barriers,retain_all_square_workspace
163,15,138,138,328,138,0,8,lane_first,True,,284,1330132,250828786,762590,284,190914,145589107260,216575560,759618,h_u=2n,module_barriers,retain_all_square_workspace
163,15,139,139,328,139,0,8,lane_first,True,,284,1339168,252501906,767772,284,190914,146578423608,218047248,764800,h_u=2n,module_barriers,retain_all_square_workspace
163,15,140,140,328,140,0,8,lane_first,True,,284,1348204,254175026,772954,284,190914,147567739956,219518936,769982,h_u=2n,module_barriers,retain_all_square_workspace
163,15,141,141,328,141,0,8,lane_first,True,,284,1357240,255848146,778136,284,190914,148557056304,220990624,775164,h_u=2n,module_barriers,retain_all_square_workspace
163,15,142,142,328,142,0,8,lane_first,True,,284,1366276,257521266,783318,284,190914,149546372652,222462312,780346,h_u=2n,module_barriers,retain_all_square_workspace
163,15,143,143,328,143,0,8,lane_first,True,,284,1375312,259194386,788500,284,190914,150535689000,223934000,785528,h_u=2n,module_barriers,retain_all_square_workspace
163,15,144,144,328,144,0,8,lane_first,True,,284,1384348,260867506,793682,284,190914,151525005348,225405688,790710,h_u=2n,module_barriers,retain_all_square_workspace
163,15,145,145,328,145,0,8,lane_first,True,,288,1393384,262540626,798864,288,193726,154760727264,230072832,795892,h_u=2n,module_barriers,retain_all_square_workspace
163,15,146,146,328,146,0,8,lane_first,True,,288,1402420,264213746,804046,288,193726,155764615396,231565248,801074,h_u=2n,module_barriers,retain_all_square_workspace
163,15,147,147,328,147,0,8,lane_first,True,,288,1411456,265886866,809228,288,193726,156768503528,233057664,806256,h_u=2n,module_barriers,retain_all_square_workspace
163,15,148,148,328,148,0,8,lane_first,True,,288,1420492,267559986,814410,288,193726,157772391660,234550080,811438,h_u=2n,module_barriers,retain_all_square_workspace
163,15,149,149,328,149,0,8,lane_first,True,,288,1429528,269233106,819592,288,193726,158776279792,236042496,816620,h_u=2n,module_barriers,retain_all_square_workspace
163,15,150,150,328,150,0,8,lane_first,True,,288,1438564,270906226,824774,288,193726,159780167924,237534912,821802,h_u=2n,module_barriers,retain_all_square_workspace
163,15,151,151,328,151,0,8,lane_first,True,,288,1447600,272579346,829956,288,193726,160784056056,239027328,826984,h_u=2n,module_barriers,retain_all_square_workspace
163,15,152,152,328,152,0,8,lane_first,True,,288,1456636,274252466,835138,288,193726,161787944188,240519744,832166,h_u=2n,module_barriers,retain_all_square_workspace
163,15,153,153,328,153,0,8,lane_first,True,,288,1465672,275925586,840320,288,193726,162791832320,242012160,837348,h_u=2n,module_barriers,retain_all_square_workspace
163,15,154,154,328,154,0,8,lane_first,True,,288,1474708,277598706,845502,288,193726,163795720452,243504576,842530,h_u=2n,module_barriers,retain_all_square_workspace
163,15,155,155,328,155,0,8,lane_first,True,,288,1483744,279271826,850684,288,193726,164799608584,244996992,847712,h_u=2n,module_barriers,retain_all_square_workspace
163,15,156,156,328,156,0,8,lane_first,True,,288,1492780,280944946,855866,288,193726,165803496716,246489408,852894,h_u=2n,module_barriers,retain_all_square_workspace
163,15,157,157,328,157,0,8,lane_first,True,,288,1501816,282618066,861048,288,193726,166807384848,247981824,858076,h_u=2n,module_barriers,retain_all_square_workspace
163,15,158,158,328,158,0,8,lane_first,True,,288,1510852,284291186,866230,288,193726,167811272980,249474240,863258,h_u=2n,module_barriers,retain_all_square_workspace
163,15,159,159,328,159,0,8,lane_first,True,,288,1519888,285964306,871412,288,193726,168815161112,250966656,868440,h_u=2n,module_barriers,retain_all_square_workspace
163,15,160,160,328,160,0,8,lane_first,True,,288,1528924,287637426,876594,288,193726,169819049244,252459072,873622,h_u=2n,module_barriers,retain_all_square_workspace
163,15,161,161,328,161,0,8,lane_first,True,,292,1537960,289310546,881776,292,196538,173302491488,257478592,878804,h_u=2n,module_barriers,retain_all_square_workspace
163,15,162,162,328,162,0,8,lane_first,True,,292,1546996,290983666,886958,292,196538,174320951404,258991736,883986,h_u=2n,module_barriers,retain_all_square_workspace
163,15,163,163,328,163,0,8,lane_first,True,,292,1556032,292656786,892140,292,196538,175339411320,260504880,889168,h_u=2n,module_barriers,retain_all_square_workspace
163,15,164,164,328,164,0,8,lane_first,True,,276,1565068,294329906,897322,276,196362,176199942564,247660872,894350,h_u=2n,module_barriers,retain_all_square_workspace
163,15,165,165,328,165,0,8,lane_first,True,,276,1574120,296010842,902504,276,196362,177217490448,249091104,899532,h_u=2n,module_barriers,retain_all_square_workspace
163,15,166,166,328,166,0,8,lane_first,False,reduction:83,276,,,,,,,,,,,
163,15,167,167,328,167,0,8,lane_first,False,reduction:83,276,,,,,,,,,,,
163,15,168,168,328,168,0,8,lane_first,False,reduction:84,276,,,,,,,,,,,
163,15,169,169,328,169,0,8,lane_first,False,reduction:84,276,,,,,,,,,,,
163,15,170,170,328,170,0,8,lane_first,False,reduction:85,276,,,,,,,,,,,
163,15,171,171,328,171,0,8,lane_first,False,reduction:85,276,,,,,,,,,,,
163,15,172,172,328,172,0,8,lane_first,False,reduction:86,276,,,,,,,,,,,
163,15,173,173,328,173,0,8,lane_first,False,reduction:86,276,,,,,,,,,,,
163,15,174,174,328,174,0,8,lane_first,False,reduction:87,276,,,,,,,,,,,
163,15,175,175,328,175,0,8,lane_first,False,reduction:87,276,,,,,,,,,,,
163,15,176,176,328,176,0,8,lane_first,False,reduction:88,276,,,,,,,,,,,
163,15,177,177,328,177,0,8,lane_first,False,reduction:88,276,,,,,,,,,,,
163,15,178,178,328,178,0,8,lane_first,False,reduction:89,276,,,,,,,,,,,
163,15,179,179,328,179,0,8,lane_first,False,reduction:89,276,,,,,,,,,,,
163,15,180,180,328,180,0,8,lane_first,False,reduction:90,276,,,,,,,,,,,
163,15,181,181,328,181,0,8,lane_first,False,reduction:90,276,,,,,,,,,,,
163,15,182,182,328,182,0,8,lane_first,False,reduction:91,276,,,,,,,,,,,
163,15,183,183,328,183,0,8,lane_first,False,reduction:91,276,,,,,,,,,,,
163,15,184,184,328,184,0,8,lane_first,False,reduction:92,276,,,,,,,,,,,
163,15,185,185,328,185,0,8,lane_first,False,reduction:92,276,,,,,,,,,,,
163,15,186,186,328,186,0,8,lane_first,False,reduction:93,276,,,,,,,,,,,
163,15,187,187,328,187,0,8,lane_first,False,reduction:93,276,,,,,,,,,,,
163,15,188,188,328,188,0,8,lane_first,False,reduction:94,276,,,,,,,,,,,
163,15,189,189,328,189,0,8,lane_first,False,reduction:94,276,,,,,,,,,,,
163,15,190,190,328,190,0,8,lane_first,False,reduction:95,276,,,,,,,,,,,
163,15,191,191,328,191,0,8,lane_first,False,reduction:95,276,,,,,,,,,,,
163,15,192,192,328,192,0,8,lane_first,False,reduction:96,276,,,,,,,,,,,
163,15,193,193,328,193,0,8,lane_first,False,reduction:96,280,,,,,,,,,,,
163,15,194,194,328,194,0,8,lane_first,False,reduction:97,280,,,,,,,,,,,
163,15,195,195,328,195,0,8,lane_first,False,reduction:97,280,,,,,,,,,,,
163,15,196,196,328,196,0,8,lane_first,False,reduction:98,280,,,,,,,,,,,
163,15,197,197,328,197,0,8,lane_first,False,reduction:98,280,,,,,,,,,,,
163,15,198,198,328,198,0,8,lane_first,False,reduction:99,280,,,,,,,,,,,
163,15,199,199,328,199,0,8,lane_first,False,reduction:99,280,,,,,,,,,,,
163,15,200,200,328,200,0,8,lane_first,False,reduction:100,280,,,,,,,,,,,
163,15,201,201,328,201,0,8,lane_first,False,reduction:100,280,,,,,,,,,,,
163,15,202,202,328,202,0,8,lane_first,False,reduction:101,280,,,,,,,,,,,
163,15,203,203,328,203,0,8,lane_first,False,reduction:101,280,,,,,,,,,,,
163,15,204,204,328,204,0,8,lane_first,False,reduction:102,280,,,,,,,,,,,
163,15,205,205,328,205,0,8,lane_first,False,reduction:102,280,,,,,,,,,,,
163,15,206,206,328,206,0,8,lane_first,False,reduction:103,280,,,,,,,,,,,
163,15,207,207,328,207,0,8,lane_first,False,reduction:103,280,,,,,,,,,,,
163,15,208,208,328,208,0,8,lane_first,False,reduction:104,280,,,,,,,,,,,
163,15,209,209,328,209,0,8,lane_first,False,reduction:104,280,,,,,,,,,,,
163,15,210,210,328,210,0,8,lane_first,False,reduction:105,280,,,,,,,,,,,
163,15,211,211,328,211,0,8,lane_first,False,reduction:105,280,,,,,,,,,,,
163,15,212,212,328,212,0,8,lane_first,False,reduction:106,280,,,,,,,,,,,
163,15,213,213,328,213,0,8,lane_first,False,reduction:106,280,,,,,,,,,,,
163,15,214,214,328,214,0,8,lane_first,False,reduction:107,280,,,,,,,,,,,
163,15,215,215,328,215,0,8,lane_first,False,reduction:107,280,,,,,,,,,,,
163,15,216,216,328,216,0,8,lane_first,False,reduction:108,280,,,,,,,,,,,
163,15,217,217,328,217,0,8,lane_first,False,reduction:108,280,,,,,,,,,,,
163,15,218,218,328,218,0,8,lane_first,False,reduction:109,280,,,,,,,,,,,
163,15,219,219,328,219,0,8,lane_first,False,reduction:109,280,,,,,,,,,,,
163,15,220,220,328,220,0,8,lane_first,False,reduction:110,280,,,,,,,,,,,
163,15,221,221,328,221,0,8,lane_first,False,reduction:110,280,,,,,,,,,,,
163,15,222,222,328,222,0,8,lane_first,False,reduction:111,280,,,,,,,,,,,
163,15,223,223,328,223,0,8,lane_first,False,reduction:111,280,,,,,,,,,,,
163,15,224,224,328,224,0,8,lane_first,False,reduction:112,280,,,,,,,,,,,
163,15,225,225,328,225,0,8,lane_first,False,reduction:112,280,,,,,,,,,,,
163,15,226,226,328,226,0,8,lane_first,False,reduction:113,280,,,,,,,,,,,
163,15,227,227,328,227,0,8,lane_first,False,reduction:113,280,,,,,,,,,,,
163,15,228,228,328,228,0,8,lane_first,False,reduction:114,280,,,,,,,,,,,
163,15,229,229,328,229,0,8,lane_first,False,reduction:114,280,,,,,,,,,,,
163,15,230,230,328,230,0,8,lane_first,False,reduction:115,280,,,,,,,,,,,
163,15,231,231,328,231,0,8,lane_first,False,reduction:115,280,,,,,,,,,,,
163,15,232,232,328,232,0,8,lane_first,False,reduction:116,280,,,,,,,,,,,
163,15,233,233,328,233,0,8,lane_first,False,reduction:116,280,,,,,,,,,,,
163,15,234,234,328,234,0,8,lane_first,False,reduction:117,280,,,,,,,,,,,
163,15,235,235,328,235,0,8,lane_first,False,reduction:117,280,,,,,,,,,,,
163,15,236,236,328,236,0,8,lane_first,False,reduction:118,280,,,,,,,,,,,
163,15,237,237,328,237,0,8,lane_first,False,reduction:118,280,,,,,,,,,,,
163,15,238,238,328,238,0,8,lane_first,False,reduction:119,280,,,,,,,,,,,
163,15,239,239,328,239,0,8,lane_first,False,reduction:119,280,,,,,,,,,,,
163,15,240,240,328,240,0,8,lane_first,False,reduction:120,280,,,,,,,,,,,
163,15,241,241,328,241,0,8,lane_first,False,reduction:120,280,,,,,,,,,,,
163,15,242,242,328,242,0,8,lane_first,False,reduction:121,280,,,,,,,,,,,
163,15,243,243,328,243,0,8,lane_first,False,reduction:121,280,,,,,,,,,,,
163,15,244,244,328,244,0,8,lane_first,False,reduction:122,280,,,,,,,,,,,
163,15,245,245,328,245,0,8,lane_first,False,reduction:122,280,,,,,,,,,,,
163,15,246,246,328,246,0,8,lane_first,False,reduction:123,280,,,,,,,,,,,
163,15,247,247,328,247,0,8,lane_first,False,reduction:123,280,,,,,,,,,,,
163,15,248,248,328,248,0,8,lane_first,False,reduction:124,280,,,,,,,,,,,
163,15,249,249,328,249,0,8,lane_first,False,reduction:124,280,,,,,,,,,,,
163,15,250,250,328,250,0,8,lane_first,False,reduction:125,280,,,,,,,,,,,
163,15,251,251,328,251,0,8,lane_first,False,reduction:125,280,,,,,,,,,,,
163,15,252,252,328,252,0,8,lane_first,False,reduction:126,280,,,,,,,,,,,
163,15,253,253,328,253,0,8,lane_first,False,reduction:126,280,,,,,,,,,,,
163,15,254,254,328,254,0,8,lane_first,False,reduction:127,280,,,,,,,,,,,
163,15,255,255,328,255,0,8,lane_first,False,reduction:127,280,,,,,,,,,,,
163,15,256,256,328,256,0,8,lane_first,False,reduction:128,280,,,,,,,,,,,
163,15,257,257,328,257,0,9,lane_first,False,reduction:128,300,,,,,,,,,,,
163,15,258,258,328,258,0,9,lane_first,False,reduction:129,304,,,,,,,,,,,
163,15,259,259,328,259,0,9,lane_first,False,reduction:129,308,,,,,,,,,,,
163,15,260,260,328,260,0,9,lane_first,False,reduction:130,308,,,,,,,,,,,
163,15,261,261,328,261,0,9,lane_first,False,reduction:130,312,,,,,,,,,,,
163,15,262,262,328,262,0,9,lane_first,False,reduction:131,312,,,,,,,,,,,
163,15,263,263,328,263,0,9,lane_first,False,reduction:131,312,,,,,,,,,,,
163,15,264,264,328,264,0,9,lane_first,False,reduction:132,312,,,,,,,,,,,
163,15,265,265,328,265,0,9,lane_first,False,reduction:132,316,,,,,,,,,,,
163,15,266,266,328,266,0,9,lane_first,False,reduction:133,316,,,,,,,,,,,
163,15,267,267,328,267,0,9,lane_first,False,reduction:133,316,,,,,,,,,,,
163,15,268,268,328,268,0,9,lane_first,False,reduction:134,316,,,,,,,,,,,
163,15,269,269,328,269,0,9,lane_first,False,reduction:134,316,,,,,,,,,,,
163,15,270,270,328,270,0,9,lane_first,False,reduction:135,316,,,,,,,,,,,
163,15,271,271,328,271,0,9,lane_first,False,reduction:135,316,,,,,,,,,,,
163,15,272,272,328,272,0,9,lane_first,False,reduction:136,316,,,,,,,,,,,
163,15,273,273,328,273,0,9,lane_first,False,reduction:136,320,,,,,,,,,,,
163,15,274,274,328,274,0,9,lane_first,False,reduction:137,320,,,,,,,,,,,
163,15,275,275,328,275,0,9,lane_first,False,reduction:137,320,,,,,,,,,,,
163,15,276,276,328,276,0,9,lane_first,False,reduction:138,320,,,,,,,,,,,
163,15,277,277,328,277,0,9,lane_first,False,reduction:138,320,,,,,,,,,,,
163,15,278,278,328,278,0,9,lane_first,False,reduction:139,320,,,,,,,,,,,
163,15,279,279,328,279,0,9,lane_first,False,reduction:139,320,,,,,,,,,,,
163,15,280,280,328,280,0,9,lane_first,False,reduction:140,320,,,,,,,,,,,
163,15,281,281,328,281,0,9,lane_first,False,reduction:140,320,,,,,,,,,,,
163,15,282,282,328,282,0,9,lane_first,False,reduction:141,320,,,,,,,,,,,
163,15,283,283,328,283,0,9,lane_first,False,reduction:141,320,,,,,,,,,,,
163,15,284,284,328,284,0,9,lane_first,False,reduction:142,320,,,,,,,,,,,
163,15,285,285,328,285,0,9,lane_first,False,reduction:142,320,,,,,,,,,,,
163,15,286,286,328,286,0,9,lane_first,False,reduction:143,320,,,,,,,,,,,
163,15,287,287,328,287,0,9,lane_first,False,reduction:143,320,,,,,,,,,,,
163,15,288,288,328,288,0,9,lane_first,False,reduction:144,320,,,,,,,,,,,
163,15,289,289,328,289,0,9,lane_first,False,reduction:144,324,,,,,,,,,,,
163,15,290,290,328,290,0,9,lane_first,False,reduction:145,324,,,,,,,,,,,
163,15,291,291,328,291,0,9,lane_first,False,reduction:145,324,,,,,,,,,,,
163,15,292,292,328,292,0,9,lane_first,False,reduction:146,324,,,,,,,,,,,
163,15,293,293,328,293,0,9,lane_first,False,reduction:146,324,,,,,,,,,,,
163,15,294,294,328,294,0,9,lane_first,False,reduction:147,324,,,,,,,,,,,
163,15,295,295,328,295,0,9,lane_first,False,reduction:147,324,,,,,,,,,,,
163,15,296,296,328,296,0,9,lane_first,False,reduction:148,324,,,,,,,,,,,
163,15,297,297,328,297,0,9,lane_first,False,reduction:148,324,,,,,,,,,,,
163,15,298,298,328,298,0,9,lane_first,False,reduction:149,324,,,,,,,,,,,
163,15,299,299,328,299,0,9,lane_first,False,reduction:149,324,,,,,,,,,,,
163,15,300,300,328,300,0,9,lane_first,False,reduction:150,324,,,,,,,,,,,
163,15,301,301,328,301,0,9,lane_first,False,reduction:150,324,,,,,,,,,,,
163,15,302,302,328,302,0,9,lane_first,False,reduction:151,324,,,,,,,,,,,
163,15,303,303,328,303,0,9,lane_first,False,reduction:151,324,,,,,,,,,,,
163,15,304,304,328,304,0,9,lane_first,False,reduction:152,324,,,,,,,,,,,
163,15,305,305,328,305,0,9,lane_first,False,reduction:152,324,,,,,,,,,,,
163,15,306,306,328,306,0,9,lane_first,False,reduction:153,324,,,,,,,,,,,
163,15,307,307,328,307,0,9,lane_first,False,reduction:153,324,,,,,,,,,,,
163,15,308,308,328,308,0,9,lane_first,False,reduction:154,324,,,,,,,,,,,
163,15,309,309,328,309,0,9,lane_first,False,reduction:154,324,,,,,,,,,,,
163,15,310,310,328,310,0,9,lane_first,False,reduction:155,324,,,,,,,,,,,
163,15,311,311,328,311,0,9,lane_first,False,reduction:155,324,,,,,,,,,,,
163,15,312,312,328,312,0,9,lane_first,False,reduction:156,324,,,,,,,,,,,
163,15,313,313,328,313,0,9,lane_first,False,reduction:156,324,,,,,,,,,,,
163,15,314,314,328,314,0,9,lane_first,False,reduction:157,324,,,,,,,,,,,
163,15,315,315,328,315,0,9,lane_first,False,reduction:157,324,,,,,,,,,,,
163,15,316,316,328,316,0,9,lane_first,False,reduction:158,324,,,,,,,,,,,
163,15,317,317,328,317,0,9,lane_first,False,reduction:158,324,,,,,,,,,,,
163,15,318,318,328,318,0,9,lane_first,False,reduction:159,324,,,,,,,,,,,
163,15,319,319,328,319,0,9,lane_first,False,reduction:159,324,,,,,,,,,,,
163,15,320,320,328,320,0,9,lane_first,False,reduction:160,324,,,,,,,,,,,
163,15,321,321,328,321,0,9,lane_first,False,reduction:160,328,,,,,,,,,,,
163,15,322,322,328,322,0,9,lane_first,False,reduction:161,328,,,,,,,,,,,
163,15,323,323,328,323,0,9,lane_first,False,reduction:161,328,,,,,,,,,,,
163,15,324,324,328,324,0,9,lane_first,False,reduction:162,328,,,,,,,,,,,
163,15,325,325,328,325,0,9,lane_first,False,reduction:162,328,,,,,,,,,,,
163,15,326,326,328,326,0,9,lane_first,False,reduction:163,328,,,,,,,,,,,
163,15,327,327,328,327,0,9,lane_first,False,reduction:163,328,,,,,,,,,,,
163,15,328,328,328,328,0,9,lane_first,False,reduction:164,320,,,,,,,,,,,
163,16,1,1,328,21,20,0,lane_first,True,,10224568,10622808,5076467746,222832,10224568,112781410,25131307153120,2278360936576,219860,h_u=2n,module_barriers,retain_all_square_workspace
163,16,2,2,328,22,10,1,lane_first,True,,4980404,10270140,4927778922,173222,4980404,54981814,9524059784708,862715541688,170250,h_u=2n,module_barriers,retain_all_square_workspace
163,16,3,3,328,21,6,2,lane_first,True,,3014408,9179712,4406600458,150428,3014408,33314546,5011440525688,453451366624,147456,h_u=2n,module_barriers,retain_all_square_workspace
163,16,4,4,328,24,5,2,lane_first,True,,2359180,9720468,4665435978,159234,2359180,26088220,4154131623480,375661668120,156262,h_u=2n,module_barriers,retain_all_square_workspace
163,16,5,5,328,25,4,3,lane_first,True,,1834976,9467440,4539059566,164416,1834976,20326836,3342057067776,301699414016,161444,h_u=2n,module_barriers,retain_all_square_workspace
163,16,6,6,328,24,3,3,lane_first,True,,1311708,8141860,3897151210,153798,1311708,14550028,2237765206344,201738066984,150826,h_u=2n,module_barriers,retain_all_square_workspace
163,16,7,7,328,21,2,3,lane_first,True,,1048556,7443432,3567087242,133468,1048556,11634570,1552842788760,139948672208,130496,h_u=2n,module_barriers,retain_all_square_workspace
163,16,8,8,328,24,2,3,lane_first,True,,790532,6585908,3139933906,148362,790532,8796066,1305001943892,117284908584,145390,h_u=2n,module_barriers,retain_all_square_workspace
163,16,9,9,328,27,2,4,lane_first,True,,786736,7379320,3516333730,169344,786736,8774534,1485914685696,133229021184,166372,h_u=2n,module_barriers,retain_all_square_workspace
163,16,10,10,328,28,2,4,lane_first,True,,786512,8173332,3901436362,174526,786512,8771910,1530926364660,137266793312,171554,h_u=2n,module_barriers,retain_all_square_workspace
163,16,11,11,328,22,1,4,lane_first,True,,393276,4438096,2096112630,139628,393276,4425774,617961972072,54912341328,136656,h_u=2n,module_barriers,retain_all_square_workspace
163,16,12,12,328,24,1,4,lane_first,True,,294980,3669828,1715301166,149666,294980,3344438,500548657708,44148476680,146694,h_u=2n,module_barriers,retain_all_square_workspace
163,16,13,13,328,26,1,4,lane_first,True,,270416,3753528,1750676074,159704,270416,3076876,491389404704,43186516864,156732,h_u=2n,module_barriers,retain_all_square_workspace
163,16,14,14,328,28,1,4,lane_first,True,,264280,3988780,1860084130,169742,264280,3009300,510804600600,44859415760,166770,h_u=2n,module_barriers,retain_all_square_workspace
163,16,15,15,328,30,1,4,lane_first,True,,262752,4255776,1984999130,179780,262752,2992412,537975829360,47237554560,176808,h_u=2n,module_barriers,retain_all_square_workspace
163,16,16,16,328,32,1,4,lane_first,True,,262500,4531988,2114416146,189818,262500,2989600,567479892800,49827225000,186846,h_u=2n,module_barriers,retain_all_square_workspace
163,16,17,17,328,34,1,5,lane_first,True,,262400,4821504,2247403090,205944,262400,3006076,619083315744,54039705600,202972,h_u=2n,module_barriers,retain_all_square_workspace
163,16,18,18,328,36,1,5,lane_first,True,,262344,5101108,2378477098,215982,262344,3008188,649714460616,56661581808,213010,h_u=2n,module_barriers,retain_all_square_workspace
163,16,19,19,328,38,1,5,lane_first,True,,262320,5381096,2509738690,226020,262320,3010652,680467565040,59289566400,223048,h_u=2n,module_barriers,retain_all_square_workspace
163,16,20,20,328,28,1,5,lane_first,True,,262300,5552572,2620875962,177786,262300,3004856,534221328816,46633267800,174814,h_u=2n,module_barriers,retain_all_square_workspace
163,16,21,21,328,21,0,5,lane_first,True,,262272,4691840,2222503382,138032,262272,2984088,411899634816,36201928704,135060,h_u=2n,module_barriers,retain_all_square_workspace
163,16,22,22,328,22,0,5,lane_first,True,,131200,2996956,1391811582,143214,131200,1542296,220878379344,18789676800,140242,h_u=2n,module_barriers,retain_all_square_workspace
163,16,23,23,328,23,0,5,lane_first,True,,131200,2154040,977306150,148396,131200,1542296,228870557216,19469555200,145424,h_u=2n,module_barriers,retain_all_square_workspace
163,16,24,24,328,24,0,5,lane_first,True,,65664,1573268,690858062,153578,65664,821400,126148969200,10084545792,150606,h_u=2n,module_barriers,retain_all_square_workspace
163,16,25,25,328,25,0,5,lane_first,True,,65668,1189104,500452986,158760,65668,824166,130844594160,10425451680,155788,h_u=2n,module_barriers,retain_all_square_workspace
163,16,26,26,328,26,0,5,lane_first,True,,32900,968780,390083746,163942,32900,463718,76022856356,5393691800,160970,h_u=2n,module_barriers,retain_all_square_workspace
163,16,27,27,328,27,0,5,lane_first,True,,32900,797608,303725258,169124,32900,463718,78425843032,5564179600,166152,h_u=2n,module_barriers,retain_all_square_workspace
163,16,28,28,328,28,0,5,lane_first,True,,16516,691972,249381106,174306,16516,283494,49414705164,2878837896,171334,h_u=2n,module_barriers,retain_all_square_workspace
163,16,29,29,328,29,0,5,lane_first,True,,16516,619104,211044122,179488,16516,283494,50883771072,2964423808,176516,h_u=2n,module_barriers,retain_all_square_workspace
163,16,30,30,328,30,0,5,lane_first,True,,8324,554428,176708930,184670,8324,193382,35711853940,1537193080,181698,h_u=2n,module_barriers,retain_all_square_workspace
163,16,31,31,328,31,0,5,lane_first,True,,8324,526616,160381802,189852,8324,193382,36713959464,1580328048,186880,h_u=2n,module_barriers,retain_all_square_workspace
163,16,32,32,328,32,0,5,lane_first,True,,8324,498804,144054674,195034,8324,193382,37716064988,1623463016,192062,h_u=2n,module_barriers,retain_all_square_workspace
163,16,33,33,328,33,0,6,lane_first,True,,4248,485960,132110338,206304,4248,163394,33708835776,876379392,203332,h_u=2n,module_barriers,retain_all_square_workspace
163,16,34,34,328,34,0,6,lane_first,True,,4252,478628,125787690,211486,4252,166206,35150242116,899238472,208514,h_u=2n,module_barriers,retain_all_square_workspace
163,16,35,35,328,35,0,6,lane_first,True,,4256,471296,119465042,216668,4256,169018,36620792024,922139008,213696,h_u=2n,module_barriers,retain_all_square_workspace
163,16,36,36,328,36,0,6,lane_first,True,,4256,463964,113142394,221850,4256,169018,37496643300,944193600,218878,h_u=2n,module_barriers,retain_all_square_workspace
163,16,37,37,328,37,0,6,lane_first,True,,2212,461752,109320866,227032,2212,149302,33896331664,502194784,224060,h_u=2n,module_barriers,retain_all_square_workspace
163,16,38,38,328,38,0,6,lane_first,True,,2212,463636,107500234,232214,2212,149302,34670014628,513657368,229242,h_u=2n,module_barriers,retain_all_square_workspace
163,16,39,39,328,39,0,6,lane_first,True,,2212,465520,105679602,237396,2212,149302,35443697592,525119952,234424,h_u=2n,module_barriers,retain_all_square_workspace
163,16,40,40,328,40,0,6,lane_first,True,,2212,467404,103858970,242578,2212,149302,36217380556,536582536,239606,h_u=2n,module_barriers,retain_all_square_workspace
163,16,41,41,328,41,0,6,lane_first,True,,1192,469288,102038338,247760,1192,140850,34896996000,295329920,244788,h_u=2n,module_barriers,retain_all_square_workspace
163,16,42,42,328,42,0,6,lane_first,True,,1192,475268,102218602,252942,1192,140850,35626880700,301506864,249970,h_u=2n,module_barriers,retain_all_square_workspace
163,16,43,43,328,43,0,6,lane_first,True,,1192,481248,102398866,258124,1192,140850,36356765400,307683808,255152,h_u=2n,module_barriers,retain_all_square_workspace
163,16,44,44,328,44,0,6,lane_first,True,,1192,487228,102579130,263306,1192,140850,37086650100,313860752,260334,h_u=2n,module_barriers,retain_all_square_workspace
163,16,45,45,328,45,0,6,lane_first,True,,1192,493208,102759394,268488,1192,140850,37816534800,320037696,265516,h_u=2n,module_barriers,retain_all_square_workspace
163,16,46,46,328,46,0,6,lane_first,True,,1192,499188,102939658,273670,1192,140850,38546419500,326214640,270698,h_u=2n,module_barriers,retain_all_square_workspace
163,16,47,47,328,47,0,6,lane_first,True,,680,505424,103244978,278852,680,135218,37705809736,189619360,275880,h_u=2n,module_barriers,retain_all_square_workspace
163,16,48,48,328,48,0,6,lane_first,True,,680,513196,104300634,284034,680,135218,38406509412,193143120,281062,h_u=2n,module_barriers,retain_all_square_workspace
163,16,49,49,328,49,0,6,lane_first,True,,684,520968,105356294,289216,684,137984,39907180544,197823744,286244,h_u=2n,module_barriers,retain_all_square_workspace
163,16,50,50,328,50,0,6,lane_first,True,,684,528740,106411950,294398,684,137984,40622213632,201368232,291426,h_u=2n,module_barriers,retain_all_square_workspace
163,16,51,51,328,51,0,6,lane_first,True,,684,536512,107467606,299580,684,137984,41337246720,204912720,296608,h_u=2n,module_barriers,retain_all_square_workspace
163,16,52,52,328,52,0,6,lane_first,True,,684,544284,108523262,304762,684,137984,42052279808,208457208,301790,h_u=2n,module_barriers,retain_all_square_workspace
163,16,53,53,328,53,0,6,lane_first,True,,684,552056,109578918,309944,684,137984,42767312896,212001696,306972,h_u=2n,module_barriers,retain_all_square_workspace
163,16,54,54,328,54,0,6,lane_first,True,,684,559828,110634574,315126,684,137984,43482345984,215546184,312154,h_u=2n,module_barriers,retain_all_square_workspace
163,16,55,55,328,55,0,6,lane_first,True,,428,567856,111815286,320308,428,135168,43295391744,137091824,317336,h_u=2n,module_barriers,retain_all_square_workspace
163,16,56,56,328,56,0,6,lane_first,True,,428,576396,113246110,325490,428,135168,43995832320,139309720,322518,h_u=2n,module_barriers,retain_all_square_workspace
163,16,57,57,328,57,0,6,lane_first,True,,428,584936,114676934,330672,428,135168,44696272896,141527616,327700,h_u=2n,module_barriers,retain_all_square_workspace
163,16,58,58,328,58,0,6,lane_first,True,,428,593476,116107758,335854,428,135168,45396713472,143745512,332882,h_u=2n,module_barriers,retain_all_square_workspace
163,16,59,59,328,59,0,6,lane_first,True,,428,602016,117538582,341036,428,135168,46097154048,145963408,338064,h_u=2n,module_barriers,retain_all_square_workspace
163,16,60,60,328,60,0,6,lane_first,True,,428,610556,118969406,346218,428,135168,46797594624,148181304,343246,h_u=2n,module_barriers,retain_all_square_workspace
163,16,61,61,328,61,0,6,lane_first,True,,428,619096,120400230,351400,428,135168,47498035200,150399200,348428,h_u=2n,module_barriers,retain_all_square_workspace
163,16,62,62,328,62,0,6,lane_first,True,,428,627636,121831054,356582,428,135168,48198475776,152617096,353610,h_u=2n,module_barriers,retain_all_square_workspace
163,16,63,63,328,63,0,6,lane_first,True,,428,636176,123261878,361764,428,135168,48898916352,154834992,358792,h_u=2n,module_barriers,retain_all_square_workspace
163,16,64,64,328,64,0,6,lane_first,True,,428,644716,124692702,366946,428,135168,49599356928,157052888,363974,h_u=2n,module_barriers,retain_all_square_workspace
163,16,65,65,328,65,0,7,lane_first,True,,448,664128,128505422,378216,448,150236,56821658976,169440768,375244,h_u=2n,module_barriers,retain_all_square_workspace
163,16,66,66,328,66,0,7,lane_first,True,,324,672796,129998774,383398,324,151640,58138472720,124220952,380426,h_u=2n,module_barriers,retain_all_square_workspace
163,16,67,67,328,67,0,7,lane_first,True,,328,681656,131585918,388580,328,154452,60016958160,127454240,385608,h_u=2n,module_barriers,retain_all_square_workspace
163,16,68,68,328,68,0,7,lane_first,True,,328,690516,133173062,393762,328,154452,60817328424,129153936,390790,h_u=2n,module_barriers,retain_all_square_workspace
163,16,69,69,328,69,0,7,lane_first,True,,332,699376,134760206,398944,332,157264,62739529216,132449408,395972,h_u=2n,module_barriers,retain_all_square_workspace
163,16,70,70,328,70,0,7,lane_first,True,,332,708236,136347350,404126,332,157264,63554471264,134169832,401154,h_u=2n,module_barriers,retain_all_square_workspace
163,16,71,71,328,71,0,7,lane_first,True,,332,717096,137934494,409308,332,157264,64369413312,135890256,406336,h_u=2n,module_barriers,retain_all_square_workspace
163,16,72,72,328,72,0,7,lane_first,True,,332,725956,139521638,414490,332,157264,65184355360,137610680,411518,h_u=2n,module_barriers,retain_all_square_workspace
163,16,73,73,328,73,0,7,lane_first,True,,336,734816,141108782,419672,336,160076,67179415072,141009792,416700,h_u=2n,module_barriers,retain_all_square_workspace
163,16,74,74,328,74,0,7,lane_first,True,,336,743676,142695926,424854,336,160076,68008928904,142750944,421882,h_u=2n,module_barriers,retain_all_square_workspace
163,16,75,75,328,75,0,7,lane_first,True,,336,752536,144283070,430036,336,160076,68838442736,144492096,427064,h_u=2n,module_barriers,retain_all_square_workspace
163,16,76,76,328,76,0,7,lane_first,True,,336,761396,145870214,435218,336,160076,69667956568,146233248,432246,h_u=2n,module_barriers,retain_all_square_workspace
163,16,77,77,328,77,0,7,lane_first,True,,336,770256,147457358,440400,336,160076,70497470400,147974400,437428,h_u=2n,module_barriers,retain_all_square_workspace
163,16,78,78,328,78,0,7,lane_first,True,,336,779116,149044502,445582,336,160076,71326984232,149715552,442610,h_u=2n,module_barriers,retain_all_square_workspace
163,16,79,79,328,79,0,7,lane_first,True,,336,787976,150631646,450764,336,160076,72156498064,151456704,447792,h_u=2n,module_barriers,retain_all_square_workspace
163,16,80,80,328,80,0,7,lane_first,True,,336,796836,152218790,455946,336,160076,72986011896,153197856,452974,h_u=2n,module_barriers,retain_all_square_workspace
163,16,81,81,328,81,0,7,lane_first,True,,340,805696,153805934,461128,340,162888,75112217664,156783520,458156,h_u=2n,module_barriers,retain_all_square_workspace
163,16,82,82,328,82,0,7,lane_first,True,,276,814556,155393078,466310,276,162184,75628021040,128701560,463338,h_u=2n,module_barriers,retain_all_square_workspace
163,16,83,83,328,83,0,7,lane_first,True,,276,823544,157042750,471492,276,162184,76468458528,130131792,468520,h_u=2n,module_barriers,retain_all_square_workspace
163,16,84,84,328,84,0,7,lane_first,True,,276,832532,158692422,476674,276,162184,77308896016,131562024,473702,h_u=2n,module_barriers,retain_all_square_workspace
163,16,85,85,328,85,0,7,lane_first,True,,276,841520,160342094,481856,276,162184,78149333504,132992256,478884,h_u=2n,module_barriers,retain_all_square_workspace
163,16,86,86,328,86,0,7,lane_first,True,,276,850508,161991766,487038,276,162184,78989770992,134422488,484066,h_u=2n,module_barriers,retain_all_square_workspace
163,16,87,87,328,87,0,7,lane_first,True,,276,859496,163641438,492220,276,162184,79830208480,135852720,489248,h_u=2n,module_barriers,retain_all_square_workspace
163,16,88,88,328,88,0,7,lane_first,True,,276,868484,165291110,497402,276,162184,80670645968,137282952,494430,h_u=2n,module_barriers,retain_all_square_workspace
163,16,89,89,328,89,0,7,lane_first,True,,276,877472,166940782,502584,276,162184,81511083456,138713184,499612,h_u=2n,module_barriers,retain_all_square_workspace
163,16,90,90,328,90,0,7,lane_first,True,,276,886460,168590454,507766,276,162184,82351520944,140143416,504794,h_u=2n,module_barriers,retain_all_square_workspace
163,16,91,91,328,91,0,7,lane_first,True,,276,895448,170240126,512948,276,162184,83191958432,141573648,509976,h_u=2n,module_barriers,retain_all_square_workspace
163,16,92,92,328,92,0,7,lane_first,True,,276,904436,171889798,518130,276,162184,84032395920,143003880,515158,h_u=2n,module_barriers,retain_all_square_workspace
163,16,93,93,328,93,0,7,lane_first,True,,276,913424,173539470,523312,276,162184,84872833408,144434112,520340,h_u=2n,module_barriers,retain_all_square_workspace
163,16,94,94,328,94,0,7,lane_first,True,,276,922412,175189142,528494,276,162184,85713270896,145864344,525522,h_u=2n,module_barriers,retain_all_square_workspace
163,16,95,95,328,95,0,7,lane_first,True,,276,931400,176838814,533676,276,162184,86553708384,147294576,530704,h_u=2n,module_barriers,retain_all_square_workspace
163,16,96,96,328,96,0,7,lane_first,True,,276,940388,178488486,538858,276,162184,87394145872,148724808,535886,h_u=2n,module_barriers,retain_all_square_workspace
163,16,97,97,328,97,0,7,lane_first,True,,280,949376,180138162,544040,280,164950,89739398000,152331200,541068,h_u=2n,module_barriers,retain_all_square_workspace
163,16,98,98,328,98,0,7,lane_first,True,,280,958364,181787834,549222,280,164950,90594168900,153782160,546250,h_u=2n,module_barriers,retain_all_square_workspace
163,16,99,99,328,99,0,7,lane_first,True,,280,967352,183437506,554404,280,164950,91448939800,155233120,551432,h_u=2n,module_barriers,retain_all_square_workspace
163,16,100,100,328,100,0,7,lane_first,True,,280,976340,185087178,559586,280,164950,92303710700,156684080,556614,h_u=2n,module_barriers,retain_all_square_workspace
163,16,101,101,328,101,0,7,lane_first,True,,280,985328,186736850,564768,280,164950,93158481600,158135040,561796,h_u=2n,module_barriers,retain_all_square_workspace
163,16,102,102,328,102,0,7,lane_first,True,,280,994316,188386522,569950,280,164950,94013252500,159586000,566978,h_u=2n,module_barriers,retain_all_square_workspace
163,16,103,103,328,103,0,7,lane_first,True,,280,1003304,190036194,575132,280,164950,94868023400,161036960,572160,h_u=2n,module_barriers,retain_all_square_workspace
163,16,104,104,328,104,0,7,lane_first,True,,280,1012292,191685866,580314,280,164950,95722794300,162487920,577342,h_u=2n,module_barriers,retain_all_square_workspace
163,16,105,105,328,105,0,7,lane_first,True,,280,1021280,193335538,585496,280,164950,96577565200,163938880,582524,h_u=2n,module_barriers,retain_all_square_workspace
163,16,106,106,328,106,0,7,lane_first,True,,280,1030268,194985210,590678,280,164950,97432336100,165389840,587706,h_u=2n,module_barriers,retain_all_square_workspace
163,16,107,107,328,107,0,7,lane_first,True,,280,1039256,196634882,595860,280,164950,98287107000,166840800,592888,h_u=2n,module_barriers,retain_all_square_workspace
163,16,108,108,328,108,0,7,lane_first,True,,280,1048244,198284554,601042,280,164950,99141877900,168291760,598070,h_u=2n,module_barriers,retain_all_square_workspace
163,16,109,109,328,109,0,7,lane_first,True,,280,1057232,199934226,606224,280,164950,99996648800,169742720,603252,h_u=2n,module_barriers,retain_all_square_workspace
163,16,110,110,328,110,0,7,lane_first,True,,248,1066252,201599530,611406,248,164598,100636204788,151628688,608434,h_u=2n,module_barriers,retain_all_square_workspace
163,16,111,111,328,111,0,7,lane_first,True,,248,1075288,203272650,616588,248,164598,101489151624,152913824,613616,h_u=2n,module_barriers,retain_all_square_workspace
163,16,112,112,328,112,0,7,lane_first,True,,248,1084324,204945770,621770,248,164598,102342098460,154198960,618798,h_u=2n,module_barriers,retain_all_square_workspace
163,16,113,113,328,113,0,7,lane_first,True,,248,1093360,206618890,626952,248,164598,103195045296,155484096,623980,h_u=2n,module_barriers,retain_all_square_workspace
163,16,114,114,328,114,0,7,lane_first,True,,248,1102396,208292010,632134,248,164598,104047992132,156769232,629162,h_u=2n,module_barriers,retain_all_square_workspace
163,16,115,115,328,115,0,7,lane_first,True,,248,1111432,209965130,637316,248,164598,104900938968,158054368,634344,h_u=2n,module_barriers,retain_all_square_workspace
163,16,116,116,328,116,0,7,lane_first,True,,248,1120468,211638250,642498,248,164598,105753885804,159339504,639526,h_u=2n,module_barriers,retain_all_square_workspace
163,16,117,117,328,117,0,7,lane_first,True,,248,1129504,213311370,647680,248,164598,106606832640,160624640,644708,h_u=2n,module_barriers,retain_all_square_workspace
163,16,118,118,328,118,0,7,lane_first,True,,248,1138540,214984490,652862,248,164598,107459779476,161909776,649890,h_u=2n,module_barriers,retain_all_square_workspace
163,16,119,119,328,119,0,7,lane_first,True,,248,1147576,216657610,658044,248,164598,108312726312,163194912,655072,h_u=2n,module_barriers,retain_all_square_workspace
163,16,120,120,328,120,0,7,lane_first,True,,248,1156612,218330730,663226,248,164598,109165673148,164480048,660254,h_u=2n,module_barriers,retain_all_square_workspace
163,16,121,121,328,121,0,7,lane_first,True,,248,1165648,220003850,668408,248,164598,110018619984,165765184,665436,h_u=2n,module_barriers,retain_all_square_workspace
163,16,122,122,328,122,0,7,lane_first,True,,248,1174684,221676970,673590,248,164598,110871566820,167050320,670618,h_u=2n,module_barriers,retain_all_square_workspace
163,16,123,123,328,123,0,7,lane_first,True,,248,1183720,223350090,678772,248,164598,111724513656,168335456,675800,h_u=2n,module_barriers,retain_all_square_workspace
163,16,124,124,328,124,0,7,lane_first,True,,248,1192756,225023210,683954,248,164598,112577460492,169620592,680982,h_u=2n,module_barriers,retain_all_square_workspace
163,16,125,125,328,125,0,7,lane_first,True,,248,1201792,226696330,689136,248,164598,113430407328,170905728,686164,h_u=2n,module_barriers,retain_all_square_workspace
163,16,126,126,328,126,0,7,lane_first,True,,248,1210828,228369450,694318,248,164598,114283354164,172190864,691346,h_u=2n,module_barriers,retain_all_square_workspace
163,16,127,127,328,127,0,7,lane_first,True,,248,1219864,230042570,699500,248,164598,115136301000,173476000,696528,h_u=2n,module_barriers,retain_all_square_workspace
163,16,128,128,328,128,0,7,lane_first,True,,248,1228900,231715690,704682,248,164598,115989247836,174761136,701710,h_u=2n,module_barriers,retain_all_square_workspace
163,16,129,129,328,129,0,8,lane_first,True,,268,1248808,235770706,715952,268,179666,128632232032,191875136,712980,h_u=2n,module_barriers,retain_all_square_workspace
163,16,130,130,328,130,0,8,lane_first,True,,272,1257844,237443826,721134,272,182478,131591090052,196148448,718162,h_u=2n,module_barriers,retain_all_square_workspace
163,16,131,131,328,131,0,8,lane_first,True,,276,1266880,239116946,726316,276,185290,134579091640,200463216,723344,h_u=2n,module_barriers,retain_all_square_workspace
163,16,132,132,328,132,0,8,lane_first,True,,276,1275916,240790066,731498,276,185290,135539264420,201893448,728526,h_u=2n,module_barriers,retain_all_square_workspace
163,16,133,133,328,133,0,8,lane_first,True,,280,1284952,242463186,736680,280,188102,138570981360,206270400,733708,h_u=2n,module_barriers,retain_all_square_workspace
163,16,134,134,328,134,0,8,lane_first,True,,280,1293988,244136306,741862,280,188102,139545725924,207721360,738890,h_u=2n,module_barriers,retain_all_square_workspace
163,16,135,135,328,135,0,8,lane_first,True,,280,1303024,245809426,747044,280,188102,140520470488,209172320,744072,h_u=2n,module_barriers,retain_all_square_workspace
163,16,136,136,328,136,0,8,lane_first,True,,280,1312060,247482546,752226,280,188102,141495215052,210623280,749254,h_u=2n,module_barriers,retain_all_square_workspace
163,16,137,137,328,137,0,8,lane_first,True,,284,1321096,249155666,757408,284,190914,144599790912,215103872,754436,h_u=2n,module_barriers,retain_all_square_workspace
163,16,138,138,328,138,0,8,lane_first,True,,284,1330132,250828786,762590,284,190914,145589107260,216575560,759618,h_u=2n,module_barriers,retain_all_square_workspace
163,16,139,139,328,139,0,8,lane_first,True,,284,1339168,252501906,767772,284,190914,146578423608,218047248,764800,h_u=2n,module_barriers,retain_all_square_workspace
163,16,140,140,328,140,0,8,lane_first,True,,284,1348204,254175026,772954,284,190914,147567739956,219518936,769982,h_u=2n,module_barriers,retain_all_square_workspace
163,16,141,141,328,141,0,8,lane_first,True,,284,1357240,255848146,778136,284,190914,148557056304,220990624,775164,h_u=2n,module_barriers,retain_all_square_workspace
163,16,142,142,328,142,0,8,lane_first,True,,284,1366276,257521266,783318,284,190914,149546372652,222462312,780346,h_u=2n,module_barriers,retain_all_square_workspace
163,16,143,143,328,143,0,8,lane_first,True,,284,1375312,259194386,788500,284,190914,150535689000,223934000,785528,h_u=2n,module_barriers,retain_all_square_workspace
163,16,144,144,328,144,0,8,lane_first,True,,284,1384348,260867506,793682,284,190914,151525005348,225405688,790710,h_u=2n,module_barriers,retain_all_square_workspace
163,16,145,145,328,145,0,8,lane_first,True,,288,1393384,262540626,798864,288,193726,154760727264,230072832,795892,h_u=2n,module_barriers,retain_all_square_workspace
163,16,146,146,328,146,0,8,lane_first,True,,288,1402420,264213746,804046,288,193726,155764615396,231565248,801074,h_u=2n,module_barriers,retain_all_square_workspace
163,16,147,147,328,147,0,8,lane_first,True,,288,1411456,265886866,809228,288,193726,156768503528,233057664,806256,h_u=2n,module_barriers,retain_all_square_workspace
163,16,148,148,328,148,0,8,lane_first,True,,288,1420492,267559986,814410,288,193726,157772391660,234550080,811438,h_u=2n,module_barriers,retain_all_square_workspace
163,16,149,149,328,149,0,8,lane_first,True,,288,1429528,269233106,819592,288,193726,158776279792,236042496,816620,h_u=2n,module_barriers,retain_all_square_workspace
163,16,150,150,328,150,0,8,lane_first,True,,288,1438564,270906226,824774,288,193726,159780167924,237534912,821802,h_u=2n,module_barriers,retain_all_square_workspace
163,16,151,151,328,151,0,8,lane_first,True,,288,1447600,272579346,829956,288,193726,160784056056,239027328,826984,h_u=2n,module_barriers,retain_all_square_workspace
163,16,152,152,328,152,0,8,lane_first,True,,288,1456636,274252466,835138,288,193726,161787944188,240519744,832166,h_u=2n,module_barriers,retain_all_square_workspace
163,16,153,153,328,153,0,8,lane_first,True,,288,1465672,275925586,840320,288,193726,162791832320,242012160,837348,h_u=2n,module_barriers,retain_all_square_workspace
163,16,154,154,328,154,0,8,lane_first,True,,288,1474708,277598706,845502,288,193726,163795720452,243504576,842530,h_u=2n,module_barriers,retain_all_square_workspace
163,16,155,155,328,155,0,8,lane_first,True,,288,1483744,279271826,850684,288,193726,164799608584,244996992,847712,h_u=2n,module_barriers,retain_all_square_workspace
163,16,156,156,328,156,0,8,lane_first,True,,288,1492780,280944946,855866,288,193726,165803496716,246489408,852894,h_u=2n,module_barriers,retain_all_square_workspace
163,16,157,157,328,157,0,8,lane_first,True,,288,1501816,282618066,861048,288,193726,166807384848,247981824,858076,h_u=2n,module_barriers,retain_all_square_workspace
163,16,158,158,328,158,0,8,lane_first,True,,288,1510852,284291186,866230,288,193726,167811272980,249474240,863258,h_u=2n,module_barriers,retain_all_square_workspace
163,16,159,159,328,159,0,8,lane_first,True,,288,1519888,285964306,871412,288,193726,168815161112,250966656,868440,h_u=2n,module_barriers,retain_all_square_workspace
163,16,160,160,328,160,0,8,lane_first,True,,288,1528924,287637426,876594,288,193726,169819049244,252459072,873622,h_u=2n,module_barriers,retain_all_square_workspace
163,16,161,161,328,161,0,8,lane_first,True,,292,1537960,289310546,881776,292,196538,173302491488,257478592,878804,h_u=2n,module_barriers,retain_all_square_workspace
163,16,162,162,328,162,0,8,lane_first,True,,292,1546996,290983666,886958,292,196538,174320951404,258991736,883986,h_u=2n,module_barriers,retain_all_square_workspace
163,16,163,163,328,163,0,8,lane_first,True,,292,1556032,292656786,892140,292,196538,175339411320,260504880,889168,h_u=2n,module_barriers,retain_all_square_workspace
163,16,164,164,328,164,0,8,lane_first,True,,276,1565068,294329906,897322,276,196362,176199942564,247660872,894350,h_u=2n,module_barriers,retain_all_square_workspace
163,16,165,165,328,165,0,8,lane_first,True,,276,1574120,296010842,902504,276,196362,177217490448,249091104,899532,h_u=2n,module_barriers,retain_all_square_workspace
163,16,166,166,328,166,0,8,lane_first,False,reduction:83,276,,,,,,,,,,,
163,16,167,167,328,167,0,8,lane_first,False,reduction:83,276,,,,,,,,,,,
163,16,168,168,328,168,0,8,lane_first,False,reduction:84,276,,,,,,,,,,,
163,16,169,169,328,169,0,8,lane_first,False,reduction:84,276,,,,,,,,,,,
163,16,170,170,328,170,0,8,lane_first,False,reduction:85,276,,,,,,,,,,,
163,16,171,171,328,171,0,8,lane_first,False,reduction:85,276,,,,,,,,,,,
163,16,172,172,328,172,0,8,lane_first,False,reduction:86,276,,,,,,,,,,,
163,16,173,173,328,173,0,8,lane_first,False,reduction:86,276,,,,,,,,,,,
163,16,174,174,328,174,0,8,lane_first,False,reduction:87,276,,,,,,,,,,,
163,16,175,175,328,175,0,8,lane_first,False,reduction:87,276,,,,,,,,,,,
163,16,176,176,328,176,0,8,lane_first,False,reduction:88,276,,,,,,,,,,,
163,16,177,177,328,177,0,8,lane_first,False,reduction:88,276,,,,,,,,,,,
163,16,178,178,328,178,0,8,lane_first,False,reduction:89,276,,,,,,,,,,,
163,16,179,179,328,179,0,8,lane_first,False,reduction:89,276,,,,,,,,,,,
163,16,180,180,328,180,0,8,lane_first,False,reduction:90,276,,,,,,,,,,,
163,16,181,181,328,181,0,8,lane_first,False,reduction:90,276,,,,,,,,,,,
163,16,182,182,328,182,0,8,lane_first,False,reduction:91,276,,,,,,,,,,,
163,16,183,183,328,183,0,8,lane_first,False,reduction:91,276,,,,,,,,,,,
163,16,184,184,328,184,0,8,lane_first,False,reduction:92,276,,,,,,,,,,,
163,16,185,185,328,185,0,8,lane_first,False,reduction:92,276,,,,,,,,,,,
163,16,186,186,328,186,0,8,lane_first,False,reduction:93,276,,,,,,,,,,,
163,16,187,187,328,187,0,8,lane_first,False,reduction:93,276,,,,,,,,,,,
163,16,188,188,328,188,0,8,lane_first,False,reduction:94,276,,,,,,,,,,,
163,16,189,189,328,189,0,8,lane_first,False,reduction:94,276,,,,,,,,,,,
163,16,190,190,328,190,0,8,lane_first,False,reduction:95,276,,,,,,,,,,,
163,16,191,191,328,191,0,8,lane_first,False,reduction:95,276,,,,,,,,,,,
163,16,192,192,328,192,0,8,lane_first,False,reduction:96,276,,,,,,,,,,,
163,16,193,193,328,193,0,8,lane_first,False,reduction:96,280,,,,,,,,,,,
163,16,194,194,328,194,0,8,lane_first,False,reduction:97,280,,,,,,,,,,,
163,16,195,195,328,195,0,8,lane_first,False,reduction:97,280,,,,,,,,,,,
163,16,196,196,328,196,0,8,lane_first,False,reduction:98,280,,,,,,,,,,,
163,16,197,197,328,197,0,8,lane_first,False,reduction:98,280,,,,,,,,,,,
163,16,198,198,328,198,0,8,lane_first,False,reduction:99,280,,,,,,,,,,,
163,16,199,199,328,199,0,8,lane_first,False,reduction:99,280,,,,,,,,,,,
163,16,200,200,328,200,0,8,lane_first,False,reduction:100,280,,,,,,,,,,,
163,16,201,201,328,201,0,8,lane_first,False,reduction:100,280,,,,,,,,,,,
163,16,202,202,328,202,0,8,lane_first,False,reduction:101,280,,,,,,,,,,,
163,16,203,203,328,203,0,8,lane_first,False,reduction:101,280,,,,,,,,,,,
163,16,204,204,328,204,0,8,lane_first,False,reduction:102,280,,,,,,,,,,,
163,16,205,205,328,205,0,8,lane_first,False,reduction:102,280,,,,,,,,,,,
163,16,206,206,328,206,0,8,lane_first,False,reduction:103,280,,,,,,,,,,,
163,16,207,207,328,207,0,8,lane_first,False,reduction:103,280,,,,,,,,,,,
163,16,208,208,328,208,0,8,lane_first,False,reduction:104,280,,,,,,,,,,,
163,16,209,209,328,209,0,8,lane_first,False,reduction:104,280,,,,,,,,,,,
163,16,210,210,328,210,0,8,lane_first,False,reduction:105,280,,,,,,,,,,,
163,16,211,211,328,211,0,8,lane_first,False,reduction:105,280,,,,,,,,,,,
163,16,212,212,328,212,0,8,lane_first,False,reduction:106,280,,,,,,,,,,,
163,16,213,213,328,213,0,8,lane_first,False,reduction:106,280,,,,,,,,,,,
163,16,214,214,328,214,0,8,lane_first,False,reduction:107,280,,,,,,,,,,,
163,16,215,215,328,215,0,8,lane_first,False,reduction:107,280,,,,,,,,,,,
163,16,216,216,328,216,0,8,lane_first,False,reduction:108,280,,,,,,,,,,,
163,16,217,217,328,217,0,8,lane_first,False,reduction:108,280,,,,,,,,,,,
163,16,218,218,328,218,0,8,lane_first,False,reduction:109,280,,,,,,,,,,,
163,16,219,219,328,219,0,8,lane_first,False,reduction:109,280,,,,,,,,,,,
163,16,220,220,328,220,0,8,lane_first,False,reduction:110,280,,,,,,,,,,,
163,16,221,221,328,221,0,8,lane_first,False,reduction:110,280,,,,,,,,,,,
163,16,222,222,328,222,0,8,lane_first,False,reduction:111,280,,,,,,,,,,,
163,16,223,223,328,223,0,8,lane_first,False,reduction:111,280,,,,,,,,,,,
163,16,224,224,328,224,0,8,lane_first,False,reduction:112,280,,,,,,,,,,,
163,16,225,225,328,225,0,8,lane_first,False,reduction:112,280,,,,,,,,,,,
163,16,226,226,328,226,0,8,lane_first,False,reduction:113,280,,,,,,,,,,,
163,16,227,227,328,227,0,8,lane_first,False,reduction:113,280,,,,,,,,,,,
163,16,228,228,328,228,0,8,lane_first,False,reduction:114,280,,,,,,,,,,,
163,16,229,229,328,229,0,8,lane_first,False,reduction:114,280,,,,,,,,,,,
163,16,230,230,328,230,0,8,lane_first,False,reduction:115,280,,,,,,,,,,,
163,16,231,231,328,231,0,8,lane_first,False,reduction:115,280,,,,,,,,,,,
163,16,232,232,328,232,0,8,lane_first,False,reduction:116,280,,,,,,,,,,,
163,16,233,233,328,233,0,8,lane_first,False,reduction:116,280,,,,,,,,,,,
163,16,234,234,328,234,0,8,lane_first,False,reduction:117,280,,,,,,,,,,,
163,16,235,235,328,235,0,8,lane_first,False,reduction:117,280,,,,,,,,,,,
163,16,236,236,328,236,0,8,lane_first,False,reduction:118,280,,,,,,,,,,,
163,16,237,237,328,237,0,8,lane_first,False,reduction:118,280,,,,,,,,,,,
163,16,238,238,328,238,0,8,lane_first,False,reduction:119,280,,,,,,,,,,,
163,16,239,239,328,239,0,8,lane_first,False,reduction:119,280,,,,,,,,,,,
163,16,240,240,328,240,0,8,lane_first,False,reduction:120,280,,,,,,,,,,,
163,16,241,241,328,241,0,8,lane_first,False,reduction:120,280,,,,,,,,,,,
163,16,242,242,328,242,0,8,lane_first,False,reduction:121,280,,,,,,,,,,,
163,16,243,243,328,243,0,8,lane_first,False,reduction:121,280,,,,,,,,,,,
163,16,244,244,328,244,0,8,lane_first,False,reduction:122,280,,,,,,,,,,,
163,16,245,245,328,245,0,8,lane_first,False,reduction:122,280,,,,,,,,,,,
163,16,246,246,328,246,0,8,lane_first,False,reduction:123,280,,,,,,,,,,,
163,16,247,247,328,247,0,8,lane_first,False,reduction:123,280,,,,,,,,,,,
163,16,248,248,328,248,0,8,lane_first,False,reduction:124,280,,,,,,,,,,,
163,16,249,249,328,249,0,8,lane_first,False,reduction:124,280,,,,,,,,,,,
163,16,250,250,328,250,0,8,lane_first,False,reduction:125,280,,,,,,,,,,,
163,16,251,251,328,251,0,8,lane_first,False,reduction:125,280,,,,,,,,,,,
163,16,252,252,328,252,0,8,lane_first,False,reduction:126,280,,,,,,,,,,,
163,16,253,253,328,253,0,8,lane_first,False,reduction:126,280,,,,,,,,,,,
163,16,254,254,328,254,0,8,lane_first,False,reduction:127,280,,,,,,,,,,,
163,16,255,255,328,255,0,8,lane_first,False,reduction:127,280,,,,,,,,,,,
163,16,256,256,328,256,0,8,lane_first,False,reduction:128,280,,,,,,,,,,,
163,16,257,257,328,257,0,9,lane_first,False,reduction:128,300,,,,,,,,,,,
163,16,258,258,328,258,0,9,lane_first,False,reduction:129,304,,,,,,,,,,,
163,16,259,259,328,259,0,9,lane_first,False,reduction:129,308,,,,,,,,,,,
163,16,260,260,328,260,0,9,lane_first,False,reduction:130,308,,,,,,,,,,,
163,16,261,261,328,261,0,9,lane_first,False,reduction:130,312,,,,,,,,,,,
163,16,262,262,328,262,0,9,lane_first,False,reduction:131,312,,,,,,,,,,,
163,16,263,263,328,263,0,9,lane_first,False,reduction:131,312,,,,,,,,,,,
163,16,264,264,328,264,0,9,lane_first,False,reduction:132,312,,,,,,,,,,,
163,16,265,265,328,265,0,9,lane_first,False,reduction:132,316,,,,,,,,,,,
163,16,266,266,328,266,0,9,lane_first,False,reduction:133,316,,,,,,,,,,,
163,16,267,267,328,267,0,9,lane_first,False,reduction:133,316,,,,,,,,,,,
163,16,268,268,328,268,0,9,lane_first,False,reduction:134,316,,,,,,,,,,,
163,16,269,269,328,269,0,9,lane_first,False,reduction:134,316,,,,,,,,,,,
163,16,270,270,328,270,0,9,lane_first,False,reduction:135,316,,,,,,,,,,,
163,16,271,271,328,271,0,9,lane_first,False,reduction:135,316,,,,,,,,,,,
163,16,272,272,328,272,0,9,lane_first,False,reduction:136,316,,,,,,,,,,,
163,16,273,273,328,273,0,9,lane_first,False,reduction:136,320,,,,,,,,,,,
163,16,274,274,328,274,0,9,lane_first,False,reduction:137,320,,,,,,,,,,,
163,16,275,275,328,275,0,9,lane_first,False,reduction:137,320,,,,,,,,,,,
163,16,276,276,328,276,0,9,lane_first,False,reduction:138,320,,,,,,,,,,,
163,16,277,277,328,277,0,9,lane_first,False,reduction:138,320,,,,,,,,,,,
163,16,278,278,328,278,0,9,lane_first,False,reduction:139,320,,,,,,,,,,,
163,16,279,279,328,279,0,9,lane_first,False,reduction:139,320,,,,,,,,,,,
163,16,280,280,328,280,0,9,lane_first,False,reduction:140,320,,,,,,,,,,,
163,16,281,281,328,281,0,9,lane_first,False,reduction:140,320,,,,,,,,,,,
163,16,282,282,328,282,0,9,lane_first,False,reduction:141,320,,,,,,,,,,,
163,16,283,283,328,283,0,9,lane_first,False,reduction:141,320,,,,,,,,,,,
163,16,284,284,328,284,0,9,lane_first,False,reduction:142,320,,,,,,,,,,,
163,16,285,285,328,285,0,9,lane_first,False,reduction:142,320,,,,,,,,,,,
163,16,286,286,328,286,0,9,lane_first,False,reduction:143,320,,,,,,,,,,,
163,16,287,287,328,287,0,9,lane_first,False,reduction:143,320,,,,,,,,,,,
163,16,288,288,328,288,0,9,lane_first,False,reduction:144,320,,,,,,,,,,,
163,16,289,289,328,289,0,9,lane_first,False,reduction:144,324,,,,,,,,,,,
163,16,290,290,328,290,0,9,lane_first,False,reduction:145,324,,,,,,,,,,,
163,16,291,291,328,291,0,9,lane_first,False,reduction:145,324,,,,,,,,,,,
163,16,292,292,328,292,0,9,lane_first,False,reduction:146,324,,,,,,,,,,,
163,16,293,293,328,293,0,9,lane_first,False,reduction:146,324,,,,,,,,,,,
163,16,294,294,328,294,0,9,lane_first,False,reduction:147,324,,,,,,,,,,,
163,16,295,295,328,295,0,9,lane_first,False,reduction:147,324,,,,,,,,,,,
163,16,296,296,328,296,0,9,lane_first,False,reduction:148,324,,,,,,,,,,,
163,16,297,297,328,297,0,9,lane_first,False,reduction:148,324,,,,,,,,,,,
163,16,298,298,328,298,0,9,lane_first,False,reduction:149,324,,,,,,,,,,,
163,16,299,299,328,299,0,9,lane_first,False,reduction:149,324,,,,,,,,,,,
163,16,300,300,328,300,0,9,lane_first,False,reduction:150,324,,,,,,,,,,,
163,16,301,301,328,301,0,9,lane_first,False,reduction:150,324,,,,,,,,,,,
163,16,302,302,328,302,0,9,lane_first,False,reduction:151,324,,,,,,,,,,,
163,16,303,303,328,303,0,9,lane_first,False,reduction:151,324,,,,,,,,,,,
163,16,304,304,328,304,0,9,lane_first,False,reduction:152,324,,,,,,,,,,,
163,16,305,305,328,305,0,9,lane_first,False,reduction:152,324,,,,,,,,,,,
163,16,306,306,328,306,0,9,lane_first,False,reduction:153,324,,,,,,,,,,,
163,16,307,307,328,307,0,9,lane_first,False,reduction:153,324,,,,,,,,,,,
163,16,308,308,328,308,0,9,lane_first,False,reduction:154,324,,,,,,,,,,,
163,16,309,309,328,309,0,9,lane_first,False,reduction:154,324,,,,,,,,,,,
163,16,310,310,328,310,0,9,lane_first,False,reduction:155,324,,,,,,,,,,,
163,16,311,311,328,311,0,9,lane_first,False,reduction:155,324,,,,,,,,,,,
163,16,312,312,328,312,0,9,lane_first,False,reduction:156,324,,,,,,,,,,,
163,16,313,313,328,313,0,9,lane_first,False,reduction:156,324,,,,,,,,,,,
163,16,314,314,328,314,0,9,lane_first,False,reduction:157,324,,,,,,,,,,,
163,16,315,315,328,315,0,9,lane_first,False,reduction:157,324,,,,,,,,,,,
163,16,316,316,328,316,0,9,lane_first,False,reduction:158,324,,,,,,,,,,,
163,16,317,317,328,317,0,9,lane_first,False,reduction:158,324,,,,,,,,,,,
163,16,318,318,328,318,0,9,lane_first,False,reduction:159,324,,,,,,,,,,,
163,16,319,319,328,319,0,9,lane_first,False,reduction:159,324,,,,,,,,,,,
163,16,320,320,328,320,0,9,lane_first,False,reduction:160,324,,,,,,,,,,,
163,16,321,321,328,321,0,9,lane_first,False,reduction:160,328,,,,,,,,,,,
163,16,322,322,328,322,0,9,lane_first,False,reduction:161,328,,,,,,,,,,,
163,16,323,323,328,323,0,9,lane_first,False,reduction:161,328,,,,,,,,,,,
163,16,324,324,328,324,0,9,lane_first,False,reduction:162,328,,,,,,,,,,,
163,16,325,325,328,325,0,9,lane_first,False,reduction:162,328,,,,,,,,,,,
163,16,326,326,328,326,0,9,lane_first,False,reduction:163,328,,,,,,,,,,,
163,16,327,327,328,327,0,9,lane_first,False,reduction:163,328,,,,,,,,,,,
163,16,328,328,328,328,0,9,lane_first,False,reduction:164,320,,,,,,,,,,,
163,17,1,1,328,20,19,0,lane_first,True,,19397812,19776140,9553537866,211888,19397812,213672124,45274559010112,4110163589056,208916,h_u=2n,module_barriers,retain_all_square_workspace
163,17,2,2,328,20,9,1,lane_first,True,,8928812,18138012,8779640190,157422,8928812,98396610,15489791139420,1405591442664,154450,h_u=2n,module_barriers,retain_all_square_workspace
163,17,3,3,328,21,6,2,lane_first,True,,5768972,17572428,8506436362,150428,5768972,63614710,9569433595880,867814920016,147456,h_u=2n,module_barriers,retain_all_square_workspace
163,17,4,4,328,20,4,2,lane_first,True,,3800928,15440460,7473534590,133722,3800928,41926988,5606560689336,508267694016,130750,h_u=2n,module_barriers,retain_all_square_workspace
163,17,5,5,328,20,3,3,lane_first,True,,2883504,14391956,6961306514,134048,2883504,31837416,4267741939968,386527944192,131076,h_u=2n,module_barriers,retain_all_square_workspace
163,17,6,6,328,24,3,3,lane_first,True,,2621536,16001724,7736683050,153798,2621536,28958096,4453697248608,403186993728,150826,h_u=2n,module_barriers,retain_all_square_workspace
163,17,7,7,328,21,2,3,lane_first,True,,1638384,11670532,5632011914,133468,1638384,18122638,2418792248584,218671835712,130496,h_u=2n,module_barriers,retain_all_square_workspace
163,17,8,8,328,24,2,3,lane_first,True,,1573896,12852820,6201304786,148362,1573896,17413030,2583431956860,233506358352,145390,h_u=2n,module_barriers,retain_all_square_workspace
163,17,9,9,328,27,2,4,lane_first,True,,1572980,14455996,6973272370,169344,1572980,17423178,2950510655232,266374725120,166372,h_u=2n,module_barriers,retain_all_square_workspace
163,17,10,10,328,20,1,4,lane_first,True,,1048624,10187140,4910013630,129590,1048624,11631914,1507379735260,135891184160,126618,h_u=2n,module_barriers,retain_all_square_workspace
163,17,11,11,328,22,1,4,lane_first,True,,589888,6666364,3184600054,139628,589888,6588466,919934330648,82364881664,136656,h_u=2n,module_barriers,retain_all_square_workspace
163,17,12,12,328,24,1,4,lane_first,True,,540744,6684532,3187960622,149666,540744,6047802,905150334132,80930991504,146694,h_u=2n,module_barriers,retain_all_square_workspace
163,17,13,13,328,26,1,4,lane_first,True,,528468,7128684,3399414378,159704,528468,5915408,944714319232,84398453472,156732,h_u=2n,module_barriers,retain_all_square_workspace
163,17,14,14,328,28,1,4,lane_first,True,,525404,7648612,3647884706,169742,525404,5881624,998358621008,89183125768,166770,h_u=2n,module_barriers,retain_all_square_workspace
163,17,15,15,328,30,1,4,lane_first,True,,524644,8184412,3904108506,179780,524644,5873184,1055881019520,94320498320,176808,h_u=2n,module_barriers,retain_all_square_workspace
163,17,16,16,328,32,1,4,lane_first,True,,524520,8724820,4162583314,189818,524520,5871780,1114569536040,99563337360,186846,h_u=2n,module_barriers,retain_all_square_workspace
163,17,17,17,328,34,1,5,lane_first,True,,524484,9277316,4424034034,205944,524484,5888960,1212795978240,108014332896,202972,h_u=2n,module_barriers,retain_all_square_workspace
163,17,18,18,328,36,1,5,lane_first,True,,524460,9819420,4683337338,215982,524460,5891424,1272441538368,113273919720,213010,h_u=2n,module_barriers,retain_all_square_workspace
163,17,19,19,328,24,1,5,lane_first,True,,524444,10234932,4919164874,158036,524444,5888440,930585503840,82881031984,155064,h_u=2n,module_barriers,retain_all_square_workspace
163,17,20,20,328,20,0,5,lane_first,True,,524412,7566372,3629453230,132850,524412,5864860,779146651000,69668134200,129878,h_u=2n,module_barriers,retain_all_square_workspace
163,17,21,21,328,21,0,5,lane_first,True,,262272,4691840,2222503382,138032,262272,2984088,411899634816,36201928704,135060,h_u=2n,module_barriers,retain_all_square_workspace
163,17,22,22,328,22,0,5,lane_first,True,,131200,2996956,1391811582,143214,131200,1542296,220878379344,18789676800,140242,h_u=2n,module_barriers,retain_all_square_workspace
163,17,23,23,328,23,0,5,lane_first,True,,131200,2154040,977306150,148396,131200,1542296,228870557216,19469555200,145424,h_u=2n,module_barriers,retain_all_square_workspace
163,17,24,24,328,24,0,5,lane_first,True,,65664,1573268,690858062,153578,65664,821400,126148969200,10084545792,150606,h_u=2n,module_barriers,retain_all_square_workspace
163,17,25,25,328,25,0,5,lane_first,True,,65668,1189104,500452986,158760,65668,824166,130844594160,10425451680,155788,h_u=2n,module_barriers,retain_all_square_workspace
163,17,26,26,328,26,0,5,lane_first,True,,32900,968780,390083746,163942,32900,463718,76022856356,5393691800,160970,h_u=2n,module_barriers,retain_all_square_workspace
163,17,27,27,328,27,0,5,lane_first,True,,32900,797608,303725258,169124,32900,463718,78425843032,5564179600,166152,h_u=2n,module_barriers,retain_all_square_workspace
163,17,28,28,328,28,0,5,lane_first,True,,16516,691972,249381106,174306,16516,283494,49414705164,2878837896,171334,h_u=2n,module_barriers,retain_all_square_workspace
163,17,29,29,328,29,0,5,lane_first,True,,16516,619104,211044122,179488,16516,283494,50883771072,2964423808,176516,h_u=2n,module_barriers,retain_all_square_workspace
163,17,30,30,328,30,0,5,lane_first,True,,8324,554428,176708930,184670,8324,193382,35711853940,1537193080,181698,h_u=2n,module_barriers,retain_all_square_workspace
163,17,31,31,328,31,0,5,lane_first,True,,8324,526616,160381802,189852,8324,193382,36713959464,1580328048,186880,h_u=2n,module_barriers,retain_all_square_workspace
163,17,32,32,328,32,0,5,lane_first,True,,8324,498804,144054674,195034,8324,193382,37716064988,1623463016,192062,h_u=2n,module_barriers,retain_all_square_workspace
163,17,33,33,328,33,0,6,lane_first,True,,4248,485960,132110338,206304,4248,163394,33708835776,876379392,203332,h_u=2n,module_barriers,retain_all_square_workspace
163,17,34,34,328,34,0,6,lane_first,True,,4252,478628,125787690,211486,4252,166206,35150242116,899238472,208514,h_u=2n,module_barriers,retain_all_square_workspace
163,17,35,35,328,35,0,6,lane_first,True,,4256,471296,119465042,216668,4256,169018,36620792024,922139008,213696,h_u=2n,module_barriers,retain_all_square_workspace
163,17,36,36,328,36,0,6,lane_first,True,,4256,463964,113142394,221850,4256,169018,37496643300,944193600,218878,h_u=2n,module_barriers,retain_all_square_workspace
163,17,37,37,328,37,0,6,lane_first,True,,2212,461752,109320866,227032,2212,149302,33896331664,502194784,224060,h_u=2n,module_barriers,retain_all_square_workspace
163,17,38,38,328,38,0,6,lane_first,True,,2212,463636,107500234,232214,2212,149302,34670014628,513657368,229242,h_u=2n,module_barriers,retain_all_square_workspace
163,17,39,39,328,39,0,6,lane_first,True,,2212,465520,105679602,237396,2212,149302,35443697592,525119952,234424,h_u=2n,module_barriers,retain_all_square_workspace
163,17,40,40,328,40,0,6,lane_first,True,,2212,467404,103858970,242578,2212,149302,36217380556,536582536,239606,h_u=2n,module_barriers,retain_all_square_workspace
163,17,41,41,328,41,0,6,lane_first,True,,1192,469288,102038338,247760,1192,140850,34896996000,295329920,244788,h_u=2n,module_barriers,retain_all_square_workspace
163,17,42,42,328,42,0,6,lane_first,True,,1192,475268,102218602,252942,1192,140850,35626880700,301506864,249970,h_u=2n,module_barriers,retain_all_square_workspace
163,17,43,43,328,43,0,6,lane_first,True,,1192,481248,102398866,258124,1192,140850,36356765400,307683808,255152,h_u=2n,module_barriers,retain_all_square_workspace
163,17,44,44,328,44,0,6,lane_first,True,,1192,487228,102579130,263306,1192,140850,37086650100,313860752,260334,h_u=2n,module_barriers,retain_all_square_workspace
163,17,45,45,328,45,0,6,lane_first,True,,1192,493208,102759394,268488,1192,140850,37816534800,320037696,265516,h_u=2n,module_barriers,retain_all_square_workspace
163,17,46,46,328,46,0,6,lane_first,True,,1192,499188,102939658,273670,1192,140850,38546419500,326214640,270698,h_u=2n,module_barriers,retain_all_square_workspace
163,17,47,47,328,47,0,6,lane_first,True,,680,505424,103244978,278852,680,135218,37705809736,189619360,275880,h_u=2n,module_barriers,retain_all_square_workspace
163,17,48,48,328,48,0,6,lane_first,True,,680,513196,104300634,284034,680,135218,38406509412,193143120,281062,h_u=2n,module_barriers,retain_all_square_workspace
163,17,49,49,328,49,0,6,lane_first,True,,684,520968,105356294,289216,684,137984,39907180544,197823744,286244,h_u=2n,module_barriers,retain_all_square_workspace
163,17,50,50,328,50,0,6,lane_first,True,,684,528740,106411950,294398,684,137984,40622213632,201368232,291426,h_u=2n,module_barriers,retain_all_square_workspace
163,17,51,51,328,51,0,6,lane_first,True,,684,536512,107467606,299580,684,137984,41337246720,204912720,296608,h_u=2n,module_barriers,retain_all_square_workspace
163,17,52,52,328,52,0,6,lane_first,True,,684,544284,108523262,304762,684,137984,42052279808,208457208,301790,h_u=2n,module_barriers,retain_all_square_workspace
163,17,53,53,328,53,0,6,lane_first,True,,684,552056,109578918,309944,684,137984,42767312896,212001696,306972,h_u=2n,module_barriers,retain_all_square_workspace
163,17,54,54,328,54,0,6,lane_first,True,,684,559828,110634574,315126,684,137984,43482345984,215546184,312154,h_u=2n,module_barriers,retain_all_square_workspace
163,17,55,55,328,55,0,6,lane_first,True,,428,567856,111815286,320308,428,135168,43295391744,137091824,317336,h_u=2n,module_barriers,retain_all_square_workspace
163,17,56,56,328,56,0,6,lane_first,True,,428,576396,113246110,325490,428,135168,43995832320,139309720,322518,h_u=2n,module_barriers,retain_all_square_workspace
163,17,57,57,328,57,0,6,lane_first,True,,428,584936,114676934,330672,428,135168,44696272896,141527616,327700,h_u=2n,module_barriers,retain_all_square_workspace
163,17,58,58,328,58,0,6,lane_first,True,,428,593476,116107758,335854,428,135168,45396713472,143745512,332882,h_u=2n,module_barriers,retain_all_square_workspace
163,17,59,59,328,59,0,6,lane_first,True,,428,602016,117538582,341036,428,135168,46097154048,145963408,338064,h_u=2n,module_barriers,retain_all_square_workspace
163,17,60,60,328,60,0,6,lane_first,True,,428,610556,118969406,346218,428,135168,46797594624,148181304,343246,h_u=2n,module_barriers,retain_all_square_workspace
163,17,61,61,328,61,0,6,lane_first,True,,428,619096,120400230,351400,428,135168,47498035200,150399200,348428,h_u=2n,module_barriers,retain_all_square_workspace
163,17,62,62,328,62,0,6,lane_first,True,,428,627636,121831054,356582,428,135168,48198475776,152617096,353610,h_u=2n,module_barriers,retain_all_square_workspace
163,17,63,63,328,63,0,6,lane_first,True,,428,636176,123261878,361764,428,135168,48898916352,154834992,358792,h_u=2n,module_barriers,retain_all_square_workspace
163,17,64,64,328,64,0,6,lane_first,True,,428,644716,124692702,366946,428,135168,49599356928,157052888,363974,h_u=2n,module_barriers,retain_all_square_workspace
163,17,65,65,328,65,0,7,lane_first,True,,448,664128,128505422,378216,448,150236,56821658976,169440768,375244,h_u=2n,module_barriers,retain_all_square_workspace
163,17,66,66,328,66,0,7,lane_first,True,,324,672796,129998774,383398,324,151640,58138472720,124220952,380426,h_u=2n,module_barriers,retain_all_square_workspace
163,17,67,67,328,67,0,7,lane_first,True,,328,681656,131585918,388580,328,154452,60016958160,127454240,385608,h_u=2n,module_barriers,retain_all_square_workspace
163,17,68,68,328,68,0,7,lane_first,True,,328,690516,133173062,393762,328,154452,60817328424,129153936,390790,h_u=2n,module_barriers,retain_all_square_workspace
163,17,69,69,328,69,0,7,lane_first,True,,332,699376,134760206,398944,332,157264,62739529216,132449408,395972,h_u=2n,module_barriers,retain_all_square_workspace
163,17,70,70,328,70,0,7,lane_first,True,,332,708236,136347350,404126,332,157264,63554471264,134169832,401154,h_u=2n,module_barriers,retain_all_square_workspace
163,17,71,71,328,71,0,7,lane_first,True,,332,717096,137934494,409308,332,157264,64369413312,135890256,406336,h_u=2n,module_barriers,retain_all_square_workspace
163,17,72,72,328,72,0,7,lane_first,True,,332,725956,139521638,414490,332,157264,65184355360,137610680,411518,h_u=2n,module_barriers,retain_all_square_workspace
163,17,73,73,328,73,0,7,lane_first,True,,336,734816,141108782,419672,336,160076,67179415072,141009792,416700,h_u=2n,module_barriers,retain_all_square_workspace
163,17,74,74,328,74,0,7,lane_first,True,,336,743676,142695926,424854,336,160076,68008928904,142750944,421882,h_u=2n,module_barriers,retain_all_square_workspace
163,17,75,75,328,75,0,7,lane_first,True,,336,752536,144283070,430036,336,160076,68838442736,144492096,427064,h_u=2n,module_barriers,retain_all_square_workspace
163,17,76,76,328,76,0,7,lane_first,True,,336,761396,145870214,435218,336,160076,69667956568,146233248,432246,h_u=2n,module_barriers,retain_all_square_workspace
163,17,77,77,328,77,0,7,lane_first,True,,336,770256,147457358,440400,336,160076,70497470400,147974400,437428,h_u=2n,module_barriers,retain_all_square_workspace
163,17,78,78,328,78,0,7,lane_first,True,,336,779116,149044502,445582,336,160076,71326984232,149715552,442610,h_u=2n,module_barriers,retain_all_square_workspace
163,17,79,79,328,79,0,7,lane_first,True,,336,787976,150631646,450764,336,160076,72156498064,151456704,447792,h_u=2n,module_barriers,retain_all_square_workspace
163,17,80,80,328,80,0,7,lane_first,True,,336,796836,152218790,455946,336,160076,72986011896,153197856,452974,h_u=2n,module_barriers,retain_all_square_workspace
163,17,81,81,328,81,0,7,lane_first,True,,340,805696,153805934,461128,340,162888,75112217664,156783520,458156,h_u=2n,module_barriers,retain_all_square_workspace
163,17,82,82,328,82,0,7,lane_first,True,,276,814556,155393078,466310,276,162184,75628021040,128701560,463338,h_u=2n,module_barriers,retain_all_square_workspace
163,17,83,83,328,83,0,7,lane_first,True,,276,823544,157042750,471492,276,162184,76468458528,130131792,468520,h_u=2n,module_barriers,retain_all_square_workspace
163,17,84,84,328,84,0,7,lane_first,True,,276,832532,158692422,476674,276,162184,77308896016,131562024,473702,h_u=2n,module_barriers,retain_all_square_workspace
163,17,85,85,328,85,0,7,lane_first,True,,276,841520,160342094,481856,276,162184,78149333504,132992256,478884,h_u=2n,module_barriers,retain_all_square_workspace
163,17,86,86,328,86,0,7,lane_first,True,,276,850508,161991766,487038,276,162184,78989770992,134422488,484066,h_u=2n,module_barriers,retain_all_square_workspace
163,17,87,87,328,87,0,7,lane_first,True,,276,859496,163641438,492220,276,162184,79830208480,135852720,489248,h_u=2n,module_barriers,retain_all_square_workspace
163,17,88,88,328,88,0,7,lane_first,True,,276,868484,165291110,497402,276,162184,80670645968,137282952,494430,h_u=2n,module_barriers,retain_all_square_workspace
163,17,89,89,328,89,0,7,lane_first,True,,276,877472,166940782,502584,276,162184,81511083456,138713184,499612,h_u=2n,module_barriers,retain_all_square_workspace
163,17,90,90,328,90,0,7,lane_first,True,,276,886460,168590454,507766,276,162184,82351520944,140143416,504794,h_u=2n,module_barriers,retain_all_square_workspace
163,17,91,91,328,91,0,7,lane_first,True,,276,895448,170240126,512948,276,162184,83191958432,141573648,509976,h_u=2n,module_barriers,retain_all_square_workspace
163,17,92,92,328,92,0,7,lane_first,True,,276,904436,171889798,518130,276,162184,84032395920,143003880,515158,h_u=2n,module_barriers,retain_all_square_workspace
163,17,93,93,328,93,0,7,lane_first,True,,276,913424,173539470,523312,276,162184,84872833408,144434112,520340,h_u=2n,module_barriers,retain_all_square_workspace
163,17,94,94,328,94,0,7,lane_first,True,,276,922412,175189142,528494,276,162184,85713270896,145864344,525522,h_u=2n,module_barriers,retain_all_square_workspace
163,17,95,95,328,95,0,7,lane_first,True,,276,931400,176838814,533676,276,162184,86553708384,147294576,530704,h_u=2n,module_barriers,retain_all_square_workspace
163,17,96,96,328,96,0,7,lane_first,True,,276,940388,178488486,538858,276,162184,87394145872,148724808,535886,h_u=2n,module_barriers,retain_all_square_workspace
163,17,97,97,328,97,0,7,lane_first,True,,280,949376,180138162,544040,280,164950,89739398000,152331200,541068,h_u=2n,module_barriers,retain_all_square_workspace
163,17,98,98,328,98,0,7,lane_first,True,,280,958364,181787834,549222,280,164950,90594168900,153782160,546250,h_u=2n,module_barriers,retain_all_square_workspace
163,17,99,99,328,99,0,7,lane_first,True,,280,967352,183437506,554404,280,164950,91448939800,155233120,551432,h_u=2n,module_barriers,retain_all_square_workspace
163,17,100,100,328,100,0,7,lane_first,True,,280,976340,185087178,559586,280,164950,92303710700,156684080,556614,h_u=2n,module_barriers,retain_all_square_workspace
163,17,101,101,328,101,0,7,lane_first,True,,280,985328,186736850,564768,280,164950,93158481600,158135040,561796,h_u=2n,module_barriers,retain_all_square_workspace
163,17,102,102,328,102,0,7,lane_first,True,,280,994316,188386522,569950,280,164950,94013252500,159586000,566978,h_u=2n,module_barriers,retain_all_square_workspace
163,17,103,103,328,103,0,7,lane_first,True,,280,1003304,190036194,575132,280,164950,94868023400,161036960,572160,h_u=2n,module_barriers,retain_all_square_workspace
163,17,104,104,328,104,0,7,lane_first,True,,280,1012292,191685866,580314,280,164950,95722794300,162487920,577342,h_u=2n,module_barriers,retain_all_square_workspace
163,17,105,105,328,105,0,7,lane_first,True,,280,1021280,193335538,585496,280,164950,96577565200,163938880,582524,h_u=2n,module_barriers,retain_all_square_workspace
163,17,106,106,328,106,0,7,lane_first,True,,280,1030268,194985210,590678,280,164950,97432336100,165389840,587706,h_u=2n,module_barriers,retain_all_square_workspace
163,17,107,107,328,107,0,7,lane_first,True,,280,1039256,196634882,595860,280,164950,98287107000,166840800,592888,h_u=2n,module_barriers,retain_all_square_workspace
163,17,108,108,328,108,0,7,lane_first,True,,280,1048244,198284554,601042,280,164950,99141877900,168291760,598070,h_u=2n,module_barriers,retain_all_square_workspace
163,17,109,109,328,109,0,7,lane_first,True,,280,1057232,199934226,606224,280,164950,99996648800,169742720,603252,h_u=2n,module_barriers,retain_all_square_workspace
163,17,110,110,328,110,0,7,lane_first,True,,248,1066252,201599530,611406,248,164598,100636204788,151628688,608434,h_u=2n,module_barriers,retain_all_square_workspace
163,17,111,111,328,111,0,7,lane_first,True,,248,1075288,203272650,616588,248,164598,101489151624,152913824,613616,h_u=2n,module_barriers,retain_all_square_workspace
163,17,112,112,328,112,0,7,lane_first,True,,248,1084324,204945770,621770,248,164598,102342098460,154198960,618798,h_u=2n,module_barriers,retain_all_square_workspace
163,17,113,113,328,113,0,7,lane_first,True,,248,1093360,206618890,626952,248,164598,103195045296,155484096,623980,h_u=2n,module_barriers,retain_all_square_workspace
163,17,114,114,328,114,0,7,lane_first,True,,248,1102396,208292010,632134,248,164598,104047992132,156769232,629162,h_u=2n,module_barriers,retain_all_square_workspace
163,17,115,115,328,115,0,7,lane_first,True,,248,1111432,209965130,637316,248,164598,104900938968,158054368,634344,h_u=2n,module_barriers,retain_all_square_workspace
163,17,116,116,328,116,0,7,lane_first,True,,248,1120468,211638250,642498,248,164598,105753885804,159339504,639526,h_u=2n,module_barriers,retain_all_square_workspace
163,17,117,117,328,117,0,7,lane_first,True,,248,1129504,213311370,647680,248,164598,106606832640,160624640,644708,h_u=2n,module_barriers,retain_all_square_workspace
163,17,118,118,328,118,0,7,lane_first,True,,248,1138540,214984490,652862,248,164598,107459779476,161909776,649890,h_u=2n,module_barriers,retain_all_square_workspace
163,17,119,119,328,119,0,7,lane_first,True,,248,1147576,216657610,658044,248,164598,108312726312,163194912,655072,h_u=2n,module_barriers,retain_all_square_workspace
163,17,120,120,328,120,0,7,lane_first,True,,248,1156612,218330730,663226,248,164598,109165673148,164480048,660254,h_u=2n,module_barriers,retain_all_square_workspace
163,17,121,121,328,121,0,7,lane_first,True,,248,1165648,220003850,668408,248,164598,110018619984,165765184,665436,h_u=2n,module_barriers,retain_all_square_workspace
163,17,122,122,328,122,0,7,lane_first,True,,248,1174684,221676970,673590,248,164598,110871566820,167050320,670618,h_u=2n,module_barriers,retain_all_square_workspace
163,17,123,123,328,123,0,7,lane_first,True,,248,1183720,223350090,678772,248,164598,111724513656,168335456,675800,h_u=2n,module_barriers,retain_all_square_workspace
163,17,124,124,328,124,0,7,lane_first,True,,248,1192756,225023210,683954,248,164598,112577460492,169620592,680982,h_u=2n,module_barriers,retain_all_square_workspace
163,17,125,125,328,125,0,7,lane_first,True,,248,1201792,226696330,689136,248,164598,113430407328,170905728,686164,h_u=2n,module_barriers,retain_all_square_workspace
163,17,126,126,328,126,0,7,lane_first,True,,248,1210828,228369450,694318,248,164598,114283354164,172190864,691346,h_u=2n,module_barriers,retain_all_square_workspace
163,17,127,127,328,127,0,7,lane_first,True,,248,1219864,230042570,699500,248,164598,115136301000,173476000,696528,h_u=2n,module_barriers,retain_all_square_workspace
163,17,128,128,328,128,0,7,lane_first,True,,248,1228900,231715690,704682,248,164598,115989247836,174761136,701710,h_u=2n,module_barriers,retain_all_square_workspace
163,17,129,129,328,129,0,8,lane_first,True,,268,1248808,235770706,715952,268,179666,128632232032,191875136,712980,h_u=2n,module_barriers,retain_all_square_workspace
163,17,130,130,328,130,0,8,lane_first,True,,272,1257844,237443826,721134,272,182478,131591090052,196148448,718162,h_u=2n,module_barriers,retain_all_square_workspace
163,17,131,131,328,131,0,8,lane_first,True,,276,1266880,239116946,726316,276,185290,134579091640,200463216,723344,h_u=2n,module_barriers,retain_all_square_workspace
163,17,132,132,328,132,0,8,lane_first,True,,276,1275916,240790066,731498,276,185290,135539264420,201893448,728526,h_u=2n,module_barriers,retain_all_square_workspace
163,17,133,133,328,133,0,8,lane_first,True,,280,1284952,242463186,736680,280,188102,138570981360,206270400,733708,h_u=2n,module_barriers,retain_all_square_workspace
163,17,134,134,328,134,0,8,lane_first,True,,280,1293988,244136306,741862,280,188102,139545725924,207721360,738890,h_u=2n,module_barriers,retain_all_square_workspace
163,17,135,135,328,135,0,8,lane_first,True,,280,1303024,245809426,747044,280,188102,140520470488,209172320,744072,h_u=2n,module_barriers,retain_all_square_workspace
163,17,136,136,328,136,0,8,lane_first,True,,280,1312060,247482546,752226,280,188102,141495215052,210623280,749254,h_u=2n,module_barriers,retain_all_square_workspace
163,17,137,137,328,137,0,8,lane_first,True,,284,1321096,249155666,757408,284,190914,144599790912,215103872,754436,h_u=2n,module_barriers,retain_all_square_workspace
163,17,138,138,328,138,0,8,lane_first,True,,284,1330132,250828786,762590,284,190914,145589107260,216575560,759618,h_u=2n,module_barriers,retain_all_square_workspace
163,17,139,139,328,139,0,8,lane_first,True,,284,1339168,252501906,767772,284,190914,146578423608,218047248,764800,h_u=2n,module_barriers,retain_all_square_workspace
163,17,140,140,328,140,0,8,lane_first,True,,284,1348204,254175026,772954,284,190914,147567739956,219518936,769982,h_u=2n,module_barriers,retain_all_square_workspace
163,17,141,141,328,141,0,8,lane_first,True,,284,1357240,255848146,778136,284,190914,148557056304,220990624,775164,h_u=2n,module_barriers,retain_all_square_workspace
163,17,142,142,328,142,0,8,lane_first,True,,284,1366276,257521266,783318,284,190914,149546372652,222462312,780346,h_u=2n,module_barriers,retain_all_square_workspace
163,17,143,143,328,143,0,8,lane_first,True,,284,1375312,259194386,788500,284,190914,150535689000,223934000,785528,h_u=2n,module_barriers,retain_all_square_workspace
163,17,144,144,328,144,0,8,lane_first,True,,284,1384348,260867506,793682,284,190914,151525005348,225405688,790710,h_u=2n,module_barriers,retain_all_square_workspace
163,17,145,145,328,145,0,8,lane_first,True,,288,1393384,262540626,798864,288,193726,154760727264,230072832,795892,h_u=2n,module_barriers,retain_all_square_workspace
163,17,146,146,328,146,0,8,lane_first,True,,288,1402420,264213746,804046,288,193726,155764615396,231565248,801074,h_u=2n,module_barriers,retain_all_square_workspace
163,17,147,147,328,147,0,8,lane_first,True,,288,1411456,265886866,809228,288,193726,156768503528,233057664,806256,h_u=2n,module_barriers,retain_all_square_workspace
163,17,148,148,328,148,0,8,lane_first,True,,288,1420492,267559986,814410,288,193726,157772391660,234550080,811438,h_u=2n,module_barriers,retain_all_square_workspace
163,17,149,149,328,149,0,8,lane_first,True,,288,1429528,269233106,819592,288,193726,158776279792,236042496,816620,h_u=2n,module_barriers,retain_all_square_workspace
163,17,150,150,328,150,0,8,lane_first,True,,288,1438564,270906226,824774,288,193726,159780167924,237534912,821802,h_u=2n,module_barriers,retain_all_square_workspace
163,17,151,151,328,151,0,8,lane_first,True,,288,1447600,272579346,829956,288,193726,160784056056,239027328,826984,h_u=2n,module_barriers,retain_all_square_workspace
163,17,152,152,328,152,0,8,lane_first,True,,288,1456636,274252466,835138,288,193726,161787944188,240519744,832166,h_u=2n,module_barriers,retain_all_square_workspace
163,17,153,153,328,153,0,8,lane_first,True,,288,1465672,275925586,840320,288,193726,162791832320,242012160,837348,h_u=2n,module_barriers,retain_all_square_workspace
163,17,154,154,328,154,0,8,lane_first,True,,288,1474708,277598706,845502,288,193726,163795720452,243504576,842530,h_u=2n,module_barriers,retain_all_square_workspace
163,17,155,155,328,155,0,8,lane_first,True,,288,1483744,279271826,850684,288,193726,164799608584,244996992,847712,h_u=2n,module_barriers,retain_all_square_workspace
163,17,156,156,328,156,0,8,lane_first,True,,288,1492780,280944946,855866,288,193726,165803496716,246489408,852894,h_u=2n,module_barriers,retain_all_square_workspace
163,17,157,157,328,157,0,8,lane_first,True,,288,1501816,282618066,861048,288,193726,166807384848,247981824,858076,h_u=2n,module_barriers,retain_all_square_workspace
163,17,158,158,328,158,0,8,lane_first,True,,288,1510852,284291186,866230,288,193726,167811272980,249474240,863258,h_u=2n,module_barriers,retain_all_square_workspace
163,17,159,159,328,159,0,8,lane_first,True,,288,1519888,285964306,871412,288,193726,168815161112,250966656,868440,h_u=2n,module_barriers,retain_all_square_workspace
163,17,160,160,328,160,0,8,lane_first,True,,288,1528924,287637426,876594,288,193726,169819049244,252459072,873622,h_u=2n,module_barriers,retain_all_square_workspace
163,17,161,161,328,161,0,8,lane_first,True,,292,1537960,289310546,881776,292,196538,173302491488,257478592,878804,h_u=2n,module_barriers,retain_all_square_workspace
163,17,162,162,328,162,0,8,lane_first,True,,292,1546996,290983666,886958,292,196538,174320951404,258991736,883986,h_u=2n,module_barriers,retain_all_square_workspace
163,17,163,163,328,163,0,8,lane_first,True,,292,1556032,292656786,892140,292,196538,175339411320,260504880,889168,h_u=2n,module_barriers,retain_all_square_workspace
163,17,164,164,328,164,0,8,lane_first,True,,276,1565068,294329906,897322,276,196362,176199942564,247660872,894350,h_u=2n,module_barriers,retain_all_square_workspace
163,17,165,165,328,165,0,8,lane_first,True,,276,1574120,296010842,902504,276,196362,177217490448,249091104,899532,h_u=2n,module_barriers,retain_all_square_workspace
163,17,166,166,328,166,0,8,lane_first,False,reduction:83,276,,,,,,,,,,,
163,17,167,167,328,167,0,8,lane_first,False,reduction:83,276,,,,,,,,,,,
163,17,168,168,328,168,0,8,lane_first,False,reduction:84,276,,,,,,,,,,,
163,17,169,169,328,169,0,8,lane_first,False,reduction:84,276,,,,,,,,,,,
163,17,170,170,328,170,0,8,lane_first,False,reduction:85,276,,,,,,,,,,,
163,17,171,171,328,171,0,8,lane_first,False,reduction:85,276,,,,,,,,,,,
163,17,172,172,328,172,0,8,lane_first,False,reduction:86,276,,,,,,,,,,,
163,17,173,173,328,173,0,8,lane_first,False,reduction:86,276,,,,,,,,,,,
163,17,174,174,328,174,0,8,lane_first,False,reduction:87,276,,,,,,,,,,,
163,17,175,175,328,175,0,8,lane_first,False,reduction:87,276,,,,,,,,,,,
163,17,176,176,328,176,0,8,lane_first,False,reduction:88,276,,,,,,,,,,,
163,17,177,177,328,177,0,8,lane_first,False,reduction:88,276,,,,,,,,,,,
163,17,178,178,328,178,0,8,lane_first,False,reduction:89,276,,,,,,,,,,,
163,17,179,179,328,179,0,8,lane_first,False,reduction:89,276,,,,,,,,,,,
163,17,180,180,328,180,0,8,lane_first,False,reduction:90,276,,,,,,,,,,,
163,17,181,181,328,181,0,8,lane_first,False,reduction:90,276,,,,,,,,,,,
163,17,182,182,328,182,0,8,lane_first,False,reduction:91,276,,,,,,,,,,,
163,17,183,183,328,183,0,8,lane_first,False,reduction:91,276,,,,,,,,,,,
163,17,184,184,328,184,0,8,lane_first,False,reduction:92,276,,,,,,,,,,,
163,17,185,185,328,185,0,8,lane_first,False,reduction:92,276,,,,,,,,,,,
163,17,186,186,328,186,0,8,lane_first,False,reduction:93,276,,,,,,,,,,,
163,17,187,187,328,187,0,8,lane_first,False,reduction:93,276,,,,,,,,,,,
163,17,188,188,328,188,0,8,lane_first,False,reduction:94,276,,,,,,,,,,,
163,17,189,189,328,189,0,8,lane_first,False,reduction:94,276,,,,,,,,,,,
163,17,190,190,328,190,0,8,lane_first,False,reduction:95,276,,,,,,,,,,,
163,17,191,191,328,191,0,8,lane_first,False,reduction:95,276,,,,,,,,,,,
163,17,192,192,328,192,0,8,lane_first,False,reduction:96,276,,,,,,,,,,,
163,17,193,193,328,193,0,8,lane_first,False,reduction:96,280,,,,,,,,,,,
163,17,194,194,328,194,0,8,lane_first,False,reduction:97,280,,,,,,,,,,,
163,17,195,195,328,195,0,8,lane_first,False,reduction:97,280,,,,,,,,,,,
163,17,196,196,328,196,0,8,lane_first,False,reduction:98,280,,,,,,,,,,,
163,17,197,197,328,197,0,8,lane_first,False,reduction:98,280,,,,,,,,,,,
163,17,198,198,328,198,0,8,lane_first,False,reduction:99,280,,,,,,,,,,,
163,17,199,199,328,199,0,8,lane_first,False,reduction:99,280,,,,,,,,,,,
163,17,200,200,328,200,0,8,lane_first,False,reduction:100,280,,,,,,,,,,,
163,17,201,201,328,201,0,8,lane_first,False,reduction:100,280,,,,,,,,,,,
163,17,202,202,328,202,0,8,lane_first,False,reduction:101,280,,,,,,,,,,,
163,17,203,203,328,203,0,8,lane_first,False,reduction:101,280,,,,,,,,,,,
163,17,204,204,328,204,0,8,lane_first,False,reduction:102,280,,,,,,,,,,,
163,17,205,205,328,205,0,8,lane_first,False,reduction:102,280,,,,,,,,,,,
163,17,206,206,328,206,0,8,lane_first,False,reduction:103,280,,,,,,,,,,,
163,17,207,207,328,207,0,8,lane_first,False,reduction:103,280,,,,,,,,,,,
163,17,208,208,328,208,0,8,lane_first,False,reduction:104,280,,,,,,,,,,,
163,17,209,209,328,209,0,8,lane_first,False,reduction:104,280,,,,,,,,,,,
163,17,210,210,328,210,0,8,lane_first,False,reduction:105,280,,,,,,,,,,,
163,17,211,211,328,211,0,8,lane_first,False,reduction:105,280,,,,,,,,,,,
163,17,212,212,328,212,0,8,lane_first,False,reduction:106,280,,,,,,,,,,,
163,17,213,213,328,213,0,8,lane_first,False,reduction:106,280,,,,,,,,,,,
163,17,214,214,328,214,0,8,lane_first,False,reduction:107,280,,,,,,,,,,,
163,17,215,215,328,215,0,8,lane_first,False,reduction:107,280,,,,,,,,,,,
163,17,216,216,328,216,0,8,lane_first,False,reduction:108,280,,,,,,,,,,,
163,17,217,217,328,217,0,8,lane_first,False,reduction:108,280,,,,,,,,,,,
163,17,218,218,328,218,0,8,lane_first,False,reduction:109,280,,,,,,,,,,,
163,17,219,219,328,219,0,8,lane_first,False,reduction:109,280,,,,,,,,,,,
163,17,220,220,328,220,0,8,lane_first,False,reduction:110,280,,,,,,,,,,,
163,17,221,221,328,221,0,8,lane_first,False,reduction:110,280,,,,,,,,,,,
163,17,222,222,328,222,0,8,lane_first,False,reduction:111,280,,,,,,,,,,,
163,17,223,223,328,223,0,8,lane_first,False,reduction:111,280,,,,,,,,,,,
163,17,224,224,328,224,0,8,lane_first,False,reduction:112,280,,,,,,,,,,,
163,17,225,225,328,225,0,8,lane_first,False,reduction:112,280,,,,,,,,,,,
163,17,226,226,328,226,0,8,lane_first,False,reduction:113,280,,,,,,,,,,,
163,17,227,227,328,227,0,8,lane_first,False,reduction:113,280,,,,,,,,,,,
163,17,228,228,328,228,0,8,lane_first,False,reduction:114,280,,,,,,,,,,,
163,17,229,229,328,229,0,8,lane_first,False,reduction:114,280,,,,,,,,,,,
163,17,230,230,328,230,0,8,lane_first,False,reduction:115,280,,,,,,,,,,,
163,17,231,231,328,231,0,8,lane_first,False,reduction:115,280,,,,,,,,,,,
163,17,232,232,328,232,0,8,lane_first,False,reduction:116,280,,,,,,,,,,,
163,17,233,233,328,233,0,8,lane_first,False,reduction:116,280,,,,,,,,,,,
163,17,234,234,328,234,0,8,lane_first,False,reduction:117,280,,,,,,,,,,,
163,17,235,235,328,235,0,8,lane_first,False,reduction:117,280,,,,,,,,,,,
163,17,236,236,328,236,0,8,lane_first,False,reduction:118,280,,,,,,,,,,,
163,17,237,237,328,237,0,8,lane_first,False,reduction:118,280,,,,,,,,,,,
163,17,238,238,328,238,0,8,lane_first,False,reduction:119,280,,,,,,,,,,,
163,17,239,239,328,239,0,8,lane_first,False,reduction:119,280,,,,,,,,,,,
163,17,240,240,328,240,0,8,lane_first,False,reduction:120,280,,,,,,,,,,,
163,17,241,241,328,241,0,8,lane_first,False,reduction:120,280,,,,,,,,,,,
163,17,242,242,328,242,0,8,lane_first,False,reduction:121,280,,,,,,,,,,,
163,17,243,243,328,243,0,8,lane_first,False,reduction:121,280,,,,,,,,,,,
163,17,244,244,328,244,0,8,lane_first,False,reduction:122,280,,,,,,,,,,,
163,17,245,245,328,245,0,8,lane_first,False,reduction:122,280,,,,,,,,,,,
163,17,246,246,328,246,0,8,lane_first,False,reduction:123,280,,,,,,,,,,,
163,17,247,247,328,247,0,8,lane_first,False,reduction:123,280,,,,,,,,,,,
163,17,248,248,328,248,0,8,lane_first,False,reduction:124,280,,,,,,,,,,,
163,17,249,249,328,249,0,8,lane_first,False,reduction:124,280,,,,,,,,,,,
163,17,250,250,328,250,0,8,lane_first,False,reduction:125,280,,,,,,,,,,,
163,17,251,251,328,251,0,8,lane_first,False,reduction:125,280,,,,,,,,,,,
163,17,252,252,328,252,0,8,lane_first,False,reduction:126,280,,,,,,,,,,,
163,17,253,253,328,253,0,8,lane_first,False,reduction:126,280,,,,,,,,,,,
163,17,254,254,328,254,0,8,lane_first,False,reduction:127,280,,,,,,,,,,,
163,17,255,255,328,255,0,8,lane_first,False,reduction:127,280,,,,,,,,,,,
163,17,256,256,328,256,0,8,lane_first,False,reduction:128,280,,,,,,,,,,,
163,17,257,257,328,257,0,9,lane_first,False,reduction:128,300,,,,,,,,,,,
163,17,258,258,328,258,0,9,lane_first,False,reduction:129,304,,,,,,,,,,,
163,17,259,259,328,259,0,9,lane_first,False,reduction:129,308,,,,,,,,,,,
163,17,260,260,328,260,0,9,lane_first,False,reduction:130,308,,,,,,,,,,,
163,17,261,261,328,261,0,9,lane_first,False,reduction:130,312,,,,,,,,,,,
163,17,262,262,328,262,0,9,lane_first,False,reduction:131,312,,,,,,,,,,,
163,17,263,263,328,263,0,9,lane_first,False,reduction:131,312,,,,,,,,,,,
163,17,264,264,328,264,0,9,lane_first,False,reduction:132,312,,,,,,,,,,,
163,17,265,265,328,265,0,9,lane_first,False,reduction:132,316,,,,,,,,,,,
163,17,266,266,328,266,0,9,lane_first,False,reduction:133,316,,,,,,,,,,,
163,17,267,267,328,267,0,9,lane_first,False,reduction:133,316,,,,,,,,,,,
163,17,268,268,328,268,0,9,lane_first,False,reduction:134,316,,,,,,,,,,,
163,17,269,269,328,269,0,9,lane_first,False,reduction:134,316,,,,,,,,,,,
163,17,270,270,328,270,0,9,lane_first,False,reduction:135,316,,,,,,,,,,,
163,17,271,271,328,271,0,9,lane_first,False,reduction:135,316,,,,,,,,,,,
163,17,272,272,328,272,0,9,lane_first,False,reduction:136,316,,,,,,,,,,,
163,17,273,273,328,273,0,9,lane_first,False,reduction:136,320,,,,,,,,,,,
163,17,274,274,328,274,0,9,lane_first,False,reduction:137,320,,,,,,,,,,,
163,17,275,275,328,275,0,9,lane_first,False,reduction:137,320,,,,,,,,,,,
163,17,276,276,328,276,0,9,lane_first,False,reduction:138,320,,,,,,,,,,,
163,17,277,277,328,277,0,9,lane_first,False,reduction:138,320,,,,,,,,,,,
163,17,278,278,328,278,0,9,lane_first,False,reduction:139,320,,,,,,,,,,,
163,17,279,279,328,279,0,9,lane_first,False,reduction:139,320,,,,,,,,,,,
163,17,280,280,328,280,0,9,lane_first,False,reduction:140,320,,,,,,,,,,,
163,17,281,281,328,281,0,9,lane_first,False,reduction:140,320,,,,,,,,,,,
163,17,282,282,328,282,0,9,lane_first,False,reduction:141,320,,,,,,,,,,,
163,17,283,283,328,283,0,9,lane_first,False,reduction:141,320,,,,,,,,,,,
163,17,284,284,328,284,0,9,lane_first,False,reduction:142,320,,,,,,,,,,,
163,17,285,285,328,285,0,9,lane_first,False,reduction:142,320,,,,,,,,,,,
163,17,286,286,328,286,0,9,lane_first,False,reduction:143,320,,,,,,,,,,,
163,17,287,287,328,287,0,9,lane_first,False,reduction:143,320,,,,,,,,,,,
163,17,288,288,328,288,0,9,lane_first,False,reduction:144,320,,,,,,,,,,,
163,17,289,289,328,289,0,9,lane_first,False,reduction:144,324,,,,,,,,,,,
163,17,290,290,328,290,0,9,lane_first,False,reduction:145,324,,,,,,,,,,,
163,17,291,291,328,291,0,9,lane_first,False,reduction:145,324,,,,,,,,,,,
163,17,292,292,328,292,0,9,lane_first,False,reduction:146,324,,,,,,,,,,,
163,17,293,293,328,293,0,9,lane_first,False,reduction:146,324,,,,,,,,,,,
163,17,294,294,328,294,0,9,lane_first,False,reduction:147,324,,,,,,,,,,,
163,17,295,295,328,295,0,9,lane_first,False,reduction:147,324,,,,,,,,,,,
163,17,296,296,328,296,0,9,lane_first,False,reduction:148,324,,,,,,,,,,,
163,17,297,297,328,297,0,9,lane_first,False,reduction:148,324,,,,,,,,,,,
163,17,298,298,328,298,0,9,lane_first,False,reduction:149,324,,,,,,,,,,,
163,17,299,299,328,299,0,9,lane_first,False,reduction:149,324,,,,,,,,,,,
163,17,300,300,328,300,0,9,lane_first,False,reduction:150,324,,,,,,,,,,,
163,17,301,301,328,301,0,9,lane_first,False,reduction:150,324,,,,,,,,,,,
163,17,302,302,328,302,0,9,lane_first,False,reduction:151,324,,,,,,,,,,,
163,17,303,303,328,303,0,9,lane_first,False,reduction:151,324,,,,,,,,,,,
163,17,304,304,328,304,0,9,lane_first,False,reduction:152,324,,,,,,,,,,,
163,17,305,305,328,305,0,9,lane_first,False,reduction:152,324,,,,,,,,,,,
163,17,306,306,328,306,0,9,lane_first,False,reduction:153,324,,,,,,,,,,,
163,17,307,307,328,307,0,9,lane_first,False,reduction:153,324,,,,,,,,,,,
163,17,308,308,328,308,0,9,lane_first,False,reduction:154,324,,,,,,,,,,,
163,17,309,309,328,309,0,9,lane_first,False,reduction:154,324,,,,,,,,,,,
163,17,310,310,328,310,0,9,lane_first,False,reduction:155,324,,,,,,,,,,,
163,17,311,311,328,311,0,9,lane_first,False,reduction:155,324,,,,,,,,,,,
163,17,312,312,328,312,0,9,lane_first,False,reduction:156,324,,,,,,,,,,,
163,17,313,313,328,313,0,9,lane_first,False,reduction:156,324,,,,,,,,,,,
163,17,314,314,328,314,0,9,lane_first,False,reduction:157,324,,,,,,,,,,,
163,17,315,315,328,315,0,9,lane_first,False,reduction:157,324,,,,,,,,,,,
163,17,316,316,328,316,0,9,lane_first,False,reduction:158,324,,,,,,,,,,,
163,17,317,317,328,317,0,9,lane_first,False,reduction:158,324,,,,,,,,,,,
163,17,318,318,328,318,0,9,lane_first,False,reduction:159,324,,,,,,,,,,,
163,17,319,319,328,319,0,9,lane_first,False,reduction:159,324,,,,,,,,,,,
163,17,320,320,328,320,0,9,lane_first,False,reduction:160,324,,,,,,,,,,,
163,17,321,321,328,321,0,9,lane_first,False,reduction:160,328,,,,,,,,,,,
163,17,322,322,328,322,0,9,lane_first,False,reduction:161,328,,,,,,,,,,,
163,17,323,323,328,323,0,9,lane_first,False,reduction:161,328,,,,,,,,,,,
163,17,324,324,328,324,0,9,lane_first,False,reduction:162,328,,,,,,,,,,,
163,17,325,325,328,325,0,9,lane_first,False,reduction:162,328,,,,,,,,,,,
163,17,326,326,328,326,0,9,lane_first,False,reduction:163,328,,,,,,,,,,,
163,17,327,327,328,327,0,9,lane_first,False,reduction:163,328,,,,,,,,,,,
163,17,328,328,328,328,0,9,lane_first,False,reduction:164,320,,,,,,,,,,,
163,18,1,1,328,19,18,0,lane_first,True,,36699184,37057600,18001198514,200944,36699184,403972246,81175799000224,7374480829696,197972,h_u=2n,module_barriers,retain_all_square_workspace
163,18,2,2,328,20,9,1,lane_first,True,,17825360,35931108,17471563678,157422,17825360,196258598,30895421014356,2806103821920,154450,h_u=2n,module_barriers,retain_all_square_workspace
163,18,3,3,328,21,6,2,lane_first,True,,11534128,34869912,16956251434,150428,11534128,127031386,19109077333208,1735055806784,147456,h_u=2n,module_barriers,retain_all_square_workspace
163,18,4,4,328,20,4,2,lane_first,True,,7348068,29629020,14404638334,133722,7348068,80945488,10824192546336,982598349096,130750,h_u=2n,module_barriers,retain_all_square_workspace
163,18,5,5,328,20,3,3,lane_first,True,,5275572,26581672,12915973010,134048,5275572,58150124,7794907821952,707179875456,131076,h_u=2n,module_barriers,retain_all_square_workspace
163,18,6,6,328,22,3,3,lane_first,True,,5242864,31711716,15416483050,144086,5242864,57789896,8326714955056,755423302304,141114,h_u=2n,module_barriers,retain_all_square_workspace
163,18,7,7,328,21,2,3,lane_first,True,,3162100,22361120,10854350474,133468,3162100,34883474,4655827507832,422039162800,130496,h_u=2n,module_barriers,retain_all_square_workspace
163,18,8,8,328,24,2,3,lane_first,True,,3145996,25429620,12345055954,148362,3145996,34706090,5149064924580,466746258552,145390,h_u=2n,module_barriers,retain_all_square_workspace
163,18,9,9,328,22,2,4,lane_first,True,,3145792,28566216,13879798834,145064,3145792,34718534,5036409416176,456341170688,142092,h_u=2n,module_barriers,retain_all_square_workspace
163,18,10,10,328,20,1,4,lane_first,True,,1310772,13070764,6318644414,129590,1310772,14515502,1881063904180,169862943480,126618,h_u=2n,module_barriers,retain_all_square_workspace
163,18,11,11,328,22,1,4,lane_first,True,,1081412,12105896,5841789942,139628,1081412,11995190,1674864389320,150995394736,136656,h_u=2n,module_barriers,retain_all_square_workspace
163,18,12,12,328,24,1,4,lane_first,True,,1056844,12910500,6229322542,149666,1056844,11724862,1754813196092,158173614104,146694,h_u=2n,module_barriers,retain_all_square_workspace
163,18,13,13,328,26,1,4,lane_first,True,,1050712,13928096,6720901738,159704,1050712,11660052,1862156944608,167802909248,156732,h_u=2n,module_barriers,retain_all_square_workspace
163,18,14,14,328,28,1,4,lane_first,True,,1049184,14983580,7230989218,169742,1049184,11643164,1976333943688,178090590528,166770,h_u=2n,module_barriers,retain_all_square_workspace
163,18,15,15,328,30,1,4,lane_first,True,,1048808,16047000,7744953434,179780,1048808,11638948,2092450071440,188554702240,176808,h_u=2n,module_barriers,retain_all_square_workspace
163,18,16,16,328,32,1,4,lane_first,True,,1048748,17112724,8260043154,189818,1048748,11638248,2209148958864,199071247864,186846,h_u=2n,module_barriers,retain_all_square_workspace
163,18,17,17,328,34,1,5,lane_first,True,,1048744,18189928,8777811778,205944,1048744,11655780,2400437956320,215982534336,202972,h_u=2n,module_barriers,retain_all_square_workspace
163,18,18,18,328,22,1,5,lane_first,True,,1048724,19129716,9269746186,147998,1048724,11649984,1724174332032,155209054552,145026,h_u=2n,module_barriers,retain_all_square_workspace
163,18,19,19,328,19,0,5,lane_first,True,,1048700,12800200,6188919174,127668,1048700,11632028,1485037750704,133885431600,124696,h_u=2n,module_barriers,retain_all_square_workspace
163,18,20,20,328,20,0,5,lane_first,True,,524412,7566372,3629453230,132850,524412,5864860,779146651000,69668134200,129878,h_u=2n,module_barriers,retain_all_square_workspace
163,18,21,21,328,21,0,5,lane_first,True,,262272,4691840,2222503382,138032,262272,2984088,411899634816,36201928704,135060,h_u=2n,module_barriers,retain_all_square_workspace
163,18,22,22,328,22,0,5,lane_first,True,,131200,2996956,1391811582,143214,131200,1542296,220878379344,18789676800,140242,h_u=2n,module_barriers,retain_all_square_workspace
163,18,23,23,328,23,0,5,lane_first,True,,131200,2154040,977306150,148396,131200,1542296,228870557216,19469555200,145424,h_u=2n,module_barriers,retain_all_square_workspace
163,18,24,24,328,24,0,5,lane_first,True,,65664,1573268,690858062,153578,65664,821400,126148969200,10084545792,150606,h_u=2n,module_barriers,retain_all_square_workspace
163,18,25,25,328,25,0,5,lane_first,True,,65668,1189104,500452986,158760,65668,824166,130844594160,10425451680,155788,h_u=2n,module_barriers,retain_all_square_workspace
163,18,26,26,328,26,0,5,lane_first,True,,32900,968780,390083746,163942,32900,463718,76022856356,5393691800,160970,h_u=2n,module_barriers,retain_all_square_workspace
163,18,27,27,328,27,0,5,lane_first,True,,32900,797608,303725258,169124,32900,463718,78425843032,5564179600,166152,h_u=2n,module_barriers,retain_all_square_workspace
163,18,28,28,328,28,0,5,lane_first,True,,16516,691972,249381106,174306,16516,283494,49414705164,2878837896,171334,h_u=2n,module_barriers,retain_all_square_workspace
163,18,29,29,328,29,0,5,lane_first,True,,16516,619104,211044122,179488,16516,283494,50883771072,2964423808,176516,h_u=2n,module_barriers,retain_all_square_workspace
163,18,30,30,328,30,0,5,lane_first,True,,8324,554428,176708930,184670,8324,193382,35711853940,1537193080,181698,h_u=2n,module_barriers,retain_all_square_workspace
163,18,31,31,328,31,0,5,lane_first,True,,8324,526616,160381802,189852,8324,193382,36713959464,1580328048,186880,h_u=2n,module_barriers,retain_all_square_workspace
163,18,32,32,328,32,0,5,lane_first,True,,8324,498804,144054674,195034,8324,193382,37716064988,1623463016,192062,h_u=2n,module_barriers,retain_all_square_workspace
163,18,33,33,328,33,0,6,lane_first,True,,4248,485960,132110338,206304,4248,163394,33708835776,876379392,203332,h_u=2n,module_barriers,retain_all_square_workspace
163,18,34,34,328,34,0,6,lane_first,True,,4252,478628,125787690,211486,4252,166206,35150242116,899238472,208514,h_u=2n,module_barriers,retain_all_square_workspace
163,18,35,35,328,35,0,6,lane_first,True,,4256,471296,119465042,216668,4256,169018,36620792024,922139008,213696,h_u=2n,module_barriers,retain_all_square_workspace
163,18,36,36,328,36,0,6,lane_first,True,,4256,463964,113142394,221850,4256,169018,37496643300,944193600,218878,h_u=2n,module_barriers,retain_all_square_workspace
163,18,37,37,328,37,0,6,lane_first,True,,2212,461752,109320866,227032,2212,149302,33896331664,502194784,224060,h_u=2n,module_barriers,retain_all_square_workspace
163,18,38,38,328,38,0,6,lane_first,True,,2212,463636,107500234,232214,2212,149302,34670014628,513657368,229242,h_u=2n,module_barriers,retain_all_square_workspace
163,18,39,39,328,39,0,6,lane_first,True,,2212,465520,105679602,237396,2212,149302,35443697592,525119952,234424,h_u=2n,module_barriers,retain_all_square_workspace
163,18,40,40,328,40,0,6,lane_first,True,,2212,467404,103858970,242578,2212,149302,36217380556,536582536,239606,h_u=2n,module_barriers,retain_all_square_workspace
163,18,41,41,328,41,0,6,lane_first,True,,1192,469288,102038338,247760,1192,140850,34896996000,295329920,244788,h_u=2n,module_barriers,retain_all_square_workspace
163,18,42,42,328,42,0,6,lane_first,True,,1192,475268,102218602,252942,1192,140850,35626880700,301506864,249970,h_u=2n,module_barriers,retain_all_square_workspace
163,18,43,43,328,43,0,6,lane_first,True,,1192,481248,102398866,258124,1192,140850,36356765400,307683808,255152,h_u=2n,module_barriers,retain_all_square_workspace
163,18,44,44,328,44,0,6,lane_first,True,,1192,487228,102579130,263306,1192,140850,37086650100,313860752,260334,h_u=2n,module_barriers,retain_all_square_workspace
163,18,45,45,328,45,0,6,lane_first,True,,1192,493208,102759394,268488,1192,140850,37816534800,320037696,265516,h_u=2n,module_barriers,retain_all_square_workspace
163,18,46,46,328,46,0,6,lane_first,True,,1192,499188,102939658,273670,1192,140850,38546419500,326214640,270698,h_u=2n,module_barriers,retain_all_square_workspace
163,18,47,47,328,47,0,6,lane_first,True,,680,505424,103244978,278852,680,135218,37705809736,189619360,275880,h_u=2n,module_barriers,retain_all_square_workspace
163,18,48,48,328,48,0,6,lane_first,True,,680,513196,104300634,284034,680,135218,38406509412,193143120,281062,h_u=2n,module_barriers,retain_all_square_workspace
163,18,49,49,328,49,0,6,lane_first,True,,684,520968,105356294,289216,684,137984,39907180544,197823744,286244,h_u=2n,module_barriers,retain_all_square_workspace
163,18,50,50,328,50,0,6,lane_first,True,,684,528740,106411950,294398,684,137984,40622213632,201368232,291426,h_u=2n,module_barriers,retain_all_square_workspace
163,18,51,51,328,51,0,6,lane_first,True,,684,536512,107467606,299580,684,137984,41337246720,204912720,296608,h_u=2n,module_barriers,retain_all_square_workspace
163,18,52,52,328,52,0,6,lane_first,True,,684,544284,108523262,304762,684,137984,42052279808,208457208,301790,h_u=2n,module_barriers,retain_all_square_workspace
163,18,53,53,328,53,0,6,lane_first,True,,684,552056,109578918,309944,684,137984,42767312896,212001696,306972,h_u=2n,module_barriers,retain_all_square_workspace
163,18,54,54,328,54,0,6,lane_first,True,,684,559828,110634574,315126,684,137984,43482345984,215546184,312154,h_u=2n,module_barriers,retain_all_square_workspace
163,18,55,55,328,55,0,6,lane_first,True,,428,567856,111815286,320308,428,135168,43295391744,137091824,317336,h_u=2n,module_barriers,retain_all_square_workspace
163,18,56,56,328,56,0,6,lane_first,True,,428,576396,113246110,325490,428,135168,43995832320,139309720,322518,h_u=2n,module_barriers,retain_all_square_workspace
163,18,57,57,328,57,0,6,lane_first,True,,428,584936,114676934,330672,428,135168,44696272896,141527616,327700,h_u=2n,module_barriers,retain_all_square_workspace
163,18,58,58,328,58,0,6,lane_first,True,,428,593476,116107758,335854,428,135168,45396713472,143745512,332882,h_u=2n,module_barriers,retain_all_square_workspace
163,18,59,59,328,59,0,6,lane_first,True,,428,602016,117538582,341036,428,135168,46097154048,145963408,338064,h_u=2n,module_barriers,retain_all_square_workspace
163,18,60,60,328,60,0,6,lane_first,True,,428,610556,118969406,346218,428,135168,46797594624,148181304,343246,h_u=2n,module_barriers,retain_all_square_workspace
163,18,61,61,328,61,0,6,lane_first,True,,428,619096,120400230,351400,428,135168,47498035200,150399200,348428,h_u=2n,module_barriers,retain_all_square_workspace
163,18,62,62,328,62,0,6,lane_first,True,,428,627636,121831054,356582,428,135168,48198475776,152617096,353610,h_u=2n,module_barriers,retain_all_square_workspace
163,18,63,63,328,63,0,6,lane_first,True,,428,636176,123261878,361764,428,135168,48898916352,154834992,358792,h_u=2n,module_barriers,retain_all_square_workspace
163,18,64,64,328,64,0,6,lane_first,True,,428,644716,124692702,366946,428,135168,49599356928,157052888,363974,h_u=2n,module_barriers,retain_all_square_workspace
163,18,65,65,328,65,0,7,lane_first,True,,448,664128,128505422,378216,448,150236,56821658976,169440768,375244,h_u=2n,module_barriers,retain_all_square_workspace
163,18,66,66,328,66,0,7,lane_first,True,,324,672796,129998774,383398,324,151640,58138472720,124220952,380426,h_u=2n,module_barriers,retain_all_square_workspace
163,18,67,67,328,67,0,7,lane_first,True,,328,681656,131585918,388580,328,154452,60016958160,127454240,385608,h_u=2n,module_barriers,retain_all_square_workspace
163,18,68,68,328,68,0,7,lane_first,True,,328,690516,133173062,393762,328,154452,60817328424,129153936,390790,h_u=2n,module_barriers,retain_all_square_workspace
163,18,69,69,328,69,0,7,lane_first,True,,332,699376,134760206,398944,332,157264,62739529216,132449408,395972,h_u=2n,module_barriers,retain_all_square_workspace
163,18,70,70,328,70,0,7,lane_first,True,,332,708236,136347350,404126,332,157264,63554471264,134169832,401154,h_u=2n,module_barriers,retain_all_square_workspace
163,18,71,71,328,71,0,7,lane_first,True,,332,717096,137934494,409308,332,157264,64369413312,135890256,406336,h_u=2n,module_barriers,retain_all_square_workspace
163,18,72,72,328,72,0,7,lane_first,True,,332,725956,139521638,414490,332,157264,65184355360,137610680,411518,h_u=2n,module_barriers,retain_all_square_workspace
163,18,73,73,328,73,0,7,lane_first,True,,336,734816,141108782,419672,336,160076,67179415072,141009792,416700,h_u=2n,module_barriers,retain_all_square_workspace
163,18,74,74,328,74,0,7,lane_first,True,,336,743676,142695926,424854,336,160076,68008928904,142750944,421882,h_u=2n,module_barriers,retain_all_square_workspace
163,18,75,75,328,75,0,7,lane_first,True,,336,752536,144283070,430036,336,160076,68838442736,144492096,427064,h_u=2n,module_barriers,retain_all_square_workspace
163,18,76,76,328,76,0,7,lane_first,True,,336,761396,145870214,435218,336,160076,69667956568,146233248,432246,h_u=2n,module_barriers,retain_all_square_workspace
163,18,77,77,328,77,0,7,lane_first,True,,336,770256,147457358,440400,336,160076,70497470400,147974400,437428,h_u=2n,module_barriers,retain_all_square_workspace
163,18,78,78,328,78,0,7,lane_first,True,,336,779116,149044502,445582,336,160076,71326984232,149715552,442610,h_u=2n,module_barriers,retain_all_square_workspace
163,18,79,79,328,79,0,7,lane_first,True,,336,787976,150631646,450764,336,160076,72156498064,151456704,447792,h_u=2n,module_barriers,retain_all_square_workspace
163,18,80,80,328,80,0,7,lane_first,True,,336,796836,152218790,455946,336,160076,72986011896,153197856,452974,h_u=2n,module_barriers,retain_all_square_workspace
163,18,81,81,328,81,0,7,lane_first,True,,340,805696,153805934,461128,340,162888,75112217664,156783520,458156,h_u=2n,module_barriers,retain_all_square_workspace
163,18,82,82,328,82,0,7,lane_first,True,,276,814556,155393078,466310,276,162184,75628021040,128701560,463338,h_u=2n,module_barriers,retain_all_square_workspace
163,18,83,83,328,83,0,7,lane_first,True,,276,823544,157042750,471492,276,162184,76468458528,130131792,468520,h_u=2n,module_barriers,retain_all_square_workspace
163,18,84,84,328,84,0,7,lane_first,True,,276,832532,158692422,476674,276,162184,77308896016,131562024,473702,h_u=2n,module_barriers,retain_all_square_workspace
163,18,85,85,328,85,0,7,lane_first,True,,276,841520,160342094,481856,276,162184,78149333504,132992256,478884,h_u=2n,module_barriers,retain_all_square_workspace
163,18,86,86,328,86,0,7,lane_first,True,,276,850508,161991766,487038,276,162184,78989770992,134422488,484066,h_u=2n,module_barriers,retain_all_square_workspace
163,18,87,87,328,87,0,7,lane_first,True,,276,859496,163641438,492220,276,162184,79830208480,135852720,489248,h_u=2n,module_barriers,retain_all_square_workspace
163,18,88,88,328,88,0,7,lane_first,True,,276,868484,165291110,497402,276,162184,80670645968,137282952,494430,h_u=2n,module_barriers,retain_all_square_workspace
163,18,89,89,328,89,0,7,lane_first,True,,276,877472,166940782,502584,276,162184,81511083456,138713184,499612,h_u=2n,module_barriers,retain_all_square_workspace
163,18,90,90,328,90,0,7,lane_first,True,,276,886460,168590454,507766,276,162184,82351520944,140143416,504794,h_u=2n,module_barriers,retain_all_square_workspace
163,18,91,91,328,91,0,7,lane_first,True,,276,895448,170240126,512948,276,162184,83191958432,141573648,509976,h_u=2n,module_barriers,retain_all_square_workspace
163,18,92,92,328,92,0,7,lane_first,True,,276,904436,171889798,518130,276,162184,84032395920,143003880,515158,h_u=2n,module_barriers,retain_all_square_workspace
163,18,93,93,328,93,0,7,lane_first,True,,276,913424,173539470,523312,276,162184,84872833408,144434112,520340,h_u=2n,module_barriers,retain_all_square_workspace
163,18,94,94,328,94,0,7,lane_first,True,,276,922412,175189142,528494,276,162184,85713270896,145864344,525522,h_u=2n,module_barriers,retain_all_square_workspace
163,18,95,95,328,95,0,7,lane_first,True,,276,931400,176838814,533676,276,162184,86553708384,147294576,530704,h_u=2n,module_barriers,retain_all_square_workspace
163,18,96,96,328,96,0,7,lane_first,True,,276,940388,178488486,538858,276,162184,87394145872,148724808,535886,h_u=2n,module_barriers,retain_all_square_workspace
163,18,97,97,328,97,0,7,lane_first,True,,280,949376,180138162,544040,280,164950,89739398000,152331200,541068,h_u=2n,module_barriers,retain_all_square_workspace
163,18,98,98,328,98,0,7,lane_first,True,,280,958364,181787834,549222,280,164950,90594168900,153782160,546250,h_u=2n,module_barriers,retain_all_square_workspace
163,18,99,99,328,99,0,7,lane_first,True,,280,967352,183437506,554404,280,164950,91448939800,155233120,551432,h_u=2n,module_barriers,retain_all_square_workspace
163,18,100,100,328,100,0,7,lane_first,True,,280,976340,185087178,559586,280,164950,92303710700,156684080,556614,h_u=2n,module_barriers,retain_all_square_workspace
163,18,101,101,328,101,0,7,lane_first,True,,280,985328,186736850,564768,280,164950,93158481600,158135040,561796,h_u=2n,module_barriers,retain_all_square_workspace
163,18,102,102,328,102,0,7,lane_first,True,,280,994316,188386522,569950,280,164950,94013252500,159586000,566978,h_u=2n,module_barriers,retain_all_square_workspace
163,18,103,103,328,103,0,7,lane_first,True,,280,1003304,190036194,575132,280,164950,94868023400,161036960,572160,h_u=2n,module_barriers,retain_all_square_workspace
163,18,104,104,328,104,0,7,lane_first,True,,280,1012292,191685866,580314,280,164950,95722794300,162487920,577342,h_u=2n,module_barriers,retain_all_square_workspace
163,18,105,105,328,105,0,7,lane_first,True,,280,1021280,193335538,585496,280,164950,96577565200,163938880,582524,h_u=2n,module_barriers,retain_all_square_workspace
163,18,106,106,328,106,0,7,lane_first,True,,280,1030268,194985210,590678,280,164950,97432336100,165389840,587706,h_u=2n,module_barriers,retain_all_square_workspace
163,18,107,107,328,107,0,7,lane_first,True,,280,1039256,196634882,595860,280,164950,98287107000,166840800,592888,h_u=2n,module_barriers,retain_all_square_workspace
163,18,108,108,328,108,0,7,lane_first,True,,280,1048244,198284554,601042,280,164950,99141877900,168291760,598070,h_u=2n,module_barriers,retain_all_square_workspace
163,18,109,109,328,109,0,7,lane_first,True,,280,1057232,199934226,606224,280,164950,99996648800,169742720,603252,h_u=2n,module_barriers,retain_all_square_workspace
163,18,110,110,328,110,0,7,lane_first,True,,248,1066252,201599530,611406,248,164598,100636204788,151628688,608434,h_u=2n,module_barriers,retain_all_square_workspace
163,18,111,111,328,111,0,7,lane_first,True,,248,1075288,203272650,616588,248,164598,101489151624,152913824,613616,h_u=2n,module_barriers,retain_all_square_workspace
163,18,112,112,328,112,0,7,lane_first,True,,248,1084324,204945770,621770,248,164598,102342098460,154198960,618798,h_u=2n,module_barriers,retain_all_square_workspace
163,18,113,113,328,113,0,7,lane_first,True,,248,1093360,206618890,626952,248,164598,103195045296,155484096,623980,h_u=2n,module_barriers,retain_all_square_workspace
163,18,114,114,328,114,0,7,lane_first,True,,248,1102396,208292010,632134,248,164598,104047992132,156769232,629162,h_u=2n,module_barriers,retain_all_square_workspace
163,18,115,115,328,115,0,7,lane_first,True,,248,1111432,209965130,637316,248,164598,104900938968,158054368,634344,h_u=2n,module_barriers,retain_all_square_workspace
163,18,116,116,328,116,0,7,lane_first,True,,248,1120468,211638250,642498,248,164598,105753885804,159339504,639526,h_u=2n,module_barriers,retain_all_square_workspace
163,18,117,117,328,117,0,7,lane_first,True,,248,1129504,213311370,647680,248,164598,106606832640,160624640,644708,h_u=2n,module_barriers,retain_all_square_workspace
163,18,118,118,328,118,0,7,lane_first,True,,248,1138540,214984490,652862,248,164598,107459779476,161909776,649890,h_u=2n,module_barriers,retain_all_square_workspace
163,18,119,119,328,119,0,7,lane_first,True,,248,1147576,216657610,658044,248,164598,108312726312,163194912,655072,h_u=2n,module_barriers,retain_all_square_workspace
163,18,120,120,328,120,0,7,lane_first,True,,248,1156612,218330730,663226,248,164598,109165673148,164480048,660254,h_u=2n,module_barriers,retain_all_square_workspace
163,18,121,121,328,121,0,7,lane_first,True,,248,1165648,220003850,668408,248,164598,110018619984,165765184,665436,h_u=2n,module_barriers,retain_all_square_workspace
163,18,122,122,328,122,0,7,lane_first,True,,248,1174684,221676970,673590,248,164598,110871566820,167050320,670618,h_u=2n,module_barriers,retain_all_square_workspace
163,18,123,123,328,123,0,7,lane_first,True,,248,1183720,223350090,678772,248,164598,111724513656,168335456,675800,h_u=2n,module_barriers,retain_all_square_workspace
163,18,124,124,328,124,0,7,lane_first,True,,248,1192756,225023210,683954,248,164598,112577460492,169620592,680982,h_u=2n,module_barriers,retain_all_square_workspace
163,18,125,125,328,125,0,7,lane_first,True,,248,1201792,226696330,689136,248,164598,113430407328,170905728,686164,h_u=2n,module_barriers,retain_all_square_workspace
163,18,126,126,328,126,0,7,lane_first,True,,248,1210828,228369450,694318,248,164598,114283354164,172190864,691346,h_u=2n,module_barriers,retain_all_square_workspace
163,18,127,127,328,127,0,7,lane_first,True,,248,1219864,230042570,699500,248,164598,115136301000,173476000,696528,h_u=2n,module_barriers,retain_all_square_workspace
163,18,128,128,328,128,0,7,lane_first,True,,248,1228900,231715690,704682,248,164598,115989247836,174761136,701710,h_u=2n,module_barriers,retain_all_square_workspace
163,18,129,129,328,129,0,8,lane_first,True,,268,1248808,235770706,715952,268,179666,128632232032,191875136,712980,h_u=2n,module_barriers,retain_all_square_workspace
163,18,130,130,328,130,0,8,lane_first,True,,272,1257844,237443826,721134,272,182478,131591090052,196148448,718162,h_u=2n,module_barriers,retain_all_square_workspace
163,18,131,131,328,131,0,8,lane_first,True,,276,1266880,239116946,726316,276,185290,134579091640,200463216,723344,h_u=2n,module_barriers,retain_all_square_workspace
163,18,132,132,328,132,0,8,lane_first,True,,276,1275916,240790066,731498,276,185290,135539264420,201893448,728526,h_u=2n,module_barriers,retain_all_square_workspace
163,18,133,133,328,133,0,8,lane_first,True,,280,1284952,242463186,736680,280,188102,138570981360,206270400,733708,h_u=2n,module_barriers,retain_all_square_workspace
163,18,134,134,328,134,0,8,lane_first,True,,280,1293988,244136306,741862,280,188102,139545725924,207721360,738890,h_u=2n,module_barriers,retain_all_square_workspace
163,18,135,135,328,135,0,8,lane_first,True,,280,1303024,245809426,747044,280,188102,140520470488,209172320,744072,h_u=2n,module_barriers,retain_all_square_workspace
163,18,136,136,328,136,0,8,lane_first,True,,280,1312060,247482546,752226,280,188102,141495215052,210623280,749254,h_u=2n,module_barriers,retain_all_square_workspace
163,18,137,137,328,137,0,8,lane_first,True,,284,1321096,249155666,757408,284,190914,144599790912,215103872,754436,h_u=2n,module_barriers,retain_all_square_workspace
163,18,138,138,328,138,0,8,lane_first,True,,284,1330132,250828786,762590,284,190914,145589107260,216575560,759618,h_u=2n,module_barriers,retain_all_square_workspace
163,18,139,139,328,139,0,8,lane_first,True,,284,1339168,252501906,767772,284,190914,146578423608,218047248,764800,h_u=2n,module_barriers,retain_all_square_workspace
163,18,140,140,328,140,0,8,lane_first,True,,284,1348204,254175026,772954,284,190914,147567739956,219518936,769982,h_u=2n,module_barriers,retain_all_square_workspace
163,18,141,141,328,141,0,8,lane_first,True,,284,1357240,255848146,778136,284,190914,148557056304,220990624,775164,h_u=2n,module_barriers,retain_all_square_workspace
163,18,142,142,328,142,0,8,lane_first,True,,284,1366276,257521266,783318,284,190914,149546372652,222462312,780346,h_u=2n,module_barriers,retain_all_square_workspace
163,18,143,143,328,143,0,8,lane_first,True,,284,1375312,259194386,788500,284,190914,150535689000,223934000,785528,h_u=2n,module_barriers,retain_all_square_workspace
163,18,144,144,328,144,0,8,lane_first,True,,284,1384348,260867506,793682,284,190914,151525005348,225405688,790710,h_u=2n,module_barriers,retain_all_square_workspace
163,18,145,145,328,145,0,8,lane_first,True,,288,1393384,262540626,798864,288,193726,154760727264,230072832,795892,h_u=2n,module_barriers,retain_all_square_workspace
163,18,146,146,328,146,0,8,lane_first,True,,288,1402420,264213746,804046,288,193726,155764615396,231565248,801074,h_u=2n,module_barriers,retain_all_square_workspace
163,18,147,147,328,147,0,8,lane_first,True,,288,1411456,265886866,809228,288,193726,156768503528,233057664,806256,h_u=2n,module_barriers,retain_all_square_workspace
163,18,148,148,328,148,0,8,lane_first,True,,288,1420492,267559986,814410,288,193726,157772391660,234550080,811438,h_u=2n,module_barriers,retain_all_square_workspace
163,18,149,149,328,149,0,8,lane_first,True,,288,1429528,269233106,819592,288,193726,158776279792,236042496,816620,h_u=2n,module_barriers,retain_all_square_workspace
163,18,150,150,328,150,0,8,lane_first,True,,288,1438564,270906226,824774,288,193726,159780167924,237534912,821802,h_u=2n,module_barriers,retain_all_square_workspace
163,18,151,151,328,151,0,8,lane_first,True,,288,1447600,272579346,829956,288,193726,160784056056,239027328,826984,h_u=2n,module_barriers,retain_all_square_workspace
163,18,152,152,328,152,0,8,lane_first,True,,288,1456636,274252466,835138,288,193726,161787944188,240519744,832166,h_u=2n,module_barriers,retain_all_square_workspace
163,18,153,153,328,153,0,8,lane_first,True,,288,1465672,275925586,840320,288,193726,162791832320,242012160,837348,h_u=2n,module_barriers,retain_all_square_workspace
163,18,154,154,328,154,0,8,lane_first,True,,288,1474708,277598706,845502,288,193726,163795720452,243504576,842530,h_u=2n,module_barriers,retain_all_square_workspace
163,18,155,155,328,155,0,8,lane_first,True,,288,1483744,279271826,850684,288,193726,164799608584,244996992,847712,h_u=2n,module_barriers,retain_all_square_workspace
163,18,156,156,328,156,0,8,lane_first,True,,288,1492780,280944946,855866,288,193726,165803496716,246489408,852894,h_u=2n,module_barriers,retain_all_square_workspace
163,18,157,157,328,157,0,8,lane_first,True,,288,1501816,282618066,861048,288,193726,166807384848,247981824,858076,h_u=2n,module_barriers,retain_all_square_workspace
163,18,158,158,328,158,0,8,lane_first,True,,288,1510852,284291186,866230,288,193726,167811272980,249474240,863258,h_u=2n,module_barriers,retain_all_square_workspace
163,18,159,159,328,159,0,8,lane_first,True,,288,1519888,285964306,871412,288,193726,168815161112,250966656,868440,h_u=2n,module_barriers,retain_all_square_workspace
163,18,160,160,328,160,0,8,lane_first,True,,288,1528924,287637426,876594,288,193726,169819049244,252459072,873622,h_u=2n,module_barriers,retain_all_square_workspace
163,18,161,161,328,161,0,8,lane_first,True,,292,1537960,289310546,881776,292,196538,173302491488,257478592,878804,h_u=2n,module_barriers,retain_all_square_workspace
163,18,162,162,328,162,0,8,lane_first,True,,292,1546996,290983666,886958,292,196538,174320951404,258991736,883986,h_u=2n,module_barriers,retain_all_square_workspace
163,18,163,163,328,163,0,8,lane_first,True,,292,1556032,292656786,892140,292,196538,175339411320,260504880,889168,h_u=2n,module_barriers,retain_all_square_workspace
163,18,164,164,328,164,0,8,lane_first,True,,276,1565068,294329906,897322,276,196362,176199942564,247660872,894350,h_u=2n,module_barriers,retain_all_square_workspace
163,18,165,165,328,165,0,8,lane_first,True,,276,1574120,296010842,902504,276,196362,177217490448,249091104,899532,h_u=2n,module_barriers,retain_all_square_workspace
163,18,166,166,328,166,0,8,lane_first,False,reduction:83,276,,,,,,,,,,,
163,18,167,167,328,167,0,8,lane_first,False,reduction:83,276,,,,,,,,,,,
163,18,168,168,328,168,0,8,lane_first,False,reduction:84,276,,,,,,,,,,,
163,18,169,169,328,169,0,8,lane_first,False,reduction:84,276,,,,,,,,,,,
163,18,170,170,328,170,0,8,lane_first,False,reduction:85,276,,,,,,,,,,,
163,18,171,171,328,171,0,8,lane_first,False,reduction:85,276,,,,,,,,,,,
163,18,172,172,328,172,0,8,lane_first,False,reduction:86,276,,,,,,,,,,,
163,18,173,173,328,173,0,8,lane_first,False,reduction:86,276,,,,,,,,,,,
163,18,174,174,328,174,0,8,lane_first,False,reduction:87,276,,,,,,,,,,,
163,18,175,175,328,175,0,8,lane_first,False,reduction:87,276,,,,,,,,,,,
163,18,176,176,328,176,0,8,lane_first,False,reduction:88,276,,,,,,,,,,,
163,18,177,177,328,177,0,8,lane_first,False,reduction:88,276,,,,,,,,,,,
163,18,178,178,328,178,0,8,lane_first,False,reduction:89,276,,,,,,,,,,,
163,18,179,179,328,179,0,8,lane_first,False,reduction:89,276,,,,,,,,,,,
163,18,180,180,328,180,0,8,lane_first,False,reduction:90,276,,,,,,,,,,,
163,18,181,181,328,181,0,8,lane_first,False,reduction:90,276,,,,,,,,,,,
163,18,182,182,328,182,0,8,lane_first,False,reduction:91,276,,,,,,,,,,,
163,18,183,183,328,183,0,8,lane_first,False,reduction:91,276,,,,,,,,,,,
163,18,184,184,328,184,0,8,lane_first,False,reduction:92,276,,,,,,,,,,,
163,18,185,185,328,185,0,8,lane_first,False,reduction:92,276,,,,,,,,,,,
163,18,186,186,328,186,0,8,lane_first,False,reduction:93,276,,,,,,,,,,,
163,18,187,187,328,187,0,8,lane_first,False,reduction:93,276,,,,,,,,,,,
163,18,188,188,328,188,0,8,lane_first,False,reduction:94,276,,,,,,,,,,,
163,18,189,189,328,189,0,8,lane_first,False,reduction:94,276,,,,,,,,,,,
163,18,190,190,328,190,0,8,lane_first,False,reduction:95,276,,,,,,,,,,,
163,18,191,191,328,191,0,8,lane_first,False,reduction:95,276,,,,,,,,,,,
163,18,192,192,328,192,0,8,lane_first,False,reduction:96,276,,,,,,,,,,,
163,18,193,193,328,193,0,8,lane_first,False,reduction:96,280,,,,,,,,,,,
163,18,194,194,328,194,0,8,lane_first,False,reduction:97,280,,,,,,,,,,,
163,18,195,195,328,195,0,8,lane_first,False,reduction:97,280,,,,,,,,,,,
163,18,196,196,328,196,0,8,lane_first,False,reduction:98,280,,,,,,,,,,,
163,18,197,197,328,197,0,8,lane_first,False,reduction:98,280,,,,,,,,,,,
163,18,198,198,328,198,0,8,lane_first,False,reduction:99,280,,,,,,,,,,,
163,18,199,199,328,199,0,8,lane_first,False,reduction:99,280,,,,,,,,,,,
163,18,200,200,328,200,0,8,lane_first,False,reduction:100,280,,,,,,,,,,,
163,18,201,201,328,201,0,8,lane_first,False,reduction:100,280,,,,,,,,,,,
163,18,202,202,328,202,0,8,lane_first,False,reduction:101,280,,,,,,,,,,,
163,18,203,203,328,203,0,8,lane_first,False,reduction:101,280,,,,,,,,,,,
163,18,204,204,328,204,0,8,lane_first,False,reduction:102,280,,,,,,,,,,,
163,18,205,205,328,205,0,8,lane_first,False,reduction:102,280,,,,,,,,,,,
163,18,206,206,328,206,0,8,lane_first,False,reduction:103,280,,,,,,,,,,,
163,18,207,207,328,207,0,8,lane_first,False,reduction:103,280,,,,,,,,,,,
163,18,208,208,328,208,0,8,lane_first,False,reduction:104,280,,,,,,,,,,,
163,18,209,209,328,209,0,8,lane_first,False,reduction:104,280,,,,,,,,,,,
163,18,210,210,328,210,0,8,lane_first,False,reduction:105,280,,,,,,,,,,,
163,18,211,211,328,211,0,8,lane_first,False,reduction:105,280,,,,,,,,,,,
163,18,212,212,328,212,0,8,lane_first,False,reduction:106,280,,,,,,,,,,,
163,18,213,213,328,213,0,8,lane_first,False,reduction:106,280,,,,,,,,,,,
163,18,214,214,328,214,0,8,lane_first,False,reduction:107,280,,,,,,,,,,,
163,18,215,215,328,215,0,8,lane_first,False,reduction:107,280,,,,,,,,,,,
163,18,216,216,328,216,0,8,lane_first,False,reduction:108,280,,,,,,,,,,,
163,18,217,217,328,217,0,8,lane_first,False,reduction:108,280,,,,,,,,,,,
163,18,218,218,328,218,0,8,lane_first,False,reduction:109,280,,,,,,,,,,,
163,18,219,219,328,219,0,8,lane_first,False,reduction:109,280,,,,,,,,,,,
163,18,220,220,328,220,0,8,lane_first,False,reduction:110,280,,,,,,,,,,,
163,18,221,221,328,221,0,8,lane_first,False,reduction:110,280,,,,,,,,,,,
163,18,222,222,328,222,0,8,lane_first,False,reduction:111,280,,,,,,,,,,,
163,18,223,223,328,223,0,8,lane_first,False,reduction:111,280,,,,,,,,,,,
163,18,224,224,328,224,0,8,lane_first,False,reduction:112,280,,,,,,,,,,,
163,18,225,225,328,225,0,8,lane_first,False,reduction:112,280,,,,,,,,,,,
163,18,226,226,328,226,0,8,lane_first,False,reduction:113,280,,,,,,,,,,,
163,18,227,227,328,227,0,8,lane_first,False,reduction:113,280,,,,,,,,,,,
163,18,228,228,328,228,0,8,lane_first,False,reduction:114,280,,,,,,,,,,,
163,18,229,229,328,229,0,8,lane_first,False,reduction:114,280,,,,,,,,,,,
163,18,230,230,328,230,0,8,lane_first,False,reduction:115,280,,,,,,,,,,,
163,18,231,231,328,231,0,8,lane_first,False,reduction:115,280,,,,,,,,,,,
163,18,232,232,328,232,0,8,lane_first,False,reduction:116,280,,,,,,,,,,,
163,18,233,233,328,233,0,8,lane_first,False,reduction:116,280,,,,,,,,,,,
163,18,234,234,328,234,0,8,lane_first,False,reduction:117,280,,,,,,,,,,,
163,18,235,235,328,235,0,8,lane_first,False,reduction:117,280,,,,,,,,,,,
163,18,236,236,328,236,0,8,lane_first,False,reduction:118,280,,,,,,,,,,,
163,18,237,237,328,237,0,8,lane_first,False,reduction:118,280,,,,,,,,,,,
163,18,238,238,328,238,0,8,lane_first,False,reduction:119,280,,,,,,,,,,,
163,18,239,239,328,239,0,8,lane_first,False,reduction:119,280,,,,,,,,,,,
163,18,240,240,328,240,0,8,lane_first,False,reduction:120,280,,,,,,,,,,,
163,18,241,241,328,241,0,8,lane_first,False,reduction:120,280,,,,,,,,,,,
163,18,242,242,328,242,0,8,lane_first,False,reduction:121,280,,,,,,,,,,,
163,18,243,243,328,243,0,8,lane_first,False,reduction:121,280,,,,,,,,,,,
163,18,244,244,328,244,0,8,lane_first,False,reduction:122,280,,,,,,,,,,,
163,18,245,245,328,245,0,8,lane_first,False,reduction:122,280,,,,,,,,,,,
163,18,246,246,328,246,0,8,lane_first,False,reduction:123,280,,,,,,,,,,,
163,18,247,247,328,247,0,8,lane_first,False,reduction:123,280,,,,,,,,,,,
163,18,248,248,328,248,0,8,lane_first,False,reduction:124,280,,,,,,,,,,,
163,18,249,249,328,249,0,8,lane_first,False,reduction:124,280,,,,,,,,,,,
163,18,250,250,328,250,0,8,lane_first,False,reduction:125,280,,,,,,,,,,,
163,18,251,251,328,251,0,8,lane_first,False,reduction:125,280,,,,,,,,,,,
163,18,252,252,328,252,0,8,lane_first,False,reduction:126,280,,,,,,,,,,,
163,18,253,253,328,253,0,8,lane_first,False,reduction:126,280,,,,,,,,,,,
163,18,254,254,328,254,0,8,lane_first,False,reduction:127,280,,,,,,,,,,,
163,18,255,255,328,255,0,8,lane_first,False,reduction:127,280,,,,,,,,,,,
163,18,256,256,328,256,0,8,lane_first,False,reduction:128,280,,,,,,,,,,,
163,18,257,257,328,257,0,9,lane_first,False,reduction:128,300,,,,,,,,,,,
163,18,258,258,328,258,0,9,lane_first,False,reduction:129,304,,,,,,,,,,,
163,18,259,259,328,259,0,9,lane_first,False,reduction:129,308,,,,,,,,,,,
163,18,260,260,328,260,0,9,lane_first,False,reduction:130,308,,,,,,,,,,,
163,18,261,261,328,261,0,9,lane_first,False,reduction:130,312,,,,,,,,,,,
163,18,262,262,328,262,0,9,lane_first,False,reduction:131,312,,,,,,,,,,,
163,18,263,263,328,263,0,9,lane_first,False,reduction:131,312,,,,,,,,,,,
163,18,264,264,328,264,0,9,lane_first,False,reduction:132,312,,,,,,,,,,,
163,18,265,265,328,265,0,9,lane_first,False,reduction:132,316,,,,,,,,,,,
163,18,266,266,328,266,0,9,lane_first,False,reduction:133,316,,,,,,,,,,,
163,18,267,267,328,267,0,9,lane_first,False,reduction:133,316,,,,,,,,,,,
163,18,268,268,328,268,0,9,lane_first,False,reduction:134,316,,,,,,,,,,,
163,18,269,269,328,269,0,9,lane_first,False,reduction:134,316,,,,,,,,,,,
163,18,270,270,328,270,0,9,lane_first,False,reduction:135,316,,,,,,,,,,,
163,18,271,271,328,271,0,9,lane_first,False,reduction:135,316,,,,,,,,,,,
163,18,272,272,328,272,0,9,lane_first,False,reduction:136,316,,,,,,,,,,,
163,18,273,273,328,273,0,9,lane_first,False,reduction:136,320,,,,,,,,,,,
163,18,274,274,328,274,0,9,lane_first,False,reduction:137,320,,,,,,,,,,,
163,18,275,275,328,275,0,9,lane_first,False,reduction:137,320,,,,,,,,,,,
163,18,276,276,328,276,0,9,lane_first,False,reduction:138,320,,,,,,,,,,,
163,18,277,277,328,277,0,9,lane_first,False,reduction:138,320,,,,,,,,,,,
163,18,278,278,328,278,0,9,lane_first,False,reduction:139,320,,,,,,,,,,,
163,18,279,279,328,279,0,9,lane_first,False,reduction:139,320,,,,,,,,,,,
163,18,280,280,328,280,0,9,lane_first,False,reduction:140,320,,,,,,,,,,,
163,18,281,281,328,281,0,9,lane_first,False,reduction:140,320,,,,,,,,,,,
163,18,282,282,328,282,0,9,lane_first,False,reduction:141,320,,,,,,,,,,,
163,18,283,283,328,283,0,9,lane_first,False,reduction:141,320,,,,,,,,,,,
163,18,284,284,328,284,0,9,lane_first,False,reduction:142,320,,,,,,,,,,,
163,18,285,285,328,285,0,9,lane_first,False,reduction:142,320,,,,,,,,,,,
163,18,286,286,328,286,0,9,lane_first,False,reduction:143,320,,,,,,,,,,,
163,18,287,287,328,287,0,9,lane_first,False,reduction:143,320,,,,,,,,,,,
163,18,288,288,328,288,0,9,lane_first,False,reduction:144,320,,,,,,,,,,,
163,18,289,289,328,289,0,9,lane_first,False,reduction:144,324,,,,,,,,,,,
163,18,290,290,328,290,0,9,lane_first,False,reduction:145,324,,,,,,,,,,,
163,18,291,291,328,291,0,9,lane_first,False,reduction:145,324,,,,,,,,,,,
163,18,292,292,328,292,0,9,lane_first,False,reduction:146,324,,,,,,,,,,,
163,18,293,293,328,293,0,9,lane_first,False,reduction:146,324,,,,,,,,,,,
163,18,294,294,328,294,0,9,lane_first,False,reduction:147,324,,,,,,,,,,,
163,18,295,295,328,295,0,9,lane_first,False,reduction:147,324,,,,,,,,,,,
163,18,296,296,328,296,0,9,lane_first,False,reduction:148,324,,,,,,,,,,,
163,18,297,297,328,297,0,9,lane_first,False,reduction:148,324,,,,,,,,,,,
163,18,298,298,328,298,0,9,lane_first,False,reduction:149,324,,,,,,,,,,,
163,18,299,299,328,299,0,9,lane_first,False,reduction:149,324,,,,,,,,,,,
163,18,300,300,328,300,0,9,lane_first,False,reduction:150,324,,,,,,,,,,,
163,18,301,301,328,301,0,9,lane_first,False,reduction:150,324,,,,,,,,,,,
163,18,302,302,328,302,0,9,lane_first,False,reduction:151,324,,,,,,,,,,,
163,18,303,303,328,303,0,9,lane_first,False,reduction:151,324,,,,,,,,,,,
163,18,304,304,328,304,0,9,lane_first,False,reduction:152,324,,,,,,,,,,,
163,18,305,305,328,305,0,9,lane_first,False,reduction:152,324,,,,,,,,,,,
163,18,306,306,328,306,0,9,lane_first,False,reduction:153,324,,,,,,,,,,,
163,18,307,307,328,307,0,9,lane_first,False,reduction:153,324,,,,,,,,,,,
163,18,308,308,328,308,0,9,lane_first,False,reduction:154,324,,,,,,,,,,,
163,18,309,309,328,309,0,9,lane_first,False,reduction:154,324,,,,,,,,,,,
163,18,310,310,328,310,0,9,lane_first,False,reduction:155,324,,,,,,,,,,,
163,18,311,311,328,311,0,9,lane_first,False,reduction:155,324,,,,,,,,,,,
163,18,312,312,328,312,0,9,lane_first,False,reduction:156,324,,,,,,,,,,,
163,18,313,313,328,313,0,9,lane_first,False,reduction:156,324,,,,,,,,,,,
163,18,314,314,328,314,0,9,lane_first,False,reduction:157,324,,,,,,,,,,,
163,18,315,315,328,315,0,9,lane_first,False,reduction:157,324,,,,,,,,,,,
163,18,316,316,328,316,0,9,lane_first,False,reduction:158,324,,,,,,,,,,,
163,18,317,317,328,317,0,9,lane_first,False,reduction:158,324,,,,,,,,,,,
163,18,318,318,328,318,0,9,lane_first,False,reduction:159,324,,,,,,,,,,,
163,18,319,319,328,319,0,9,lane_first,False,reduction:159,324,,,,,,,,,,,
163,18,320,320,328,320,0,9,lane_first,False,reduction:160,324,,,,,,,,,,,
163,18,321,321,328,321,0,9,lane_first,False,reduction:160,328,,,,,,,,,,,
163,18,322,322,328,322,0,9,lane_first,False,reduction:161,328,,,,,,,,,,,
163,18,323,323,328,323,0,9,lane_first,False,reduction:161,328,,,,,,,,,,,
163,18,324,324,328,324,0,9,lane_first,False,reduction:162,328,,,,,,,,,,,
163,18,325,325,328,325,0,9,lane_first,False,reduction:162,328,,,,,,,,,,,
163,18,326,326,328,326,0,9,lane_first,False,reduction:163,328,,,,,,,,,,,
163,18,327,327,328,327,0,9,lane_first,False,reduction:163,328,,,,,,,,,,,
163,18,328,328,328,328,0,9,lane_first,False,reduction:164,320,,,,,,,,,,,
