100000100100000100000001111000101001100100110100001101110010100010110100000010001010000001001110000011100011000001000101111100101000100100100000100000000101001011101010100000101010100000101010010001011110100101010110000000010011011001000000000000000000000000000000000000000000000000000000000000000000000000000000000000000000000000000000000000000000000000000000000000000000000000000000000000000000000000000000000000000000000000000000000000000000000000000000000000000
011111011111111111111111101111010110111111101011110111011111011111011011111111111101111110111001111110011110111111111011111111111111011111011111011111111011110100110111111111110101011111111111111111111011011010111111111111101111100110100000000000000000000000000000000000000000000000000000000000000000000000000000000000000000000000000000000000000000000000000000000000000000000000000000000000000000000000000000000000000000000000000000000000000000000000000000000000000
100100110000001010001011110111010111110011010111101101010100010000100100001010111100010011101011010111101101011111110101100010010100100000100101001001111101101100010001000000100001111111000000000010110011100010000111100100011010000110010000000000000000000000000000000000000000000000000000000000000000000000000000000000000000000000000000000000000000000000000000000000000000000000000000000000000000000000000000000000000000000000000000000000000000000000000000000000000
101000011001000000010000101010100000100100101000100001110100000000100100000000010100010010100111100001000001000100100100101001001000000000100000110100001000001010101001000001100000000000001111001100011000111001010000010010010000010110001000000000000000000000000000000000000000000000000000000000000000000000000000000000000000000000000000000000000000000000000000000000000000000000000000000000000000000000000000000000000000000000000000000000000000000000000000000000000
110111111111111111111111011101011111011111011111011110011111111111011111111111101111111101011010111110111111111011111011011111111111111111011111011111110111111111010110111111111111111111111110110111101111101111111111111111101111101010000100000000000000000000000000000000000000000000000000000000000000000000000000000000000000000000000000000000000000000000000000000000000000000000000000000000000000000000000000000000000000000000000000000000000000000000000000000000000
111110110110011001101011111111000110010000110000100001111100011000111101010001001100000011010011011100101001010000011100010111010111011000000100010000000111010111011110010101110010110000110000101010000110001001000110101110110011011110000010000000000000000000000000000000000000000000000000000000000000000000000000000000000000000000000000000000000000000000000000000000000000000000000000000000000000000000000000000000000000000000000000000000000000000000000000000000000
100100001101101010000001000010010010000000110000101110100111010000001100100001000001100011111111110100100100011001101100111111001101111100000011111101010011101010000010100110011001001011100000001101110100101011011000011000000110110100000001000000000000000000000000000000000000000000000000000000000000000000000000000000000000000000000000000000000000000000000000000000000000000000000000000000000000000000000000000000000000000000000000000000000000000000000000000000000
000100000011100000001000111100100010100110001010100000000010000100000000000000100010000010110000001010000100000010011010111110000010000100000010000000001001000010100001100010110000011100100011010100110001001000001000010001001000000000000000100000000000000000000000000000000000000000000000000000000000000000000000000000000000000000000000000000000000000000000000000000000000000000000000000000000000000000000000000000000000000000000000000000000000000000000000000000000
000000001010100000000000000000100110100000000010101001001000100000000000000010100100000101000010000010000001100110100101111100000010000000001010010000001000001010100100000001010000010010110001010100100000000000100100010011000000010000000000010000000000000000000000000000000000000000000000000000000000000000000000000000000000000000000000000000000000000000000000000000000000000000000000000000000000000000000000000000000000000000000000000000000000000000000000000000000
011111101000110111111010010010101000100111110011110010000011000101110111110110111011110001011100111101111010000101110001010110000100110110110101110101010101101101000111011010000011101111001101110001001110010000111111101011000111100110000000001000000000000000000000000000000000000000000000000000000000000000000000000000000000000000000000000000000000000000000000000000000000000000000000000000000000000000000000000000000000000000000000000000000000000000000000000000000
100011011111101010011111110011111111011100111100110101110111111111001010101001110011111111100011110001110111011001001100011101111101001001101111111010111010110101111010111111011111000010101111011111000000101111010001001101111101101100000000000100000000000000000000000000000000000000000000000000000000000000000000000000000000000000000000000000000000000000000000000000000000000000000000000000000000000000000000000000000000000000000000000000000000000000000000000000000
011000111010011010000110110011101110011010100111000010100110011110010000110101111101001100000001111101111000110000011101110010010011010010001110011100011111100000100100101011001111110111010111000001010001010101110011011100100001111110000000000010000000000000000000000000000000000000000000000000000000000000000000000000000000000000000000000000000000000000000000000000000000000000000000000000000000000000000000000000000000000000000000000000000000000000000000000000000
010011001111101110010111111101101011000011101001101000011011011111000101011011000110111110000110010001111111000010100100011100101001011000111001111011111010101011101100101100111101111000000011100010110110110110100011011000101001001110000000000001000000000000000000000000000000000000000000000000000000000000000000000000000000000000000000000000000000000000000000000000000000000000000000000000000000000000000000000000000000000000000000000000000000000000000000000000000
000000000001100001000001100010100000100100010010000010001101100000000000100000001001001000001000000000000001000010100000000010001000000000101010001010000100000000100001100100100001100000000010001000000001100000000000010001000001001010000000000000100000000000000000000000000000000000000000000000000000000000000000000000000000000000000000000000000000000000000000000000000000000000000000000000000000000000000000000000000000000000000000000000000000000000000000000000000
100000000001100100000010100010000000100000000010101010100101000000001000001000011000011110000000000001000000000000000001010010000000000001101110010000000000000100001000100100101001100000000011100110000110000000000000000000000001000100000000000000010000000000000000000000000000000000000000000000000000000000000000000000000000000000000000000000000000000000000000000000000000000000000000000000000000000000000000000000000000000000000000000000000000000000000000000000000
100001000001000101000000000011000100010000010000101010111100000000100100101000001000001110001000000010000000001110000000000000000000100000101000000000010000100000110000000000010101100010000001001000100001100000000000000000000000011110000000000000001000000000000000000000000000000000000000000000000000000000000000000000000000000000000000000000000000000000000000000000000000000000000000000000000000000000000000000000000000000000000000000000000000000000000000000000000
000000011010001011010100000100000100001010000000100000001001110010000010000000100010000000000001000001000000000000000000110110101000010000100000100000000110110100000010000100011000000010000101100010010000100000000100000101100010101000000000000000000100000000000000000000000000000000000000000000000000000000000000000000000000000000000000000000000000000000000000000000000000000000000000000000000000000000000000000000000000000000000000000000000000000000000000000000000
000001011010000011000000000100000100101100010010101000000001000010000000000100100010010001000011000001000000000000000000100100101000010110110000111000000100010100000000000100011000000010000111100010000000110000001110000010100110011000000000000000000010000000000000000000000000000000000000000000000000000000000000000000000000000000000000000000000000000000000000000000000000000000000000000000000000000000000000000000000000000000000000000000000000000000000000000000000
000010010011001011000100100000000000101110010000101100001001010010000000000100100010100100000010000000000000000000000000110010100000000010100000111000000000110100010010010100010000000100000011000110001001100000101000100100100010110000000000000000000001000000000000000000000000000000000000000000000000000000000000000000000000000000000000000000000000000000000000000000000000000000000000000000000000000000000000000000000000000000000000000000000000000000000000000000000
001001001000011001001100000100100000001000000110000000101000001000000011010111100000100000110100100000000000010001100101010000000110001001110001000000000000001001001000000100000000000000000010000000110100010011010000101000101010100000000000000000000000100000000000000000000000000000000000000000000000000000000000000000000000000000000000000000000000000000000000000000000000000000000000000000000000000000000000000000000000000000000000000000000000000000000000000000000
011001011000001000001100000100010110010010010000000000101010101000001000000010000100100000010000000000000100000001001000001010100100001001011001000010001010100100000100000100000101100010000000010000011100010000010010000000000000100000000000000000000000010000000000000000000000000000000000000000000000000000000000000000000000000000000000000000000000000000000000000000000000000000000000000000000000000000000000000000000000000000000000000000000000000000000000000000000
000011000000000000001000001010010000010100000110000000100000100000000000010010100101000000000000100100000000000001101000100010100110001010000011000000101000000101001100000110001000000110000000010000100010010110010100100000000010000000000000000000000000001000000000000000000000000000000000000000000000000000000000000000000000000000000000000000000000000000000000000000000000000000000000000000000000000000000000000000000000000000000000000000000000000000000000000000000
110000001000011001000000000100010100011100010110000001001010001000001011000111100001000000110100100100000100000001000101000000100000001011110001000000000000001101001111000110001001000010000010000000111010110100010110001000101000000000000000000000000000000100000000000000000000000000000000000000000000000000000000000000000000000000000000000000000000000000000000000000000000000000000000000000000000000000000000000000000000000000000000000000000000000000000000000000000
000000010000000000010001000100101000000100000110000000000010000000000110001001100110000001010100011000000000000000001101001000000010110000001000010000010001000000100000001000100000010100011100010000010000000100000011001100000001011000000000000000000000000010000000000000000000000000000000000000000000000000000000000000000000000000000000000000000000000000000000000000000000000000000000000000000000000000000000000000000000000000000000000000000000000000000000000000000
000000010000000000110000000000010000000100000100000000000010010001000001100010001010100001000100111000000001110000000000000000100010000001001000111000000100000001000100110000001100010100010100000110011100000100000000110000010100001000000000000000000000000001000000000000000000000000000000000000000000000000000000000000000000000000000000000000000000000000000000000000000000000000000000000000000000000000000000000000000000000000000000000000000000000000000000000000000
000000100000000000010001000101110000000100010000000000000001010001000011101000000000000100010000111000000000110000001100001000100010100000001010011000000000100000000000001000100110000000001000000110001000000000001010000000000101000000000000000000000000000000100000000000000000000000000000000000000000000000000000000000000000000000000000000000000000000000000000000000000000000000000000000000000000000000000000000000000000000000000000000000000000000000000000000000000
000000000000000000000000000000110000000000010100000000100011010000000100100011000101000000010100011000000001111100000100000000000010100000101110010000110100100000000000010000101000010100011000000000011000000100010001100000000001000000000000000000000000000000010000000000000000000000000000000000000000000000000000000000000000000000000000000000000000000000000000000000000000000000000000000000000000000000000000000000000000000000000000000000000000000000000000000000000
110000010100000010010100000000000001000100100010010000000010000001100111011001101000110000000000000101100001010100001000001001000000000110000100000100000001000000100000110100001001100000011100110001000001000011010000010010000000000010000000000000000000000000001000000000000000000000000000000000000000000000000000000000000000000000000000000000000000000000000000000000000000000000000000000000000000000000000000000000000000000000000000000000000000000000000000000000000
010001011000000010000000000000000011101000011000010000000011000000100011111100101000100010000100000100000000010000000000101000001000000110001110000000100001000010100010010110000001000000000100011001000001000001010100000010000110010010000000000000000000000000000100000000000000000000000000000000000000000000000000000000000000000000000000000000000000000000000000000000000000000000000000000000000000000000000000000000000000000000000000000000000000000000000000000000000
010000101000010000010000000000001010000100110010000000100001000001110011010000100100000010000000000000100000000100011000001001000000000000000000000100100001000011001110000000000000001000010000100001010000001011010100000010000100010010000000000000000000000000000010000000000000000000000000000000000000000000000000000000000000000000000000000000000000000000000000000000000000000000000000000000000000000000000000000000000000000000000000000000000000000000000000000000000
010000111100010000010000000000001000001000000000000000100010000001000111110100000000100010000100000001100001010100001000001000001010000010001010000000000001000011001010010110001101101000000010110000010000000011010100010010000010100100000000000000000000000000000001000000000000000000000000000000000000000000000000000000000000000000000000000000000000000000000000000000000000000000000000000000000000000000000000000000000000000000000000000000000000000000000000000000000
001100100100000100010100000000011010001010000000100100000000000000000000001000001000100000001000001000100000001000000001001001010110010101110000000001000000011100000100010000010000000010010000000000000100101010100001000000000010101100000000000000000000000000000000100000000000000000000000000000000000000000000000000000000000000000000000000000000000000000000000000000000000000000000000000000000000000000000000000000000000000000000000000000000000000000000000000000000
011000001100000010010010000000011000000000000000100110010000001000000000000000100000100000001001101001100000101000000001001101000010111001010100001010000000010100000100001100000100001000000000001000000110000010100000000001000010000000000000000000000000000000000000010000000000000000000000000000000000000000000000000000000000000000000000000000000000000000000000000000000000000000000000000000000000000000000000000000000000000000000000000000000000000000000000000000000
011010000100100010000110100000001010001100000000100100010000001010000000011000100000000000000001111000100000001100100000000000010000111000000100111001001010010000000000000000010100001011000001000000100001100010000000000001010000100000000000000000000000000000000000001000000000000000000000000000000000000000000000000000000000000000000000000000000000000000000000000000000000000000000000000000000000000000000000000000000000000000000000000000000000000000000000000000000
010000100000100110000000000000000000001110010000000010000000000000000110011100100000100000001000001001100000000100100000001100000010111111100100000001001001000100000100000100000000001000000001001100000110101010000000100000001000111100000000000000000000000000000000000100000000000000000000000000000000000000000000000000000000000000000000000000000000000000000000000000000000000000000000000000000000000000000000000000000000000000000000000000000000000000000000000000000
001010000100000100000110100000111100000110010000000010010000000010010010001000000000000000000001011001100000100000100000010000010010111000000000000000000000001100000000000100010000000010100001000000001111101000100001100000010000011000000000000000000000000000000000000010000000000000000000000000000000000000000000000000000000000000000000000000000000000000000000000000000000000000000000000000000000000000000000000000000000000000000000000000000000000000000000000000000
000001111000000100000000110001000110000000011001000000100000001001010000011100110100100010010110010011000100100000001000001000001010001010010100001000011001001100000000001000000100100000000000010001000000000000100010000000000100001100000000000000000000000000000000000001000000000000000000000000000000000000000000000000000000000000000000000000000000000000000000000000000000000000000000000000000000000000000000000000000000000000000000000000000000000000000000000000000
000001111101000000000101110001010000011000010010000011000000011101000011011001010001100010010000010011000100000000100000000000001011101010001100001000011010000000001101000000010100101100000010000001000001000010100000000000000000000000000000000000000000000000000000000000100000000000000000000000000000000000000000000000000000000000000000000000000000000000000000000000000000000000000000000000000000000000000000000000000000000000000000000000000000000000000000000000000
100101101100001000000101110000010010000000001000000001000000001000010010001001110001100010000010010000100000100000011000011000000001010000110000000101111000011000001001001000010100101000100000000000011000000010100010000100000000101100000000000000000000000000000000000000010000000000000000000000000000000000000000000000000000000000000000000000000000000000000000000000000000000000000000000000000000000000000000000000000000000000000000000000000000000000000000000000000
000101100101001000000001010000110010001000001000000001100000001101011000010000000001000010010000000010000000100000100000001111100010101000000100000001000011000000000000001000010000001100101000000100000000000010100000100100000100001000000000000000000000000000000000000000001000000000000000000000000000000000000000000000000000000000000000000000000000000000000000000000000000000000000000000000000000000000000000000000000000000000000000000000000000000000000000000000000
100100101000001100000101010000000010001000110010000011000000010001001000010100000001000010000100000010100100100000111000010110001000010010111100001101100010010000111000000000000000101000001000010101010001000010100000100100000000000100000000000000000000000000000000000000000100000000000000000000000000000000000000000000000000000000000000000000000000000000000000000000000000000000000000000000000000000000000000000000000000000000000000000000000000000000000000000000000
011001101101000001000000001000001011001000001000100110001100000000000000110100010000010110100000001000000000000100000101000100010110001010001100000000010000101000000100000000000011000110000000000001101100100000000000000000010010000000000000000000000000000000000000000000000010000000000000000000000000000000000000000000000000000000000000000000000000000000000000000000000000000000000000000000000000000000000000000000000000000000000000000000000000000000000000000000000
000011001101100001000000001000010000001000101100000000000101000100001000000000010100010110000100001000000001001001000000000010000100101010001100100111100000001000100001001100000011000110010000000101111001100010000000000010010110000010000000000000000000000000000000000000000001000000000000000000000000000000000000000000000000000000000000000000000000000000000000000000000000000000000000000000000000000000000000000000000000000000000000000000000000000000000000000000000
011000001100000001000000000000000001000001010000000110001101000100000000010100000100010100000101000000000010000000000100000100010010101000001100000110100000100000100000000100000000000110010000010100000001101110010000001010010110000000000000000000000000000000000000000000000000100000000000000000000000000000000000000000000000000000000000000000000000000000000000000000000000000000000000000000000000000000000000000000000000000000000000000000000000000000000000000000000
011000100001000001000000000000011010001011111000001010101101000000001000000100010100010100000101011000000011000101010001001010010110001000000000000011000000001000000001000100000001100010000011010110101000001110001000000000010000000010000000000000000000000000000000000000000000010000000000000000000000000000000000000000000000000000000000000000000000000000000000000000000000000000000000000000000000000000000000000000000000000000000000000000000000000000000000000000000
010010101101100000000010001000000011000001100000000110000001000000001000110000000000010110000001011000000011000100010101001101000000101000001100101100000000010000100001000000000000000110000011010001011100001010010000000010010110000000000000000000000000000000000000000000000000001000000000000000000000000000000000000000000000000000000000000000000000000000000000000000000000000000000000000000000000000000000000000000000000000000000000000000000000000000000000000000000
001100010001001000000010000001001010011000000000100110100000000111000000001000001000110000110010001000110000001010001011000100000000000010000000001000000101001000001100100000111011001101100100101000000000100010000001000001010000000010000000000000000000000000000000000000000000000100000000000000000000000000000000000000000000000000000000000000000000000000000000000000000000000000000000000000000000000000000000000000000000000000000000000000000000000000000000000000000
011100010010000100000010101010110001010000100000100010010000000100000000000100001000100100100010000000110000111010000011001100000000000000000000000000000100001000000000100001011011100101000000001000001001010010000000000000100000000000000000000000000000000000000000000000000000000010000000000000000000000000000000000000000000000000000000000000000000000000000000000000000000000000000000000000000000000000000000000000000000000000000000000000000000000000000000000000000
000100000001001100000010101000101001010000111000000000110000000111000000000101001010110000110010011000100000100000000100000010000100100100000000001000100100001000001101101001001010000101000100100000001001010001000000000000010000000010000000000000000000000000000000000000000000000001000000000000000000000000000000000000000000000000000000000000000000000000000000000000000000000000000000000000000000000000000000000000000000000000000000000000000000000000000000000000000
011100011000001000000010001011111000001000001000000100100000000011000000010101000000110000110000000000100100110010001010001111000101100010000000001000100000000000001101001000110010001100100000000000001000000001000000000001110000000000000000000000000000000000000000000000000000000000100000000000000000000000000000000000000000000000000000000000000000000000000000000000000000000000000000000000000000000000000000000000000000000000000000000000000000000000000000000000000
010100000010000000000010100001100000000000000000100100010000000111000000000001000010000100111000010000000000010000011111001010000100101100000000001000100101001000000001101001100011000100000100001000001000010010000100000000110000000010000000000000000000000000000000000000000000000000010000000000000000000000000000000000000000000000000000000000000000000000000000000000000000000000000000000000000000000000000000000000000000000000000000000000000000000000000000000000000
001000110100110100000000000000011101010101011000001000000010000110000011001000000010001000000100000110000000110000010010010000100110100010100001110000000001001100000010111100010100000101000001010000000001000000000010111010000010010010000000000000000000000000000000000000000000000000001000000000000000000000000000000000000000000000000000000000000000000000000000000000000000000000000000000000000000000000000000000000000000000000000000000000000000000000000000000000000
001001000110110100010000000000110101000001010101001000100110000110001110001000000000110011000000100000000000000000010011010001000010100000001001110000000011001000001010111000010100000100001001010001001000011000000010000010000000100000000000000000000000000000000000000000000000000000000100000000000000000000000000000000000000000000000000000000000000000000000000000000000000000000000000000000000000000000000000000000000000000000000000000000000000000000000000000000000
001101100000000000010100100000100001000101101101000001100000000010001011101100000000110011000001000110000000110000110010011000100000100010101000001000000010101010001010100100011100000100001101010000000001011001000100010010000000100000000000000000000000000000000000000000000000000000000010000000000000000000000000000000000000000000000000000000000000000000000000000000000000000000000000000000000000000000000000000000000000000000000000000000000000000000000000000000000
001000110010011000000100000000111001000000100100010001000100000100100011100000000010011010000001100010010010100000100010001001100000101010000001111000000010001000001000000000001000000100001000010001000011000001100010110010000000100010000000000000000000000000000000000000000000000000000001000000000000000000000000000000000000000000000000000000000000000000000000000000000000000000000000000000000000000000000000000000000000000000000000000000000000000000000000000000000
001100000110001100010000000000101100000001011001011001000000000100000011000000000000101010000100000000010010000000110000010000000110000000000000101000000011101110001000010000011100000001000100001001001011010001100110011010000000000110000000000000000000000000000000000000000000000000000000100000000000000000000000000000000000000000000000000000000000000000000000000000000000000000000000000000000000000000000000000000000000000000000000000000000000000000000000000000000
000000000000111100001000100111011101010101010001100110000000010001010011100000010000110000100000000000000001010000000001000000000000000000010100100100001000100100000000001000000100000010011000010000000000100001100001001000000000001000000000000000000000000000000000000000000000000000000000010000000000000000000000000000000000000000000000000000000000000000000000000000000000000000000000000000000000000000000000000000000000000000000000000000000000000000000000000000000
010000010010100100000000000001110010011000000001000000010000100001010111000000010000010000100011100100000001010000000010000000000001000011000100000100000000000100100000001001001100000011000010010000000001000001000100011100000000000000000000000000000000000000000000000000000000000000000000001000000000000000000000000000000000000000000000000000000000000000000000000000000000000000000000000000000000000000000000000000000000000000000000000000000000000000000000000000000
000000010010111100000000000000110100011101000000100110010000111000010110100000010000000000000001100000100000000000001011000000000000000010101111100000001000100100100010001001001000000011010010100000000001000000000111111100000100000000000000000000000000000000000000000000000000000000000000000100000000000000000000000000000000000000000000000000000000000000000000000000000000000000000000000000000000000000000000000000000000000000000000000000000000000000000000000000000
010001000010110000001000000100101010010101000000000110000000010001000100000000010000111000000011000100100001000000001001010000000000000001111011000100001000110000100010001000000100000000001000110000000000000001100011101100000000001100000000000000000000000000000000000000000000000000000000000010000000000000000000000000000000000000000000000000000000000000000000000000000000000000000000000000000000000000000000000000000000000000000000000000000000000000000000000000000
010101010010101000001000100111101010000111010000000010000000011000000100100000010000111000100010000101100000010000000001000000000000000000001100000100001000000000000010001001000000000010010000010000010000100001000100011000000100001000000000000000000000000000000000000000000000000000000000000001000000000000000000000000000000000000000000000000000000000000000000000000000000000000000000000000000000000000000000000000000000000000000000000000000000000000000000000000000
000000010100010000100100010011000000100100001000000001000000110100001000000010001110000000100000001100010001000010000011000000001000100000000011000000000010010100000000011010010100001001000000000010000000000000110010010000100001100110000000000000000000000000000000000000000000000000000000000000100000000000000000000000000000000000000000000000000000000000000000000000000000000000000000000000000000000000000000000000000000000000000000000000000000000000000000000000000
000000010100110000001000010011101000000100010000000000000000101100010000000000110010010000100010001000100101000110000010100000001001000000000000010000001010100110000100011010000100100001000000010010000000000010111000100000100001100100000000000000000000000000000000000000000000000000000000000000010000000000000000000000000000000000000000000000000000000000000000000000000000000000000000000000000000000000000000000000000000000000000000000000000000000000000000000000000
000010010000100000001100010001100000100100000000001000010001100000010001010000000110000000100000100000110101100010000111000000100001100100000001000000001100110001000000001110000101110001010000000110000000000000110001110000100001100110000000000000000000000000000000000000000000000000000000000000001000000000000000000000000000000000000000000000000000000000000000000000000000000000000000000000000000000000000000000000000000000000000000000000000000000000000000000000000
001000010000110000101000000111000000100100011000001000010000000000000001000000001010000000000000000000000101100010000000100001011001001100000000010000000110010111100000010110000000110000010000010010000000100010110001100100100001100000000000000000000000000000000000000000000000000000000000000000000100000000000000000000000000000000000000000000000000000000000000000000000000000000000000000000000000000000000000000000000000000000000000000000000000000000000000000000000
000000000100100000101000000010000000100100010000001001010001000010011001001011101010010000100000001100010100100010000110100001100000100100000000000000001000010001000100010010010001011001010000100011100000100000111000010000000001100110000000000000000000000000000000000000000000000000000000000000000010000000000000000000000000000000000000000000000000000000000000000000000000000000000000000000000000000000000000000000000000000000000000000000000000000000000000000000000
001000010100010000001100010001100000100000011000001000010001110000001000001011000000010000100010101000100000000110000010101000101001001010000001010000001100100100100000011010010001100001000000100001100000000010001001100000100000100010000000000000000000000000000000000000000000000000000000000000000001000000000000000000000000000000000000000000000000000000000000000000000000000000000000000000000000000000000000000000000000000000000000000000000000000000000000000000000
100110000000000011000001000010000000100100000000100100010110000100000000000000100010001011001010100100000001000000110000000100100001000000001000100000110000000000101100001000000000000100100000111000010010100000000100000000100001010000000000000000000000000000000000000000000000000000000000000000000000100000000000000000000000000000000000000000000000000000000000000000000000000000000000000000000000000000000000000000000000000000000000000000000000000000000000000000000
011110000000010011000001000000010010100111000000100000000110000100010100000000100010000001100010101100101011000011100000000000000010100000001010110000010000000000100000011010000010000101100000001001010001000000010110000000110110000000000000000000000000000000000000000000000000000000000000000000000000010000000000000000000000000000000000000000000000000000000000000000000000000000000000000000000000000000000000000000000000000000000000000000000000000000000000000000000
001100010000011010001001000000110001100010000001000000010100010100000100000000100000000000100000111100001011000101100000000100101010000110000000110000101010000010001000001010000100000101000000000101010010010000000011000001110110000000000000000000000000000000000000000000000000000000000000000000000000001000000000000000000000000000000000000000000000000000000000000000000000000000000000000000000000000000000000000000000000000000000000000000000000000000000000000000000
100100010000001010001000000010100010101000000001000100010110000100000100100000100010001000101010001000101010000000000001000100100001000110000000010000001000000010100100011010000110000100100000001001010001000000010111100101000110010000000000000000000000000000000000000000000000000000000000000000000000000100000000000000000000000000000000000000000000000000000000000000000000000000000000000000000000000000000000000000000000000000000000000000000000000000000000000000000
110100000000010001100000000000000010000110010000100000010100000100010000100000000000001000101010100000111000000001100001100100101001100100000010110000000000000010000000000000000000000100100000101100000011100000000110000001100011000000000000000000000000000000000000000000000000000000000000000000000000000010000000000000000000000000000000000000000000000000000000000000000000000000000000000000000000000000000000000000000000000000000000000000000000000000000000000000000
101100010000011000000000000011100010100111010001100100000000010000000000000000100010001000000010101100100010000111010001000100001000000010001010100000101010000000100000010010000100000101000000010001000001000000010100000100110011000000000000000000000000000000000000000000000000000000000000000000000000000001000000000000000000000000000000000000000000000000000000000000000000000000000000000000000000000000000000000000000000000000000000000000000000000000000000000000000
000011000010001010110101111000100100110110000000000000010000100111110110100000000000000000100011000110010000010000000101000010001000011000000000000001010000010010000011000100100100000110010000000010000000000100111000000000011010000010000000000000000000000000000000000000000000000000000000000000000000000000100000000000000000000000000000000000000000000000000000000000000000000000000000000000000000000000000000000000000000000000000000000000000000000000000000000000000
010010011000000000000000110000100000000111000000010000000010100101111000100000000001110000110011000011110000000001001100010000100000010000010000000101010100011000010001001001100100010110010100001100010010000000001000100010010100000000000000000000000000000000000000000000000000000000000000000000000000000000010000000000000000000000000000000000000000000000000000000000000000000000000000000000000000000000000000000000000000000000000000000000000000000000000000000000000
000001011000001000010000111010100100010001000100010010000010000110011010000000101001101000011000000011110000000001000011010010100001001000010001000101010000010000010011001100100100000110010100100010010010000011100000100000010100000010000000000000000000000000000000000000000000000000000000000000000000000000001000000000000000000000000000000000000000000000000000000000000000000000000000000000000000000000000000000000000000000000000000000000000000000000000000000000000
010011000010000000001001010000000000110101000000010000010010000110110010100000001001011001000010010010010000010000000011010010000000011000000000000001010000001010010010000100100100010100010100001110000010000101101000100010011100000000000000000000000000000000000000000000000000000000000000000000000000000000000100000000000000000000000000000000000000000000000000000000000000000000000000000000000000000000000000000000000000000000000000000000000000000000000000000000000
010000001010001010010000101000100000100010000000000000010000100000101000000000001000100001000010010001010010010001001101000000001000000000010000000100000100000010010011001101000000000010010000100010000010000100110000000010000100000010000000000000000000000000000000000000000000000000000000000000000000000000000010000000000000000000000000000000000000000000000000000000000000000000000000000000000000000000000000000000000000000000000000000000000000000000000000000000000
000001011000001010101000001010000100000001000100000010010010100010000100100000001000101000010010000110010010010001000101010000101000001000010001000100000000011010010011000101100100011011000100101010010010000011001000100000001110000010000000000000000000000000000000000000000000000000000000000000000000000000000001000000000000000000000000000000000000000000000000000000000000000000000000000000000000000000000000000000000000000000000000000000000000000000000000000000000
011011000100100101010000110000001000000110100000000010001000000011000000000101010000000001010110010000010000100001000001001000100010100000000100110100001101000100000010100100110000001100000110110000100000000000000000000000001000010110000000000000000000000000000000000000000000000000000000000000000000000000000000100000000000000000000000000000000000000000000000000000000000000000000000000000000000000000000000000000000000000000000000000000000000000000000000000000000
000001000000100001010101010000000000000110100100000110001100000011110000000100110000000000010000000000110000001011000000000001000010000000101100110110000101000000000000100010001000000000000000010000000000000000000000000000000000000000000000000000000000000000000000000000000000000000000000000000000000000000000000010000000000000000000000000000000000000000000000000000000000000000000000000000000000000000000000000000000000000000000000000000000000000000000000000000000
000010000000000100000001100001001000000000000000001110000000000001111001000101110000000001010000011000100001000001000001000001000000100000100000010110111111000101000000000110010000000100001100110001100100000000000000000011001000000100000000000000000000000000000000000000000000000000000000000000000000000000000000001000000000000000000000000000000000000000000000000000000000000000000000000000000000000000000000000000000000000000000000000000000000000000000000000000000
000010000100100001010101010011000000000000100100000000001000001000011100000001110000000000000000010000100001100001000000101001100000000000100000001010110100000001000110000110111100011100000100010001100000000000001010000010001000010000000000000000000000000000000000000000000000000000000000000000000000000000000000000100000000000000000000000000000000000000000000000000000000000000000000000000000000000000000000000000000000000000000000000000000000000000000000000000000
011011000000100000000100000001001000000010100000001100000100010011111001000101010000000100010110010000010001000001000001101000000010100000000000000000111001000000000100100110001100001000000110010000000000000000000010000001000000000110000000000000000000000000000000000000000000000000000000000000000000000000000000000010000000000000000000000000000000000000000000000000000000000000000000000000000000000000000000000000000000000000000000000000000000000000000000000000000
001001000000000101010001010010000000000010000100001110000100011000110101000101100000000101000000000000010001100000000000101000100000100000001100101110000101000000000000100000110100001000000100010000000100000000001010000011000000010110000000000000000000000000000000000000000000000000000000000000000000000000000000000001000000000000000000000000000000000000000000000000000000000000000000000000000000000000000000000000000000000000000000000000000000000000000000000000000
000011010000000001101000000001000100100000000100100001010000111100010000000010000110101000000000000010110000000000011101100000001110001100000000000001001011001000101000000010010000100100000001001000010101000101000101100111000011000100000000000000000000000000000000000000000000000000000000000000000000000000000000000000100000000000000000000000000000000000000000000000000000000000000000000000000000000000000000000000000000000000000000000000000000000000000000000000000
000001101000000001000000001000000000110010000101101101000101000000010000000010100000000000100010100001010001000000011101100000010110000100101010000000111011001100000010000001000000110100000011001001001010100101000000000011000110000000000000000000000000000000000000000000000000000000000000000000000000000000000000000000010000000000000000000000000000000000000000000000000000000000000000000000000000000000000000000000000000000000000000000000000000000000000000000000000
000011110010000000101000000110000110010000001000100001010100100000010010000000100010100000000010000001010001000001000101100100010000001000000010000001001000001100101010000011000000000001100011001001011111100101000000100111010011010000000000000000000000000000000000000000000000000000000000000000000000000000000000000000001000000000000000000000000000000000000000000000000000000000000000000000000000000000000000000000000000000000000000000000000000000000000000000000000
000011000011000100101000000111000110110000000000101000000100111000000000000100100110111000100000100000110001000010010100000000010100000100101000000001100011000000010010000010010000110101000010000001101100000001000100000001010100010100000000000000000000000000000000000000000000000000000000000000000000000000000000000000000100000000000000000000000000000000000000000000000000000000000000000000000000000000000000000000000000000000000000000000000000000000000000000000000
000001110010000000001000000011000110100010001000101011010000111100000010000110000000010000000010100001010001000011011101100000000000000100001000000001001000000000000000000011000000100100000011000000100000100101000000100111010000000000000000000000000000000000000000000000000000000000000000000000000000000000000000000000000010000000000000000000000000000000000000000000000000000000000000000000000000000000000000000000000000000000000000000000000000000000000000000000000
000010100000000100001000001001000100110010000001101001010000011100000000000110000010101000000010100011110001000011001000100000000100001100000010001000011011001100101000001000010000000100000010101001110001000000000101100001000110000000000000000000000000000000000000000000000000000000000000000000000000000000000000000000000001000000000000000000000000000000000000000000000000000000000000000000000000000000000000000000000000000000000000000000000000000000000000000000000
000110000000010000001010001001000000011000100100110100000100000000010001110000000000100000000000100001110011000010101001101000001000001101010100100000110001001100100000000001010000000010000110011100000001000000100011000100000000000100000000000000000000000000000000000000000000000000000000000000000000000000000000000000000000100000000000000000000000000000000000000000000000000000000000000000000000000000000000000000000000000000000000000000000000000000000000000000000
000010010011001000000010000000000001000000100000100111011100000000000000011100110000000000001000000000010011000001010000001000001001001001000101000100110100001101101010100101011000010010000001010000000010000000100011010000000100000100000000000000000000000000000000000000000000000000000000000000000000000000000000000000000000010000000000000000000000000000000000000000000000000000000000000000000000000000000000000000000000000000000000000000000000000000000000000000000
100000100011010000011010001001000000001100010110100111010000000000000000100000000100101000001000101000001000100010010100101010001001001001000001101010100100101000000010000100000001010010010101010101000000000010110001110000000010000000000000000000000000000000000000000000000000000000000000000000000000000000000000000000000000001000000000000000000000000000000000000000000000000000000000000000000000000000000000000000000000000000000000000000000000000000000000000000000
000000110010001000011000001000000001010100010110010001000001000100011000001100000100100000000000000000010110110001010000100000000001000000001111101000000000100000000000000100010000010010000010000001000010000000010010100000000101101000000000000000000000000000000000000000000000000000000000000000000000000000000000000000000000000100000000000000000000000000000000000000000000000000000000000000000000000000000000000000000000000000000000000000000000000000000000000000000
100110010000001000001010001000000011001100110110111101011101000100010000011100100100001000001000100000001101110001000001100010000000001001001010100010110101101001001010000000001001000010010101011100000011000100110000110000000010100000000000000000000000000000000000000000000000000000000000000000000000000000000000000000000000000010000000000000000000000000000000000000000000000000000000000000000000000000000000000000000000000000000000000000000000000000000000000000000
100000110001001000001010000000000001011000000100010000001000000100000001100000110100100000000100101000110001100001010101101010000001001101001100001000110100000011000000000100000100010000010000001000000000000000110000100000000110001000000000000000000000000000000000000000000000000000000000000000000000000000000000000000000000000001000000000000000000000000000000000000000000000000000000000000000000000000000000000000000000000000000000000000000000000000000000000000000
000010001010000000000010000000000010000010001000110110000100001000000110000110000010010100001011000100000000010100100010000110001000000000000001010101000011000000000100000001000010001100000000010000000000100101100000001000001000011000000000000000000000000000000000000000000000000000000000000000000000000000000000000000000000000000100000000000000000000000000000000000000000000000000000000000000000000000000000000000000000000000000000000000000000000000000000000000000
010110101000010000000110000001001000001010100000110000000000000000010110010110100000010000001001000000100000000010100010000001001001000010001000100101000100100000010010000000100000000010100100011000001000000000000000101010101000001100000000000000000000000000000000000000000000000000000000000000000000000000000000000000000000000000010000000000000000000000000000000000000000000000000000000000000000000000000000000000000000000000000000000000000000000000000000000000000
010100100010000000000110000001001000001010100000100010000000001000010010000001100010010101000110000000000000010111000010000010001100000011001000000000000100100000010000000101101000101001100000011001101000100010100000011010001000110000000000000000000000000000000000000000000000000000000000000000000000000000000000000000000000000000001000000000000000000000000000000000000000000000000000000000000000000000000000000000000000000000000000000000000000000000000000000000000
000110100010000000000010000000001010100000001000010000000000000000010100010011000010010001001000000000000001000000000010000100011100000011000001010100000000000000000010000000101010010100000110111001100000100001100000110000100001110000000000000000000000000000000000000000000000000000000000000000000000000000000000000000000000000000000100000000000000000000000000000000000000000000000000000000000000000000000000000000000000000000000000000000000000000000000000000000000
010010100010000001000100000001000000100000000010010100000100000000010110010000000010000101000110000100000001010101000000000111000100000011000001010000000100100000010100010001101000001000100100100000001000000101000000100000000000100000000000000000000000000000000000000000000000000000000000000000000000000000000000000000000000000000000010000000000000000000000000000000000000000000000000000000000000000000000000000000000000000000000000000000000000000000000000000000000
010100101010000001000110000001000000100010000010100010000100000000010100010011100010000100000010000100000001000101100000010110011100000010000000000000000110100000010110000011000000111101000010100001000000000011100000001000100001000100000000000000000000000000000000000000000000000000000000000000000000000000000000000000000000000000000001000000000000000000000000000000000000000000000000000000000000000000000000000000000000000000000000000000000000000000000000000000000
100010100000000101010010001100000000010010101000001000101000101000010100000101100001010001100000001000000000100000100010000100110001001100100001010001001000000010100110000011000000000000100000000000000101000010001000001010000001100000000000000000000000000000000000000000000000000000000000000000000000000000000000000000000000000000000000100000000000000000000000000000000000000000000000000000000000000000000000000000000000000000000000000000000000000000000000000000000
100111100000001001000000001000000000010011101001000001100000000000000100100001000000010000000000000000000000000000000010000000110100001000110100001000001000100010100110000001000001101000110000000000000100001100101000001011000000000000000000000000000000000000000000000000000000000000000000000000000000000000000000000000000000000000000000010000000000000000000000000000000000000000000000000000000000000000000000000000000000000000000000000000000000000000000000000000000
000110000000001100000001001000000000000000010101011100000100001010010100000101000100000001000100001001000000010000100010100000000001011000010010011000001000100010000010000001000001100000100000001000000001000000001000001000000000100000000000000000000000000000000000000000000000000000000000000000000000000000000000000000000000000000000000001000000000000000000000000000000000000000000000000000000000000000000000000000000000000000000000000000000000000000000000000000000
100010010000001111010011000000000000000011000100110101101100101000000000100100100001010000101000000001100000100000100000000100000001011000100000000000000000100000000110000010000000101000101000000000000101000010101000001011000000110000000000000000000000000000000000000000000000000000000000000000000000000000000000000000000000000000000000000100000000000000000000000000000000000000000000000000000000000000000000000000000000000000000000000000000000000000000000000000000
100100010000001011010011000000000000000000011000001000001100001010000000000101100101000000101100001000100000110000000000000000110000001000010100010000010000101000000100000001000000000000011000001000000100001000001000000000000000010000000000000000000000000000000000000000000000000000000000000000000000000000000000000000000000000000000000000010000000000000000000000000000000000000000000000000000000000000000000000000000000000000000000000000000000000000000000000000000
100110000000001101110000000000000000000010001001001101001100000000010000000101100000010001101000001001000001110000001000000000000000010000110111101001011000100010100100000000000000000000001000001000000101000010001100001001010001010000000000000000000000000000000000000000000000000000000000000000000000000000000000000000000000000000000000000001000000000000000000000000000000000000000000000000000000000000000000000000000000000000000000000000000000000000000000000000000
010000100100000000000001000000000101001000010000000110110001000000000101001001011011011001000001001000010110000001000110010001100000000000100001100100110011010100000000001011000010011000000001000100010101010100001000000000010000000000000000000000000000000000000000000000000000000000000000000000000000000000000000000000000000000000000000000000100000000000000000000000000000000000000000000000000000000000000000000000000000000000000000000000000000000000000000000000000
010100100100000010010001000000010001100000011100000000010000000000001101000100010010001001001001100000110100000001000010000001000000000000001001000111000010100100010001011011010010001010000001000000000101100100010000000000000100001000000000000000000000000000000000000000000000000000000000000000000000000000000000000000000000000000000000000000010000000000000000000000000000000000000000000000000000000000000000000000000000000000000000000000000000000000000000000000000
010000100000000011000001000000010001101000001100000000100000000000011111000001010001000010001000000001000000000001000010010000000000010000100000100010000010100000000001000000011000010010000111000000010011100100011000000010010100000000000000000000000000000000000000000000000000000000000000000000000000000000000000000000000000000000000000000000001000000000000000000000000000000000000000000000000000000000000000000000000000000000000000000000000000000000000000000000000
110100100110000001010000000000010000000000011000000010100001000000001010000001001000001000001000001001000110000000110110000001000000010000101011000001110010010100100001010010010001010000000101000000011111001000010000000010010100001000000000000000000000000000000000000000000000000000000000000000000000000000000000000000000000000000000000000000000100000000000000000000000000000000000000000000000000000000000000000000000000000000000000000000000000000000000000000000000
100100100000000001010000000000010100000000001100000010100001000000010100000100000001000000000101000000110100000001010010000000100000010000000010100001101001100100011000000000010010011010001001000000010001111100001000000010010100000000000000000000000000000000000000000000000000000000000000000000000000000000000000000000000000000000000000000000000010000000000000000000000000000000000000000000000000000000000000000000000000000000000000000000000000000000000000000000000
100101100110000011010000000000000001001000011100000110010001000000011000001100011010001001001101100001010000000001100000000000000000000000100001000000101001010000011000000010011110101010000110000100001001100100010000000000000000001000000000000000000000000000000000000000000000000000000000000000000000000000000000000000000000000000000000000000000001000000000000000000000000000000000000000000000000000000000000000000000000000000000000000000000000000000000000000000000
000000101100110000000010000001100010000010100010000000001010100100110000000001000010000001000000100110110101101011000000010011010001010000101000001101101010000101111101011000011010000000110100010000000000000000000010000100010001000010000000000000000000000000000000000000000000000000000000000000000000000000000000000000000000000000000000000000000000100000000000000000000000000000000000000000000000000000000000000000000000000000000000000000000000000000000000000000000
000000101101110010100101000001100010100110100010000000011100100000100000001100011000100100000010101000100010101100000001000001000001010000000000010101001010110111001111110000000010000010001101000000000000010010000000000001110000000000000000000000000000000000000000000000000000000000000000000000000000000000000000000000000000000000000000000000000000010000000000000000000000000000000000000000000000000000000000000000000000000000000000000000000000000000000000000000000
000000101011110000111111000101100000000000000000000000010000100000100000001110001000000101000000101110000110010001001000010001000000010010100000011000101000000111100001000000001000100011101100010010000100000010000001000000010001000010000000000000000000000000000000000000000000000000000000000000000000000000000000000000000000000000000000000000000000001000000000000000000000000000000000000000000000000000000000000000000000000000000000000000000000000000000000000000000
000001101111100001101101000101100000000100100010000000001000000100010100010100011000000000000010100110010100001110000001010001000010010000001000010101101000110000001111000000000000000001011100010010000000010000000011000000011010000000000000000000000000000000000000000000000000000000000000000000000000000000000000000000000000000000000000000000000000000100000000000000000000000000000000000000000000000000000000000000000000000000000000000000000000000000000000000000000
100001101010000011101101100101110000000110100000000000001000000100110000011001010000000100000000000000110111111011001001000010000000000001101000000001100000100110000110000000011010000001111001000010000100010010000000000000111010000000000000000000000000000000000000000000000000000000000000000000000000000000000000000000000000000000000000000000000000000010000000000000000000000000000000000000000000000000000000000000000000000000000000000000000000000000000000000000000
100001001011100001001000100100000000100100000010000000010110000000000000011111001000000100000000000100110010101010001001000010010000010011001000010001101110110010110010001000011000100010100001010010000000010000000011000001100011000000000000000000000000000000000000000000000000000000000000000000000000000000000000000000000000000000000000000000000000000001000000000000000000000000000000000000000000000000000000000000000000000000000000000000000000000000000000000000000
000001000101010010001011100001111000100100100000000000010110100100010100010011011010100100000000101000010011001101001000000010000011000010101000011000101010000110001000011000011000100000101101010010000000000000000010000000110001000000000000000000000000000000000000000000000000000000000000000000000000000000000000000000000000000000000000000000000000000000100000000000000000000000000000000000000000000000000000000000000000000000000000000000000000000000000000000000000
001100000000001100010000110101001011010000100010000011100001000001100010000000000000000101011001000100011000000100010100100000000000011000100001000000011110000010110011000010001000010011000110000000001101010000000000001001010001110000000000000000000000000000000000000000000000000000000000000000000000000000000000000000000000000000000000000000000000000000010000000000000000000000000000000000000000000000000000000000000000000000000000000000000000000000000000000000000
001100001010000000001000000110001011000000000000000010001000010001000111100000110000000100101001000000000000000000101100000100000000010000000000010000010010101011100000000000001000010011000000001010100100001100001000001001000000000010000000000000000000000000000000000000000000000000000000000000000000000000000000000000000000000000000000000000000000000000001000000000000000000000000000000000000000000000000000000000000000000000000000000000000000000000000000000000000
010000001000100101011000110000000000010000100000000001000000011011100101000000000000000111010001100000000000000000101100100000010010001000100001010010010000101000110011010010001000000011000101000000100110000100001000000001101001000010000000000000000000000000000000000000000000000000000000000000000000000000000000000000000000000000000000000000000000000000000100000000000000000000000000000000000000000000000000000000000000000000000000000000000000000000000000000000000
011100000000101000001000110101000000010000000010000000000001000011000011000000110000000001010001000000010000000000110100000100000010010000100000000010011010001000010000000010000000010001100110001000100001010100000000001001011001110000000000000000000000000000000000000000000000000000000000000000000000000000000000000000000000000000000000000000000000000000000010000000000000000000000000000000000000000000000000000000000000000000000000000000000000000000000000000000000
000100000000100101011000110100000001000000000010100011100000001011100011000010100010000111110000100100010000000000011100100100010000011000000000100000011000000010000000010000001000010110100111000000000001010100000000001000111000000000000000000000000000000000000000000000000000000000000000000000000000000000000000000000000000000000000000000000000000000000000001000000000000000000000000000000000000000000000000000000000000000000000000000000000000000000000000000000000
011100001000100101001000100110000001000000100010100011100001011000000011000010000010000111011001100000011000000100101100100000000010000000000001110010010000101000110001000010001000010100100101001000000000001000001000001000111001011010000000000000000000000000000000000000000000000000000000000000000000000000000000000000000000000000000000000000000000000000000000100000000000000000000000000000000000000000000000000000000000000000000000000000000000000000000000000000000
000100000000101000000000100011000001000000100010100001001000011010100001100010100010000110000001100000010000000100001000000000010000011000100000110010011110001000010001010000000000010011000100000010001100010000000000001000110000000000000000000000000000000000000000000000000000000000000000000000000000000000000000000000000000000000000000000000000000000000000000010000000000000000000000000000000000000000000000000000000000000000000000000000000000000000000000000000000
010000101001010000000000110101100000001110011000110000100100000000000000001011100110010000000000010000000000101110000001001000011000001101000010000110001100000000000000000000000011001001000001000000000101001000000000110100001100000100000000000000000000000000000000000000000000000000000000000000000000000000000000000000000000000000000000000000000000000000000000001000000000000000000000000000000000000000000000000000000000000000000000000000000000000000000000000000000
000000101010110000010010000101100000000001011010010100101000000101001001011000000011000000000100000000000100000010010000100000000000101000000010010000001000000000000001000010000001001001100101000000000101000010000000000100101100000100000000000000000000000000000000000000000000000000000000000000000000000000000000000000000000000000000000000000000000000000000000000100000000000000000000000000000000000000000000000000000000000000000000000000000000000000000000000000000
010100101011110000010010100100100001000001010000111100000100000101000101011010100110000000001100010011000100100010000001100000011100010101001010010100010000000000000000000000000011001000000100001001000000001000000000100000000000000000000000000000000000000000000000000000000000000000000000000000000000000000000000000000000000000000000000000000000000000000000000000010000000000000000000000000000000000000000000000000000000000000000000000000000000000000000000000000000
010100101010100000000000000001000001000010000010010000101100000001001001000010100010000000000110000000000100100110010100101000000000010000001000000100011100000000000001000010000000000000100001000000010000000010000000010000100101000000000000000000000000000000000000000000000000000000000000000000000000000000000000000000000000000000000000000000000000000000000000000001000000000000000000000000000000000000000000000000000000000000000000000000000000000000000000000000000
010100000001100000010010100000100001000100001010011000001000000110000001001011000110010010001010000000000000100100000101000000001100110000001010000110000000010000000000100010000001000000100100001000010101001000000000010000100000000000000000000000000000000000000000000000000000000000000000000000000000000000000000000000000000000000000000000000000000000000000000000000100000000000000000000000000000000000000000000000000000000000000000000000000000000000000000000000000
000000100001100000000010010000100001001101010010100000101000000011000001011011100101000010000110010011000010100010000101000000010100011101001010010110010100010000000000100000000010000001100001000001010101001000000000100000001100000000000000000000000000000000000000000000000000000000000000000000000000000000000000000000000000000000000000000000000000000000000000000000010000000000000000000000000000000000000000000000000000000000000000000000000000000000000000000000000
000000100001110000000010110101000000001110000010101100000100000000000000000010000011010010001010010010000010101000000001101000011000001101001000010110001000000000000001100010000011000000100001000001010101001010000000100000101101000000000000000000000000000000000000000000000000000000000000000000000000000000000000000000000000000000000000000000000000000000000000000000001000000000000000000000000000000000000000000000000000000000000000000000000000000000000000000000000
010000000001000011110010000100001110000110101011100000000000001100101000000110000000010011010000100001010001110001010001010101101011100000100000000000010100000101000010100100001011000001011000001100000100010001000000000100011110001100000000000000000000000000000000000000000000000000000000000000000000000000000000000000000000000000000000000000000000000000000000000000000100000000000000000000000000000000000000000000000000000000000000000000000000000000000000000000000
010000000011000000010110000001000110011000111010100000000010000001000000100100000000010001000000100000010001000010000000000110101000000010000000011001000100010101000010100000011010000101010000000110000101010100001000000100110010101100000000000000000000000000000000000000000000000000000000000000000000000000000000000000000000000000000000000000000000000000000000000000000010000000000000000000000000000000000000000000000000000000000000000000000000000000000000000000000
010000000110000010100100000001001110001000111000100000000010000101101000111110100100010010011000000001011010000001010000010000001100000010100000010000010100011101000011100100101010000100010000001100000111010100001010000000110100001100000000000000000000000000000000000000000000000000000000000000000000000000000000000000000000000000000000000000000000000000000000000000000001000000000000000000000000000000000000000000000000000000000000000000000000000000000000000000000
000000000000000011010110000101000110010110011001000000000000000101101000110110000100010011010000100001010001110010010000010111100011000010100000000001000110011101000011100101000011010000011000000110000100010000000000000100100010000100000000000000000000000000000000000000000000000000000000000000000000000000000000000000000000000000000000000000000000000000000000000000000000100000000000000000000000000000000000000000000000000000000000000000000000000000000000000000000
010000000010000001100010000101000000000000111000100000000010000000000000100010000000010011000000000001000010010011000000010011101010100000000000010000010000000101000011100101111001000000000000001100000101000100000010000100111110101100000000000000000000000000000000000000000000000000000000000000000000000000000000000000000000000000000000000000000000000000000000000000000000010000000000000000000000000000000000000000000000000000000000000000000000000000000000000000000
000000000001000010010010000101000100010100000011000000000010000101000000111010000100001011000000100000001001010010000001001100100110100010000000000001000010011001000000000100001011000000000100101100100100010000001010000100111000000100000000000000000000000000000000000000000000000000000000000000000000000000000000000000000000000000000000000000000000000000000000000000000000001000000000000000000000000000000000000000000000000000000000000000000000000000000000000000000
010000000110000011110100000100000000011010101000000000000000001001001000011000100000000001000000100001001000000010010000001000100001100010100000011000000010000001000000000000011001000101001100100110000001010001000010000100101110101000000000000000000000000000000000000000000000000000000000000000000000000000000000000000000000000000000000000000000000000000000000000000000000000100000000000000000000000000000000000000000000000000000000000000000000000000000000000000000
000000000001000011100100000000000010001100000110000100000001010010001000010010011001100000000000001000010001000000000001000100000000111001001010000000000000000000101000001000000000101000000000000001000000000110000011010000011000101100000000000000000000000000000000000000000000000000000000000000000000000000000000000000000000000000000000000000000000000000000000000000000000000010000000000000000000000000000000000000000000000000000000000000000000000000000000000000000
000000000000000011100100001100001000101000100010000100000000010000011000000000110000010110000000000000011001001000000101000011000000110000011011110000000000100101001000111010100111101000000000000001000100001111000001010101011000001100000000000000000000000000000000000000000000000000000000000000000000000000000000000000000000000000000000000000000000000000000000000000000000000001000000000000000000000000000000000000000000000000000000000000000000000000000000000000000
000000100000000000000000000101001010100000000100001000000000100000001000010010010101010100000011000000001001001000001101000011000000001000010110010001100000110111001010101010100110001000000000001000010100110000000011100101001001000000000000000000000000000000000000000000000000000000000000000000000000000000000000000000000000000000000000000000000000000000000000000000000000000000100000000000000000000000000000000000000000000000000000000000000000000000000000000000000
000000100001000001100100000000001000001010000000000000000000000010000000010010010101001110000001001000011000000000001100000100000000110001010110000000110100000100100010101000000000000000000000001000010100111111000011000100011001100000000000000000000000000000000000000000000000000000000000000000000000000000000000000000000000000000000000000000000000000000000000000000000000000000010000000000000000000000000000000000000000000000000000000000000000000000000000000000000
000000101000000001100000001001001000000010000010001000000001010000011000010010010001010110000011000000011001001000001001000101000000100001000100000001100000110010001000011000000000001000100000001001010100101110000000010101010001000000000000000000000000000000000000000000000000000000000000000000000000000000000000000000000000000000000000000000000000000000000000000000000000000000001000000000000000000000000000000000000000000000000000000000000000000000000000000000000
000000001001000001100100001100001010100110100100000000000000110000000000000010101100011110000000001000011001001000001100000100000000010001010011110000010000000010101000100010010111001000100000001001000000010111000001110100011010100000000000000000000000000000000000000000000000000000000000000000000000000000000000000000000000000000000000000000000000000000000000000000000000000000000100000000000000000000000000000000000000000000000000000000000000000000000000000000000
000000000000000010010000001001001000101010100010000100000000100010000000010010001100111100000001001000000000000000000001000000000000010001011100000000110100010000001010001010100111101000000000000001000000011111000000010101010011001000000000000000000000000000000000000000000000000000000000000000000000000000000000000000000000000000000000000000000000000000000000000000000000000000000010000000000000000000000000000000000000000000000000000000000000000000000000000000000
000000001000111000000001001100000000101011000100000100011000100001001000001000000110001000000000000001000101001011000000000001011100110010000100001001000000101110000110000010010100010000000100000010000100010000010010000001100001100000000000000000000000000000000000000000000000000000000000000000000000000000000000000000000000000000000000000000000000000000000000000000000000000000000001000000000000000000000000000000000000000000000000000000000000000000000000000000000
010000100000001000010000010100000000000000000000000100010001100001001000011100110100011000000000000001000001001011000101001000010110010100000000001001011000100110001100010010101101010000000000000100000100000010001010100001100001100100000000000000000000000000000000000000000000000000000000000000000000000000000000000000000000000000000000000000000000000000000000000000000000000000000000100000000000000000000000000000000000000000000000000000000000000000000000000000000
000000001000010000010000001100000000001000000100001100111000000001000000100001000000001010000000000000000101000001000110100000010000000010000001000001001100101010000010010010101101010000001000000100000000010000001010000000100001100000000000000000000000000000000000000000000000000000000000000000000000000000000000000000000000000000000000000000000000000000000000000000000000000000000000010000000000000000000000000000000000000000000000000000000000000000000000000000000
000000101000100000010001001000000000100000000000000000101000000001000000101100000110011010100000100000010101000011000000101000011110011110000000000001011000000000000010010010100001000000001000000010000100010010001000000000100000100100000000000000000000000000000000000000000000000000000000000000000000000000000000000000000000000000000000000000000000000000000000000000000000000000000000001000000000000000000000000000000000000000000000000000000000000000000000000000000
000000001000000000010001010100000000001010000000000000010000100000000000101111110000010000100000110011010000001010000110101001001010011110000000000001010000000100001100010000111001010000000100000000000000000010011010101000100001000000000000000000000000000000000000000000000000000000000000000000000000000000000000000000000000000000000000000000000000000000000000000000000000000000000000000100000000000000000000000000000000000000000000000000000000000000000000000000000
011000101000110000010000010000000000000000001000001100000000100001000000110000000110000000000000100010010101000001000110101000010110011000000001001001000100001010000010010000001001010000001000000000000100010010000010001001100001000100000000000000000000000000000000000000000000000000000000000000000000000000000000000000000000000000000000000000000000000000000000000000000000000000000000000010000000000000000000000000000000000000000000000000000000000000000000000000000
010000100000010000010000000000000000001000000100000100101001100000000000000011010110000010100000010001000000000000000110000000011010100110000000001001001000000000000100010000101100000000001100000110000000010000010000000000100000100100000000000000000000000000000000000000000000000000000000000000000000000000000000000000000000000000000000000000000000000000000000000000000000000000000000000001000000000000000000000000000000000000000000000000000000000000000000000000000
100100000010101110000110000100010010000000000000100001000101010000001010010011000001000101100000000010101010000010010100000001001100000000100000000000100001100000010000100000000011000010010000010000000000000000000001010100001010000000000000000000000000000000000000000000000000000000000000000000000000000000000000000000000000000000000000000000000000000000000000000000000000000000000000000000100000000000000000000000000000000000000000000000000000000000000000000000000
000100000100100000001000010100100001010000000000010001000000100001001000010011000001000001000001000010000010000001011100000001000100000000000001000000100001000100100000010100001000000001010100000000100010000000000001010100000000000000000000000000000000000000000000000000000000000000000000000000000000000000000000000000000000000000000000000000000000000000000000000000000000000000000000000000010000000000000000000000000000000000000000000000000000000000000000000000000
101000001010100110000100010100100111010000000010000000000101110001001000010011001001000101100000000000100000010001010000110000001110000000100001001000000000000101000100010010001001000001000100110110101111000000101001000000011000000000000000000000000000000000000000000000000000000000000000000000000000000000000000000000000000000000000000000000000000000000000000000000000000000000000000000000001000000000000000000000000000000000000000000000000000000000000000000000000
100000000000000100001100010100000101010100000010100001000001000011001010000000000001000100000000000010101000000010011000110101000010000000100000000000000001100100011100100110001010000001000000111100001100010000000000010100010000000000000000000000000000000000000000000000000000000000000000000000000000000000000000000000000000000000000000000000000000000000000000000000000000000000000000000000000100000000000000000000000000000000000000000000000000000000000000000000000
101000001010001010001000010100100001010100000010000000000000110010001000010011010001000101100000000010000010000010000100010001100110000000000000000000000000000000101000000110000000000000010100011010100000000000100010010100111000010000000000000000000000000000000000000000000000000000000000000000000000000000000000000000000000000000000000000000000000000000000000000000000000000000000000000000000010000000000000000000000000000000000000000000000000000000000000000000000
101010001000000010000000000000100110000000000000010001000101010001000010010010001001000101000001000010100010000001000100110100000010000000100001000000000001000001011000000110000001000010000000000101100010000000101000000000110000000000000000000000000000000000000000000000000000000000000000000000000000000000000000000000000000000000000000000000000000000000000000000000000000000000000000000000000001000000000000000000000000000000000000000000000000000000000000000000000
101110000010100010001010000100010100010000000000110001000101110010000000010000011000000000100001000000101010010010001000100000000010000000100001001000000001100000100100000010001001000001000000111011101111010000000011000000001010010000000000000000000000000000000000000000000000000000000000000000000000000000000000000000000000000000000000000000000000000000000000000000000000000000000000000000000000100000000000000000000000000000000000000000000000000000000000000000000
001000010100000011101000001011011000000010001000100111000101011010001101001000010000101101100000100010000001000001000010000001100111001000110000010000100000000100000000110000000000001010000001001110000101000000001000110000100000000000000000000000000000000000000000000000000000000000000000000000000000000000000000000000000000000000000000000000000000000000000000000000000000000000000000000000000000010000000000000000000000000000000000000000000000000000000000000000000
000100010100000010000000000011010000000010100001000111010000000010011010010000000001000100000111100010000000000010000000000011001110000000000000010010100000000100110000010010000010001000101001001100000101000001000111010000000001000010000000000000000000000000000000000000000000000000000000000000000000000000000000000000000000000000000000000000000000000000000000000000000000000000000000000000000000001000000000000000000000000000000000000000000000000000000000000000000
000000000100000011000000001011100100000000100001100110000100011000010101001010000001101101100010000000000000000110000000011000000111001000000010000011100010000000110000010000000000001010001000001001011101000000010010010000100000001010000000000000000000000000000000000000000000000000000000000000000000000000000000000000000000000000000000000000000000000000000000000000000000000000000000000000000000000100000000000000000000000000000000000000000000000000000000000000000
001000000000100101100000000101100001001100101000000101000000000000011000001000000001100100100110100100000001000110000010001001000111000000110000010111000000000100010000110000000010000001101001001101001101000001010010010000000000010010000000000000000000000000000000000000000000000000000000000000000000000000000000000000000000000000000000000000000000000000000000000000000000000000000000000000000000000010000000000000000000000000000000000000000000000000000000000000000
000100011000000110100000000011100001010100000001100001000001010000000000000000010000101000100110000110000010000101000010001010100111001000110010000110000000000000010001000010000010000010000000000111001101000101001110100000000001010010000000000000000000000000000000000000000000000000000000000000000000000000000000000000000000000000000000000000000000000000000000000000000000000000000000000000000000000001000000000000000000000000000000000000000000000000000000000000000
000000000100101101001000001011000001000110000001100011010100010010010010011010000000000101000101000100000001000011000010010001100111001000110000010101100000000100000001100000100010000011101000011101010100000000000001110000100000001010000000000000000000000000000000000000000000000000000000000000000000000000000000000000000000000000000000000000000000000000000000000000000000000000000000000000000000000000100000000000000000000000000000000000000000000000000000000000000
001000011000001000101000001011100100011010101000100101000000011000000100010000010001101000100010100000000000000110000010010010101011000000100010000000100010000000110001010000000000001011000001010001001000000000010011000000100000001010000000000000000000000000000000000000000000000000000000000000000000000000000000000000000000000000000000000000000000000000000000000000000000000000000000000000000000000000010000000000000000000000000000000000000000000000000000000000000
000010010001001001011110011000101100100001001001000000000001000000001010001001000100000010100000000100011010000000110011110010001000100010010000001001000000000001001001000100110001000000010100100110000000010001000001001100000000010100000000000000000000000000000000000000000000000000000000000000000000000000000000000000000000000000000000000000000000000000000000000000000000000000000000000000000000000000001000000000000000000000000000000000000000000000000000000000000
010010000000000010000011111000101100100001100000000001010001000010001000000001000000000000100000000000011000000011001110010000001000000010010000001001001100000001000000000100010001000000000100100110100000010000101000101000000000000100000000000000000000000000000000000000000000000000000000000000000000000000000000000000000000000000000000000000000000000000000000000000000000000000000000000000000000000000000100000000000000000000000000000000000000000000000000000000000
000000000100000001000010000010101100000000001010000001000000000000000000001000000011000010000000010100010010000000101011010010001000001100010010001001100000000001001010000100010001010000000000110100000000000001100000100000100000011100000000000000000000000000000000000000000000000000000000000000000000000000000000000000000000000000000000000000000000000000000000000000000000000000000000000000000000000000000010000000000000000000000000000000000000000000000000000000000
011010000101000011011100101000001000000000100011000000010001000010001010001000000000000010100000110100001000100000010110100010000000001010000010001011010000000001000010000100100000000000000001100100100000010001001001101100100000010000000000000000000000000000000000000000000000000000000000000000000000000000000000000000000000000000000000000000000000000000000000000000000000000000000000000000000000000000000001000000000000000000000000000000000000000000000000000000000
011000000100000000001000011000000000100000101001000000010000100100000000001000000110000000100000100100010000101000110011100000001000000110010000000100011000000000001011010110000001010000010100100110000000010100100001001000100000001000000000000000000000000000000000000000000000000000000000000000000000000000000000000000000000000000000000000000000000000000000000000000000000000000000000000000000000000000000000100000000000000000000000000000000000000000000000000000000
000010010101001010011110011000000100000001101011000000000000000110000011001000000011000000100000000000000010000010111001100010001000100010010010000111000010000001000001010010000000010000000000010000100000010101001000100100100000000000000000000000000000000000000000000000000000000000000000000000000000000000000000000000000000000000000000000000000000000000000000000000000000000000000000000000000000000000000000010000000000000000000000000000000000000000000000000000000
000000000000000000001101011000001100100001100000000001010000100000000001000001000100000000000000100000001000101011100011110001000000001010000010000101100110000001001010010110110001000000000000110110100000010101101001100100100000010000000000000000000000000000000000000000000000000000000000000000000000000000000000000000000000000000000000000000000000000000000000000000000000000000000000000000000000000000000000001000000000000000000000000000000000000000000000000000000
110001100000001000100010000000010000000100000000000011000100000000010000000000000000100110100010000011001000100010000010110000100000000100001001000001000000101011000001100101000100101000000000001100011010001001010001001010001111101000000000000000000000000000000000000000000000000000000000000000000000000000000000000000000000000000000000000000000000000000000000000000000000000000000000000000000000000000000000000100000000000000000000000000000000000000000000000000000
000011000000101000100011000000000000010100010010110000000110000100100000010010000000110000101100000011111100100000000100010001001101000000101000000000000000100010010001110101001100001000001000000100010100001001010001100000001001000000000000000000000000000000000000000000000000000000000000000000000000000000000000000000000000000000000000000000000000000000000000000000000000000000000000000000000000000000000000000010000000000000000000000000000000000000000000000000000
011010000000000001000001000000000000100110010000110011000110000000110001000010000000010000001110000011010100001010001010101001111101000000100000000010000000000000010000000011001000001000000000000000101010001000001000000000001000000000000000000000000000000000000000000000000000000000000000000000000000000000000000000000000000000000000000000000000000000000000000000000000000000000000000000000000000000000000000000001000000000000000000000000000000000000000000000000000
100000000100001001100011000010010000110100000010110011000110000000110001000011000000100100001010000010001000100010000110001001010100100000000000000001000100000011100000010100001000000000001010001000010000000001010001100000000010100000000000000000000000000000000000000000000000000000000000000000000000000000000000000000000000000000000000000000000000000000000000000000000000000000000000000000000000000000000000000000100000000000000000000000000000000000000000000000000
001000000000100001100010000000010000010000010000010011000100000010100001000010000000010000101010000011011000101010001110000000111001100000101000000001000100101001110001100101000100101000001010001000101110001011001000001000001010100000000000000000000000000000000000000000000000000000000000000000000000000000000000000000000000000000000000000000000000000000000000000000000000000000000000000000000000000000000000000000010000000000000000000000000000000000000000000000000
011010000100100001010001000000010000000010010000000001000100000100100000000011000000100110100110000010010000101010001100010001100001100100101000000010000100000000000000000011000000000000001000001100001100001001010000001010001101100000000000000000000000000000000000000000000000000000000000000000000000000000000000000000000000000000000000000000000000000000000000000000000000000000000000000000000000000000000000000000001000000000000000000000000000000000000000000000000
010000100000101000110010000000000000100100000010000000000110000110110000000000000000000000101000010011010100101010001100001001101101000000001001000010000000101010100000100010000000101000000000000100101110000000011000101000000111100000000000000000000000000000000000000000000000000000000000000000000000000000000000000000000000000000000000000000000000000000000000000000000000000000000000000000000000000000000000000000000100000000000000000000000000000000000000000000000
000000000000110000000010010000000110000110001001101000000000000000100000100001010010011011001001110000000001000000010000100011000000000110101100100000000110010011001000101101000000000000100000000000000000000001000100001010010000010000000000000000000000000000000000000000000000000000000000000000000000000000000000000000000000000000000000000000000000000000000000000000000000000000000000000000000000000000000000000000000010000000000000000000000000000000000000000000000
000010000000010000001010010000000110011010001001000000011100000000100000100000010011011001100011010000001010011000001001110000000000000101010010110000000110000000001000010000000000000010000000000001000000100101010010001010001001010000000000000000000000000000000000000000000000000000000000000000000000000000000000000000000000000000000000000000000000000000000000000000000000000000000000000000000000000000000000000000000001000000000000000000000000000000000000000000000
100010000000100011001000001010010000010110001001001100011000010000100010100001000000011010000001110100000001001100001000100001100000000110011110000000000110000111001000111101000001000010000010000001000000111000010100000010101000010010000000000000000000000000000000000000000000000000000000000000000000000000000000000000000000000000000000000000000000000000000000000000000000000000000000000000000000000000000000000000000000100000000000000000000000000000000000000000000
100010000000010001001011010000011010011010001001010000010100000000000010100001000010011011001101101000000010001100011000000001000001000001100100011000000000010110000000110101000000000000000000000001000000110010110000001001001000010000000000000000000000000000000000000000000000000000000000000000000000000000000000000000000000000000000000000000000000000000000000000000000000000000000000000000000000000000000000000000000000010000000000000000000000000000000000000000000
100000000000110011001110001000011010010000001001011000011100000000100010000001000001001010101111001110000011001100000001010111100000000000000100011000000110000110000000110000000001000000101010000001000000111001100100001010000000000010000000000000000000000000000000000000000000000000000000000000000000000000000000000000000000000000000000000000000000000000000000000000000000000000000000000000000000000000000000000000000000001000000000000000000000000000000000000000000
000010000000110000001001000000000100011010001001101100011000000000000010000000000001000000100011111110001001011000000001000110100000000101001110000000000010000101000000000000000000000000000000000000000000000000000010001010000000000010000000000000000000000000000000000000000000000000000000000000000000000000000000000000000000000000000000000000000000000000000000000000000000000000000000000000000000000000000000000000000000000100000000000000000000000000000000000000000
000010100001110000001010001000011001011101000001101100001000000000000000000001000010011001000111011110001001011000001001010111100001000011110010010000000010000110001000110000000001000010000010100000000000110000000000001000111000010010000000000000000000000000000000000000000000000000000000000000000000000000000000000000000000000000000000000000000000000000000000000000000000000000000000000000000000000000000000000000000000000010000000000000000000000000000000000000000
000000100100100000000000001001001100001000100001000000101000000000000000010101000000000001101001010000000000010011000100000000000110010010100001000100001100001001000000001001100000101010100000010000100100000001100001001001000000101100000000000000000000000000000000000000000000000000000000000000000000000000000000000000000000000000000000000000000000000000000000000000000000000000000000000000000000000000000000000000000000000001000000000000000000000000000000000000000
001011100100100000100001010000111010111000110011000000000000000001100000010010000000000001110100110101001000010001000000001010000100010010000011000000001100010001000000011000100001001010000001000000110100000000001000000001000000101000000000000000000000000000000000000000000000000000000000000000000000000000000000000000000000000000000000000000000000000000000000000000000000000000000000000000000000000000000000000000000000000000100000000000000000000000000000000000000
000010100000000000100010000001001000001001110010000000001000000000110001100110100000000011100100001100000000010011001000001110001010000000000000000100011000010000000000010001000000001001110001010000101100000001101000001010000000100100000000000000000000000000000000000000000000000000000000000000000000000000000000000000000000000000000000000000000000000000000000000000000000000000000000000000000000000000000000000000000000000000010000000000000000000000000000000000000
000011100100000000000000011000001100101001000011001000101001000100110011100001100000000010001100001100000000010010001100001110001110000000100001000001001100000000000001000000100001101000110000010000001100000001000001001000000000001100000000000000000000000000000000000000000000000000000000000000000000000000000000000000000000000000000000000000000000000000000000000000000000000000000000000000000000000000000000000000000000000000001000000000000000000000000000000000000
001010100000000000000010010000111000000000010011001000000000001100010011100000100000000000010000010001001000000000000000001110000100110000100000010000001000011000010000001001000000100000010100000000010000000001110001001000000000100100000000000000000000000000000000000000000000000000000000000000000000000000000000000000000000000000000000000000000000000000000000000000000000000000000000000000000000000000000000000000000000000000000100000000000000000000000000000000000
001000000100100000000000001000111110111000110011001000000001000000110000100100000000000001001100110000001000000000000000001110000000010010100000010101010000000000010000011001100000001010010001000000111000000001111001000010100000100000000000000000000000000000000000000000000000000000000000000000000000000000000000000000000000000000000000000000000000000000000000000000000000000000000000000000000000000000000000000000000000000000000010000000000000000000000000000000000
000011110100000000100000000001101000010001010000000000100001001001100000000111100000000001111000011000001000000011000000001110000100110010100000000000010100001001000000000000000001100000110001010000011000000001000000001000000000101100000000000000000000000000000000000000000000000000000000000000000000000000000000000000000000000000000000000000000000000000000000000000000000000000000000000000000000000000000000000000000000000000000001000000000000000000000000000000000
100100000000000000100001001000000000001001000001010110100000101000010100100001001110100000000001001010010100100000101100001010010001000000000100110011000000000011001000000100010001000100000010110000010000001011001000100001000001000000000000000000000000000000000000000000000000000000000000000000000000000000000000000000000000000000000000000000000000000000000000000000000000000000000000000000000000000000000000000000000000000000000000100000000000000000000000000000000
000110000001011010100000000000001000101000000001000000000000111100010100100001001010100000010001001000010100000000101100001101010001010011000100010001000000000101000000001100010000000110000110000100000000010000000000100000001011001000000000000000000000000000000000000000000000000000000000000000000000000000000000000000000000000000000000000000000000000000000000000000000000000000000000000000000000000000000000000000000000000000000000010000000000000000000000000000000
100010001001001000000000000000001000100000000100000111100000000100010100000000011010011000000000001010000000010000101000000110010001011010000000000001000000000000010001001100000000000000000000000000000100001010000000110001100000001000000000000000000000000000000000000000000000000000000000000000000000000000000000000000000000000000000000000000000000000000000000000000000000000000000000000000000000000000000000000000000000000000000000001000000000000000000000000000000
100010000000000000000001001000000000101001000001011001100000000100010100100000010110111000010001100000010010110000001100000000000010011011000000010000000100000000011001000110000001100110000110010100000100010000000000100001000010001000000000000000000000000000000000000000000000000000000000000000000000000000000000000000000000000000000000000000000000000000000000000000000000000000000000000000000000000000000000000000000000000000000000000100000000000000000000000000000
000100001001001010000001000000001001100001000100011110000000001100010100000000000110101000000000100000010100000000000100000110000000011000000000010001000000100001000001000000110001000110000110010000000000011011000000010001100000000000000000000000000000000000000000000000000000000000000000000000000000000000000000000000000000000000000000000000000000000000000000000000000000000000000000000000000000000000000000000000000000000000000000000010000000000000000000000000000
100111001000000010100001000000000000101000000100000111000000100000000000000001010010010000000100110000010010100000001000000101010010011010000100000011001100100110001000001110000001100100000100111000010000001010001000100001100010000000000000000000000000000000000000000000000000000000000000000000000000000000000000000000000000000000000000000000000000000000000000000000000000000000000000000000000000000000000000000000000000000000000000000001000000000000000000000000000
100110001001001000000001000000000001001000000001000001100000010000010100100000001110000000000001000000000100010000001100000101010010001000000000100001001100000011000000001000100000100010000100110000010000001001001000110001100011000000000000000000000000000000000000000000000000000000000000000000000000000000000000000000000000000000000000000000000000000000000000000000000000000000000000000000000000000000000000000000000000000000000000000000100000000000000000000000000
100100001010110100000001000100000111000000000000000001001010100101001001100100101000001000000100000000100100001111001000100001100001000110000000000110000000100001100010100001000000011000000000000000000010010000000100010000010010011000000000000000000000000000000000000000000000000000000000000000000000000000000000000000000000000000000000000000000000000000000000000000000000000000000000000000000000000000000000000000000000000000000000000000010000000000000000000000000
101000010001110100010001000100100101010000000010000001000100001001001010000000001000110010101000000000100001100010100000100010000000000111000000100000100001100000101000100100000000011000011000000000100010000000010101010010010110001110000000000000000000000000000000000000000000000000000000000000000000000000000000000000000000000000000000000000000000000000000000000000000000000000000000000000000000000000000000000000000000000000000000000000001000000000000000000000000
000100001000010000010001000100100110000000000110000000001110101000001000000000001000000000001000000100000101100111101000001001101000010010000100100011000000000011000101000000000000100000011000000000010010110000000100001000000110110010000000000000000000000000000000000000000000000000000000000000000000000000000000000000000000000000000000000000000000000000000000000000000000000000000000000000000000000000000000000000000000000000000000000000000100000000000000000000000
000100010010010100010001000000000010000000000010100001100110100001001011100100100000101001000100000100100101111011000000000001101001000000000100100000000000101001100001100101000000110000001000000010100000010000010100000000000110101110000000000000000000000000000000000000000000000000000000000000000000000000000000000000000000000000000000000000000000000000000000000000000000000000000000000000000000000000000000000000000000000000000000000000000010000000000000000000000
001000001010100100010100000000000001010000000100000000100000101100001000000100001000100010101100000000000101100001000000100001010001110110000100000000100001000100100001100001000000001000010000000010100010000000010011011000010010011100000000000000000000000000000000000000000000000000000000000000000000000000000000000000000000000000000000000000000000000000000000000000000000000000000000000000000000000000000000000000000000000000000000000000000001000000000000000000000
000100000001010100000000000000000011000000000000000000000010100100001010110100000000010000001100100000100001110000001000100010000000010110000000010010000000100101100101000101000000011000000000000000010010000000010000010000010010110110000000000000000000000000000000000000000000000000000000000000000000000000000000000000000000000000000000000000000000000000000000000000000000000000000000000000000000000000000000000000000000000000000000000000000000100000000000000000000
101000000010000100010001000100100101000000000110000001001100100001001001100000100000101010001100000000100001000101100000100000111001100110000100101000100001001100000011100000000000101000001000000010010000100000000111011000000000110010000000000000000000000000000000000000000000000000000000000000000000000000000000000000000000000000000000000000000000000000000000000000000000000000000000000000000000000000000000000000000000000000000000000000000000010000000000000000000
000000110100000010000010000000010001000010000000000010001011000100100010000000000000100100010010101010000101010000010000010000101000000100000101101010000010000001001100000001011001000100000001000000000000010000000000001000001110000010000000000000000000000000000000000000000000000000000000000000000000000000000000000000000000000000000000000000000000000000000000000000000000000000000000000000000000000000000000000000000000000000000000000000000000001000000000000000000
000000100101011000000010000000000001001000000000010000000010000111001000010000000001100000000100100001011000000000000000010000101000000000111011001110000000000001010100000001000101000010001001000000000000011100000100111000011110010010000000000000000000000000000000000000000000000000000000000000000000000000000000000000000000000000000000000000000000000000000000000000000000000000000000000000000000000000000000000000000000000000000000000000000000000100000000000000000
100001010011011010000010000000000001000010000000010100001010000001001010000000000000101000000110101011011101010110010000010000001011001000001001100000010000000000001100000101011000000110000001000000100000010100000000011000011100000000000000000000000000000000000000000000000000000000000000000000000000000000000000000000000000000000000000000000000000000000000000000000000000000000000000000000000000000000000000000000000000000000000000000000000000000010000000000000000
100001000101011010000010000000010001001010000000000110000001000010100010000000100001000100010010000010000100011000000000010010000001000000010010000000010000000000000000000000011001000100000000000000000000001100000100000010001000010000000000000000000000000000000000000000000000000000000000000000000000000000000000000000000000000000000000000000000000000000000000000000000000000000000000000000000000000000000000000000000000000000000000000000000000000001000000000000000
000000010010001010000010000000010000001000000000010110001010000011010011000000000001100000000110100011000101001011010001010000101011001100100000100110010000000001011100000000010100000110000000000000100000001000000100111010000110000000000000000000000000000000000000000000000000000000000000000000000000000000000000000000000000000000000000000000000000000000000000000000000000000000000000000000000000000000000000000000000000000000000000000000000000000000100000000000000
110001100101000000000000000000000000000010000000010100001010000010010000010000100001000100000010000001001100010011000001000000100010000100101001000100010000000001000000000100011100000010001001000000000000010000000100010000001000010000000000000000000000000000000000000000000000000000000000000000000000000000000000000000000000000000000000000000000000000000000000000000000000000000000000000000000000000000000000000000000000000000000000000000000000000000010000000000000
100000110111011010000000000000010001000010000000000000001010000011011011010000100000100100000000100001000000010111000000010010000001000000110111101000000010000001010100000000011100000100001001000000100000000000000100011010000110000010000000000000000000000000000000000000000000000000000000000000000000000000000000000000000000000000000000000000000000000000000000000000000000000000000000000000000000000000000000000000000000000000000000000000000000000000001000000000000
000000000000001001000001000000000000000000000000000001000001010000000000101010000001000010001001110000110000000100001000000101000010100000001000000000000011000000010000010000000001000000111100100111010110000110110000001000100000101000000000000000000000000000000000000000000000000000000000000000000000000000000000000000000000000000000000000000000000000000000000000000000000000000000000000000000000000000000000000000000000000000000000000000000000000000000100000000000
000000000000000001000000100000010000010000110000000001110010110000100010000100000001000000101001010000000011000101001110001001000010000001010000000000010001010001010000011100000000001010100000100101010110100110001000001010100000100000000000000000000000000000000000000000000000000000000000000000000000000000000000000000000000000000000000000000000000000000000000000000000000000000000000000000000000000000000000000000000000000000000000000000000000000000000010000000000
000000000010000101000001100001010000000001000001100001110010000000000011111000000100010011000001000000100000000001000000000101010000000000011001000010010011010010000000000000000010101000100000000010010010000000101000000000000000000000000000000000000000000000000000000000000000000000000000000000000000000000000000000000000000000000000000000000000000000000000000000000000000000000000000000000000000000000000000000000000000000000000000000000000000000000000001000000000
000000000010000001000001100010010000000001010000001001100011010000100011110110000101000001000000000000000001000000000100001101000000000000001001000000010000000010000000001000000000110010000100000010011110000100010000001000000000101000000000000000000000000000000000000000000000000000000000000000000000000000000000000000000000000000000000000000000000000000000000000000000000000000000000000000000000000000000000000000000000000000000000000000000000000000000000100000000
000000000110001101000101100011000000011001000001100001010000100000100011010110000101000000000000100000010000000100000000000001010100100001011001000010000001010000000000001100000000000010111000000000010010000000001000000010100000001000000000000000000000000000000000000000000000000000000000000000000000000000000000000000000000000000000000000000000000000000000000000000000000000000000000000000000000000000000000000000000000000000000000000000000000000000000000010000000
000000000010001101000100100010000000001000000001101000110000010000000010001100000001000000110001010001010011000100001000010100010000100001010000000010010011000001000000000000000000100010011000000010000100000110110000000000000000101000000000000000000000000000000000000000000000000000000000000000000000000000000000000000000000000000000000000000000000000000000000000000000000000000000000000000000000000000000000000000000000000000000000000000000000000000000000001000000
000000000110001000000101000001010000000001010000100000000000100000100010101010000001010000100000100001110011000100000010010101000110100001010001000010010001010001000000001100000010010000001100000110011110100010001000000000100000000000000000000000000000000000000000000000000000000000000000000000000000000000000000000000000000000000000000000000000000000000000000000000000000000000000000000000000000000000000000000000000000000000000000000000000000000000000000000100000
000000000100001000000000000001010000000000110000100001010100000000100010010000000100000010111000110000010000000100000100001000010100000001001001000000000001000010010000000000000011010010101100000010010000100100101000000000000000000000000000000000000000000000000000000000000000000000000000000000000000000000000000000000000000000000000000000000000000000000000000000000000000000000000000000000000000000000000000000000000000000000000000000000000000000000000000000010000
110001000001000101011001100100000000000000000000010111000110010001000010010000000000000100000000001000000010000000000100000000100110000001000001010010000100100000001010110100000001000000111000010100000001100000000001100011000000100000000000000000000000000000000000000000000000000000000000000000000000000000000000000000000000000000000000000000000000000000000000000000000000000000000000000000000000000000000000000000000000000000000000000000000000000000000000000001000
010000000000000001011100100100100000100000100010001011010100000100000000010001001000100100000000000000100100100001100000000010000010000101011001000000100100100000010110010000000001110010011000100000010001100000010001001101001000100100000000000000000000000000000000000000000000000000000000000000000000000000000000000000000000000000000000000000000000000000000000000000000000000000000000000000000000000000000000000000000000000000000000000000000000000000000000000000100
000101100001001100110101100000001000000000000010000000010000100000000010000011000000000000000001000000001110000000100000000010000010000001001000000000000000000000011110000100000001100000001001010000010001000000000000100111001000100110000000000000000000000000000000000000000000000000000000000000000000000000000000000000000000000000000000000000000000000000000000000000000000000000000000000000000000000000000000000000000000000000000000000000000000000000000000000000010
010000100001000000000000000000001000000001110010001100000010100100000000000000001001100000100000011001000110001000100000000010110010000100011001000010100100100000010100010100000010110010110000000100110001000000010000000010000000000010000000000000000000000000000000000000000000000000000000000000000000000000000000000000000000000000000000000000000000000000000000000000000000000000000000000000000000000000000000000000000000000000000000000000000000000000000000000000001
000001100001000000011101000100001000000000100000010000000100110101000000010001000000100000000000001000101000000000000000000000000000000101011001000010100100100000011000100100000011011010010000110000000001000000010001101001001000100000000000000000000000000000000000000000000000000000000000000000000000000000000000000000000000000000000000000000000000000000000000000000000000000000000000000000000000000000000000000000000000000000000000000000000000000000000000000000000
000100100001010101000101000100101000100000100010000000000000110001000000000000000000000000000001011001000110100000100000000000110010000100010000010010000101100000011110010100000000110000000001000000100001100000000000101011000000100110000000000000000000000000000000000000000000000000000000000000000000000000000000000000000000000000000000000000000000000000000000000000000000000000000000000000000000000000000000000000000000000000000000000000000000000000000000000000000
010001000000010101010101100100101000100001000000010000010000100001000000000000001010100000000001011000000010001001000100000000110000000101011001000010000011100000010000000000000000001000000000010100110001000000000001000100001000000000000000000000000000000000000000000000000000000000000000000000000000000000000000000000000000000000000000000000000000000000000000000000000000000000000000000000000000000000000000000000000000000000000000000000000000000000000000000000000
010000000001011001011101100000001000000000100010000111010110100000000010000010001010000100100000010000000100000000000100000000010010000000001000010010100000100000010100000100000001111000010001000100010000100000000001100101001000000100000000000000000000000000000000000000000000000000000000000000000000000000000000000000000000000000000000000000000000000000000000000000000000000000000000000000000000000000000000000000000000000000000000000000000000000000000000000000000
000000000011000000000010010100001001010000001000001100011001100001001000010000000001000110011000100010000000000010001000100001001100110001000010100001001001000010001000101001100010000010010000000001010010000000000011001010000011000000000000000000000000000000000000000000000000000000000000000000000000000000000000000000000000000000000000000000000000000000000000000000000000000000000000000000000000000000000000000000000000000000000000000000000000000000000000000000000
010010100000000000000000010010001000000000000000001100000001000101100000010001010010100110010011100000000000001010001000100000000100000001010100100101001000000001001010101001101000000010100000000000010001001000100000011010100001000000000000000000000000000000000000000000000000000000000000000000000000000000000000000000000000000000000000000000000000000000000000000000000000000000000000000000000000000000000000000000000000000000000000000000000000000000000000000000000
000000000001000000000000010010000001000000000000001100001000000101101000000001000001100000010011000010000000001010001000100001001100010000000010000001001011001011000010000000100010000010110000001000000010001001000000011000001011000010000000000000000000000000000000000000000000000000000000000000000000000000000000000000000000000000000000000000000000000000000000000000000000000000000000000000000000000000000000000000000000000000000000000000000000000000000000000000000
010000101011000000000000000000001000000000000000001000000000001011101001000000010011000010000010000000100000001010001000000001001000010000000010000000000011000000001010101000101010000000010000000001010010001001000111001000000011000010000000000000000000000000000000000000000000000000000000000000000000000000000000000000000000000000000000000000000000000000000000000000000000000000000000000000000000000000000000000000000000000000000000000000000000000000000000000000000
000010000000000000000000000000001101000000001000001000011101001011001001000000000010000110010011100010100000001010000000000001000100100000010100000100001011001010000000100011100000000000100000001000010010001001000010000001100000000010000000000000000000000000000000000000000000000000000000000000000000000000000000000000000000000000000000000000000000000000000000000000000000000000000000000000000000000000000000000000000000000000000000000000000000000000000000000000000
010000100011100000000010000110000100000000001000000100001100100100000000000000000001000100000001000010100000000000001000000001000100000001010010000001000001000000000000100000100000000000100000001001000001000001100111010000000011000000000000000000000000000000000000000000000000000000000000000000000000000000000000000000000000000000000000000000000000000000000000000000000000000000000000000000000000000000000000000000000000000000000000000000000000000000000000000000000
000000000010000000000000010100000001010000001000001100011101101101100001010001000000100000011010100000000000000000000000000000000000110000000010100101001000001010000010001010101000000000000000000001010010000000100010010001001000000000000000000000000000000000000000000000000000000000000000000000000000000000000000000000000000000000000000000000000000000000000000000000000000000000000000000000000000000000000000000000000000000000000000000000000000000000000000000000000
000010100001100000000010000100001101000000001000000000000100001011100000010000010001100010001010000000000000000000001000100000000000010001000000000100001011000000000010001010101000000000010000000001010011001000000101001000000001000010000000000000000000000000000000000000000000000000000000000000000000000000000000000000000000000000000000000000000000000000000000000000000000000000000000000000000000000000000000000000000000000000000000000000000000000000000000000000000
000000000110000000000001010000011101010000100001000001100101000000100011010001010000000000000100000011010000000100000000000100001000001010100010100000100000000000000101000011000000100000000000001000000110100111010110010100000100101000000000000000000000000000000000000000000000000000000000000000000000000000000000000000000000000000000000000000000000000000000000000000000000000000000000000000000000000000000000000000000000000000000000000000000000000000000000000000000
000000000100000000000100010000100101000000100101000010000001000000000010110001010100011010100101000101010000000000000000100100100010000000100010000000110000100000000000100011100010000001000001001011000000000101000000010110000001001000000000000000000000000000000000000000000000000000000000000000000000000000000000000000000000000000000000000000000000000000000000000000000000000000000000000000000000000000000000000000000000000000000000000000000000000000000000000000000
000000100000000110000100000000010000000100000011001011110001000100001000010001010100001010010001000010001001010100010000100001101000000000010010100000100000100000000001100111010000000101010001001111001010000000000110110010000011001100000000000000000000000000000000000000000000000000000000000000000000000000000000000000000000000000000000000000000000000000000000000000000000000000000000000000000000000000000000000000000000000000000000000000000000000000000000000000000
000000000100100000000101000000111101100101100111000001000101000000001010110001000000001000110000000111001100000000010000100111100010001010100011000000110000100010000101000100000010100100000000001110001000100001100000100100000101001000000000000000000000000000000000000000000000000000000000000000000000000000000000000000000000000000000000000000000000000000000000000000000000000000000000000000000000000000000000000000000000000000000000000000000000000000000000000000000
000000110000100000000001010000011000100101100010000000100101000000101000110000010000001000010001100001001101010100000000000001001000001000000010000000100000101000000000000011000000000101010000001100000000000111100110010001000010110000000000000000000000000000000000000000000000000000000000000000000000000000000000000000000000000000000000000000000000000000000000000000000000000000000000000000000000000000000000000000000000000000000000000000000000000000000000000000000
000000110100100110000100000000001000010100000011000001000000000000100011010000010100000000010100000111010100000100000000000101101010001010110001000000100000101000000000100101000010000000010001001100000010000111110001100101000111111000000000000000000000000000000000000000000000000000000000000000000000000000000000000000000000000000000000000000000000000000000000000000000000000000000000000000000000000000000000000000000000000000000000000000000000000000000000000000000
000000010010000110000101010000011000110001000101000010010001000000000000110001010100000010010001100001010100000000000000100100101010001010010011000000010000101010000000000111010010100100000001000011001000000000110011100111000100000000000000000000000000000000000000000000000000000000000000000000000000000000000000000000000000000000000000000000000000000000000000000000000000000000000000000000000000000000000000000000000000000000000000000000000000000000000000000000000
000000100010000110000000000000100101110100000100000000110000000100101000100000000100001000110000100101010001000100010000100000100010001000000000100000000000000010000001100011000010100101010001000101001000000100000111100011000101011100000000000000000000000000000000000000000000000000000000000000000000000000000000000000000000000000000000000000000000000000000000000000000000000000000000000000000000000000000000000000000000000000000000000000000000000000000000000000000
000000011010000000111010100010011101000100100000000100000000011011010000100000000001101010100000000100000000001001110001000000000001101000010000011000100000000010001001000000100000010001001000000000000100000000011000001101000010000000000000000000000000000000000000000000000000000000000000000000000000000000000000000000000000000000000000000000000000000000000000000000000000000000000000000000000000000000000000000000000000000000000000000000000000000000000000000000000
101000110000000010001100010000000101001100100000000010001001101010001011101000000000100110000010000010000100001001010001100000010111000000000001001100000001000001001000100000000001001000001010000000000100000100000000000010111000000000000000000000000000000000000000000000000000000000000000000000000000000000000000000000000000000000000000000000000000000000000000000000000000000000000000000000000000000000000000000000000000000000000000000000000000000000000000000000000
101000101010000010111110100000001001001110100000000000000000010001000001001000001100000000100000000010100100000001110001001000000101000000000001001001110001000001001001100010000001111000001000000010110100010000001001000010011000000000000000000000000000000000000000000000000000000000000000000000000000000000000000000000000000000000000000000000000000000000000000000000000000000000000000000000000000000000000000000000000000000000000000000000000000000000000000000000000
001000111000010000011000010010010001001000100100000110010100001001000010000000001001001110100000100011000000001001000000100000010100000100010001000100100001000011000000000000000000001101001010000010100100000100011000000001000010001000000000000000000000000000000000000000000000000000000000000000000000000000000000000000000000000000000000000000000000000000000000000000000000000000000000000000000000000000000000000000000000000000000000000000000000000000000000000000000
001000000100000010110100000000001000001100100000000000010100111010001010000000000000100100100000100101000000001000000000000000010111100000000001001101000001010011001000100001100001001100000000000010000100010100100101001010100000001000000000000000000000000000000000000000000000000000000000000000000000000000000000000000000000000000000000000000000000000000000000000000000000000000000000000000000000000000000000000000000000000000000000000000000000000000000000000000000
001000100110010000001010010010011101000100000000000110000100100001011001101000000000100100100000000110100100001001110000000000000001000000000000001101010001010011001000000010100000110101001010000010000100010100110001001001000000000000000000000000000000000000000000000000000000000000000000000000000000000000000000000000000000000000000000000000000000000000000000000000000000000000000000000000000000000000000000000000000000000000000000000000000000000000000000000000000
001000001100010000100010110010010100001010000000000100001001100000001000100000001000000110100010000001100100001001100000101000000101001000000000001000110001000001000001000011000001100000000010000010000100000100000100011111101000000100000000000000000000000000000000000000000000000000000000000000000000000000000000000000000000000000000000000000000000000000000000000000000000000000000000000000000000000000000000000000000000000000000000000000000000000000000000000000000
101000101000010010111010100000000000001110100000000010001100110010000001000000001101101010100010100000000001000000100000001000000110100100000001001000000001010001000001000010000000101000000000000000010100010100110111000000110000001100000000000000000000000000000000000000000000000000000000000000000000000000000000000000000000000000000000000000000000000000000000000000000000000000000000000000000000000000000000000000000000000000000000000000000000000000000000000000000
100001001100011100010000000010000010010001000000000110000000011101000000000000101000000100010100000010010000000010000000001100110000000001110011100000000000000100000000000000000100000010100000000000000010011000010000011100100101100000000000000000000000000000000000000000000000000000000000000000000000000000000000000000000000000000000000000000000000000000000000000000000000000000000000000000000000000000000000000000000000000000000000000000000000000000000000000000000
000011000101001000011000011010101010010001011100000000000000011101000100001000010000000100010000001110000100000010101000100000010000000001010011001010000001000000000010000001000100000010000000100100000000010000000000011001100101000100000000000000000000000000000000000000000000000000000000000000000000000000000000000000000000000000000000000000000000000000000000000000000000000000000000000000000000000000000000000000000000000000000000000000000000000000000000000000000
100111001010000001000000011000000010000001011010010110010010000100000000000000001000010100110000011010001000000000001000101100100000000000010000111010000000000100001001000001000100010010100000000100100000011000010000011001100100000100000000000000000000000000000000000000000000000000000000000000000000000000000000000000000000000000000000000000000000000000000000000000000000000000000000000000000000000000000000000000000000000000000000000000000000000000000000000000000
100101000011001000000000001010100010010001010110000000010000010100000100001000100000000100110100001100001000000000000000001000010000000000000000100000000000000101000010000000000100010000000000100110100000010000000000010001000001100110000000000000000000000000000000000000000000000000000000000000000000000000000000000000000000000000000000000000000000000000000000000000000000000000000000000000000000000000000000000000000000000000000000000000000000000000000000000000000
000111000000010000011000111010101010010001011110010100000000010100000000000000010000000100110100010100000100100000101000000100100010000001100000111010000001001101001001000000000000010000000000100110100000000000000000000100000100100100000000000000000000000000000000000000000000000000000000000000000000000000000000000000000000000000000000000000000000000000000000000000000000000000000000000000000000000000000000000000000000000000000000000000000000000000000000000000000
000101000101011000011000110010000010000000011000010110000000000100000000000000101000000100110000011100010100000010001000101000110000000001100000000010000001101100001011000000000000010010100000000010100000001000000000011101000100100100000000000000000000000000000000000000000000000000000000000000000000000000000000000000000000000000000000000000000000000000000000000000000000000000000000000000000000000000000000000000000000000000000000000000000000000000000000000000000
000111001000011101011000110010001000010000001110010000010010001000000000000000100000000100000100001000001100000010001000001000100000000001110000000000000000100000001001000001000100000001100000100010100010011000000000000100100001000010000000000000000000000000000000000000000000000000000000000000000000000000000000000000000000000000000000000000000000000000000000000000000000000000000000000000000000000000000000000000000000000000000000000000000000000000000000000000000
100001001001001001010000011000000010000001010110000010000010001000000100000000100000000100110000011110010000100000101000101000100010000000100110010000000000100001000010000000000100010001000000100010100010000000000000011100000000100010000000000000000000000000000000000000000000000000000000000000000000000000000000000000000000000000000000000000000000000000000000000000000000000000000000000000000000000000000000000000000000000000000000000000000000000000000000000000000
100111010010000101000100010110011000100100001100010100101011100010101000101010100010000000001000000010000110101010011100010001000000000001000000100010000000000000000000000000000001110100001011000000011001011101100001001000100000010000000000000000000000000000000000000000000000000000000000000000000000000000000000000000000000000000000000000000000000000000000000000000000000000000000000000000000000000000000000000000000000000000000000000000000000000000000000000000000
110011110010000100000100011010000101001101000110000100001001101010000000000001100001100010011000001000000000101010011000000000000000000000000000000000000100000000000000000000000001100110001011000001100001000000000001100000000000000100000000000000000000000000000000000000000000000000000000000000000000000000000000000000000000000000000000000000000000000000000000000000000000000000000000000000000000000000000000000000000000000000000000000000000000000000000000000000000
000110000010000101000000010100010101000000000001010000100000100000101100100000100011100011011000000010000100101110011000010000000000000010000001100000000000100000000000000100000010010000001000000001100000011100010001101000001000011100000000000000000000000000000000000000000000000000000000000000000000000000000000000000000000000000000000000000000000000000000000000000000000000000000000000000000000000000000000000000000000000000000000000000000000000000000000000000000
100010010010000000000100011100010001000100010100010000100001001010001100000010100011000001010001001010000100000010010000000000000000000010000001100000000001101000000000101100000011101100000011000000100010001101000000000000100000011000000000000000000000000000000000000000000000000000000000000000000000000000000000000000000000000000000000000000000000000000000000000000000000000000000000000000000000000000000000000000000000000000000000000000000000000000000000000000000
011010111010000101000000011010000001000100000010000100101001100001000100000001001000000001011000000000000110001100000100010001000000000011000000100000000100000000000000101001000010011110001010000001111011010001110000000000001100011000000000000000000000000000000000000000000000000000000000000000000000000000000000000000000000000000000000000000000000000000000000000000000000000000000000000000000000000000000000000000000000000000000000000000000000000000000000000000000
001001111000000100000100001000010101111001001001010000101000101001000000101000000011000010011001000010000000001000010000000101000000000000000000000000000100001000000000101000000010011100000000000000000011010000010000001010100000000000000000000000000000000000000000000000000000000000000000000000000000000000000000000000000000000000000000000000000000000000000000000000000000000000000000000000000000000000000000000000000000000000000000000000000000000000000000000000000
101110010010000101000000001100010101000101011001000100101000000010000100101011100001000010010000000000000100001100001100000101000000000001000000100010000000001000000000100101000000101000000011000001010011000001010001101000100100011000000000000000000000000000000000000000000000000000000000000000000000000000000000000000000000000000000000000000000000000000000000000000000000000000000000000000000000000000000000000000000000000000000000000000000000000000000000000000000
110000111000000000000100001000000001010001011111010100001010100000101000000011001001100010011001000000000100100000000000010101000000000000000001100000000100101000000000100100000011100100001000000001110000001100110001101010001000001000000000000000000000000000000000000000000000000000000000000000000000000000000000000000000000000000000000000000000000000000000000000000000000000000000000000000000000000000000000000000000000000000000000000000000000000000000000000000000
100001000001000010000010100000001000010000011001110000100001001000110001000001001010111000000000000000110100010000000100000101000100000111011001000010001100001000110100000010010110001000010111000001100000101000000101001101000000000010000000000000000000000000000000000000000000000000000000000000000000000000000000000000000000000000000000000000000000000000000000000000000000000000000000000000000000000000000000000000000000000000000000000000000000000000000000000000000
101000100001000000100010010001010000000000000001000000100001001011010101010100001000101000001000000100010010111100000001000100010101000001101001000010001000001100010010000010100000001000111000000001101011000101000100001100000000000000000000000000000000000000000000000000000000000000000000000000000000000000000000000000000000000000000000000000000000000000000000000000000000000000000000000000000000000000000000000000000000000000000000000000000000000000000000000000000
100100100000000110000010110001000000010000010001100000000011000001110010010100000001100000000000010100111000001100000000000101010000000110111101000100000101001100010100000010000010001000100111000011110001101100100001000101001000001010000000000000000000000000000000000000000000000000000000000000000000000000000000000000000000000000000000000000000000000000000000000000000000000000000000000000000000000000000000000000000000000000000000000000000000000000000000000000000
101000000000000010001000000000100000000000001000100000101010001001110111010001000001100000000000010110010010011100000101000101000000000011110101000110001101000100010100000010010000000000110111110011011010000001100000001000001000000010000000000000000000000000000000000000000000000000000000000000000000000000000000000000000000000000000000000000000000000000000000000000000000000000000000000000000000000000000000000000000000000000000000000000000000000000000000000000000
001000100001000100100010100000100000000000010001010000101010000001100110000001001010100000001000000110010010100100000001000100000001000111011101000010001001001100010110000010100000000000001101100010001011101100000000000000000000000000000000000000000000000000000000000000000000000000000000000000000000000000000000000000000000000000000000000000000000000000000000000000000000000000000000000000000000000000000000000000000000000000000000000000000000000000000000000000000
000001100001000100001000010000000000000000000000100000100010001011110101000101001000111000000000000110111010011100000100000000000000000001010000000110000101001100100100000000010010101000000010100011110000101100000100001100000000001010000000000000000000000000000000000000000000000000000000000000000000000000000000000000000000000000000000000000000000000000000000000000000000000000000000000000000000000000000000000000000000000000000000000000000000000000000000000000000
101100100000000010001000100000001000000000010001110000001011001000000110000001000011001000000000000000101100010000000001000000010100000010111001000110001101001100100110000010000100100000100100010000100011000000100001000000000000000000000000000000000000000000000000000000000000000000000000000000000000000000000000000000000000000000000000000000000000000000000000000000000000000000000000000000000000000000000000000000000000000000000000000000000000000000000000000000000
000101100000000100100010100000111000010000011001100000000010000010000101010001001011010000001000010010111110001000000101000000000001000101100101000100001000001000000010000000010000100000100101000010100000000100000001001101001000000010000000000000000000000000000000000000000000000000000000000000000000000000000000000000000000000000000000000000000000000000000000000000000000000000000000000000000000000000000000000000000000000000000000000000000000000000000000000000000
100000000000000000110000000000010001000011100000000000101000000000010100001000011100010001100001100101001000010000100001000010000000000000000000100001100111101010100010111000000010111000000001001000000100100000000100011011100000110000000000000000000000000000000000000000000000000000000000000000000000000000000000000000000000000000000000000000000000000000000000000000000000000000000000000000000000000000000000000000000000000000000000000000000000000000000000000000000
000001000000000000010000001100000010010000100000000000000000000000100100000010010000111001000100100100101010010000100000000010010000000000010100100001101010000010100010010000101001010000100001101000000000000000001101100001100011100110000000000000000000000000000000000000000000000000000000000000000000000000000000000000000000000000000000000000000000000000000000000000000000000000000000000000000000000000000000000000000000000000000000000000000000000000000000000000000
000011010000010000100000001101010000000111000000000001100000101000100000000010010000010000100001100000001000010000001000101000010100001001010010000010000001110010100010011001100010101000010000000000100000000100011101001010000010110000000000000000000000000000000000000000000000000000000000000000000000000000000000000000000000000000000000000000000000000000000000000000000000000000000000000000000000000000000000000000000000000000000000000000000000000000000000000000000
000111010000000000000000000000000001000001000100000010101000101000010000101000011000000000000100000101101010000100101001100010000001001000000110000010001100000010000000001000101000110000100001000010100000100100000001011000000010010110000000000000000000000000000000000000000000000000000000000000000000000000000000000000000000000000000000000000000000000000000000000000000000000000000000000000000000000000000000000000000000000000000000000000000000000000000000000000000
100111010000000000100001011100010010000011000000000000001000100000010000101000011000011001100101100000100011010100101001001000000000000001010110100011001111001010100010010000100000110100000001100010100000001000000001100011100010010010000000000000000000000000000000000000000000000000000000000000000000000000000000000000000000000000000000000000000000000000000000000000000000000000000000000000000000000000000000000000000000000000000000000000000000000000000000000000000
000111010000000000000000000000001010000100001000000001101000001000010000100000010100010000000010000000000001000100100000100010000001001001010000000010101100000010000000000000001010011100010000100010100010101000011100001000000001000110000000000000000000000000000000000000000000000000000000000000000000000000000000000000000000000000000000000000000000000000000000000000000000000000000000000000000000000000000000000000000000000000000000000000000000000000000000000000000
100111000000010000010001001001001010010000101000000011001000000000000000101000000000100000000111100000100011010000100000100000010101000001010110100011001001101010000010101000101000011100100001100000100100101100010001011001100001000100000000000000000000000000000000000000000000000000000000000000000000000000000000000000000000000000000000000000000000000000000000000000000000000000000000000000000000000000000000000000000000000000000000000000000000000000000000000000000
100011000000000000100000001100011010000110000100000010000000001000110000101010010000110001100001000101100001010100100001000000010100000001010110000011001101110000100000001001101001000100110001001000100000001000010101011001000011000110000000000000000000000000000000000000000000000000000000000000000000000000000000000000000000000000000000000000000000000000000000000000000000000000000000000000000000000000000000000000000000000000000000000000000000000000000000000000000
001000000010000011000000100010000010000101001000000000000110000001100100000010000000000000001010010000101000010100000000111010010000100001000101100101011010110000000001101100010001010000000000100000000000000000010000100000001000100000000000000000000000000000000000000000000000000000000000000000000000000000000000000000000000000000000000000000000000000000000000000000000000000000000000000000000000000000000000000000000000000000000000000000000000000000000000000000000
100000000001001001001100000001010000000001001000010100000010001111010110100000100000001000100011000001100000110000010001011010111000100010100001000001000011100000000000010000010101010101000000001100000001001010000010000001010000000000000000000000000000000000000000000000000000000000000000000000000000000000000000000000000000000000000000000000000000000000000000000000000000000000000000000000000000000000000000000000000000000000000000000000000000000000000000000000000
101000010000001010000000000001010111000001001000110100000111001011110010001011000000000001101011010001101010100101010000011010101000010010100001100101010001100000010000111100010101010100100000101100000001001010010000100000000000000000000000000000000000000000000000000000000000000000000000000000000000000000000000000000000000000000000000000000000000000000000000000000000000000000000000000000000000000000000000000000000000000000000000000000000000000000000000000000000
100000010010000011001100000011000010000001000000110100000000101111010101000001100000000101101010000001000010100100000011101010110000000000100011010100000000110000010001000000010000000100100000100100000001000010010010100001010000000000000000000000000000000000000000000000000000000000000000000000000000000000000000000000000000000000000000000000000000000000000000000000000000000000000000000000000000000000000000000000000000000000000000000000000000000000000000000000000
101000010001000011000100000001010010000000000000110000000111100110010000110010000000001001000100010000001010100101010001110010110000001001000101111000000001100001000001110100000100011000000000000000000000000000010010000000011000100000000000000000000000000000000000000000000000000000000000000000000000000000000000000000000000000000000000000000000000000000000000000000000000000000000000000000000000000000000000000000000000000000000000000000000000000000000000000000000
001000000000101011001100000011000101000001001000010100000010000101110011000000100000001100001110010000100010100001010010100000011000011010000101011001001000000000000001011000000000000101000000000000001001001010000000000101010000000000000000000000000000000000000000000000000000000000000000000000000000000000000000000000000000000000000000000000000000000000000000000000000000000000000000000000000000000000000000000000000000000000000000000000000000000000000000000000000
101000000011101011000100100001010000000101000000100100000001001111110011110010100000000000100101000001100000010001010011110010001000101011100010100001011011000001000001111100010101001001100000001000001000000010000010100001010000000100000000000000000000000000000000000000000000000000000000000000000000000000000000000000000000000000000000000000000000000000000000000000000000000000000000000000000000000000000000000000000000000000000000000000000000000000000000000000000
001000000011100011000000000001010001000000001000000100000100000001010100010001000000000000000001010001001010000000010001000010101000000010100011101100001011110001010000001100000101011001000000101000001000001000010000100101011000100000000000000000000000000000000000000000000000000000000000000000000000000000000000000000000000000000000000000000000000000000000000000000000000000000000000000000000000000000000000000000000000000000000000000000000000000000000000000000000
001011000001000100000000000000010100100010100000010000000100111011000000000000000001000010010011000011000101010010000010001000100000000001000010001010001001000001010010000110000101000100100010011100000010000011100110010111110000001010000000000000000000000000000000000000000000000000000000000000000000000000000000000000000000000000000000000000000000000000000000000000000000000000000000000000000000000000000000000000000000000000000000000000000000000000000000000000000
001010000001001101000000100100000101000010000010000000001001100010100000010001001101000000000001001100000000011011000000001000100000010000010000001010000000010001000011100000000101010100100010000000010010000010000000000011010000111010000000000000000000000000000000000000000000000000000000000000000000000000000000000000000000000000000000000000000000000000000000000000000000000000000000000000000000000000000000000000000000000000000000000000000000000000000000000000000
000001000001000110100000000000011101000000000010010010101100011000101000010000000100000000010000001111010001010010000000000000100000010001000010001010000000000000100011100100000001011100000010011110000111000011100100010101110000001010000000000000000000000000000000000000000000000000000000000000000000000000000000000000000000000000000000000000000000000000000000000000000000000000000000000000000000000000000000000000000000000000000000000000000000000000000000000000000
011000000001100111100000110000011101100000100000010000100111111010001100000000001000000010000010000111010101011000000010001010000000000001000000001010001000000001010100100000010101010100110010011100011000000011100000000100110000110000000000000000000000000000000000000000000000000000000000000000000000000000000000000000000000000000000000000000000000000000000000000000000000000000000000000000000000000000000000000000000000000000000000000000000000000000000000000000000
011000010001101110100000100100001100000010100010000000000010101010101100010001001000000010000011000010100000001000000110010010000000011001010000101000001101010001100001000010000000000000000010000110011100100010100110000110000100000010000000000000000000000000000000000000000000000000000000000000000000000000000000000000000000000000000000000000000000000000000000000000000000000000000000000000000000000000000000000000000000000000000000000000000000000000000000000000000
011010000001101000000000000000000001000010000010000000001111101010100000010000000001000010000011001011010101000010000010011000100000011001000000000010000101000000100110100010010000011001110000000000001010100011000100000000100000101000000000000000000000000000000000000000000000000000000000000000000000000000000000000000000000000000000000000000000000000000000000000000000000000000000000000000000000000000000000000000000000000000000000000000000000000000000000000000000
010001010001000101000000110000011000100000000010000000101000111000001000000000001100000000000000000000000100000001000100011000000000011000000000001010000000010000110101100010000100001101010001000010011110100001100110010001010000111010000000000000000000000000000000000000000000000000000000000000000000000000000000000000000000000000000000000000000000000000000000000000000000000000000000000000000000000000000000000000000000000000000000000000000000000000000000000000000
000000010000100001000000010000010100000010000000010000101000001011100000000001000101000010000000000010010101011010000100011010000000000001000000100010000100010001110100100110010001000100100001011100000000000000000100010111100000110010000000000000000000000000000000000000000000000000000000000000000000000000000000000000000000000000000000000000000000000000000000000000000000000000000000000000000000000000000000000000000000000000000000000000000000000000000000000000000
001100010100000000010001010000000000000100000101101011000100101000000010000000000010000000111000000000011100001000000000010001001000010110110010000000100100111000101101000010110000000100011011101100101001001000101010000000000000000000000000000000000000000000000000000000000000000000000000000000000000000000000000000000000000000000000000000000000000000000000000000000000000000000000000000000000000000000000000000000000000000000000000000000000000000000000000000000000
000100010000000100001000010010100000100010100001001000100100000000000010001100110010000100110000100001111000100000000000010000001000000010100011000010001010100000001000000010011100000000001111001100100000011000001010010000000100000000000000000000000000000000000000000000000000000000000000000000000000000000000000000000000000000000000000000000000000000000000000000000000000000000000000000000000000000000000000000000000000000000000000000000000000000000000000000000000
000000010100000100001000110000000000101100100001100001000010100000100010001000110010100101001000100010000100000000010000001000001000000000000010000000000100111001001101000110110100000100010101100000001001001010100010010000001000000000000000000000000000000000000000000000000000000000000000000000000000000000000000000000000000000000000000000000000000000000000000000000000000000000000000000000000000000000000000000000000000000000000000000000000000000000000000000000000
001111010000000000010000110010100000100100000000101000000000101000100000001000010010100001110000100010010100101000010010010001000100000100100001000110101110100001001101000110101000000100011111001000001001010000100010010000000000010100000000000000000000000000000000000000000000000000000000000000000000000000000000000000000000000000000000000000000000000000000000000000000000000000000000000000000000000000000000000000000000000000000000000000000000000000000000000000000
001011000000000000000001010010100000001010000100101000100000000000000000000000000000000000100000000001010000000000001010001001000000010010110010000000001000010001100001000011100100000100001111101100101001010000001000010000000100001000000000000000000000000000000000000000000000000000000000000000000000000000000000000000000000000000000000000000000000000000000000000000000000000000000000000000000000000000000000000000000000000000000000000000000000000000000000000000000
000100000000000000010001000000100000100100100001101001100110000000000000001000010000000001110000100101010100100000000010001000000000010110110011000110000110001101100101000000001100000000001010100000000001010010101000000000000100001100000000000000000000000000000000000000000000000000000000000000000000000000000000000000000000000000000000000000000000000000000000000000000000000000000000000000000000000000000000000000000000000000000000000000000000000000000000000000000
000111010100000000000001000000000000000010000000000010100110101000100000000000100010000100100000100000010000101000000000000000001010000110000000001110100100101100000000000111111100000000001110100000000000010000101010010000001000000100000000000000000000000000000000000000000000000000000000000000000000000000000000000000000000000000000000000000000000000000000000000000000000000000000000000000000000000000000000000000000000000000000000000000000000000000000000000000000
001010000100000100011000110010000000101000000001000001000000100000100010001100000000000100011000000011001100101000001000001001000000000110000000001100000000101100101000000001000000000000000010001100100001011010101000010000000000001100000000000000000000000000000000000000000000000000000000000000000000000000000000000000000000000000000000000000000000000000000000000000000000000000000000000000000000000000000000000000000000000000000000000000000000000000000000000000000
100001100000000010000100000010110001100111001100100000001100000000100000000100000010000101010010001100110100100000000010001000011000010000000100000000100010011000000010101000110000001000000000100100000000001100110110010001011000000000000000000000000000000000000000000000000000000000000000000000000000000000000000000000000000000000000000000000000000000000000000000000000000000000000000000000000000000000000000000000000000000000000000000000000000000000000000000000000
101000100101000100100000001000010000100000001110000010000001010011110000000010000000000101000010000000000000100001000000001000010011010000100000000000000000001010000010000000110100000001000001000000001000011000010101010001010100000100000000000000000000000000000000000000000000000000000000000000000000000000000000000000000000000000000000000000000000000000000000000000000000000000000000000000000000000000000000000000000000000000000000000000000000000000000000000000000
010001000000110000100100000010010001000111111111000010001101010010010000000100000100001100000010001100001100000001010110011001111000110110000100000000000010011010000000001000010101000000000110100000000000000000010111010000000100000000000000000000000000000000000000000000000000000000000000000000000000000000000000000000000000000000000000000000000000000000000000000000000000000000000000000000000000000000000000000000000000000000000000000000000000000000000000000000000
001001100000010110000000001010000000100011111000010000100001010011010000001000001100001000010000001000110100100000000110010000100001010100000000000100101010010010000110101000010001001000000110000000000000011000110001010001011100010100000000000000000000000000000000000000000000000000000000000000000000000000000000000000000000000000000000000000000000000000000000000000000000000000000000000000000000000000000000000000000000000000000000000000000000000000000000000000000
110000000000100010100100001010000000000111000001100000100000000001100000000000000110001001010000000100100000100000000000001000001001010000000000000100000010000010000010100000000101001000000011000000001100000100110001000000011000010000000000000000000000000000000000000000000000000000000000000000000000000000000000000000000000000000000000000000000000000000000000000000000000000000000000000000000000000000000000000000000000000000000000000000000000000000000000000000000
101000100101000110100100001010000001000000111110110010001001010000000000001100000100000000010000000000111000100000000010010001100001100100000000000100000010000000000110000000110100001000000110000100000000011100000001010000010000010100000000000000000000000000000000000000000000000000000000000000000000000000000000000000000000000000000000000000000000000000000000000000000000000000000000000000000000000000000000000000000000000000000000000000000000000000000000000000000
110001000001010100000000001000100000000101011110110010100101000000110100001100000000001100000010000100100000100001000110001000000010110000000100000000000000000010000110101000110101001001001010100000000100010100010100010000000000010000000000000000000000000000000000000000000000000000000000000000000000000000000000000000000000000000000000000000000000000000000000000000000000000000000000000000000000000000000000000000000000000000000000000000000000000000000000000000000
100001100101010000000010000010110001000111100100100000101101010000000000001100001000000101000010000000000100100000000110000000001000110100100100000000001000010000000100100000010001001001000101100100001100010000110010000001001100000000000000000000000000000000000000000000000000000000000000000000000000000000000000000000000000000000000000000000000000000000000000000000000000000000000000000000000000000000000000000000000000000000000000000000000000000000000000000000000
010000000100110100001100001110001001010001000010000100000000000001000010000010000010110110101110001001001001000010001001001000000101010010010000000111000000010111000110000000000000001011000000010010001010101000101000110001111100000000000000000000000000000000000000000000000000000000000000000000000000000000000000000000000000000000000000000000000000000000000000000000000000000000000000000000000000000000000000000000000000000000000000000000000000000000000000000000000
000100000110100100001100110100100000110000001010001000110110000101000000100010010010100110100100000001000001000000001001100000000011000110000010000101000100110101000010000011001000011001000000010001000000000010101010111000110000000010000000000000000000000000000000000000000000000000000000000000000000000000000000000000000000000000000000000000000000000000000000000000000000000000000000000000000000000000000000000000000000000000000000000000000000000000000000000000000
000000000010100100010000010111001000100000001000000000110010000000100010100000000000000100000000000001000001000000001001100000000110010100000100000111000100110000000110000100000000000000000000001001000010000000000110001000100101000010000000000000000000000000000000000000000000000000000000000000000000000000000000000000000000000000000000000000000000000000000000000000000000000000000000000000000000000000000000000000000000000000000000000000000000000000000000000000000
000100001100000000001000111101001000100010000000010000110100000001100100000000000000100001101110000100001001000000101010000000000111010011000010000110000000000010000000000000101000000011000000000000001000100000100100000011111000000000000000000000000000000000000000000000000000000000000000000000000000000000000000000000000000000000000000000000000000000000000000000000000000000000000000000000000000000000000000000000000000000000000000000000000000000000000000000000000
000100001110010000001100001111100000110000000010010000100000000100100010000000010010000110000010000100000000000000000010001000000001010101010110000111000000010100000110000110000000001000000000011000001000000010001100100001010000000000000000000000000000000000000000000000000000000000000000000000000000000000000000000000000000000000000000000000000000000000000000000000000000000000000000000000000000000000000000000000000000000000000000000000000000000000000000000000000
000100001110100000001001001111101101110010001010011000100000000101100100000010000010000001000000001100001001000010011001001000000001010011010010000010000100110101000010000110000000001001000000010010000010101000000110000011011101000000000000000000000000000000000000000000000000000000000000000000000000000000000000000000000000000000000000000000000000000000000000000000000000000000000000000000000000000000000000000000000000000000000000000000000000000000000000000000000
010000001000110000010100111010101101110010000000010000000110000001000010000000000100110101100010000001000001000000100001100000000010000101010010000101000000010000000010000100100000001001000000001011000000001010000000111011111000000010000000000000000000000000000000000000000000000000000000000000000000000000000000000000000000000000000000000000000000000000000000000000000000000000000000000000000000000000000000000000000000000000000000000000000000000000000000000000000
000100001000000100000001101110100000000001001000010001110110000000000100000000010000110100100110001000000000000010111001101000000110010100010100000001000100000110000010000000100000000010000000000010001000101000100010001011100100000000000000000000000000000000000000000000000000000000000000000000000000000000000000000000000000000000000000000000000000000000000000000000000000000000000000000000000000000000000000000000000000000000000000000000000000000000000000000000000
000001000000001000000000100000000000011000000001100001110010010101000010001101001000000101000111000000000000100000000000001000000000110000000000000010000000010000000100110000001110011000000100010111001001001000000110100100010000100010000000000000000000000000000000000000000000000000000000000000000000000000000000000000000000000000000000000000000000000000000000000000000000000000000000000000000000000000000000000000000000000000000000000000000000000000000000000000000
000001000000001001100110011100000001001000000001010001111000010101100001000101000100000100100010000000100000000110000010000100000000100100000000000010000001000001000100111000000100010100001100010001001001001001000010001100000000000010000000000000000000000000000000000000000000000000000000000000000000000000000000000000000000000000000000000000000000000000000000000000000000000000000000000000000000000000000000000000000000000000000000000000000000000000000000000000000
000000000000011000100110111100000011011000000001001011000000010001000000000101001100000101100100000010000000101100000000000110000001110000000000010010000000000000110100011010001100010100000101010111000100000011100010100000110000100000000000000000000000000000000000000000000000000000000000000000000000000000000000000000000000000000000000000000000000000000000000000000000000000000000000000000000000000000000000000000000000000000000000000000000000000000000000000000000
000000001000001000000100000010000010001000000001100011001010010100100011001001001000000100110101000010100000000010010010001000010001010100000000000000000000010000010000101010001110010000000000010010001101011001000000000000100000000000000000000000000000000000000000000000000000000000000000000000000000000000000000000000000000000000000000000000000000000000000000000000000000000000000000000000000000000000000000000000000000000000000000000000000000000000000000000000000
000000000000011000100010110010000001010000000000111010011000000100100011000100000100000001100111000010100000101110000000000110010000101100000001010000000000010001010100000000001000010100001101010001001000000010000000000001110000000010000000000000000000000000000000000000000000000000000000000000000000000000000000000000000000000000000000000000000000000000000000000000000000000000000000000000000000000000000000000000000000000000000000000000000000000000000000000000000
000000000000000001000110111110000010010000000000111001010000010101100011001100000000001001010101000000100000000100110000001110010001111100000001010010000000010000100000011010001110000000001000010000001001110000000100101001000000100000000000000000000000000000000000000000000000000000000000000000000000000000000000000000000000000000000000000000000000000000000000000000000000000000000000000000000000000000000000000000000000000000000000000000000000000000000000000000000
000001000000010000000110111110000011001000000001110001010000010000000010001100001000001000110111000010100000001000100010001010000001111000000000000010000000000000100100111000000110010000000000000011000100011001000000001000000000000010000000000000000000000000000000000000000000000000000000000000000000000000000000000000000000000000000000000000000000000000000000000000000000000000000000000000000000000000000000000000000000000000000000000000000000000000000000000000000
000000000000011001100100110000000010000000001001100011101010011000100001001101001000000001110110000000000000101010000000011110000001100100000001010000000000000001110000001010000110011100001000000111000100010010000000001000110000000010000000000000000000000000000000000000000000000000000000000000000000000000000000000000000000000000000000000000000000000000000000000000000000000000000000000000000000000000000000000000000000000000000000000000000000000000000000000000000
001010010000100100011110000010000100110100100001101000001000110000001000001110101011000000010100000000010010000000001010011010011010010001010000100010001110000110100100001000100011000000001001000010000000010001010001000110000010010010000000000000000000000000000000000000000000000000000000000000000000000000000000000000000000000000000000000000000000000000000000000000000000000000000000000000000000000000000000000000000000000000000000000000000000000000000000000000000
011000000000011000010100000000000000001100100000001000001000110000110100000010100000100000000000100000100110000000000010001010010000011001010000000001100000000000110100000001101010100000001101000000000010000100010000000000011010101000000000000000000000000000000000000000000000000000000000000000000000000000000000000000000000000000000000000000000000000000000000000000000000000000000000000000000000000000000000000000000000000000000000000000000000000000000000000000000
010000010000111110011100000010010100100000100000100000010000110010010100001100000010100000010000110000111100001000101000001011000000100101010010100011111110001100000100000001000000100000000011000001000010010000010000000110000010101010000000000000000000000000000000000000000000000000000000000000000000000000000000000000000000000000000000000000000000000000000000000000000000000000000000000000000000000000000000000000000000000000000000000000000000000000000000000000000
011000010001010110011010000010010010001100101000101000011100000010110100000100100011000010000100100000010110001000000000000000010000011101000010000010110000001000010100001001001010000000000101000011000000000101000000000000010010011000000000000000000000000000000000000000000000000000000000000000000000000000000000000000000000000000000000000000000000000000000000000000000000000000000000000000000000000000000000000000000000000000000000000000000000000000000000000000000
001011000001011110011110000000010110101000110000100000000000110010100000000000100001101000000000010000000110000000100000001010011000000100010000000001111000001110000000001000000000100000011101000011000010000100000001000100000010101000000000000000000000000000000000000000000000000000000000000000000000000000000000000000000000000000000000000000000000000000000000000000000000000000000000000000000000000000000000000000000000000000000000000000000000000000000000000000000
000001000001000110000100000010010000010000110000100000001000110010101000000000001001100010000100110000010100001000000010010001010010011000010010100011010100001110010100001000100010100000000011000010000010010000000001000000001010001000000000000000000000000000000000000000000000000000000000000000000000000000000000000000000000000000000000000000000000000000000000000000000000000000000000000000000000000000000000000000000000000000000000000000000000000000000000000000000
000000000000010010000110000010010010000000110001100000000100000010011100000110100010001000010000000000011110000000101010001000010010100000000000100010111010001110000100001001000011000000010000000001000010010001010000000110000010111000000000000000000000000000000000000000000000000000000000000000000000000000000000000000000000000000000000000000000000000000000000000000000000000000000000000000000000000000000000000000000000000000000000000000000000000000000000000000000
011010010001000000011010000010000110100100101001000000001100000010000000001010000000001010000000110000010110001000100010010001000010100100010000100011100100001100110000000001100000100000011010000001000000010001000000000000010000010010000000000000000000000000000000000000000000000000000000000000000000000000000000000000000000000000000000000000000000000000000000000000000000000000000000000000000000000000000000000000000000000000000000000000000000000000000000000000000
000000010000000000001010000000000000110010010000011100000110000010101000000110000000000000000010011101001010001000000010000010010001001110000000000110000000000010011100000101010001000000010010010000000011011100000010010100011010100000000000000000000000000000000000000000000000000000000000000000000000000000000000000000000000000000000000000000000000000000000000000000000000000000000000000000000000000000000000000000000000000000000000000000000000000000000000000000000
000010010001010000010010001000000010010000010000101100000000010010001010100110011101010000000000001001000010001000000000000000000000100000111000110000000000100100000100001100010001000111010000010000001011011000101010000010011010100000000000000000000000000000000000000000000000000000000000000000000000000000000000000000000000000000000000000000000000000000000000000000000000000000000000000000000000000000000000000000000000000000000000000000000000000000000000000000000
000010010001000000010000000000100110100000000100001000000100010010001000000010011100010000010000010110011000000000000110000000010001101110000100010100010000100100011000000101000001000001011110010000001000111000000000000110001100000000000000000000000000000000000000000000000000000000000000000000000000000000000000000000000000000000000000000000000000000000000000000000000000000000000000000000000000000000000000000000000000000000000000000000000000000000000000000000000
000000010001000000001000000000100110110010010100000100000001010100001010100000001101010000110000000110000000011000000110000010000001001010110000010110010000000110010000001001000001000101010110010000000001111000100010010010000110100000000000000000000000000000000000000000000000000000000000000000000000000000000000000000000000000000000000000000000000000000000000000000000000000000000000000000000000000000000000000000000000000000000000000000000000000000000000000000000
000010000001010000100000001000100110000000010000010000000000011100001000000000011000000000000000010101000010010000100100000000000000001100110000000110010000100100001100010000000001000011010100010000001000000100000000000000000000000000000000000000000000000000000000000000000000000000000000000000000000000000000000000000000000000000000000000000000000000000000000000000000000000000000000000000000000000000000000000000000000000000000000000000000000000000000000000000000
000000000000000000111010000000100100110000000000110000000100010110101010000000010101000000100110001010000010001000000100000010010001001000111100100010010000100010001100001100000000000101011100010000000000010100001000000100010110000000000000000000000000000000000000000000000000000000000000000000000000000000000000000000000000000000000000000000000000000000000000000000000000000000000000000000000000000000000000000000000000000000000000000000000000000000000000000000000
000010010000000000111010000000100000010010000100101100000011010010101010000110010101010000110000001011010000011000100010000000000000100000001100100100010000100000011100001100000011000011010000010000000010101100100000000000000010000000000000000000000000000000000000000000000000000000000000000000000000000000000000000000000000000000000000000000000000000000000000000000000000000000000000000000000000000000000000000000000000000000000000000000000000000000000000000000000
000010010001000000010000000000000110000010010100000100000100001100001010000010011100010000100000001001001000001000100000000000000001001010110000000010010000100100000000000101010000000111001000000000001001000000000010000000010110000000000000000000000000000000000000000000000000000000000000000000000000000000000000000000000000000000000000000000000000000000000000000000000000000000000000000000000000000000000000000000000000000000000000000000000000000000000000000000000
001000000111000000101001110001100000011001000101011000100001100000101010100000010101100000001000010000000000000000100001100000100000100001001000000100110000000010010010000000001000001000000010001001000000001001000100001000101000100010000000000000000000000000000000000000000000000000000000000000000000000000000000000000000000000000000000000000000000000000000000000000000000000000000000000000000000000000000000000000000000000000000000000000000000000000000000000000000
001100100010000010100000110001000010010000011111001100010000100000000011000100000101000101001011000010000000001100100100000000100000000100001000000000000000000000111010000000001000001000000000011010100000101001000000001001001000000000000000000000000000000000000000000000000000000000000000000000000000000000000000000000000000000000000000000000000000000000000000000000000000000000000000000000000000000000000000000000000000000000000000000000000000000000000000000000000
000100000011000000001010100001100011000000011001010100111001000000100011100100110001100101001011000001000011000101100111101000000100101100001000000000010000000010111010000000001000001001100000000010000000001010000100000000001001100010000000000000000000000000000000000000000000000000000000000000000000000000000000000000000000000000000000000000000000000000000000000000000000000000000000000000000000000000000000000000000000000000000000000000000000000000000000000000000
001100011101000010100000100001000110011001010100000000000001100000100010000100010001100000001001000110000001001001000101000000000100100000001000000100101000100000011010000000000000001001000010000011000000101000000100001000101001000010000000000000000000000000000000000000000000000000000000000000000000000000000000000000000000000000000000000000000000000000000000000000000000000000000000000000000000000000000000000000000000000000000000000000000000000000000000000000000
000100111100000010100100010001000101001001000111001100100001100000001011000100000000000001001011010010000000100000000110100000000001001001001000000100010000000000100000000000001000011001000000001011100000101001000100001010000100000010000000000000000000000000000000000000000000000000000000000000000000000000000000000000000000000000000000000000000000000000000000000000000000000000000000000000000000000000000000000000000000000000000000000000000000000000000000000000000
001000001100000010100011010001000111000001000000010000001000000000001011100000000000000101001001000010000000100000000010100000100100001000000000000101101000000000010010000000001000010001100000011000100000001001000100001010001001000010000000000000000000000000000000000000000000000000000000000000000000000000000000000000000000000000000000000000000000000000000000000000000000000000000000000000000000000000000000000000000000000000000000000000000000000000000000000000000
000000010001000000101010110001000000000000011101000000100001000000001011000000110001100000001000010001000011001101000100101000100101101101001000000100101000110010100000000000000000011001000000000001100000001011000000000011101001000010000000000000000000000000000000000000000000000000000000000000000000000000000000000000000000000000000000000000000000000000000000000000000000000000000000000000000000000000000000000000000000000000000000000000000000000000000000000000000
001100010111000010100110010000000001011000010111011100111001000000100001000000010001100101000010010110000011000001000010000000000101100001000000000001010000010000110000000000000000000001010010000011000000000011000100000010101000100000000000000000000000000000000000000000000000000000000000000000000000000000000000000000000000000000000000000000000000000000000000000000000000000000000000000000000000000000000000000000000000000000000000000000000000000000000000000000000
100000001000010101000100101100010100100001000110010011011000000010000001000010000100001110100010010000001000000000000000100101000000000010000100000010000001000100000110100101000000000110000000100000100000000111011110000110001000000000000000000000000000000000000000000000000000000000000000000000000000000000000000000000000000000000000000000000000000000000000000000000000000000000000000000000000000000000000000000000000000000000000000000000000000000000000000000000000
001001000000100110000100000000000000100001000010010010001000000000000000000000010100010110000010110000000000000000000001100011000001001011001010010011010001000000000110000101000000000110010000100000100001000001110010010000001000000000000000000000000000000000000000000000000000000000000000000000000000000000000000000000000000000000000000000000000000000000000000000000000000000000000000000000000000000000000000000000000000000000000000000000000000000000000000000000000
001100000001010010001000000010010100000000000110010000010000000000000000000010010100010000000000000100001000000010000001000011000001000010000000011001010000100010010010100000100000000010010000111000000001010000111100110100011011001000000000000000000000000000000000000000000000000000000000000000000000000000000000000000000000000000000000000000000000000000000000000000000000000000000000000000000000000000000000000000000000000000000000000000000000000000000000000000000
100100001001011001001000100110010000000001000000010010100000000010010001000010000000001100000000100100000000000011100010100001100101001000000000000010010001100110000110100100000000000110010010010000000001010110001100000000001010001010000000000000000000000000000000000000000000000000000000000000000000000000000000000000000000000000000000000000000000000000000000000000000000000000000000000000000000000000000000000000000000000000000000000000000000000000000000000000000
100110000001001101011100001010000100000000000100010001100000000010010000001010000100000100000010000000001100000011100000000011100000001001000100011011000001100110000110100000100000000000010010000000100000000010011100000010010000001000000000000000000000000000000000000000000000000000000000000000000000000000000000000000000000000000000000000000000000000000000000000000000000000000000000000000000000000000000000000000000000000000000000000000000000000000000000000000000
000100001001000111000100000000000000000001000110010000111000000010000001001000000100000100010000100100001000000011100010110111100101000011001010011001010001000000010000000000000000000000010000111000000000000110011100010110001001001010000000000000000000000000000000000000000000000000000000000000000000000000000000000000000000000000000000000000000000000000000000000000000000000000000000000000000000000000000000000000000000000000000000000000000000000000000000000000000
101111000001010000010000100100010100000001000000010000010000000000010001000010000100010100000010100100000000000011100011100001100100000010001110010000010000100110000100000000100000000000000010011000000000000110011110000100011001001010000000000000000000000000000000000000000000000000000000000000000000000000000000000000000000000000000000000000000000000000000000000000000000000000000000000000000000000000000000000000000000000000000000000000000000000000000000000000000
001001001000010100001000001100010100100000000000000010001000000000010001000010010000000110010000110000001100000011000000010111000100000000000100000001000001000100010100100101100000000000010000101000000000010000001000100000010010001000000000000000000000000000000000000000000000000000000000000000000000000000000000000000000000000000000000000000000000000000000000000000000000000000000000000000000000000000000000000000000000000000000000000000000000000000000000000000000
000001000010000011000010110011010101000001000011000000000010001000011000000011000011001011000110100000000110010000000001000100000000111100111000000000000011000000100000111000000000000000000000010001001000110000101000000000000111000110000000000000000000000000000000000000000000000000000000000000000000000000000000000000000000000000000000000000000000000000000000000000000000000000000000000000000000000000000000000000000000000000000000000000000000000000000000000000000
001100000000000010010000111000100001000010000000011000001000001100000100000011000010101111000110100001000000000000100001100100100000111100011000001000001000100000101010001000000110000000000000010010001000111000101001000000000101100010000000000000000000000000000000000000000000000000000000000000000000000000000000000000000000000000000000000000000000000000000000000000000000000000000000000000000000000000000000000000000000000000000000000000000000000000000000000000000
001100000010000011000000011011000001001000000011000011000010000000011100010001001011000000010010000000000100100000000001000100000000100110110000000000101010100100001010110001000110000010000010100011000000001000100001000000000110010000000000000000000000000000000000000000000000000000000000000000000000000000000000000000000000000000000000000000000000000000000000000000000000000000000000000000000000000000000000000000000000000000000000000000000000000000000000000000000
001000000000000011011000100011100000000011100000001111000000000000010100000011111110000000010000000000000000000000100000100000100000110100110000000001101011100001001000011000000100000010000100110001001010010000001001000000000000011110000000000000000000000000000000000000000000000000000000000000000000000000000000000000000000000000000000000000000000000000000000000000000000000000000000000000000000000000000000000000000000000000000000000000000000000000000000000000000
000001000000000001010010001010010000001010100000010110000010011100010000010010000010000111010110000001000010110000110001100000100000111110000000001000000000010100000000011001000010000010000110000011000010000000001000000000000101001100000000000000000000000000000000000000000000000000000000000000000000000000000000000000000000000000000000000000000000000000000000000000000000000000000000000000000000000000000000000000000000000000000000000000000000000000000000000000000
000001000000000000000010111001100010001000100011001001000010011100010000000000011111001011010000100001000010010001010001100100000000010000100000000001001011100101100010000001001100000010000100000000001000000000001000000000000111110100000000000000000000000000000000000000000000000000000000000000000000000000000000000000000000000000000000000000000000000000000000000000000000000000000000000000000000000000000000000000000000000000000000000000000000000000000000000000000
001001000000000010001000101001110000001011000000001010001010000000000100000001001111100101001110000000000000010001110001000000100000000100110000001000000010100000000000111000001010000010000100110001001010000000000000000000000101100000000000000000000000000000000000000000000000000000000000000000000000000000000000000000000000000000000000000000000000000000000000000000000000000000000000000000000000000000000000000000000000000000000000000000000000000000000000000000000
000100000010000001001000011000100001000001100001011111001010000100011000010010101011000001000000000001000010100000000001100000100000111000000000001001101011110000000010111000001000000000000000110011000000011000001000000000000111011110000000000000000000000000000000000000000000000000000000000000000000000000000000000000000000000000000000000000000000000000000000000000000000000000000000000000000000000000000000000000000000000000000000000000000000000000000000000000000
000101000000010011000000100000000011100001000100001000001010110000010101010000100100011000001000011000000000000000000011000100000100010000000001000101100010000000010001010010000000000000000101000100000010000000000000000000101010000010000000000000000000000000000000000000000000000000000000000000000000000000000000000000000000000000000000000000000000000000000000000000000000000000000000000000000000000000000000000000000000000000000000000000000000000000000000000000000
001101100000000011000000000100100010100101100000110001001010101010000001110000000101011000001000001000001000110000000000000100010100110010000101010110100000000000001001011010000010000010000010000000011110100000000000000010111011100000000000000000000000000000000000000000000000000000000000000000000000000000000000000000000000000000000000000000000000000000000000000000000000000000000000000000000000000000000000000000000000000000000000000000000000000000000000000000000
001100100000010010000010100000000001000101000000001001000000010000000100000000000001001000000000000000000101110000000010000000010000000110000001100101000010000010001000000110000010100010000001000000001000000000010000001000110010100010000000000000000000000000000000000000000000000000000000000000000000000000000000000000000000000000000000000000000000000000000000000000000000000000000000000000000000000000000000000000000000000000000000000000000000000000000000000000000
001011000100000000100000100001000011000100100100000011000000101000000101110000000001011000000000011000001101010000000010000000110000110110000010010010000000000010000100011110010010100000000011001000001000100000010000000000101011100000000000000000000000000000000000000000000000000000000000000000000000000000000000000000000000000000000000000000000000000000000000000000000000000000000000000000000000000000000000000000000000000000000000000000000000000000000000000000000
101010000100010100000000000101000000100001000000011010000000011000010000100000110100010000001000001000000101100100000001000100000000010010000001100100110010000000010001011010010010000010000100001100010110000000010000001000100000100010000000000000000000000000000000000000000000000000000000000000000000000000000000000000000000000000000000000000000000000000000000000000000000000000000000000000000000000000000000000000000000000000000000000000000000000000000000000000000
101010000000010010000000100100100010100000100100110011000010011010010001100000000000011000001000000000000101010100000011000000000100000000000000100101000000000010011100001110000010000000000111001000001110100000000000000010111010100010000000000000000000000000000000000000000000000000000000000000000000000000000000000000000000000000000000000000000000000000000000000000000000000000000000000000000000000000000000000000000000000000000000000000000000000000000000000000000
001110010100010001100010001000000000000000000000110011000010011010010101010000100101000000001000011000001000100000000001000100010000000010000011000010010010000010011101011010010000000000000111001100001000000000000000001010010010001010000000000000000000000000000000000000000000000000000000000000000000000000000000000000000000000000000000000000000000000000000000000000000000000000000000000000000000000000000000000000000000000000000000000000000000000000000000000000000
001100100000010011000010100101100000100100000100001010000000110000010100110000000101010000001000010000001100100101000001000100110000000110000001010010000010000010000100011010000010000010000000001000011010000000000000000000001000100010000000000000000000000000000000000000000000000000000000000000000000000000000000000000000000000000000000000000000000000000000000000000000000000000000000000000000000000000000000000000000000000000000000000000000000000000000000000000000
000100100100001000010000011101000001000000000001000000000000101000000100000001000010100000000011010000000100000100001000000011000010000000000000001001000000000000010011101000001100000000010001011010100111010100000101100010000100110010000000000000000000000000000000000000000000000000000000000000000000000000000000000000000000000000000000000000000000000000000000000000000000000000000000000000000000000000000000000000000000000000000000000000000000000000000000000000000
000110101100001000100000001000000000000000000000001100000001000000000000001000001000000000000001000000000010010000000000000000000000100001000000001101001000000000110011101000000000000001001000000100000011000110101101100000000100010000000000000000000000000000000000000000000000000000000000000000000000000000000000000000000000000000000000000000000000000000000000000000000000000000000000000000000000000000000000000000000000000000000000000000000000000000000000000000000
000100100000110001010000010101001001000000100000001100000001100010000000100101001000000000010011010000000010011000101000000000001001100001001000000000011001010000010001101000101100000000000001010110100010000100000000101110000100100010000000000000000000000000000000000000000000000000000000000000000000000000000000000000000000000000000000000000000000000000000000000000000000000000000000000000000000000000000000000000000000000000000000000000000000000000000000000000000
000000101100111000100000001001000000001000000001001000000010001000000100000100010000100000000001010000000100011100000000000010001010100000001000000001010001001000000010100000001100000000001001010010100010010100001100001110000000010010000000000000000000000000000000000000000000000000000000000000000000000000000000000000000000000000000000000000000000000000000000000000000000000000000000000000000000000000000000000000000000000000000000000000000000000000000000000000000
000010100000010000000000001101001001001000001001000000000011100010000100000101010000000000000010000000001110001000101000000000001001000001000000000001001000000000110011101001101010000001001001011000100100010010101100100010000100010000000000000000000000000000000000000000000000000000000000000000000000000000000000000000000000000000000000000000000000000000000000000000000000000000000000000000000000000000000000000000000000000000000000000000000000000000000000000000000
000110001000100000010000001100000000000000101001001100000001100010000000100000000000100000010011000100001110011000001000000011001011000000000000000100010001000000110000001001101010000001001001001110000000010100101001101100000000100000000000000000000000000000000000000000000000000000000000000000000000000000000000000000000000000000000000000000000000000000000000000000000000000000000000000000000000000000000000000000000000000000000000000000000000000000000000000000000
000110001100010000010000000000000001000000001001001000000001000000000000101100011000000000000001010100000100001100101000000001001000100001001000000101011000010000000000000001100010000000000001000000000000010100000001101000000100110010000000000000000000000000000000000000000000000000000000000000000000000000000000000000000000000000000000000000000000000000000000000000000000000000000000000000000000000000000000000000000000000000000000000000000000000000000000000000000
000100000100110001100000011101000001000000100001001100000000000010000100001100001000100000000011000100000000000000001000000000000011100000001000001000010000011000010011000001001110000000010001010000000011000000001001100000000100110000000000000000000000000000000000000000000000000000000000000000000000000000000000000000000000000000000000000000000000000000000000000000000000000000000000000000000000000000000000000000000000000000000000000000000000000000000000000000000
010000110000000100000001100100010100000000001110011000110000100001000001000100001100000001000000000011000001101000010000000000000000010000000001100100110010000000101000000010000100101001110100000000001010001010000101000110010000001000000000000000000000000000000000000000000000000000000000000000000000000000000000000000000000000000000000000000000000000000000000000000000000000000000000000000000000000000000000000000000000000000000000000000000000000000000000000000000
100001100000100100100000110100101000000000010100000000010010010000000001000010011110000000001100000000001010001000010010000100000011000101000000100100110010000000000000001000010000000000100101100001101110011001001110000100000101001000000000000000000000000000000000000000000000000000000000000000000000000000000000000000000000000000000000000000000000000000000000000000000000000000000000000000000000000000000000000000000000000000000000000000000000000000000000000000000
010000010000100000100001011000100110000000011010000000010000110001100000000000001010000001001100000000101000000000100010010000001000010001100000000100110000001000101000000000010000000000010100000011000100000001001110100100010100000000000000000000000000000000000000000000000000000000000000000000000000000000000000000000000000000000000000000000000000000000000000000000000000000000000000000000000000000000000000000000000000000000000000000000000000000000000000000000000
100000001000100000100100001100101000000000011000010000010010110100100000000110010000000000000100001000000000101000010010010000100001010100000000100000010010001000001000001000010000100001000101000000101100010001000101000100000000000000000000000000000000000000000000000000000000000000000000000000000000000000000000000000000000000000000000000000000000000000000000000000000000000000000000000000000000000000000000000000000000000000000000000000000000000000000000000000000
100000010000101000101100100100000110000000001100000000110010010000100001000010000000000100000100001011100001100000100010010100100000000101000001100100100000000000000010000000000000000000000101000010110010010011001111000010000000000000000000000000000000000000000000000000000000000000000000000000000000000000000000000000000000000000000000000000000000000000000000000000000000000000000000000000000000000000000000000000000000000000000000000000000000000000000000000000000
110001100000100000000100011100111010000000000001011000100010100001000000000000000010000001001100000001101000100000100010010000000011010000101000100100110010001000001000001010000100101001000101100010001000011011001111100010000000001000000000000000000000000000000000000000000000000000000000000000000000000000000000000000000000000000000000000000000000000000000000000000000000000000000000000000000000000000000000000000000000000000000000000000000000000000000000000000000
010000101000101000000100110000111010000001001001011000000010100001100001000000010110000000000100001000100001001000110000000100001011010101100000000000010000001000101000001000000000100000000001000010001110001001001001100110010101001000000000000000000000000000000000000000000000000000000000000000000000000000000000000000000000000000000000000000000000000000000000000000000000000000000000000000000000000000000000000000000000000000000000000000000000000000000000000000000
010001000000001000100100101000001110000001010111001000110010110001100000000010010000000000001000000011000010101000100010000000000010010000000000100100100000000000000010001000000100001000100101000000001000001001000011100010000101000000000000000000000000000000000000000000000000000000000000000000000000000000000000000000000000000000000000000000000000000000000000000000000000000000000000000000000000000000000000000000000000000000000000000000000000000000000000000000000
110000000111001010010011010000000000001000110010000000000010000001111000100100000000100110011100000011000011010000000000100000011000011000001110011000001110110100000101000001000100110000000111010000101001000000100010000000100000000000000000000000000000000000000000000000000000000000000000000000000000000000000000000000000000000000000000000000000000000000000000000000000000000000000000000000000000000000000000000000000000000000000000000000000000000000000000000000000
110000100011101010111011010000000000000010100010000001100110111000010000000100000000100100010100000001010011010000010000100000001000010000001000110000001000110010000000000001000010000101100100010000001000000010000100000100100001010100000000000000000000000000000000000000000000000000000000000000000000000000000000000000000000000000000000000000000000000000000000000000000000000000000000000000000000000000000000000000000000000000000000000000000000000000000000000000000
110000100111001000110001010000000000011100010011000010000010101001110010000000000000110100001100010001000011010000000000100000011000000000001010000000001010000010000000000000000011110100100001010000100010000100101010000100000001000000000000000000000000000000000000000000000000000000000000000000000000000000000000000000000000000000000000000000000000000000000000000000000000000000000000000000000000000000000000000000000000000000000000000000000000000000000000000000000
110000100010101010101000000000000000110110110001000001000000011001100010101000000000111100100100000001010001001100010000000000011000011000000000001000001000010010000100000000100001000000101100000000000010000010000000000000010001000000000000000000000000000000000000000000000000000000000000000000000000000000000000000000000000000000000000000000000000000000000000000000000000000000000000000000000000000000000000000000000000000000000000000000000000000000000000000000000
110000000100101000011011010000000000010010010000000011000110001001111000101110000000000110001100010010000010001100000010100000001000010000000110001000001100100000000000000001100101000000001101000000101000000010001000000000100000010100000000000000000000000000000000000000000000000000000000000000000000000000000000000000000000000000000000000000000000000000000000000000000000000000000000000000000000000000000000000000000000000000000000000000000000000000000000000000000
010000100001001000100001000000000000100100000011000001000100010001011010000100000000000110111100000001000000011000000010000000000000000000001110110100101100000000000001000000000010000101000011000000000011000010000010000000000000000000000000000000000000000000000000000000000000000000000000000000000000000000000000000000000000000000000000000000000000000000000000000000000000000000000000000000000000000000000000000000000000000000000000000000000000000000000000000000000
010000100111100000001010010000000000010100000000000000000010001000010000101110000000111110100100001001000000010100010000100000001000010000001100011100101000010010000000000000100101110100000000010000000000000000101100000100000000000100000000000000000000000000000000000000000000000000000000000000000000000000000000000000000000000000000000000000000000000000000000000000000000000000000000000000000000000000000000000000000000000000000000000000000000000000000000000000000
110000100000100010100001000000000000100110010000000010100100101000101000000000000000101110111100000010000011011000000000000000010000011000000110001100101010000010000100000000000111100001100100010000011001000010101000000100000001000100000000000000000000000000000000000000000000000000000000000000000000000000000000000000000000000000000000000000000000000000000000000000000000000000000000000000000000000000000000000000000000000000000000000000000000000000000000000000000
010000001100101010000011001010101000001010101001000000010011000000011100100100000111000110010000001000000010001000000110000001000000100100010000010000000000010001100000001100111010110111100000000011000100010101010000100100000110001000000000000000000000000000000000000000000000000000000000000000000000000000000000000000000000000000000000000000000000000000000000000000000000000000000000000000000000000000000000000000000000000000000000000000000000000000000000000000000
110000010100000000000000000100000000001110001101000001010011010000010100000010000101000010010100011000000010001000000110000101000000000100010100011000000000010100111000011110100000010000000010001001000000000100000000110000100100001000000000000000000000000000000000000000000000000000000000000000000000000000000000000000000000000000000000000000000000000000000000000000000000000000000000000000000000000000000000000000000000000000000000000000000000000000000000000000000
010000010100000010000011011110000010001110000001001001000001010000011000000110000011001000010000001000000000001100000110010111000000011100000001111000000001011101011000001100010000100111100010101011000000000100010000000001000101001000000000000000000000000000000000000000000000000000000000000000000000000000000000000000000000000000000000000000000000000000000000000000000000000000000000000000000000000000000000000000000000000000000000000000000000000000000000000000000
000000000100101010000000110100001000001000000100000001000011010000010100101110000110000010000000000010000110000100000000010100000000010100010101011000000000011101101000001100110000100101100010101001000000000000010000010001100101001000000000000000000000000000000000000000000000000000000000000000000000000000000000000000000000000000000000000000000000000000000000000000000000000000000000000000000000000000000000000000000000000000000000000000000000000000000000000000000
010000000100100100000010000110001010000000001101000001000011000000000100001100000011000000001100001000000100001110000000000011000000101100110000101000000001000001011001001000011000010101000000101010000000010000010000010100100000000000000000000000000000000000000000000000000000000000000000000000000000000000000000000000000000000000000000000000000000000000000000000000000000000000000000000000000000000000000000000000000000000000000000000000000000000000000000000000000
000000011100000110000000000010001000000110100000000001011001000000010100000110000110001010001000001000000010001100000010010101000000011000110001100000000000010001101000010110101010000000000000000001000100000100010000010101000010001000000000000000000000000000000000000000000000000000000000000000000000000000000000000000000000000000000000000000000000000000000000000000000000000000000000000000000000000000000000000000000000000000000000000000000000000000000000000000000
110000010000101000000000000110000000000100101001001001000000000000000000001110000100000100000000011000000010000000000000010111000001001100110101110000000000011001001001010011111010100011100010100010000100000001000000110000100000001000000000000000000000000000000000000000000000000000000000000000000000000000000000000000000000000000000000000000000000000000000000000000000000000000000000000000000000000000000000000000000000000000000000000000000000000000000000000000000
110000010100001010000010101001100010001110001100000001010000000000011000100000000110001010001000011010000000001000000000010001000000000000010100101000000000000000000000001000101010110101000000001001000000000100010000010101100101000000000000000000000000000000000000000000000000000000000000000000000000000000000000000000000000000000000000000000000000000000000000000000000000000000000000000000000000000000000000000000000000000000000000000000000000000000000000000000000
001100101000010010100000101100010001000011001100100011000001000110000001010001010000100000000001011100100001000110110100000000000000010001001000100010010111001001110000010001111000100001110000000010010001001010000010010000001100000000000000000000000000000000000000000000000000000000000000000000000000000000000000000000000000000000000000000000000000000000000000000000000000000000000000000000000000000000000000000000000000000000000000000000000000000000000000000000000
000100001000011110001000100010000000100011001101010010000001000110010001010001001010000000010000001110100010010100000010000000110001010001000000000010000010001011010000110100110100111110000000000000000000000010001111001000000100000000000000000000000000000000000000000000000000000000000000000000000000000000000000000000000000000000000000000000000000000000000000000000000000000000000000000000000000000000000000000000000000000000000000000000000000000000000000000000000
100001001000000100101000100010000000000000000101000000000000000110100010000000011010100000000000000100100010110110100110100000110001000000000000001010010011000001000000000100100100100111000000010010110000101010010010011000001000010000000000000000000000000000000000000000000000000000000000000000000000000000000000000000000000000000000000000000000000000000000000000000000000000000000000000000000000000000000000000000000000000000000000000000000000000000000000000000000
111101101000010010100000101100000001100010001000100001000001000100000010010000101000100000010000010110000011100001110100010100100101010001001000101000000100001001000000010001011000100101110001000010010001000011010111010000000100010000000000000000000000000000000000000000000000000000000000000000000000000000000000000000000000000000000000000000000000000000000000000000000000000000000000000000000000000000000000000000000000000000000000000000000000000000000000000000000
100111100001011010101001000110000000000001000001000011000000000110100001000001100000101011000000011000000000010100000000000000000000010001000000001000000111000000000000000101010100100010100001010010000001000011010100011000001100000000000000000000000000000000000000000000000000000000000000000000000000000000000000000000000000000000000000000000000000000000000000000000000000000000000000000000000000000000000000000000000000000000000000000000000000000000000000000000000
101001001001011100100010101100010000000010000101110000000000000000110011000000111000100011000000011110000011100010100110010000000100000000001000101000110100001011000000100100001100011100110001010000110000101001011111011000000100000000000000000000000000000000000000000000000000000000000000000000000000000000000000000000000000000000000000000000000000000000000000000000000000000000000000000000000000000000000000000000000000000000000000000000000000000000000000000000000
000001100001011010100000001010000000000011000101100010000000000000100010010001100000101001000001001100000011000100100100000000100100010000010000001010100100000010000000100101010100010001010001010000100000000000010011001000000000000000000000000000000000000000000000000000000000000000000000000000000000000000000000000000000000000000000000000000000000000000000000000000000000000000000000000000000000000000000000000000000000000000000000000000000000000000000000000000000
000101000001010010101010101000000000100001000000110000000000000010100000010000101000001011000001011100100001010000000110100100100001000000001000000010110001001011100000110000011100000001000000000000110001001000001100010000000000010000000000000000000000000000000000000000000000000000000000000000000000000000000000000000000000000000000000000000000000000000000000000000000000000000000000000000000000000000000000000000000000000000000000000000000000000000000000000000000
011100000110010001000000010001000110001000010100010100010000000001001000000101000001010000000001111001001000000000111001000000000100000000100000010011001100011000001000011000100011100000101001100000110000100110010100000000000010111010000000000000000000000000000000000000000000000000000000000000000000000000000000000000000000000000000000000000000000000000000000000000000000000000000000000000000000000000000000000000000000000000000000000000000000000000000000000000000
000100010100110001000011110001000110001100000001000000000010010001001000010001001010000001000000100100001000000000110001000100001000000001000111000110001100011000001001000000000000101000101011100100100010000011001100010000010010111010000000000000000000000000000000000000000000000000000000000000000000000000000000000000000000000000000000000000000000000000000000000000000000000000000000000000000000000000000000000000000000000000000000000000000000000000000000000000000
100000010010110001000000000000000000000100000000000001010010010000000000000001001000000001000001110101001000000000000001000000011100000001000001000101001000011000100001010000100010100000001001000001010000000100001000010000000010111000000000000000000000000000000000000000000000000000000000000000000000000000000000000000000000000000000000000000000000000000000000000000000000000000000000000000000000000000000000000000000000000000000000000000000000000000000000000000000
011100000000100001000000000001000000001100010101000001000000010001000000000001000011000000000001111001001000000000010001000100011100010001000101010000000000010000001000000000000010001000000000100100000010100111001000010000000001101010000000000000000000000000000000000000000000000000000000000000000000000000000000000000000000000000000000000000000000000000000000000000000000000000000000000000000000000000000000000000000000000000000000000000000000000000000000000000000
011000010000110000000000010001000100001100010001010000010000000001000000000000000001000000000000110101001000000000000001000000010000000000100100010000000100001000100000011000110010000000001000000101000010100111010000010000000010111010000000000000000000000000000000000000000000000000000000000000000000000000000000000000000000000000000000000000000000000000000000000000000000000000000000000000000000000000000000000000000000000000000000000000000000000000000000000000000
001100000110010001000011000001000000001000010000000001010000010000001000000000001000000001000000000000001000000100001001000100001100000001100110000101001100011000001001001000010000101000100010100101100000000101010100000000010011001000000000000000000000000000000000000000000000000000000000000000000000000000000000000000000000000000000000000000000000000000000000000000000000000000000000000000000000000000000000000000000000000000000000000000000000000000000000000000000
110000000000000000000001000000000100001000010001000100010000000000000000000000001001010000000000110000000000000000001001000000010000000000000001010011000000001000000000001000000010000000000010000001000000100011100000010000000011000000000000000000000000000000000000000000000000000000000000000000000000000000000000000000000000000000000000000000000000000000000000000000000000000000000000000000000000000000000000000000000000000000000000000000000000000000000000000000000
101100000110010000000001010001000000000000000000010100010000010000000000010001001000010000000001000001000000000000111001000000000000000000100110010111001100001000101000001000000001100000000000100001100000100110001100010000010001000010000000000000000000000000000000000000000000000000000000000000000000000000000000000000000000000000000000000000000000000000000000000000000000000000000000000000000000000000000000000000000000000000000000000000000000000000000000000000000
010010000000000100100100000001000000100001010001000001001001010011000000101000101001000100010100000000000100000011010010001000000000000100000110000000000101010110000010010000010100010111000110100001000100001000000101100001000010010100000000000000000000000000000000000000000000000000000000000000000000000000000000000000000000000000000000000000000000000000000000000000000000000000000000000000000000000000000000000000000000000000000000000000000000000000000000000000000
010010000000010110101101000100000000000000000101101001011101010011000000111000000001000000010000001000011010010001010000001010010000000000001010000000001100001100010011010000011000000011100010100001000000000001000000100000000110010100000000000000000000000000000000000000000000000000000000000000000000000000000000000000000000000000000000000000000000000000000000000000000000000000000000000000000000000000000000000000000000000000000000000000000000000000000000000000000
010000000000000110000111000101100000100001100110101001001101000001000100111000110001000100010101001000010000010000010000010010010000000000000000001000101100000110000001010000111001000000000100000001000101101001000000010000000010010100000000000000000000000000000000000000000000000000000000000000000000000000000000000000000000000000000000000000000000000000000000000000000000000000000000000000000000000000000000000000000000000000000000000000000000000000000000000000000
000010000000010010000011000100100000100001010001111000011000010010000000101010000000000100010001001000010000000000000100010100000100000100001001000000100000000010010000010000100010000111100110000000000000001000000100100001000100010000000000000000000000000000000000000000000000000000000000000000000000000000000000000000000000000000000000000000000000000000000000000000000000000000000000000000000000000000000000000000000000000000000000000000000000000000000000000000000
000010000000010100100101000101000000100000110111111000010001010011000100100000100001000000000001001000000000100000010010010000000100000100000011001000100100000000010010000010000110010011000000101000000100000001000001110000000110010100000000000000000000000000000000000000000000000000000000000000000000000000000000000000000000000000000000000000000000000000000000000000000000000000000000000000000000000000000000000000000000000000000000000000000000000000000000000000000
000000000010000100100010000101100000100000010011001000001001010000000000010010101000000000000001000100011000110000110000011010010100000000001000000000101001000110010000010010100100010001000110001000000101100000000000010001000000010100000000000000000000000000000000000000000000000000000000000000000000000000000000000000000000000000000000000000000000000000000000000000000000000000000000000000000000000000000000000000000000000000000000000000000000000000000000000000000
000000000000010010001011000100000000000001100011110000011001010000000000011000011001000000000101001100010000000011100110001010000000000000001110000000100000001000000001000000001011010111000010000001000101001001000000000001000010010000000000000000000000000000000000000000000000000000000000000000000000000000000000000000000000000000000000000000000000000000000000000000000000000000000000000000000000000000000000000000000000000000000000000000000000000000000000000000000
010000000000010010001011000100000000100000110001110001010001000011000000000000011000000100000101001000010100000010000100010110010000000000001010001000101001000010010001010010100100000000100100101000000001001000000101010001000000010100000000000000000000000000000000000000000000000000000000000000000000000000000000000000000000000000000000000000000000000000000000000000000000000000000000000000000000000000000000000000000000000000000000000000000000000000000000000000000
000010000110000001000101000101000000010000010001000100010000101011000001001000101001000000000001110000010000010100110110100010111110000000001100000100000000000000001001100000000000000100000000010000011000000100000000001000010000010010000000000000000000000000000000000000000000000000000000000000000000000000000000000000000000000000000000000000000000000000000000000000000000000000000000000000000000000000000000000000000000000000000000000000000000000000000000000000000
000000000010100001100100001001000000010001000010000010000000011110000001101000100000000000001000000000000000000100001100100000001100000010011000000100110000000000001100000000101100100010000000000100001000000101010100000100010010000110000000000000000000000000000000000000000000000000000000000000000000000000000000000000000000000000000000000000000000000000000000000000000000000000000000000000000000000000000000000000000000000000000000000000000000000000000000000000000
000000000101100001011000001100000000000010000001000010010000001101001001001000101001000000000000100000010000000110000100100000011110000000010100000000100000000000001000100000101100110110000000000100011000100100000101001100010111000110000000000000000000000000000000000000000000000000000000000000000000000000000000000000000000000000000000000000000000000000000000000000000000000000000000000000000000000000000000000000000000000000000000000000000000000000000000000000000
000010000111100000010100001111000000010000010000000000110000000010000000001000100000000000000001110000010000000101101010100000000100000000010000000000100000000000001000100000101110110110001000010000000000010100010000000000010001000100000000000000000000000000000000000000000000000000000000000000000000000000000000000000000000000000000000000000000000000000000000000000000000000000000000000000000000000000000000000000000000000000000000000000000000000000000000000000000
000000000101000001001100000101000000000001000010000000010000100001001001001000101010000000001001110000000000010111001000100000010110000010001000000100110000000000001000000000001010000010000000010000001000010100000101001100000111010110000000000000000000000000000000000000000000000000000000000000000000000000000000000000000000000000000000000000000000000000000000000000000000000000000000000000000000000000000000000000000000000000000000000000000000000000000000000000000
000000000100100000011101001010000000000001000010000110000000001100000000101000001010000000001000010000000000010101111110000000110010000010011100000100100000000000000001000000001010110100000000100100001000110100010101001100010000010010000000000000000000000000000000000000000000000000000000000000000000000000000000000000000000000000000000000000000000000000000000000000000000000000000000000000000000000000000000000000000000000000000000000000000000000000000000000000000
000000000111100000010001000010000000010001000011000010100000001000000001101000100010000000001001000000000000010110000100000000100100000010010000000000000000000000001000000000000110100110001000100101000000010000010001000100000101000100000000000000000000000000000000000000000000000000000000000000000000000000000000000000000000000000000000000000000000000000000000000000000000000000000000000000000000000000000000000000000000000000000000000000000000000000000000000000000
000000000101000000100100001001000000000000010000100010010000110100000001101000000000000000001001110000000000010010011010100000111110000010010100000100100000000000000101100000000010010000001000010101000000100101000101001000000101000010000000000000000000000000000000000000000000000000000000000000000000000000000000000000000000000000000000000000000000000000000000000000000000000000000000000000000000000000000000000000000000000000000000000000000000000000000000000000000
001000000111001100000000000000000000000000000100100000100110000100000001000100000100011101011011000000010101010100000101110100001101010010100000011000000010000001000000010000000000000000011000110110000000100000001000001101000010000110000000000000000000000000000000000000000000000000000000000000000000000000000000000000000000000000000000000000000000000000000000000000000000000000000000000000000000000000000000000000000000000000000000000000000000000000000000000000000
110100001110010001000001000010010100100001000000100001100100000000000101000000000001011000000000000010000000001010000101010100100010010011010100011001000000000101000100000000011100000000111000000111110000100000001000001100000000000110000000000000000000000000000000000000000000000000000000000000000000000000000000000000000000000000000000000000000000000000000000000000000000000000000000000000000000000000000000000000000000000000000000000000000000000000000000000000000
110100001011011101100000000011000000100000000000100000001000000000000001000000000001010100001001000000010101000110000001110100000110100011010100011001000011010101010001010000000100000000111000000100010000001000000000000100000000000010000000000000000000000000000000000000000000000000000000000000000000000000000000000000000000000000000000000000000000000000000000000000000000000000000000000000000000000000000000000000000000000000000000000000000000000000000000000000000
101100001001010001000001001000010000100001000100100001100000000000000000000000000001010011011000000010011101000000001100010100000011110000110000011001000010000101000000000010000000010100101000000110100000101000000000011100000000000110000000000000000000000000000000000000000000000000000000000000000000000000000000000000000000000000000000000000000000000000000000000000000000000000000000000000000000000000000000000000000000000000000000000000000000000000000000000000000
101100001100000001000001000000010100000001000100000000100110000000000100000001000001011001000011001010011000101010000000000100100101100010010100011000000001010100000101010010000000010100001100000101100000100000000000011101000000000000000000000000000000000000000000000000000000000000000000000000000000000000000000000000000000000000000000000000000000000000000000000000000000000000000000000000000000000000000000000000000000000000000000000000000000000000000000000000000
000100001100000100000000000000010010000000000000100001000110000100000101000001000001011111001000000000000000111000000001010100000111110001100000010001000011000001010000010000011000010000000100110010110000100000000000000101000000000100000000000000000000000000000000000000000000000000000000000000000000000000000000000000000000000000000000000000000000000000000000000000000000000000000000000000000000000000000000000000000000000000000000000000000000000000000000000000000
010000001101000100100001001001010010100000000000100001000000000100000001000001000101011101001010001010011101010000001101100000001000100000000000011000000011000001010100000010001000010000100000110010100000100000000000010001100010000100000000000000000000000000000000000000000000000000000000000000000000000000000000000000000000000000000000000000000000000000000000000000000000000000000000000000000000000000000000000000000000000000000000000000000000000000000000000000000
101000001111000001000000001011010010100001000000100001000010000000000001000000000000001001011011001000011101101100000100010100000110110010010000011001000011010101000100000010010100000100010100100110110000100000000000000000100000000100000000000000000000000000000000000000000000000000000000000000000000000000000000000000000000000000000000000000000000000000000000000000000000000000000000000000000000000000000000000000000000000000000000000000000000000000000000000000000
101010100011000010011000101001011011110000000101111100101010011111110011010011111111001001110010010001111011010011100101101101111111101111101110111010011100000111101000101010000111000010011010111101011000101110010110100011001111100000000000000000000000000000000000000000000000000000000000000000000000000000000000000000000000000000000000000000000000000000000000000000000000000000000000000000000000000000000000000000000000000000000000000000000000000000000000000000000
001110011010110111100010100111111000111101111010000111010011001010010011111010001011000111010000010111010111100010001001011110011111111000001011110000000110001000100011101110011011110010100010111010011011101010010100100000101101100100000000000000000000000000000000000000000000000000000000000000000000000000000000000000000000000000000000000000000000000000000000000000000000000000000000000000000000000000000000000000000000000000000000000000000000000000000000000000000
010010101110000100100100000000000010110010011110011100010110011010011111000101000000000011001010010111000011000011101001111001100000111000101011010000100000110100110010010001001110110101000100000000010011101101010100101110100101010100000000000000000000000000000000000000000000000000000000000000000000000000000000000000000000000000000000000000000000000000000000000000000000000000000000000000000000000000000000000000000000000000000000000000000000000000000000000000000
101101110111001110000000001111001011110000000110100010010101101010110101101011101010111110100100000100111101010111001010000011000000000110101100101001110111110011100101011011100001101111010110101111000010011110110000110000111000010100000000000000000000000000000000000000000000000000000000000000000000000000000000000000000000000000000000000000000000000000000000000000000000000000000000000000000000000000000000000000000000000000000000000000000000000000000000000000000
111111111111111111111111111111111111111111111111111111111111111111111111111111111111111111111111111111111111111111111111111111111111111111111111111111111111111111111111111111111111111111111111111111111111111111111111111111111111111110000000000000000000000000000000000000000000000000000000000000000000000000000000000000000000000000000000000000000000000000000000000000000000000000000000000000000000000000000000000000000000000000000000000000000000000000000000000000000
